Age,Attrition,BusinessTravel,DailyRate,Department,DistanceFromHome,Education,EducationField,EmployeeCount,EmployeeNumber,Application ID,EnvironmentSatisfaction,Gender,HourlyRate,JobInvolvement,JobLevel,JobRole,JobSatisfaction,MaritalStatus,MonthlyIncome,MonthlyRate,NumCompaniesWorked,Over18,OverTime,PercentSalaryHike,PerformanceRating,RelationshipSatisfaction,StandardHours,StockOptionLevel,TotalWorkingYears,TrainingTimesLastYear,WorkLifeBalance,YearsAtCompany,YearsInCurrentRole,YearsSinceLastPromotion,YearsWithCurrManager,Employee Source
29,Current employee,Travel_Rarely,592,Research & Development,7,3,Marketing,1,21467,144922,4,Male,30,3,1,Laboratory Technician,1,Single,2062,19384,1,Y,No,14,3,2,80,0,11,2,3,3,2,1,2,Company Website
29,Current employee,Travel_Rarely,592,Research & Development,7,3,Life Sciences,1,21468,144923,4,Male,30,3,1,Laboratory Technician,1,Single,2062,19384,3,Y,No,14,3,2,80,0,11,2,3,3,2,1,2,Company Website
29,Current employee,Travel_Rarely,592,Research & Development,7,3,Marketing,1,21469,144924,4,Male,30,3,1,Laboratory Technician,1,Single,2062,19384,1,Y,No,14,3,2,80,0,11,2,3,3,2,1,2,Company Website
29,Current employee,Travel_Rarely,592,Research & Development,7,3,Life Sciences,1,21472,144927,4,Male,30,3,1,Laboratory Technician,1,Single,2062,19384,3,Y,No,14,3,2,80,0,11,2,3,3,2,1,2,Company Website
29,Current employee,Travel_Rarely,592,Research & Development,7,3,Marketing,1,21475,144930,4,Male,30,3,1,Laboratory Technician,1,Single,2062,19384,1,Y,No,14,3,2,80,0,11,2,3,3,2,1,2,Company Website
29,Current employee,Travel_Rarely,592,Research & Development,7,3,Life Sciences,1,21476,144931,4,Male,30,3,1,Laboratory Technician,1,Single,2062,19384,3,Y,No,14,3,2,80,0,11,2,3,3,2,1,2,Company Website
29,Current employee,Travel_Rarely,592,Research & Development,7,3,Marketing,1,21477,144932,4,Male,30,3,1,Laboratory Technician,1,Single,2062,19384,1,Y,No,14,3,2,80,0,11,2,3,3,2,1,2,Company Website
29,Current employee,Non-Travel,1496,Research & Development,1,1,Technical Degree,1,21545,145000,4,Male,96,3,4,Manager,1,Divorced,16823,18991,2,Y,No,11,3,1,80,1,22,3,3,19,7,11,16,LinkedIn
29,Current employee,Non-Travel,1496,Research & Development,1,1,Life Sciences,1,21547,145002,4,Male,96,3,4,Manager,1,Divorced,16823,18991,1,Y,No,11,3,1,80,1,22,3,3,19,7,11,16,LinkedIn
29,Current employee,Non-Travel,1496,Research & Development,1,1,Technical Degree,1,21548,145003,4,Male,96,3,4,Manager,1,Divorced,16823,18991,2,Y,No,11,3,1,80,1,22,3,3,19,7,11,16,LinkedIn
29,Current employee,Non-Travel,1496,Research & Development,1,1,Life Sciences,1,21549,145004,4,Male,96,3,4,Manager,1,Divorced,16823,18991,1,Y,No,11,3,1,80,1,22,3,3,19,7,11,16,LinkedIn
29,Current employee,Non-Travel,1496,Research & Development,1,1,Technical Degree,1,21553,145008,4,Male,96,3,4,Manager,1,Divorced,16823,18991,2,Y,No,11,3,1,80,1,22,3,3,19,7,11,16,LinkedIn
29,Current employee,Non-Travel,1496,Research & Development,1,1,Life Sciences,1,21555,145010,4,Male,96,3,4,Manager,1,Divorced,16823,18991,1,Y,No,11,3,1,80,1,22,3,3,19,7,11,16,LinkedIn
29,Current employee,Non-Travel,1496,Research & Development,1,1,Technical Degree,1,21556,145011,4,Male,96,3,4,Manager,1,Divorced,16823,18991,2,Y,No,11,3,1,80,1,22,3,3,19,7,11,16,LinkedIn
29,Current employee,Non-Travel,1496,Research & Development,1,1,Life Sciences,1,21557,145012,4,Male,96,3,4,Manager,1,Divorced,16823,18991,1,Y,No,11,3,1,80,1,22,3,3,19,7,11,16,LinkedIn
29,Current employee,Travel_Rarely,232,Research & Development,19,3,Technical Degree,1,22070,145525,4,Male,97,3,2,Sales Executive,1,Married,5561,15975,0,Y,No,16,3,4,80,1,6,2,1,5,3,0,4,Seek
29,Current employee,Travel_Rarely,232,Research & Development,19,3,Medical,1,22072,145527,4,Male,97,3,2,Sales Executive,1,Married,5561,15975,7,Y,No,16,3,4,80,1,6,2,1,5,3,0,4,Seek
29,Current employee,Travel_Rarely,232,Research & Development,19,3,Technical Degree,1,22073,145528,4,Male,97,3,2,Sales Executive,1,Married,5561,15975,0,Y,No,16,3,4,80,1,6,2,1,5,3,0,4,Seek
29,Current employee,Travel_Rarely,232,Research & Development,19,3,Medical,1,22074,145529,4,Male,97,3,2,Sales Executive,1,Married,5561,15975,7,Y,No,16,3,4,80,1,6,2,1,5,3,0,4,Seek
29,Current employee,Travel_Rarely,232,Research & Development,19,3,Technical Degree,1,22078,145533,4,Male,97,3,2,Sales Executive,1,Married,5561,15975,0,Y,No,16,3,4,80,1,6,2,1,5,3,0,4,Seek
29,Current employee,Travel_Rarely,232,Research & Development,19,3,Medical,1,22080,145535,4,Male,97,3,2,Sales Executive,1,Married,5561,15975,7,Y,No,16,3,4,80,1,6,2,1,5,3,0,4,Seek
29,Current employee,Travel_Rarely,232,Research & Development,19,3,Technical Degree,1,22081,145536,4,Male,97,3,2,Sales Executive,1,Married,5561,15975,0,Y,No,16,3,4,80,1,6,2,1,5,3,0,4,Seek
29,Current employee,Travel_Rarely,232,Research & Development,19,3,Medical,1,22082,145537,4,Male,97,3,2,Sales Executive,1,Married,5561,15975,7,Y,No,16,3,4,80,1,6,2,1,5,3,0,4,Seek
29,Current employee,Travel_Rarely,136,Research & Development,1,3,Life Sciences,1,22181,145636,1,Male,32,3,2,Healthcare Representative,1,Married,5373,6225,0,Y,No,12,3,1,80,1,6,5,2,5,3,0,2,Company Website
29,Current employee,Travel_Rarely,136,Research & Development,1,3,Life Sciences,1,22183,145638,1,Male,32,3,2,Healthcare Representative,1,Married,5373,6225,0,Y,No,12,3,1,80,1,6,5,2,5,3,0,2,Company Website
29,Current employee,Travel_Rarely,136,Research & Development,1,3,Life Sciences,1,22185,145640,1,Male,32,3,2,Healthcare Representative,1,Married,5373,6225,0,Y,No,12,3,1,80,1,6,5,2,5,3,0,2,Company Website
29,Current employee,Travel_Rarely,136,Research & Development,1,3,Life Sciences,1,22186,145641,1,Male,32,3,2,Healthcare Representative,1,Married,5373,6225,0,Y,No,12,3,1,80,1,6,5,2,5,3,0,2,Company Website
29,Current employee,Travel_Rarely,136,Research & Development,1,3,Life Sciences,1,22189,145644,1,Male,32,3,2,Healthcare Representative,1,Married,5373,6225,0,Y,No,12,3,1,80,1,6,5,2,5,3,0,2,Company Website
29,Current employee,Travel_Rarely,136,Research & Development,1,3,Life Sciences,1,22191,145646,1,Male,32,3,2,Healthcare Representative,1,Married,5373,6225,0,Y,No,12,3,1,80,1,6,5,2,5,3,0,2,Company Website
29,Current employee,Travel_Rarely,136,Research & Development,1,3,Life Sciences,1,22193,145648,1,Male,32,3,2,Healthcare Representative,1,Married,5373,6225,0,Y,No,12,3,1,80,1,6,5,2,5,3,0,2,Company Website
29,Current employee,Travel_Rarely,136,Research & Development,1,3,Life Sciences,1,22194,145649,1,Male,32,3,2,Healthcare Representative,1,Married,5373,6225,0,Y,No,12,3,1,80,1,6,5,2,5,3,0,2,Company Website
29,Current employee,Travel_Frequently,1404,Sales,20,3,Technical Degree,1,22326,145781,4,Male,98,3,3,Sales Executive,1,Single,10448,5843,6,Y,Yes,13,3,2,80,0,15,2,2,2,2,2,2,Company Website
29,Current employee,Travel_Frequently,1404,Sales,20,3,Other,1,22327,145782,4,Male,98,3,3,Sales Executive,1,Single,10448,5843,7,Y,Yes,13,3,2,80,0,15,2,2,2,2,2,2,Company Website
29,Current employee,Travel_Frequently,1404,Sales,20,3,Technical Degree,1,22329,145784,4,Male,98,3,3,Sales Executive,1,Single,10448,5843,6,Y,Yes,13,3,2,80,0,15,2,2,2,2,2,2,Company Website
29,Current employee,Travel_Frequently,1404,Sales,20,3,Other,1,22330,145785,4,Male,98,3,3,Sales Executive,1,Single,10448,5843,7,Y,Yes,13,3,2,80,0,15,2,2,2,2,2,2,Company Website
29,Current employee,Travel_Frequently,1404,Sales,20,3,Technical Degree,1,22334,145789,4,Male,98,3,3,Sales Executive,1,Single,10448,5843,6,Y,Yes,13,3,2,80,0,15,2,2,2,2,2,2,Company Website
29,Current employee,Travel_Frequently,1404,Sales,20,3,Other,1,22335,145790,4,Male,98,3,3,Sales Executive,1,Single,10448,5843,7,Y,Yes,13,3,2,80,0,15,2,2,2,2,2,2,Company Website
29,Current employee,Travel_Frequently,1404,Sales,20,3,Technical Degree,1,22337,145792,4,Male,98,3,3,Sales Executive,1,Single,10448,5843,6,Y,Yes,13,3,2,80,0,15,2,2,2,2,2,2,Company Website
29,Current employee,Travel_Frequently,1404,Sales,20,3,Other,1,22338,145793,4,Male,98,3,3,Sales Executive,1,Single,10448,5843,7,Y,Yes,13,3,2,80,0,15,2,2,2,2,2,2,Company Website
29,Current employee,Travel_Rarely,590,Research & Development,4,3,Technical Degree,1,23221,146676,4,Male,100,3,2,Sales Executive,3,Divorced,6728,14255,7,Y,No,12,3,4,80,2,12,3,3,6,3,0,1,Adzuna
29,Current employee,Travel_Rarely,590,Research & Development,4,3,Life Sciences,1,23223,146678,4,Male,100,3,2,Sales Executive,3,Divorced,6728,14255,5,Y,No,12,3,4,80,2,12,3,3,6,3,0,1,Adzuna
29,Current employee,Travel_Rarely,590,Research & Development,4,3,Technical Degree,1,23224,146679,4,Male,100,3,2,Sales Executive,3,Divorced,6728,14255,7,Y,No,12,3,4,80,2,12,3,3,6,3,0,1,Adzuna
29,Current employee,Travel_Rarely,590,Research & Development,4,3,Life Sciences,1,23225,?????,4,Male,100,3,2,Sales Executive,3,Divorced,6728,14255,5,Y,No,12,3,4,80,2,12,3,3,6,3,0,1,Adzuna
29,Current employee,Travel_Rarely,590,Research & Development,4,3,Technical Degree,1,23229,146684,4,Male,100,3,2,Sales Executive,3,Divorced,6728,14255,7,Y,No,12,3,4,80,2,12,3,3,6,3,0,1,Adzuna
29,Current employee,Travel_Rarely,590,Research & Development,4,3,Life Sciences,1,23231,146686,4,Male,100,3,2,Sales Executive,3,Divorced,6728,14255,5,Y,No,12,3,4,80,2,12,3,3,6,3,0,1,Adzuna
29,Current employee,Travel_Rarely,590,Research & Development,4,3,Technical Degree,1,23232,146687,4,Male,100,3,2,Sales Executive,3,Divorced,6728,14255,7,Y,No,12,3,4,80,2,12,3,3,6,3,0,1,Adzuna
29,Current employee,Travel_Rarely,590,Research & Development,4,3,Life Sciences,1,23233,146688,4,Male,100,3,2,Sales Executive,3,Divorced,6728,14255,5,Y,No,12,3,4,80,2,12,3,3,6,3,0,1,Adzuna
29,Current employee,Travel_Rarely,1378,Research & Development,13,2,Other,1,23332,146787,4,Male,36,2,2,Laboratory Technician,2,Married,4025,23679,4,Y,Yes,13,4,1,80,1,10,2,3,4,3,0,3,Referral
29,Current employee,Travel_Rarely,1378,Research & Development,13,2,Medical,1,23335,146790,4,Male,36,2,2,Laboratory Technician,2,Married,4025,23679,1,Y,Yes,13,4,1,80,1,10,2,3,4,3,0,3,Referral
29,Current employee,Travel_Rarely,1378,Research & Development,13,2,Other,1,23336,146791,4,Male,36,2,2,Laboratory Technician,2,Married,4025,23679,4,Y,Yes,13,3,1,80,1,10,2,3,4,3,0,3,Referral
29,Current employee,Travel_Rarely,1378,Research & Development,13,2,Medical,1,23337,146792,4,Male,36,2,2,Laboratory Technician,2,Married,4025,23679,1,Y,Yes,13,3,1,80,1,10,2,3,4,3,0,3,Referral
29,Current employee,Travel_Rarely,1378,Research & Development,13,2,Other,1,23340,146795,4,Male,36,2,2,Laboratory Technician,2,Married,4025,23679,4,Y,Yes,13,4,1,80,1,10,2,3,4,3,0,3,Referral
29,Current employee,Travel_Rarely,1378,Research & Development,13,2,Medical,1,23343,146798,4,Male,36,2,2,Laboratory Technician,2,Married,4025,23679,1,Y,Yes,13,4,1,80,1,10,2,3,4,3,0,3,Referral
29,Current employee,Travel_Rarely,1378,Research & Development,13,2,Other,1,23344,146799,4,Male,36,2,2,Laboratory Technician,2,Married,4025,23679,4,Y,Yes,13,3,1,80,1,10,2,3,4,3,0,3,Referral
29,Current employee,Travel_Rarely,1378,Research & Development,13,2,Medical,1,23345,146800,4,Male,36,2,2,Laboratory Technician,2,Married,4025,23679,1,Y,Yes,13,3,1,80,1,10,2,3,4,3,0,3,Referral
29,Current employee,Travel_Rarely,468,Research & Development,28,4,Medical,1,23348,146803,4,Female,36,2,1,Research Scientist,1,Single,3785,8489,1,Y,No,14,3,2,80,0,5,3,1,5,4,0,4,Jora
29,Current employee,Travel_Rarely,468,Research & Development,28,4,Technical Degree,1,23351,146806,4,Female,36,2,1,Research Scientist,1,Single,3785,8489,4,Y,No,14,3,2,80,0,5,3,1,5,4,0,4,Jora
29,Current employee,Travel_Rarely,468,Research & Development,28,4,Medical,1,23352,146807,4,Female,36,2,1,Research Scientist,1,Single,3785,8489,1,Y,No,14,3,2,80,0,5,3,1,5,4,0,4,Jora
29,Current employee,Travel_Rarely,468,Research & Development,28,4,Technical Degree,1,23353,146808,4,Female,36,2,1,Research Scientist,1,Single,3785,8489,4,Y,No,14,3,2,80,0,5,3,1,5,4,0,4,Jora
29,Current employee,Travel_Rarely,468,Research & Development,28,4,Medical,1,23356,146811,4,Female,36,2,1,Research Scientist,1,Single,3785,8489,1,Y,No,14,3,2,80,0,5,3,1,5,4,0,4,Jora
29,Current employee,Travel_Rarely,468,Research & Development,28,4,Technical Degree,1,23359,146814,4,Female,36,2,1,Research Scientist,1,Single,3785,8489,4,Y,No,14,3,2,80,0,5,3,1,5,4,0,4,Jora
29,Current employee,Travel_Rarely,468,Research & Development,28,4,Medical,1,23360,146815,4,Female,36,2,1,Research Scientist,1,Single,3785,8489,1,Y,No,14,3,2,80,0,5,3,1,5,4,0,4,Jora
29,Current employee,Travel_Rarely,468,Research & Development,28,4,Technical Degree,1,23361,146816,4,Female,36,2,1,Research Scientist,1,Single,3785,8489,4,Y,No,14,3,2,80,0,5,3,1,5,4,0,4,Jora
27,Voluntary Resignation,Travel_Frequently,1337,Human Resources,22,3,Human Resources,1,508,123963,1,Male,39,3,1,Research Scientist,1,Single,2960,17102,2,Y,No,11,3,3,80,0,8,2,3,4,2,1,3,Company Website
27,Voluntary Resignation,Travel_Frequently,1337,Human Resources,22,3,Other,1,510,123965,1,Male,39,3,1,Research Scientist,1,Single,2960,17102,4,Y,No,11,3,3,80,0,8,2,3,4,2,1,3,Company Website
27,Voluntary Resignation,Travel_Frequently,1337,Human Resources,22,3,Human Resources,1,511,123966,1,Male,39,3,1,Research Scientist,1,Single,2960,17102,2,Y,No,11,3,3,80,0,8,2,3,4,2,1,3,Jora
27,Voluntary Resignation,Travel_Frequently,1337,Human Resources,22,3,Other,1,512,123967,1,Male,39,3,1,Research Scientist,1,Single,2960,17102,4,Y,No,11,3,3,80,0,8,2,3,4,2,1,3,Indeed
27,Voluntary Resignation,Travel_Frequently,1337,Human Resources,22,3,Human Resources,1,518,123973,1,Male,39,3,1,Research Scientist,1,Single,2960,17102,2,Y,No,11,3,3,80,0,8,2,3,4,2,1,3,Company Website
27,Voluntary Resignation,Travel_Frequently,1337,Human Resources,22,3,Other,1,520,123975,1,Male,39,3,1,Research Scientist,1,Single,2960,17102,4,Y,No,11,3,3,80,0,8,2,3,4,2,1,3,Company Website
27,Voluntary Resignation,Travel_Frequently,1337,Human Resources,22,3,Human Resources,1,521,123976,1,Male,39,3,1,Research Scientist,1,Single,2960,17102,2,Y,No,11,3,3,80,0,8,2,3,4,2,1,3,Jora
27,Voluntary Resignation,Travel_Frequently,1337,Human Resources,22,3,Other,1,522,123977,1,Male,39,3,1,Research Scientist,1,Single,2960,17102,4,Y,No,11,3,3,80,0,8,2,3,4,2,1,3,Indeed
27,Voluntary Resignation,Travel_Rarely,135,Research & Development,17,4,Life Sciences,1,7121,130576,2,Male,57,2,1,Laboratory Technician,3,Single,3894,9129,5,Y,No,16,3,3,80,0,4,3,3,2,2,1,2,Jora
27,Voluntary Resignation,Travel_Rarely,135,Research & Development,17,4,Medical,1,7123,130578,2,Male,57,2,1,Laboratory Technician,3,Single,3894,9129,1,Y,No,16,4,3,80,0,4,3,3,2,2,1,2,Jora
27,Voluntary Resignation,Travel_Rarely,135,Research & Development,17,4,Life Sciences,1,7126,130581,2,Male,57,2,1,Laboratory Technician,3,Single,3894,9129,5,Y,No,16,3,3,80,0,4,3,3,2,2,1,2,Recruit.net
27,Voluntary Resignation,Travel_Rarely,135,Research & Development,17,4,Medical,1,7127,130582,2,Male,57,2,1,Laboratory Technician,3,Single,3894,9129,1,Y,No,16,3,3,80,0,4,3,3,2,2,1,2,Jora
27,Voluntary Resignation,Travel_Rarely,135,Research & Development,17,4,Life Sciences,1,7129,130584,2,Male,57,2,1,Laboratory Technician,3,Single,3894,9129,5,Y,No,16,3,3,80,0,4,3,3,2,2,1,2,Jora
27,Voluntary Resignation,Travel_Rarely,135,Research & Development,17,4,Medical,1,7131,130586,2,Male,57,2,1,Laboratory Technician,3,Single,3894,9129,1,Y,No,16,4,3,80,0,4,3,3,2,2,1,2,Jora
27,Voluntary Resignation,Travel_Rarely,135,Research & Development,17,4,Life Sciences,1,7134,130589,2,Male,57,2,1,Laboratory Technician,3,Single,3894,9129,5,Y,No,16,3,3,80,0,4,3,3,2,2,1,2,Recruit.net
27,Voluntary Resignation,Travel_Rarely,135,Research & Development,17,4,Medical,1,7135,130590,2,Male,57,2,1,Laboratory Technician,3,Single,3894,9129,1,Y,No,16,3,3,80,0,4,3,3,2,2,1,2,Jora
27,Voluntary Resignation,Travel_Rarely,1420,Sales,2,1,Marketing,1,7927,131382,3,Male,85,3,1,Sales Representative,1,Divorced,3041,16346,0,Y,No,11,4,2,80,1,5,3,3,4,3,0,2,Company Website
27,Voluntary Resignation,Travel_Rarely,1420,Sales,2,1,Life Sciences,1,7929,131384,3,Male,85,3,1,Sales Representative,1,Divorced,3041,16346,8,Y,No,11,3,2,80,1,5,3,3,4,3,0,2,Company Website
27,Voluntary Resignation,Travel_Rarely,1420,Sales,2,1,Marketing,1,7931,131386,3,Male,85,3,1,Sales Representative,1,Divorced,3041,16346,0,Y,No,11,3,2,80,1,5,3,3,4,3,0,2,Jora
27,Voluntary Resignation,Travel_Rarely,1420,Sales,2,1,Life Sciences,1,7932,131387,3,Male,85,3,1,Sales Representative,1,Divorced,3041,16346,8,Y,No,11,3,2,80,1,5,3,3,4,3,0,2,Seek
27,Voluntary Resignation,Travel_Rarely,1420,Sales,2,1,Marketing,1,7935,131390,3,Male,85,3,1,Sales Representative,1,Divorced,3041,16346,0,Y,No,11,4,2,80,1,5,3,3,4,3,0,2,Company Website
27,Voluntary Resignation,Travel_Rarely,1420,Sales,2,1,Life Sciences,1,7937,131392,3,Male,85,3,1,Sales Representative,1,Divorced,3041,16346,8,Y,No,11,3,2,80,1,5,3,3,4,3,0,2,Company Website
27,Voluntary Resignation,Travel_Rarely,1420,Sales,2,1,Marketing,1,7939,131394,3,Male,85,3,1,Sales Representative,1,Divorced,3041,16346,0,Y,No,11,3,2,80,1,5,3,3,4,3,0,2,Jora
27,Voluntary Resignation,Travel_Rarely,1420,Sales,2,1,Life Sciences,1,7940,131395,3,Male,85,3,1,Sales Representative,1,Divorced,3041,16346,8,Y,No,11,3,2,80,1,5,3,3,4,3,0,2,Seek
27,Voluntary Resignation,Travel_Rarely,1420,Sales,2,1,Marketing,1,11084,134539,3,Female,67,3,2,Healthcare Representative,4,Married,5855,17369,0,Y,Yes,11,3,3,80,2,10,2,1,9,7,8,5,Adzuna
27,Voluntary Resignation,Travel_Rarely,1420,Sales,2,1,Life Sciences,1,11085,134540,3,Female,67,3,2,Healthcare Representative,4,Married,5855,17369,0,Y,Yes,11,3,3,80,2,10,2,1,9,7,8,5,Adzuna
27,Voluntary Resignation,Travel_Rarely,1420,Sales,2,1,Marketing,1,11087,134542,3,Female,67,3,2,Healthcare Representative,4,Married,5855,17369,0,Y,Yes,11,3,3,80,2,10,2,1,9,7,8,5,GlassDoor
27,Voluntary Resignation,Travel_Rarely,1420,Sales,2,1,Life Sciences,1,11088,134543,3,Female,67,3,2,Healthcare Representative,4,Married,5855,17369,0,Y,Yes,11,3,3,80,2,10,2,1,9,7,8,5,Company Website
27,Voluntary Resignation,Travel_Rarely,1420,Sales,2,1,Marketing,1,11092,134547,3,Female,67,3,2,Healthcare Representative,4,Married,5855,17369,0,Y,Yes,11,3,3,80,2,10,2,1,9,7,8,5,Adzuna
27,Voluntary Resignation,Travel_Rarely,1420,Sales,2,1,Life Sciences,1,11093,134548,3,Female,67,3,2,Healthcare Representative,4,Married,5855,17369,0,Y,Yes,11,3,3,80,2,10,2,1,9,7,8,5,Adzuna
27,Voluntary Resignation,Travel_Rarely,1420,Sales,2,1,Marketing,1,11095,134550,3,Female,67,3,2,Healthcare Representative,4,Married,5855,17369,0,Y,Yes,11,3,3,80,2,10,2,1,9,7,8,5,GlassDoor
27,Voluntary Resignation,Travel_Rarely,1420,Sales,2,1,Life Sciences,1,11096,134551,3,Female,67,3,2,Healthcare Representative,4,Married,5855,17369,0,Y,Yes,11,3,3,80,2,10,2,1,9,7,8,5,Company Website
27,Voluntary Resignation,Travel_Rarely,135,Research & Development,17,4,Life Sciences,1,15966,139421,4,Female,51,3,1,Research Scientist,3,Single,2394,25681,1,Y,Yes,13,4,4,80,0,8,2,3,8,2,7,7,Company Website
27,Voluntary Resignation,Travel_Rarely,135,Research & Development,17,4,Medical,1,15969,139424,4,Female,51,3,1,Research Scientist,3,Single,2394,25681,3,Y,Yes,13,3,4,80,0,8,2,3,8,2,7,7,Company Website
27,Voluntary Resignation,Travel_Rarely,135,Research & Development,17,4,Life Sciences,1,15970,139425,4,Female,51,3,1,Research Scientist,3,Single,2394,25681,1,Y,Yes,13,3,4,80,0,8,2,3,8,2,7,7,Indeed
27,Voluntary Resignation,Travel_Rarely,135,Research & Development,17,4,Medical,1,15971,139426,4,Female,51,3,1,Research Scientist,3,Single,2394,25681,3,Y,Yes,13,3,4,80,0,8,2,3,8,2,7,7,Seek
27,Voluntary Resignation,Travel_Rarely,135,Research & Development,17,4,Life Sciences,1,15974,139429,4,Female,51,3,1,Research Scientist,3,Single,2394,25681,1,Y,Yes,13,4,4,80,0,8,2,3,8,2,7,7,Company Website
27,Voluntary Resignation,Travel_Rarely,135,Research & Development,17,4,Medical,1,15977,139432,4,Female,51,3,1,Research Scientist,3,Single,2394,25681,3,Y,Yes,13,3,4,80,0,8,2,3,8,2,7,7,Company Website
27,Voluntary Resignation,Travel_Rarely,135,Research & Development,17,4,Life Sciences,1,15978,139433,4,Female,51,3,1,Research Scientist,3,Single,2394,25681,1,Y,Yes,13,3,4,80,0,8,2,3,8,2,7,7,Indeed
27,Voluntary Resignation,Travel_Rarely,135,Research & Development,17,4,Medical,1,15979,139434,4,Female,51,3,1,Research Scientist,3,Single,2394,25681,3,Y,Yes,13,3,4,80,0,8,2,3,8,2,7,7,Seek
27,Voluntary Resignation,Travel_Frequently,1337,Human Resources,22,3,Human Resources,1,22053,145508,1,Female,32,2,1,Human Resources,2,Married,2863,19555,1,Y,No,12,3,1,80,0,1,2,3,1,0,0,0,Recruit.net
27,Voluntary Resignation,Travel_Frequently,1337,Human Resources,22,3,Other,1,22056,145511,1,Female,32,2,1,Human Resources,2,Married,2863,19555,0,Y,No,12,3,1,80,0,1,2,3,1,0,0,0,Recruit.net
27,Voluntary Resignation,Travel_Frequently,1337,Human Resources,22,3,Human Resources,1,22059,145514,1,Female,32,2,1,Human Resources,2,Married,2863,19555,1,Y,No,12,3,1,80,0,1,2,3,1,0,0,0,Seek
27,Voluntary Resignation,Travel_Frequently,1337,Human Resources,22,3,Other,1,22060,145515,1,Female,32,2,1,Human Resources,2,Married,2863,19555,0,Y,No,12,3,1,80,0,1,2,3,1,0,0,0,Indeed
27,Voluntary Resignation,Travel_Frequently,1337,Human Resources,22,3,Human Resources,1,22061,145516,1,Female,32,2,1,Human Resources,2,Married,2863,19555,1,Y,No,12,3,1,80,0,1,2,3,1,0,0,0,Recruit.net
27,Voluntary Resignation,Travel_Frequently,1337,Human Resources,22,3,Other,1,22064,145519,1,Female,32,2,1,Human Resources,2,Married,2863,19555,0,Y,No,12,3,1,80,0,1,2,3,1,0,0,0,Recruit.net
27,Voluntary Resignation,Travel_Frequently,1337,Human Resources,22,3,Human Resources,1,22067,145522,1,Female,32,2,1,Human Resources,2,Married,2863,19555,1,Y,No,12,3,1,80,0,1,2,3,1,0,0,0,Seek
27,Voluntary Resignation,Travel_Frequently,1337,Human Resources,22,3,Other,1,22068,145523,1,Female,32,2,1,Human Resources,2,Married,2863,19555,0,Y,No,12,3,1,80,0,1,2,3,1,0,0,0,Indeed
27,Current employee,Travel_Rarely,591,Research & Development,2,1,Medical,1,71,123526,1,Male,40,3,1,Laboratory Technician,2,Married,3468,16632,9,Y,No,12,3,4,80,1,6,3,3,2,2,2,2,Seek
27,Current employee,Travel_Rarely,591,Research & Development,2,1,Life Sciences,1,73,123528,1,Male,40,3,1,Laboratory Technician,2,Married,3468,16632,1,Y,No,12,4,4,80,1,6,3,3,2,2,2,2,Seek
27,Current employee,Travel_Rarely,591,Research & Development,2,1,Medical,1,75,123530,1,Male,40,3,1,Laboratory Technician,2,Married,3468,16632,9,Y,No,12,3,4,80,1,6,3,3,2,2,2,2,Indeed
27,Current employee,Travel_Rarely,591,Research & Development,2,1,Life Sciences,1,76,123531,1,Male,40,3,1,Laboratory Technician,2,Married,3468,16632,1,Y,No,12,3,4,80,1,6,3,3,2,2,2,2,Seek
27,Current employee,Travel_Rarely,591,Research & Development,2,1,Medical,1,79,123534,1,Male,40,3,1,Laboratory Technician,2,Married,3468,16632,9,Y,No,12,3,4,80,1,6,3,3,2,2,2,2,Seek
27,Current employee,Travel_Rarely,591,Research & Development,2,1,Medical,1,80,123535,4,Male,79,2,1,Research Scientist,3,Married,3388,21777,0,Y,Yes,17,3,1,80,1,2,0,2,1,0,0,0,Company Website
27,Current employee,Travel_Rarely,591,Research & Development,2,1,Medical,1,83,123538,4,Female,33,1,1,Sales Representative,3,Divorced,2351,12253,0,Y,No,16,4,4,80,1,3,3,2,2,2,1,0,Company Website
27,Current employee,Travel_Rarely,591,Research & Development,2,1,Life Sciences,1,88,123543,1,Male,40,3,1,Laboratory Technician,2,Married,3468,16632,1,Y,No,12,4,4,80,1,6,3,3,2,2,2,2,Seek
27,Current employee,Travel_Rarely,591,Research & Development,2,1,Medical,1,90,123545,1,Male,40,3,1,Laboratory Technician,2,Married,3468,16632,9,Y,No,12,3,4,80,1,6,3,3,2,2,2,2,Indeed
27,Current employee,Travel_Rarely,591,Research & Development,2,1,Life Sciences,1,91,123546,1,Male,40,3,1,Laboratory Technician,2,Married,3468,16632,1,Y,No,12,3,4,80,1,6,3,3,2,2,2,2,Seek
27,Current employee,Travel_Rarely,798,Research & Development,6,4,Medical,1,252,123707,4,Female,49,2,2,Laboratory Technician,3,Single,4193,12682,0,Y,No,12,4,3,80,2,6,5,2,5,3,0,3,Recruit.net
27,Current employee,Travel_Rarely,1220,Research & Development,5,3,Life Sciences,1,348,123803,2,Female,51,4,3,Manufacturing Director,1,Divorced,9980,10195,6,Y,No,18,3,4,80,1,6,1,1,2,2,2,2,Adzuna
27,Current employee,Travel_Rarely,1377,Sales,2,3,Life Sciences,1,373,123828,1,Male,80,4,1,Research Scientist,2,Divorced,3298,15053,1,Y,No,11,3,3,80,1,5,2,1,5,2,0,2,GlassDoor
27,Current employee,Travel_Rarely,1240,Research & Development,2,4,Life Sciences,1,791,124246,4,Female,33,3,1,Laboratory Technician,1,Divorced,2341,19715,1,Y,No,13,3,4,80,1,1,6,3,1,0,0,0,GlassDoor
27,Current employee,Travel_Rarely,1240,Research & Development,2,4,Life Sciences,1,793,124248,4,Female,33,3,1,Laboratory Technician,1,Divorced,2341,19715,1,Y,No,13,3,4,80,1,1,6,3,1,0,0,0,GlassDoor
27,Current employee,Travel_Rarely,1240,Research & Development,2,4,Life Sciences,1,795,124250,4,Female,33,3,1,Laboratory Technician,1,Divorced,2341,19715,1,Y,No,13,3,4,80,1,1,6,3,1,0,0,0,Company Website
27,Current employee,Travel_Rarely,1240,Research & Development,2,4,Life Sciences,1,796,124251,4,Female,33,3,1,Laboratory Technician,1,Divorced,2341,19715,1,Y,No,13,3,4,80,1,1,6,3,1,0,0,0,GlassDoor
27,Current employee,Travel_Rarely,1240,Research & Development,2,4,Life Sciences,1,799,124254,4,Female,33,3,1,Laboratory Technician,1,Divorced,2341,19715,1,Y,No,13,3,4,80,1,1,6,3,1,0,0,0,GlassDoor
27,Current employee,Travel_Rarely,1240,Research & Development,2,4,Life Sciences,1,801,124256,4,Female,33,3,1,Laboratory Technician,1,Divorced,2341,19715,1,Y,No,13,3,4,80,1,1,6,3,1,0,0,0,GlassDoor
27,Current employee,Travel_Rarely,1240,Research & Development,2,4,Life Sciences,1,803,124258,4,Female,33,3,1,Laboratory Technician,1,Divorced,2341,19715,1,Y,No,13,3,4,80,1,1,6,3,1,0,0,0,Company Website
27,Current employee,Travel_Rarely,1240,Research & Development,2,4,Life Sciences,1,804,124259,4,Female,33,3,1,Laboratory Technician,1,Divorced,2341,19715,1,Y,No,13,3,4,80,1,1,6,3,1,0,0,0,GlassDoor
27,Current employee,Travel_Frequently,994,Sales,8,3,Life Sciences,1,823,124278,4,Male,37,3,3,Sales Executive,3,Single,8726,2975,1,Y,No,15,3,4,80,0,9,0,3,9,8,1,7,Indeed
27,Current employee,Travel_Frequently,994,Sales,8,3,Marketing,1,825,124280,4,Male,37,3,3,Sales Executive,3,Single,8726,2975,6,Y,No,15,3,4,80,0,9,0,3,9,8,1,7,Indeed
27,Current employee,Travel_Frequently,994,Sales,8,3,Life Sciences,1,827,124282,4,Male,37,3,3,Sales Executive,3,Single,8726,2975,1,Y,No,15,3,4,80,0,9,0,3,9,8,1,7,Seek
27,Current employee,Travel_Frequently,994,Sales,8,3,Marketing,1,828,124283,4,Male,37,3,3,Sales Executive,3,Single,8726,2975,6,Y,No,15,3,4,80,0,9,0,3,9,8,1,7,LinkedIn
27,Current employee,Travel_Frequently,994,Sales,8,3,Life Sciences,1,831,124286,4,Male,37,3,3,Sales Executive,3,Single,8726,2975,1,Y,No,15,3,4,80,0,9,0,3,9,8,1,7,Indeed
27,Current employee,Travel_Frequently,994,Sales,8,3,Marketing,1,833,124288,4,Male,37,3,3,Sales Executive,3,Single,8726,2975,6,Y,No,15,3,4,80,0,9,0,3,9,8,1,7,Indeed
27,Current employee,Travel_Frequently,994,Sales,8,3,Life Sciences,1,835,124290,4,Male,37,3,3,Sales Executive,3,Single,8726,2975,1,Y,No,15,3,4,80,0,9,0,3,9,8,1,7,Seek
27,Current employee,Travel_Frequently,994,Sales,8,3,Marketing,1,836,124291,4,Male,37,3,3,Sales Executive,3,Single,8726,2975,6,Y,No,15,3,4,80,0,9,0,3,9,8,1,7,LinkedIn
27,Current employee,Travel_Rarely,1240,Research & Development,2,4,Life Sciences,1,872,124327,1,Male,40,3,2,Sales Executive,3,Single,4568,10034,0,Y,No,20,3,3,80,0,10,2,3,9,5,8,7,Company Website
27,Current employee,Travel_Rarely,1240,Research & Development,2,4,Life Sciences,1,873,124328,1,Male,40,3,2,Sales Executive,3,Single,4568,10034,4,Y,No,20,3,3,80,0,10,2,3,9,5,8,7,Company Website
27,Current employee,Travel_Rarely,1240,Research & Development,2,4,Life Sciences,1,875,124330,1,Male,40,3,2,Sales Executive,3,Single,4568,10034,0,Y,No,20,4,3,80,0,10,2,3,9,5,8,7,Seek
27,Current employee,Travel_Rarely,1240,Research & Development,2,4,Life Sciences,1,876,124331,1,Male,40,3,2,Sales Executive,3,Single,4568,10034,4,Y,No,20,4,3,80,0,10,2,3,9,5,8,7,Recruit.net
27,Current employee,Travel_Rarely,1240,Research & Development,2,4,Life Sciences,1,880,124335,1,Male,40,3,2,Sales Executive,3,Single,4568,10034,0,Y,No,20,3,3,80,0,10,2,3,9,5,8,7,Company Website
27,Current employee,Travel_Rarely,1240,Research & Development,2,4,Life Sciences,1,881,124336,1,Male,40,3,2,Sales Executive,3,Single,4568,10034,4,Y,No,20,3,3,80,0,10,2,3,9,5,8,7,Company Website
27,Current employee,Travel_Rarely,1240,Research & Development,2,4,Life Sciences,1,883,124338,1,Male,40,3,2,Sales Executive,3,Single,4568,10034,0,Y,No,20,4,3,80,0,10,2,3,9,5,8,7,Seek
27,Current employee,Travel_Rarely,1240,Research & Development,2,4,Life Sciences,1,884,124339,1,Male,40,3,2,Sales Executive,3,Single,4568,10034,4,Y,No,20,4,3,80,0,10,2,3,9,5,8,7,Recruit.net
27,Current employee,Travel_Frequently,994,Sales,8,3,Life Sciences,1,904,124359,1,Male,40,3,2,Sales Executive,4,Single,5772,20445,4,Y,Yes,21,3,3,80,0,14,4,3,9,6,0,8,Seek
27,Current employee,Travel_Frequently,994,Sales,8,3,Medical,1,906,124361,1,Male,40,3,2,Sales Executive,4,Single,5772,20445,6,Y,Yes,21,3,3,80,0,14,4,3,9,6,0,8,Seek
27,Current employee,Travel_Frequently,994,Sales,8,3,Life Sciences,1,907,124362,1,Male,40,3,2,Sales Executive,4,Single,5772,20445,4,Y,Yes,21,4,3,80,0,14,4,3,9,6,0,8,LinkedIn
27,Current employee,Travel_Frequently,994,Sales,8,3,Medical,1,908,124363,1,Male,40,3,2,Sales Executive,4,Single,5772,20445,6,Y,Yes,21,4,3,80,0,14,4,3,9,6,0,8,Company Website
27,Current employee,Travel_Frequently,994,Sales,8,3,Life Sciences,1,912,124367,1,Male,40,3,2,Sales Executive,4,Single,5772,20445,4,Y,Yes,21,3,3,80,0,14,4,3,9,6,0,8,Seek
27,Current employee,Travel_Frequently,994,Sales,8,3,Medical,1,914,124369,1,Male,40,3,2,Sales Executive,4,Single,5772,20445,6,Y,Yes,21,3,3,80,0,14,4,3,9,6,0,8,Seek
27,Current employee,Travel_Frequently,994,Sales,8,3,Life Sciences,1,915,124370,1,Male,40,3,2,Sales Executive,4,Single,5772,20445,4,Y,Yes,21,4,3,80,0,14,4,3,9,6,0,8,LinkedIn
27,Current employee,Travel_Frequently,994,Sales,8,3,Medical,1,916,124371,1,Male,40,3,2,Sales Executive,4,Single,5772,20445,6,Y,Yes,21,4,3,80,0,14,4,3,9,6,0,8,Company Website
27,Current employee,Travel_Frequently,1242,Sales,20,3,Life Sciences,1,1937,125392,1,Male,42,3,3,Sales Executive,4,Single,7428,14506,2,Y,No,12,3,1,80,0,12,3,3,5,3,1,3,Company Website
27,Current employee,Travel_Frequently,1242,Sales,20,3,Medical,1,1939,125394,1,Male,42,3,3,Sales Executive,4,Single,7428,14506,7,Y,No,12,3,1,80,0,12,3,3,5,3,1,3,Company Website
27,Current employee,Travel_Frequently,1242,Sales,20,3,Life Sciences,1,1826,125395,1,Male,42,3,3,Sales Executive,4,Single,7428,14506,2,Y,No,12,3,1,80,0,12,3,3,5,3,1,3,Seek
27,Current employee,Travel_Frequently,1242,Sales,20,3,Medical,1,1941,125396,1,Male,42,3,3,Sales Executive,4,Single,7428,14506,7,Y,No,12,3,1,80,0,12,3,3,5,3,1,3,Indeed
27,Current employee,Travel_Frequently,1242,Sales,20,3,Life Sciences,1,1945,125400,1,Male,42,3,3,Sales Executive,4,Single,7428,14506,2,Y,No,12,3,1,80,0,12,3,3,5,3,1,3,Company Website
27,Current employee,Travel_Frequently,1242,Sales,20,3,Medical,1,1947,125402,1,Male,42,3,3,Sales Executive,4,Single,7428,14506,7,Y,No,12,3,1,80,0,12,3,3,5,3,1,3,Company Website
27,Current employee,Travel_Frequently,1242,Sales,20,3,Life Sciences,1,1948,125403,1,Male,42,3,3,Sales Executive,4,Single,7428,14506,2,Y,No,12,3,1,80,0,12,3,3,5,3,1,3,Seek
27,Current employee,Travel_Frequently,1242,Sales,20,3,Medical,1,1949,125404,1,Male,42,3,3,Sales Executive,4,Single,7428,14506,7,Y,No,12,3,1,80,0,12,3,3,5,3,1,3,Indeed
27,Current employee,Non-Travel,691,Research & Development,9,3,Medical,1,2658,126113,4,Male,57,3,1,Research Scientist,2,Divorced,2024,5970,6,Y,No,18,4,4,80,1,6,1,1,2,2,2,2,Adzuna
27,Current employee,Travel_Rarely,1220,Research & Development,5,3,Life Sciences,1,2659,126114,1,Male,44,3,1,Research Scientist,2,Divorced,2024,5970,6,Y,No,18,3,4,80,1,6,1,1,2,2,2,2,Adzuna
27,Current employee,Travel_Rarely,1220,Research & Development,5,3,Life Sciences,1,2660,126115,1,Male,44,3,1,Research Scientist,2,Divorced,2024,5970,3,Y,No,18,3,4,80,1,6,1,1,2,2,2,2,Adzuna
27,Current employee,Non-Travel,691,Research & Development,9,3,Medical,1,2661,126116,4,Male,57,3,1,Research Scientist,2,Divorced,2024,5970,3,Y,No,18,3,4,80,1,6,1,1,2,2,2,2,Adzuna
27,Current employee,Non-Travel,691,Research & Development,9,3,Medical,1,2662,126117,4,Male,57,3,1,Research Scientist,2,Divorced,2024,5970,6,Y,No,18,3,4,80,1,6,1,1,2,2,2,2,Recruit.net
27,Current employee,Travel_Rarely,1220,Research & Development,5,3,Life Sciences,1,2663,126118,1,Male,44,3,1,Research Scientist,2,Divorced,2024,5970,6,Y,No,18,3,4,80,1,6,1,1,2,2,2,2,Indeed
27,Current employee,Travel_Rarely,1220,Research & Development,5,3,Life Sciences,1,2664,126119,1,Male,44,3,1,Research Scientist,2,Divorced,2024,5970,3,Y,No,18,3,4,80,1,6,1,1,2,2,2,2,Adzuna
27,Current employee,Non-Travel,691,Research & Development,9,3,Medical,1,2665,126120,4,Male,57,3,1,Research Scientist,2,Divorced,2024,5970,3,Y,No,18,3,4,80,1,6,1,1,2,2,2,2,Adzuna
27,Current employee,Non-Travel,691,Research & Development,9,3,Medical,1,2666,126121,4,Male,57,3,1,Research Scientist,2,Divorced,2024,5970,6,Y,No,18,4,4,80,1,6,1,1,2,2,2,2,Adzuna
27,Current employee,Travel_Rarely,1220,Research & Development,5,3,Life Sciences,1,2667,126122,1,Male,44,3,1,Research Scientist,2,Divorced,2024,5970,3,Y,No,18,3,4,80,1,6,1,1,2,2,2,2,Adzuna
27,Current employee,Non-Travel,691,Research & Development,9,3,Medical,1,2668,126123,4,Male,57,3,1,Laboratory Technician,4,Single,2795,18016,1,Y,Yes,24,3,1,80,2,7,2,3,5,2,1,4,Adzuna
27,Current employee,Non-Travel,691,Research & Development,9,3,Medical,1,2669,126124,4,Male,57,3,1,Research Scientist,2,Divorced,2024,5970,6,Y,No,18,3,4,80,1,6,1,1,2,2,2,2,Recruit.net
27,Current employee,Travel_Rarely,1220,Research & Development,5,3,Life Sciences,1,2670,126125,1,Male,44,3,1,Research Scientist,2,Divorced,2024,5970,6,Y,No,18,3,4,80,1,6,1,1,2,2,2,2,Indeed
27,Current employee,Travel_Rarely,1220,Research & Development,5,3,Life Sciences,1,2671,126126,1,Male,44,3,1,Research Scientist,2,Divorced,2024,5970,3,Y,No,18,3,4,80,1,6,1,1,2,2,2,2,Adzuna
27,Current employee,Non-Travel,691,Research & Development,9,3,Medical,1,2672,126127,4,Male,57,3,1,Research Scientist,2,Divorced,2024,5970,3,Y,No,18,3,4,80,1,6,1,1,2,2,2,2,Adzuna
27,Current employee,Travel_Rarely,1377,Sales,2,3,Life Sciences,1,2674,126129,1,Male,44,3,1,Research Scientist,4,Married,2713,6672,1,Y,No,11,3,3,80,1,5,2,1,5,2,0,2,GlassDoor
27,Current employee,Travel_Rarely,1377,Sales,2,3,Life Sciences,1,2675,126130,1,Male,44,3,1,Research Scientist,4,Married,2713,6672,2,Y,No,11,3,3,80,1,5,2,1,5,2,0,2,GlassDoor
27,Current employee,Travel_Rarely,1377,Sales,2,3,Life Sciences,1,2677,126132,1,Male,44,3,1,Research Scientist,4,Married,2713,6672,1,Y,No,11,3,3,80,1,5,2,1,5,2,0,2,Recruit.net
27,Current employee,Travel_Rarely,1377,Sales,2,3,Life Sciences,1,2678,126133,1,Male,44,3,1,Research Scientist,4,Married,2713,6672,2,Y,No,11,3,3,80,1,5,2,1,5,2,0,2,GlassDoor
27,Current employee,Travel_Rarely,1377,Sales,2,3,Life Sciences,1,2682,126137,1,Male,44,3,1,Research Scientist,4,Married,2713,6672,2,Y,No,11,3,3,80,1,5,2,1,5,2,0,2,GlassDoor
27,Current employee,Travel_Rarely,1377,Sales,2,3,Life Sciences,1,2684,126139,1,Male,44,3,1,Research Scientist,4,Married,2713,6672,1,Y,No,11,3,3,80,1,5,2,1,5,2,0,2,Recruit.net
27,Current employee,Travel_Rarely,1377,Sales,2,3,Life Sciences,1,2685,126140,1,Male,44,3,1,Research Scientist,4,Married,2713,6672,2,Y,No,11,3,3,80,1,5,2,1,5,2,0,2,GlassDoor
27,Current employee,Non-Travel,1450,Research & Development,3,3,Medical,1,2704,126159,3,Male,79,2,1,Research Scientist,3,Divorced,2566,25326,1,Y,Yes,15,3,4,80,1,1,2,2,1,1,0,1,Indeed
27,Current employee,Non-Travel,1450,Research & Development,3,3,Life Sciences,1,2706,126161,3,Male,79,2,1,Research Scientist,3,Divorced,2566,25326,2,Y,Yes,15,4,4,80,1,1,2,2,1,1,0,1,Indeed
27,Current employee,Non-Travel,1450,Research & Development,3,3,Medical,1,2708,126163,3,Male,79,2,1,Research Scientist,3,Divorced,2566,25326,1,Y,Yes,15,3,4,80,1,1,2,2,1,1,0,1,Seek
27,Current employee,Non-Travel,1450,Research & Development,3,3,Life Sciences,1,2709,126164,3,Male,79,2,1,Research Scientist,3,Divorced,2566,25326,2,Y,Yes,15,3,4,80,1,1,2,2,1,1,0,1,Indeed
27,Current employee,Non-Travel,1450,Research & Development,3,3,Medical,1,2712,126167,3,Male,79,2,1,Research Scientist,3,Divorced,2566,25326,1,Y,Yes,15,3,4,80,1,1,2,2,1,1,0,1,Indeed
27,Current employee,Non-Travel,1450,Research & Development,3,3,Life Sciences,1,2714,126169,3,Male,79,2,1,Research Scientist,3,Divorced,2566,25326,2,Y,Yes,15,4,4,80,1,1,2,2,1,1,0,1,Indeed
27,Current employee,Non-Travel,1450,Research & Development,3,3,Medical,1,2716,126171,3,Male,79,2,1,Research Scientist,3,Divorced,2566,25326,1,Y,Yes,15,3,4,80,1,1,2,2,1,1,0,1,Seek
27,Current employee,Non-Travel,1450,Research & Development,3,3,Life Sciences,1,2717,126172,3,Male,79,2,1,Research Scientist,3,Divorced,2566,25326,2,Y,Yes,15,3,4,80,1,1,2,2,1,1,0,1,Indeed
27,Current employee,Travel_Rarely,1157,Research & Development,17,3,Technical Degree,1,2800,126255,3,Male,51,3,1,Research Scientist,2,Married,3058,13364,0,Y,Yes,16,3,4,80,1,6,3,2,5,2,1,1,Adzuna
27,Current employee,Travel_Rarely,1157,Research & Development,17,3,Medical,1,2802,126257,3,Male,51,3,1,Research Scientist,2,Married,3058,13364,3,Y,Yes,16,3,4,80,1,6,3,2,5,2,1,1,Adzuna
27,Current employee,Travel_Rarely,1157,Research & Development,17,3,Technical Degree,1,2804,126259,3,Male,51,3,1,Research Scientist,2,Married,3058,13364,0,Y,Yes,16,3,4,80,1,6,3,2,5,2,1,1,Adzuna
27,Current employee,Travel_Rarely,1157,Research & Development,17,3,Medical,1,2805,126260,3,Male,51,3,1,Research Scientist,2,Married,3058,13364,3,Y,Yes,16,3,4,80,1,6,3,2,5,2,1,1,Company Website
27,Current employee,Travel_Rarely,1157,Research & Development,17,3,Technical Degree,1,2808,126263,3,Male,51,3,1,Research Scientist,2,Married,3058,13364,0,Y,Yes,16,3,4,80,1,6,3,2,5,2,1,1,Adzuna
27,Current employee,Travel_Rarely,1157,Research & Development,17,3,Medical,1,2810,126265,3,Male,51,3,1,Research Scientist,2,Married,3058,13364,3,Y,Yes,16,3,4,80,1,6,3,2,5,2,1,1,Adzuna
27,Current employee,Travel_Rarely,1157,Research & Development,17,3,Technical Degree,1,2812,126267,3,Male,51,3,1,Research Scientist,2,Married,3058,13364,0,Y,Yes,16,3,4,80,1,6,3,2,5,2,1,1,Adzuna
27,Current employee,Travel_Rarely,1157,Research & Development,17,3,Medical,1,2813,126268,3,Male,51,3,1,Research Scientist,2,Married,3058,13364,3,Y,Yes,16,3,4,80,1,6,3,2,5,2,1,1,Company Website
27,Current employee,Travel_Rarely,894,Research & Development,9,3,Medical,1,3140,126595,4,Female,99,3,1,Research Scientist,2,Single,2279,11781,1,Y,No,16,3,4,80,0,7,2,2,7,7,0,3,GlassDoor
27,Current employee,Travel_Rarely,894,Research & Development,9,3,Medical,1,3143,126598,4,Female,99,3,1,Research Scientist,2,Single,2279,11781,3,Y,No,16,3,4,80,0,7,2,2,7,7,0,3,GlassDoor
27,Current employee,Travel_Rarely,894,Research & Development,9,3,Medical,1,3144,126599,4,Female,99,3,1,Research Scientist,2,Single,2279,11781,1,Y,No,16,3,4,80,0,7,2,2,7,7,0,3,Adzuna
27,Current employee,Travel_Rarely,894,Research & Development,9,3,Medical,1,3145,126600,4,Female,99,3,1,Research Scientist,2,Single,2279,11781,3,Y,No,16,3,4,80,0,7,2,2,7,7,0,3,Adzuna
27,Current employee,Travel_Rarely,894,Research & Development,9,3,Medical,1,3148,126603,4,Female,99,3,1,Research Scientist,2,Single,2279,11781,1,Y,No,16,3,4,80,0,7,2,2,7,7,0,3,GlassDoor
27,Current employee,Travel_Rarely,894,Research & Development,9,3,Medical,1,3151,126606,4,Female,99,2,1,Laboratory Technician,4,Divorced,2532,6054,6,Y,No,14,3,2,80,1,9,3,2,6,5,1,2,GlassDoor
27,Current employee,Travel_Rarely,894,Research & Development,9,3,Medical,1,3152,126607,4,Female,99,3,1,Research Scientist,2,Single,2279,11781,1,Y,No,16,3,4,80,0,7,2,2,7,7,0,3,Adzuna
27,Current employee,Travel_Rarely,894,Research & Development,9,3,Medical,1,3153,126608,4,Female,99,3,1,Research Scientist,2,Single,2279,11781,3,Y,No,16,3,4,80,0,7,2,2,7,7,0,3,Adzuna
27,Current employee,Travel_Frequently,472,Research & Development,1,1,Technical Degree,1,3283,126738,3,Male,60,2,2,Manufacturing Director,1,Married,4298,9679,5,Y,No,19,3,3,80,1,6,1,3,2,2,2,0,Indeed
27,Current employee,Travel_Frequently,472,Research & Development,1,1,Human Resources,1,3285,126740,3,Male,60,2,2,Manufacturing Director,1,Married,4298,9679,1,Y,No,19,3,3,80,1,6,1,3,2,2,2,0,Indeed
27,Current employee,Travel_Frequently,472,Research & Development,1,1,Technical Degree,1,3287,126742,3,Male,60,2,2,Manufacturing Director,1,Married,4298,9679,5,Y,No,19,3,3,80,1,6,1,3,2,2,2,0,Company Website
27,Current employee,Travel_Frequently,472,Research & Development,1,1,Human Resources,1,3288,126743,3,Male,60,2,2,Manufacturing Director,1,Married,4298,9679,1,Y,No,19,3,3,80,1,6,1,3,2,2,2,0,Indeed
27,Current employee,Travel_Frequently,472,Research & Development,1,1,Technical Degree,1,3291,126746,3,Male,60,2,2,Manufacturing Director,1,Married,4298,9679,5,Y,No,19,3,3,80,1,6,1,3,2,2,2,0,Indeed
27,Current employee,Travel_Frequently,472,Research & Development,1,1,Human Resources,1,3293,126748,3,Male,60,2,2,Manufacturing Director,1,Married,4298,9679,1,Y,No,19,3,3,80,1,6,1,3,2,2,2,0,Indeed
27,Current employee,Travel_Frequently,472,Research & Development,1,1,Technical Degree,1,3295,126750,3,Male,60,2,2,Manufacturing Director,1,Married,4298,9679,5,Y,No,19,3,3,80,1,6,1,3,2,2,2,0,Company Website
27,Current employee,Travel_Frequently,472,Research & Development,1,1,Human Resources,1,3296,126751,3,Male,60,2,2,Manufacturing Director,1,Married,4298,9679,1,Y,No,19,3,3,80,1,6,1,3,2,2,2,0,Indeed
27,Current employee,Travel_Frequently,1242,Sales,20,3,Life Sciences,1,3477,126932,4,Female,90,3,2,Sales Executive,3,Single,9981,12916,1,Y,No,14,3,4,80,0,7,2,3,7,7,0,7,Seek
27,Current employee,Travel_Frequently,1242,Sales,20,3,Medical,1,3480,126935,4,Female,90,3,2,Sales Executive,3,Single,9981,12916,7,Y,No,14,3,4,80,0,7,2,3,7,7,0,7,Seek
27,Current employee,Travel_Frequently,1242,Sales,20,3,Life Sciences,1,3483,126938,4,Female,90,3,2,Sales Executive,3,Single,9981,12916,1,Y,No,14,3,4,80,0,7,2,3,7,7,0,7,Recruit.net
27,Current employee,Travel_Frequently,1242,Sales,20,3,Medical,1,3484,126939,4,Female,90,3,2,Sales Executive,3,Single,9981,12916,7,Y,No,14,3,4,80,0,7,2,3,7,7,0,7,Company Website
27,Current employee,Travel_Frequently,1242,Sales,20,3,Life Sciences,1,3485,126940,4,Female,90,3,2,Sales Executive,3,Single,9981,12916,1,Y,No,14,3,4,80,0,7,2,3,7,7,0,7,Seek
27,Current employee,Travel_Frequently,1242,Sales,20,3,Medical,1,3488,126943,4,Female,90,3,2,Sales Executive,3,Single,9981,12916,7,Y,No,14,3,4,80,0,7,2,3,7,7,0,7,Seek
27,Current employee,Travel_Frequently,1242,Sales,20,3,Life Sciences,1,3491,126946,4,Female,90,3,2,Sales Executive,3,Single,9981,12916,1,Y,No,14,3,4,80,0,7,2,3,7,7,0,7,Recruit.net
27,Current employee,Travel_Frequently,1242,Sales,20,3,Medical,1,3492,126947,4,Female,90,3,2,Sales Executive,3,Single,9981,12916,7,Y,No,14,3,4,80,0,7,2,3,7,7,0,7,Company Website
27,Current employee,Travel_Rarely,608,Research & Development,1,2,Life Sciences,1,3910,127365,1,Male,48,2,1,Laboratory Technician,3,Single,3730,9571,0,Y,Yes,14,3,4,80,0,4,2,1,3,2,1,2,Seek
27,Current employee,Travel_Rarely,608,Research & Development,1,2,Life Sciences,1,3912,127367,1,Male,48,2,1,Laboratory Technician,3,Single,3730,9571,1,Y,Yes,14,4,4,80,0,4,2,1,3,2,1,2,Seek
27,Current employee,Travel_Rarely,608,Research & Development,1,2,Life Sciences,1,3913,127368,1,Male,48,2,1,Laboratory Technician,3,Single,3730,9571,0,Y,Yes,14,3,4,80,0,4,2,1,3,2,1,2,Company Website
27,Current employee,Travel_Rarely,608,Research & Development,1,2,Life Sciences,1,3914,127369,1,Male,48,2,1,Laboratory Technician,3,Single,3730,9571,1,Y,Yes,14,3,4,80,0,4,2,1,3,2,1,2,Seek
27,Current employee,Travel_Rarely,608,Research & Development,1,2,Life Sciences,1,3918,127373,1,Male,48,2,1,Laboratory Technician,3,Single,3730,9571,0,Y,Yes,14,3,4,80,0,4,2,1,3,2,1,2,Seek
27,Current employee,Travel_Rarely,608,Research & Development,1,2,Life Sciences,1,3920,127375,1,Male,48,2,1,Laboratory Technician,3,Single,3730,9571,1,Y,Yes,14,4,4,80,0,4,2,1,3,2,1,2,Seek
27,Current employee,Travel_Rarely,608,Research & Development,1,2,Life Sciences,1,3921,127376,1,Male,48,2,1,Laboratory Technician,3,Single,3730,9571,0,Y,Yes,14,3,4,80,0,4,2,1,3,2,1,2,Company Website
27,Current employee,Travel_Rarely,608,Research & Development,1,2,Life Sciences,1,3922,127377,1,Male,48,2,1,Laboratory Technician,3,Single,3730,9571,1,Y,Yes,14,3,4,80,0,4,2,1,3,2,1,2,Seek
27,Current employee,Travel_Frequently,294,Research & Development,10,2,Life Sciences,1,3974,127429,1,Male,48,3,2,Research Scientist,4,Divorced,3319,24447,1,Y,No,17,3,1,80,2,9,3,3,9,8,4,7,Company Website
27,Current employee,Travel_Frequently,294,Research & Development,10,2,Medical,1,3975,127430,1,Male,48,3,2,Research Scientist,4,Divorced,3319,24447,3,Y,No,17,3,1,80,2,9,3,3,9,8,4,7,Company Website
27,Current employee,Travel_Frequently,294,Research & Development,10,2,Life Sciences,1,3977,127432,1,Male,48,3,2,Research Scientist,4,Divorced,3319,24447,1,Y,No,17,3,1,80,2,9,3,3,9,8,4,7,Adzuna
27,Current employee,Travel_Frequently,294,Research & Development,10,2,Medical,1,3978,127433,1,Male,48,3,2,Research Scientist,4,Divorced,3319,24447,3,Y,No,17,3,1,80,2,9,3,3,9,8,4,7,Company Website
27,Current employee,Travel_Frequently,294,Research & Development,10,2,Life Sciences,1,3982,127437,1,Male,48,3,2,Research Scientist,4,Divorced,3319,24447,1,Y,No,17,3,1,80,2,9,3,3,9,8,4,7,Company Website
27,Current employee,Travel_Frequently,294,Research & Development,10,2,Medical,1,3983,127438,1,Male,48,3,2,Research Scientist,4,Divorced,3319,24447,3,Y,No,17,3,1,80,2,9,3,3,9,8,4,7,Company Website
27,Current employee,Travel_Frequently,294,Research & Development,10,2,Life Sciences,1,3985,127440,1,Male,48,3,2,Research Scientist,4,Divorced,3319,24447,1,Y,No,17,3,1,80,2,9,3,3,9,8,4,7,Adzuna
27,Current employee,Travel_Frequently,294,Research & Development,10,2,Medical,1,3986,127441,1,Male,48,3,2,Research Scientist,4,Divorced,3319,24447,3,Y,No,17,3,1,80,2,9,3,3,9,8,4,7,Company Website
27,Current employee,Travel_Rarely,618,Research & Development,4,3,Life Sciences,1,4914,128369,2,Male,50,4,2,Healthcare Representative,1,Single,5661,4824,0,Y,No,19,3,3,80,0,9,2,3,8,3,0,7,Recruit.net
27,Current employee,Travel_Rarely,618,Research & Development,4,3,Life Sciences,1,4915,128370,2,Male,50,4,2,Healthcare Representative,1,Single,5661,4824,0,Y,No,19,3,3,80,0,9,2,3,8,3,0,7,Recruit.net
27,Current employee,Travel_Rarely,618,Research & Development,4,3,Life Sciences,1,4917,128372,2,Male,50,4,2,Healthcare Representative,1,Single,5661,4824,0,Y,No,19,3,3,80,0,9,2,3,8,3,0,7,Jora
27,Current employee,Travel_Rarely,618,Research & Development,4,3,Life Sciences,1,4918,128373,2,Male,50,4,2,Healthcare Representative,1,Single,5661,4824,0,Y,No,19,3,3,80,0,9,2,3,8,3,0,7,Company Website
27,Current employee,Travel_Rarely,618,Research & Development,4,3,Life Sciences,1,4922,128377,2,Male,50,4,2,Healthcare Representative,1,Single,5661,4824,0,Y,No,19,3,3,80,0,9,2,3,8,3,0,7,Recruit.net
27,Current employee,Travel_Rarely,618,Research & Development,4,3,Life Sciences,1,4923,128378,2,Male,50,4,2,Healthcare Representative,1,Single,5661,4824,0,Y,No,19,3,3,80,0,9,2,3,8,3,0,7,Recruit.net
27,Current employee,Travel_Rarely,618,Research & Development,4,3,Life Sciences,1,4925,128380,2,Male,50,4,2,Healthcare Representative,1,Single,5661,4824,0,Y,No,19,3,3,80,0,9,2,3,8,3,0,7,Jora
27,Current employee,Travel_Rarely,618,Research & Development,4,3,Life Sciences,1,4926,128381,2,Male,50,4,2,Healthcare Representative,1,Single,5661,4824,0,Y,No,19,3,3,80,0,9,2,3,8,3,0,7,Company Website
27,Current employee,Travel_Rarely,1220,Research & Development,5,3,Life Sciences,1,5168,128623,3,Female,85,3,1,Research Scientist,2,Single,2478,20938,1,Y,Yes,12,3,2,80,0,4,2,2,4,3,1,2,Adzuna
27,Current employee,Travel_Rarely,1220,Research & Development,5,3,Life Sciences,1,5170,128625,3,Female,85,3,1,Research Scientist,2,Single,2478,20938,3,Y,Yes,12,3,2,80,0,4,2,2,4,3,1,2,Adzuna
27,Current employee,Travel_Rarely,1220,Research & Development,5,3,Life Sciences,1,5172,128627,3,Female,85,3,1,Research Scientist,2,Single,2478,20938,1,Y,Yes,12,3,2,80,0,4,2,2,4,3,1,2,Indeed
27,Current employee,Travel_Rarely,1220,Research & Development,5,3,Life Sciences,1,5173,128628,3,Female,85,3,1,Research Scientist,2,Single,2478,20938,3,Y,Yes,12,3,2,80,0,4,2,2,4,3,1,2,Adzuna
27,Current employee,Travel_Rarely,1220,Research & Development,5,3,Life Sciences,1,5176,128631,3,Female,85,3,1,Research Scientist,2,Single,2478,20938,1,Y,Yes,12,3,2,80,0,4,2,2,4,3,1,2,Adzuna
27,Current employee,Travel_Rarely,1220,Research & Development,5,3,Life Sciences,1,5178,128633,3,Female,85,3,1,Research Scientist,2,Single,2478,20938,3,Y,Yes,12,3,2,80,0,4,2,2,4,3,1,2,Adzuna
27,Current employee,Travel_Rarely,1220,Research & Development,5,3,Life Sciences,1,5180,128635,3,Female,85,3,1,Research Scientist,2,Single,2478,20938,1,Y,Yes,12,3,2,80,0,4,2,2,4,3,1,2,Indeed
27,Current employee,Travel_Rarely,1220,Research & Development,5,3,Life Sciences,1,5181,128636,3,Female,85,3,1,Research Scientist,2,Single,2478,20938,3,Y,Yes,12,3,2,80,0,4,2,2,4,3,1,2,Adzuna
27,Current employee,Travel_Rarely,1377,Sales,2,3,Life Sciences,1,5198,128653,4,Male,74,3,2,Sales Executive,3,Single,4478,5242,1,Y,Yes,11,3,1,80,0,5,3,3,5,4,0,4,Company Website
27,Current employee,Travel_Rarely,1377,Sales,2,3,Life Sciences,1,5200,128655,4,Male,74,3,2,Sales Executive,3,Single,4478,5242,4,Y,Yes,11,3,1,80,0,5,3,3,5,4,0,4,Company Website
27,Current employee,Travel_Rarely,1377,Sales,2,3,Life Sciences,1,5202,128657,4,Male,74,3,2,Sales Executive,3,Single,4478,5242,1,Y,Yes,11,3,1,80,0,5,3,3,5,4,0,4,Company Website
27,Current employee,Travel_Rarely,1377,Sales,2,3,Life Sciences,1,5203,128658,4,Male,74,3,2,Sales Executive,3,Single,4478,5242,4,Y,Yes,11,3,1,80,0,5,3,3,5,4,0,4,Seek
27,Current employee,Travel_Rarely,1377,Sales,2,3,Life Sciences,1,5206,128661,4,Male,74,3,2,Sales Executive,3,Single,4478,5242,1,Y,Yes,11,3,1,80,0,5,3,3,5,4,0,4,Company Website
27,Current employee,Travel_Rarely,1377,Sales,2,3,Life Sciences,1,5208,128663,4,Male,74,3,2,Sales Executive,3,Single,4478,5242,4,Y,Yes,11,3,1,80,0,5,3,3,5,4,0,4,Company Website
27,Current employee,Travel_Rarely,1377,Sales,2,3,Life Sciences,1,5210,128665,4,Male,74,3,2,Sales Executive,3,Single,4478,5242,1,Y,Yes,11,3,1,80,0,5,3,3,5,4,0,4,Company Website
27,Current employee,Travel_Rarely,1377,Sales,2,3,Life Sciences,1,5211,128666,4,Male,74,3,2,Sales Executive,3,Single,4478,5242,4,Y,Yes,11,3,1,80,0,5,3,3,5,4,0,4,Seek
27,Current employee,Travel_Rarely,1055,Research & Development,2,4,Life Sciences,1,5341,128796,2,Male,52,3,5,Research Director,3,Married,18300,16375,4,Y,No,11,3,2,80,1,21,2,3,3,2,1,1,Seek
27,Current employee,Travel_Rarely,1055,Research & Development,2,4,Life Sciences,1,5342,128797,2,Male,52,3,5,Research Director,3,Married,18300,16375,1,Y,No,11,4,2,80,1,21,2,3,3,2,1,1,Seek
27,Current employee,Travel_Rarely,1055,Research & Development,2,4,Life Sciences,1,5344,128799,2,Male,52,3,5,Research Director,3,Married,18300,16375,4,Y,No,11,3,2,80,1,21,2,3,3,2,1,1,Jora
27,Current employee,Travel_Rarely,1055,Research & Development,2,4,Life Sciences,1,5345,128800,2,Male,52,3,5,Research Director,3,Married,18300,16375,1,Y,No,11,3,2,80,1,21,2,3,3,2,1,1,Seek
27,Current employee,Travel_Rarely,1055,Research & Development,2,4,Life Sciences,1,5349,128804,2,Male,52,3,5,Research Director,3,Married,18300,16375,4,Y,No,11,3,2,80,1,21,2,3,3,2,1,1,Seek
27,Current employee,Travel_Rarely,1055,Research & Development,2,4,Life Sciences,1,5350,128805,2,Male,52,3,5,Research Director,3,Married,18300,16375,1,Y,No,11,4,2,80,1,21,2,3,3,2,1,1,Seek
27,Current employee,Travel_Rarely,1055,Research & Development,2,4,Life Sciences,1,5352,128807,2,Male,52,3,5,Research Director,3,Married,18300,16375,4,Y,No,11,3,2,80,1,21,2,3,3,2,1,1,Jora
27,Current employee,Travel_Rarely,1055,Research & Development,2,4,Life Sciences,1,5353,128808,2,Male,52,3,5,Research Director,3,Married,18300,16375,1,Y,No,11,3,2,80,1,21,2,3,3,2,1,1,Seek
27,Current employee,Non-Travel,210,Sales,1,1,Marketing,1,5372,128827,3,Male,73,3,2,Sales Executive,2,Married,6349,22107,0,Y,Yes,13,3,4,80,1,6,0,3,5,4,1,4,Company Website
27,Current employee,Non-Travel,210,Sales,1,1,Human Resources,1,5374,128829,3,Male,73,3,2,Sales Executive,2,Married,6349,22107,4,Y,Yes,13,3,4,80,1,6,0,3,5,4,1,4,Company Website
27,Current employee,Non-Travel,210,Sales,1,1,Marketing,1,5376,128831,3,Male,73,3,2,Sales Executive,2,Married,6349,22107,0,Y,Yes,13,3,4,80,1,6,0,3,5,4,1,4,Seek
27,Current employee,Non-Travel,210,Sales,1,1,Human Resources,1,5377,128832,3,Male,73,3,2,Sales Executive,2,Married,6349,22107,4,Y,Yes,13,3,4,80,1,6,0,3,5,4,1,4,Jora
27,Current employee,Non-Travel,210,Sales,1,1,Marketing,1,5380,128835,3,Male,73,3,2,Sales Executive,2,Married,6349,22107,0,Y,Yes,13,3,4,80,1,6,0,3,5,4,1,4,Company Website
27,Current employee,Non-Travel,210,Sales,1,1,Human Resources,1,5382,128837,3,Male,73,3,2,Sales Executive,2,Married,6349,22107,4,Y,Yes,13,3,4,80,1,6,0,3,5,4,1,4,Company Website
27,Current employee,Non-Travel,210,Sales,1,1,Marketing,1,5384,128839,3,Male,73,3,2,Sales Executive,2,Married,6349,22107,0,Y,Yes,13,3,4,80,1,6,0,3,5,4,1,4,Seek
27,Current employee,Non-Travel,210,Sales,1,1,Human Resources,1,5385,128840,3,Male,73,3,2,Sales Executive,2,Married,6349,22107,4,Y,Yes,13,3,4,80,1,6,0,3,5,4,1,4,Jora
27,Current employee,Travel_Rarely,1130,Sales,8,4,Marketing,1,5498,128953,2,Female,56,3,2,Sales Executive,2,Married,6214,3415,1,Y,No,18,4,1,80,1,8,3,3,8,7,0,7,Indeed
27,Current employee,Travel_Rarely,1130,Sales,8,4,Marketing,1,5500,128955,2,Female,56,3,2,Sales Executive,2,Married,6214,3415,6,Y,No,18,3,1,80,1,8,3,3,8,7,0,7,Indeed
27,Current employee,Travel_Rarely,1130,Sales,8,4,Marketing,1,5502,128957,2,Female,56,3,2,Sales Executive,2,Married,6214,3415,1,Y,No,18,3,1,80,1,8,3,3,8,7,0,7,Jora
27,Current employee,Travel_Rarely,1130,Sales,8,4,Marketing,1,5503,128958,2,Female,56,3,2,Sales Executive,2,Married,6214,3415,6,Y,No,18,3,1,80,1,8,3,3,8,7,0,7,Seek
27,Current employee,Travel_Rarely,1130,Sales,8,4,Marketing,1,5506,128961,2,Female,56,3,2,Sales Executive,2,Married,6214,3415,1,Y,No,18,4,1,80,1,8,3,3,8,7,0,7,Indeed
27,Current employee,Travel_Rarely,1130,Sales,8,4,Marketing,1,5508,128963,2,Female,56,3,2,Sales Executive,2,Married,6214,3415,6,Y,No,18,3,1,80,1,8,3,3,8,7,0,7,Indeed
27,Current employee,Travel_Rarely,1130,Sales,8,4,Marketing,1,5510,128965,2,Female,56,3,2,Sales Executive,2,Married,6214,3415,1,Y,No,18,3,1,80,1,8,3,3,8,7,0,7,Jora
27,Current employee,Travel_Rarely,1130,Sales,8,4,Marketing,1,5511,128966,2,Female,56,3,2,Sales Executive,2,Married,6214,3415,6,Y,No,18,3,1,80,1,8,3,3,8,7,0,7,Seek
27,Current employee,Non-Travel,1277,Research & Development,8,5,Life Sciences,1,5593,129048,2,Male,52,3,1,Research Scientist,4,Divorced,2904,16092,1,Y,No,12,3,3,80,2,4,2,2,4,2,0,2,LinkedIn
27,Current employee,Non-Travel,1277,Research & Development,8,5,Medical,1,5594,129049,2,Male,52,3,1,Research Scientist,4,Divorced,2904,16092,3,Y,No,12,3,3,80,2,4,2,2,4,2,0,2,LinkedIn
27,Current employee,Non-Travel,1277,Research & Development,8,5,Life Sciences,1,5598,129053,2,Male,52,3,1,Research Scientist,4,Divorced,2904,16092,1,Y,No,12,3,3,80,2,4,2,2,4,2,0,2,Seek
27,Current employee,Non-Travel,1277,Research & Development,8,5,Medical,1,5599,129054,2,Male,52,3,1,Research Scientist,4,Divorced,2904,16092,3,Y,No,12,3,3,80,2,4,2,2,4,2,0,2,Recruit.net
27,Current employee,Non-Travel,1277,Research & Development,8,5,Life Sciences,1,5601,129056,2,Male,52,3,1,Research Scientist,4,Divorced,2904,16092,1,Y,No,12,3,3,80,2,4,2,2,4,2,0,2,LinkedIn
27,Current employee,Non-Travel,1277,Research & Development,8,5,Medical,1,5602,129057,2,Male,52,3,1,Research Scientist,4,Divorced,2904,16092,3,Y,No,12,3,3,80,2,4,2,2,4,2,0,2,LinkedIn
27,Current employee,Non-Travel,1277,Research & Development,8,5,Life Sciences,1,5606,129061,2,Male,52,3,1,Research Scientist,4,Divorced,2904,16092,1,Y,No,12,3,3,80,2,4,2,2,4,2,0,2,Seek
27,Current employee,Non-Travel,1277,Research & Development,8,5,Medical,1,5607,129062,2,Male,52,3,1,Research Scientist,4,Divorced,2904,16092,3,Y,No,12,3,3,80,2,4,2,2,4,2,0,2,Recruit.net
27,Current employee,Travel_Rarely,199,Research & Development,6,3,Life Sciences,1,5924,129379,2,Male,53,3,2,Sales Executive,2,Single,9355,9558,1,Y,No,18,3,3,80,0,8,5,3,8,7,7,7,Adzuna
27,Current employee,Travel_Rarely,199,Research & Development,6,3,Marketing,1,5926,129381,2,Male,53,3,2,Sales Executive,2,Single,9355,9558,5,Y,No,18,3,3,80,0,8,5,3,8,7,7,7,Adzuna
27,Current employee,Travel_Rarely,199,Research & Development,6,3,Life Sciences,1,5927,129382,2,Male,53,3,2,Sales Executive,2,Single,9355,9558,1,Y,No,18,3,3,80,0,8,5,3,8,7,7,7,Adzuna
27,Current employee,Travel_Rarely,199,Research & Development,6,3,Marketing,1,5928,129383,2,Male,53,3,2,Sales Executive,2,Single,9355,9558,5,Y,No,18,3,3,80,0,8,5,3,8,7,7,7,Company Website
27,Current employee,Travel_Rarely,199,Research & Development,6,3,Life Sciences,1,5932,129387,2,Male,53,3,2,Sales Executive,2,Single,9355,9558,1,Y,No,18,3,3,80,0,8,5,3,8,7,7,7,Adzuna
27,Current employee,Travel_Rarely,199,Research & Development,6,3,Marketing,1,5934,129389,2,Male,53,3,2,Sales Executive,2,Single,9355,9558,5,Y,No,18,3,3,80,0,8,5,3,8,7,7,7,Adzuna
27,Current employee,Travel_Rarely,199,Research & Development,6,3,Life Sciences,1,5935,129390,2,Male,53,3,2,Sales Executive,2,Single,9355,9558,1,Y,No,18,3,3,80,0,8,5,3,8,7,7,7,Adzuna
27,Current employee,Travel_Rarely,199,Research & Development,6,3,Marketing,1,5936,129391,2,Male,53,3,2,Sales Executive,2,Single,9355,9558,5,Y,No,18,3,3,80,0,8,5,3,8,7,7,7,Company Website
27,Current employee,Travel_Rarely,1469,Research & Development,1,2,Medical,1,6035,129490,4,Male,82,3,1,Laboratory Technician,2,Divorced,3816,17881,1,Y,No,11,3,2,80,1,5,2,3,5,2,0,4,Adzuna
27,Current employee,Travel_Rarely,1469,Research & Development,1,2,Life Sciences,1,6037,129492,4,Male,82,3,1,Laboratory Technician,2,Divorced,3816,17881,0,Y,No,11,3,2,80,1,5,2,3,5,2,0,4,Adzuna
27,Current employee,Travel_Rarely,1469,Research & Development,1,2,Medical,1,6041,129496,4,Male,82,3,1,Laboratory Technician,2,Divorced,3816,17881,1,Y,No,11,3,2,80,1,5,2,3,5,2,0,4,Indeed
27,Current employee,Travel_Rarely,1469,Research & Development,1,2,Life Sciences,1,6042,129497,4,Male,82,3,1,Laboratory Technician,2,Divorced,3816,17881,0,Y,No,11,3,2,80,1,5,2,3,5,2,0,4,Company Website
27,Current employee,Travel_Rarely,1469,Research & Development,1,2,Medical,1,6043,129498,4,Male,82,3,1,Laboratory Technician,2,Divorced,3816,17881,1,Y,No,11,3,2,80,1,5,2,3,5,2,0,4,Adzuna
27,Current employee,Travel_Rarely,1469,Research & Development,1,2,Life Sciences,1,6045,129500,4,Male,82,3,1,Laboratory Technician,2,Divorced,3816,17881,0,Y,No,11,3,2,80,1,5,2,3,5,2,0,4,Adzuna
27,Current employee,Travel_Rarely,1469,Research & Development,1,2,Medical,1,6049,129504,4,Male,82,3,1,Laboratory Technician,2,Divorced,3816,17881,1,Y,No,11,3,2,80,1,5,2,3,5,2,0,4,Indeed
27,Current employee,Travel_Rarely,1469,Research & Development,1,2,Life Sciences,1,6050,129505,4,Male,82,3,1,Laboratory Technician,2,Divorced,3816,17881,0,Y,No,11,3,2,80,1,5,2,3,5,2,0,4,Company Website
27,Current employee,Travel_Rarely,1103,Research & Development,14,3,Life Sciences,1,6296,129751,2,Male,54,3,2,Manufacturing Director,2,Single,4197,21123,2,Y,Yes,12,3,4,80,0,18,2,2,1,0,0,1,Jora
27,Current employee,Travel_Rarely,1103,Research & Development,14,3,Medical,1,6298,129753,2,Male,54,3,2,Manufacturing Director,2,Single,4197,21123,1,Y,Yes,12,4,4,80,0,18,2,2,1,0,0,1,Jora
27,Current employee,Travel_Rarely,1103,Research & Development,14,3,Life Sciences,1,6299,129754,2,Male,54,3,2,Manufacturing Director,2,Single,4197,21123,2,Y,Yes,12,3,4,80,0,18,2,2,1,0,0,1,Seek
27,Current employee,Travel_Rarely,1103,Research & Development,14,3,Medical,1,6300,129755,2,Male,54,3,2,Manufacturing Director,2,Single,4197,21123,1,Y,Yes,12,3,4,80,0,18,2,2,1,0,0,1,Jora
27,Current employee,Travel_Rarely,1103,Research & Development,14,3,Life Sciences,1,6304,129759,2,Male,54,3,2,Manufacturing Director,2,Single,4197,21123,2,Y,Yes,12,3,4,80,0,18,2,2,1,0,0,1,Jora
27,Current employee,Travel_Rarely,1103,Research & Development,14,3,Medical,1,6306,129761,2,Male,54,3,2,Manufacturing Director,2,Single,4197,21123,1,Y,Yes,12,4,4,80,0,18,2,2,1,0,0,1,Jora
27,Current employee,Travel_Rarely,1103,Research & Development,14,3,Life Sciences,1,6307,129762,2,Male,54,3,2,Manufacturing Director,2,Single,4197,21123,2,Y,Yes,12,3,4,80,0,18,2,2,1,0,0,1,Seek
27,Current employee,Travel_Rarely,1103,Research & Development,14,3,Medical,1,6308,129763,2,Male,54,3,2,Manufacturing Director,2,Single,4197,21123,1,Y,Yes,12,3,4,80,0,18,2,2,1,0,0,1,Jora
27,Current employee,Travel_Rarely,1167,Research & Development,4,2,Life Sciences,1,6404,129859,2,Female,54,3,2,Healthcare Representative,3,Divorced,4522,2227,4,Y,Yes,14,3,4,80,0,8,3,3,5,2,0,2,Seek
27,Current employee,Travel_Rarely,1167,Research & Development,4,2,Life Sciences,1,6405,129860,2,Female,54,3,2,Healthcare Representative,3,Divorced,4522,2227,0,Y,Yes,14,3,4,80,0,8,3,3,5,2,0,2,Seek
27,Current employee,Travel_Rarely,1167,Research & Development,4,2,Life Sciences,1,6407,129862,2,Female,54,3,2,Healthcare Representative,3,Divorced,4522,2227,4,Y,Yes,14,3,4,80,0,8,3,3,5,2,0,2,Company Website
27,Current employee,Travel_Rarely,1167,Research & Development,4,2,Life Sciences,1,6408,129863,2,Female,54,3,2,Healthcare Representative,3,Divorced,4522,2227,0,Y,Yes,14,3,4,80,0,8,3,3,5,2,0,2,Adzuna
27,Current employee,Travel_Rarely,1167,Research & Development,4,2,Life Sciences,1,6412,129867,2,Female,54,3,2,Healthcare Representative,3,Divorced,4522,2227,4,Y,Yes,14,3,4,80,0,8,3,3,5,2,0,2,Seek
27,Current employee,Travel_Rarely,1167,Research & Development,4,2,Life Sciences,1,6413,129868,2,Female,54,3,2,Healthcare Representative,3,Divorced,4522,2227,0,Y,Yes,14,3,4,80,0,8,3,3,5,2,0,2,Seek
27,Current employee,Travel_Rarely,1167,Research & Development,4,2,Life Sciences,1,6415,129870,2,Female,54,3,2,Healthcare Representative,3,Divorced,4522,2227,4,Y,Yes,14,3,4,80,0,8,3,3,5,2,0,2,Company Website
27,Current employee,Travel_Rarely,1167,Research & Development,4,2,Life Sciences,1,6416,129871,2,Female,54,3,2,Healthcare Representative,3,Divorced,4522,2227,0,Y,Yes,14,3,4,80,0,8,3,3,5,2,0,2,Adzuna
27,Current employee,Travel_Frequently,793,Sales,2,1,Life Sciences,1,6955,130410,2,Male,56,2,1,Research Scientist,3,Divorced,2768,8416,3,Y,No,12,3,3,80,1,14,3,3,7,3,5,7,GlassDoor
27,Current employee,Travel_Frequently,793,Sales,2,1,Life Sciences,1,6957,130412,2,Male,56,2,1,Research Scientist,3,Divorced,2768,8416,2,Y,No,12,3,3,80,1,14,3,3,7,3,5,7,GlassDoor
27,Current employee,Travel_Frequently,793,Sales,2,1,Life Sciences,1,6958,130413,2,Male,56,2,1,Research Scientist,3,Divorced,2768,8416,3,Y,No,12,3,3,80,1,14,3,3,7,3,5,7,Jora
27,Current employee,Travel_Frequently,793,Sales,2,1,Life Sciences,1,6959,130414,2,Male,56,2,1,Research Scientist,3,Divorced,2768,8416,2,Y,No,12,3,3,80,1,14,3,3,7,3,5,7,GlassDoor
27,Current employee,Travel_Frequently,793,Sales,2,1,Life Sciences,1,6962,130417,2,Male,56,2,1,Research Scientist,3,Divorced,2768,8416,3,Y,No,12,3,3,80,1,14,3,3,7,3,5,7,GlassDoor
27,Current employee,Travel_Frequently,793,Sales,2,1,Life Sciences,1,6964,130419,2,Male,56,2,1,Research Scientist,3,Divorced,2768,8416,2,Y,No,12,3,3,80,1,14,3,3,7,3,5,7,GlassDoor
27,Current employee,Travel_Frequently,793,Sales,2,1,Life Sciences,1,6965,130420,2,Male,56,2,1,Research Scientist,3,Divorced,2768,8416,3,Y,No,12,3,3,80,1,14,3,3,7,3,5,7,Jora
27,Current employee,Travel_Frequently,793,Sales,2,1,Life Sciences,1,6966,130421,2,Male,56,2,1,Research Scientist,3,Divorced,2768,8416,2,Y,No,12,3,3,80,1,14,3,3,7,3,5,7,GlassDoor
27,Current employee,Travel_Rarely,1377,Research & Development,11,1,Life Sciences,1,7223,130678,2,Female,57,3,1,Laboratory Technician,3,Married,3755,17872,1,Y,No,11,3,1,80,1,8,3,3,8,3,0,7,Company Website
27,Current employee,Travel_Rarely,1377,Research & Development,11,1,Medical,1,7225,130680,2,Female,57,3,1,Laboratory Technician,3,Married,3755,17872,1,Y,No,11,3,1,80,1,8,3,3,8,3,0,7,Company Website
27,Current employee,Travel_Rarely,1377,Research & Development,11,1,Life Sciences,1,7226,130681,2,Female,57,3,1,Laboratory Technician,3,Married,3755,17872,1,Y,No,11,3,1,80,1,8,3,3,8,3,0,7,Recruit.net
27,Current employee,Travel_Rarely,1377,Research & Development,11,1,Medical,1,7227,130682,2,Female,57,3,1,Laboratory Technician,3,Married,3755,17872,1,Y,No,11,3,1,80,1,8,3,3,8,3,0,7,Company Website
27,Current employee,Travel_Rarely,1377,Research & Development,11,1,Life Sciences,1,7231,130686,2,Female,57,3,1,Laboratory Technician,3,Married,3755,17872,1,Y,No,11,3,1,80,1,8,3,3,8,3,0,7,Company Website
27,Current employee,Travel_Rarely,1377,Research & Development,11,1,Medical,1,7233,130688,2,Female,57,3,1,Laboratory Technician,3,Married,3755,17872,1,Y,No,11,3,1,80,1,8,3,3,8,3,0,7,Company Website
27,Current employee,Travel_Rarely,1377,Research & Development,11,1,Life Sciences,1,7234,130689,2,Female,57,3,1,Laboratory Technician,3,Married,3755,17872,1,Y,No,11,3,1,80,1,8,3,3,8,3,0,7,Recruit.net
27,Current employee,Travel_Rarely,1377,Research & Development,11,1,Medical,1,7235,130690,2,Female,57,3,1,Laboratory Technician,3,Married,3755,17872,1,Y,No,11,3,1,80,1,8,3,3,8,3,0,7,Company Website
27,Current employee,Travel_Rarely,798,Research & Development,6,4,Medical,1,7774,131229,1,Female,66,2,1,Research Scientist,3,Divorced,2187,5013,0,Y,No,12,4,3,80,2,6,5,2,5,3,0,3,Recruit.net
27,Current employee,Travel_Rarely,798,Research & Development,6,4,Marketing,1,7777,131232,1,Female,66,2,1,Research Scientist,3,Divorced,2187,5013,3,Y,No,12,3,3,80,2,6,5,2,5,3,0,3,Recruit.net
27,Current employee,Travel_Rarely,798,Research & Development,6,4,Medical,1,7778,131233,1,Female,66,2,1,Research Scientist,3,Divorced,2187,5013,0,Y,No,12,3,3,80,2,6,5,2,5,3,0,3,LinkedIn
27,Current employee,Travel_Rarely,798,Research & Development,6,4,Marketing,1,7779,131234,1,Female,66,2,1,Research Scientist,3,Divorced,2187,5013,3,Y,No,12,3,3,80,2,6,5,2,5,3,0,3,Recruit.net
27,Current employee,Travel_Rarely,798,Research & Development,6,4,Marketing,1,7784,131239,1,Female,66,2,1,Research Scientist,3,Divorced,2187,5013,3,Y,No,12,3,3,80,2,6,5,2,5,3,0,3,Recruit.net
27,Current employee,Travel_Rarely,798,Research & Development,6,4,Medical,1,7785,131240,1,Female,66,2,1,Research Scientist,3,Divorced,2187,5013,0,Y,No,12,3,3,80,2,6,5,2,5,3,0,3,LinkedIn
27,Current employee,Travel_Rarely,798,Research & Development,6,4,Marketing,1,7786,131241,1,Female,66,2,1,Research Scientist,3,Divorced,2187,5013,3,Y,No,12,3,3,80,2,6,5,2,5,3,0,3,Recruit.net
27,Current employee,Travel_Rarely,1115,Research & Development,3,4,Medical,1,8198,131653,1,Male,54,2,1,Research Scientist,4,Single,2045,15174,0,Y,No,13,3,4,80,0,5,0,3,4,2,1,1,Seek
27,Current employee,Travel_Rarely,1115,Research & Development,3,4,Life Sciences,1,8200,131655,1,Male,54,2,1,Research Scientist,4,Single,2045,15174,2,Y,No,13,3,4,80,0,5,0,3,4,2,1,1,Seek
27,Current employee,Travel_Rarely,1115,Research & Development,3,4,Medical,1,8202,131657,1,Male,54,2,1,Research Scientist,4,Single,2045,15174,0,Y,No,13,3,4,80,0,5,0,3,4,2,1,1,Seek
27,Current employee,Travel_Rarely,1115,Research & Development,3,4,Life Sciences,1,8203,131658,1,Male,54,2,1,Research Scientist,4,Single,2045,15174,2,Y,No,13,3,4,80,0,5,0,3,4,2,1,1,Seek
27,Current employee,Travel_Rarely,1115,Research & Development,3,4,Medical,1,8206,131661,1,Male,54,2,1,Research Scientist,4,Single,2045,15174,0,Y,No,13,3,4,80,0,5,0,3,4,2,1,1,Seek
27,Current employee,Travel_Rarely,1115,Research & Development,3,4,Life Sciences,1,8208,131663,1,Male,54,2,1,Research Scientist,4,Single,2045,15174,2,Y,No,13,3,4,80,0,5,0,3,4,2,1,1,Seek
27,Current employee,Travel_Rarely,1115,Research & Development,3,4,Medical,1,8210,131665,1,Male,54,2,1,Research Scientist,4,Single,2045,15174,0,Y,No,13,3,4,80,0,5,0,3,4,2,1,1,Seek
27,Current employee,Travel_Rarely,1115,Research & Development,3,4,Life Sciences,1,8211,131666,1,Male,54,2,1,Research Scientist,4,Single,2045,15174,2,Y,No,13,3,4,80,0,5,0,3,4,2,1,1,Seek
27,Current employee,Travel_Frequently,1410,Sales,3,1,Medical,1,8342,131797,4,Female,71,4,2,Sales Executive,4,Divorced,4647,16673,1,Y,Yes,20,3,2,80,2,6,3,3,6,5,0,4,Adzuna
27,Current employee,Travel_Frequently,1410,Sales,3,1,Life Sciences,1,8345,131800,4,Female,71,4,2,Sales Executive,4,Divorced,4647,16673,4,Y,Yes,20,3,2,80,2,6,3,3,6,5,0,4,Adzuna
27,Current employee,Travel_Frequently,1410,Sales,3,1,Medical,1,8346,131801,4,Female,71,4,2,Sales Executive,4,Divorced,4647,16673,1,Y,Yes,20,4,2,80,2,6,3,3,6,5,0,4,Jora
27,Current employee,Travel_Frequently,1410,Sales,3,1,Life Sciences,1,8347,131802,4,Female,71,4,2,Sales Executive,4,Divorced,4647,16673,4,Y,Yes,20,4,2,80,2,6,3,3,6,5,0,4,Seek
27,Current employee,Travel_Frequently,1410,Sales,3,1,Medical,1,8350,131805,4,Female,71,4,2,Sales Executive,4,Divorced,4647,16673,1,Y,Yes,20,3,2,80,2,6,3,3,6,5,0,4,Adzuna
27,Current employee,Travel_Frequently,1410,Sales,3,1,Life Sciences,1,8353,131808,4,Female,71,4,2,Sales Executive,4,Divorced,4647,16673,4,Y,Yes,20,3,2,80,2,6,3,3,6,5,0,4,Adzuna
27,Current employee,Travel_Frequently,1410,Sales,3,1,Medical,1,8354,131809,4,Female,71,4,2,Sales Executive,4,Divorced,4647,16673,1,Y,Yes,20,4,2,80,2,6,3,3,6,5,0,4,Jora
27,Current employee,Travel_Frequently,1410,Sales,3,1,Life Sciences,1,8355,131810,4,Female,71,4,2,Sales Executive,4,Divorced,4647,16673,4,Y,Yes,20,4,2,80,2,6,3,3,6,5,0,4,Seek
27,Current employee,Travel_Rarely,608,Research & Development,1,2,Life Sciences,1,8494,131949,3,Female,68,3,3,Manufacturing Director,1,Married,7412,6009,1,Y,No,11,3,4,80,0,9,3,3,9,7,0,7,Company Website
27,Current employee,Travel_Rarely,608,Research & Development,1,2,Life Sciences,1,8496,131951,3,Female,68,3,3,Manufacturing Director,1,Married,7412,6009,1,Y,No,11,4,4,80,0,9,3,3,9,7,0,7,Company Website
27,Current employee,Travel_Rarely,608,Research & Development,1,2,Life Sciences,1,8498,131953,3,Female,68,3,3,Manufacturing Director,1,Married,7412,6009,1,Y,No,11,3,4,80,0,9,3,3,9,7,0,7,LinkedIn
27,Current employee,Travel_Rarely,608,Research & Development,1,2,Life Sciences,1,8499,131954,3,Female,68,3,3,Manufacturing Director,1,Married,7412,6009,1,Y,No,11,3,4,80,0,9,3,3,9,7,0,7,Company Website
27,Current employee,Travel_Rarely,608,Research & Development,1,2,Life Sciences,1,8502,131957,3,Female,68,3,3,Manufacturing Director,1,Married,7412,6009,1,Y,No,11,3,4,80,0,9,3,3,9,7,0,7,Company Website
27,Current employee,Travel_Rarely,608,Research & Development,1,2,Life Sciences,1,8503,131958,3,Female,68,3,3,Manufacturing Director,1,Married,7412,6009,4,Y,Yes,11,3,2,80,0,7,2,3,5,2,0,1,Adzuna
27,Current employee,Travel_Rarely,608,Research & Development,1,2,Life Sciences,1,8504,131959,3,Female,68,3,3,Manufacturing Director,1,Married,7412,6009,2,Y,Yes,15,3,3,80,1,32,3,3,30,8,12,13,Adzuna
27,Current employee,Travel_Rarely,608,Research & Development,1,2,Life Sciences,1,8506,131961,3,Female,68,3,3,Manufacturing Director,1,Married,7412,6009,1,Y,No,11,4,4,80,0,9,3,3,9,7,0,7,Company Website
27,Current employee,Travel_Rarely,608,Research & Development,1,2,Life Sciences,1,8508,131963,3,Female,68,3,3,Manufacturing Director,1,Married,7412,6009,1,Y,No,11,3,4,80,0,9,3,3,9,7,0,7,LinkedIn
27,Current employee,Travel_Rarely,608,Research & Development,1,2,Life Sciences,1,8509,131964,3,Female,68,3,3,Manufacturing Director,1,Married,7412,6009,1,Y,No,11,3,4,80,0,9,3,3,9,7,0,7,Company Website
27,Current employee,Travel_Frequently,294,Research & Development,10,2,Life Sciences,1,8619,132074,4,Male,32,3,3,Manufacturing Director,1,Divorced,8793,4809,1,Y,No,21,3,3,80,2,9,4,2,9,7,1,7,Adzuna
27,Current employee,Travel_Frequently,294,Research & Development,10,2,Medical,1,8621,132076,4,Male,32,3,3,Manufacturing Director,1,Divorced,8793,4809,1,Y,No,21,3,3,80,2,9,4,2,9,7,1,7,Adzuna
27,Current employee,Travel_Frequently,294,Research & Development,10,2,Life Sciences,1,8623,132078,4,Male,32,3,3,Manufacturing Director,1,Divorced,8793,4809,1,Y,No,21,4,3,80,2,9,4,2,9,7,1,7,Recruit.net
27,Current employee,Travel_Frequently,294,Research & Development,10,2,Medical,1,8624,132079,4,Male,32,3,3,Manufacturing Director,1,Divorced,8793,4809,1,Y,No,21,4,3,80,2,9,4,2,9,7,1,7,Adzuna
27,Current employee,Travel_Frequently,294,Research & Development,10,2,Life Sciences,1,8627,132082,4,Male,32,3,3,Manufacturing Director,1,Divorced,8793,4809,1,Y,No,21,3,3,80,2,9,4,2,9,7,1,7,Adzuna
27,Current employee,Travel_Frequently,294,Research & Development,10,2,Life Sciences,1,8628,132083,4,Male,32,3,3,Manufacturing Director,1,Divorced,8793,4809,1,Y,No,15,3,4,80,0,0,2,3,0,0,0,0,Indeed
27,Current employee,Travel_Frequently,294,Research & Development,10,2,Life Sciences,1,8629,132084,4,Male,32,3,3,Manufacturing Director,1,Divorced,8793,4809,9,Y,Yes,12,3,2,80,2,7,2,3,3,2,1,1,Seek
27,Current employee,Travel_Frequently,294,Research & Development,10,2,Medical,1,8631,132086,4,Male,32,3,1,Human Resources,2,Divorced,2277,22650,3,Y,Yes,11,3,2,80,1,34,4,3,33,7,1,9,Adzuna
27,Current employee,Travel_Frequently,294,Research & Development,10,2,Life Sciences,1,8633,132088,4,Male,32,3,3,Manufacturing Director,1,Divorced,8793,4809,1,Y,No,21,4,3,80,2,9,4,2,9,7,1,7,Recruit.net
27,Current employee,Travel_Frequently,294,Research & Development,10,2,Medical,1,8634,132089,4,Male,32,3,3,Manufacturing Director,1,Divorced,8793,4809,1,Y,No,21,4,3,80,2,9,4,2,9,7,1,7,Adzuna
27,Current employee,Travel_Rarely,975,Research & Development,7,3,Medical,1,8902,132357,4,Female,55,2,2,Healthcare Representative,1,Single,6811,23398,8,Y,No,19,3,1,80,0,9,2,1,7,6,0,7,Company Website
27,Current employee,Travel_Rarely,975,Research & Development,7,3,Marketing,1,8905,132360,4,Female,55,2,2,Healthcare Representative,1,Single,6811,23398,0,Y,No,19,3,1,80,0,9,2,1,7,6,0,7,Company Website
27,Current employee,Travel_Rarely,975,Research & Development,7,3,Medical,1,8906,132361,4,Female,55,2,2,Healthcare Representative,1,Single,6811,23398,8,Y,No,19,3,1,80,0,9,2,1,7,6,0,7,Recruit.net
27,Current employee,Travel_Rarely,975,Research & Development,7,3,Marketing,1,8907,132362,4,Female,55,2,2,Healthcare Representative,1,Single,6811,23398,0,Y,No,19,3,1,80,0,9,2,1,7,6,0,7,LinkedIn
27,Current employee,Travel_Rarely,975,Research & Development,7,3,Medical,1,8910,132365,4,Female,55,2,2,Healthcare Representative,1,Single,6811,23398,8,Y,No,19,3,1,80,0,9,2,1,7,6,0,7,Company Website
27,Current employee,Travel_Rarely,975,Research & Development,7,3,Marketing,1,8913,132368,4,Female,55,2,2,Healthcare Representative,1,Single,6811,23398,0,Y,No,19,3,1,80,0,9,2,1,7,6,0,7,Company Website
27,Current employee,Travel_Rarely,975,Research & Development,7,3,Medical,1,8914,132369,4,Female,55,2,2,Healthcare Representative,1,Single,6811,23398,8,Y,No,19,3,1,80,0,9,2,1,7,6,0,7,Recruit.net
27,Current employee,Travel_Rarely,975,Research & Development,7,3,Marketing,1,8915,132370,4,Female,55,2,2,Healthcare Representative,1,Single,6811,23398,0,Y,No,19,3,1,80,0,9,2,1,7,6,0,7,LinkedIn
27,Current employee,Travel_Frequently,1297,Research & Development,5,2,Life Sciences,1,9176,132631,3,Female,62,1,1,Laboratory Technician,4,Divorced,4364,5288,3,Y,No,14,3,1,80,1,5,2,3,2,2,2,0,Jora
27,Current employee,Travel_Frequently,1297,Research & Development,5,2,Life Sciences,1,9178,132633,3,Female,62,1,1,Laboratory Technician,4,Divorced,4364,5288,1,Y,No,14,3,1,80,1,5,2,3,2,2,2,0,Jora
27,Current employee,Travel_Frequently,1297,Research & Development,5,2,Life Sciences,1,9181,132636,3,Female,62,1,1,Laboratory Technician,4,Divorced,4364,5288,3,Y,No,14,3,1,80,1,5,2,3,2,2,2,0,Company Website
27,Current employee,Travel_Frequently,1297,Research & Development,5,2,Life Sciences,1,9182,132637,3,Female,62,1,1,Laboratory Technician,4,Divorced,4364,5288,1,Y,No,14,3,1,80,1,5,2,3,2,2,2,0,Jora
27,Current employee,Travel_Frequently,1297,Research & Development,5,2,Life Sciences,1,9184,132639,3,Female,62,1,1,Laboratory Technician,4,Divorced,4364,5288,3,Y,No,14,3,1,80,1,5,2,3,2,2,2,0,Jora
27,Current employee,Travel_Frequently,1297,Research & Development,5,2,Life Sciences,1,9186,132641,3,Female,62,1,1,Laboratory Technician,4,Divorced,4364,5288,1,Y,No,14,3,1,80,1,5,2,3,2,2,2,0,Jora
27,Current employee,Travel_Frequently,1297,Research & Development,5,2,Life Sciences,1,9189,132644,3,Female,62,1,1,Laboratory Technician,4,Divorced,4364,5288,3,Y,No,14,3,1,80,1,5,2,3,2,2,2,0,Company Website
27,Current employee,Travel_Frequently,1297,Research & Development,5,2,Life Sciences,1,9190,132645,3,Female,62,1,1,Laboratory Technician,4,Divorced,4364,5288,1,Y,No,14,3,1,80,1,5,2,3,2,2,2,0,Jora
27,Current employee,Travel_Frequently,829,Sales,8,1,Marketing,1,9252,132707,3,Male,84,3,2,Sales Executive,4,Married,4342,24008,0,Y,No,19,3,2,80,1,5,3,3,4,2,1,1,Company Website
27,Current employee,Travel_Frequently,829,Sales,8,1,Marketing,1,9254,132709,3,Male,84,3,2,Sales Executive,4,Married,4342,24008,6,Y,No,19,3,2,80,1,5,3,3,4,2,1,1,Company Website
27,Current employee,Travel_Frequently,829,Sales,8,1,Marketing,1,9256,132711,3,Male,84,3,2,Sales Executive,4,Married,4342,24008,0,Y,No,19,3,2,80,1,5,3,3,4,2,1,1,Seek
27,Current employee,Travel_Frequently,829,Sales,8,1,Marketing,1,9257,132712,3,Male,84,3,2,Sales Executive,4,Married,4342,24008,6,Y,No,19,3,2,80,1,5,3,3,4,2,1,1,Jora
27,Current employee,Travel_Frequently,829,Sales,8,1,Marketing,1,9260,132715,3,Male,84,3,2,Sales Executive,4,Married,4342,24008,0,Y,No,19,3,2,80,1,5,3,3,4,2,1,1,Company Website
27,Current employee,Travel_Frequently,829,Sales,8,1,Marketing,1,9262,132717,3,Male,84,3,2,Sales Executive,4,Married,4342,24008,6,Y,No,19,3,2,80,1,5,3,3,4,2,1,1,Company Website
27,Current employee,Travel_Frequently,829,Sales,8,1,Marketing,1,9264,132719,3,Male,84,3,2,Sales Executive,4,Married,4342,24008,0,Y,No,19,3,2,80,1,5,3,3,4,2,1,1,Seek
27,Current employee,Travel_Frequently,829,Sales,8,1,Marketing,1,9265,132720,3,Male,84,3,2,Sales Executive,4,Married,4342,24008,6,Y,No,19,3,2,80,1,5,3,3,4,2,1,1,Jora
27,Current employee,Travel_Frequently,1131,Research & Development,15,3,Life Sciences,1,9317,132772,3,Female,62,3,1,Sales Representative,4,Married,2572,20317,1,Y,No,16,3,2,80,1,3,1,2,3,2,0,2,LinkedIn
27,Current employee,Travel_Frequently,1131,Research & Development,15,3,Medical,1,9319,132774,3,Female,62,3,1,Sales Representative,4,Married,2572,20317,9,Y,No,16,3,2,80,1,3,1,2,3,2,0,2,LinkedIn
27,Current employee,Travel_Frequently,1131,Research & Development,15,3,Life Sciences,1,9320,132775,3,Female,62,3,1,Sales Representative,4,Married,2572,20317,1,Y,No,16,3,2,80,1,3,1,2,3,2,0,2,LinkedIn
27,Current employee,Travel_Frequently,1131,Research & Development,15,3,Medical,1,9321,132776,3,Female,62,3,1,Sales Representative,4,Married,2572,20317,9,Y,No,16,3,2,80,1,3,1,2,3,2,0,2,Indeed
27,Current employee,Travel_Frequently,1131,Research & Development,15,3,Life Sciences,1,9325,132780,3,Female,62,3,1,Sales Representative,4,Married,2572,20317,1,Y,No,16,3,2,80,1,3,1,2,3,2,0,2,LinkedIn
27,Current employee,Travel_Frequently,1131,Research & Development,15,3,Medical,1,9327,132782,3,Female,62,3,1,Sales Representative,4,Married,2572,20317,9,Y,No,16,3,2,80,1,3,1,2,3,2,0,2,LinkedIn
27,Current employee,Travel_Frequently,1131,Research & Development,15,3,Life Sciences,1,9328,132783,3,Female,62,3,1,Sales Representative,4,Married,2572,20317,1,Y,No,16,3,2,80,1,3,1,2,3,2,0,2,LinkedIn
27,Current employee,Travel_Frequently,1131,Research & Development,15,3,Medical,1,9329,132784,3,Female,62,3,1,Sales Representative,4,Married,2572,20317,9,Y,No,16,3,2,80,1,3,1,2,3,2,0,2,Indeed
27,Current employee,Travel_Rarely,269,Research & Development,5,1,Technical Degree,1,9796,133251,3,Male,42,2,3,Research Director,4,Divorced,12808,8842,1,Y,Yes,16,3,2,80,1,9,3,3,9,8,0,8,Adzuna
27,Current employee,Travel_Rarely,269,Research & Development,5,1,Life Sciences,1,9798,133253,3,Male,42,2,3,Research Director,4,Divorced,12808,8842,2,Y,Yes,16,3,2,80,1,9,3,3,9,8,0,8,Adzuna
27,Current employee,Travel_Rarely,269,Research & Development,5,1,Technical Degree,1,9800,133255,3,Male,42,2,3,Research Director,4,Divorced,12808,8842,1,Y,Yes,16,3,2,80,1,9,3,3,9,8,0,8,Seek
27,Current employee,Travel_Rarely,269,Research & Development,5,1,Life Sciences,1,9801,133256,3,Male,42,2,3,Research Director,4,Divorced,12808,8842,2,Y,Yes,16,3,2,80,1,9,3,3,9,8,0,8,Adzuna
27,Current employee,Travel_Rarely,269,Research & Development,5,1,Technical Degree,1,9804,133259,3,Male,42,2,3,Research Director,4,Divorced,12808,8842,1,Y,Yes,16,3,2,80,1,9,3,3,9,8,0,8,Adzuna
27,Current employee,Travel_Rarely,269,Research & Development,5,1,Life Sciences,1,9806,133261,3,Male,42,2,3,Research Director,4,Divorced,12808,8842,2,Y,Yes,16,3,2,80,1,9,3,3,9,8,0,8,Adzuna
27,Current employee,Travel_Rarely,269,Research & Development,5,1,Technical Degree,1,9808,133263,3,Male,42,2,3,Research Director,4,Divorced,12808,8842,1,Y,Yes,16,3,2,80,1,9,3,3,9,8,0,8,Seek
27,Current employee,Travel_Rarely,269,Research & Development,5,1,Life Sciences,1,9809,133264,3,Male,42,2,3,Research Director,4,Divorced,12808,8842,2,Y,Yes,16,3,2,80,1,9,3,3,9,8,0,8,Adzuna
27,Current employee,Non-Travel,443,Research & Development,3,3,Medical,1,9875,133330,4,Male,50,3,1,Research Scientist,4,Married,1706,16571,1,Y,No,11,3,3,80,3,0,6,2,0,0,0,0,LinkedIn
27,Current employee,Non-Travel,443,Research & Development,3,3,Life Sciences,1,9878,133333,4,Male,50,3,1,Research Scientist,4,Married,1706,16571,2,Y,No,11,3,3,80,3,0,6,2,0,0,0,0,LinkedIn
27,Current employee,Non-Travel,443,Research & Development,3,3,Medical,1,9879,133334,4,Male,50,3,1,Research Scientist,4,Married,1706,16571,1,Y,No,11,3,3,80,3,0,6,2,0,0,0,0,Company Website
27,Current employee,Non-Travel,443,Research & Development,3,3,Life Sciences,1,9880,133335,4,Male,50,3,1,Research Scientist,4,Married,1706,16571,2,Y,No,11,3,3,80,3,0,6,2,0,0,0,0,LinkedIn
27,Current employee,Non-Travel,443,Research & Development,3,3,Medical,1,9883,133338,4,Male,50,3,1,Research Scientist,4,Married,1706,16571,1,Y,No,11,3,3,80,3,0,6,2,0,0,0,0,LinkedIn
27,Current employee,Non-Travel,443,Research & Development,3,3,Life Sciences,1,9886,133341,4,Male,50,3,1,Research Scientist,4,Married,1706,16571,2,Y,No,11,3,3,80,3,0,6,2,0,0,0,0,LinkedIn
27,Current employee,Non-Travel,443,Research & Development,3,3,Medical,1,9887,133342,4,Male,50,3,1,Research Scientist,4,Married,1706,16571,1,Y,No,11,3,3,80,3,0,6,2,0,0,0,0,Company Website
27,Current employee,Non-Travel,443,Research & Development,3,3,Life Sciences,1,9888,133343,4,Male,50,3,1,Research Scientist,4,Married,1706,16571,2,Y,No,11,3,3,80,3,0,6,2,0,0,0,0,LinkedIn
27,Current employee,Travel_Rarely,155,Research & Development,4,3,Life Sciences,1,10144,133599,3,Male,65,3,1,Research Scientist,4,Single,2515,9068,5,Y,Yes,14,4,4,80,0,8,2,3,2,1,2,2,Seek
27,Current employee,Travel_Rarely,155,Research & Development,4,3,Life Sciences,1,10146,133601,3,Male,65,3,1,Research Scientist,4,Single,2515,9068,3,Y,Yes,14,3,4,80,0,8,2,3,2,1,2,2,Seek
27,Current employee,Travel_Rarely,155,Research & Development,4,3,Life Sciences,1,10147,133602,3,Male,65,3,1,Research Scientist,4,Single,2515,9068,5,Y,Yes,14,3,4,80,0,8,2,3,2,1,2,2,GlassDoor
27,Current employee,Travel_Rarely,155,Research & Development,4,3,Life Sciences,1,10148,133603,3,Male,65,3,1,Research Scientist,4,Single,2515,9068,3,Y,Yes,14,3,4,80,0,8,2,3,2,1,2,2,Seek
27,Current employee,Travel_Rarely,155,Research & Development,4,3,Life Sciences,1,10152,133607,3,Male,65,3,1,Research Scientist,4,Single,2515,9068,5,Y,Yes,14,4,4,80,0,8,2,3,2,1,2,2,Seek
27,Current employee,Travel_Rarely,155,Research & Development,4,3,Life Sciences,1,10154,133609,3,Male,65,3,1,Research Scientist,4,Single,2515,9068,3,Y,Yes,14,3,4,80,0,8,2,3,2,1,2,2,Seek
27,Current employee,Travel_Rarely,155,Research & Development,4,3,Life Sciences,1,10155,133610,3,Male,65,3,1,Research Scientist,4,Single,2515,9068,5,Y,Yes,14,3,4,80,0,8,2,3,2,1,2,2,GlassDoor
27,Current employee,Travel_Rarely,155,Research & Development,4,3,Life Sciences,1,10156,133611,3,Male,65,3,1,Research Scientist,4,Single,2515,9068,3,Y,Yes,14,3,4,80,0,8,2,3,2,1,2,2,Seek
27,Current employee,Non-Travel,210,Sales,1,1,Marketing,1,10732,134187,3,Female,66,3,1,Research Scientist,3,Divorced,2377,9834,5,Y,No,18,3,2,80,1,6,2,3,2,2,2,2,Indeed
27,Current employee,Non-Travel,210,Sales,1,1,Life Sciences,1,10733,134188,3,Female,66,3,1,Research Scientist,3,Divorced,2377,9834,2,Y,No,18,3,2,80,1,6,2,3,2,2,2,2,Indeed
27,Current employee,Non-Travel,210,Sales,1,1,Marketing,1,10735,134190,3,Female,66,3,1,Research Scientist,3,Divorced,2377,9834,5,Y,No,18,3,2,80,1,6,2,3,2,2,2,2,Company Website
27,Current employee,Non-Travel,210,Sales,1,1,Life Sciences,1,10736,134191,3,Female,66,3,1,Research Scientist,3,Divorced,2377,9834,2,Y,No,18,3,2,80,1,6,2,3,2,2,2,2,Indeed
27,Current employee,Non-Travel,210,Sales,1,1,Marketing,1,10740,134195,3,Female,66,3,1,Research Scientist,3,Divorced,2377,9834,5,Y,No,18,3,2,80,1,6,2,3,2,2,2,2,Indeed
27,Current employee,Non-Travel,210,Sales,1,1,Marketing,1,10741,134196,3,Female,66,3,1,Research Scientist,3,Divorced,2377,9834,5,Y,No,18,3,1,80,1,11,3,3,7,6,7,6,Company Website
27,Current employee,Non-Travel,210,Sales,1,1,Life Sciences,1,10742,134197,3,Female,66,3,1,Research Scientist,3,Divorced,2377,9834,2,Y,No,18,3,2,80,1,6,2,3,2,2,2,2,Indeed
27,Current employee,Non-Travel,210,Sales,1,1,Marketing,1,10744,134199,3,Female,66,3,1,Research Scientist,3,Divorced,2377,9834,5,Y,No,18,3,2,80,1,6,2,3,2,2,2,2,Company Website
27,Current employee,Non-Travel,210,Sales,1,1,Life Sciences,1,10745,134200,3,Female,66,3,1,Research Scientist,3,Divorced,2377,9834,2,Y,No,18,3,2,80,1,6,2,3,2,2,2,2,Indeed
27,Current employee,Travel_Rarely,618,Research & Development,4,3,Life Sciences,1,10763,134218,2,Female,76,3,1,Research Scientist,3,Single,2318,17808,1,Y,No,19,3,3,80,0,1,2,3,1,1,0,0,LinkedIn
27,Current employee,Travel_Rarely,1130,Sales,8,4,Marketing,1,10764,134219,3,Female,66,3,1,Research Scientist,3,Single,2318,17808,1,Y,No,19,3,3,80,0,1,2,3,1,1,0,0,LinkedIn
27,Current employee,Travel_Rarely,618,Research & Development,4,3,Life Sciences,1,10765,134220,2,Female,76,3,1,Research Scientist,3,Single,2318,17808,3,Y,No,19,3,3,80,0,1,2,3,1,1,0,0,LinkedIn
27,Current employee,Travel_Rarely,1130,Sales,8,4,Medical,1,10766,134221,3,Female,66,3,1,Research Scientist,3,Single,2318,17808,3,Y,No,19,3,3,80,0,1,2,3,1,1,0,0,LinkedIn
27,Current employee,Travel_Rarely,618,Research & Development,4,3,Life Sciences,1,10767,134222,2,Female,76,3,1,Research Scientist,3,Single,2318,17808,1,Y,No,19,3,3,80,0,1,2,3,1,1,0,0,Indeed
27,Current employee,Travel_Rarely,1130,Sales,8,4,Marketing,1,10768,134223,3,Female,66,3,1,Research Scientist,3,Single,2318,17808,1,Y,No,19,3,3,80,0,1,2,3,1,1,0,0,LinkedIn
27,Current employee,Travel_Rarely,618,Research & Development,4,3,Life Sciences,1,10769,134224,2,Female,76,3,1,Research Scientist,3,Single,2318,17808,3,Y,No,19,3,3,80,0,1,2,3,1,1,0,0,LinkedIn
27,Current employee,Travel_Rarely,1130,Sales,8,4,Medical,1,10770,134225,3,Female,66,3,1,Research Scientist,3,Single,2318,17808,3,Y,No,19,3,3,80,0,1,2,3,1,1,0,0,Seek
27,Current employee,Travel_Rarely,618,Research & Development,4,3,Life Sciences,1,10771,134226,2,Female,76,3,1,Research Scientist,3,Single,2318,17808,1,Y,No,19,3,3,80,0,1,2,3,1,1,0,0,LinkedIn
27,Current employee,Travel_Rarely,1130,Sales,8,4,Marketing,1,10772,134227,3,Female,66,3,1,Research Scientist,3,Single,2318,17808,1,Y,No,19,3,3,80,0,1,2,3,1,1,0,0,LinkedIn
27,Current employee,Travel_Rarely,618,Research & Development,4,3,Life Sciences,1,10773,134228,2,Female,76,3,1,Research Scientist,3,Single,2318,17808,3,Y,No,19,3,3,80,0,1,2,3,1,1,0,0,LinkedIn
27,Current employee,Travel_Rarely,1130,Sales,8,4,Medical,1,10774,134229,3,Female,66,3,1,Research Scientist,3,Single,2318,17808,3,Y,No,19,3,3,80,0,1,2,3,1,1,0,0,LinkedIn
27,Current employee,Travel_Rarely,618,Research & Development,4,3,Life Sciences,1,10775,134230,2,Female,76,3,1,Research Scientist,3,Single,2318,17808,1,Y,No,19,3,3,80,0,1,2,3,1,1,0,0,Indeed
27,Current employee,Travel_Rarely,1130,Sales,8,4,Marketing,1,10776,134231,3,Female,66,3,1,Research Scientist,3,Single,2318,17808,1,Y,No,19,3,3,80,0,1,2,3,1,1,0,0,LinkedIn
27,Current employee,Travel_Rarely,618,Research & Development,4,3,Life Sciences,1,10777,134232,2,Female,76,3,1,Research Scientist,3,Single,2318,17808,3,Y,No,19,3,3,80,0,1,2,3,1,1,0,0,LinkedIn
27,Current employee,Travel_Rarely,1130,Sales,8,4,Medical,1,10778,134233,3,Female,66,3,1,Research Scientist,3,Single,2318,17808,3,Y,No,19,3,3,80,0,1,2,3,1,1,0,0,Seek
27,Current employee,Travel_Frequently,829,Sales,8,1,Marketing,1,11259,134714,3,Male,67,3,4,Manager,3,Divorced,14852,13938,6,Y,No,13,3,3,80,1,22,3,4,17,13,15,2,Referral
27,Current employee,Travel_Frequently,829,Sales,8,1,Medical,1,11261,134716,3,Male,67,3,4,Manager,3,Divorced,14852,13938,1,Y,No,13,3,3,80,1,22,3,4,17,13,15,2,Referral
27,Current employee,Travel_Frequently,829,Sales,8,1,Marketing,1,11262,134717,3,Male,67,3,4,Manager,3,Divorced,14852,13938,6,Y,No,13,3,3,80,1,22,3,4,17,13,15,2,Seek
27,Current employee,Travel_Frequently,829,Sales,8,1,Medical,1,11263,134718,3,Male,67,3,4,Manager,3,Divorced,14852,13938,1,Y,No,13,3,3,80,1,22,3,4,17,13,15,2,Referral
27,Current employee,Travel_Frequently,829,Sales,8,1,Marketing,1,11267,134722,3,Male,67,3,4,Manager,3,Divorced,14852,13938,6,Y,No,13,3,3,80,1,22,3,4,17,13,15,2,Referral
27,Current employee,Travel_Frequently,829,Sales,8,1,Medical,1,11269,134724,3,Male,67,3,4,Manager,3,Divorced,14852,13938,1,Y,No,13,3,3,80,1,22,3,4,17,13,15,2,Referral
27,Current employee,Travel_Frequently,829,Sales,8,1,Marketing,1,11270,134725,3,Male,67,3,4,Manager,3,Divorced,14852,13938,6,Y,No,13,3,3,80,1,22,3,4,17,13,15,2,Seek
27,Current employee,Travel_Frequently,829,Sales,8,1,Medical,1,11271,134726,3,Male,67,3,4,Manager,3,Divorced,14852,13938,1,Y,No,13,3,3,80,1,22,3,4,17,13,15,2,Referral
27,Current employee,Travel_Rarely,1134,Research & Development,16,4,Technical Degree,1,11505,134960,3,Female,37,3,1,Laboratory Technician,2,Married,2811,12086,9,Y,No,14,3,2,80,1,4,2,3,2,2,2,2,Company Website
27,Current employee,Travel_Rarely,1134,Research & Development,16,4,Medical,1,11508,134963,3,Female,37,3,1,Laboratory Technician,2,Married,2811,12086,1,Y,No,14,3,2,80,1,4,2,3,2,2,2,2,Company Website
27,Current employee,Travel_Rarely,1134,Research & Development,16,4,Technical Degree,1,11509,134964,3,Female,37,3,1,Laboratory Technician,2,Married,2811,12086,9,Y,No,14,3,2,80,1,4,2,3,2,2,2,2,LinkedIn
27,Current employee,Travel_Rarely,1134,Research & Development,16,4,Medical,1,11510,134965,3,Female,37,3,1,Laboratory Technician,2,Married,2811,12086,1,Y,No,14,3,2,80,1,4,2,3,2,2,2,2,Company Website
27,Current employee,Travel_Rarely,1134,Research & Development,16,4,Medical,1,11515,134970,3,Female,37,3,1,Laboratory Technician,2,Married,2811,12086,1,Y,No,14,3,2,80,1,4,2,3,2,2,2,2,Company Website
27,Current employee,Travel_Rarely,1134,Research & Development,16,4,Technical Degree,1,11516,134971,3,Female,37,3,1,Laboratory Technician,2,Married,2811,12086,9,Y,No,14,3,2,80,1,4,2,3,2,2,2,2,LinkedIn
27,Current employee,Travel_Rarely,1134,Research & Development,16,4,Medical,1,11517,134972,3,Female,37,3,1,Laboratory Technician,2,Married,2811,12086,1,Y,No,14,3,2,80,1,4,2,3,2,2,2,2,Company Website
27,Current employee,Travel_Rarely,1055,Research & Development,2,4,Life Sciences,1,11842,135297,1,Female,47,3,2,Manufacturing Director,4,Married,4227,4658,0,Y,No,18,3,2,80,1,4,2,3,3,2,2,2,Seek
27,Current employee,Travel_Rarely,1055,Research & Development,2,4,Life Sciences,1,11844,135299,1,Female,47,3,2,Manufacturing Director,4,Married,4227,4658,1,Y,No,18,3,2,80,1,4,2,3,3,2,2,2,Seek
27,Current employee,Travel_Rarely,1055,Research & Development,2,4,Life Sciences,1,11846,135301,1,Female,47,3,2,Manufacturing Director,4,Married,4227,4658,0,Y,No,18,3,2,80,1,4,2,3,3,2,2,2,Seek
27,Current employee,Travel_Rarely,1055,Research & Development,2,4,Life Sciences,1,11847,135302,1,Female,47,3,2,Manufacturing Director,4,Married,4227,4658,1,Y,No,18,3,2,80,1,4,2,3,3,2,2,2,Seek
27,Current employee,Travel_Rarely,1055,Research & Development,2,4,Life Sciences,1,11850,135305,1,Female,47,3,2,Manufacturing Director,4,Married,4227,4658,0,Y,No,18,3,2,80,1,4,2,3,3,2,2,2,Seek
27,Current employee,Travel_Rarely,1055,Research & Development,2,4,Life Sciences,1,11852,135307,1,Female,47,3,2,Manufacturing Director,4,Married,4227,4658,1,Y,No,18,3,2,80,1,4,2,3,3,2,2,2,Seek
27,Current employee,Travel_Rarely,1055,Research & Development,2,4,Life Sciences,1,11854,135309,1,Female,47,3,2,Manufacturing Director,4,Married,4227,4658,0,Y,No,18,3,2,80,1,4,2,3,3,2,2,2,Seek
27,Current employee,Travel_Rarely,1055,Research & Development,2,4,Life Sciences,1,11855,135310,1,Female,47,3,2,Manufacturing Director,4,Married,4227,4658,1,Y,No,18,3,2,80,1,4,2,3,3,2,2,2,Seek
27,Current employee,Travel_Rarely,205,Sales,10,3,Marketing,1,11977,135432,3,Male,70,3,2,Sales Executive,4,Single,6861,4981,8,Y,Yes,12,3,3,80,0,19,1,3,1,0,0,0,Seek
27,Current employee,Travel_Rarely,205,Sales,10,3,Medical,1,11979,135434,3,Male,70,3,2,Sales Executive,4,Single,6861,4981,6,Y,Yes,12,4,3,80,0,19,1,3,1,0,0,0,Seek
27,Current employee,Travel_Rarely,205,Sales,10,3,Marketing,1,11980,135435,3,Male,70,3,2,Sales Executive,4,Single,6861,4981,8,Y,Yes,12,3,3,80,0,19,1,3,1,0,0,0,Company Website
27,Current employee,Travel_Rarely,205,Sales,10,3,Medical,1,11981,135436,3,Male,70,3,2,Sales Executive,4,Single,6861,4981,6,Y,Yes,12,3,3,80,0,19,1,3,1,0,0,0,Seek
27,Current employee,Travel_Rarely,205,Sales,10,3,Marketing,1,11985,135440,3,Male,70,3,2,Sales Executive,4,Single,6861,4981,8,Y,Yes,12,3,3,80,0,19,1,3,1,0,0,0,Seek
27,Current employee,Travel_Rarely,205,Sales,10,3,Medical,1,11987,135442,3,Male,70,3,2,Sales Executive,4,Single,6861,4981,6,Y,Yes,12,4,3,80,0,19,1,3,1,0,0,0,Seek
27,Current employee,Travel_Rarely,205,Sales,10,3,Marketing,1,11988,135443,3,Male,70,3,2,Sales Executive,4,Single,6861,4981,8,Y,Yes,12,3,3,80,0,19,1,3,1,0,0,0,Company Website
27,Current employee,Travel_Rarely,205,Sales,10,3,Medical,1,11989,135444,3,Male,70,3,2,Sales Executive,4,Single,6861,4981,6,Y,Yes,12,3,3,80,0,19,1,3,1,0,0,0,Seek
27,Current employee,Travel_Rarely,954,Sales,9,3,Marketing,1,12531,135986,3,Male,72,2,1,Laboratory Technician,1,Married,3955,11141,1,Y,No,16,4,1,80,2,6,2,3,5,3,1,3,Indeed
27,Current employee,Travel_Rarely,954,Sales,9,3,Medical,1,12533,135988,3,Male,72,2,1,Laboratory Technician,1,Married,3955,11141,1,Y,No,16,3,1,80,2,6,2,3,5,3,1,3,Indeed
27,Current employee,Travel_Rarely,954,Sales,9,3,Marketing,1,12536,135991,3,Male,72,2,1,Laboratory Technician,1,Married,3955,11141,1,Y,No,16,3,1,80,2,6,2,3,5,3,1,3,GlassDoor
27,Current employee,Travel_Rarely,954,Sales,9,3,Medical,1,12537,135992,3,Male,72,2,1,Laboratory Technician,1,Married,3955,11141,1,Y,No,16,3,1,80,2,6,2,3,5,3,1,3,Indeed
27,Current employee,Travel_Rarely,954,Sales,9,3,Marketing,1,12539,135994,3,Male,72,2,1,Laboratory Technician,1,Married,3955,11141,1,Y,No,16,4,1,80,2,6,2,3,5,3,1,3,Indeed
27,Current employee,Travel_Rarely,954,Sales,9,3,Medical,1,12541,135996,3,Male,72,2,1,Laboratory Technician,1,Married,3955,11141,1,Y,No,16,3,1,80,2,6,2,3,5,3,1,3,Indeed
27,Current employee,Travel_Rarely,954,Sales,9,3,Marketing,1,12544,135999,3,Male,72,2,1,Laboratory Technician,1,Married,3955,11141,1,Y,No,16,3,1,80,2,6,2,3,5,3,1,3,GlassDoor
27,Current employee,Travel_Rarely,954,Sales,9,3,Medical,1,12545,136000,3,Male,72,2,1,Laboratory Technician,1,Married,3955,11141,1,Y,No,16,3,1,80,2,6,2,3,5,3,1,3,Indeed
27,Current employee,Non-Travel,1277,Research & Development,8,5,Life Sciences,1,12610,136065,1,Male,87,1,1,Laboratory Technician,3,Married,4621,5869,1,Y,No,19,4,4,80,3,3,4,3,3,2,1,2,Jora
27,Current employee,Non-Travel,1277,Research & Development,8,5,Medical,1,12612,136067,1,Male,87,1,1,Laboratory Technician,3,Married,4621,5869,1,Y,No,19,3,4,80,3,3,4,3,3,2,1,2,Jora
27,Current employee,Non-Travel,1277,Research & Development,8,5,Life Sciences,1,12616,136071,1,Male,87,1,1,Laboratory Technician,3,Married,4621,5869,1,Y,No,19,3,4,80,3,3,4,3,3,2,1,2,Jora
27,Current employee,Non-Travel,1277,Research & Development,8,5,Medical,1,12617,136072,1,Male,87,1,1,Laboratory Technician,3,Married,4621,5869,1,Y,No,19,3,4,80,3,3,4,3,3,2,1,2,Jora
27,Current employee,Non-Travel,1277,Research & Development,8,5,Life Sciences,1,12618,136073,1,Male,87,1,1,Laboratory Technician,3,Married,4621,5869,1,Y,No,19,4,4,80,3,3,4,3,3,2,1,2,Jora
27,Current employee,Non-Travel,1277,Research & Development,8,5,Medical,1,12620,136075,1,Male,87,1,1,Laboratory Technician,3,Married,4621,5869,1,Y,No,19,3,4,80,3,3,4,3,3,2,1,2,Jora
27,Current employee,Non-Travel,1277,Research & Development,8,5,Life Sciences,1,12624,136079,1,Male,87,1,1,Laboratory Technician,3,Married,4621,5869,1,Y,No,19,3,4,80,3,3,4,3,3,2,1,2,Jora
27,Current employee,Non-Travel,1277,Research & Development,8,5,Medical,1,12625,136080,1,Male,87,1,1,Laboratory Technician,3,Married,4621,5869,1,Y,No,19,3,4,80,3,3,4,3,3,2,1,2,Jora
27,Current employee,Travel_Rarely,591,Research & Development,2,1,Medical,1,12704,136159,3,Female,72,2,2,Research Scientist,3,Single,4508,3129,1,Y,No,22,4,2,80,0,14,4,3,13,7,3,8,Recruit.net
27,Current employee,Travel_Rarely,591,Research & Development,2,1,Life Sciences,1,12705,136160,3,Female,72,2,2,Research Scientist,3,Single,4508,3129,2,Y,No,22,3,2,80,0,14,4,3,13,7,3,8,Recruit.net
27,Current employee,Travel_Rarely,591,Research & Development,2,1,Medical,1,12707,136162,3,Female,72,2,2,Research Scientist,3,Single,4508,3129,1,Y,No,22,4,2,80,0,14,4,3,13,7,3,8,Indeed
27,Current employee,Travel_Rarely,591,Research & Development,2,1,Life Sciences,1,12708,136163,3,Female,72,2,2,Research Scientist,3,Single,4508,3129,2,Y,No,22,4,2,80,0,14,4,3,13,7,3,8,Recruit.net
27,Current employee,Travel_Rarely,591,Research & Development,2,1,Medical,1,12712,136167,3,Female,72,2,2,Research Scientist,3,Single,4508,3129,1,Y,No,22,4,2,80,0,14,4,3,13,7,3,8,Recruit.net
27,Current employee,Travel_Rarely,591,Research & Development,2,1,Life Sciences,1,12713,136168,3,Female,72,2,2,Research Scientist,3,Single,4508,3129,2,Y,No,22,3,2,80,0,14,4,3,13,7,3,8,Recruit.net
27,Current employee,Travel_Rarely,591,Research & Development,2,1,Medical,1,12715,136170,3,Female,72,2,2,Research Scientist,3,Single,4508,3129,1,Y,No,22,4,2,80,0,14,4,3,13,7,3,8,Indeed
27,Current employee,Travel_Rarely,591,Research & Development,2,1,Life Sciences,1,12716,136171,3,Female,72,2,2,Research Scientist,3,Single,4508,3129,2,Y,No,22,4,2,80,0,14,4,3,13,7,3,8,Recruit.net
27,Current employee,Travel_Rarely,199,Research & Development,6,3,Life Sciences,1,13357,136812,4,Male,55,2,1,Research Scientist,3,Married,2539,7950,1,Y,No,13,3,3,80,1,4,0,3,4,2,2,2,Seek
27,Current employee,Travel_Rarely,199,Research & Development,6,3,Marketing,1,13359,136814,4,Male,55,2,1,Research Scientist,3,Married,2539,7950,3,Y,No,13,3,3,80,1,4,0,3,4,2,2,2,Seek
27,Current employee,Travel_Rarely,199,Research & Development,6,3,Life Sciences,1,13361,136816,4,Male,55,2,1,Research Scientist,3,Married,2539,7950,1,Y,No,13,3,3,80,1,4,0,3,4,2,2,2,Company Website
27,Current employee,Travel_Rarely,199,Research & Development,6,3,Marketing,1,13362,136817,4,Male,55,2,1,Research Scientist,3,Married,2539,7950,3,Y,No,13,3,3,80,1,4,0,3,4,2,2,2,Seek
27,Current employee,Travel_Rarely,199,Research & Development,6,3,Life Sciences,1,13365,136820,4,Male,55,2,1,Research Scientist,3,Married,2539,7950,1,Y,No,13,3,3,80,1,4,0,3,4,2,2,2,Seek
27,Current employee,Travel_Rarely,199,Research & Development,6,3,Marketing,1,13367,136822,4,Male,55,2,1,Research Scientist,3,Married,2539,7950,3,Y,No,13,3,3,80,1,4,0,3,4,2,2,2,Seek
27,Current employee,Travel_Rarely,199,Research & Development,6,3,Life Sciences,1,13369,136824,4,Male,55,2,1,Research Scientist,3,Married,2539,7950,1,Y,No,13,3,3,80,1,4,0,3,4,2,2,2,Company Website
27,Current employee,Travel_Rarely,199,Research & Development,6,3,Marketing,1,13370,136825,4,Male,55,2,1,Research Scientist,3,Married,2539,7950,3,Y,No,13,3,3,80,1,4,0,3,4,2,2,2,Seek
27,Current employee,Non-Travel,691,Research & Development,9,3,Medical,1,13501,136956,3,Female,74,3,1,Laboratory Technician,4,Married,2515,22955,1,Y,Yes,11,3,4,80,0,1,4,2,1,1,0,0,Company Website
27,Current employee,Non-Travel,691,Research & Development,9,3,Medical,1,13502,136957,3,Female,74,3,1,Laboratory Technician,4,Married,2515,22955,1,Y,Yes,11,3,4,80,0,1,4,2,1,1,0,0,Company Website
27,Current employee,Non-Travel,691,Research & Development,9,3,Medical,1,13504,136959,3,Female,74,3,1,Laboratory Technician,4,Married,2515,22955,1,Y,Yes,11,3,4,80,0,1,4,2,1,1,0,0,Company Website
27,Current employee,Non-Travel,691,Research & Development,9,3,Medical,1,13505,136960,3,Female,74,3,1,Laboratory Technician,4,Married,2515,22955,1,Y,Yes,11,3,4,80,0,1,4,2,1,1,0,0,Company Website
27,Current employee,Non-Travel,691,Research & Development,9,3,Medical,1,13509,136964,3,Female,74,3,1,Laboratory Technician,4,Married,2515,22955,1,Y,Yes,11,3,4,80,0,1,4,2,1,1,0,0,Company Website
27,Current employee,Non-Travel,691,Research & Development,9,3,Medical,1,13510,136965,3,Female,74,3,1,Laboratory Technician,4,Married,2515,22955,1,Y,Yes,11,3,4,80,0,1,4,2,1,1,0,0,Company Website
27,Current employee,Non-Travel,691,Research & Development,9,3,Medical,1,13512,136967,3,Female,74,3,1,Laboratory Technician,4,Married,2515,22955,1,Y,Yes,11,3,4,80,0,1,4,2,1,1,0,0,Company Website
27,Current employee,Non-Travel,691,Research & Development,9,3,Medical,1,13513,136968,3,Female,74,3,1,Laboratory Technician,4,Married,2515,22955,1,Y,Yes,11,3,4,80,0,1,4,2,1,1,0,0,Company Website
27,Current employee,Non-Travel,1450,Research & Development,3,3,Medical,1,13533,136988,3,Male,74,2,2,Sales Executive,3,Married,6578,2706,1,Y,No,18,3,1,80,1,10,3,3,10,3,1,4,Adzuna
27,Current employee,Non-Travel,1450,Research & Development,3,3,Life Sciences,1,13534,136989,3,Male,74,2,2,Sales Executive,3,Married,6578,2706,5,Y,No,18,3,1,80,1,10,3,3,10,3,1,4,Adzuna
27,Current employee,Non-Travel,1450,Research & Development,3,3,Medical,1,13536,136991,3,Male,74,2,2,Sales Executive,3,Married,6578,2706,1,Y,No,18,3,1,80,1,10,3,3,10,3,1,4,GlassDoor
27,Current employee,Non-Travel,1450,Research & Development,3,3,Life Sciences,1,13537,136992,3,Male,74,2,2,Sales Executive,3,Married,6578,2706,5,Y,No,18,3,1,80,1,10,3,3,10,3,1,4,Seek
27,Current employee,Non-Travel,1450,Research & Development,3,3,Medical,1,13541,136996,3,Male,74,2,2,Sales Executive,3,Married,6578,2706,1,Y,No,18,3,1,80,1,10,3,3,10,3,1,4,Adzuna
27,Current employee,Non-Travel,1450,Research & Development,3,3,Life Sciences,1,13542,136997,3,Male,74,2,2,Sales Executive,3,Married,6578,2706,5,Y,No,18,3,1,80,1,10,3,3,10,3,1,4,Adzuna
27,Current employee,Non-Travel,1450,Research & Development,3,3,Medical,1,13544,136999,3,Male,74,2,2,Sales Executive,3,Married,6578,2706,1,Y,No,18,3,1,80,1,10,3,3,10,3,1,4,GlassDoor
27,Current employee,Non-Travel,1450,Research & Development,3,3,Life Sciences,1,13545,137000,3,Male,74,2,2,Sales Executive,3,Married,6578,2706,5,Y,No,18,3,1,80,1,10,3,3,10,3,1,4,Seek
27,Current employee,Travel_Rarely,894,Research & Development,9,3,Medical,1,13706,137161,3,Female,75,2,2,Manufacturing Director,4,Married,6474,9961,1,Y,No,13,3,2,80,1,14,2,2,14,8,3,11,Seek
27,Current employee,Travel_Rarely,894,Research & Development,9,3,Medical,1,13708,137163,3,Female,75,2,2,Manufacturing Director,4,Married,6474,9961,1,Y,No,13,3,2,80,1,14,2,2,14,8,3,11,Seek
27,Current employee,Travel_Rarely,894,Research & Development,9,3,Medical,1,13709,137164,3,Female,75,2,2,Manufacturing Director,4,Married,6474,9961,1,Y,No,13,3,2,80,1,14,2,2,14,8,3,11,Company Website
27,Current employee,Travel_Rarely,894,Research & Development,9,3,Medical,1,13710,137165,3,Female,75,2,2,Manufacturing Director,4,Married,6474,9961,1,Y,No,13,3,2,80,1,14,2,2,14,8,3,11,Seek
27,Current employee,Travel_Rarely,894,Research & Development,9,3,Medical,1,13714,137169,3,Female,75,2,2,Manufacturing Director,4,Married,6474,9961,1,Y,No,13,3,2,80,1,14,2,2,14,8,3,11,Seek
27,Current employee,Travel_Rarely,894,Research & Development,9,3,Medical,1,13716,137171,3,Female,75,2,2,Manufacturing Director,4,Married,6474,9961,1,Y,No,13,3,2,80,1,14,2,2,14,8,3,11,Seek
27,Current employee,Travel_Rarely,894,Research & Development,9,3,Medical,1,13717,137172,3,Female,75,2,2,Manufacturing Director,4,Married,6474,9961,1,Y,No,13,3,2,80,1,14,2,2,14,8,3,11,Company Website
27,Current employee,Travel_Rarely,894,Research & Development,9,3,Medical,1,13718,137173,3,Female,75,2,2,Manufacturing Director,4,Married,6474,9961,1,Y,No,13,3,2,80,1,14,2,2,14,8,3,11,Seek
27,Current employee,Travel_Rarely,1103,Research & Development,14,3,Life Sciences,1,14245,137700,1,Male,42,3,1,Research Scientist,1,Married,2235,14377,1,Y,Yes,14,3,4,80,2,9,3,2,9,7,6,8,Jora
27,Current employee,Travel_Rarely,1103,Research & Development,14,3,Medical,1,14248,137703,1,Male,42,3,1,Research Scientist,1,Married,2235,14377,3,Y,Yes,14,3,4,80,2,9,3,2,9,7,6,8,Jora
27,Current employee,Travel_Rarely,1103,Research & Development,14,3,Life Sciences,1,14249,137704,1,Male,42,3,1,Research Scientist,1,Married,2235,14377,1,Y,Yes,14,3,4,80,2,9,3,2,9,7,6,8,Adzuna
27,Current employee,Travel_Rarely,1103,Research & Development,14,3,Medical,1,14250,137705,1,Male,42,3,1,Research Scientist,1,Married,2235,14377,3,Y,Yes,14,3,4,80,2,9,3,2,9,7,6,8,Recruit.net
27,Current employee,Travel_Rarely,1103,Research & Development,14,3,Life Sciences,1,14253,137708,1,Male,42,3,1,Research Scientist,1,Married,2235,14377,1,Y,Yes,14,3,4,80,2,9,3,2,9,7,6,8,Jora
27,Current employee,Travel_Rarely,1103,Research & Development,14,3,Medical,1,14256,137711,1,Male,42,3,1,Research Scientist,1,Married,2235,14377,3,Y,Yes,14,3,4,80,2,9,3,2,9,7,6,8,Jora
27,Current employee,Travel_Rarely,1103,Research & Development,14,3,Life Sciences,1,14257,137712,1,Male,42,3,1,Research Scientist,1,Married,2235,14377,1,Y,Yes,14,3,4,80,2,9,3,2,9,7,6,8,Adzuna
27,Current employee,Travel_Rarely,1103,Research & Development,14,3,Medical,1,14258,137713,1,Male,42,3,1,Research Scientist,1,Married,2235,14377,3,Y,Yes,14,3,4,80,2,9,3,2,9,7,6,8,Recruit.net
27,Current employee,Travel_Rarely,1167,Research & Development,4,2,Life Sciences,1,14447,137902,1,Male,76,3,1,Research Scientist,3,Divorced,2517,3208,1,Y,No,11,3,2,80,3,5,2,3,5,3,0,3,GlassDoor
27,Current employee,Travel_Rarely,1167,Research & Development,4,2,Life Sciences,1,14449,137904,1,Male,76,3,1,Research Scientist,3,Divorced,2517,3208,3,Y,No,11,4,2,80,3,5,2,3,5,3,0,3,GlassDoor
27,Current employee,Travel_Rarely,1167,Research & Development,4,2,Life Sciences,1,14451,137906,1,Male,76,3,1,Research Scientist,3,Divorced,2517,3208,1,Y,No,11,3,2,80,3,5,2,3,5,3,0,3,Indeed
27,Current employee,Travel_Rarely,1167,Research & Development,4,2,Life Sciences,1,14452,137907,1,Male,76,3,1,Research Scientist,3,Divorced,2517,3208,3,Y,No,11,3,2,80,3,5,2,3,5,3,0,3,GlassDoor
27,Current employee,Travel_Rarely,1167,Research & Development,4,2,Life Sciences,1,14455,137910,1,Male,76,3,1,Research Scientist,3,Divorced,2517,3208,1,Y,No,11,3,2,80,3,5,2,3,5,3,0,3,GlassDoor
27,Current employee,Travel_Rarely,1167,Research & Development,4,2,Life Sciences,1,14457,137912,1,Male,76,3,1,Research Scientist,3,Divorced,2517,3208,3,Y,No,11,4,2,80,3,5,2,3,5,3,0,3,GlassDoor
27,Current employee,Travel_Rarely,1167,Research & Development,4,2,Life Sciences,1,14459,137914,1,Male,76,3,1,Research Scientist,3,Divorced,2517,3208,1,Y,No,11,3,2,80,3,5,2,3,5,3,0,3,Indeed
27,Current employee,Travel_Rarely,1167,Research & Development,4,2,Life Sciences,1,14460,137915,1,Male,76,3,1,Research Scientist,3,Divorced,2517,3208,3,Y,No,11,3,2,80,3,5,2,3,5,3,0,3,GlassDoor
27,Current employee,Travel_Rarely,1469,Research & Development,1,2,Medical,1,14722,138177,3,Male,78,3,3,Manufacturing Director,4,Single,10512,20002,6,Y,No,12,3,4,80,0,25,6,2,9,7,5,4,Indeed
27,Current employee,Travel_Rarely,1469,Research & Development,1,2,Life Sciences,1,14723,138178,3,Male,78,3,3,Manufacturing Director,4,Single,10512,20002,1,Y,No,12,3,4,80,0,25,6,2,9,7,5,4,Indeed
27,Current employee,Travel_Rarely,1469,Research & Development,1,2,Medical,1,14725,138180,3,Male,78,3,3,Manufacturing Director,4,Single,10512,20002,6,Y,No,12,3,4,80,0,25,6,2,9,7,5,4,LinkedIn
27,Current employee,Travel_Rarely,1469,Research & Development,1,2,Life Sciences,1,14726,138181,3,Male,78,3,3,Manufacturing Director,4,Single,10512,20002,1,Y,No,12,3,4,80,0,25,6,2,9,7,5,4,Indeed
27,Current employee,Travel_Rarely,1469,Research & Development,1,2,Medical,1,14730,138185,3,Male,78,3,3,Manufacturing Director,4,Single,10512,20002,6,Y,No,12,3,4,80,0,25,6,2,9,7,5,4,Indeed
27,Current employee,Travel_Rarely,1469,Research & Development,1,2,Life Sciences,1,14731,138186,3,Male,78,3,3,Manufacturing Director,4,Single,10512,20002,1,Y,No,12,3,4,80,0,25,6,2,9,7,5,4,Indeed
27,Current employee,Travel_Rarely,1469,Research & Development,1,2,Medical,1,14733,138188,3,Male,78,3,3,Manufacturing Director,4,Single,10512,20002,6,Y,No,12,3,4,80,0,25,6,2,9,7,5,4,LinkedIn
27,Current employee,Travel_Rarely,1469,Research & Development,1,2,Life Sciences,1,14734,138189,3,Male,78,3,3,Manufacturing Director,4,Single,10512,20002,1,Y,No,12,3,4,80,0,25,6,2,9,7,5,4,Indeed
27,Current employee,Travel_Rarely,798,Research & Development,6,4,Medical,1,15223,138678,3,Female,79,3,3,Sales Executive,3,Divorced,9852,8935,1,Y,Yes,19,3,1,80,1,10,5,2,10,8,9,6,Seek
27,Current employee,Travel_Rarely,798,Research & Development,6,4,Marketing,1,15225,138680,3,Female,79,3,3,Sales Executive,3,Divorced,9852,8935,5,Y,Yes,19,4,1,80,1,10,5,2,10,8,9,6,Seek
27,Current employee,Travel_Rarely,798,Research & Development,6,4,Medical,1,15226,138681,3,Female,79,3,3,Sales Executive,3,Divorced,9852,8935,1,Y,Yes,19,3,1,80,1,10,5,2,10,8,9,6,Jora
27,Current employee,Travel_Rarely,798,Research & Development,6,4,Marketing,1,15227,138682,3,Female,79,3,3,Sales Executive,3,Divorced,9852,8935,5,Y,Yes,19,3,1,80,1,10,5,2,10,8,9,6,Indeed
27,Current employee,Travel_Rarely,798,Research & Development,6,4,Medical,1,15231,138686,3,Female,79,3,3,Sales Executive,3,Divorced,9852,8935,1,Y,Yes,19,3,1,80,1,10,5,2,10,8,9,6,Seek
27,Current employee,Travel_Rarely,798,Research & Development,6,4,Marketing,1,15233,138688,3,Female,79,3,3,Sales Executive,3,Divorced,9852,8935,5,Y,Yes,19,4,1,80,1,10,5,2,10,8,9,6,Seek
27,Current employee,Travel_Rarely,798,Research & Development,6,4,Medical,1,15234,138689,3,Female,79,3,3,Sales Executive,3,Divorced,9852,8935,1,Y,Yes,19,3,1,80,1,10,5,2,10,8,9,6,Jora
27,Current employee,Travel_Rarely,798,Research & Development,6,4,Marketing,1,15235,138690,3,Female,79,3,3,Sales Executive,3,Divorced,9852,8935,5,Y,Yes,19,3,1,80,1,10,5,2,10,8,9,6,Indeed
27,Current employee,Travel_Rarely,1115,Research & Development,3,4,Medical,1,15350,138805,3,Male,79,3,3,Healthcare Representative,4,Divorced,8500,5494,0,Y,No,11,3,4,80,1,10,0,2,9,7,1,6,Company Website
27,Current employee,Travel_Rarely,1115,Research & Development,3,4,Life Sciences,1,15351,138806,3,Male,79,3,3,Healthcare Representative,4,Divorced,8500,5494,0,Y,No,11,3,4,80,1,10,0,2,9,7,1,6,Company Website
27,Current employee,Travel_Rarely,1115,Research & Development,3,4,Medical,1,15353,138808,3,Male,79,3,3,Healthcare Representative,4,Divorced,8500,5494,0,Y,No,11,3,4,80,1,10,0,2,9,7,1,6,Adzuna
27,Current employee,Travel_Rarely,1115,Research & Development,3,4,Life Sciences,1,15354,138809,3,Male,79,3,3,Healthcare Representative,4,Divorced,8500,5494,0,Y,No,11,3,4,80,1,10,0,2,9,7,1,6,Recruit.net
27,Current employee,Travel_Rarely,1115,Research & Development,3,4,Medical,1,15358,138813,3,Male,79,3,3,Healthcare Representative,4,Divorced,8500,5494,0,Y,No,11,3,4,80,1,10,0,2,9,7,1,6,Company Website
27,Current employee,Travel_Rarely,1115,Research & Development,3,4,Life Sciences,1,15359,138814,3,Male,79,3,3,Healthcare Representative,4,Divorced,8500,5494,0,Y,No,11,3,4,80,1,10,0,2,9,7,1,6,Company Website
27,Current employee,Travel_Rarely,1115,Research & Development,3,4,Medical,1,15361,138816,3,Male,79,3,3,Healthcare Representative,4,Divorced,8500,5494,0,Y,No,11,3,4,80,1,10,0,2,9,7,1,6,Adzuna
27,Current employee,Travel_Rarely,1115,Research & Development,3,4,Life Sciences,1,15362,138817,3,Male,79,3,3,Healthcare Representative,4,Divorced,8500,5494,0,Y,No,11,3,4,80,1,10,0,2,9,7,1,6,Recruit.net
27,Current employee,Travel_Frequently,1410,Sales,3,1,Medical,1,15398,138853,3,Male,79,3,2,Research Scientist,3,Single,4249,2690,1,Y,Yes,11,4,2,80,0,9,3,3,9,6,1,1,Jora
27,Current employee,Travel_Frequently,1410,Sales,3,1,Life Sciences,1,15399,138854,3,Male,79,3,2,Research Scientist,3,Single,4249,2690,3,Y,Yes,11,3,2,80,0,9,3,3,9,6,1,1,Jora
27,Current employee,Travel_Frequently,1410,Sales,3,1,Medical,1,15401,138856,3,Male,79,3,2,Research Scientist,3,Single,4249,2690,1,Y,Yes,11,3,2,80,0,9,3,3,9,6,1,1,Adzuna
27,Current employee,Travel_Frequently,1410,Sales,3,1,Life Sciences,1,15402,138857,3,Male,79,3,2,Research Scientist,3,Single,4249,2690,3,Y,Yes,11,3,2,80,0,9,3,3,9,6,1,1,Jora
27,Current employee,Travel_Frequently,1410,Sales,3,1,Medical,1,15406,138861,3,Male,79,3,2,Research Scientist,3,Single,4249,2690,1,Y,Yes,11,4,2,80,0,9,3,3,9,6,1,1,Jora
27,Current employee,Travel_Frequently,1410,Sales,3,1,Life Sciences,1,15407,138862,3,Male,79,3,2,Research Scientist,3,Single,4249,2690,3,Y,Yes,11,3,2,80,0,9,3,3,9,6,1,1,Jora
27,Current employee,Travel_Frequently,1410,Sales,3,1,Medical,1,15409,138864,3,Male,79,3,2,Research Scientist,3,Single,4249,2690,1,Y,Yes,11,3,2,80,0,9,3,3,9,6,1,1,Adzuna
27,Current employee,Travel_Frequently,1410,Sales,3,1,Life Sciences,1,15410,138865,3,Male,79,3,2,Research Scientist,3,Single,4249,2690,3,Y,Yes,11,3,2,80,0,9,3,3,9,6,1,1,Jora
27,Current employee,Travel_Rarely,1291,Sales,11,3,Medical,1,15540,138995,3,Female,98,4,1,Sales Representative,4,Married,2534,6527,8,Y,No,14,4,2,80,1,5,4,3,1,0,0,0,LinkedIn
27,Current employee,Travel_Rarely,1291,Sales,11,3,Medical,1,15543,138998,3,Female,98,4,1,Sales Representative,4,Married,2534,6527,9,Y,No,14,3,2,80,1,5,4,3,1,0,0,0,LinkedIn
27,Current employee,Travel_Rarely,1291,Sales,11,3,Medical,1,15544,138999,3,Female,98,4,1,Sales Representative,4,Married,2534,6527,8,Y,No,14,3,2,80,1,5,4,3,1,0,0,0,Company Website
27,Current employee,Travel_Rarely,1291,Sales,11,3,Medical,1,15545,139000,3,Female,98,4,1,Sales Representative,4,Married,2534,6527,9,Y,No,14,3,2,80,1,5,4,3,1,0,0,0,Company Website
27,Current employee,Travel_Rarely,1291,Sales,11,3,Medical,1,15548,139003,3,Female,98,4,1,Sales Representative,4,Married,2534,6527,8,Y,No,14,4,2,80,1,5,4,3,1,0,0,0,LinkedIn
27,Current employee,Travel_Rarely,1291,Sales,11,3,Medical,1,15551,139006,3,Female,98,4,1,Sales Representative,4,Married,2534,6527,9,Y,No,14,3,2,80,1,5,4,3,1,0,0,0,LinkedIn
27,Current employee,Travel_Rarely,1291,Sales,11,3,Medical,1,15552,139007,3,Female,98,4,1,Sales Representative,4,Married,2534,6527,8,Y,No,14,3,2,80,1,5,4,3,1,0,0,0,Company Website
27,Current employee,Travel_Rarely,1291,Sales,11,3,Medical,1,15553,139008,3,Female,98,4,1,Sales Representative,4,Married,2534,6527,9,Y,No,14,3,2,80,1,5,4,3,1,0,0,0,Company Website
27,Current employee,Travel_Rarely,975,Research & Development,7,3,Medical,1,15556,139011,3,Female,80,2,4,Manufacturing Director,2,Single,13142,24439,3,Y,No,16,4,2,80,0,29,1,2,5,2,0,3,Recruit.net
27,Current employee,Travel_Rarely,975,Research & Development,7,3,Marketing,1,15557,139012,3,Female,80,2,4,Manufacturing Director,2,Single,13142,24439,1,Y,No,16,3,2,80,0,29,1,2,5,2,0,3,Recruit.net
27,Current employee,Travel_Rarely,975,Research & Development,7,3,Medical,1,15559,139014,3,Female,80,2,4,Manufacturing Director,2,Single,13142,24439,3,Y,No,16,3,2,80,0,29,1,2,5,2,0,3,GlassDoor
27,Current employee,Travel_Rarely,975,Research & Development,7,3,Marketing,1,15560,139015,3,Female,80,2,4,Manufacturing Director,2,Single,13142,24439,1,Y,No,16,3,2,80,0,29,1,2,5,2,0,3,Recruit.net
27,Current employee,Travel_Rarely,975,Research & Development,7,3,Medical,1,15564,139019,3,Female,80,2,4,Manufacturing Director,2,Single,13142,24439,3,Y,No,16,4,2,80,0,29,1,2,5,2,0,3,Recruit.net
27,Current employee,Travel_Rarely,975,Research & Development,7,3,Marketing,1,15565,139020,3,Female,80,2,4,Manufacturing Director,2,Single,13142,24439,1,Y,No,16,3,2,80,0,29,1,2,5,2,0,3,Recruit.net
27,Current employee,Travel_Rarely,975,Research & Development,7,3,Medical,1,15567,139022,3,Female,80,2,4,Manufacturing Director,2,Single,13142,24439,3,Y,No,16,3,2,80,0,29,1,2,5,2,0,3,GlassDoor
27,Current employee,Travel_Rarely,975,Research & Development,7,3,Marketing,1,15568,139023,3,Female,80,2,4,Manufacturing Director,2,Single,13142,24439,1,Y,No,16,3,2,80,0,29,1,2,5,2,0,3,Recruit.net
27,Current employee,Travel_Frequently,793,Sales,2,1,Life Sciences,1,15603,139058,4,Male,43,1,2,Sales Executive,4,Single,5071,20392,3,Y,No,20,3,2,80,0,8,3,3,6,2,0,0,LinkedIn
27,Current employee,Travel_Frequently,793,Sales,2,1,Life Sciences,1,15605,139060,4,Male,43,1,2,Sales Executive,4,Single,5071,20392,4,Y,No,20,4,2,80,0,8,3,3,6,2,0,0,LinkedIn
27,Current employee,Travel_Frequently,793,Sales,2,1,Life Sciences,1,15609,139064,4,Male,43,1,2,Sales Executive,4,Single,5071,20392,3,Y,No,20,4,2,80,0,8,3,3,6,2,0,0,Seek
27,Current employee,Travel_Frequently,793,Sales,2,1,Life Sciences,1,15610,139065,4,Male,43,1,2,Sales Executive,4,Single,5071,20392,4,Y,No,20,4,2,80,0,8,3,3,6,2,0,0,Jora
27,Current employee,Travel_Frequently,793,Sales,2,1,Life Sciences,1,15611,139066,4,Male,43,1,2,Sales Executive,4,Single,5071,20392,3,Y,No,20,3,2,80,0,8,3,3,6,2,0,0,LinkedIn
27,Current employee,Travel_Frequently,793,Sales,2,1,Life Sciences,1,15613,139068,4,Male,43,1,2,Sales Executive,4,Single,5071,20392,4,Y,No,20,4,2,80,0,8,3,3,6,2,0,0,LinkedIn
27,Current employee,Travel_Frequently,793,Sales,2,1,Life Sciences,1,15617,139072,4,Male,43,1,2,Sales Executive,4,Single,5071,20392,3,Y,No,20,4,2,80,0,8,3,3,6,2,0,0,Seek
27,Current employee,Travel_Frequently,793,Sales,2,1,Life Sciences,1,15618,139073,4,Male,43,1,2,Sales Executive,4,Single,5071,20392,4,Y,No,20,4,2,80,0,8,3,3,6,2,0,0,Jora
27,Current employee,Non-Travel,443,Research & Development,3,3,Medical,1,15823,139278,3,Female,80,3,2,Research Scientist,4,Divorced,5467,13953,3,Y,Yes,14,3,1,80,2,12,4,2,6,2,3,3,LinkedIn
27,Current employee,Non-Travel,443,Research & Development,3,3,Life Sciences,1,15824,139279,3,Female,80,3,2,Research Scientist,4,Divorced,5467,13953,3,Y,Yes,14,3,1,80,2,12,4,2,6,2,3,3,LinkedIn
27,Current employee,Non-Travel,443,Research & Development,3,3,Medical,1,15826,139281,3,Female,80,3,2,Research Scientist,4,Divorced,5467,13953,3,Y,Yes,14,3,1,80,2,12,4,2,6,2,3,3,GlassDoor
27,Current employee,Non-Travel,443,Research & Development,3,3,Life Sciences,1,15827,139282,3,Female,80,3,2,Research Scientist,4,Divorced,5467,13953,3,Y,Yes,14,3,1,80,2,12,4,2,6,2,3,3,LinkedIn
27,Current employee,Non-Travel,443,Research & Development,3,3,Medical,1,15831,139286,3,Female,80,3,2,Research Scientist,4,Divorced,5467,13953,3,Y,Yes,14,3,1,80,2,12,4,2,6,2,3,3,LinkedIn
27,Current employee,Non-Travel,443,Research & Development,3,3,Life Sciences,1,15832,139287,3,Female,80,3,2,Research Scientist,4,Divorced,5467,13953,3,Y,Yes,14,3,1,80,2,12,4,2,6,2,3,3,LinkedIn
27,Current employee,Non-Travel,443,Research & Development,3,3,Medical,1,15834,139289,3,Female,80,3,2,Research Scientist,4,Divorced,5467,13953,3,Y,Yes,14,3,1,80,2,12,4,2,6,2,3,3,GlassDoor
27,Current employee,Non-Travel,443,Research & Development,3,3,Life Sciences,1,15835,139290,3,Female,80,3,2,Research Scientist,4,Divorced,5467,13953,3,Y,Yes,14,3,1,80,2,12,4,2,6,2,3,3,LinkedIn
27,Current employee,Travel_Rarely,205,Sales,10,3,Marketing,1,15950,139405,4,Female,98,2,2,Sales Executive,4,Married,5769,7100,1,Y,Yes,11,3,4,80,0,6,3,3,6,2,4,4,Company Website
27,Current employee,Travel_Rarely,205,Sales,10,3,Medical,1,15953,139408,4,Female,98,2,2,Sales Executive,4,Married,5769,7100,6,Y,Yes,11,3,4,80,0,6,3,3,6,2,4,4,Company Website
27,Current employee,Travel_Rarely,205,Sales,10,3,Marketing,1,15954,139409,4,Female,98,2,2,Sales Executive,4,Married,5769,7100,1,Y,Yes,11,3,4,80,0,6,3,3,6,2,4,4,Company Website
27,Current employee,Travel_Rarely,205,Sales,10,3,Medical,1,15955,139410,4,Female,98,2,2,Sales Executive,4,Married,5769,7100,6,Y,Yes,11,3,4,80,0,6,3,3,6,2,4,4,Company Website
27,Current employee,Travel_Rarely,205,Sales,10,3,Marketing,1,15958,139413,4,Female,98,2,2,Sales Executive,4,Married,5769,7100,1,Y,Yes,11,3,4,80,0,6,3,3,6,2,4,4,Company Website
27,Current employee,Travel_Rarely,205,Sales,10,3,Medical,1,15961,139416,4,Female,98,2,2,Sales Executive,4,Married,5769,7100,6,Y,Yes,11,3,4,80,0,6,3,3,6,2,4,4,Company Website
27,Current employee,Travel_Rarely,205,Sales,10,3,Marketing,1,15962,139417,4,Female,98,2,2,Sales Executive,4,Married,5769,7100,1,Y,Yes,11,3,4,80,0,6,3,3,6,2,4,4,Company Website
27,Current employee,Travel_Rarely,205,Sales,10,3,Medical,1,15963,139418,4,Female,98,2,2,Sales Executive,4,Married,5769,7100,6,Y,Yes,11,3,4,80,0,6,3,3,6,2,4,4,Company Website
27,Current employee,Travel_Rarely,1377,Research & Development,11,1,Life Sciences,1,16278,139733,2,Male,91,3,1,Laboratory Technician,1,Married,2099,7679,0,Y,No,14,3,2,80,0,6,3,4,5,0,1,4,Jora
27,Current employee,Travel_Rarely,1377,Research & Development,11,1,Medical,1,16281,139736,2,Male,91,3,1,Laboratory Technician,1,Married,2099,7679,1,Y,No,14,3,2,80,0,6,3,4,5,0,1,4,Jora
27,Current employee,Travel_Rarely,1377,Research & Development,11,1,Life Sciences,1,16282,139737,2,Male,91,3,1,Laboratory Technician,1,Married,2099,7679,0,Y,No,14,3,2,80,0,6,3,4,5,0,1,4,Seek
27,Current employee,Travel_Rarely,1377,Research & Development,11,1,Medical,1,16283,139738,2,Male,91,3,1,Laboratory Technician,1,Married,2099,7679,1,Y,No,14,3,2,80,0,6,3,4,5,0,1,4,Jora
27,Current employee,Travel_Rarely,1377,Research & Development,11,1,Life Sciences,1,16286,139741,2,Male,91,3,1,Laboratory Technician,1,Married,2099,7679,0,Y,No,14,3,2,80,0,6,3,4,5,0,1,4,Jora
27,Current employee,Travel_Rarely,1377,Research & Development,11,1,Medical,1,16289,139744,2,Male,91,3,1,Laboratory Technician,1,Married,2099,7679,1,Y,No,14,3,2,80,0,6,3,4,5,0,1,4,Jora
27,Current employee,Travel_Rarely,1377,Research & Development,11,1,Life Sciences,1,16290,139745,2,Male,91,3,1,Laboratory Technician,1,Married,2099,7679,0,Y,No,14,3,2,80,0,6,3,4,5,0,1,4,Seek
27,Current employee,Travel_Rarely,1377,Research & Development,11,1,Medical,1,16291,139746,2,Male,91,3,1,Laboratory Technician,1,Married,2099,7679,1,Y,No,14,3,2,80,0,6,3,4,5,0,1,4,Jora
27,Current employee,Travel_Rarely,1291,Sales,11,3,Medical,1,17574,141029,4,Male,85,3,2,Healthcare Representative,4,Divorced,4069,8841,3,Y,Yes,18,3,3,80,0,8,2,3,2,2,2,2,Recruit.net
27,Current employee,Travel_Rarely,1291,Sales,11,3,Medical,1,17576,141031,4,Male,85,3,2,Healthcare Representative,4,Divorced,4069,8841,0,Y,Yes,18,3,3,80,0,8,2,3,2,2,2,2,Recruit.net
27,Current employee,Travel_Rarely,1291,Sales,11,3,Medical,1,17577,141032,4,Male,85,3,2,Healthcare Representative,4,Divorced,4069,8841,3,Y,Yes,18,3,3,80,0,8,2,3,2,2,2,2,Indeed
27,Current employee,Travel_Rarely,1291,Sales,11,3,Medical,1,17578,141033,4,Male,85,3,2,Healthcare Representative,4,Divorced,4069,8841,0,Y,Yes,18,3,3,80,0,8,2,3,2,2,2,2,Adzuna
27,Current employee,Travel_Rarely,1291,Sales,11,3,Medical,1,17582,141037,4,Male,85,3,2,Healthcare Representative,4,Divorced,4069,8841,3,Y,Yes,18,3,3,80,0,8,2,3,2,2,2,2,Recruit.net
27,Current employee,Travel_Rarely,1291,Sales,11,3,Medical,1,17584,141039,4,Male,85,3,2,Healthcare Representative,4,Divorced,4069,8841,0,Y,Yes,18,3,3,80,0,8,2,3,2,2,2,2,Recruit.net
27,Current employee,Travel_Rarely,1291,Sales,11,3,Medical,1,17585,141040,4,Male,85,3,2,Healthcare Representative,4,Divorced,4069,8841,3,Y,Yes,18,3,3,80,0,8,2,3,2,2,2,2,Indeed
27,Current employee,Travel_Rarely,1291,Sales,11,3,Medical,1,17586,141041,4,Male,85,3,2,Healthcare Representative,4,Divorced,4069,8841,0,Y,Yes,18,3,3,80,0,8,2,3,2,2,2,2,Adzuna
27,Current employee,Travel_Rarely,1302,Research & Development,19,3,Other,1,18356,141811,4,Male,67,2,1,Laboratory Technician,1,Divorced,4066,16290,1,Y,No,11,4,1,80,2,7,3,3,7,7,0,7,Seek
27,Current employee,Travel_Rarely,1302,Research & Development,19,3,Medical,1,18359,141814,4,Male,67,2,1,Laboratory Technician,1,Divorced,4066,16290,1,Y,No,11,3,1,80,2,7,3,3,7,7,0,7,Seek
27,Current employee,Travel_Rarely,1302,Research & Development,19,3,Other,1,18362,141817,4,Male,67,2,1,Laboratory Technician,1,Divorced,4066,16290,1,Y,No,11,3,1,80,2,7,3,3,7,7,0,7,LinkedIn
27,Current employee,Travel_Rarely,1302,Research & Development,19,3,Medical,1,18363,141818,4,Male,67,2,1,Laboratory Technician,1,Divorced,4066,16290,1,Y,No,11,3,1,80,2,7,3,3,7,7,0,7,Seek
27,Current employee,Travel_Rarely,1302,Research & Development,19,3,Medical,1,18366,141821,4,Male,67,2,1,Laboratory Technician,1,Divorced,4066,16290,1,Y,No,11,3,1,80,2,7,3,3,7,7,0,7,Seek
27,Current employee,Travel_Rarely,1302,Research & Development,19,3,Other,1,18369,141824,4,Male,67,2,1,Laboratory Technician,1,Divorced,4066,16290,1,Y,No,11,3,1,80,2,7,3,3,7,7,0,7,LinkedIn
27,Current employee,Travel_Rarely,1302,Research & Development,19,3,Medical,1,18370,141825,4,Male,67,2,1,Laboratory Technician,1,Divorced,4066,16290,1,Y,No,11,3,1,80,2,7,3,3,7,7,0,7,Seek
27,Current employee,Travel_Rarely,486,Research & Development,8,3,Medical,1,18505,141960,4,Male,87,3,2,Manufacturing Director,3,Married,5768,26493,3,Y,No,17,3,1,80,3,9,2,2,4,3,0,2,Company Website
27,Current employee,Travel_Rarely,486,Research & Development,8,3,Medical,1,18506,141961,4,Male,87,3,2,Manufacturing Director,3,Married,5768,26493,1,Y,No,17,3,1,80,3,9,2,2,4,3,0,2,Company Website
27,Current employee,Travel_Rarely,486,Research & Development,8,3,Medical,1,18508,141963,4,Male,87,3,2,Manufacturing Director,3,Married,5768,26493,3,Y,No,17,3,1,80,3,9,2,2,4,3,0,2,Jora
27,Current employee,Travel_Rarely,486,Research & Development,8,3,Medical,1,18509,141964,4,Male,87,3,2,Manufacturing Director,3,Married,5768,26493,1,Y,No,17,3,1,80,3,9,2,2,4,3,0,2,Company Website
27,Current employee,Travel_Rarely,486,Research & Development,8,3,Medical,1,18513,141968,4,Male,87,3,2,Manufacturing Director,3,Married,5768,26493,3,Y,No,17,3,1,80,3,9,2,2,4,3,0,2,Company Website
27,Current employee,Travel_Rarely,486,Research & Development,8,3,Medical,1,18514,141969,4,Male,87,3,2,Manufacturing Director,3,Married,5768,26493,1,Y,No,17,3,1,80,3,9,2,2,4,3,0,2,Company Website
27,Current employee,Travel_Rarely,486,Research & Development,8,3,Medical,1,18516,141971,4,Male,87,3,2,Manufacturing Director,3,Married,5768,26493,3,Y,No,17,3,1,80,3,9,2,2,4,3,0,2,Jora
27,Current employee,Travel_Rarely,486,Research & Development,8,3,Medical,1,18517,141972,4,Male,87,3,2,Manufacturing Director,3,Married,5768,26493,1,Y,No,17,3,1,80,3,9,2,2,4,3,0,2,Company Website
27,Current employee,Travel_Frequently,591,Research & Development,2,3,Medical,1,18521,141976,4,Female,87,3,2,Manufacturing Director,3,Single,5042,3140,0,Y,No,13,3,4,80,0,10,2,1,9,2,3,8,Company Website
27,Current employee,Travel_Frequently,591,Research & Development,2,3,Life Sciences,1,18522,141977,4,Female,87,3,2,Manufacturing Director,3,Single,5042,3140,1,Y,No,13,3,4,80,0,10,2,1,9,2,3,8,Company Website
27,Current employee,Travel_Frequently,591,Research & Development,2,3,Medical,1,18524,141979,4,Female,87,3,2,Manufacturing Director,3,Single,5042,3140,0,Y,No,13,3,4,80,0,10,2,1,9,2,3,8,GlassDoor
27,Current employee,Travel_Frequently,591,Research & Development,2,3,Life Sciences,1,18525,141980,4,Female,87,3,2,Manufacturing Director,3,Single,5042,3140,1,Y,No,13,3,4,80,0,10,2,1,9,2,3,8,Company Website
27,Current employee,Travel_Frequently,591,Research & Development,2,3,Medical,1,18529,141984,4,Female,87,3,2,Manufacturing Director,3,Single,5042,3140,0,Y,No,13,3,4,80,0,10,2,1,9,2,3,8,Company Website
27,Current employee,Travel_Frequently,591,Research & Development,2,3,Life Sciences,1,18530,141985,4,Female,87,3,2,Manufacturing Director,3,Single,5042,3140,1,Y,No,13,3,4,80,0,10,2,1,9,2,3,8,Company Website
27,Current employee,Travel_Frequently,591,Research & Development,2,3,Medical,1,18532,141987,4,Female,87,3,2,Manufacturing Director,3,Single,5042,3140,0,Y,No,13,3,4,80,0,10,2,1,9,2,3,8,GlassDoor
27,Current employee,Travel_Frequently,591,Research & Development,2,3,Life Sciences,1,18533,141988,4,Female,87,3,2,Manufacturing Director,3,Single,5042,3140,1,Y,No,13,3,4,80,0,10,2,1,9,2,3,8,Company Website
27,Current employee,Travel_Rarely,486,Research & Development,8,3,Medical,1,18691,142146,2,Female,86,4,1,Research Scientist,3,Married,3517,22490,7,Y,No,17,3,1,80,0,5,0,3,3,2,0,2,LinkedIn
27,Current employee,Travel_Rarely,486,Research & Development,8,3,Medical,1,18694,142149,2,Female,86,4,1,Research Scientist,3,Married,3517,22490,3,Y,No,17,3,1,80,0,5,0,3,3,2,0,2,LinkedIn
27,Current employee,Travel_Rarely,486,Research & Development,8,3,Medical,1,18695,142150,2,Female,86,4,1,Research Scientist,3,Married,3517,22490,7,Y,No,17,3,1,80,0,5,0,3,3,2,0,2,Company Website
27,Current employee,Travel_Rarely,486,Research & Development,8,3,Medical,1,18696,142151,2,Female,86,4,1,Research Scientist,3,Married,3517,22490,3,Y,No,17,3,1,80,0,5,0,3,3,2,0,2,LinkedIn
27,Current employee,Travel_Rarely,486,Research & Development,8,3,Medical,1,18699,142154,2,Female,86,4,1,Research Scientist,3,Married,3517,22490,7,Y,No,17,3,1,80,0,5,0,3,3,2,0,2,LinkedIn
27,Current employee,Travel_Rarely,486,Research & Development,8,3,Medical,1,18702,142157,2,Female,86,4,1,Research Scientist,3,Married,3517,22490,3,Y,No,17,3,1,80,0,5,0,3,3,2,0,2,LinkedIn
27,Current employee,Travel_Rarely,486,Research & Development,8,3,Medical,1,18703,142158,2,Female,86,4,1,Research Scientist,3,Married,3517,22490,7,Y,No,17,3,1,80,0,5,0,3,3,2,0,2,Company Website
27,Current employee,Travel_Rarely,486,Research & Development,8,3,Medical,1,18704,142159,2,Female,86,4,1,Research Scientist,3,Married,3517,22490,3,Y,No,17,3,1,80,0,5,0,3,3,2,0,2,LinkedIn
27,Current employee,Travel_Frequently,591,Research & Development,2,3,Medical,1,18706,142161,4,Male,87,3,1,Research Scientist,4,Single,2580,6297,2,Y,No,13,3,3,80,0,6,0,2,4,2,1,2,Referral
27,Current employee,Travel_Frequently,591,Research & Development,2,3,Life Sciences,1,18708,142163,4,Male,87,3,1,Research Scientist,4,Single,2580,6297,2,Y,,13,3,3,80,0,6,0,2,4,2,1,2,Referral
27,Current employee,Travel_Frequently,591,Research & Development,2,3,Medical,1,18712,142167,4,Male,87,3,1,Research Scientist,4,Single,2580,6297,2,Y,No,13,3,3,80,0,6,0,2,4,2,1,2,Indeed
27,Current employee,Travel_Frequently,591,Research & Development,2,3,Life Sciences,1,18713,142168,4,Male,87,3,1,Research Scientist,4,Single,2580,6297,2,Y,No,13,3,3,80,0,6,0,2,4,2,1,2,Referral
27,Current employee,Travel_Frequently,591,Research & Development,2,3,Medical,1,18714,142169,4,Male,87,3,1,Research Scientist,4,Single,2580,6297,2,Y,No,13,3,3,80,0,6,0,2,4,2,1,2,Referral
27,Current employee,Travel_Frequently,591,Research & Development,2,3,Life Sciences,1,18716,142171,4,Male,87,3,1,Research Scientist,4,Single,2580,6297,2,Y,No,13,3,3,80,0,6,0,2,4,2,1,2,Referral
27,Current employee,Travel_Frequently,591,Research & Development,2,3,Medical,1,18720,142175,4,Male,87,3,1,Research Scientist,4,Single,2580,6297,2,Y,No,13,3,3,80,0,6,0,2,4,2,1,2,Indeed
27,Current employee,Travel_Frequently,591,Research & Development,2,3,Life Sciences,1,18721,142176,4,Male,87,3,1,Research Scientist,4,Single,2580,6297,2,Y,No,13,3,3,80,0,6,0,2,4,2,1,2,Referral
27,Current employee,Travel_Rarely,1054,Research & Development,8,3,Medical,1,18998,142453,4,Male,88,2,2,Sales Executive,2,Divorced,4187,3356,1,Y,Yes,13,3,2,80,1,10,3,2,10,0,0,9,Recruit.net
27,Current employee,Travel_Rarely,1054,Research & Development,8,3,Medical,1,19000,142455,4,Male,88,2,2,Sales Executive,2,Divorced,4187,3356,6,Y,Yes,13,3,2,80,1,10,3,2,10,0,0,9,Recruit.net
27,Current employee,Travel_Rarely,1054,Research & Development,8,3,Medical,1,19001,142456,4,Male,88,2,2,Sales Executive,2,Divorced,4187,3356,1,Y,Yes,13,3,2,80,1,10,3,2,10,0,0,9,LinkedIn
27,Current employee,Travel_Rarely,1054,Research & Development,8,3,Medical,1,19002,142457,4,Male,88,2,2,Sales Executive,2,Divorced,4187,3356,6,Y,Yes,13,3,2,80,1,10,3,2,10,0,0,9,Adzuna
27,Current employee,Travel_Rarely,1054,Research & Development,8,3,Medical,1,19006,142461,4,Male,88,2,2,Sales Executive,2,Divorced,4187,3356,1,Y,Yes,13,3,2,80,1,10,3,2,10,0,0,9,Recruit.net
27,Current employee,Travel_Rarely,1054,Research & Development,8,3,Medical,1,19008,142463,4,Male,88,2,2,Sales Executive,2,Divorced,4187,3356,6,Y,Yes,13,3,2,80,1,10,3,2,10,0,0,9,Recruit.net
27,Current employee,Travel_Rarely,1054,Research & Development,8,3,Medical,1,19009,142464,4,Male,88,2,2,Sales Executive,2,Divorced,4187,3356,1,Y,Yes,13,3,2,80,1,10,3,2,10,0,0,9,LinkedIn
27,Current employee,Travel_Rarely,1054,Research & Development,8,3,Medical,1,19010,142465,4,Male,88,2,2,Sales Executive,2,Divorced,4187,3356,6,Y,Yes,13,3,2,80,1,10,3,2,10,0,0,9,Adzuna
27,Current employee,Travel_Rarely,728,Sales,23,1,Medical,1,19379,142834,4,Female,90,2,1,Research Scientist,4,Married,2929,20338,1,Y,No,12,3,2,80,0,10,3,3,10,9,8,7,GlassDoor
27,Current employee,Travel_Rarely,728,Sales,23,1,Other,1,19381,142836,4,Female,90,2,1,Research Scientist,4,Married,2929,20338,4,Y,No,12,3,2,80,0,10,3,3,10,9,8,7,GlassDoor
27,Current employee,Travel_Rarely,728,Sales,23,1,Medical,1,19382,142837,4,Female,90,2,1,Research Scientist,4,Married,2929,20338,1,Y,No,12,3,2,80,0,10,3,3,10,9,8,7,Jora
27,Current employee,Travel_Rarely,728,Sales,23,1,Other,1,19383,142838,4,Female,90,2,1,Research Scientist,4,Married,2929,20338,4,Y,No,12,3,2,80,0,10,3,3,10,9,8,7,LinkedIn
27,Current employee,Travel_Rarely,728,Sales,23,1,Medical,1,19387,142842,4,Female,90,2,1,Research Scientist,4,Married,2929,20338,1,Y,No,12,3,2,80,0,10,3,3,10,9,8,7,GlassDoor
27,Current employee,Travel_Rarely,728,Sales,23,1,Other,1,19389,142844,4,Female,90,2,1,Research Scientist,4,Married,2929,20338,4,Y,No,12,3,2,80,0,10,3,3,10,9,8,7,GlassDoor
27,Current employee,Travel_Rarely,728,Sales,23,1,Medical,1,19390,142845,4,Female,90,2,1,Research Scientist,4,Married,2929,20338,1,Y,No,12,3,2,80,0,10,3,3,10,9,8,7,Jora
27,Current employee,Travel_Rarely,728,Sales,23,1,Other,1,19391,142846,4,Female,90,2,1,Research Scientist,4,Married,2929,20338,4,Y,No,12,3,2,80,0,10,3,3,10,9,8,7,LinkedIn
27,Current employee,Travel_Rarely,511,Sales,2,2,Medical,1,19475,142930,4,Male,90,3,3,Sales Executive,3,Single,9241,15869,1,Y,No,12,3,2,80,0,10,3,3,10,8,8,7,Adzuna
27,Current employee,Travel_Rarely,511,Sales,2,2,Life Sciences,1,19476,142931,4,Male,90,3,3,Sales Executive,3,Single,9241,15869,4,Y,No,12,3,2,80,0,10,3,3,10,8,8,7,Adzuna
27,Current employee,Travel_Rarely,511,Sales,2,2,Medical,1,19478,142933,4,Male,90,3,3,Sales Executive,3,Single,9241,15869,1,Y,No,12,3,2,80,0,10,3,3,10,8,8,7,Company Website
27,Current employee,Travel_Rarely,511,Sales,2,2,Life Sciences,1,19479,142934,4,Male,90,3,3,Sales Executive,3,Single,9241,15869,4,Y,No,12,3,2,80,0,10,3,3,10,8,8,7,Recruit.net
27,Current employee,Travel_Rarely,511,Sales,2,2,Medical,1,19483,142938,4,Male,90,3,3,Sales Executive,3,Single,9241,15869,1,Y,No,12,3,2,80,0,10,3,3,10,8,8,7,Adzuna
27,Current employee,Travel_Rarely,511,Sales,2,2,Life Sciences,1,19484,142939,4,Male,90,3,3,Sales Executive,3,Single,9241,15869,4,Y,No,12,3,2,80,0,10,3,3,10,8,8,7,Adzuna
27,Current employee,Travel_Rarely,511,Sales,2,2,Medical,1,19486,142941,4,Male,90,3,3,Sales Executive,3,Single,9241,15869,1,Y,No,12,3,2,80,0,10,3,3,10,8,8,7,Company Website
27,Current employee,Travel_Rarely,511,Sales,2,2,Life Sciences,1,19487,142942,4,Male,90,3,3,Sales Executive,3,Single,9241,15869,4,Y,No,12,3,2,80,0,10,3,3,10,8,8,7,Recruit.net
27,Current employee,Travel_Rarely,1054,Research & Development,8,3,Medical,1,19952,143407,3,Female,67,3,1,Research Scientist,4,Single,3445,6152,1,Y,No,11,3,3,80,0,6,5,2,6,2,1,4,Company Website
27,Current employee,Travel_Rarely,1054,Research & Development,8,3,Medical,1,19955,143410,3,Female,67,3,1,Research Scientist,4,Single,3445,6152,3,Y,No,11,4,3,80,0,6,5,2,6,2,1,4,Company Website
27,Current employee,Travel_Rarely,1054,Research & Development,8,3,Medical,1,19956,143411,3,Female,67,3,1,Research Scientist,4,Single,3445,6152,1,Y,No,11,3,3,80,0,6,5,2,6,2,1,4,Company Website
27,Current employee,Travel_Rarely,1054,Research & Development,8,3,Medical,1,19957,143412,3,Female,67,3,1,Research Scientist,4,Single,3445,6152,3,Y,No,11,3,3,80,0,6,5,2,6,2,1,4,Company Website
27,Current employee,Travel_Rarely,1054,Research & Development,8,3,Medical,1,19960,143415,3,Female,67,3,1,Research Scientist,4,Single,3445,6152,1,Y,No,11,3,3,80,0,6,5,2,6,2,1,4,Company Website
27,Current employee,Travel_Rarely,1054,Research & Development,8,3,Medical,1,19963,143418,3,Female,67,3,1,Research Scientist,4,Single,3445,6152,3,Y,No,11,4,3,80,0,6,5,2,6,2,1,4,Company Website
27,Current employee,Travel_Rarely,1054,Research & Development,8,3,Medical,1,19964,143419,3,Female,67,3,1,Research Scientist,4,Single,3445,6152,1,Y,No,11,3,3,80,0,6,5,2,6,2,1,4,Company Website
27,Current employee,Travel_Rarely,1054,Research & Development,8,3,Medical,1,19965,143420,3,Female,67,3,1,Research Scientist,4,Single,3445,6152,3,Y,No,11,3,3,80,0,6,5,2,6,2,1,4,Company Website
27,Current employee,Travel_Frequently,1297,Research & Development,5,2,Life Sciences,1,21050,144505,4,Female,53,3,1,Laboratory Technician,4,Single,2379,19826,0,Y,Yes,14,3,3,80,0,6,3,2,5,4,0,2,Adzuna
27,Current employee,Travel_Frequently,1297,Research & Development,5,2,Life Sciences,1,21052,144507,4,Female,53,3,1,Laboratory Technician,4,Single,2379,19826,1,Y,Yes,14,3,3,80,0,6,3,2,5,4,0,2,Adzuna
27,Current employee,Travel_Frequently,1297,Research & Development,5,2,Life Sciences,1,21054,144509,4,Female,53,3,1,Laboratory Technician,4,Single,2379,19826,0,Y,Yes,14,3,3,80,0,6,3,2,5,4,0,2,Seek
27,Current employee,Travel_Frequently,1297,Research & Development,5,2,Life Sciences,1,21055,144510,4,Female,53,3,1,Laboratory Technician,4,Single,2379,19826,1,Y,Yes,14,3,3,80,0,6,3,2,5,4,0,2,Adzuna
27,Current employee,Travel_Frequently,1297,Research & Development,5,2,Life Sciences,1,21058,144513,4,Female,53,3,1,Laboratory Technician,4,Single,2379,19826,0,Y,Yes,14,3,3,80,0,6,3,2,5,4,0,2,Adzuna
27,Current employee,Travel_Frequently,1297,Research & Development,5,2,Life Sciences,1,21060,144515,4,Female,53,3,1,Laboratory Technician,4,Single,2379,19826,1,Y,Yes,14,3,3,80,0,6,3,2,5,4,0,2,Adzuna
27,Current employee,Travel_Frequently,1297,Research & Development,5,2,Life Sciences,1,21062,144517,4,Female,53,3,1,Laboratory Technician,4,Single,2379,19826,0,Y,Yes,14,3,3,80,0,6,3,2,5,4,0,2,Seek
27,Current employee,Travel_Frequently,1297,Research & Development,5,2,Life Sciences,1,21063,144518,4,Female,53,3,1,Laboratory Technician,4,Single,2379,19826,1,Y,Yes,14,3,3,80,0,6,3,2,5,4,0,2,Adzuna
27,Current employee,Travel_Rarely,1302,Research & Development,19,3,Other,1,21115,144570,4,Female,95,3,1,Laboratory Technician,3,Single,2105,5411,4,Y,No,12,3,3,80,0,7,2,3,2,2,2,0,Jora
27,Current employee,Travel_Rarely,1302,Research & Development,19,3,Medical,1,21117,144572,4,Female,95,3,1,Laboratory Technician,3,Single,2105,5411,1,Y,No,12,3,3,80,0,7,2,3,2,2,2,0,Jora
27,Current employee,Travel_Rarely,1302,Research & Development,19,3,Other,1,21118,144573,4,Female,95,3,1,Laboratory Technician,3,Single,2105,5411,4,Y,No,12,3,3,80,0,7,2,3,2,2,2,0,Seek
27,Current employee,Travel_Rarely,1302,Research & Development,19,3,Medical,1,21119,144574,4,Female,95,3,1,Laboratory Technician,3,Single,2105,5411,1,Y,No,12,3,3,80,0,7,2,3,2,2,2,0,Jora
27,Current employee,Travel_Rarely,1302,Research & Development,19,3,Other,1,21123,144578,4,Female,95,3,1,Laboratory Technician,3,Single,2105,5411,4,Y,No,12,3,3,80,0,7,2,3,2,2,2,0,Jora
27,Current employee,Travel_Rarely,1302,Research & Development,19,3,Medical,1,21125,144580,4,Female,95,3,1,Laboratory Technician,3,Single,2105,5411,1,Y,No,12,3,3,80,0,7,2,3,2,2,2,0,Jora
27,Current employee,Travel_Rarely,1302,Research & Development,19,3,Other,1,21126,144581,4,Female,95,3,1,Laboratory Technician,3,Single,2105,5411,4,Y,No,12,3,3,80,0,7,2,3,2,2,2,0,Seek
27,Current employee,Travel_Rarely,1302,Research & Development,19,3,Medical,1,21127,144582,4,Female,95,3,1,Laboratory Technician,3,Single,2105,5411,1,Y,No,12,3,3,80,0,7,2,3,2,2,2,0,Jora
27,Current employee,Travel_Rarely,728,Sales,23,1,Medical,1,21226,144681,2,Female,30,2,2,Sales Representative,3,Married,3540,7018,1,Y,No,21,3,4,80,1,9,5,3,9,8,5,8,Seek
27,Current employee,Travel_Rarely,728,Sales,23,1,Other,1,21229,144684,2,Female,30,2,2,Sales Representative,3,Married,3540,7018,9,Y,No,21,3,4,80,1,9,5,3,9,8,5,8,Seek
27,Current employee,Travel_Rarely,728,Sales,23,1,Medical,1,21230,144685,2,Female,30,2,2,Sales Representative,3,Married,3540,7018,1,Y,No,21,4,4,80,1,9,5,3,9,8,5,8,Recruit.net
27,Current employee,Travel_Rarely,728,Sales,23,1,Other,1,21231,144686,2,Female,30,2,2,Sales Representative,3,Married,3540,7018,9,Y,No,21,4,4,80,1,9,5,3,9,8,5,8,Company Website
27,Current employee,Travel_Rarely,728,Sales,23,1,Medical,1,21234,144689,2,Female,30,2,2,Sales Representative,3,Married,3540,7018,1,Y,No,21,3,4,80,1,9,5,3,9,8,5,8,Seek
27,Current employee,Travel_Rarely,728,Sales,23,1,Other,1,21237,144692,2,Female,30,2,2,Sales Representative,3,Married,3540,7018,9,Y,No,21,3,4,80,1,9,5,3,9,8,5,8,Seek
27,Current employee,Travel_Rarely,728,Sales,23,1,Medical,1,21238,144693,2,Female,30,2,2,Sales Representative,3,Married,3540,7018,1,Y,No,21,4,4,80,1,9,5,3,9,8,5,8,Recruit.net
27,Current employee,Travel_Rarely,728,Sales,23,1,Other,1,21239,144694,2,Female,30,2,2,Sales Representative,3,Married,3540,7018,9,Y,No,21,4,4,80,1,9,5,3,9,8,5,8,Company Website
27,Current employee,Travel_Frequently,1131,Research & Development,15,3,Life Sciences,1,21322,144777,4,Female,30,2,1,Research Scientist,1,Married,4774,23844,0,Y,No,19,3,4,80,1,8,2,2,7,6,7,3,LinkedIn
27,Current employee,Travel_Frequently,1131,Research & Development,15,3,Medical,1,21325,144780,4,Female,30,2,1,Research Scientist,1,Married,4774,23844,3,Y,No,19,4,4,80,1,8,2,2,7,6,7,3,LinkedIn
27,Current employee,Travel_Frequently,1131,Research & Development,15,3,Life Sciences,1,21328,144783,4,Female,30,2,1,Research Scientist,1,Married,4774,23844,0,Y,No,19,3,4,80,1,8,2,2,7,6,7,3,Adzuna
27,Current employee,Travel_Frequently,1131,Research & Development,15,3,Medical,1,21329,144784,4,Female,30,2,1,Research Scientist,1,Married,4774,23844,3,Y,No,19,3,4,80,1,8,2,2,7,6,7,3,Indeed
27,Current employee,Travel_Frequently,1131,Research & Development,15,3,Life Sciences,1,21330,144785,4,Female,30,2,1,Research Scientist,1,Married,4774,23844,0,Y,No,19,3,4,80,1,8,2,2,7,6,7,3,LinkedIn
27,Current employee,Travel_Frequently,1131,Research & Development,15,3,Medical,1,21333,144788,4,Female,30,2,1,Research Scientist,1,Married,4774,23844,3,Y,No,19,4,4,80,1,8,2,2,7,6,7,3,LinkedIn
27,Current employee,Travel_Frequently,1131,Research & Development,15,3,Life Sciences,1,21336,144791,4,Female,30,2,1,Research Scientist,1,Married,4774,23844,0,Y,No,19,3,4,80,1,8,2,2,7,6,7,3,Adzuna
27,Current employee,Travel_Frequently,1131,Research & Development,15,3,Medical,1,21337,144792,4,Female,30,2,1,Research Scientist,1,Married,4774,23844,3,Y,No,19,3,4,80,1,8,2,2,7,6,7,3,Indeed
27,Current employee,Travel_Rarely,1157,Research & Development,17,3,Technical Degree,1,21561,145016,4,Female,96,2,1,Research Scientist,3,Married,2933,14908,1,Y,Yes,13,3,3,80,1,1,3,2,1,0,1,0,Recruit.net
27,Current employee,Travel_Rarely,1157,Research & Development,17,3,Medical,1,21563,145018,4,Female,96,2,1,Research Scientist,3,Married,2933,14908,3,Y,Yes,13,3,3,80,1,1,3,2,1,0,1,0,Recruit.net
27,Current employee,Travel_Rarely,1157,Research & Development,17,3,Technical Degree,1,21566,145021,4,Female,96,2,1,Research Scientist,3,Married,2933,14908,1,Y,Yes,13,3,3,80,1,1,3,2,1,0,1,0,Seek
27,Current employee,Travel_Rarely,1157,Research & Development,17,3,Medical,1,21567,145022,4,Female,96,2,1,Research Scientist,3,Married,2933,14908,3,Y,Yes,13,3,3,80,1,1,3,2,1,0,1,0,Jora
27,Current employee,Travel_Rarely,1157,Research & Development,17,3,Technical Degree,1,21569,145024,4,Female,96,2,1,Research Scientist,3,Married,2933,14908,1,Y,Yes,13,3,3,80,1,1,3,2,1,0,1,0,Recruit.net
27,Current employee,Travel_Rarely,1157,Research & Development,17,3,Medical,1,21571,145026,4,Female,96,2,1,Research Scientist,3,Married,2933,14908,3,Y,Yes,13,3,3,80,1,1,3,2,1,0,1,0,Recruit.net
27,Current employee,Travel_Rarely,1157,Research & Development,17,3,Technical Degree,1,21574,145029,4,Female,96,2,1,Research Scientist,3,Married,2933,14908,1,Y,Yes,13,3,3,80,1,1,3,2,1,0,1,0,Seek
27,Current employee,Travel_Rarely,1157,Research & Development,17,3,Medical,1,21575,145030,4,Female,96,2,1,Research Scientist,3,Married,2933,14908,3,Y,Yes,13,3,3,80,1,1,3,2,1,0,1,0,Jora
27,Current employee,Travel_Rarely,511,Sales,2,2,Medical,1,21576,145031,1,Female,31,4,2,Sales Executive,3,Single,6500,26997,0,Y,No,14,3,2,80,0,9,5,2,8,7,0,7,Seek
27,Current employee,Travel_Rarely,511,Sales,2,2,Life Sciences,1,21579,145034,1,Female,31,4,2,Sales Executive,3,Single,6500,26997,4,Y,No,14,3,2,80,0,9,5,2,8,7,0,7,Seek
27,Current employee,Travel_Rarely,511,Sales,2,2,Medical,1,21582,145037,1,Female,31,4,2,Sales Executive,3,Single,6500,26997,0,Y,No,14,3,2,80,0,9,5,2,8,7,0,7,Company Website
27,Current employee,Travel_Rarely,511,Sales,2,2,Life Sciences,1,21583,145038,1,Female,31,4,2,Sales Executive,3,Single,6500,26997,4,Y,No,14,3,2,80,0,9,5,2,8,7,0,7,LinkedIn
27,Current employee,Travel_Rarely,511,Sales,2,2,Medical,1,21584,145039,1,Female,31,4,2,Sales Executive,3,Single,6500,26997,0,Y,No,14,3,2,80,0,9,5,2,8,7,0,7,Seek
27,Current employee,Travel_Rarely,511,Sales,2,2,Life Sciences,1,21587,145042,1,Female,31,4,2,Sales Executive,3,Single,6500,26997,4,Y,No,14,3,2,80,0,9,5,2,8,7,0,7,Seek
27,Current employee,Travel_Rarely,511,Sales,2,2,Medical,1,21590,145045,1,Female,31,4,2,Sales Executive,3,Single,6500,26997,0,Y,No,14,3,2,80,0,9,5,2,8,7,0,7,Company Website
27,Current employee,Travel_Rarely,511,Sales,2,2,Life Sciences,1,21591,145046,1,Female,31,4,2,Sales Executive,3,Single,6500,26997,4,Y,No,14,3,2,80,0,9,5,2,8,7,0,7,LinkedIn
27,Current employee,Travel_Frequently,472,Research & Development,1,1,Technical Degree,1,21609,145064,4,Male,96,4,2,Healthcare Representative,1,Married,5033,9364,2,Y,No,15,3,4,80,1,10,5,3,2,0,2,2,LinkedIn
27,Current employee,Travel_Frequently,472,Research & Development,1,1,Life Sciences,1,21611,145066,4,Male,96,4,2,Healthcare Representative,1,Married,5033,9364,0,Y,No,15,4,4,80,1,10,5,3,2,0,2,2,LinkedIn
27,Current employee,Travel_Frequently,472,Research & Development,1,1,Technical Degree,1,21612,145067,4,Male,96,4,2,Healthcare Representative,1,Married,5033,9364,2,Y,No,15,3,4,80,1,10,5,3,2,0,2,2,Company Website
27,Current employee,Travel_Frequently,472,Research & Development,1,1,Life Sciences,1,21613,145068,4,Male,96,4,2,Healthcare Representative,1,Married,5033,9364,0,Y,No,15,3,4,80,1,10,5,3,2,0,2,2,Company Website
27,Current employee,Travel_Frequently,472,Research & Development,1,1,Technical Degree,1,21617,145072,4,Male,96,4,2,Healthcare Representative,1,Married,5033,9364,2,Y,No,15,3,4,80,1,10,5,3,2,0,2,2,LinkedIn
27,Current employee,Travel_Frequently,472,Research & Development,1,1,Life Sciences,1,21619,145074,4,Male,96,4,2,Healthcare Representative,1,Married,5033,9364,0,Y,No,15,4,4,80,1,10,5,3,2,0,2,2,LinkedIn
27,Current employee,Travel_Frequently,472,Research & Development,1,1,Technical Degree,1,21620,145075,4,Male,96,4,2,Healthcare Representative,1,Married,5033,9364,2,Y,No,15,3,4,80,1,10,5,3,2,0,2,2,Company Website
27,Current employee,Travel_Frequently,472,Research & Development,1,1,Life Sciences,1,21621,145076,4,Male,96,4,2,Healthcare Representative,1,Married,5033,9364,0,Y,No,15,3,4,80,1,10,5,3,2,0,2,2,Company Website
27,Current employee,Travel_Rarely,1354,Research & Development,2,4,Technical Degree,1,21854,145309,2,Male,32,3,1,Research Scientist,2,Married,2226,6073,1,Y,No,11,3,3,80,1,6,3,2,5,3,1,2,Recruit.net
27,Current employee,Travel_Rarely,1354,Research & Development,2,4,Life Sciences,1,21856,145311,2,Male,32,3,1,Research Scientist,2,Married,2226,6073,2,Y,No,11,4,3,80,1,6,3,2,5,3,1,2,Recruit.net
27,Current employee,Travel_Rarely,1354,Research & Development,2,4,Technical Degree,1,21858,145313,2,Male,32,3,1,Research Scientist,2,Married,2226,6073,1,Y,No,11,3,3,80,1,6,3,2,5,3,1,2,Indeed
27,Current employee,Travel_Rarely,1354,Research & Development,2,4,Life Sciences,1,21859,145314,2,Male,32,3,1,Research Scientist,2,Married,2226,6073,2,Y,No,11,3,3,80,1,6,3,2,5,3,1,2,Recruit.net
27,Current employee,Travel_Rarely,1354,Research & Development,2,4,Technical Degree,1,21862,145317,2,Male,32,3,1,Research Scientist,2,Married,2226,6073,1,Y,No,11,3,3,80,1,6,3,2,5,3,1,2,Recruit.net
27,Current employee,Travel_Rarely,1354,Research & Development,2,4,Life Sciences,1,21864,145319,2,Male,32,3,1,Research Scientist,2,Married,2226,6073,2,Y,No,11,4,3,80,1,6,3,2,5,3,1,2,Recruit.net
27,Current employee,Travel_Rarely,1354,Research & Development,2,4,Technical Degree,1,21866,145321,2,Male,32,3,1,Research Scientist,2,Married,2226,6073,1,Y,No,11,3,3,80,1,6,3,2,5,3,1,2,Indeed
27,Current employee,Travel_Rarely,1354,Research & Development,2,4,Life Sciences,1,21867,145322,2,Male,32,3,1,Research Scientist,2,Married,2226,6073,2,Y,No,11,3,3,80,1,6,3,2,5,3,1,2,Recruit.net
27,Current employee,Travel_Rarely,269,Research & Development,5,1,Technical Degree,1,22230,145685,4,Male,97,2,1,Laboratory Technician,4,Divorced,2367,18779,5,Y,No,12,3,1,80,1,6,2,2,4,1,0,3,Indeed
27,Current employee,Travel_Rarely,269,Research & Development,5,1,Life Sciences,1,22231,145686,4,Male,97,2,1,Laboratory Technician,4,Divorced,2367,18779,1,Y,No,12,3,1,80,1,6,2,2,4,1,0,3,Indeed
27,Current employee,Travel_Rarely,269,Research & Development,5,1,Technical Degree,1,22233,145688,4,Male,97,2,1,Laboratory Technician,4,Divorced,2367,18779,5,Y,No,12,3,1,80,1,6,2,2,4,1,0,3,GlassDoor
27,Current employee,Travel_Rarely,269,Research & Development,5,1,Life Sciences,1,22234,145689,4,Male,97,2,1,Laboratory Technician,4,Divorced,2367,18779,1,Y,No,12,3,1,80,1,6,2,2,4,1,0,3,Indeed
27,Current employee,Travel_Rarely,269,Research & Development,5,1,Technical Degree,1,22238,145693,4,Male,97,2,1,Laboratory Technician,4,Divorced,2367,18779,5,Y,No,12,3,1,80,1,6,2,2,4,1,0,3,Indeed
27,Current employee,Travel_Rarely,269,Research & Development,5,1,Life Sciences,1,22239,145694,4,Male,97,2,1,Laboratory Technician,4,Divorced,2367,18779,1,Y,No,12,3,1,80,1,6,2,2,4,1,0,3,Indeed
27,Current employee,Travel_Rarely,269,Research & Development,5,1,Technical Degree,1,22241,145696,4,Male,97,2,1,Laboratory Technician,4,Divorced,2367,18779,5,Y,No,12,3,1,80,1,6,2,2,4,1,0,3,GlassDoor
27,Current employee,Travel_Rarely,269,Research & Development,5,1,Life Sciences,1,22242,145697,4,Male,97,2,1,Laboratory Technician,4,Divorced,2367,18779,1,Y,No,12,3,1,80,1,6,2,2,4,1,0,3,Indeed
27,Current employee,Travel_Rarely,954,Sales,9,3,Marketing,1,22277,145732,4,Male,33,3,2,Sales Executive,4,Single,4105,5099,1,Y,No,14,4,1,80,0,7,5,3,7,7,0,7,Recruit.net
27,Current employee,Travel_Rarely,954,Sales,9,3,Medical,1,22280,145735,4,Male,33,3,2,Sales Executive,4,Single,4105,5099,6,Y,No,14,4,1,80,0,7,5,3,7,7,0,7,Recruit.net
27,Current employee,Travel_Rarely,954,Sales,9,3,Marketing,1,22281,145736,4,Male,33,3,2,Sales Executive,4,Single,4105,5099,1,Y,No,14,3,1,80,0,7,5,3,7,7,0,7,LinkedIn
27,Current employee,Travel_Rarely,954,Sales,9,3,Medical,1,22282,145737,4,Male,33,3,2,Sales Executive,4,Single,4105,5099,6,Y,No,14,3,1,80,0,7,5,3,7,7,0,7,Indeed
27,Current employee,Travel_Rarely,954,Sales,9,3,Marketing,1,22285,145740,4,Male,33,3,2,Sales Executive,4,Single,4105,5099,1,Y,No,14,4,1,80,0,7,5,3,7,7,0,7,Recruit.net
27,Current employee,Travel_Rarely,954,Sales,9,3,Medical,1,22288,145743,4,Male,33,3,2,Sales Executive,4,Single,4105,5099,6,Y,No,14,4,1,80,0,7,5,3,7,7,0,7,Recruit.net
27,Current employee,Travel_Rarely,954,Sales,9,3,Marketing,1,22289,145744,4,Male,33,3,2,Sales Executive,4,Single,4105,5099,1,Y,No,14,3,1,80,0,7,5,3,7,7,0,7,LinkedIn
27,Current employee,Travel_Rarely,954,Sales,9,3,Medical,1,22290,145745,4,Male,33,3,2,Sales Executive,4,Single,4105,5099,6,Y,No,14,3,1,80,0,7,5,3,7,7,0,7,Indeed
27,Current employee,Travel_Rarely,1134,Research & Development,16,4,Technical Degree,1,22390,145845,4,Male,98,3,1,Human Resources,2,Married,2991,5224,0,Y,Yes,11,4,2,80,1,7,2,3,6,2,1,2,Company Website
27,Current employee,Travel_Rarely,1134,Research & Development,16,4,Medical,1,22392,145847,4,Male,98,3,1,Human Resources,2,Married,2991,5224,0,Y,Yes,11,3,2,80,1,7,2,3,6,2,1,2,Company Website
27,Current employee,Travel_Rarely,1134,Research & Development,16,4,Technical Degree,1,22393,145848,4,Male,98,3,1,Human Resources,2,Married,2991,5224,0,Y,Yes,11,3,2,80,1,7,2,3,6,2,1,2,Seek
27,Current employee,Travel_Rarely,1134,Research & Development,16,4,Medical,1,22394,145849,4,Male,98,3,1,Human Resources,2,Married,2991,5224,0,Y,Yes,11,3,2,80,1,7,2,3,6,2,1,2,Jora
27,Current employee,Travel_Rarely,1134,Research & Development,16,4,Medical,1,22399,145854,4,Male,98,3,1,Human Resources,2,Married,2991,5224,0,Y,Yes,11,3,2,80,1,7,2,3,6,2,1,2,Company Website
27,Current employee,Travel_Rarely,1134,Research & Development,16,4,Technical Degree,1,22400,145855,4,Male,98,3,1,Human Resources,2,Married,2991,5224,0,Y,Yes,11,3,2,80,1,7,2,3,6,2,1,2,Seek
27,Current employee,Travel_Rarely,1134,Research & Development,16,4,Medical,1,22401,145856,4,Male,98,3,1,Human Resources,2,Married,2991,5224,0,Y,Yes,11,3,2,80,1,7,2,3,6,2,1,2,Jora
27,Current employee,Travel_Rarely,1354,Research & Development,2,4,Technical Degree,1,23413,146868,4,Female,100,2,1,Sales Representative,3,Single,2966,21378,0,Y,No,18,3,4,80,0,5,2,3,4,2,0,0,Company Website
27,Current employee,Travel_Rarely,1354,Research & Development,2,4,Life Sciences,1,23414,146869,4,Female,100,2,1,Sales Representative,3,Single,2966,21378,8,Y,No,18,3,4,80,0,5,2,3,4,2,0,0,Company Website
27,Current employee,Travel_Rarely,1354,Research & Development,2,4,Technical Degree,1,23418,146873,4,Female,100,2,1,Sales Representative,3,Single,2966,21378,0,Y,No,18,3,4,80,0,5,2,3,4,2,0,0,Recruit.net
27,Current employee,Travel_Rarely,1354,Research & Development,2,4,Life Sciences,1,23419,146874,4,Female,100,2,1,Sales Representative,3,Single,2966,21378,8,Y,No,18,3,4,80,0,5,2,3,4,2,0,0,LinkedIn
27,Current employee,Travel_Rarely,1354,Research & Development,2,4,Technical Degree,1,23421,146876,4,Female,100,2,1,Sales Representative,3,Single,2966,21378,0,Y,No,18,3,4,80,0,5,2,3,4,2,0,0,Company Website
27,Current employee,Travel_Rarely,1354,Research & Development,2,4,Life Sciences,1,23422,146877,4,Female,100,2,1,Sales Representative,3,Single,2966,21378,8,Y,No,18,3,4,80,0,5,2,3,4,2,0,0,Company Website
27,Current employee,Travel_Rarely,1354,Research & Development,2,4,Technical Degree,1,23426,146881,4,Female,100,2,1,Sales Representative,3,Single,2966,21378,0,Y,No,18,3,4,80,0,5,2,3,4,2,0,0,Recruit.net
27,Current employee,Travel_Rarely,1354,Research & Development,2,4,Life Sciences,1,23427,146882,4,Female,100,2,1,Sales Representative,3,Single,2966,21378,8,Y,No,18,3,4,80,0,5,2,3,4,2,0,0,LinkedIn
27,Current employee,Travel_Rarely,155,Research & Development,4,3,Life Sciences,1,23460,146915,2,Male,37,4,2,Manufacturing Director,2,Married,6142,5174,1,Y,Yes,20,3,2,80,1,6,0,3,6,2,0,3,Seek
27,Current employee,Travel_Rarely,155,Research & Development,4,3,Life Sciences,1,23462,146917,2,Male,37,4,2,Manufacturing Director,2,Married,6142,5174,1,Y,Yes,20,3,2,80,1,6,0,3,6,2,0,3,Seek
27,Current employee,Travel_Rarely,155,Research & Development,4,3,Life Sciences,1,23464,146919,2,Male,37,4,2,Manufacturing Director,2,Married,6142,5174,1,Y,Yes,20,4,2,80,1,6,0,3,6,2,0,3,Seek
27,Current employee,Travel_Rarely,155,Research & Development,4,3,Life Sciences,1,23465,146920,2,Male,37,4,2,Manufacturing Director,2,Married,6142,5174,1,Y,Yes,20,4,2,80,1,6,0,3,6,2,0,3,Seek
27,Current employee,Travel_Rarely,155,Research & Development,4,3,Life Sciences,1,23468,146923,2,Male,37,4,2,Manufacturing Director,2,Married,6142,5174,1,Y,Yes,20,3,2,80,1,6,0,3,6,2,0,3,Seek
27,Current employee,Travel_Rarely,155,Research & Development,4,3,Life Sciences,1,23470,146925,2,Male,37,4,2,Manufacturing Director,2,Married,6142,5174,1,Y,Yes,20,3,2,80,1,6,0,3,6,2,0,3,Seek
27,Current employee,Travel_Rarely,155,Research & Development,4,3,Life Sciences,1,23472,146927,2,Male,37,4,2,Manufacturing Director,2,Married,6142,5174,1,Y,Yes,20,4,2,80,1,6,0,3,6,2,0,3,Seek
27,Current employee,Travel_Rarely,155,Research & Development,4,3,Life Sciences,1,23473,146928,2,Male,37,4,2,Manufacturing Director,2,Married,6142,5174,1,Y,Yes,20,4,2,80,1,6,0,3,6,2,0,3,Seek
27,Current employee,Travel_Rarely,1134,Research & Development,16,4,Technical Degree,1,23517,146972,4,Male,98,3,1,Human Resources,2,Married,2991,5224,0,Y,Yes,11,4,2,80,1,7,2,3,6,2,1,2,Company Website
32,Voluntary Resignation,Travel_Frequently,1125,,16,1,Life Sciences,1,541,123996,2,Female,72,1,1,Research Scientist,1,Single,3919,4681,1,Y,Yes,22,3,2,80,0,10,5,3,10,2,6,7,Company Website
32,Voluntary Resignation,Travel_Frequently,1125,Research & Development,16,1,Medical,1,544,123999,2,Female,72,1,1,Research Scientist,1,Single,3919,4681,3,Y,Yes,22,3,2,80,0,10,5,3,10,2,6,7,Company Website
32,Voluntary Resignation,Travel_Frequently,1125,Research & Development,16,1,Life Sciences,1,547,124002,2,Female,72,1,1,Research Scientist,1,Single,3919,4681,1,Y,Yes,22,4,2,80,0,10,5,3,10,2,6,7,Company Website
32,Voluntary Resignation,Travel_Frequently,1125,Research & Development,16,1,Medical,1,548,124003,2,Female,72,1,1,Research Scientist,1,Single,3919,4681,3,Y,Yes,22,4,2,80,0,10,5,3,10,2,6,7,Company Website
32,Voluntary Resignation,Travel_Frequently,1125,Research & Development,16,1,Life Sciences,1,549,124004,2,Female,72,1,1,Research Scientist,1,Single,3919,4681,1,Y,Yes,22,3,2,80,0,10,5,3,10,2,6,7,Company Website
32,Voluntary Resignation,Travel_Frequently,1125,Research & Development,16,1,Life Sciences,1,550,124005,3,Male,71,3,2,Sales Executive,4,Single,5441,8423,0,Y,Yes,22,3,4,80,0,11,2,1,10,7,1,0,Company Website
32,Voluntary Resignation,Travel_Frequently,1125,Research & Development,16,1,Life Sciences,1,551,124006,4,Male,57,3,1,Sales Representative,2,Single,2983,18398,0,Y,No,14,3,1,80,0,4,3,3,3,2,1,2,Recruit.net
32,Voluntary Resignation,Travel_Frequently,1125,Research & Development,16,1,Medical,1,554,124009,2,Female,72,1,1,Research Scientist,1,Single,3919,4681,3,Y,Yes,22,3,2,80,0,10,5,3,10,2,6,7,Company Website
32,Voluntary Resignation,Travel_Frequently,1125,Research & Development,16,1,Life Sciences,1,557,124012,2,Female,72,1,1,Research Scientist,1,Single,3919,4681,1,Y,Yes,22,4,2,80,0,10,5,3,10,2,6,7,Company Website
32,Voluntary Resignation,Travel_Frequently,1125,Research & Development,16,1,Medical,1,558,124013,2,Female,72,1,1,Research Scientist,1,Single,3919,4681,3,Y,Yes,22,4,2,80,0,10,5,3,10,2,6,7,Company Website
32,Voluntary Resignation,Travel_Frequently,1125,Research & Development,16,1,Life Sciences,1,824,124279,1,Male,40,3,3,Sales Executive,3,Single,8726,2975,1,Y,No,15,3,4,80,0,9,0,3,9,8,1,7,Indeed
32,Voluntary Resignation,Travel_Frequently,1125,Research & Development,16,1,Medical,1,826,124281,1,Male,40,3,3,Sales Executive,3,Single,8726,2975,7,Y,No,15,3,4,80,0,9,0,3,9,8,1,7,Indeed
32,Voluntary Resignation,Travel_Frequently,1125,Research & Development,16,1,Life Sciences,1,829,124284,1,Male,40,3,3,Sales Executive,3,Single,8726,2975,1,Y,No,15,3,4,80,0,9,0,3,9,8,1,7,Indeed
32,Voluntary Resignation,Travel_Frequently,1125,Research & Development,16,1,Medical,1,830,124285,1,Male,40,3,3,Sales Executive,3,Single,8726,2975,7,Y,No,15,3,4,80,0,9,0,3,9,8,1,7,Indeed
32,Voluntary Resignation,Travel_Frequently,1125,Research & Development,16,1,Life Sciences,1,832,124287,1,Male,40,3,3,Sales Executive,3,Single,8726,2975,1,Y,No,15,3,4,80,0,9,0,3,9,8,1,7,Indeed
32,Voluntary Resignation,Travel_Frequently,1125,Research & Development,16,1,Medical,1,834,124289,1,Male,40,3,3,Sales Executive,3,Single,8726,2975,7,Y,No,15,3,4,80,0,9,0,3,9,8,1,7,Indeed
32,Voluntary Resignation,Travel_Frequently,1125,Research & Development,16,1,Life Sciences,1,837,124292,1,Male,40,3,3,Sales Executive,3,Single,8726,2975,1,Y,No,15,3,4,80,0,9,0,3,9,8,1,7,Indeed
32,Voluntary Resignation,Travel_Frequently,1125,Research & Development,16,1,Medical,1,838,124293,1,Male,40,3,3,Sales Executive,3,Single,8726,2975,7,Y,No,15,3,4,80,0,9,0,3,9,8,1,7,Indeed
32,Voluntary Resignation,Travel_Rarely,515,Research & Development,1,3,Life Sciences,1,2097,125552,1,Female,43,2,1,Research Scientist,2,Married,2368,23300,1,Y,No,19,3,3,80,0,5,3,2,5,4,4,3,Jora
32,Voluntary Resignation,Travel_Rarely,515,Research & Development,1,3,Life Sciences,1,2098,125553,1,Female,43,2,1,Research Scientist,2,Married,2368,23300,2,Y,No,19,3,3,80,0,5,3,2,5,4,4,3,Jora
32,Voluntary Resignation,Travel_Rarely,515,Research & Development,1,3,Life Sciences,1,2102,125557,1,Female,43,2,1,Research Scientist,2,Married,2368,23300,1,Y,No,19,3,3,80,0,5,3,2,5,4,4,3,Jora
32,Voluntary Resignation,Travel_Rarely,515,Research & Development,1,3,Life Sciences,1,2103,125558,1,Female,43,2,1,Research Scientist,2,Married,2368,23300,2,Y,No,19,3,3,80,0,5,3,2,5,4,4,3,Jora
32,Voluntary Resignation,Travel_Rarely,515,Research & Development,1,3,Life Sciences,1,2105,125560,1,Female,43,2,1,Research Scientist,2,Married,2368,23300,1,Y,No,19,3,3,80,0,5,3,2,5,4,4,3,Jora
32,Voluntary Resignation,Travel_Rarely,515,Research & Development,1,3,Life Sciences,1,2106,125561,1,Female,43,2,1,Research Scientist,2,Married,2368,23300,2,Y,No,19,3,3,80,0,5,3,2,5,4,4,3,Jora
32,Voluntary Resignation,Travel_Rarely,515,Research & Development,1,3,Life Sciences,1,2110,125565,1,Female,43,2,1,Research Scientist,2,Married,2368,23300,1,Y,No,19,3,3,80,0,5,3,2,5,4,4,3,Jora
32,Voluntary Resignation,Travel_Rarely,515,Research & Development,1,3,Life Sciences,1,2111,125566,1,Female,43,2,1,Research Scientist,2,Married,2368,23300,2,Y,No,19,3,3,80,0,5,3,2,5,4,4,3,Jora
32,Voluntary Resignation,Travel_Rarely,1033,Research & Development,9,3,Medical,1,2335,125790,1,Female,41,3,1,Laboratory Technician,1,Single,4200,10224,7,Y,No,22,3,1,80,0,10,2,4,5,4,0,4,GlassDoor
32,Voluntary Resignation,Travel_Rarely,1033,Research & Development,9,3,Medical,1,2337,125792,1,Female,41,3,1,Laboratory Technician,1,Single,4200,10224,1,Y,No,22,3,1,80,0,10,2,4,5,4,0,4,GlassDoor
32,Voluntary Resignation,Travel_Rarely,1033,Research & Development,9,3,Medical,1,2339,125794,1,Female,41,3,1,Laboratory Technician,1,Single,4200,10224,7,Y,No,22,4,1,80,0,10,2,4,5,4,0,4,GlassDoor
32,Voluntary Resignation,Travel_Rarely,1033,Research & Development,9,3,Medical,1,2340,125795,1,Female,41,3,1,Laboratory Technician,1,Single,4200,10224,1,Y,No,22,4,1,80,0,10,2,4,5,4,0,4,GlassDoor
32,Voluntary Resignation,Travel_Rarely,1033,Research & Development,9,3,Medical,1,2343,125798,1,Female,41,3,1,Laboratory Technician,1,Single,4200,10224,7,Y,No,22,3,1,80,0,10,2,4,5,4,0,4,GlassDoor
32,Voluntary Resignation,Travel_Rarely,1033,Research & Development,9,3,Medical,1,2345,125800,1,Female,41,3,1,Laboratory Technician,1,Single,4200,10224,1,Y,No,22,3,1,80,0,10,2,4,5,4,0,4,GlassDoor
32,Voluntary Resignation,Travel_Rarely,1033,Research & Development,9,3,Medical,1,2347,125802,1,Female,41,3,1,Laboratory Technician,1,Single,4200,10224,7,Y,No,22,4,1,80,0,10,2,4,5,4,0,4,GlassDoor
32,Voluntary Resignation,Travel_Rarely,1033,Research & Development,9,3,,1,2348,125803,1,Female,41,3,1,Laboratory Technician,1,Single,4200,10224,1,Y,No,22,4,1,80,0,10,2,4,5,4,0,4,GlassDoor
32,Voluntary Resignation,Travel_Rarely,1045,Sales,4,4,Medical,1,3447,126902,4,Male,32,1,3,Sales Executive,4,Married,10400,25812,1,Y,No,11,3,3,80,0,14,2,2,14,8,9,8,GlassDoor
32,Voluntary Resignation,Travel_Rarely,1045,Sales,4,4,Life Sciences,1,3448,126903,4,Male,32,1,3,Sales Executive,4,Married,10400,25812,5,Y,No,11,3,3,80,0,14,2,2,14,8,9,8,GlassDoor
32,Voluntary Resignation,Travel_Rarely,1045,Sales,4,4,Medical,1,3450,126905,4,Male,32,1,3,Sales Executive,4,Married,10400,25812,1,Y,No,11,3,3,80,0,14,2,2,14,8,9,8,GlassDoor
32,Voluntary Resignation,Travel_Rarely,1045,Sales,4,4,Life Sciences,1,3451,126906,4,Male,32,1,3,Sales Executive,4,Married,10400,25812,5,Y,No,11,3,3,80,0,14,2,2,14,8,9,8,GlassDoor
32,Voluntary Resignation,Travel_Rarely,1045,Sales,4,4,Medical,1,3454,126909,4,Male,32,1,3,Sales Executive,4,Married,10400,25812,1,Y,No,11,3,3,80,0,14,2,2,14,8,9,8,GlassDoor
32,Voluntary Resignation,Travel_Rarely,1045,Sales,4,4,Life Sciences,1,3456,126911,4,Male,32,1,3,Sales Executive,4,Married,10400,25812,5,Y,No,11,3,3,80,0,14,2,2,14,8,9,8,GlassDoor
32,Voluntary Resignation,Travel_Rarely,1045,Sales,4,4,Medical,1,3458,126913,4,Male,32,1,3,Sales Executive,4,Married,10400,25812,1,Y,No,11,3,3,80,0,14,2,2,14,8,9,8,GlassDoor
32,Voluntary Resignation,Travel_Rarely,1045,Sales,4,4,Life Sciences,1,3459,126914,4,Male,32,1,3,Sales Executive,4,Married,10400,25812,5,Y,No,11,3,3,80,0,14,2,2,14,8,9,8,GlassDoor
32,Voluntary Resignation,Travel_Rarely,515,Research & Development,1,3,Life Sciences,1,3909,127364,4,Male,62,2,1,Laboratory Technician,3,Single,3730,9571,0,Y,Yes,14,3,4,80,0,4,2,1,3,2,1,2,Seek
32,Voluntary Resignation,Travel_Rarely,515,Research & Development,1,3,Human Resources,1,3911,127366,4,Male,62,2,1,Laboratory Technician,3,Single,3730,9571,0,Y,Yes,14,3,4,80,0,4,2,1,3,2,1,2,Seek
32,Voluntary Resignation,Travel_Rarely,515,Research & Development,1,3,Life Sciences,1,3915,127370,4,Male,62,2,1,Laboratory Technician,3,Single,3730,9571,0,Y,Yes,14,3,4,80,0,4,2,1,3,2,1,2,Seek
32,Voluntary Resignation,Travel_Rarely,515,Research & Development,1,3,Human Resources,1,3916,127371,4,Male,62,2,1,Laboratory Technician,3,Single,3730,9571,0,Y,Yes,14,3,4,80,0,4,2,1,3,2,1,2,Seek
32,Voluntary Resignation,Travel_Rarely,515,Research & Development,1,3,Life Sciences,1,3917,127372,4,Male,62,2,1,Laboratory Technician,3,Single,3730,9571,0,Y,Yes,14,3,4,80,0,4,2,1,3,2,1,2,Seek
32,Voluntary Resignation,Travel_Rarely,515,Research & Development,1,3,Human Resources,1,3919,127374,4,Male,62,2,1,Laboratory Technician,3,Single,3730,9571,0,Y,Yes,14,3,4,80,0,4,2,1,3,2,1,2,Seek
32,Voluntary Resignation,Travel_Rarely,515,Research & Development,1,3,Life Sciences,1,3923,127378,4,Male,62,2,1,Laboratory Technician,3,Single,3730,9571,0,Y,Yes,14,3,4,80,0,4,2,1,3,2,1,2,Seek
32,Voluntary Resignation,Travel_Rarely,515,Research & Development,1,3,Human Resources,1,3924,127379,4,Male,62,2,1,Laboratory Technician,3,Single,3730,9571,0,Y,Yes,14,3,4,80,0,4,2,1,3,2,1,2,Seek
32,Voluntary Resignation,Travel_Rarely,374,Research & Development,25,4,Life Sciences,1,4794,128249,2,Male,50,3,1,Research Scientist,4,Married,2326,11411,1,Y,Yes,12,3,3,80,3,4,3,2,4,2,1,2,Company Website
32,Voluntary Resignation,Travel_Rarely,374,Research & Development,25,4,Technical Degree,1,4796,128251,2,Male,50,3,1,Research Scientist,4,Married,2326,11411,4,Y,Yes,12,3,3,80,3,4,3,2,4,2,1,2,Company Website
32,Voluntary Resignation,Travel_Rarely,374,Research & Development,25,4,Life Sciences,1,4797,128252,2,Male,50,3,1,Research Scientist,4,Married,2326,11411,1,Y,Yes,12,3,3,80,3,4,3,2,4,2,1,2,Company Website
32,Voluntary Resignation,Travel_Rarely,374,Research & Development,25,4,Technical Degree,1,4798,128253,2,Male,50,3,1,Research Scientist,4,Married,2326,11411,4,Y,Yes,12,3,3,80,3,4,3,2,4,2,1,2,Company Website
32,Voluntary Resignation,Travel_Rarely,374,Research & Development,25,4,Life Sciences,1,4801,128256,2,Male,50,3,1,Research Scientist,4,Married,2326,11411,1,Y,Yes,12,3,3,80,3,4,3,2,4,2,1,2,Company Website
32,Voluntary Resignation,Travel_Rarely,374,Research & Development,25,4,Technical Degree,1,4803,128258,2,Male,50,3,1,Research Scientist,4,Married,2326,11411,4,Y,Yes,12,3,3,80,3,4,3,2,4,2,1,2,Company Website
32,Voluntary Resignation,Travel_Rarely,374,Research & Development,25,4,Life Sciences,1,4804,128259,2,Male,50,3,1,Research Scientist,4,Married,2326,11411,1,Y,Yes,12,3,3,80,3,4,3,2,4,2,1,2,Company Website
32,Voluntary Resignation,Travel_Rarely,374,Research & Development,25,4,Technical Degree,1,4805,128260,2,Male,50,3,1,Research Scientist,4,Married,2326,11411,4,Y,Yes,12,3,3,80,3,4,3,2,4,2,1,2,Company Website
32,Voluntary Resignation,Travel_Rarely,1089,Research & Development,7,2,Life Sciences,1,6657,130112,2,Female,55,3,2,Manufacturing Director,3,Divorced,4810,26314,2,Y,No,14,3,3,80,1,19,5,2,10,7,0,8,Referral
32,Voluntary Resignation,Travel_Rarely,1089,Research & Development,7,2,Marketing,1,6658,130113,2,Female,55,3,2,Manufacturing Director,3,Divorced,4810,26314,1,Y,No,14,3,3,80,1,19,5,2,10,7,0,8,Referral
32,Voluntary Resignation,Travel_Rarely,1089,Research & Development,7,2,Life Sciences,1,6660,130115,2,Female,55,3,2,Manufacturing Director,3,Divorced,4810,26314,2,Y,No,14,3,3,80,1,19,5,2,10,7,0,8,Referral
32,Voluntary Resignation,Travel_Rarely,1089,Research & Development,7,2,Marketing,1,6661,130116,2,Female,55,3,2,Manufacturing Director,3,Divorced,4810,26314,1,Y,No,14,3,3,80,1,19,5,2,10,7,0,8,Referral
32,Voluntary Resignation,Travel_Rarely,1089,Research & Development,7,2,Life Sciences,1,6664,130119,2,Female,55,3,2,Manufacturing Director,3,Divorced,4810,26314,2,Y,No,14,3,3,80,1,19,5,2,10,7,0,8,Referral
32,Voluntary Resignation,Travel_Rarely,1089,Research & Development,7,2,Marketing,1,6665,130120,2,Female,55,3,2,Manufacturing Director,3,Divorced,4810,26314,1,Y,No,14,3,3,80,1,19,5,2,10,7,0,8,Referral
32,Voluntary Resignation,Travel_Rarely,1089,Research & Development,7,2,Life Sciences,1,6667,130122,2,Female,55,3,2,Manufacturing Director,3,Divorced,4810,26314,2,Y,No,14,3,3,80,1,19,5,2,10,7,0,8,Referral
32,Voluntary Resignation,Travel_Rarely,1089,Research & Development,7,2,Marketing,1,6668,130123,2,Female,55,3,2,Manufacturing Director,3,Divorced,4810,26314,1,Y,No,14,3,3,80,1,19,5,2,10,7,0,8,Referral
32,Voluntary Resignation,Non-Travel,1474,Sales,11,4,Other,1,7525,130980,4,Male,60,4,2,Sales Executive,3,Married,4707,23914,8,Y,No,12,3,4,80,0,6,2,3,4,2,1,2,Jora
32,Voluntary Resignation,Non-Travel,1474,Sales,11,4,Medical,1,7528,130983,4,Male,60,4,2,Sales Executive,3,Married,4707,23914,6,Y,No,12,3,4,80,0,6,2,3,4,2,1,2,Jora
32,Voluntary Resignation,Non-Travel,1474,Sales,11,4,Other,1,7531,130986,4,Male,60,4,2,Sales Executive,3,Married,4707,23914,8,Y,No,12,3,4,80,0,6,2,3,4,2,1,2,Jora
32,Voluntary Resignation,Non-Travel,1474,Sales,11,4,Medical,1,7532,130987,4,Male,60,4,2,Sales Executive,3,Married,4707,23914,6,Y,No,12,3,4,80,0,6,2,3,4,2,1,2,Jora
32,Voluntary Resignation,Non-Travel,1474,Sales,11,4,Other,1,7533,130988,4,Male,60,4,2,Sales Executive,3,Married,4707,23914,8,Y,No,12,3,4,80,0,6,2,3,4,2,1,2,Jora
32,Voluntary Resignation,Non-Travel,1474,Sales,11,4,Medical,1,7536,130991,4,Male,60,3,1,Human Resources,2,Divorced,2277,22650,3,Y,Yes,11,3,2,80,1,34,4,3,33,7,1,9,Jora
32,Voluntary Resignation,Non-Travel,1474,Sales,11,4,Other,1,7539,130994,4,Male,60,4,2,Sales Executive,3,Married,4707,23914,8,Y,No,12,3,4,80,0,6,2,3,4,2,1,2,Jora
32,Voluntary Resignation,Non-Travel,1474,Sales,11,4,Medical,1,7540,130995,4,Male,60,4,2,Sales Executive,3,Married,4707,23914,6,Y,No,12,3,4,80,0,6,2,3,4,2,1,2,Jora
32,Voluntary Resignation,Travel_Rarely,1259,Research & Development,2,4,Life Sciences,1,8495,131950,2,Female,60,3,3,Manufacturing Director,1,Married,7412,6009,1,Y,No,11,4,4,80,0,9,3,3,9,7,0,7,Company Website
32,Voluntary Resignation,Travel_Rarely,1259,Research & Development,2,4,Life Sciences,1,8497,131952,2,Female,60,3,3,Manufacturing Director,1,Married,7412,6009,1,Y,No,11,4,4,80,0,9,3,3,9,7,0,7,Company Website
32,Voluntary Resignation,Travel_Rarely,1259,Research & Development,2,4,Life Sciences,1,8500,131955,2,Female,60,3,3,Manufacturing Director,1,Married,7412,6009,1,Y,No,11,3,4,80,0,9,3,3,9,7,0,7,Company Website
32,Voluntary Resignation,Travel_Rarely,1259,Research & Development,2,4,Life Sciences,1,8501,131956,2,Female,60,3,3,Manufacturing Director,1,Married,7412,6009,1,Y,No,11,3,4,80,0,9,3,3,9,7,0,7,Company Website
32,Voluntary Resignation,Travel_Rarely,1259,Research & Development,2,4,Life Sciences,1,8505,131960,2,Female,60,3,3,Manufacturing Director,1,Married,7412,6009,1,Y,No,11,4,4,80,0,9,3,3,9,7,0,7,Company Website
32,Voluntary Resignation,Travel_Rarely,1259,Research & Development,2,4,Life Sciences,1,8507,131962,2,Female,60,3,3,Manufacturing Director,1,Married,7412,6009,1,Y,No,11,4,4,80,0,9,3,3,9,7,0,7,Company Website
32,Voluntary Resignation,Travel_Rarely,1259,Research & Development,2,4,Life Sciences,1,8510,131965,2,Female,60,3,3,Manufacturing Director,1,Married,7412,6009,1,Y,No,11,3,4,80,0,9,3,3,9,7,0,7,Company Website
32,Voluntary Resignation,Travel_Rarely,1259,Research & Development,2,4,Life Sciences,1,8511,131966,2,Female,60,3,3,Manufacturing Director,1,Married,7412,6009,1,Y,No,11,3,4,80,0,9,3,3,9,7,0,7,Company Website
32,Voluntary Resignation,Travel_Rarely,964,Sales,1,2,Life Sciences,1,8744,132199,2,Female,61,3,4,Sales Executive,3,Divorced,13770,10225,9,Y,Yes,12,4,4,80,2,28,2,2,22,2,11,13,Adzuna
32,Voluntary Resignation,Travel_Rarely,964,Sales,1,2,Life Sciences,1,8745,132200,2,Female,61,3,4,Sales Executive,3,Divorced,13770,10225,4,Y,Yes,12,3,4,80,2,28,2,2,22,2,11,13,Adzuna
32,Voluntary Resignation,Travel_Rarely,964,Sales,1,2,Life Sciences,1,8747,132202,2,Female,61,3,4,Sales Executive,3,Divorced,13770,10225,9,Y,Yes,12,3,4,80,2,28,2,2,22,2,11,13,Adzuna
32,Voluntary Resignation,Travel_Rarely,964,Sales,1,2,Life Sciences,1,8748,132203,2,Female,61,3,4,Sales Executive,3,Divorced,13770,10225,4,Y,Yes,12,3,4,80,2,28,2,2,22,2,11,13,Adzuna
32,Voluntary Resignation,Travel_Rarely,964,Sales,1,2,Life Sciences,1,8752,132207,2,Female,61,3,4,Sales Executive,3,Divorced,13770,10225,9,Y,Yes,12,4,4,80,2,28,2,2,22,2,11,13,Adzuna
32,Voluntary Resignation,Travel_Rarely,964,Sales,1,2,Life Sciences,1,8753,132208,2,Female,61,3,4,Sales Executive,3,Divorced,13770,10225,4,Y,Yes,12,3,4,80,2,28,2,2,22,2,11,13,Adzuna
32,Voluntary Resignation,Travel_Rarely,964,Sales,1,2,Life Sciences,1,8755,132210,2,Female,61,3,4,Sales Executive,3,Divorced,13770,10225,9,Y,Yes,12,3,4,80,2,28,2,2,22,2,11,13,Adzuna
32,Voluntary Resignation,Travel_Rarely,964,Sales,1,2,Life Sciences,1,8756,132211,2,Female,61,3,4,Sales Executive,3,Divorced,13770,10225,4,Y,Yes,12,3,4,80,2,28,2,2,22,2,11,13,Adzuna
32,Voluntary Resignation,Travel_Frequently,238,Research & Development,5,2,Life Sciences,1,9525,132980,3,Female,63,3,2,Manufacturing Director,2,Married,5228,23361,0,Y,No,15,3,1,80,1,10,2,3,9,7,0,5,Company Website
32,Voluntary Resignation,Travel_Frequently,238,Research & Development,5,2,Life Sciences,1,9527,132982,3,Female,63,3,2,Manufacturing Director,2,Married,5228,23361,1,Y,No,15,4,1,80,1,10,2,3,9,7,0,5,Company Website
32,Voluntary Resignation,Travel_Frequently,238,Research & Development,5,2,Life Sciences,1,9528,132983,3,Female,63,3,2,Manufacturing Director,2,Married,5228,23361,0,Y,No,15,3,1,80,1,10,2,3,9,7,0,5,Company Website
32,Voluntary Resignation,Travel_Frequently,238,Research & Development,5,2,Life Sciences,1,9529,132984,3,Female,63,3,2,Manufacturing Director,2,Married,5228,23361,1,Y,No,15,3,1,80,1,10,2,3,9,7,0,5,Company Website
32,Voluntary Resignation,Travel_Frequently,238,Research & Development,5,2,Life Sciences,1,9533,132988,3,Female,63,3,2,Manufacturing Director,2,Married,5228,23361,0,Y,No,15,3,1,80,1,10,2,3,9,7,0,5,Company Website
32,Voluntary Resignation,Travel_Frequently,238,Research & Development,5,2,Life Sciences,1,9535,132990,3,Female,63,3,2,Manufacturing Director,2,Married,5228,23361,1,Y,No,15,4,1,80,1,10,2,3,9,7,0,5,Company Website
32,Voluntary Resignation,Travel_Frequently,238,Research & Development,5,2,Life Sciences,1,9536,132991,3,Female,63,3,2,Manufacturing Director,2,Married,5228,23361,0,Y,No,15,3,1,80,1,10,2,3,9,7,0,5,Company Website
32,Voluntary Resignation,Travel_Frequently,238,Research & Development,5,2,Life Sciences,1,9537,132992,3,Female,63,3,2,Manufacturing Director,2,Married,5228,23361,1,Y,No,15,3,1,80,1,10,2,3,9,7,0,5,Company Website
32,Voluntary Resignation,Travel_Rarely,374,Research & Development,25,4,Life Sciences,1,10527,133982,1,Male,87,3,1,Laboratory Technician,4,Single,2795,18016,1,Y,Yes,24,3,3,80,0,1,2,1,1,0,0,1,LinkedIn
32,Voluntary Resignation,Travel_Rarely,374,Research & Development,25,4,Technical Degree,1,10530,133985,1,Male,87,3,1,Laboratory Technician,4,Single,2795,18016,1,Y,Yes,24,3,3,80,0,1,2,1,1,0,0,1,LinkedIn
32,Voluntary Resignation,Travel_Rarely,374,Research & Development,25,4,Life Sciences,1,10531,133986,1,Male,87,3,1,Laboratory Technician,4,Single,2795,18016,1,Y,Yes,24,4,3,80,0,1,2,1,1,0,0,1,LinkedIn
32,Voluntary Resignation,Travel_Rarely,374,Research & Development,25,4,Technical Degree,1,10532,133987,1,Male,87,3,1,Laboratory Technician,4,Single,2795,18016,1,Y,Yes,24,4,3,80,0,1,2,1,1,0,0,1,LinkedIn
32,Voluntary Resignation,Travel_Rarely,374,Research & Development,25,4,Life Sciences,1,10535,133990,1,Male,87,3,1,Laboratory Technician,4,Single,2795,18016,1,Y,Yes,24,3,3,80,0,1,2,1,1,0,0,1,LinkedIn
32,Voluntary Resignation,Travel_Rarely,374,Research & Development,25,4,Technical Degree,1,10539,133994,1,Male,87,3,1,Laboratory Technician,4,Single,2795,18016,1,Y,Yes,24,3,3,80,0,1,2,1,1,0,0,1,LinkedIn
32,Voluntary Resignation,Travel_Rarely,374,Research & Development,25,4,Life Sciences,1,10540,133995,1,Male,87,3,1,Laboratory Technician,4,Single,2795,18016,1,Y,Yes,24,4,3,80,0,1,2,1,1,0,0,1,LinkedIn
32,Voluntary Resignation,Travel_Rarely,374,Research & Development,25,4,Technical Degree,1,10541,133996,1,Male,87,3,1,Laboratory Technician,4,Single,2795,18016,1,Y,Yes,24,4,3,80,0,1,2,1,1,0,0,1,LinkedIn
32,Voluntary Resignation,Travel_Rarely,414,Sales,2,4,Marketing,1,12397,135852,3,Female,72,2,3,Manufacturing Director,4,Single,8858,15669,0,Y,No,11,3,2,80,0,15,2,2,14,8,7,8,Referral
32,Voluntary Resignation,Travel_Rarely,414,Sales,2,4,Life Sciences,1,12398,135853,3,Female,72,2,3,Manufacturing Director,4,Single,8858,15669,1,Y,No,11,3,2,80,0,15,2,2,14,8,7,8,Referral
32,Voluntary Resignation,Travel_Rarely,414,Sales,2,4,Marketing,1,12400,135855,3,Female,72,2,3,Manufacturing Director,4,Single,8858,15669,0,Y,No,11,3,2,80,0,15,2,2,14,8,7,8,Referral
32,Voluntary Resignation,Travel_Rarely,414,Sales,2,4,Life Sciences,1,12401,135856,3,Female,72,2,3,Manufacturing Director,4,Single,8858,15669,1,Y,No,11,3,2,80,0,15,2,2,14,8,7,8,Referral
32,Voluntary Resignation,Travel_Rarely,414,Sales,2,4,Marketing,1,12405,135860,3,Female,72,2,3,Manufacturing Director,4,Single,8858,15669,0,Y,No,11,3,2,80,0,15,2,2,14,8,7,8,Referral
32,Voluntary Resignation,Travel_Rarely,414,Sales,2,4,Life Sciences,1,12406,135861,3,Female,72,2,3,Manufacturing Director,4,Single,8858,15669,1,Y,No,11,3,2,80,0,15,2,2,14,8,7,8,Referral
32,Voluntary Resignation,Travel_Rarely,414,Sales,2,4,Marketing,1,12408,135863,3,Female,72,2,3,Manufacturing Director,4,Single,8858,15669,0,Y,No,11,3,2,80,0,15,2,2,14,8,7,8,Referral
32,Voluntary Resignation,Travel_Rarely,414,Sales,2,4,Life Sciences,1,12409,135864,3,Female,72,2,3,Manufacturing Director,4,Single,8858,15669,1,Y,No,11,3,2,80,0,15,2,2,14,8,7,8,Referral
32,Voluntary Resignation,Travel_Rarely,1033,Research & Development,9,3,Medical,1,13358,136813,3,Male,74,2,1,Research Scientist,3,Married,2539,7950,1,Y,No,13,3,3,80,1,4,0,3,4,2,2,2,Seek
32,Voluntary Resignation,Travel_Rarely,1033,Research & Development,9,3,Medical,1,13360,136815,3,Male,74,2,1,Research Scientist,3,Married,2539,7950,3,Y,No,13,3,3,80,1,4,0,3,4,2,2,2,Seek
32,Voluntary Resignation,Travel_Rarely,1033,Research & Development,9,3,Medical,1,13363,136818,3,Male,74,2,1,Research Scientist,3,Married,2539,7950,1,Y,No,13,3,3,80,1,4,0,3,4,2,2,2,Seek
32,Voluntary Resignation,Travel_Rarely,1033,Research & Development,9,3,Medical,1,13364,136819,3,Male,74,2,1,Research Scientist,3,Married,2539,7950,3,Y,No,13,3,3,80,1,4,0,3,4,2,2,2,Seek
32,Voluntary Resignation,Travel_Rarely,1033,Research & Development,9,3,Medical,1,13366,136821,3,Male,74,2,1,Research Scientist,3,Married,2539,7950,1,Y,No,13,3,3,80,1,4,0,3,4,2,2,2,Seek
32,Voluntary Resignation,Travel_Rarely,1033,Research & Development,9,3,Medical,1,13368,136823,3,Male,74,2,1,Research Scientist,3,Married,2539,7950,3,Y,No,13,3,3,80,1,4,0,3,4,2,2,2,Seek
32,Voluntary Resignation,Travel_Rarely,1033,Research & Development,9,3,Medical,1,13371,136826,3,Male,74,2,1,Research Scientist,3,Married,2539,7950,1,Y,No,13,3,3,80,1,4,0,3,4,2,2,2,Seek
32,Voluntary Resignation,Travel_Rarely,1033,Research & Development,9,3,Medical,1,13372,136827,3,Male,74,2,1,Research Scientist,3,Married,17924,4544,1,Y,No,11,3,2,80,1,9,3,3,4,2,1,3,Jora
32,Voluntary Resignation,Travel_Rarely,1045,Sales,4,4,Medical,1,13865,137320,3,Male,75,3,2,Sales Executive,1,Divorced,4115,13192,8,Y,No,19,3,3,80,3,8,3,3,4,3,0,3,Indeed
32,Voluntary Resignation,Travel_Rarely,1045,Sales,4,4,Life Sciences,1,13866,137321,3,Male,75,3,2,Sales Executive,1,Divorced,4115,13192,5,Y,No,19,4,3,80,3,8,3,3,4,3,0,3,Indeed
32,Voluntary Resignation,Travel_Rarely,1045,Sales,4,4,Medical,1,13870,137325,3,Male,75,3,2,Sales Executive,1,Divorced,4115,13192,8,Y,No,19,3,3,80,3,8,3,3,4,3,0,3,Indeed
32,Voluntary Resignation,Travel_Rarely,1045,Sales,4,4,Life Sciences,1,13871,137326,3,Male,75,3,2,Sales Executive,1,Divorced,4115,13192,5,Y,No,19,3,3,80,3,8,3,3,4,3,0,3,Indeed
32,Voluntary Resignation,Travel_Rarely,1045,Sales,4,4,Medical,1,13873,137328,3,Male,75,3,2,Sales Executive,1,Divorced,4115,13192,8,Y,No,19,3,3,80,3,8,3,3,4,3,0,3,Indeed
32,Voluntary Resignation,Travel_Rarely,1045,Sales,4,4,Life Sciences,1,13874,137329,3,Male,75,3,2,Sales Executive,1,Divorced,4115,13192,5,Y,No,19,4,3,80,3,8,3,3,4,3,0,3,Indeed
32,Voluntary Resignation,Travel_Rarely,1045,Sales,4,4,Medical,1,13878,137333,3,Male,75,3,2,Sales Executive,1,Divorced,4115,13192,8,Y,No,19,3,3,80,3,8,3,3,4,3,0,3,Indeed
32,Voluntary Resignation,Travel_Rarely,1045,Sales,4,4,Life Sciences,1,13879,137334,3,Male,75,3,2,Sales Executive,1,Divorced,4115,13192,5,Y,No,19,3,3,80,3,8,3,3,4,3,0,3,Indeed
32,Voluntary Resignation,Travel_Rarely,1089,Research & Development,7,2,Life Sciences,1,15039,138494,4,Male,79,3,2,Laboratory Technician,3,Married,4883,22845,1,Y,No,18,3,1,80,1,10,3,3,10,4,1,1,Jora
32,Voluntary Resignation,Travel_Rarely,1089,Research & Development,7,2,Marketing,1,15041,138496,4,Male,79,3,2,Laboratory Technician,3,Married,4883,22845,1,Y,No,18,4,1,80,1,10,3,3,10,4,1,1,Jora
32,Voluntary Resignation,Travel_Rarely,1089,Research & Development,7,2,Life Sciences,1,15045,138500,4,Male,79,3,2,Laboratory Technician,3,Married,4883,22845,1,Y,No,18,3,1,80,1,10,3,3,10,4,1,1,Jora
32,Voluntary Resignation,Travel_Rarely,1089,Research & Development,7,2,Marketing,1,15046,138501,4,Male,79,3,2,Laboratory Technician,3,Married,4883,22845,1,Y,No,18,3,1,80,1,10,3,3,10,4,1,1,Jora
32,Voluntary Resignation,Travel_Rarely,1089,Research & Development,7,2,Life Sciences,1,15047,138502,4,Male,79,3,2,Laboratory Technician,3,Married,4883,22845,1,Y,No,18,3,1,80,1,10,3,3,10,4,1,1,Jora
32,Voluntary Resignation,Travel_Rarely,1089,Research & Development,7,2,Marketing,1,15049,138504,4,Male,79,3,2,Laboratory Technician,3,Married,4883,22845,1,Y,No,18,4,1,80,1,10,3,3,10,4,1,1,Jora
32,Voluntary Resignation,Travel_Rarely,1089,Research & Development,7,2,Life Sciences,1,15053,138508,4,Male,79,3,2,Laboratory Technician,3,Married,2693,23428,1,Y,No,19,3,1,80,0,1,3,2,1,0,0,0,Company Website
32,Voluntary Resignation,Travel_Rarely,1089,Research & Development,7,2,Marketing,1,15054,138509,4,Male,79,3,2,Laboratory Technician,3,Married,4883,22845,1,Y,No,18,3,1,80,1,10,3,3,10,4,1,1,Jora
32,Voluntary Resignation,Travel_Rarely,1259,Research & Development,2,4,Life Sciences,1,19268,142723,4,Male,95,3,1,Laboratory Technician,2,Single,1393,24852,1,Y,No,12,3,1,80,0,1,2,3,1,0,0,0,Indeed
32,Voluntary Resignation,Travel_Rarely,1259,Research & Development,2,4,Life Sciences,1,19270,142725,4,Male,95,3,1,Laboratory Technician,2,Single,1393,24852,1,Y,No,12,3,1,80,0,1,2,3,1,0,0,0,Indeed
32,Voluntary Resignation,Travel_Rarely,1259,Research & Development,2,4,Life Sciences,1,19272,142727,4,Male,95,3,1,Laboratory Technician,2,Single,1393,24852,1,Y,No,12,3,1,80,0,1,2,3,1,0,0,0,Indeed
32,Voluntary Resignation,Travel_Rarely,1259,Research & Development,2,4,Life Sciences,1,19273,142728,4,Male,95,3,1,Laboratory Technician,2,Single,1393,24852,1,Y,No,12,3,1,80,0,1,2,3,1,0,0,0,Indeed
32,Voluntary Resignation,Travel_Rarely,1259,Research & Development,2,4,Life Sciences,1,19276,142731,4,Male,95,3,1,Laboratory Technician,2,Single,1393,24852,1,Y,No,12,3,1,80,0,1,2,3,1,0,0,0,Indeed
32,Voluntary Resignation,Travel_Rarely,1259,Research & Development,2,4,Life Sciences,1,19278,142733,4,Male,95,3,1,Laboratory Technician,2,Single,1393,24852,1,Y,No,12,3,1,80,0,1,2,3,1,0,0,0,Indeed
32,Voluntary Resignation,Travel_Rarely,1259,Research & Development,2,4,Life Sciences,1,19280,142735,4,Male,95,3,1,Laboratory Technician,2,Single,1393,24852,1,Y,No,12,3,1,80,0,1,2,3,1,0,0,0,Indeed
32,Voluntary Resignation,Travel_Rarely,1259,Research & Development,2,4,Life Sciences,1,19281,142736,4,Male,95,3,1,Laboratory Technician,2,Single,1393,24852,1,Y,No,12,3,,80,0,1,2,3,1,0,0,0,Indeed
32,Voluntary Resignation,Travel_Rarely,964,Sales,1,2,Life Sciences,1,19778,143233,1,Male,34,1,2,Sales Executive,2,Single,6735,12147,6,Y,No,15,3,2,80,0,10,2,3,0,0,0,0,Seek
32,Voluntary Resignation,Travel_Rarely,964,Sales,1,2,Life Sciences,1,19780,143235,1,Male,34,1,2,Sales Executive,2,Single,6735,12147,4,Y,No,15,3,2,80,0,10,2,3,0,0,0,0,Seek
32,Voluntary Resignation,Travel_Rarely,964,Sales,1,2,Life Sciences,1,19782,143237,1,Male,34,1,2,Sales Executive,2,Single,6735,12147,6,Y,No,15,3,2,80,0,10,2,3,0,0,0,0,Seek
32,Voluntary Resignation,Travel_Rarely,964,Sales,1,2,Life Sciences,1,19783,143238,1,Male,34,1,2,Sales Executive,2,Single,6735,12147,4,Y,No,15,3,2,80,0,10,2,3,0,0,0,0,Seek
32,Voluntary Resignation,Travel_Rarely,964,Sales,1,2,Life Sciences,1,19786,143241,1,Male,34,1,2,Sales Executive,2,Single,6735,12147,6,Y,No,15,3,2,80,0,10,2,3,0,0,0,0,Seek
32,Voluntary Resignation,Travel_Rarely,964,Sales,1,2,Life Sciences,1,19788,143243,1,Male,34,1,2,Sales Executive,2,Single,6735,12147,4,Y,No,15,3,2,80,0,10,2,3,0,0,0,0,Seek
32,Voluntary Resignation,Travel_Rarely,964,Sales,1,2,Life Sciences,1,19790,143245,1,Male,34,1,2,Sales Executive,2,Single,6735,12147,6,Y,No,15,3,2,80,0,10,2,3,0,0,0,0,Seek
32,Voluntary Resignation,Travel_Rarely,964,Sales,1,2,Life Sciences,1,19791,143246,1,Male,34,1,2,Sales Executive,2,Single,6735,12147,4,Y,No,15,3,2,80,0,10,2,3,0,0,0,0,Seek
32,Voluntary Resignation,Non-Travel,1474,Sales,11,4,Other,1,20428,143883,4,Male,93,3,3,Healthcare Representative,1,Married,8321,25949,7,Y,Yes,13,3,4,80,1,15,1,3,12,8,5,7,Company Website
32,Voluntary Resignation,Non-Travel,1474,Sales,11,4,Medical,1,20430,143885,4,Male,93,3,3,Healthcare Representative,1,Married,8321,25949,0,Y,Yes,13,3,4,80,1,15,1,3,12,8,5,7,Company Website
32,Voluntary Resignation,Non-Travel,1474,Sales,11,4,Other,1,20431,143886,4,Male,93,3,3,Healthcare Representative,1,Married,8321,25949,7,Y,Yes,13,3,4,80,1,15,1,3,12,8,5,7,Company Website
32,Voluntary Resignation,Non-Travel,1474,Sales,11,4,Medical,1,20432,143887,4,Male,93,3,3,Healthcare Representative,1,Married,8321,25949,0,Y,Yes,13,3,4,80,1,15,1,3,12,8,5,7,Company Website
32,Voluntary Resignation,Non-Travel,1474,Sales,11,4,Other,1,20436,143891,4,Male,93,3,3,Healthcare Representative,1,Married,8321,25949,7,Y,Yes,13,3,4,80,1,15,1,3,12,8,5,7,Company Website
32,Voluntary Resignation,Non-Travel,1474,Sales,11,4,Medical,1,20438,143893,4,Male,93,3,3,Healthcare Representative,1,Married,8321,25949,0,Y,Yes,13,3,4,80,1,15,1,3,12,8,5,7,Company Website
32,Voluntary Resignation,Non-Travel,1474,Sales,11,4,Other,1,20439,143894,4,Male,93,3,3,Healthcare Representative,1,Married,8321,25949,7,Y,Yes,13,3,4,80,1,15,1,3,12,8,5,7,Company Website
32,Voluntary Resignation,Non-Travel,1474,Sales,11,4,Medical,1,20440,143895,4,Male,93,3,3,Healthcare Representative,1,Married,8321,25949,0,,Yes,13,3,4,80,1,15,1,3,12,8,5,7,Company Website
32,Voluntary Resignation,Travel_Rarely,414,Sales,2,4,Marketing,1,21194,144649,3,Male,30,2,2,Sales Executive,2,Single,9907,26186,7,Y,Yes,12,3,3,80,0,7,3,2,2,2,2,2,LinkedIn
32,Voluntary Resignation,Travel_Rarely,414,Sales,2,4,Life Sciences,1,21196,144651,3,Male,30,2,2,Sales Executive,2,Single,9907,26186,4,Y,Yes,12,3,3,80,0,7,3,2,2,2,2,2,LinkedIn
32,Voluntary Resignation,Travel_Rarely,414,Sales,2,4,Marketing,1,21198,144653,3,Male,30,2,2,Sales Executive,2,Single,9907,26186,7,Y,Yes,12,3,3,80,0,7,3,2,2,2,2,2,LinkedIn
32,Voluntary Resignation,Travel_Rarely,414,Sales,2,4,Life Sciences,1,21199,144654,3,Male,30,2,2,Sales Executive,2,Single,9907,26186,4,Y,Yes,12,3,3,80,0,7,3,2,2,2,2,2,LinkedIn
32,Voluntary Resignation,Travel_Rarely,414,Sales,2,4,Marketing,1,21202,144657,3,Male,30,2,2,Sales Executive,2,Single,9907,26186,7,Y,Yes,12,3,3,80,0,7,3,2,2,2,2,2,LinkedIn
32,Voluntary Resignation,Travel_Rarely,414,Sales,2,4,Life Sciences,1,21204,144659,3,Male,30,2,2,Sales Executive,2,Single,9907,26186,4,Y,Yes,12,3,3,80,0,7,3,2,2,2,2,2,LinkedIn
32,Voluntary Resignation,Travel_Rarely,414,Sales,2,4,Marketing,1,21206,144661,3,Male,30,2,2,Sales Executive,2,Single,9907,26186,7,Y,Yes,12,3,3,80,0,7,3,2,2,2,2,2,LinkedIn
32,Voluntary Resignation,Travel_Rarely,414,Sales,2,4,Life Sciences,1,21207,144662,3,Male,30,2,2,Sales Executive,2,Single,9907,26186,4,Y,Yes,12,3,3,80,0,7,3,2,2,2,2,2,LinkedIn
32,Voluntary Resignation,Travel_Frequently,238,Research & Development,5,2,Life Sciences,1,21989,145444,1,Female,32,4,1,Research Scientist,3,Single,2432,15318,3,Y,Yes,14,4,1,80,0,8,2,3,4,1,0,3,Recruit.net
32,Voluntary Resignation,Travel_Frequently,238,Research & Development,5,2,Life Sciences,1,21991,145446,1,Female,32,4,1,Research Scientist,3,Single,2432,15318,3,Y,Yes,14,3,1,80,0,8,2,3,4,1,0,3,Recruit.net
32,Voluntary Resignation,Travel_Frequently,238,Research & Development,5,2,Life Sciences,1,21993,145448,1,Female,32,4,1,Research Scientist,3,Single,2432,15318,3,Y,Yes,14,3,1,80,0,8,2,3,4,1,0,3,Recruit.net
32,Voluntary Resignation,Travel_Frequently,238,Research & Development,5,2,Life Sciences,1,21994,145449,1,Female,32,4,1,Research Scientist,3,Single,2432,15318,3,Y,Yes,14,3,1,80,0,8,2,3,4,1,0,3,Recruit.net
32,Voluntary Resignation,Travel_Frequently,238,Research & Development,5,2,Life Sciences,1,21997,145452,1,Female,32,4,1,Research Scientist,3,Single,2432,15318,3,Y,Yes,14,4,1,80,0,8,2,3,4,1,0,3,Recruit.net
32,Voluntary Resignation,Travel_Frequently,238,Research & Development,5,2,Life Sciences,1,21999,145454,1,Female,32,4,1,Research Scientist,3,Single,2432,15318,3,Y,Yes,14,3,1,80,0,8,2,3,4,1,0,3,Recruit.net
32,Voluntary Resignation,Travel_Frequently,238,Research & Development,5,2,Life Sciences,1,22001,145456,1,Female,32,4,1,Research Scientist,3,Single,2432,15318,3,Y,Yes,14,3,1,80,0,8,2,3,4,1,0,3,Recruit.net
32,Voluntary Resignation,Travel_Frequently,238,Research & Development,5,2,Life Sciences,1,22002,145457,1,Female,32,4,1,Research Scientist,3,Single,3162,23428,0,Y,No,17,3,4,80,0,6,2,2,5,2,3,4,Seek
32,Current employee,Travel_Frequently,1005,Research & Development,2,2,Life Sciences,1,94,123549,4,Male,79,3,1,Laboratory Technician,4,Single,3068,11864,0,Y,No,13,3,3,80,0,8,2,2,7,7,3,6,Seek
32,Current employee,Travel_Frequently,1005,Research & Development,2,2,Life Sciences,1,96,123551,4,Male,79,3,1,Laboratory Technician,4,Single,3068,11864,1,Y,No,13,3,3,80,0,8,2,2,7,7,3,6,Seek
32,Current employee,Travel_Frequently,1005,Research & Development,2,2,Life Sciences,1,98,123553,4,Male,79,3,1,Laboratory Technician,4,Single,3068,11864,0,Y,No,13,3,3,80,0,8,2,2,7,7,3,6,Seek
32,Current employee,Travel_Frequently,1005,Research & Development,2,2,Life Sciences,1,99,123554,4,Male,79,3,1,Laboratory Technician,4,Single,3068,11864,1,Y,No,13,3,3,80,0,8,2,2,7,7,3,6,Seek
32,Current employee,Travel_Frequently,1005,Research & Development,2,2,Life Sciences,1,102,123557,4,Male,79,3,1,Laboratory Technician,4,Single,3068,11864,0,Y,No,13,3,3,80,0,8,2,2,7,7,3,6,Seek
32,Current employee,Travel_Frequently,1005,Research & Development,2,2,Life Sciences,1,103,123558,1,Female,57,2,2,Sales Executive,3,Single,5473,24668,7,Y,No,11,3,4,80,0,20,2,2,4,3,1,3,Company Website
32,Current employee,Travel_Frequently,1005,Research & Development,2,2,Life Sciences,1,106,123561,4,Male,42,3,1,Laboratory Technician,4,Married,1702,12106,1,Y,Yes,23,3,3,80,1,1,3,3,1,0,0,0,Adzuna
32,Current employee,Travel_Frequently,1005,Research & Development,2,2,Life Sciences,1,111,123566,4,Male,79,3,1,Laboratory Technician,4,Single,3068,11864,1,Y,No,13,3,3,80,0,8,2,2,7,7,3,6,Seek
32,Current employee,Travel_Frequently,1005,Research & Development,2,2,Life Sciences,1,113,123568,4,Male,79,3,1,Laboratory Technician,4,Single,3068,11864,0,Y,No,13,3,3,80,0,8,2,2,7,7,3,6,Seek
32,Current employee,Travel_Frequently,1005,Research & Development,2,2,Life Sciences,1,114,123569,,Male,79,3,1,Laboratory Technician,4,Single,3068,11864,1,Y,No,13,3,3,80,0,8,2,2,7,7,3,6,Seek
32,Current employee,Travel_Rarely,827,Research & Development,1,1,Life Sciences,1,150,123605,4,Male,67,3,1,Laboratory Technician,3,Divorced,2693,13335,1,Y,No,13,3,4,80,0,1,2,3,1,0,0,0,Indeed
32,Current employee,Travel_Rarely,906,Sales,7,3,Life Sciences,1,178,123633,4,Male,44,2,3,Manufacturing Director,3,Single,9526,8787,1,Y,No,14,3,4,80,0,9,2,3,9,8,3,7,Company Website
32,Current employee,Travel_Rarely,334,Research & Development,5,2,Life Sciences,1,358,123813,1,Male,80,4,1,Research Scientist,2,Divorced,3298,15053,0,Y,Yes,12,3,4,80,2,7,5,2,6,2,0,5,Indeed
32,Current employee,Travel_Rarely,334,Research & Development,5,2,Life Sciences,1,361,123816,1,Male,80,4,1,Research Scientist,2,Divorced,3298,15053,3,Y,Yes,12,3,4,80,2,7,5,2,6,2,0,5,Indeed
32,Current employee,Travel_Rarely,334,Research & Development,5,2,Life Sciences,1,362,123817,1,Male,80,4,1,Research Scientist,2,Divorced,3298,15053,0,Y,Yes,12,3,4,80,2,7,5,2,6,2,0,5,Indeed
32,Current employee,Travel_Rarely,334,Research & Development,5,2,Life Sciences,1,363,123818,1,Male,80,4,1,Research Scientist,2,Divorced,3298,15053,3,Y,Yes,12,3,4,80,2,7,5,2,6,2,0,5,Indeed
32,Current employee,Travel_Rarely,334,Research & Development,5,2,Life Sciences,1,366,123821,1,Male,80,4,1,Research Scientist,2,Divorced,3298,15053,0,Y,Yes,12,3,4,80,2,7,5,2,6,2,0,5,Indeed
32,Current employee,Travel_Rarely,334,Research & Development,5,2,Life Sciences,1,367,123822,2,Male,30,2,1,Research Scientist,3,Single,2859,26278,1,Y,No,18,4,1,80,0,6,3,3,6,4,0,4,Recruit.net
32,Current employee,Travel_Rarely,334,Research & Development,5,2,Life Sciences,1,370,123825,3,Female,80,2,3,Sales Executive,1,Married,10266,2845,4,Y,No,19,4,4,80,0,22,5,4,18,13,13,11,Adzuna
32,Current employee,Travel_Rarely,334,Research & Development,5,2,Life Sciences,1,376,123831,1,Male,80,4,1,Research Scientist,2,Divorced,3298,15053,3,Y,Yes,12,3,4,80,2,7,5,2,6,2,0,5,Indeed
32,Current employee,Travel_Rarely,334,Research & Development,5,2,Life Sciences,1,377,123832,1,Male,80,4,1,Research Scientist,2,Divorced,3298,15053,0,Y,Yes,12,3,4,80,2,7,5,2,6,2,0,5,Indeed
32,Current employee,Travel_Rarely,334,Research & Development,5,2,Life Sciences,1,378,123833,1,Male,80,4,1,Research Scientist,2,Divorced,6118,23300,1,Y,No,13,3,3,80,3,10,2,3,10,9,1,2,Company Website
32,Current employee,Travel_Frequently,1005,Research & Development,2,2,Life Sciences,1,612,124067,1,Male,39,3,1,Laboratory Technician,4,Single,2496,6670,4,Y,No,11,3,4,80,0,7,3,3,1,1,0,0,Company Website
32,Current employee,Travel_Frequently,1005,Research & Development,2,2,Life Sciences,1,614,124069,1,Male,39,3,1,Laboratory Technician,4,Single,2496,6670,1,Y,No,11,3,4,80,0,7,3,3,1,1,0,0,Company Website
32,Current employee,Travel_Frequently,1005,Research & Development,2,2,Life Sciences,1,615,124070,1,Male,39,3,1,Laboratory Technician,4,Single,2496,6670,4,Y,No,11,3,4,80,0,7,3,3,1,1,0,0,Company Website
32,Current employee,Travel_Frequently,1005,Research & Development,2,2,Life Sciences,1,616,124071,1,Male,39,3,1,Laboratory Technician,4,Single,2496,6670,1,Y,No,11,3,4,80,0,7,3,3,1,1,0,0,Company Website
32,Current employee,Travel_Frequently,1005,Research & Development,2,2,Life Sciences,1,620,124075,1,Male,39,3,1,Laboratory Technician,4,Single,2496,6670,4,Y,No,11,3,4,80,0,7,3,3,1,1,0,0,Company Website
32,Current employee,Travel_Frequently,1005,Research & Development,2,2,Life Sciences,1,622,124077,1,Male,39,3,1,Laboratory Technician,4,Single,2496,6670,1,Y,No,11,3,4,80,0,7,3,3,1,1,0,0,Company Website
32,Current employee,Travel_Frequently,1005,Research & Development,2,2,Life Sciences,1,623,124078,1,Male,39,3,1,Laboratory Technician,4,Single,2496,6670,4,Y,No,11,3,4,80,0,7,3,3,1,1,0,0,Company Website
32,Current employee,Travel_Frequently,1005,Research & Development,2,2,Life Sciences,1,624,124079,1,Male,39,3,1,Laboratory Technician,4,Single,2496,6670,1,Y,No,11,3,4,80,0,7,3,3,1,1,0,0,Company Website
32,Current employee,Travel_Rarely,334,Research & Development,5,2,Life Sciences,1,726,124181,1,Female,39,3,1,Sales Representative,4,Married,2014,9687,1,Y,No,13,3,1,80,0,2,3,3,2,2,2,2,Company Website
32,Current employee,Travel_Rarely,334,Research & Development,5,2,Life Sciences,1,728,124183,1,Female,39,3,1,Sales Representative,4,Married,2014,9687,9,Y,No,13,3,1,80,0,2,3,3,2,2,2,2,Company Website
32,Current employee,Travel_Rarely,334,Research & Development,5,2,Life Sciences,1,729,124184,1,Female,39,3,1,Sales Representative,4,Married,2014,9687,1,Y,No,13,3,1,80,0,2,3,3,2,2,2,2,Company Website
32,Current employee,Travel_Rarely,334,Research & Development,5,2,Life Sciences,1,730,124185,1,Female,39,3,1,Sales Representative,4,Married,2014,9687,9,Y,No,13,3,1,80,0,2,3,3,2,2,2,2,Company Website
32,Current employee,Travel_Rarely,334,Research & Development,5,2,Life Sciences,1,734,124189,1,Female,39,3,1,Sales Representative,4,Married,2014,9687,1,Y,No,13,3,1,80,0,2,3,3,2,2,2,2,Company Website
32,Current employee,Travel_Rarely,334,Research & Development,5,2,Life Sciences,1,736,124191,1,Female,39,3,1,Sales Representative,4,Married,2014,9687,9,Y,No,13,3,1,80,0,2,3,3,2,2,2,2,Company Website
32,Current employee,Travel_Rarely,334,Research & Development,5,2,Life Sciences,1,737,124192,1,Female,39,3,1,Sales Representative,4,Married,2014,9687,1,Y,No,13,3,1,80,0,2,3,3,2,2,2,2,Company Website
32,Current employee,Travel_Rarely,334,Research & Development,5,2,Life Sciences,1,738,124193,1,Female,39,3,1,Sales Representative,4,Married,2014,9687,9,Y,No,13,3,1,80,0,2,3,3,2,2,2,2,Company Website
32,Current employee,Travel_Rarely,427,Research & Development,1,3,Medical,1,1097,124552,1,Male,33,3,2,Manufacturing Director,4,Married,6162,10877,1,Y,Yes,22,4,2,80,1,9,3,3,9,8,7,8,GlassDoor
32,Current employee,Travel_Rarely,427,Research & Development,1,3,Human Resources,1,1099,124554,1,Male,33,3,2,Manufacturing Director,4,Married,6162,10877,1,Y,Yes,22,3,2,80,1,9,3,3,9,8,7,8,GlassDoor
32,Current employee,Travel_Rarely,427,Research & Development,1,3,Medical,1,1101,124556,1,Male,33,3,2,Manufacturing Director,4,Married,6162,10877,1,Y,Yes,22,4,2,80,1,9,3,3,9,8,7,8,GlassDoor
32,Current employee,Travel_Rarely,427,Research & Development,1,3,Human Resources,1,1102,124557,1,Male,33,3,2,Manufacturing Director,4,Married,6162,10877,1,Y,Yes,22,4,2,80,1,9,3,3,9,8,7,8,GlassDoor
32,Current employee,Travel_Rarely,427,Research & Development,1,3,Medical,1,1105,124560,1,Male,33,3,2,Manufacturing Director,4,Married,6162,10877,1,Y,Yes,22,4,2,80,1,9,3,3,9,8,7,8,GlassDoor
32,Current employee,Travel_Rarely,427,Research & Development,1,3,Human Resources,1,1107,124562,1,Male,33,3,2,Manufacturing Director,4,Married,6162,10877,1,Y,Yes,22,3,2,80,1,9,3,3,9,8,7,8,GlassDoor
32,Current employee,Travel_Rarely,427,Research & Development,1,3,Medical,1,1109,124564,1,Male,33,3,2,Manufacturing Director,4,Married,6162,10877,1,Y,Yes,22,4,2,80,1,9,3,3,9,8,7,8,GlassDoor
32,Current employee,Travel_Rarely,427,Research & Development,1,3,Human Resources,1,1110,124565,1,Male,33,3,2,Manufacturing Director,4,Married,6162,10877,1,Y,Yes,22,4,2,80,1,9,3,3,9,8,7,8,GlassDoor
32,Current employee,Travel_Rarely,548,Research & Development,1,3,Life Sciences,1,1130,124585,1,Female,40,2,5,Research Director,3,Divorced,18740,16701,5,Y,Yes,12,3,4,80,1,29,2,2,27,3,13,8,Indeed
32,Current employee,Travel_Rarely,548,Research & Development,1,3,Life Sciences,1,1131,124586,1,Female,40,2,5,Research Director,3,Divorced,18740,16701,1,Y,Yes,12,3,4,80,1,29,2,2,27,3,13,8,Indeed
32,Current employee,Travel_Rarely,548,Research & Development,1,3,Life Sciences,1,1133,124588,1,Female,40,2,5,Research Director,3,Divorced,18740,16701,5,Y,Yes,12,3,4,80,1,29,2,2,27,3,13,8,Indeed
32,Current employee,Travel_Rarely,548,Research & Development,1,3,Life Sciences,1,1134,124589,1,Female,40,2,5,Research Director,3,Divorced,18740,16701,1,Y,Yes,12,3,4,80,1,29,2,2,27,3,13,8,Indeed
32,Current employee,Travel_Rarely,548,Research & Development,1,3,Life Sciences,1,1138,124593,1,Female,40,2,5,Research Director,3,Divorced,18740,16701,5,Y,Yes,12,3,4,80,1,29,2,2,27,3,13,8,Indeed
32,Current employee,Travel_Rarely,548,Research & Development,1,3,Life Sciences,1,1139,124594,1,Female,40,2,5,Research Director,3,Divorced,18740,16701,1,Y,Yes,12,3,4,80,1,29,2,2,27,3,13,8,Indeed
32,Current employee,Travel_Rarely,548,Research & Development,1,3,Life Sciences,1,1141,124596,1,Female,40,2,5,Research Director,3,Divorced,18740,16701,5,Y,Yes,12,3,4,80,1,29,2,2,27,3,13,8,Indeed
32,Current employee,Travel_Rarely,548,Research & Development,1,3,Life Sciences,1,800,124597,1,Female,40,2,5,Research Director,3,Divorced,18740,16701,1,Y,Yes,12,3,4,80,1,29,2,2,27,3,13,8,Indeed
32,Current employee,Travel_Rarely,827,Research & Development,1,1,Life Sciences,1,1272,124727,1,Male,41,3,1,Research Scientist,2,Married,2703,4956,0,Y,No,23,3,4,80,1,6,3,3,5,4,0,4,Jora
32,Current employee,Travel_Rarely,827,Research & Development,1,1,Life Sciences,1,1273,124728,1,Male,41,3,1,Research Scientist,2,Married,2703,4956,2,Y,No,23,3,4,80,1,6,3,3,5,4,0,4,Jora
32,Current employee,Travel_Rarely,827,Research & Development,1,1,Life Sciences,1,1277,124732,1,Male,41,3,1,Research Scientist,2,Married,2703,4956,0,Y,No,23,4,4,80,1,6,3,3,5,4,0,4,Jora
32,Current employee,Travel_Rarely,827,Research & Development,1,1,Life Sciences,1,1278,124733,1,Male,41,3,1,Research Scientist,2,Married,2703,4956,2,Y,No,23,4,4,80,1,6,3,3,5,4,0,4,Jora
32,Current employee,Travel_Rarely,827,Research & Development,1,1,Life Sciences,1,1279,124734,1,Male,41,3,1,Research Scientist,2,Married,2703,4956,0,Y,No,23,3,4,80,1,6,3,3,5,4,0,4,Jora
32,Current employee,Travel_Rarely,827,Research & Development,1,1,Life Sciences,1,1280,124735,1,Male,41,3,1,Research Scientist,2,Married,2703,4956,2,Y,No,23,3,4,80,1,6,3,3,5,4,0,4,Jora
32,Current employee,Travel_Rarely,827,Research & Development,1,1,Life Sciences,1,1284,124739,1,Male,41,3,1,Research Scientist,2,Married,2703,4956,0,Y,No,23,4,4,80,1,6,3,3,5,4,0,4,Jora
32,Current employee,Travel_Rarely,827,Research & Development,1,1,Life Sciences,1,1285,124740,1,Male,41,3,1,Research Scientist,2,Married,2703,4956,2,Y,No,23,4,4,80,1,6,3,3,5,4,0,4,Jora
32,Current employee,Travel_Rarely,548,Research & Development,1,3,Life Sciences,1,1301,124756,2,Male,66,3,2,Research Scientist,2,Married,6220,7346,1,Y,No,17,3,2,80,2,10,3,3,10,4,0,9,Recruit.net
32,Current employee,Travel_Rarely,548,Research & Development,1,3,Human Resources,1,1303,124758,2,Male,66,3,2,Research Scientist,2,Married,6220,7346,2,Y,No,17,3,2,80,2,10,3,3,10,4,0,9,Recruit.net
32,Current employee,Travel_Rarely,548,Research & Development,1,3,Life Sciences,1,1305,124760,2,Male,66,3,2,Research Scientist,2,Married,6220,7346,1,Y,No,17,3,2,80,2,10,3,3,10,4,0,9,Recruit.net
32,Current employee,Travel_Rarely,548,Research & Development,1,3,Human Resources,1,1306,124761,2,Male,66,3,2,Research Scientist,2,Married,6220,7346,2,Y,No,17,3,2,80,2,10,3,3,10,4,0,9,Recruit.net
32,Current employee,Travel_Rarely,548,Research & Development,1,3,Human Resources,1,1310,124765,2,Male,66,3,2,Research Scientist,2,Married,6220,7346,2,Y,No,17,3,2,80,2,10,3,3,10,4,0,9,Recruit.net
32,Current employee,Travel_Rarely,548,Research & Development,1,3,Life Sciences,1,1312,124767,2,Male,66,3,2,Research Scientist,2,Married,6220,7346,1,Y,No,17,3,2,80,2,10,3,3,10,4,0,9,Recruit.net
32,Current employee,Travel_Rarely,548,Research & Development,1,3,Human Resources,1,1313,124768,2,Male,66,3,2,Research Scientist,2,Married,6220,7346,2,Y,No,17,3,2,80,2,10,3,3,10,4,0,9,Recruit.net
32,Current employee,Travel_Rarely,1093,Sales,6,4,Medical,1,1614,125069,2,Male,87,3,2,Sales Executive,3,Single,5010,24301,1,Y,No,16,3,1,80,0,12,0,3,11,8,5,7,Seek
32,Current employee,Travel_Rarely,1093,Sales,6,4,Marketing,1,1616,125071,2,Male,87,3,2,Sales Executive,3,Single,5010,24301,5,Y,No,16,4,1,80,0,12,0,3,11,8,5,7,Seek
32,Current employee,Travel_Rarely,1093,Sales,6,4,Medical,1,1618,125073,2,Male,87,3,2,Sales Executive,3,Single,5010,24301,1,Y,No,16,3,1,80,0,12,0,3,11,8,5,7,Seek
32,Current employee,Travel_Rarely,1093,Sales,6,4,Marketing,1,1619,125074,2,Male,87,3,2,Sales Executive,3,Single,5010,24301,5,Y,No,16,3,1,80,0,12,0,3,11,8,5,7,Seek
32,Current employee,Travel_Rarely,1093,Sales,6,4,Medical,1,1622,125077,2,Male,87,3,2,Sales Executive,3,Single,5010,24301,1,Y,No,16,3,1,80,0,12,0,3,11,8,5,7,Seek
32,Current employee,Travel_Rarely,1093,Sales,6,4,Marketing,1,1624,125079,2,Male,87,3,2,Sales Executive,3,Single,5010,24301,5,Y,No,16,4,1,80,0,12,0,3,11,8,5,7,Seek
32,Current employee,Travel_Rarely,1093,Sales,6,4,Medical,1,1626,125081,2,Male,87,3,2,Sales Executive,3,Single,5010,24301,1,Y,No,16,3,1,80,0,12,0,3,11,8,5,7,Seek
32,Current employee,Travel_Rarely,1093,Sales,6,4,Marketing,1,1627,125082,2,Male,87,3,2,Sales Executive,3,Single,5010,24301,5,Y,No,16,3,1,80,0,12,0,3,11,8,5,7,Seek
32,Current employee,Travel_Rarely,120,Research & Development,6,5,Life Sciences,1,1708,125163,1,Male,42,3,1,Human Resources,1,Divorced,2073,23648,4,Y,Yes,22,4,4,80,0,7,3,3,3,2,0,2,Company Website
32,Current employee,Travel_Rarely,120,Research & Development,6,5,Marketing,1,1710,125165,1,Male,42,3,1,Human Resources,1,Divorced,2073,23648,0,Y,Yes,22,3,4,80,0,7,3,3,3,2,0,2,Company Website
32,Current employee,Travel_Rarely,120,Research & Development,6,5,Life Sciences,1,1711,125166,1,Male,42,3,1,Human Resources,1,Divorced,2073,23648,4,Y,Yes,22,4,4,80,0,7,3,3,3,2,0,2,Company Website
32,Current employee,Travel_Rarely,120,Research & Development,6,5,Marketing,1,1712,125167,1,Male,42,3,1,Human Resources,1,Divorced,2073,23648,0,Y,Yes,22,4,4,80,0,7,3,3,3,2,0,2,Company Website
32,Current employee,Travel_Rarely,120,Research & Development,6,5,Life Sciences,1,1715,125170,1,Male,42,3,1,Human Resources,1,Divorced,2073,23648,4,Y,Yes,22,4,4,80,0,7,3,3,3,2,0,2,Company Website
32,Current employee,Travel_Rarely,120,Research & Development,6,5,Marketing,1,1717,125172,1,Male,42,3,1,Human Resources,1,Divorced,2073,23648,0,Y,Yes,22,3,4,80,0,7,3,3,3,2,0,2,Company Website
32,Current employee,Travel_Rarely,120,Research & Development,6,5,Life Sciences,1,1718,125173,1,Male,42,3,1,Human Resources,1,Divorced,2073,23648,4,Y,Yes,22,4,4,80,0,7,3,3,3,2,0,2,Company Website
32,Current employee,Travel_Rarely,120,Research & Development,6,5,Marketing,1,1719,125174,1,Male,42,3,1,Human Resources,1,Divorced,2073,23648,0,Y,Yes,22,4,4,80,0,7,3,3,3,2,0,2,Company Website
32,Current employee,Travel_Rarely,827,Research & Development,1,1,Life Sciences,1,1722,125177,4,Male,71,3,1,Research Scientist,1,Single,2956,15178,1,Y,No,13,3,4,80,0,1,2,3,1,0,0,0,Indeed
32,Current employee,Travel_Rarely,827,Research & Development,1,1,Human Resources,1,1724,125179,4,Male,71,3,1,Research Scientist,1,Single,2956,15178,2,Y,No,13,4,4,80,0,1,2,3,1,0,0,0,Indeed
32,Current employee,Travel_Rarely,827,Research & Development,1,1,Life Sciences,1,1726,125181,4,Male,71,3,1,Research Scientist,1,Single,2956,15178,1,Y,No,13,3,4,80,0,1,2,3,1,0,0,0,Indeed
32,Current employee,Travel_Rarely,827,Research & Development,1,1,Human Resources,1,1727,125182,4,Male,71,3,1,Research Scientist,1,Single,2956,15178,2,Y,No,13,3,4,80,0,1,2,3,1,0,0,0,Indeed
32,Current employee,Travel_Rarely,827,Research & Development,1,1,Human Resources,1,1731,125186,4,Male,71,3,1,Research Scientist,1,Single,2956,15178,2,Y,No,13,4,4,80,0,1,2,3,1,0,0,0,Indeed
32,Current employee,Travel_Rarely,827,Research & Development,1,1,Life Sciences,1,1733,125188,4,Male,71,3,1,Research Scientist,1,Single,2956,15178,1,Y,No,13,3,4,80,0,1,2,3,1,0,0,0,Indeed
32,Current employee,Travel_Rarely,827,Research & Development,1,1,Human Resources,1,1734,125189,4,Male,71,3,1,Research Scientist,1,Single,2956,15178,2,Y,No,13,3,4,80,0,1,2,3,1,0,0,0,Indeed
32,Current employee,Travel_Rarely,1401,Sales,4,2,Life Sciences,1,2081,125536,1,Male,43,1,2,Sales Executive,3,Married,6172,20739,4,Y,Yes,18,4,2,80,0,12,3,2,7,7,7,7,Seek
32,Current employee,Travel_Rarely,1401,Sales,4,2,Life Sciences,1,2082,125537,1,Male,43,1,2,Sales Executive,3,Married,6172,20739,5,Y,Yes,18,3,2,80,0,12,3,2,7,7,7,7,Seek
32,Current employee,Travel_Rarely,1401,Sales,4,2,Life Sciences,1,2086,125541,1,Male,43,1,2,Sales Executive,3,Married,6172,20739,4,Y,Yes,18,3,2,80,0,12,3,2,7,7,7,7,Seek
32,Current employee,Travel_Rarely,1401,Sales,4,2,Life Sciences,1,2087,125542,1,Male,43,1,2,Sales Executive,3,Married,6172,20739,5,Y,Yes,18,3,2,80,0,12,3,2,7,7,7,7,Seek
32,Current employee,Travel_Rarely,1401,Sales,4,2,Life Sciences,1,2089,125544,1,Male,43,1,2,Sales Executive,3,Married,6172,20739,4,Y,Yes,18,4,2,80,0,12,3,2,7,7,7,7,Seek
32,Current employee,Travel_Rarely,1401,Sales,4,2,Life Sciences,1,2090,125545,1,Male,43,1,2,Sales Executive,3,Married,6172,20739,5,Y,Yes,18,3,2,80,0,12,3,2,7,7,7,7,Seek
32,Current employee,Travel_Rarely,1401,Sales,4,2,Life Sciences,1,2094,125549,1,Male,43,1,2,Sales Executive,3,Married,6172,20739,4,Y,Yes,18,3,2,80,0,12,3,2,7,7,7,7,Seek
32,Current employee,Travel_Rarely,1401,Sales,4,2,Life Sciences,1,2095,125550,1,Male,43,1,2,Sales Executive,3,Married,6172,20739,5,Y,Yes,18,3,2,80,0,12,3,2,7,7,7,7,Seek
32,Current employee,Travel_Frequently,1311,Research & Development,7,3,Life Sciences,1,2241,125696,1,Female,43,3,1,Human Resources,3,Married,2942,8916,1,Y,No,23,3,4,80,1,8,3,3,8,7,5,7,Company Website
32,Current employee,Travel_Frequently,1311,Research & Development,7,3,Marketing,1,2242,125697,1,Female,43,3,1,Human Resources,3,Married,2942,8916,0,Y,No,23,3,4,80,1,8,3,3,8,7,5,7,Company Website
32,Current employee,Travel_Frequently,1311,Research & Development,7,3,Life Sciences,1,2246,125701,1,Female,43,3,1,Human Resources,3,Married,2942,8916,1,Y,No,23,4,4,80,1,8,3,3,8,7,5,7,Company Website
32,Current employee,Travel_Frequently,1311,Research & Development,7,3,Marketing,1,2247,125702,1,Female,43,3,1,Human Resources,3,Married,2942,8916,0,Y,No,23,4,4,80,1,8,3,3,8,7,5,7,Company Website
32,Current employee,Travel_Frequently,1311,Research & Development,7,3,Life Sciences,1,2249,125704,1,Female,43,3,1,Human Resources,3,Married,2942,8916,1,Y,No,23,3,4,80,1,8,3,3,8,7,5,7,Company Website
32,Current employee,Travel_Frequently,1311,Research & Development,7,3,Marketing,1,2250,125705,1,Female,43,3,1,Human Resources,3,Married,2942,8916,0,Y,No,23,3,4,80,1,8,3,3,8,7,5,7,Company Website
32,Current employee,Travel_Frequently,1311,Research & Development,7,3,Life Sciences,1,2254,125709,1,Female,43,3,1,Human Resources,3,Married,2942,8916,1,Y,No,23,4,4,80,1,8,3,3,8,7,5,7,Company Website
32,Current employee,Travel_Frequently,1311,Research & Development,7,3,Marketing,1,2255,125710,1,Female,43,3,1,Human Resources,3,Married,2942,8916,0,Y,No,23,4,4,80,1,8,3,3,8,7,5,,Company Website
32,Current employee,Travel_Frequently,689,Sales,9,2,Medical,1,2397,125852,4,Male,35,1,2,Sales Executive,4,Divorced,4668,22812,0,Y,No,17,3,4,80,3,9,2,4,8,7,0,7,LinkedIn
32,Current employee,Travel_Frequently,689,Sales,9,2,Medical,1,2400,125855,4,Male,35,1,2,Sales Executive,4,Divorced,4668,22812,6,Y,No,17,3,4,80,3,9,2,4,8,7,0,7,LinkedIn
32,Current employee,Travel_Frequently,689,Sales,9,2,Medical,1,2403,125858,4,Male,35,1,2,Sales Executive,4,Divorced,4668,22812,0,Y,No,17,3,4,80,3,9,2,4,8,7,0,7,LinkedIn
32,Current employee,Travel_Frequently,689,Sales,9,2,Medical,1,2404,125859,4,Male,35,1,2,Sales Executive,4,Divorced,4668,22812,6,Y,No,17,3,4,80,3,9,2,4,8,7,0,7,LinkedIn
32,Current employee,Travel_Frequently,689,Sales,9,2,Medical,1,2405,125860,4,Male,35,1,2,Sales Executive,4,Divorced,4668,22812,0,Y,No,17,3,4,80,3,9,2,4,8,7,0,7,LinkedIn
32,Current employee,Travel_Frequently,689,Sales,9,2,Medical,1,2408,125863,4,Male,35,1,2,Sales Executive,4,Divorced,4668,22812,6,Y,No,17,3,4,80,3,9,2,4,8,7,0,7,LinkedIn
32,Current employee,Travel_Frequently,689,Sales,9,2,Medical,1,2411,125866,4,Male,35,1,2,Sales Executive,4,Divorced,4668,22812,0,Y,No,17,3,4,80,3,9,2,4,8,7,0,7,LinkedIn
32,Current employee,Travel_Frequently,689,Sales,9,2,Medical,1,2412,125867,4,Male,35,1,2,Sales Executive,4,Divorced,4668,22812,6,Y,No,17,3,4,80,3,9,2,4,8,7,0,7,LinkedIn
32,Current employee,Travel_Frequently,967,Sales,8,3,Marketing,1,2553,126008,2,Female,43,3,3,Sales Executive,4,Single,8998,15589,1,Y,No,14,3,4,80,0,9,2,3,9,8,3,7,Company Website
32,Current employee,Travel_Rarely,906,Sales,7,3,Life Sciences,1,2554,126009,1,Female,44,3,3,Sales Executive,4,Single,8998,15589,1,Y,No,14,3,4,80,0,9,2,3,9,8,3,7,Company Website
32,Current employee,Travel_Rarely,906,Sales,7,3,Marketing,1,2555,126010,1,Female,44,3,3,Sales Executive,4,Single,8998,15589,5,Y,No,14,3,4,80,0,9,2,3,9,8,3,7,Company Website
32,Current employee,Travel_Frequently,967,Sales,8,3,Marketing,1,2556,126011,2,Female,43,3,3,Sales Executive,4,Single,8998,15589,6,Y,No,14,4,4,80,0,9,2,3,9,8,3,7,Company Website
32,Current employee,Travel_Frequently,967,Sales,8,3,Marketing,1,2557,126012,2,Female,43,3,3,Sales Executive,4,Single,8998,15589,1,Y,No,14,3,4,80,0,9,2,3,9,8,3,7,Company Website
32,Current employee,Travel_Rarely,906,Sales,7,3,Life Sciences,1,2558,126013,1,Female,44,3,3,Sales Executive,4,Single,8998,15589,1,Y,No,14,3,4,80,0,9,2,3,9,8,3,7,Company Website
32,Current employee,Travel_Rarely,906,Sales,7,3,Marketing,1,2559,126014,1,Female,44,3,3,Sales Executive,4,Single,8998,15589,5,Y,No,14,3,4,80,0,9,2,3,9,8,3,7,Company Website
32,Current employee,Travel_Frequently,967,Sales,8,3,Marketing,1,2560,126015,2,Female,43,3,3,Sales Executive,4,Single,8998,15589,6,Y,No,14,3,4,80,0,9,2,3,9,8,3,7,Company Website
32,Current employee,Travel_Frequently,967,Sales,8,3,Marketing,1,2561,126016,2,Female,43,3,3,Sales Executive,4,Single,8998,15589,1,Y,No,14,3,4,80,0,9,2,3,9,8,3,7,Company Website
32,Current employee,Travel_Rarely,906,Sales,7,3,Marketing,1,2562,126017,1,Female,44,3,3,Sales Executive,4,Single,8998,15589,5,Y,No,14,3,4,80,0,9,2,3,9,8,3,7,Company Website
32,Current employee,Travel_Frequently,967,Sales,8,3,Marketing,1,2563,126018,2,Female,43,3,3,Sales Executive,4,Single,8998,15589,6,Y,No,14,4,4,80,0,9,2,3,9,8,3,7,Company Website
32,Current employee,Travel_Frequently,967,Sales,8,3,Marketing,1,2564,126019,2,Female,43,3,3,Sales Executive,4,Single,8998,15589,1,Y,No,14,3,4,80,0,9,2,3,9,8,3,7,Company Website
32,Current employee,Travel_Rarely,906,Sales,7,3,Life Sciences,1,2565,126020,1,Female,44,3,3,Sales Executive,4,Single,8998,15589,1,Y,No,14,3,4,80,0,9,2,3,9,8,3,7,Company Website
32,Current employee,Travel_Rarely,906,Sales,7,3,Marketing,1,2566,126021,1,Female,44,3,3,Sales Executive,4,Single,8998,15589,5,Y,No,14,3,4,80,0,9,2,3,9,8,3,7,Company Website
32,Current employee,Travel_Frequently,967,Sales,8,3,Marketing,1,2567,126022,2,Female,43,3,3,Sales Executive,4,Single,8998,15589,6,Y,No,14,3,4,80,0,9,2,3,9,8,3,7,Company Website
32,Current employee,Travel_Rarely,120,Research & Development,6,5,Life Sciences,1,2784,126239,3,Male,43,3,1,Research Scientist,3,Single,3038,12430,3,Y,No,20,3,1,80,0,8,2,3,5,4,1,4,Jora
32,Current employee,Travel_Rarely,120,Research & Development,6,5,Marketing,1,2786,126241,3,Male,43,3,1,Research Scientist,3,Single,3038,12430,3,Y,No,20,3,1,80,0,8,2,3,5,4,1,4,Jora
32,Current employee,Travel_Rarely,120,Research & Development,6,5,Life Sciences,1,2790,126245,3,Male,43,3,1,Research Scientist,3,Single,3038,12430,3,Y,No,20,4,1,80,0,8,2,3,5,4,1,4,Jora
32,Current employee,Travel_Rarely,120,Research & Development,6,5,Marketing,1,2791,126246,3,Male,43,3,1,Research Scientist,3,Single,3038,12430,3,Y,No,20,4,1,80,0,8,2,3,5,4,1,4,Jora
32,Current employee,Travel_Rarely,120,Research & Development,6,5,Life Sciences,1,2792,126247,3,Male,43,3,1,Research Scientist,3,Single,3038,12430,3,Y,No,20,3,1,80,0,8,2,3,5,4,1,4,Jora
32,Current employee,Travel_Rarely,120,Research & Development,6,5,Marketing,1,2794,126249,3,Male,43,3,1,Research Scientist,3,Single,3038,12430,3,Y,No,20,3,1,80,0,8,2,3,5,4,1,4,Jora
32,Current employee,Travel_Rarely,120,Research & Development,6,5,Life Sciences,1,2798,126253,3,Male,43,3,1,Research Scientist,3,Single,3038,12430,3,Y,No,20,4,1,80,0,8,2,3,5,4,1,4,Jora
32,Current employee,Travel_Rarely,120,Research & Development,6,5,Marketing,1,2799,126254,3,Male,43,3,1,Research Scientist,3,Single,2121,23522,1,Y,Yes,13,3,2,80,0,1,3,4,1,0,0,0,Indeed
32,Current employee,Travel_Rarely,646,Research & Development,9,4,Life Sciences,1,3702,127157,1,Male,47,3,1,Sales Representative,4,Divorced,2793,2539,4,Y,No,17,3,3,80,1,13,2,3,9,8,5,8,Company Website
32,Current employee,Travel_Rarely,646,Research & Development,9,4,Medical,1,3704,127159,1,Male,47,3,1,Sales Representative,4,Divorced,2793,2539,9,Y,No,17,3,3,80,1,13,2,3,9,8,5,8,Company Website
32,Current employee,Travel_Rarely,646,Research & Development,9,4,Life Sciences,1,3705,127160,1,Male,47,3,1,Sales Representative,4,Divorced,2793,2539,4,Y,No,17,3,3,80,1,13,2,3,9,8,5,8,Company Website
32,Current employee,Travel_Rarely,646,Research & Development,9,4,Medical,1,3706,127161,1,Male,47,3,1,Sales Representative,4,Divorced,2793,2539,9,Y,No,17,3,3,80,1,13,2,3,9,8,5,8,Company Website
32,Current employee,Travel_Rarely,646,Research & Development,9,4,Life Sciences,1,3710,127165,1,Male,47,3,1,Sales Representative,4,Divorced,2793,2539,4,Y,No,17,3,3,80,1,13,2,3,9,8,5,8,Company Website
32,Current employee,Travel_Rarely,646,Research & Development,9,4,Medical,1,3712,127167,1,Male,47,3,1,Sales Representative,4,Divorced,2793,2539,9,Y,No,17,3,3,80,1,13,2,3,9,8,5,8,Company Website
32,Current employee,Travel_Rarely,646,Research & Development,9,4,Life Sciences,1,3713,127168,1,Male,47,3,1,Sales Representative,4,Divorced,2793,2539,4,Y,No,17,3,3,80,1,13,2,3,9,8,5,8,Company Website
32,Current employee,Travel_Rarely,646,Research & Development,9,4,Medical,1,3714,127169,1,Male,47,3,1,Sales Representative,4,Divorced,2793,2539,9,Y,No,17,3,3,80,1,13,2,3,9,8,5,8,Company Website
32,Current employee,Travel_Rarely,1401,Sales,4,2,Life Sciences,1,3893,127348,3,Female,56,3,1,Sales Representative,2,Married,3931,20990,2,Y,No,11,4,1,80,1,6,5,3,4,3,1,2,Recruit.net
32,Current employee,Travel_Rarely,1401,Sales,4,2,Life Sciences,1,3896,127351,3,Female,56,3,1,Sales Representative,2,Married,3931,20990,8,Y,No,11,4,1,80,1,6,5,3,4,3,1,2,Recruit.net
32,Current employee,Travel_Rarely,1401,Sales,4,2,Life Sciences,1,3897,127352,3,Female,56,3,1,Sales Representative,2,Married,3931,20990,2,Y,No,11,3,1,80,1,6,5,3,4,3,1,2,Recruit.net
32,Current employee,Travel_Rarely,1401,Sales,4,2,Life Sciences,1,3898,127353,3,Female,56,3,1,Sales Representative,2,Married,3931,20990,8,Y,No,11,3,1,80,1,6,5,3,4,3,1,2,Recruit.net
32,Current employee,Travel_Rarely,1401,Sales,4,2,Life Sciences,1,3901,127356,3,Female,56,3,1,Sales Representative,2,Married,3931,20990,2,Y,No,11,4,1,80,1,6,5,3,4,3,1,2,Recruit.net
32,Current employee,Travel_Rarely,1401,Sales,4,2,Life Sciences,1,3904,127359,3,Female,56,3,1,Sales Representative,2,Married,3931,20990,8,Y,No,11,4,1,80,1,6,5,3,4,3,1,2,Recruit.net
32,Current employee,Travel_Rarely,1401,Sales,4,2,Life Sciences,1,3905,127360,3,Female,56,3,1,Sales Representative,2,Married,3931,20990,2,Y,No,11,3,1,80,1,6,5,3,4,3,1,2,Recruit.net
32,Current employee,Travel_Rarely,1401,Sales,4,2,Life Sciences,1,3906,127361,3,Female,56,3,1,Sales Representative,2,Married,3931,20990,8,Y,No,11,3,1,80,1,6,5,3,4,3,1,2,Recruit.net
32,Current employee,Travel_Rarely,1018,Research & Development,3,2,Life Sciences,1,3926,127381,1,Female,48,3,1,Laboratory Technician,3,Divorced,2232,15417,7,Y,No,14,3,3,80,3,7,1,3,3,2,1,2,Adzuna
32,Current employee,Travel_Rarely,1018,Research & Development,3,2,Life Sciences,1,3928,127383,1,Female,48,3,1,Laboratory Technician,3,Divorced,2232,15417,1,Y,No,14,3,3,80,3,7,1,3,3,2,1,2,Adzuna
32,Current employee,Travel_Rarely,1018,Research & Development,3,2,Life Sciences,1,3929,127384,1,Female,48,3,1,Laboratory Technician,3,Divorced,2232,15417,7,Y,No,14,3,3,80,3,7,1,3,3,2,1,2,Adzuna
32,Current employee,Travel_Rarely,1018,Research & Development,3,2,Life Sciences,1,3930,127385,1,Female,48,3,1,Laboratory Technician,3,Divorced,2232,15417,1,Y,No,14,3,3,80,3,7,1,3,3,2,1,2,Adzuna
32,Current employee,Travel_Rarely,1018,Research & Development,3,2,Life Sciences,1,3934,127389,1,Female,48,3,1,Laboratory Technician,3,Divorced,2232,15417,7,Y,No,14,3,3,80,3,7,1,3,3,2,1,2,Adzuna
32,Current employee,Travel_Rarely,1018,Research & Development,3,2,Life Sciences,1,3936,127391,1,Female,48,3,1,Laboratory Technician,3,Divorced,2232,15417,1,Y,No,14,3,3,80,3,7,1,3,3,2,1,2,Adzuna
32,Current employee,Travel_Rarely,1018,Research & Development,3,2,Life Sciences,1,3937,127392,1,Female,48,3,1,Laboratory Technician,3,Divorced,2232,15417,7,Y,No,14,3,3,80,3,7,1,3,3,2,1,2,Adzuna
32,Current employee,Travel_Rarely,1018,Research & Development,3,2,Life Sciences,1,3938,127393,1,Female,48,3,1,Laboratory Technician,3,Divorced,2232,15417,1,Y,No,14,3,3,80,3,7,1,3,,2,1,2,Adzuna
32,Current employee,Non-Travel,976,Sales,26,4,Marketing,1,3941,127396,3,Male,100,3,2,Sales Executive,4,Married,4465,12069,0,Y,No,18,3,1,80,0,4,2,3,3,2,2,2,GlassDoor
32,Current employee,Non-Travel,976,Sales,26,4,Technical Degree,1,3944,127399,3,Male,100,3,2,Sales Executive,4,Married,4465,12069,7,Y,No,18,3,1,80,0,4,2,3,3,2,2,2,GlassDoor
32,Current employee,Non-Travel,976,Sales,26,4,Marketing,1,3945,127400,3,Male,100,3,2,Sales Executive,4,Married,4465,12069,0,Y,No,18,3,1,80,0,4,2,3,3,2,2,2,GlassDoor
32,Current employee,Non-Travel,976,Sales,26,4,Technical Degree,1,3946,127401,3,Male,100,3,2,Sales Executive,4,Married,4465,12069,7,Y,No,18,3,1,80,0,4,2,3,3,2,2,2,GlassDoor
32,Current employee,Non-Travel,976,Sales,26,4,Marketing,1,3949,127404,3,Male,100,3,2,Sales Executive,4,Married,4465,12069,0,Y,No,18,3,1,80,0,4,2,3,3,2,2,2,GlassDoor
32,Current employee,Non-Travel,976,Sales,26,4,Technical Degree,1,3952,127407,3,Male,100,3,2,Sales Executive,4,Married,4465,12069,7,Y,No,18,3,1,80,0,4,2,3,3,2,2,2,GlassDoor
32,Current employee,Non-Travel,976,Sales,26,4,Marketing,1,3953,127408,3,Male,100,3,2,Sales Executive,4,Married,4465,12069,0,Y,No,18,3,1,80,0,4,2,3,3,2,2,2,GlassDoor
32,Current employee,Non-Travel,976,Sales,26,4,Technical Degree,1,3954,127409,3,Male,100,3,2,Sales Executive,4,Married,4465,12069,7,Y,No,18,3,1,80,0,4,2,3,3,2,2,2,GlassDoor
32,Current employee,Travel_Frequently,430,Research & Development,24,4,Life Sciences,1,4102,127557,1,Female,48,3,3,Healthcare Representative,3,Single,10938,6420,0,Y,No,25,4,4,80,0,20,1,3,19,6,11,8,Adzuna
32,Current employee,Travel_Frequently,430,Research & Development,24,4,Technical Degree,1,4104,127559,1,Female,48,3,3,Healthcare Representative,3,Single,10938,6420,0,Y,No,25,4,4,80,0,20,1,3,19,6,11,8,Adzuna
32,Current employee,Travel_Frequently,430,Research & Development,24,4,Life Sciences,1,4105,127560,1,Female,48,3,3,Healthcare Representative,3,Single,10938,6420,0,Y,No,25,4,4,80,0,20,1,3,19,6,11,8,Adzuna
32,Current employee,Travel_Frequently,430,Research & Development,24,4,Technical Degree,1,4106,127561,1,Female,48,3,3,Healthcare Representative,3,Single,10938,6420,0,Y,No,25,4,4,80,0,20,1,3,19,6,11,8,Adzuna
32,Current employee,Travel_Frequently,430,Research & Development,24,4,Life Sciences,1,4110,127565,1,Female,48,3,3,Healthcare Representative,3,Single,10938,6420,0,Y,No,25,4,4,80,0,20,1,3,19,6,11,8,Adzuna
32,Current employee,Travel_Frequently,430,Research & Development,24,4,Technical Degree,1,4112,127567,1,Female,48,3,3,Healthcare Representative,3,Single,10938,6420,0,Y,No,25,4,4,80,0,20,1,3,19,6,11,8,Adzuna
32,Current employee,Travel_Frequently,430,Research & Development,24,4,Life Sciences,1,4113,127568,1,Female,48,3,3,Healthcare Representative,3,Single,10938,6420,0,Y,No,25,4,4,80,0,20,1,3,19,6,11,8,Adzuna
32,Current employee,Travel_Frequently,430,Research & Development,24,4,Technical Degree,1,4114,127569,1,Female,48,3,3,Healthcare Representative,3,Single,10938,6420,0,Y,No,25,4,4,80,0,20,1,3,19,6,11,8,Adzuna
32,Current employee,Travel_Frequently,1311,Research & Development,7,3,Life Sciences,1,4244,127699,2,Male,100,4,1,Laboratory Technician,2,Married,2794,26062,1,Y,No,20,3,3,80,0,5,3,1,5,1,0,3,GlassDoor
32,Current employee,Travel_Frequently,1311,Research & Development,7,3,Marketing,1,4247,127702,2,Male,100,4,1,Laboratory Technician,2,Married,2794,26062,1,Y,No,20,3,3,80,0,5,3,1,5,1,0,3,GlassDoor
32,Current employee,Travel_Frequently,1311,Research & Development,7,3,Life Sciences,1,4250,127705,2,Male,100,4,1,Laboratory Technician,2,Married,2794,26062,1,Y,No,20,4,3,80,0,5,3,1,5,1,0,3,GlassDoor
32,Current employee,Travel_Frequently,1311,Research & Development,7,3,Marketing,1,4251,127706,2,Male,100,4,1,Laboratory Technician,2,Married,2794,26062,1,Y,No,20,4,3,80,0,5,3,1,5,1,0,3,GlassDoor
32,Current employee,Travel_Frequently,1311,Research & Development,7,3,Life Sciences,1,4252,127707,2,Male,100,4,1,Laboratory Technician,2,Married,2794,26062,1,Y,No,20,3,3,80,0,5,3,1,5,1,0,3,GlassDoor
32,Current employee,Travel_Frequently,1311,Research & Development,7,3,Marketing,1,4255,127710,2,Male,100,4,1,Laboratory Technician,2,Married,2794,26062,1,Y,No,20,3,3,80,0,5,3,1,5,1,0,3,GlassDoor
32,Current employee,Travel_Frequently,1311,Research & Development,7,3,Life Sciences,1,4258,127713,2,Male,100,4,1,Laboratory Technician,2,Married,2794,26062,1,Y,No,20,4,3,80,0,5,3,1,5,1,0,3,GlassDoor
32,Current employee,Travel_Frequently,1311,Research & Development,7,3,Marketing,1,4259,127714,2,Male,100,4,1,Laboratory Technician,2,Married,2794,26062,1,Y,No,20,4,3,80,0,5,3,,5,1,0,3,GlassDoor
32,Current employee,Travel_Rarely,128,Research & Development,2,1,Technical Degree,1,4276,127731,4,Male,84,2,2,Laboratory Technician,1,Single,2176,19737,4,Y,No,13,3,4,80,0,9,5,3,6,2,0,4,Company Website
32,Current employee,Travel_Rarely,128,Research & Development,2,1,Life Sciences,1,4278,127733,4,Male,84,2,2,Laboratory Technician,1,Single,2176,19737,1,Y,No,13,3,4,80,0,9,5,3,6,2,0,4,Company Website
32,Current employee,Travel_Rarely,128,Research & Development,2,1,Technical Degree,1,4280,127735,4,Male,84,2,2,Laboratory Technician,1,Single,2176,19737,4,Y,No,13,3,4,80,0,9,5,3,6,2,0,4,Company Website
32,Current employee,Travel_Rarely,128,Research & Development,2,1,Life Sciences,1,4281,127736,4,Male,84,2,2,Laboratory Technician,1,Single,2176,19737,1,Y,No,13,3,4,80,0,9,5,3,6,2,0,4,Company Website
32,Current employee,Travel_Rarely,128,Research & Development,2,1,Technical Degree,1,4284,127739,4,Male,84,2,2,Laboratory Technician,1,Single,2176,19737,4,Y,No,13,3,4,80,0,9,5,3,6,2,0,4,Company Website
32,Current employee,Travel_Rarely,128,Research & Development,2,1,Life Sciences,1,4286,127741,4,Male,84,2,2,Laboratory Technician,1,Single,2176,19737,1,Y,No,13,3,4,80,0,9,5,3,6,2,0,4,Company Website
32,Current employee,Travel_Rarely,128,Research & Development,2,1,Technical Degree,1,4288,127743,4,Male,84,2,2,Laboratory Technician,1,Single,2176,19737,4,Y,No,13,3,4,80,0,9,5,3,6,2,0,4,Company Website
32,Current employee,Travel_Rarely,128,Research & Development,2,1,Life Sciences,1,4289,127744,4,Male,84,2,2,Laboratory Technician,1,Single,2176,19737,1,Y,No,13,3,4,80,0,9,5,3,6,2,0,4,Company Website
32,Current employee,Travel_Rarely,859,Research & Development,4,3,Life Sciences,1,4427,127882,1,Male,49,3,3,Manager,2,Married,11849,10268,1,Y,Yes,12,3,4,80,1,10,2,2,10,7,9,9,GlassDoor
32,Current employee,Travel_Rarely,859,Research & Development,4,3,Life Sciences,1,4428,127883,1,Male,49,3,3,Manager,2,Married,11849,10268,1,Y,Yes,12,3,4,80,1,10,2,2,10,7,9,9,GlassDoor
32,Current employee,Travel_Rarely,859,Research & Development,4,3,Life Sciences,1,4430,127885,1,Male,49,3,3,Manager,2,Married,11849,10268,1,Y,Yes,12,3,4,80,1,10,2,2,10,7,9,9,GlassDoor
32,Current employee,Travel_Rarely,859,Research & Development,4,3,Life Sciences,1,4431,127886,1,Male,49,3,3,Manager,2,Married,11849,10268,1,Y,Yes,12,3,4,80,1,10,2,2,10,7,9,9,GlassDoor
32,Current employee,Travel_Rarely,859,Research & Development,4,3,Life Sciences,1,4435,127890,1,Male,49,3,3,Manager,2,Married,11849,10268,1,Y,Yes,12,3,4,80,1,10,2,2,10,7,9,9,GlassDoor
32,Current employee,Travel_Rarely,859,Research & Development,4,3,Life Sciences,1,4436,127891,1,Male,49,3,3,Manager,2,Married,11849,10268,1,Y,Yes,12,3,4,80,1,10,2,2,10,7,9,9,GlassDoor
32,Current employee,Travel_Rarely,859,Research & Development,4,3,Life Sciences,1,4438,127893,1,Male,49,3,3,Manager,2,Married,11849,10268,1,Y,Yes,12,3,4,80,1,10,2,2,10,7,9,9,GlassDoor
32,Current employee,Travel_Rarely,859,Research & Development,4,3,Life Sciences,1,4439,127894,1,Male,49,3,3,Manager,2,Married,11849,10268,1,Y,Yes,12,3,4,80,1,10,2,2,10,7,9,9,GlassDoor
32,Current employee,Travel_Rarely,117,Sales,13,4,Life Sciences,1,4539,127994,1,Female,49,3,2,Manufacturing Director,2,Divorced,6397,26767,1,Y,No,20,3,1,80,1,6,6,1,6,5,1,4,Jora
32,Current employee,Travel_Rarely,117,Sales,13,4,Medical,1,4541,127996,1,Female,49,3,2,Manufacturing Director,2,Divorced,6397,26767,1,Y,No,20,3,1,80,1,6,6,1,6,5,1,4,Jora
32,Current employee,Travel_Rarely,117,Sales,13,4,Life Sciences,1,4544,127999,1,Female,49,3,2,Manufacturing Director,2,Divorced,6397,26767,1,Y,No,20,4,1,80,1,6,6,1,6,5,1,4,Jora
32,Current employee,Travel_Rarely,117,Sales,13,4,Medical,1,4545,128000,1,Female,49,3,2,Manufacturing Director,2,Divorced,6397,26767,1,Y,No,20,4,1,80,1,6,6,1,6,5,1,4,Jora
32,Current employee,Travel_Rarely,117,Sales,13,4,Life Sciences,1,4547,128002,1,Female,49,3,2,Manufacturing Director,2,Divorced,6397,26767,1,Y,No,20,3,1,80,1,6,6,1,6,5,1,4,Jora
32,Current employee,Travel_Rarely,117,Sales,13,4,Medical,1,4549,128004,1,Female,49,3,2,Manufacturing Director,2,Divorced,6397,26767,1,Y,No,20,3,1,80,1,6,6,1,6,5,1,4,Jora
32,Current employee,Travel_Rarely,117,Sales,13,4,Life Sciences,1,4552,128007,1,Female,49,3,2,Manufacturing Director,2,Divorced,6397,26767,1,Y,No,20,4,1,80,1,6,6,1,6,5,1,4,Jora
32,Current employee,Travel_Rarely,117,Sales,13,4,Medical,1,4553,128008,1,Female,49,3,2,Manufacturing Director,2,Divorced,6397,26767,1,Y,No,20,4,1,80,1,6,6,1,6,5,1,4,Jora
32,Current employee,Non-Travel,300,Research & Development,1,3,Life Sciences,1,4657,128112,2,Female,49,3,1,Research Scientist,4,Single,2115,15881,1,Y,No,12,3,2,80,0,17,3,3,17,12,5,7,Seek
32,Current employee,Non-Travel,300,Research & Development,1,3,Life Sciences,1,4659,128114,2,Female,49,3,1,Research Scientist,4,Single,2115,15881,2,Y,No,12,3,2,80,0,17,3,3,17,12,5,7,Seek
32,Current employee,Non-Travel,300,Research & Development,1,3,Life Sciences,1,4660,128115,2,Female,49,3,1,Research Scientist,4,Single,2115,15881,1,Y,No,12,3,2,80,0,17,3,3,17,12,5,7,Seek
32,Current employee,Non-Travel,300,Research & Development,1,3,Life Sciences,1,4661,128116,2,Female,49,3,1,Research Scientist,4,Single,2115,15881,2,Y,No,12,3,2,80,0,17,3,3,17,12,5,7,Seek
32,Current employee,Non-Travel,300,Research & Development,1,3,Life Sciences,1,4665,128120,2,Female,49,3,1,Research Scientist,4,Single,2115,15881,1,Y,No,12,3,2,80,0,17,3,3,17,12,5,7,Seek
32,Current employee,Non-Travel,300,Research & Development,1,3,Life Sciences,1,4667,128122,2,Female,49,3,1,Research Scientist,4,Single,2115,15881,2,Y,No,12,3,2,80,0,17,3,3,17,12,5,7,Seek
32,Current employee,Non-Travel,300,Research & Development,1,3,Life Sciences,1,4668,128123,2,Female,49,3,1,Research Scientist,4,Single,2115,15881,1,Y,No,12,3,2,80,0,17,3,3,17,12,5,7,Seek
32,Current employee,Non-Travel,300,Research & Development,1,3,Life Sciences,1,4669,128124,2,Female,49,3,1,Research Scientist,4,Single,2115,15881,2,Y,No,12,3,2,80,0,17,3,3,17,12,5,7,Seek
32,Current employee,Travel_Frequently,379,Sales,5,2,Life Sciences,1,4689,128144,2,Male,49,3,2,Healthcare Representative,4,Divorced,5745,18899,9,Y,No,14,3,2,80,1,10,2,3,2,2,1,2,LinkedIn
32,Current employee,Travel_Frequently,379,Sales,5,2,Life Sciences,1,4690,128145,2,Male,49,3,2,Healthcare Representative,4,Divorced,5745,18899,0,Y,No,14,3,2,80,1,10,2,3,2,2,1,2,LinkedIn
32,Current employee,Travel_Frequently,379,Sales,5,2,Life Sciences,1,4692,128147,2,Male,49,3,2,Healthcare Representative,4,Divorced,5745,18899,9,Y,No,14,3,2,80,1,10,2,3,2,2,1,2,LinkedIn
32,Current employee,Travel_Frequently,379,Sales,5,2,Life Sciences,1,4693,128148,2,Male,49,3,2,Healthcare Representative,4,Divorced,5745,18899,0,Y,No,14,3,2,80,1,10,2,3,2,2,1,2,LinkedIn
32,Current employee,Travel_Frequently,379,Sales,5,2,Life Sciences,1,4697,128152,2,Male,49,3,2,Healthcare Representative,4,Divorced,5745,18899,9,Y,No,14,3,2,80,1,10,2,3,2,2,1,2,LinkedIn
32,Current employee,Travel_Frequently,379,Sales,5,2,Life Sciences,1,4698,128153,2,Male,49,3,2,Healthcare Representative,4,Divorced,5745,18899,0,Y,No,14,3,2,80,1,10,2,3,2,2,1,2,LinkedIn
32,Current employee,Travel_Frequently,379,Sales,5,2,Life Sciences,1,4700,128155,2,Male,49,3,2,Healthcare Representative,4,Divorced,5745,18899,9,Y,No,14,3,2,80,1,10,2,3,2,2,1,2,LinkedIn
32,Current employee,Travel_Frequently,379,Sales,5,2,Life Sciences,1,4701,128156,2,Male,49,3,2,Healthcare Representative,4,Divorced,5745,18899,0,Y,No,14,3,2,80,1,10,2,3,2,2,,2,LinkedIn
32,Current employee,Travel_Rarely,906,Sales,7,3,Life Sciences,1,4977,128432,4,Male,91,2,2,Sales Executive,3,Married,5484,16985,1,Y,No,14,3,3,80,1,13,3,2,13,8,4,8,Recruit.net
32,Current employee,Non-Travel,1184,Research & Development,1,3,Life Sciences,1,4978,128433,2,Male,51,2,2,Sales Executive,3,Married,5484,16985,1,Y,No,14,3,3,80,1,13,3,2,13,8,4,8,Recruit.net
32,Current employee,Non-Travel,1184,Research & Development,1,3,Life Sciences,1,4979,128434,2,Male,51,2,2,Sales Executive,3,Married,5484,16985,4,Y,No,14,3,3,80,1,13,3,2,13,8,4,8,Recruit.net
32,Current employee,Travel_Rarely,906,Sales,7,3,Marketing,1,4980,128435,4,Male,91,2,2,Sales Executive,3,Married,5484,16985,5,Y,No,14,4,3,80,1,13,3,2,13,8,4,8,Recruit.net
32,Current employee,Travel_Rarely,906,Sales,7,3,Life Sciences,1,4981,128436,4,Male,91,2,2,Sales Executive,3,Married,5484,16985,1,Y,No,14,3,3,80,1,13,3,2,13,8,4,8,Recruit.net
32,Current employee,Non-Travel,1184,Research & Development,1,3,Life Sciences,1,4982,128437,2,Male,51,2,2,Sales Executive,3,Married,5484,16985,1,Y,No,14,3,3,80,1,13,3,2,13,8,4,8,Recruit.net
32,Current employee,Non-Travel,1184,Research & Development,1,3,Life Sciences,1,4983,128438,2,Male,51,2,2,Sales Executive,3,Married,5484,16985,4,Y,No,14,3,3,80,1,13,3,2,13,8,4,8,Recruit.net
32,Current employee,Travel_Rarely,906,Sales,7,3,Marketing,1,4984,128439,4,Male,91,2,2,Sales Executive,3,Married,5484,16985,5,Y,No,14,3,3,80,1,13,3,2,13,8,4,8,Recruit.net
32,Current employee,Travel_Rarely,906,Sales,7,3,Life Sciences,1,4985,128440,4,Male,91,2,2,Sales Executive,3,Married,5484,16985,1,Y,No,14,3,3,80,1,13,3,2,13,8,4,8,Recruit.net
32,Current employee,Non-Travel,1184,Research & Development,1,3,Life Sciences,1,4986,128441,2,Male,51,2,2,Sales Executive,3,Married,5484,16985,1,Y,No,14,3,3,80,1,13,3,2,13,8,4,8,Recruit.net
32,Current employee,Non-Travel,1184,Research & Development,1,3,Life Sciences,1,4987,128442,2,Male,51,2,2,Sales Executive,3,Married,5484,16985,4,Y,No,14,3,3,80,1,13,3,2,13,8,4,8,Recruit.net
32,Current employee,Travel_Rarely,906,Sales,7,3,Marketing,1,4988,128443,4,Male,91,2,2,Sales Executive,3,Married,5484,16985,5,Y,No,14,4,3,80,1,13,3,2,13,8,4,8,Recruit.net
32,Current employee,Travel_Rarely,906,Sales,7,3,Life Sciences,1,4989,128444,4,Male,91,2,2,Sales Executive,3,Married,5484,16985,1,Y,No,14,3,3,80,1,13,3,2,13,8,4,8,Recruit.net
32,Current employee,Non-Travel,1184,Research & Development,1,3,Life Sciences,1,4990,128445,2,Male,51,2,2,Sales Executive,3,Married,5484,16985,1,Y,No,14,3,3,80,1,13,3,2,13,8,4,8,Recruit.net
32,Current employee,Non-Travel,1184,Research & Development,1,3,Life Sciences,1,4991,128446,2,Male,51,2,2,Sales Executive,3,Married,5484,16985,4,Y,No,14,3,3,80,1,13,3,2,13,8,4,8,Recruit.net
32,Current employee,Travel_Rarely,906,Sales,7,3,Marketing,1,4992,128447,4,Male,91,2,2,Sales Executive,3,Married,5484,16985,5,Y,No,14,3,3,80,1,13,3,2,13,8,4,8,Recruit.net
32,Current employee,Travel_Rarely,588,Sales,8,2,Technical Degree,1,5183,128638,3,Female,65,2,2,Sales Executive,2,Married,5228,24624,1,Y,Yes,11,4,4,80,0,13,2,3,13,12,11,9,GlassDoor
32,Current employee,Travel_Rarely,588,Sales,8,2,Marketing,1,5186,128641,3,Female,65,2,2,Sales Executive,2,Married,5228,24624,6,Y,Yes,11,3,4,80,0,13,2,3,13,12,11,9,GlassDoor
32,Current employee,Travel_Rarely,588,Sales,8,2,Technical Degree,1,5187,128642,3,Female,65,2,2,Sales Executive,2,Married,5228,24624,1,Y,Yes,11,3,4,80,0,13,2,3,13,12,11,9,GlassDoor
32,Current employee,Travel_Rarely,588,Sales,8,2,Marketing,1,5188,128643,3,Female,65,2,2,Sales Executive,2,Married,5228,24624,6,Y,Yes,11,3,4,80,0,13,2,3,13,12,11,9,GlassDoor
32,Current employee,Travel_Rarely,588,Sales,8,2,Technical Degree,1,5191,128646,3,Female,65,2,2,Sales Executive,2,Married,5228,24624,1,Y,Yes,11,4,4,80,0,13,2,3,13,12,11,9,GlassDoor
32,Current employee,Travel_Rarely,588,Sales,8,2,Marketing,1,5194,128649,3,Female,65,2,2,Sales Executive,2,Married,5228,24624,6,Y,Yes,11,3,4,80,0,13,2,3,13,12,11,9,GlassDoor
32,Current employee,Travel_Rarely,588,Sales,8,2,Technical Degree,1,5195,128650,3,Female,65,2,2,Sales Executive,2,Married,5228,24624,1,Y,Yes,11,3,4,80,0,13,2,3,13,12,11,9,GlassDoor
32,Current employee,Travel_Rarely,588,Sales,8,2,Marketing,1,5196,128651,3,Female,65,2,2,Sales Executive,2,Married,5228,24624,6,Y,Yes,11,3,4,80,0,13,2,3,13,12,11,9,GlassDoor
32,Current employee,Travel_Rarely,1018,Research & Development,2,4,Medical,1,5230,128685,1,Female,74,4,2,Research Scientist,4,Single,5055,10557,7,Y,No,16,3,3,80,0,10,0,2,7,7,0,7,Jora
32,Current employee,Travel_Rarely,1018,Research & Development,2,4,Life Sciences,1,5233,128688,1,Female,74,4,2,Research Scientist,4,Single,5055,10557,2,Y,No,16,3,3,80,0,10,0,2,,7,0,7,Jora
32,Current employee,Travel_Rarely,1018,Research & Development,2,4,Medical,1,5236,128691,1,Female,74,4,2,Research Scientist,4,Single,5055,10557,7,Y,No,16,3,3,80,0,10,0,2,7,7,0,7,Jora
32,Current employee,Travel_Rarely,1018,Research & Development,2,4,Life Sciences,1,5237,128692,1,Female,74,4,2,Research Scientist,4,Single,5055,10557,2,Y,No,16,3,3,80,0,10,0,2,7,7,0,7,Jora
32,Current employee,Travel_Rarely,1018,Research & Development,2,4,Medical,1,5238,128693,1,Female,74,4,2,Research Scientist,4,Single,5055,10557,7,Y,No,16,3,3,80,0,10,0,2,7,7,0,7,Jora
32,Current employee,Travel_Rarely,1018,Research & Development,2,4,Life Sciences,1,5241,128696,1,Female,74,4,2,Research Scientist,4,Single,5055,10557,2,Y,No,16,3,3,80,0,10,0,2,7,7,0,7,Jora
32,Current employee,Travel_Rarely,1018,Research & Development,2,4,Medical,1,5244,128699,1,Female,74,4,2,Research Scientist,4,Single,5055,10557,7,Y,No,16,3,3,80,0,10,0,2,7,7,0,7,Jora
32,Current employee,Travel_Rarely,1018,Research & Development,2,4,Life Sciences,1,5245,128700,1,Female,74,4,2,Research Scientist,4,Single,5055,10557,2,Y,No,16,3,3,80,0,10,0,2,7,7,0,7,Jora
32,Current employee,Travel_Rarely,1062,Research & Development,2,3,Medical,1,5686,129141,3,Female,75,3,1,Laboratory Technician,2,Married,2370,3956,1,Y,No,13,3,3,80,1,8,4,3,8,0,0,7,Seek
32,Current employee,Travel_Rarely,1062,Research & Development,2,3,Life Sciences,1,5688,129143,3,Female,75,3,1,Laboratory Technician,2,Married,2370,3956,1,Y,No,13,3,3,80,1,8,4,3,8,0,0,7,Seek
32,Current employee,Travel_Rarely,1062,Research & Development,2,3,Medical,1,5690,129145,3,Female,75,3,1,Laboratory Technician,2,Married,2370,3956,1,Y,No,13,3,3,80,1,8,4,3,8,0,0,7,Seek
32,Current employee,Travel_Rarely,1062,Research & Development,2,3,Life Sciences,1,5691,129146,3,Female,75,3,1,Laboratory Technician,2,Married,2370,3956,1,Y,No,13,3,3,80,1,8,4,3,8,0,0,7,Seek
32,Current employee,Travel_Rarely,1062,Research & Development,2,3,Medical,1,5694,129149,3,Female,75,3,1,Laboratory Technician,2,Married,2370,3956,1,Y,No,13,3,3,80,1,8,4,3,8,0,0,7,Seek
32,Current employee,Travel_Rarely,1062,Research & Development,2,3,Life Sciences,1,5696,129151,3,Female,75,3,1,Laboratory Technician,2,Married,2370,3956,1,Y,No,13,3,3,80,1,8,4,3,8,0,0,7,Seek
32,Current employee,Travel_Rarely,1062,Research & Development,2,3,Medical,1,5698,129153,3,Female,75,3,1,Laboratory Technician,2,Married,2370,3956,1,Y,No,13,3,3,80,1,8,4,3,8,0,0,7,Seek
32,Current employee,Travel_Rarely,1062,Research & Development,2,3,Life Sciences,1,5699,129154,3,Female,75,3,1,Laboratory Technician,2,Married,2370,3956,1,Y,No,13,3,3,80,1,8,4,3,8,0,,7,Seek
32,Current employee,Non-Travel,862,Sales,2,1,Life Sciences,1,6020,129475,2,Male,54,2,2,Healthcare Representative,2,Single,6540,19394,9,Y,No,19,4,3,80,0,10,5,3,1,1,0,0,Recruit.net
32,Current employee,Non-Travel,862,Sales,2,1,Life Sciences,1,6021,129476,2,Male,54,2,2,Healthcare Representative,2,Single,6540,19394,0,Y,No,19,3,3,80,0,10,5,3,1,1,0,0,Recruit.net
32,Current employee,Non-Travel,862,Sales,2,1,Life Sciences,1,6023,129478,2,Male,54,2,2,Healthcare Representative,2,Single,6540,19394,9,Y,No,19,3,3,80,0,10,5,3,1,1,0,0,Recruit.net
32,Current employee,Non-Travel,862,Sales,2,1,Life Sciences,1,6024,129479,2,Male,54,2,2,Healthcare Representative,2,Single,6540,19394,0,Y,No,19,3,3,80,0,10,5,3,1,1,0,0,Recruit.net
32,Current employee,Non-Travel,862,Sales,2,1,Life Sciences,1,6028,129483,2,Male,54,2,2,Healthcare Representative,2,Single,6540,19394,9,Y,No,19,4,3,80,0,10,5,3,1,1,0,0,Recruit.net
32,Current employee,Non-Travel,862,Sales,2,1,Life Sciences,1,6029,129484,2,Male,54,2,2,Healthcare Representative,2,Single,6540,19394,0,Y,No,19,3,3,80,0,10,5,3,1,1,0,0,Recruit.net
32,Current employee,Non-Travel,862,Sales,2,1,Life Sciences,1,6031,129486,2,Male,54,2,2,Healthcare Representative,2,Single,6540,19394,9,Y,No,19,3,3,80,0,10,5,3,1,1,0,0,Recruit.net
32,Current employee,Non-Travel,862,Sales,2,1,Life Sciences,1,6032,129487,2,Male,54,2,2,Healthcare Representative,2,Single,6540,19394,0,Y,No,19,3,3,80,0,10,5,3,1,1,,0,Recruit.net
32,Current employee,Travel_Frequently,1316,Research & Development,2,2,Life Sciences,1,6264,129719,2,Female,54,3,2,Sales Executive,2,Divorced,5715,22553,7,Y,No,12,3,3,80,2,8,5,3,5,4,1,3,Recruit.net
32,Current employee,Travel_Frequently,1316,Research & Development,2,2,Life Sciences,1,6266,129721,2,Female,54,3,2,Sales Executive,2,Divorced,5715,22553,4,Y,No,12,3,3,80,2,8,5,3,5,4,1,3,Recruit.net
32,Current employee,Travel_Frequently,1316,Research & Development,2,2,Life Sciences,1,6267,129722,2,Female,54,3,2,Sales Executive,2,Divorced,5715,22553,7,Y,No,12,3,3,80,2,8,5,3,5,4,1,3,Recruit.net
32,Current employee,Travel_Frequently,1316,Research & Development,2,2,Life Sciences,1,6268,129723,2,Female,54,3,2,Sales Executive,2,Divorced,5715,22553,4,Y,No,12,3,3,80,2,8,5,3,5,4,1,3,Recruit.net
32,Current employee,Travel_Frequently,1316,Research & Development,2,2,Life Sciences,1,6272,129727,2,Female,54,3,2,Sales Executive,2,Divorced,5715,22553,7,Y,No,12,3,3,80,2,8,5,3,5,4,1,3,Recruit.net
32,Current employee,Travel_Frequently,1316,Research & Development,2,2,Life Sciences,1,6274,129729,2,Female,54,3,2,Sales Executive,2,Divorced,5715,22553,4,Y,No,12,3,3,80,2,8,5,3,5,4,1,3,Recruit.net
32,Current employee,Travel_Frequently,1316,Research & Development,2,2,Life Sciences,1,6275,129730,2,Female,54,3,2,Sales Executive,2,Divorced,5715,22553,7,Y,No,12,3,3,80,2,8,5,3,5,4,1,3,Recruit.net
32,Current employee,Travel_Frequently,1316,Research & Development,2,2,Life Sciences,1,6276,129731,2,Female,54,3,2,Sales Executive,2,Divorced,5715,22553,4,Y,No,12,3,3,80,2,8,5,3,5,4,1,3,Recruit.net
32,Current employee,Travel_Rarely,824,Research & Development,5,2,Life Sciences,1,7775,131230,2,Female,58,2,1,Research Scientist,3,Divorced,2187,5013,0,Y,No,12,3,3,80,2,6,5,2,5,3,0,3,Recruit.net
32,Current employee,Travel_Rarely,824,Research & Development,5,2,Life Sciences,1,7776,131231,2,Female,58,2,1,Research Scientist,3,Divorced,2187,5013,3,Y,No,12,3,3,80,2,6,5,2,5,3,0,3,Recruit.net
32,Current employee,Travel_Rarely,824,Research & Development,5,2,Life Sciences,1,7780,131235,2,Female,58,2,1,Research Scientist,3,Divorced,2187,5013,0,Y,No,12,3,3,80,2,6,5,2,5,3,0,3,Recruit.net
32,Current employee,Travel_Rarely,824,Research & Development,5,2,Life Sciences,1,7781,131236,2,Female,58,2,1,Research Scientist,3,Divorced,2187,5013,3,Y,No,12,3,3,80,2,6,5,2,5,3,0,3,Recruit.net
32,Current employee,Travel_Rarely,824,Research & Development,5,2,Life Sciences,1,7782,131237,2,Female,58,2,1,Research Scientist,3,Divorced,2187,5013,0,Y,No,12,3,3,80,2,6,5,2,5,3,0,3,Recruit.net
32,Current employee,Travel_Rarely,824,Research & Development,5,2,Life Sciences,1,7783,131238,2,Female,58,2,1,Research Scientist,3,Divorced,2187,5013,3,Y,No,12,3,3,80,2,6,5,2,5,3,0,3,Recruit.net
32,Current employee,Travel_Rarely,824,Research & Development,5,2,Life Sciences,1,7787,131242,2,Female,58,2,1,Research Scientist,3,Divorced,2187,5013,0,Y,No,12,3,3,80,2,6,5,2,5,3,0,3,Recruit.net
32,Current employee,Travel_Rarely,824,Research & Development,5,2,Life Sciences,1,7788,131243,2,Female,58,2,1,Research Scientist,3,Divorced,2693,23428,1,Y,No,19,3,1,80,0,1,3,2,1,0,0,0,Company Website
32,Current employee,Travel_Rarely,646,Research & Development,9,4,Life Sciences,1,8007,131462,1,Female,92,3,2,Research Scientist,4,Married,6322,18089,1,Y,Yes,12,3,4,80,1,6,2,2,6,4,0,5,Indeed
32,Current employee,Travel_Rarely,646,Research & Development,9,4,Medical,1,8009,131464,1,Female,92,3,2,Research Scientist,4,Married,6322,18089,3,Y,Yes,12,4,4,80,1,6,2,2,6,4,0,5,Indeed
32,Current employee,Travel_Rarely,646,Research & Development,9,4,Life Sciences,1,8011,131466,1,Female,92,3,2,Research Scientist,4,Married,6322,18089,1,Y,Yes,12,3,4,80,1,6,2,2,6,4,0,5,Indeed
32,Current employee,Travel_Rarely,646,Research & Development,9,4,Medical,1,8012,131467,1,Female,92,3,2,Research Scientist,4,Married,6322,18089,3,Y,Yes,12,3,4,80,1,6,2,2,6,4,0,5,Indeed
32,Current employee,Travel_Rarely,646,Research & Development,9,4,Life Sciences,1,8015,131470,1,Female,92,3,2,Research Scientist,4,Married,6322,18089,1,Y,Yes,12,3,4,80,1,6,2,2,6,4,0,5,Indeed
32,Current employee,Travel_Rarely,646,Research & Development,9,4,Medical,1,8017,131472,1,Female,92,3,2,Research Scientist,4,Married,6322,18089,3,Y,Yes,12,4,4,80,1,6,2,2,6,4,0,5,Indeed
32,Current employee,Travel_Rarely,646,Research & Development,9,4,Life Sciences,1,8019,131474,1,Female,92,3,2,Research Scientist,4,Married,6322,18089,1,Y,Yes,12,3,4,80,1,6,2,2,6,4,0,5,Indeed
32,Current employee,Travel_Rarely,646,Research & Development,9,4,Medical,1,8020,131475,1,Female,92,3,2,Research Scientist,4,Married,1859,23577,1,Y,Yes,25,4,2,80,0,1,2,4,1,1,0,0,Seek
32,Current employee,Travel_Rarely,929,Sales,10,3,Marketing,1,8440,131895,4,Male,55,3,2,Sales Executive,4,Single,5396,21703,1,Y,No,12,3,4,80,0,10,2,2,10,7,0,8,Recruit.net
32,Current employee,Travel_Rarely,929,Sales,10,3,Medical,1,8442,131897,4,Male,55,3,2,Sales Executive,4,Single,5396,21703,6,Y,No,12,3,4,80,0,10,2,2,10,7,0,8,Recruit.net
32,Current employee,Travel_Rarely,929,Sales,10,3,Marketing,1,8444,131899,4,Male,55,3,2,Sales Executive,4,Single,5396,21703,1,Y,No,12,3,4,80,0,10,2,2,10,7,0,8,Recruit.net
32,Current employee,Travel_Rarely,929,Sales,10,3,Medical,1,8445,131900,4,Male,55,3,2,Sales Executive,4,Single,5396,21703,6,Y,No,12,3,4,80,0,10,2,2,10,7,0,8,Recruit.net
32,Current employee,Travel_Rarely,929,Sales,10,3,Marketing,1,8448,131903,4,Male,55,3,2,Sales Executive,4,Single,5396,21703,1,Y,No,12,3,4,80,0,10,2,2,10,7,0,8,Recruit.net
32,Current employee,Travel_Rarely,929,Sales,10,3,Marketing,1,8449,131904,4,Male,55,3,2,Sales Executive,4,Single,5396,21703,9,Y,No,14,3,2,80,1,4,2,3,2,2,2,2,Company Website
32,Current employee,Travel_Rarely,929,Sales,10,3,Marketing,1,8450,131905,4,Male,55,3,2,Sales Executive,4,Single,5396,21703,1,Y,No,15,4,2,80,0,27,5,1,26,0,0,12,GlassDoor
32,Current employee,Travel_Rarely,929,Sales,10,3,Medical,1,8452,131907,4,Male,55,3,2,Sales Executive,4,Single,5396,21703,6,Y,No,12,3,4,80,0,10,2,2,10,7,0,8,Recruit.net
32,Current employee,Travel_Rarely,929,Sales,10,3,Marketing,1,8454,131909,4,Male,55,3,2,Sales Executive,4,Single,5396,21703,1,Y,No,12,3,4,80,0,10,2,2,10,7,0,8,Recruit.net
32,Current employee,Travel_Rarely,929,Sales,10,3,Medical,1,8455,131910,4,Male,55,3,2,Sales Executive,4,Single,5396,21703,6,Y,No,12,3,4,80,0,10,2,2,10,7,0,8,Recruit.net
32,Current employee,Travel_Rarely,1018,Research & Development,3,2,Life Sciences,1,8512,131967,3,Female,39,3,3,Research Director,4,Single,11159,19373,3,Y,No,15,4,4,80,0,10,6,3,7,7,7,7,Indeed
32,Current employee,Travel_Rarely,1018,Research & Development,3,2,Life Sciences,1,8514,131969,3,Female,39,3,3,Research Director,4,Single,11159,19373,2,Y,No,15,3,4,80,0,10,6,3,7,7,7,7,Indeed
32,Current employee,Travel_Rarely,1018,Research & Development,3,2,Life Sciences,1,8516,131971,3,Female,39,3,3,Research Director,4,Single,11159,19373,3,Y,No,15,3,4,80,0,10,6,3,7,7,7,7,Indeed
32,Current employee,Travel_Rarely,1018,Research & Development,3,2,Life Sciences,1,8517,131972,3,Female,39,3,3,Research Director,4,Single,11159,19373,2,Y,No,15,3,4,80,0,10,6,3,7,7,7,7,Indeed
32,Current employee,Travel_Rarely,1018,Research & Development,3,2,Life Sciences,1,8520,131975,3,Female,39,3,3,Research Director,4,Single,11159,19373,3,Y,No,15,4,4,80,0,10,6,3,7,7,7,7,Indeed
32,Current employee,Travel_Rarely,1018,Research & Development,3,2,Life Sciences,1,8521,131976,3,Female,39,3,3,Research Director,4,Single,11159,19373,3,Y,Yes,18,4,4,80,1,22,2,3,12,11,1,5,GlassDoor
32,Current employee,Travel_Rarely,1018,Research & Development,3,2,Life Sciences,1,8522,131977,3,Female,39,3,3,Research Director,4,Single,11159,19373,3,Y,No,17,4,4,80,2,6,3,3,3,2,0,2,GlassDoor
32,Current employee,Travel_Rarely,1018,Research & Development,3,2,Life Sciences,1,8524,131979,3,Female,39,3,3,Research Director,4,Single,11159,19373,2,Y,No,15,3,4,80,0,10,6,3,7,7,7,7,Indeed
32,Current employee,Travel_Rarely,1018,Research & Development,3,2,Life Sciences,1,8526,131981,3,Female,39,3,3,Research Director,4,Single,11159,19373,3,Y,No,15,3,4,80,0,10,6,3,7,7,7,7,Indeed
32,Current employee,Travel_Rarely,1018,Research & Development,3,2,Life Sciences,1,8527,131982,3,Female,39,3,3,Research Director,4,Single,11159,19373,2,Y,No,15,3,4,80,0,10,6,3,7,7,7,7,Indeed
32,Current employee,Travel_Frequently,585,Research & Development,10,3,Life Sciences,1,8620,132075,2,Male,60,3,3,Manufacturing Director,1,Divorced,8793,4809,1,Y,No,21,3,3,80,2,9,4,2,9,7,1,7,Adzuna
32,Current employee,Travel_Frequently,585,Research & Development,10,3,Medical,1,8622,132077,2,Male,60,3,3,Manufacturing Director,1,Divorced,8793,4809,1,Y,No,21,3,3,80,2,9,4,2,9,7,1,7,Adzuna
32,Current employee,Travel_Frequently,585,Research & Development,10,3,Life Sciences,1,8625,132080,2,Male,60,3,3,Manufacturing Director,1,Divorced,8793,4809,1,Y,No,21,4,3,80,2,9,4,2,9,7,1,7,Adzuna
32,Current employee,Travel_Frequently,585,Research & Development,10,3,Medical,1,8626,132081,2,Male,60,3,3,Manufacturing Director,1,Divorced,8793,4809,1,Y,No,21,4,3,80,2,9,4,2,9,7,1,7,Adzuna
32,Current employee,Travel_Frequently,585,Research & Development,10,3,Life Sciences,1,8630,132085,2,Male,60,3,3,Manufacturing Director,1,Divorced,8793,4809,1,Y,No,21,3,3,80,2,9,4,2,9,7,1,7,Adzuna
32,Current employee,Travel_Frequently,585,Research & Development,10,3,Medical,1,8632,132087,2,Male,60,3,3,Manufacturing Director,1,Divorced,8793,4809,1,Y,No,21,3,3,80,2,9,4,2,9,7,1,7,Adzuna
32,Current employee,Travel_Frequently,585,Research & Development,10,3,Life Sciences,1,8635,132090,2,Male,60,3,3,Manufacturing Director,1,Divorced,8793,4809,1,Y,No,21,4,3,80,2,9,4,2,9,7,1,7,Adzuna
32,Current employee,Travel_Frequently,585,Research & Development,10,3,Medical,1,8636,132091,2,Male,60,3,3,Manufacturing Director,1,Divorced,8793,4809,1,Y,No,21,4,3,80,2,9,4,2,9,7,1,7,Adzuna
32,Current employee,Travel_Rarely,371,Sales,19,3,Life Sciences,1,8776,132231,2,Male,61,3,1,Sales Representative,3,Single,2642,2755,1,Y,No,11,3,3,80,0,1,6,3,1,0,0,0,Company Website
32,Current employee,Travel_Rarely,371,Sales,19,3,Medical,1,8778,132233,2,Male,61,3,1,Sales Representative,3,Single,2642,2755,9,Y,No,11,3,3,80,0,1,6,3,1,0,0,0,Company Website
32,Current employee,Travel_Rarely,371,Sales,19,3,Life Sciences,1,8781,132236,2,Male,61,3,1,Sales Representative,3,Single,2642,2755,1,Y,No,11,3,3,80,0,1,6,3,1,0,0,0,Company Website
32,Current employee,Travel_Rarely,371,Sales,19,3,Medical,1,8782,132237,2,Male,61,3,1,Sales Representative,3,Single,2642,2755,9,Y,No,11,3,3,80,0,1,6,3,1,0,0,0,Company Website
32,Current employee,Travel_Rarely,371,Sales,19,3,Life Sciences,1,8784,132239,2,Male,61,3,1,Sales Representative,3,Single,2642,2755,1,Y,No,11,3,3,80,0,1,6,3,1,0,0,0,Company Website
32,Current employee,Travel_Rarely,371,Sales,19,3,Medical,1,8786,132241,2,Male,61,3,1,Sales Representative,3,Single,2642,2755,9,Y,No,11,3,3,80,0,1,6,3,1,0,0,0,Company Website
32,Current employee,Travel_Rarely,371,Sales,19,3,Life Sciences,1,8789,132244,2,Male,61,3,1,Sales Representative,3,Single,2642,2755,1,Y,No,11,3,3,80,0,1,6,3,1,0,0,0,Company Website
32,Current employee,Travel_Rarely,371,Sales,19,3,Medical,1,8790,132245,2,Male,61,3,1,Sales Representative,3,Single,2642,2755,9,Y,No,11,3,3,80,0,1,6,3,1,0,0,0,Company Website
32,Current employee,Travel_Frequently,430,Research & Development,24,4,Life Sciences,1,8964,132419,1,Male,80,3,2,Laboratory Technician,4,Married,5309,21146,1,Y,No,15,3,4,80,2,10,2,3,10,8,4,7,Company Website
32,Current employee,Travel_Frequently,430,Research & Development,24,4,Other,1,8967,132422,1,Male,80,3,2,Laboratory Technician,4,Married,5309,21146,1,Y,No,15,3,4,80,2,10,2,3,10,8,4,7,Company Website
32,Current employee,Travel_Frequently,430,Research & Development,24,4,Life Sciences,1,8970,132425,1,Male,80,3,2,Laboratory Technician,4,Married,5309,21146,1,Y,No,15,3,4,80,2,10,2,3,10,8,4,7,Company Website
32,Current employee,Travel_Frequently,430,Research & Development,24,4,Other,1,8971,132426,1,Male,80,3,2,Laboratory Technician,4,Married,5309,21146,1,Y,No,15,3,4,80,2,10,2,3,10,8,4,7,Company Website
32,Current employee,Travel_Frequently,430,Research & Development,24,4,Life Sciences,1,8972,132427,1,Male,80,3,2,Laboratory Technician,4,Married,5309,21146,1,Y,No,15,3,4,80,2,10,2,3,10,8,4,7,Company Website
32,Current employee,Travel_Frequently,430,Research & Development,24,4,Other,1,8975,132430,1,Male,80,3,2,Laboratory Technician,4,Married,5309,21146,1,Y,No,15,3,4,80,2,10,2,3,10,8,4,7,Company Website
32,Current employee,Travel_Frequently,430,Research & Development,24,4,Life Sciences,1,8978,132433,1,Male,80,3,2,Laboratory Technician,4,Married,5309,21146,1,Y,No,15,3,4,80,2,10,2,3,10,8,4,7,Company Website
32,Current employee,Travel_Frequently,430,,24,4,Other,1,8979,132434,1,Male,80,3,2,Laboratory Technician,4,Married,5309,21146,1,Y,No,15,3,4,80,2,10,2,,10,8,4,7,Company Website
32,Current employee,Travel_Rarely,859,Research & Development,4,3,Life Sciences,1,9636,133091,3,Female,98,2,2,Manufacturing Director,3,Married,6162,19124,1,Y,No,12,4,3,80,1,14,3,3,14,13,6,8,Company Website
32,Current employee,Travel_Rarely,859,Research & Development,4,3,Life Sciences,1,9638,133093,3,Female,98,2,2,Manufacturing Director,3,Married,6162,19124,1,Y,No,12,3,3,80,1,14,3,3,14,13,6,8,Company Website
32,Current employee,Travel_Rarely,859,Research & Development,4,3,Life Sciences,1,9640,133095,3,Female,98,2,2,Manufacturing Director,3,Married,6162,19124,1,Y,No,12,3,3,80,1,14,3,3,14,13,6,8,Company Website
32,Current employee,Travel_Rarely,859,Research & Development,4,3,Life Sciences,1,9641,133096,3,Female,98,2,2,Manufacturing Director,3,Married,6162,19124,1,Y,No,12,3,3,80,1,14,3,3,14,13,6,8,Company Website
32,Current employee,Travel_Rarely,859,Research & Development,4,3,Life Sciences,1,9644,133099,3,Female,98,2,2,Manufacturing Director,3,Married,6162,19124,1,Y,No,12,4,3,80,1,14,3,3,14,13,6,8,Company Website
32,Current employee,Travel_Rarely,859,Research & Development,4,3,Life Sciences,1,9646,133101,3,Female,98,2,2,Manufacturing Director,3,Married,6162,19124,1,Y,No,12,3,3,80,1,14,3,3,14,13,6,8,Company Website
32,Current employee,Travel_Rarely,859,Research & Development,4,3,Life Sciences,1,9648,133103,3,Female,98,2,2,Manufacturing Director,3,Married,6162,19124,1,Y,No,12,3,3,80,1,14,3,3,14,13,6,8,Company Website
32,Current employee,Travel_Rarely,859,Research & Development,4,3,Life Sciences,1,9649,133104,3,Female,98,2,2,Manufacturing Director,3,Married,6162,19124,1,Y,No,12,3,3,80,1,14,3,3,14,13,6,8,Company Website
32,Current employee,Travel_Rarely,1373,Research & Development,5,4,Life Sciences,1,9653,133108,3,Male,63,2,2,Laboratory Technician,3,Single,5094,11983,6,Y,No,14,4,4,80,0,10,6,3,1,0,0,0,Indeed
32,Current employee,Travel_Rarely,1373,Research & Development,5,4,Life Sciences,1,9654,133109,3,Male,63,2,2,Laboratory Technician,3,Single,5094,11983,1,Y,No,14,3,4,80,0,10,6,3,1,0,0,0,Indeed
32,Current employee,Travel_Rarely,1373,Research & Development,5,4,Life Sciences,1,9656,133111,3,Male,63,2,2,Laboratory Technician,3,Single,5094,11983,6,Y,No,14,3,4,80,0,10,6,3,1,0,0,0,Indeed
32,Current employee,Travel_Rarely,1373,Research & Development,5,4,Life Sciences,1,9657,133112,3,Male,63,2,2,Laboratory Technician,3,Single,5094,11983,1,Y,No,14,3,4,80,0,10,6,3,1,0,0,0,Indeed
32,Current employee,Travel_Rarely,1373,Research & Development,5,4,Life Sciences,1,9661,133116,3,Male,63,2,2,Laboratory Technician,3,Single,5094,11983,6,Y,No,14,4,4,80,0,10,6,3,1,0,0,0,Indeed
32,Current employee,Travel_Rarely,1373,Research & Development,5,4,Life Sciences,1,9662,133117,3,Male,63,2,2,Laboratory Technician,3,Single,5094,11983,1,Y,No,14,3,4,80,0,10,6,3,1,0,0,0,Indeed
32,Current employee,Travel_Rarely,1373,Research & Development,5,4,Life Sciences,1,9664,133119,3,Male,63,2,2,Laboratory Technician,3,Single,5094,11983,6,Y,No,14,3,4,80,0,10,6,3,1,0,0,0,Indeed
32,Current employee,Travel_Rarely,1373,Research & Development,5,,Life Sciences,1,9665,133120,3,Male,63,2,2,Laboratory Technician,3,Single,5094,11983,1,Y,No,14,3,4,80,0,10,6,3,1,0,0,0,Indeed
32,Current employee,Travel_Rarely,267,Research & Development,29,4,Life Sciences,1,9860,133315,3,Female,64,2,1,Research Scientist,3,Married,2366,20898,1,Y,Yes,14,3,1,80,1,8,2,3,8,7,1,7,Jora
32,Current employee,Travel_Rarely,267,Research & Development,29,4,Technical Degree,1,9862,133317,3,Female,64,2,1,Research Scientist,3,Married,2366,20898,4,Y,Yes,14,3,1,80,1,8,2,3,8,7,1,7,Jora
32,Current employee,Travel_Rarely,267,Research & Development,29,4,Life Sciences,1,9865,133320,3,Female,64,2,1,Research Scientist,3,Married,2366,20898,1,Y,Yes,14,3,1,80,1,8,2,3,8,7,1,7,Jora
32,Current employee,Travel_Rarely,267,Research & Development,29,4,Technical Degree,1,9866,133321,3,Female,64,2,1,Research Scientist,3,Married,2366,20898,4,Y,Yes,14,3,1,80,1,8,2,3,8,7,1,7,Jora
32,Current employee,Travel_Rarely,267,Research & Development,29,4,Life Sciences,1,9868,133323,3,Female,64,2,1,Research Scientist,3,Married,2366,20898,1,Y,Yes,14,3,1,80,1,8,2,3,8,7,1,7,Jora
32,Current employee,Travel_Rarely,267,Research & Development,29,4,Technical Degree,1,9870,133325,3,Female,64,2,1,Research Scientist,3,Married,2366,20898,4,Y,Yes,14,3,1,80,1,8,2,3,8,7,1,7,Jora
32,Current employee,Travel_Rarely,267,Research & Development,29,4,Life Sciences,1,9873,133328,3,Female,64,2,1,Research Scientist,3,Married,2366,20898,1,Y,Yes,14,3,1,80,1,8,2,3,8,7,1,7,Jora
32,Current employee,Travel_Rarely,267,Research & Development,29,4,Technical Degree,1,9874,133329,3,Female,64,2,1,Research Scientist,3,Married,2366,20898,4,Y,Yes,14,3,1,80,1,8,2,3,8,7,1,7,Jora
32,Current employee,Travel_Rarely,117,Sales,13,4,Life Sciences,1,9986,133441,2,Male,73,3,2,Sales Executive,4,Divorced,4403,9250,2,Y,No,11,3,3,80,1,8,3,2,5,2,0,3,GlassDoor
32,Current employee,Travel_Rarely,117,Sales,13,4,Medical,1,9989,133444,2,Male,73,3,2,Sales Executive,4,Divorced,4403,9250,7,Y,No,11,4,3,80,1,8,3,2,5,2,0,3,GlassDoor
32,Current employee,Travel_Rarely,117,Sales,13,4,Life Sciences,1,9990,133445,2,Male,73,3,2,Sales Executive,4,Divorced,4403,9250,2,Y,No,11,3,3,80,1,8,3,2,5,2,0,3,GlassDoor
32,Current employee,Travel_Rarely,117,Sales,13,4,Medical,1,9991,133446,2,Male,73,3,2,Sales Executive,4,Divorced,4403,9250,7,Y,No,11,3,3,80,1,8,3,2,5,2,0,3,GlassDoor
32,Current employee,Travel_Rarely,117,Sales,13,4,Life Sciences,1,9994,133449,2,Male,73,3,2,Sales Executive,4,Divorced,4403,9250,2,Y,No,11,3,3,80,1,8,3,2,5,2,0,3,GlassDoor
32,Current employee,Travel_Rarely,117,Sales,13,4,Medical,1,9997,133452,2,Male,73,3,2,Sales Executive,4,Divorced,4403,9250,7,Y,No,11,4,3,80,1,8,3,2,5,2,0,3,GlassDoor
32,Current employee,Travel_Rarely,117,Sales,13,4,Life Sciences,1,9998,133453,2,Male,73,3,2,Sales Executive,4,Divorced,4403,9250,2,Y,No,11,3,3,80,1,8,3,2,5,2,0,3,GlassDoor
32,Current employee,Travel_Rarely,117,Sales,13,4,Medical,1,9999,133454,2,Male,73,3,2,Sales Executive,4,Divorced,4403,9250,7,Y,No,11,3,3,80,1,8,3,2,5,2,0,3,GlassDoor
32,Current employee,Travel_Rarely,638,Research & Development,8,2,Medical,1,10048,133503,3,Female,91,4,2,Research Scientist,3,Married,5175,22162,5,Y,No,12,4,3,80,1,9,3,2,5,3,1,3,LinkedIn
32,Current employee,Travel_Rarely,638,Research & Development,8,2,Marketing,1,10050,133505,3,Female,91,4,2,Research Scientist,3,Married,5175,22162,3,Y,No,12,3,3,80,1,9,3,2,5,3,1,3,LinkedIn
32,Current employee,Travel_Rarely,638,Research & Development,8,2,Medical,1,10052,133507,3,Female,91,4,2,Research Scientist,3,Married,5175,22162,5,Y,No,12,3,3,80,1,9,3,2,5,3,1,3,LinkedIn
32,Current employee,Travel_Rarely,638,Research & Development,8,2,Marketing,1,10053,133508,3,Female,91,4,2,Research Scientist,3,Married,5175,22162,3,Y,No,12,3,3,80,1,9,3,2,5,3,1,3,LinkedIn
32,Current employee,Travel_Rarely,638,Research & Development,8,2,Medical,1,10056,133511,3,Female,91,4,2,Research Scientist,3,Married,5175,22162,5,Y,No,12,4,3,80,1,9,3,2,5,3,1,3,LinkedIn
32,Current employee,Travel_Rarely,638,Research & Development,8,2,Marketing,1,10058,133513,3,Female,91,4,2,Research Scientist,3,Married,5175,22162,3,Y,No,12,3,3,80,1,9,3,2,5,3,1,3,LinkedIn
32,Current employee,Travel_Rarely,638,Research & Development,8,2,Medical,1,10060,133515,3,Female,91,4,2,Research Scientist,3,Married,5175,22162,5,Y,No,12,3,3,80,1,9,3,2,5,3,1,3,LinkedIn
32,Current employee,Travel_Rarely,638,Research & Development,8,2,Marketing,1,10061,133516,3,Female,91,4,2,Research Scientist,3,Married,2011,23522,1,Y,No,13,3,4,80,1,10,5,3,10,5,7,7,Recruit.net
32,Current employee,Non-Travel,300,Research & Development,1,3,Life Sciences,1,10223,133678,4,Male,61,3,1,Laboratory Technician,4,Divorced,2314,9148,0,Y,No,12,3,2,80,1,4,2,3,3,0,0,2,Seek
32,Current employee,Non-Travel,300,Research & Development,1,3,Life Sciences,1,10225,133680,4,Male,61,3,1,Laboratory Technician,4,Divorced,2314,9148,0,Y,No,12,3,2,80,1,4,2,3,3,0,0,2,Seek
32,Current employee,Non-Travel,300,Research & Development,1,3,Life Sciences,1,10227,133682,4,Male,61,3,1,Laboratory Technician,4,Divorced,2314,9148,0,Y,No,12,3,2,80,1,4,2,3,3,0,0,2,Seek
32,Current employee,Non-Travel,300,Research & Development,1,3,Life Sciences,1,10228,133683,4,Male,61,3,1,Laboratory Technician,4,Divorced,2314,9148,0,Y,No,12,3,2,80,1,4,2,3,3,0,0,2,Seek
32,Current employee,Non-Travel,300,Research & Development,1,3,Life Sciences,1,10231,133686,4,Male,61,3,1,Laboratory Technician,4,Divorced,2314,9148,0,Y,No,12,3,2,80,1,4,2,3,3,0,0,2,Seek
32,Current employee,Non-Travel,300,Research & Development,1,3,Life Sciences,1,10233,133688,4,Male,61,3,1,Laboratory Technician,4,Divorced,2314,9148,0,Y,No,12,3,2,80,1,4,2,3,3,0,0,2,Seek
32,Current employee,Non-Travel,300,Research & Development,1,3,Life Sciences,1,10235,133690,4,Male,61,3,1,Laboratory Technician,4,Divorced,2314,9148,0,Y,No,12,3,2,80,1,4,2,3,3,0,0,2,Seek
32,Current employee,Non-Travel,300,Research & Development,1,3,,1,10236,133691,4,Male,61,3,1,Laboratory Technician,4,Divorced,2314,9148,0,Y,No,12,3,2,80,1,4,2,3,3,0,0,2,Seek
32,Current employee,Travel_Frequently,379,Sales,5,2,Life Sciences,1,10287,133742,2,Male,48,3,2,Sales Executive,2,Married,6524,8891,1,Y,No,14,3,4,80,1,10,3,3,10,8,5,3,Company Website
32,Current employee,Travel_Frequently,379,Sales,5,2,Life Sciences,1,10024,133745,2,Male,48,3,2,Sales Executive,2,Married,6524,8891,5,Y,No,14,3,4,80,1,10,3,3,10,8,5,3,Company Website
32,Current employee,Travel_Frequently,379,Sales,5,2,Life Sciences,1,10291,133746,2,Male,48,3,2,Sales Executive,2,Married,6524,8891,1,Y,No,14,3,4,80,1,10,3,3,10,8,5,3,Company Website
32,Current employee,Travel_Frequently,379,Sales,5,2,Life Sciences,1,10292,133747,2,Male,48,3,2,Sales Executive,2,Married,6524,8891,5,Y,No,14,3,4,80,1,10,3,3,10,8,5,3,Company Website
32,Current employee,Travel_Frequently,379,Sales,5,2,Life Sciences,1,10295,133750,2,Male,48,3,2,Sales Executive,2,Married,6524,8891,1,Y,No,14,3,4,80,1,10,3,3,10,8,5,3,Company Website
32,Current employee,Travel_Frequently,379,Sales,5,2,Life Sciences,1,10298,133753,2,Male,48,3,2,Sales Executive,2,Married,6524,8891,5,Y,No,14,3,4,80,1,10,3,3,10,8,5,3,Company Website
32,Current employee,Travel_Frequently,379,Sales,5,2,Life Sciences,1,10299,133754,2,Male,48,3,2,Sales Executive,2,Married,6524,8891,1,Y,No,14,3,4,80,1,10,3,3,10,8,5,3,Company Website
32,Current employee,Travel_Frequently,379,Sales,5,2,Life Sciences,1,10300,133755,2,Male,48,3,2,Sales Executive,2,Married,6524,8891,5,Y,No,14,3,4,80,1,10,3,3,10,8,5,3,Company Website
32,Current employee,Travel_Frequently,967,Sales,8,3,Marketing,1,10414,133869,3,Female,65,3,4,Research Director,4,Single,14275,20206,6,Y,No,18,3,3,80,0,33,0,3,12,9,3,8,Recruit.net
32,Current employee,Travel_Frequently,967,Sales,8,3,Medical,1,10415,133870,3,Female,65,3,4,Research Director,4,Single,14275,20206,2,Y,No,18,3,3,80,0,33,0,3,12,9,3,8,Recruit.net
32,Current employee,Travel_Frequently,967,Sales,8,3,Marketing,1,10417,133872,3,Female,65,3,4,Research Director,4,Single,14275,20206,6,Y,No,18,3,3,80,0,33,0,3,12,9,3,8,Recruit.net
32,Current employee,Travel_Frequently,967,Sales,8,3,Medical,1,10418,133873,3,Female,65,3,4,Research Director,4,Single,14275,20206,2,Y,No,18,3,3,80,0,33,0,3,12,9,3,8,Recruit.net
32,Current employee,Travel_Frequently,967,Sales,8,3,Marketing,1,10422,133877,3,Female,65,3,4,Research Director,4,Single,14275,20206,6,Y,No,18,3,3,80,0,33,0,3,12,9,3,8,Recruit.net
32,Current employee,Travel_Frequently,967,Sales,8,3,Medical,1,10423,133878,3,Female,65,3,4,Research Director,4,Single,14275,20206,2,Y,No,18,3,3,80,0,33,0,3,12,9,3,8,Recruit.net
32,Current employee,Travel_Frequently,967,Sales,8,3,Marketing,1,10425,133880,3,Female,65,3,4,Research Director,4,Single,14275,20206,6,Y,No,18,3,3,80,0,33,0,3,12,9,3,8,Recruit.net
32,Current employee,Travel_Frequently,967,Sales,8,3,Medical,1,10426,133881,3,Female,65,3,4,Research Director,4,Single,14275,20206,2,Y,No,18,3,3,80,0,33,0,3,12,9,3,8,Recruit.net
32,Current employee,Non-Travel,976,Sales,26,4,Marketing,1,10596,134051,3,Male,66,2,1,Laboratory Technician,4,Divorced,2380,13384,9,Y,Yes,14,3,4,80,1,3,3,2,1,0,0,0,LinkedIn
32,Current employee,Non-Travel,976,Sales,26,4,Technical Degree,1,10598,134053,3,Male,66,2,1,Laboratory Technician,4,Divorced,2380,13384,1,Y,Yes,14,4,4,80,1,3,3,2,1,0,0,0,LinkedIn
32,Current employee,Non-Travel,976,Sales,26,4,Marketing,1,10599,134054,3,Male,66,2,1,Laboratory Technician,4,Divorced,2380,13384,9,Y,Yes,14,3,4,80,1,3,3,2,1,0,0,0,LinkedIn
32,Current employee,Non-Travel,976,Sales,26,4,Technical Degree,1,10600,134055,3,Male,66,2,1,Laboratory Technician,4,Divorced,2380,13384,1,Y,Yes,14,3,4,80,1,3,3,2,1,0,0,0,LinkedIn
32,Current employee,Non-Travel,976,Sales,26,4,Marketing,1,10604,134059,3,Male,66,2,1,Laboratory Technician,4,Divorced,2380,13384,9,Y,Yes,14,3,4,80,1,3,3,2,1,0,0,0,LinkedIn
32,Current employee,Non-Travel,976,Sales,26,4,Marketing,1,10605,134060,3,Male,66,2,1,Laboratory Technician,4,Divorced,2380,13384,9,Y,Yes,14,3,3,80,1,36,3,3,36,6,2,13,GlassDoor
32,Current employee,Non-Travel,976,Sales,26,4,Technical Degree,1,10607,134062,3,Male,66,2,1,Laboratory Technician,4,Divorced,2380,13384,1,Y,Yes,14,4,4,80,1,3,3,2,1,0,0,0,LinkedIn
32,Current employee,Non-Travel,976,Sales,26,4,Marketing,1,10608,134063,3,Male,66,2,1,Laboratory Technician,4,Divorced,2380,13384,9,Y,Yes,14,3,4,80,1,3,3,2,1,0,0,0,LinkedIn
32,Current employee,Non-Travel,976,Sales,26,4,Technical Degree,1,10609,134064,3,Male,66,2,1,Laboratory Technician,4,Divorced,2380,13384,1,Y,Yes,,3,4,80,1,3,3,2,1,0,0,0,LinkedIn
32,Current employee,Non-Travel,1184,Research & Development,1,3,Life Sciences,1,10955,134410,3,Female,70,2,1,Laboratory Technician,2,,2332,3974,6,Y,No,20,3,3,80,0,5,3,3,3,0,0,2,Jora
32,Current employee,Non-Travel,1184,Research & Development,1,3,Life Sciences,1,10957,134412,3,Female,70,2,1,Laboratory Technician,2,Married,2332,3974,0,Y,No,20,3,3,80,0,5,3,3,3,0,0,2,Jora
32,Current employee,Non-Travel,1184,Research & Development,1,3,Life Sciences,1,10959,134414,3,Female,70,2,1,Laboratory Technician,2,Married,2332,3974,6,Y,No,20,4,3,80,0,5,3,3,3,0,0,2,Jora
32,Current employee,Non-Travel,1184,Research & Development,1,3,Life Sciences,1,10960,134415,3,Female,70,2,1,Laboratory Technician,2,Married,2332,3974,0,Y,No,20,4,3,80,0,5,3,3,3,0,0,2,Jora
32,Current employee,Non-Travel,1184,Research & Development,1,3,Life Sciences,1,10963,134418,3,Female,70,2,1,Laboratory Technician,2,Married,2332,3974,6,Y,No,20,3,3,80,0,5,3,3,3,0,0,2,Jora
32,Current employee,Non-Travel,1184,Research & Development,1,3,Life Sciences,1,10965,134420,3,Female,70,2,1,Laboratory Technician,2,Married,2332,3974,0,Y,No,20,3,3,80,0,5,3,3,3,0,0,2,Jora
32,Current employee,Non-Travel,1184,Research & Development,1,3,Life Sciences,1,10967,134422,3,Female,70,2,1,Laboratory Technician,2,Married,2332,3974,6,Y,No,20,4,3,80,0,5,3,3,3,0,0,2,Jora
32,Current employee,Travel_Rarely,498,Research & Development,3,4,Medical,1,11115,134570,3,Female,93,3,2,Manufacturing Director,1,Married,6725,13554,1,Y,No,12,3,3,80,1,8,2,4,8,7,6,3,Company Website
32,Current employee,Travel_Rarely,498,Research & Development,3,4,Life Sciences,1,11117,134572,3,Female,93,3,2,Manufacturing Director,1,Married,6725,13554,1,Y,No,12,3,3,80,1,8,2,4,8,7,6,3,Company Website
32,Current employee,Travel_Rarely,498,Research & Development,3,4,Medical,1,11119,134574,3,Female,93,3,2,Manufacturing Director,1,Married,6725,13554,1,Y,No,12,3,3,80,1,8,2,4,8,7,6,3,Company Website
32,Current employee,Travel_Rarely,498,Research & Development,3,4,Life Sciences,1,11120,134575,3,Female,93,3,2,Manufacturing Director,1,Married,6725,13554,1,Y,No,12,3,3,80,1,8,2,4,8,7,6,3,Company Website
32,Current employee,Travel_Rarely,498,Research & Development,3,4,Medical,1,11123,134578,3,Female,93,3,2,Manufacturing Director,1,Married,6725,13554,1,Y,No,12,3,3,80,1,8,2,4,8,7,6,3,Company Website
32,Current employee,Travel_Rarely,498,Research & Development,3,4,Life Sciences,1,11125,134580,3,Female,93,3,2,Manufacturing Director,1,Married,6725,13554,1,Y,No,12,3,3,80,1,8,2,4,8,7,6,3,Company Website
32,Current employee,Travel_Rarely,498,Research & Development,3,4,Medical,1,11127,134582,3,Female,93,3,2,Manufacturing Director,1,Married,4898,23300,0,Y,No,12,3,4,80,2,5,3,3,4,2,1,2,Adzuna
32,Current employee,Travel_Rarely,498,Research & Development,3,4,Life Sciences,1,11128,134583,3,Female,93,3,2,Manufacturing Director,1,Married,6725,13554,1,Y,No,12,3,3,80,1,8,2,4,8,7,6,3,Company Website
32,Current employee,Travel_Rarely,929,Sales,10,3,Marketing,1,11148,134603,3,Female,67,2,2,Healthcare Representative,4,Single,6949,12291,0,Y,No,14,4,1,80,0,6,3,3,5,0,1,4,Adzuna
32,Current employee,Travel_Rarely,929,Sales,10,3,Medical,1,11150,134605,3,Female,67,2,2,Healthcare Representative,4,Single,6949,12291,0,Y,No,14,3,1,80,0,6,3,3,5,0,1,4,Adzuna
32,Current employee,Travel_Rarely,929,Sales,10,3,Marketing,1,11151,134606,3,Female,67,2,2,Healthcare Representative,4,Single,6949,12291,0,Y,No,14,3,1,80,0,6,3,3,5,0,1,4,Adzuna
32,Current employee,Travel_Rarely,929,Sales,10,3,Medical,1,11152,134607,3,Female,67,2,2,Healthcare Representative,4,Single,6949,12291,0,Y,No,14,3,1,80,0,6,3,3,5,0,1,4,Adzuna
32,Current employee,Travel_Rarely,929,Sales,10,3,Marketing,1,11156,134611,3,Female,67,2,2,Healthcare Representative,4,Single,6949,12291,0,Y,No,14,4,1,80,0,6,3,3,5,0,1,4,Adzuna
32,Current employee,Travel_Rarely,929,Sales,10,3,Medical,1,11158,134613,3,Female,67,2,2,Healthcare Representative,4,Single,6949,12291,0,Y,No,14,3,1,80,0,6,3,3,5,0,1,4,Adzuna
32,Current employee,Travel_Rarely,929,Sales,10,3,Marketing,1,11159,134614,3,Female,67,2,2,Healthcare Representative,4,Single,6949,12291,0,Y,No,14,3,1,80,0,6,3,3,5,0,1,4,Adzuna
32,Current employee,Travel_Rarely,929,Sales,10,3,Medical,1,11160,134615,3,Female,67,2,2,Healthcare Representative,4,Single,6949,12291,0,Y,No,14,3,1,80,0,,3,3,5,0,1,4,Adzuna
32,Current employee,Travel_Rarely,499,Sales,2,1,Marketing,1,11961,135416,3,Female,70,1,5,Research Director,3,Divorced,19973,20284,1,Y,No,22,3,2,80,2,21,3,3,21,16,5,10,Company Website
32,Current employee,Travel_Rarely,499,Sales,2,1,Life Sciences,1,11962,135417,3,Female,70,1,5,Research Director,3,Divorced,19973,20284,1,Y,No,22,3,2,80,2,21,3,3,21,16,5,10,Company Website
32,Current employee,Travel_Rarely,499,Sales,2,1,Marketing,1,11964,135419,3,Female,70,1,5,Research Director,3,Divorced,19973,20284,1,Y,No,22,4,2,80,2,21,3,3,21,16,5,10,Company Website
32,Current employee,Travel_Rarely,499,Sales,2,1,Life Sciences,1,11965,135420,3,Female,70,1,5,Research Director,3,Divorced,19973,20284,1,Y,No,22,4,2,80,2,21,3,3,21,16,5,10,Company Website
32,Current employee,Travel_Rarely,499,Sales,2,1,Marketing,1,11969,135424,3,Female,70,1,5,Research Director,3,Divorced,19973,20284,1,Y,No,22,3,2,80,2,21,3,3,21,16,5,10,Company Website
32,Current employee,Travel_Rarely,499,Sales,2,1,Life Sciences,1,11970,135425,3,Female,70,1,5,Research Director,3,Divorced,19973,20284,1,Y,No,22,3,2,80,2,21,3,3,21,16,5,10,Company Website
32,Current employee,Travel_Rarely,499,Sales,2,1,Marketing,1,11972,135427,3,Female,70,1,5,Research Director,3,Divorced,19973,20284,1,Y,No,22,4,2,80,2,21,3,3,21,16,5,10,Company Website
32,Current employee,Travel_Rarely,499,Sales,2,1,Life Sciences,1,11973,135428,3,Female,70,1,5,Research Director,3,Divorced,19973,20284,1,Y,No,22,4,2,80,2,21,3,3,21,16,5,10,Company Website
32,Current employee,Travel_Rarely,601,Sales,7,5,Marketing,1,12041,135496,3,Female,71,3,2,Sales Executive,3,Married,6347,24920,0,Y,No,12,3,1,80,1,19,3,3,18,7,0,13,Indeed
32,Current employee,Travel_Rarely,601,Sales,7,5,Marketing,1,12043,135498,3,Female,71,3,2,Sales Executive,3,Married,6347,24920,5,Y,No,12,3,1,80,1,19,3,3,18,7,0,13,Indeed
32,Current employee,Travel_Rarely,601,Sales,7,5,Marketing,1,12044,135499,3,Female,71,3,2,Sales Executive,3,Married,6347,24920,0,Y,No,12,3,1,80,1,19,3,3,18,7,0,13,Indeed
32,Current employee,Travel_Rarely,601,Sales,7,5,Marketing,1,12045,135500,3,Female,71,3,2,Sales Executive,3,Married,6347,24920,5,Y,No,12,3,1,80,1,19,3,3,18,7,0,13,Indeed
32,Current employee,Travel_Rarely,601,Sales,7,5,Marketing,1,12049,135504,3,Female,71,3,2,Sales Executive,3,Married,6347,24920,0,Y,No,12,3,1,80,1,19,3,3,18,7,0,13,Indeed
32,Current employee,Travel_Rarely,601,Sales,7,5,Marketing,1,12051,135506,3,Female,71,3,2,Sales Executive,3,Married,6347,24920,5,Y,No,12,3,1,80,1,19,3,3,18,7,0,13,Indeed
32,Current employee,Travel_Rarely,601,Sales,7,5,Marketing,1,12052,135507,3,Female,71,3,2,Sales Executive,3,Married,6347,24920,0,Y,No,12,3,1,80,1,19,3,3,18,7,0,13,Indeed
32,Current employee,Travel_Rarely,601,Sales,7,5,Marketing,1,12053,135508,3,Female,71,3,2,Sales Executive,3,Married,6347,24920,5,Y,No,12,3,1,80,1,19,3,3,18,7,0,13,Indeed
32,Current employee,Non-Travel,1109,Research & Development,29,4,Medical,1,12127,135582,4,Female,69,3,1,Laboratory Technician,3,Single,4025,11135,9,Y,No,12,3,2,80,0,10,2,3,8,7,7,7,GlassDoor
32,Current employee,Non-Travel,1109,Research & Development,29,4,Technical Degree,1,12130,135585,4,Female,69,3,1,Laboratory Technician,3,Single,4025,11135,1,Y,No,12,3,2,80,0,10,2,3,8,7,7,7,GlassDoor
32,Current employee,Non-Travel,1109,Research & Development,29,4,Medical,1,12131,135586,4,Female,69,3,1,Laboratory Technician,3,Single,4025,11135,9,Y,No,12,3,2,80,0,10,2,3,8,7,7,7,GlassDoor
32,Current employee,Non-Travel,1109,Research & Development,29,4,Technical Degree,1,12132,135587,4,Female,69,3,1,Laboratory Technician,3,Single,4025,11135,1,Y,No,12,3,2,80,0,10,2,3,8,7,7,7,GlassDoor
32,Current employee,Non-Travel,1109,Research & Development,29,4,Medical,1,12135,135590,4,Female,69,3,1,Laboratory Technician,3,Single,4025,11135,9,Y,No,12,3,2,80,0,10,2,3,8,7,7,7,GlassDoor
32,Current employee,Non-Travel,1109,Research & Development,29,4,Technical Degree,1,12138,135593,4,Female,69,3,1,Laboratory Technician,3,Single,4025,11135,1,Y,No,12,3,2,80,0,10,2,3,8,7,7,7,GlassDoor
32,Current employee,Non-Travel,1109,Research & Development,29,4,Medical,1,12139,135594,4,Female,69,3,1,Laboratory Technician,3,Single,6118,23300,1,Y,No,13,3,3,80,3,10,2,3,10,9,1,2,Company Website
32,Current employee,Non-Travel,1109,Research & Development,29,4,Technical Degree,1,12140,135595,4,Female,69,3,1,Laboratory Technician,3,Single,4025,11135,1,Y,No,12,3,2,80,0,10,2,3,8,7,7,7,GlassDoor
32,Current employee,Travel_Frequently,1318,Sales,10,4,Marketing,1,12381,135836,3,Female,72,3,1,Research Scientist,3,Married,2942,12154,2,Y,No,19,3,2,80,1,18,4,3,5,4,0,3,LinkedIn
32,Current employee,Travel_Frequently,1318,Sales,10,4,Medical,1,12383,135838,3,Female,72,3,1,Research Scientist,3,Married,2942,12154,3,Y,No,19,3,2,80,1,18,4,3,5,4,0,3,LinkedIn
32,Current employee,Travel_Frequently,1318,Sales,10,4,Marketing,1,12384,135839,3,Female,72,3,1,Research Scientist,3,Married,2942,12154,2,Y,No,19,3,2,80,1,18,4,3,5,4,0,3,LinkedIn
32,Current employee,Travel_Frequently,1318,Sales,10,4,Medical,1,12385,135840,3,Female,72,3,1,Research Scientist,3,Married,2942,12154,3,Y,No,19,3,2,80,1,18,4,3,5,4,0,3,LinkedIn
32,Current employee,Travel_Frequently,1318,Sales,10,4,Marketing,1,12389,135844,3,Female,72,3,1,Research Scientist,3,Married,2942,12154,2,Y,No,19,3,2,80,1,18,4,3,5,4,0,3,LinkedIn
32,Current employee,Travel_Frequently,1318,Sales,10,4,Medical,1,12391,135846,3,Female,72,3,1,Research Scientist,3,Married,2942,12154,3,Y,No,19,3,2,80,1,18,4,3,5,4,0,3,LinkedIn
32,Current employee,Travel_Frequently,1318,Sales,10,4,Marketing,1,12392,135847,3,Female,72,3,1,Research Scientist,3,Married,2942,12154,2,Y,No,19,3,2,80,1,18,4,3,5,4,0,3,LinkedIn
32,Current employee,Travel_Frequently,1318,Sales,10,4,Medical,1,12393,135848,3,Female,72,3,1,Research Scientist,3,Married,2942,12154,3,Y,No,19,3,2,80,1,18,4,3,5,4,0,3,LinkedIn
32,Current employee,Travel_Rarely,801,Sales,1,4,Marketing,1,12595,136050,3,Male,72,3,3,Healthcare Representative,4,Married,10322,26542,4,Y,No,20,4,4,80,1,14,6,3,11,10,11,1,Seek
32,Current employee,Travel_Rarely,801,Sales,1,4,Life Sciences,1,12596,136051,3,Male,72,3,3,Healthcare Representative,4,Married,10322,26542,0,Y,No,20,3,4,80,1,14,6,3,11,10,11,1,Seek
32,Current employee,Travel_Rarely,801,Sales,1,4,Marketing,1,12598,136053,3,Male,72,3,3,Healthcare Representative,4,Married,10322,26542,4,Y,No,20,4,4,80,1,14,6,3,11,10,11,1,Seek
32,Current employee,Travel_Rarely,801,Sales,1,4,Life Sciences,1,12599,136054,3,Male,72,3,3,Healthcare Representative,4,Married,10322,26542,0,Y,No,20,4,4,80,1,14,6,3,11,10,11,1,Seek
32,Current employee,Travel_Rarely,801,Sales,1,4,Marketing,1,12603,136058,3,Male,72,3,3,Healthcare Representative,4,Married,10322,26542,4,Y,No,20,4,4,80,1,14,6,3,11,10,11,1,Seek
32,Current employee,Travel_Rarely,801,Sales,1,4,Life Sciences,1,12604,136059,3,Male,72,3,3,Healthcare Representative,4,Married,10322,26542,0,Y,No,20,3,4,80,1,14,6,3,11,10,11,1,Seek
32,Current employee,Travel_Rarely,801,Sales,1,4,Marketing,1,12606,136061,3,Male,72,3,3,Healthcare Representative,4,Married,10322,26542,4,Y,No,20,4,4,80,1,14,6,3,11,10,11,1,Seek
32,Current employee,Travel_Rarely,801,Sales,1,4,Life Sciences,1,12607,136062,3,Male,72,3,3,Healthcare Representative,4,Married,10322,26542,0,Y,,20,4,4,80,1,14,6,3,11,10,11,1,Seek
32,Current employee,Travel_Rarely,427,Research & Development,1,3,Medical,1,12944,136399,3,Male,73,2,3,Sales Executive,3,Divorced,8740,5569,0,Y,Yes,14,4,2,80,2,9,2,3,8,7,2,7,Company Website
32,Current employee,Travel_Rarely,427,Research & Development,1,3,Life Sciences,1,12945,136400,3,Male,73,2,3,Sales Executive,3,Divorced,8740,5569,4,Y,Yes,14,3,2,80,2,9,2,3,8,7,2,7,Company Website
32,Current employee,Travel_Rarely,427,Research & Development,1,3,Medical,1,12947,136402,3,Male,73,2,3,Sales Executive,3,Divorced,8740,5569,0,Y,Yes,14,3,2,80,2,9,2,3,8,7,2,7,Company Website
32,Current employee,Travel_Rarely,427,Research & Development,1,3,Life Sciences,1,12948,136403,3,Male,73,2,3,Sales Executive,3,Divorced,8740,5569,4,Y,Yes,14,3,2,80,2,9,2,3,8,7,2,7,Company Website
32,Current employee,Travel_Rarely,427,Research & Development,1,3,Medical,1,12952,136407,3,Male,73,2,3,Sales Executive,3,Divorced,8740,5569,0,Y,Yes,14,4,2,80,2,9,2,3,8,7,2,7,Company Website
32,Current employee,Travel_Rarely,427,Research & Development,1,3,Life Sciences,1,12953,136408,3,Male,73,2,3,Sales Executive,3,Divorced,8740,5569,4,Y,Yes,14,3,2,80,2,9,2,3,8,7,2,7,Company Website
32,Current employee,Travel_Rarely,427,Research & Development,1,3,Medical,1,12955,136410,3,Male,73,2,3,Sales Executive,3,Divorced,8740,5569,0,Y,Yes,14,3,2,80,2,9,2,3,8,7,2,7,Company Website
32,Current employee,Travel_Rarely,427,Research & Development,1,3,Life Sciences,1,12956,136411,3,Male,73,2,3,Sales Executive,3,Divorced,8740,5569,4,Y,Yes,14,3,2,80,2,9,2,3,8,7,2,7,Company Website
32,Current employee,Travel_Rarely,1093,Sales,6,4,Medical,1,13167,136622,3,Male,73,2,4,Sales Executive,2,Married,13120,11879,6,Y,No,17,3,2,80,1,22,3,3,9,8,2,3,Indeed
32,Current employee,Travel_Rarely,1093,Sales,6,4,Marketing,1,13168,136623,3,Male,73,2,4,Sales Executive,2,Married,13120,11879,5,Y,No,17,4,2,80,1,22,3,3,9,8,2,3,Indeed
32,Current employee,Travel_Rarely,1093,Sales,6,4,Medical,1,13170,136625,3,Male,73,2,4,Sales Executive,2,Married,13120,11879,6,Y,No,17,3,2,80,1,22,3,3,9,8,2,3,Indeed
32,Current employee,Travel_Rarely,1093,Sales,6,4,Marketing,1,13171,136626,3,Male,73,2,4,Sales Executive,2,Married,13120,11879,5,Y,No,17,3,2,80,1,22,3,3,9,8,2,3,Indeed
32,Current employee,Travel_Rarely,1093,Sales,6,4,Medical,1,13175,136630,3,Male,73,2,4,Sales Executive,2,Married,13120,11879,6,Y,No,17,3,2,80,1,22,3,3,9,8,2,3,Indeed
32,Current employee,Travel_Rarely,1093,Sales,6,4,Marketing,1,13176,136631,3,Male,73,2,4,Sales Executive,2,Married,13120,11879,5,Y,No,17,4,2,80,1,22,3,3,9,8,2,3,Indeed
32,Current employee,Travel_Rarely,1093,Sales,6,4,Medical,1,13178,136633,3,Male,73,2,4,Sales Executive,2,Married,13120,11879,6,Y,No,17,3,2,80,1,22,3,3,9,8,2,3,Indeed
32,Current employee,Travel_Rarely,1093,Sales,6,4,Marketing,1,13179,136634,3,Male,73,2,4,Sales Executive,2,Married,13120,11879,5,Y,No,17,3,2,80,1,22,3,3,9,8,2,3,Indeed
32,Current employee,Travel_Frequently,689,Sales,9,2,Medical,1,13389,136844,3,Male,74,3,1,Human Resources,3,Single,4323,7108,1,Y,No,17,4,2,80,0,6,2,1,5,4,1,4,LinkedIn
32,Current employee,Travel_Frequently,689,Sales,9,2,Medical,1,13391,136846,3,Male,74,3,1,Human Resources,3,Single,4323,7108,0,Y,No,17,4,2,80,0,6,2,1,5,4,1,4,LinkedIn
32,Current employee,Travel_Frequently,689,Sales,9,2,Medical,1,13392,136847,3,Male,74,3,1,Human Resources,3,Single,4323,7108,1,Y,No,17,3,2,80,0,6,2,1,5,4,1,4,LinkedIn
32,Current employee,Travel_Frequently,689,Sales,9,2,Medical,1,13393,136848,3,Male,74,3,1,Human Resources,3,Single,4323,7108,0,Y,No,17,3,2,80,0,6,2,1,5,4,1,4,LinkedIn
32,Current employee,Travel_Frequently,689,Sales,9,2,Medical,1,13397,136852,3,Male,74,3,1,Human Resources,3,Single,4323,7108,1,Y,No,17,4,2,80,0,6,2,1,5,4,1,4,LinkedIn
32,Current employee,Travel_Frequently,689,Sales,9,2,Medical,1,13399,136854,3,Male,74,3,1,Human Resources,3,Single,4323,7108,0,Y,No,17,4,2,80,0,6,2,1,5,4,1,4,LinkedIn
32,Current employee,Travel_Frequently,689,Sales,9,2,Medical,1,13400,136855,3,Male,74,3,1,Human Resources,3,Single,4323,7108,1,Y,No,17,3,2,80,0,6,2,1,5,4,1,4,LinkedIn
32,Current employee,Travel_Frequently,689,Sales,9,2,Medical,1,13401,136856,3,Male,74,3,1,Human Resources,3,Single,4323,7108,0,Y,No,17,3,2,80,0,,2,1,5,4,1,4,LinkedIn
32,Current employee,Non-Travel,862,Sales,2,1,Life Sciences,1,13627,137082,3,Female,76,3,1,Sales Representative,1,Divorced,2827,14947,1,Y,No,12,3,3,80,3,1,3,3,1,0,0,0,Company Website
32,Current employee,Non-Travel,862,Sales,2,1,Life Sciences,1,13629,137084,3,Female,76,3,1,Sales Representative,1,Divorced,2827,14947,8,Y,No,12,3,3,80,3,1,3,3,1,0,0,0,Company Website
32,Current employee,Non-Travel,862,Sales,2,1,Life Sciences,1,13631,137086,3,Female,76,3,1,Sales Representative,1,Divorced,2827,14947,1,Y,No,12,3,3,80,3,1,3,3,1,0,0,0,Company Website
32,Current employee,Non-Travel,862,Sales,2,1,Life Sciences,1,13632,137087,3,Female,76,3,1,Sales Representative,1,Divorced,2827,14947,8,Y,No,12,3,3,80,3,1,3,3,1,0,0,0,Company Website
32,Current employee,Non-Travel,862,Sales,2,1,Life Sciences,1,13634,137089,3,Female,76,3,1,Sales Representative,1,Divorced,2827,14947,1,Y,No,12,3,3,80,3,1,3,3,1,0,0,0,Company Website
32,Current employee,Non-Travel,862,Sales,2,1,Life Sciences,1,13636,137091,3,Female,76,3,1,Sales Representative,1,Divorced,2827,14947,8,Y,No,12,3,3,80,3,1,3,3,1,0,0,0,Company Website
32,Current employee,Non-Travel,862,Sales,2,1,Life Sciences,1,13638,137093,3,Female,76,3,1,Sales Representative,1,Divorced,8392,23343,1,Y,No,16,3,3,80,1,10,2,3,10,7,0,7,Company Website
32,Current employee,Non-Travel,862,Sales,2,1,Life Sciences,1,13639,137094,3,Female,76,3,1,Sales Representative,1,Divorced,2827,14947,8,Y,No,12,3,3,80,3,1,3,3,1,0,0,0,Company Website
32,Current employee,Travel_Frequently,116,Research & Development,13,3,Other,1,14103,137558,3,Female,77,2,1,Laboratory Technician,2,Married,2743,7331,1,Y,No,20,4,3,80,1,2,2,3,2,2,2,2,Indeed
32,Current employee,Travel_Frequently,116,Research & Development,13,3,Medical,1,14105,137560,3,Female,77,2,1,Laboratory Technician,2,Married,2743,7331,1,Y,No,20,3,3,80,1,2,2,3,2,2,2,2,Indeed
32,Current employee,Travel_Frequently,116,Research & Development,13,3,Other,1,14109,137564,3,Female,77,2,1,Laboratory Technician,2,Married,2743,7331,1,Y,No,20,4,3,80,1,2,2,3,2,2,2,2,Indeed
32,Current employee,Travel_Frequently,116,Research & Development,13,3,Medical,1,14110,137565,3,Female,77,2,1,Laboratory Technician,2,Married,2743,7331,1,Y,No,20,4,3,80,1,2,2,3,2,2,2,2,Indeed
32,Current employee,Travel_Frequently,116,Research & Development,13,3,Other,1,14111,137566,3,Female,77,2,1,Laboratory Technician,2,Married,2743,7331,1,Y,No,20,4,3,80,1,2,2,3,2,2,2,2,Indeed
32,Current employee,Travel_Frequently,116,Research & Development,13,3,Medical,1,14113,137568,3,Female,77,2,1,Laboratory Technician,2,Married,2743,7331,1,Y,No,20,3,3,80,1,2,2,3,2,2,2,2,Indeed
32,Current employee,Travel_Frequently,116,Research & Development,13,3,Other,1,14117,137572,3,Female,77,2,1,Laboratory Technician,2,Married,5985,23352,4,Y,No,11,3,2,80,0,10,1,4,2,2,0,2,Recruit.net
32,Current employee,Travel_Frequently,116,Research & Development,13,3,Medical,1,14118,137573,3,Female,77,2,1,Laboratory Technician,2,Married,2743,7331,1,Y,No,20,4,3,80,1,2,2,3,2,2,2,2,Indeed
32,Current employee,Travel_Frequently,1316,Research & Development,2,2,Life Sciences,1,14119,137574,4,Female,38,3,2,Research Scientist,3,Single,4998,2338,4,Y,Yes,14,3,4,80,0,10,2,3,8,7,0,7,Referral
32,Current employee,Travel_Frequently,1316,Research & Development,2,2,Life Sciences,1,14121,137576,4,Female,38,3,2,Research Scientist,3,Single,4998,2338,2,Y,Yes,14,3,4,80,0,10,2,3,8,7,0,7,Referral
32,Current employee,Travel_Frequently,1316,Research & Development,2,2,Life Sciences,1,14125,137580,4,Female,38,3,2,Research Scientist,3,Single,4998,2338,4,Y,Yes,14,3,4,80,0,10,2,3,8,7,0,7,Referral
32,Current employee,Travel_Frequently,1316,Research & Development,2,2,Life Sciences,1,14126,137581,4,Female,38,3,2,Research Scientist,3,Single,4998,2338,2,Y,Yes,14,3,4,80,0,10,2,3,8,7,0,7,Referral
32,Current employee,Travel_Frequently,1316,Research & Development,2,2,Life Sciences,1,14127,137582,4,Female,38,3,2,Research Scientist,3,Single,4998,2338,4,Y,Yes,14,3,4,80,0,10,2,3,8,7,0,7,Referral
32,Current employee,Travel_Frequently,1316,Research & Development,2,2,Life Sciences,1,14129,137584,4,Female,38,3,2,Research Scientist,3,Single,4998,2338,2,Y,Yes,14,3,4,80,0,10,2,3,8,7,0,7,Referral
32,Current employee,Travel_Frequently,1316,Research & Development,2,2,Life Sciences,1,14133,137588,4,Female,38,3,2,Research Scientist,3,Single,3149,23352,8,Y,No,20,4,2,80,1,9,3,3,5,2,1,4,Adzuna
32,Current employee,Travel_Frequently,1316,Research & Development,2,2,Life Sciences,1,14134,137589,4,Female,38,3,2,Research Scientist,3,Single,4998,2338,2,Y,Yes,14,3,4,80,0,10,2,3,8,7,0,7,Referral
32,Current employee,Travel_Rarely,1018,Research & Development,2,4,Medical,1,14416,137871,3,Male,77,3,1,Research Scientist,2,Married,3692,9256,1,Y,No,12,3,3,80,0,12,2,2,11,10,0,7,Company Website
32,Current employee,Travel_Rarely,1018,Research & Development,2,4,Life Sciences,1,14417,137872,3,Male,77,3,1,Research Scientist,2,Married,3692,9256,2,Y,No,12,3,3,80,0,12,2,2,11,10,0,7,Company Website
32,Current employee,Travel_Rarely,1018,Research & Development,2,4,Medical,1,14419,137874,3,Male,77,3,1,Research Scientist,2,Married,3692,9256,1,Y,No,12,3,3,80,0,12,2,2,11,10,0,7,Company Website
32,Current employee,Travel_Rarely,1018,Research & Development,2,4,Life Sciences,1,14420,137875,3,Male,77,3,1,Research Scientist,2,Married,3692,9256,2,Y,No,12,3,3,80,0,12,2,2,11,10,0,7,Company Website
32,Current employee,Travel_Rarely,1018,Research & Development,2,4,Medical,1,14424,137879,3,Male,77,3,1,Research Scientist,2,Married,3692,9256,1,Y,No,12,3,3,80,0,12,2,2,11,10,0,7,Company Website
32,Current employee,Travel_Rarely,1018,Research & Development,2,4,Life Sciences,1,14425,137880,3,Male,77,3,1,Research Scientist,2,Married,3692,9256,2,Y,No,12,3,3,80,0,12,2,2,11,10,0,7,Company Website
32,Current employee,Travel_Rarely,1018,Research & Development,2,4,Medical,1,14427,137882,3,Male,77,3,1,Research Scientist,2,Married,3692,9256,1,Y,No,12,3,3,80,0,12,2,2,11,10,0,7,Company Website
32,Current employee,Travel_Rarely,1018,Research & Development,2,4,Life Sciences,1,14428,137883,3,Male,77,3,1,Research Scientist,2,Married,3692,9256,2,Y,No,12,3,3,80,0,12,2,2,11,10,0,7,Company Website
32,Current employee,Travel_Rarely,1062,Research & Development,2,3,Medical,1,14574,138029,3,Male,77,3,1,Research Scientist,3,Married,1223,16901,1,Y,No,22,3,4,80,1,1,2,3,1,0,0,1,LinkedIn
32,Current employee,Travel_Rarely,1062,Research & Development,2,3,Life Sciences,1,14576,138031,3,Male,77,3,1,Research Scientist,3,Married,1223,16901,2,Y,No,22,3,4,80,1,1,2,3,1,0,0,1,LinkedIn
32,Current employee,Travel_Rarely,1062,Research & Development,2,3,Medical,1,14579,138034,3,Male,77,3,1,Research Scientist,3,Married,1223,16901,1,Y,No,22,4,4,80,1,1,2,3,1,0,0,1,LinkedIn
32,Current employee,Travel_Rarely,1062,Research & Development,2,3,Life Sciences,1,14580,138035,3,Male,77,3,1,Research Scientist,3,Married,1223,16901,2,Y,No,22,4,4,80,1,1,2,3,1,0,0,1,LinkedIn
32,Current employee,Travel_Rarely,1062,Research & Development,2,3,Medical,1,14582,138037,3,Male,77,3,1,Research Scientist,3,Married,1223,16901,1,Y,No,22,3,4,80,1,1,2,3,1,0,0,1,LinkedIn
32,Current employee,Travel_Rarely,1062,Research & Development,2,3,Life Sciences,1,14584,138039,3,Male,77,3,1,Research Scientist,3,Married,1223,16901,2,Y,No,22,3,4,80,1,1,2,3,1,0,0,1,LinkedIn
32,Current employee,Travel_Rarely,1062,Research & Development,2,3,Medical,1,14587,138042,3,Male,77,3,1,Research Scientist,3,Married,1223,16901,1,Y,No,22,4,4,80,1,1,2,3,1,0,0,1,LinkedIn
32,Current employee,Travel_Rarely,1062,Research & Development,2,3,Life Sciences,1,14588,138043,3,Male,77,3,1,Research Scientist,3,Married,4898,23300,0,Y,No,12,3,4,80,2,5,3,3,4,2,1,2,Adzuna
32,Current employee,Travel_Rarely,604,Sales,8,3,Medical,1,14975,138430,3,Male,56,4,2,Sales Executive,4,Married,6209,11693,1,Y,No,15,3,3,80,2,10,4,4,10,7,0,8,Adzuna
32,Current employee,Travel_Rarely,604,Sales,8,3,Medical,1,14977,138432,3,Male,56,4,2,Sales Executive,4,Married,6209,11693,6,Y,No,15,3,3,80,2,10,4,4,10,7,0,8,Adzuna
32,Current employee,Travel_Rarely,604,Sales,8,3,Medical,1,14979,138434,3,Male,56,4,2,Sales Executive,4,Married,6209,11693,1,Y,No,15,3,3,80,2,10,4,4,10,7,0,8,Adzuna
32,Current employee,Travel_Rarely,604,Sales,8,3,Medical,1,14980,138435,3,Male,56,4,2,Sales Executive,4,Married,6209,11693,6,Y,No,15,3,3,80,2,10,4,4,10,7,0,8,Adzuna
32,Current employee,Travel_Rarely,604,Sales,8,3,Medical,1,14983,138438,3,Male,56,4,2,Sales Executive,4,Married,6209,11693,1,Y,No,15,3,3,80,2,10,4,4,10,7,0,8,Adzuna
32,Current employee,Travel_Rarely,604,Sales,8,3,Medical,1,14985,138440,3,Male,56,4,2,Sales Executive,4,Married,6209,11693,6,Y,No,15,3,3,80,2,10,4,4,10,7,0,8,Adzuna
32,Current employee,Travel_Rarely,604,Sales,8,3,Medical,1,14987,138442,3,Male,56,4,2,Sales Executive,4,Married,3162,23428,0,Y,No,17,3,4,80,0,6,2,2,5,2,3,4,Seek
32,Current employee,Travel_Rarely,604,Sales,8,3,Medical,1,14988,138443,3,Male,56,4,2,Sales Executive,4,Married,6209,11693,6,Y,No,15,3,3,80,2,10,4,4,10,7,0,8,Adzuna
32,Current employee,Travel_Rarely,499,Sales,2,1,Marketing,1,15870,139325,3,Male,36,3,2,Sales Executive,2,Married,4078,20497,0,Y,Yes,13,3,1,80,3,4,3,2,3,2,1,2,Jora
32,Current employee,Travel_Rarely,499,Sales,2,1,Life Sciences,1,15873,139328,3,Male,36,3,2,Sales Executive,2,Married,4078,20497,4,Y,Yes,13,3,1,80,3,4,3,2,3,2,1,2,Jora
32,Current employee,Travel_Rarely,499,Sales,2,1,Marketing,1,15874,139329,3,Male,36,3,2,Sales Executive,2,Married,4078,20497,0,Y,Yes,13,3,1,80,3,4,3,2,3,2,1,2,Jora
32,Current employee,Travel_Rarely,499,Sales,2,1,Life Sciences,1,15875,139330,3,Male,36,3,2,Sales Executive,2,Married,4078,20497,4,Y,Yes,13,3,1,80,3,4,3,2,3,2,1,2,Jora
32,Current employee,Travel_Rarely,499,Sales,2,1,Marketing,1,15878,139333,3,Male,36,3,2,Sales Executive,2,Married,4078,20497,0,Y,Yes,13,3,1,80,3,4,3,2,3,2,1,2,Jora
32,Current employee,Travel_Rarely,499,Sales,2,1,Life Sciences,1,15881,139336,3,Male,36,3,2,Sales Executive,2,Married,4078,20497,4,Y,Yes,13,3,1,80,3,4,3,2,3,2,1,2,Jora
32,Current employee,Travel_Rarely,499,Sales,2,1,Marketing,1,15882,139337,3,Male,36,3,2,Sales Executive,2,Married,2121,23522,1,Y,Yes,13,3,2,80,0,1,3,4,1,0,0,0,Indeed
32,Current employee,Travel_Rarely,499,Sales,2,1,Life Sciences,1,15883,139338,3,Male,36,3,2,Sales Executive,2,Married,4078,20497,4,Y,Yes,13,3,1,80,3,4,3,2,3,2,1,2,Jora
32,Current employee,Travel_Rarely,638,Research & Development,8,2,Medical,1,15903,139358,3,Male,81,4,2,Sales Executive,3,Married,6232,12477,2,Y,No,11,3,2,80,0,6,3,2,3,2,1,2,Company Website
32,Current employee,Travel_Rarely,638,Research & Development,8,2,Medical,1,15904,139359,3,Male,81,4,2,Sales Executive,3,Married,6232,12477,6,Y,No,11,4,2,80,0,6,3,2,3,2,1,2,Company Website
32,Current employee,Travel_Rarely,638,Research & Development,8,2,Medical,1,15908,139363,3,Male,81,4,2,Sales Executive,3,Married,6232,12477,2,Y,No,11,3,2,80,0,6,3,2,3,2,1,2,Company Website
32,Current employee,Travel_Rarely,638,Research & Development,8,2,Medical,1,15909,139364,3,Male,81,4,2,Sales Executive,3,Married,6232,12477,6,Y,No,11,3,2,80,0,6,3,2,3,2,1,2,Company Website
32,Current employee,Travel_Rarely,638,Research & Development,8,2,Medical,1,15911,139366,3,Male,81,4,2,Sales Executive,3,Married,6232,12477,2,Y,No,11,3,2,80,0,6,3,2,3,2,1,2,Company Website
32,Current employee,Travel_Rarely,638,Research & Development,8,2,Medical,1,15912,139367,3,Male,81,4,2,Sales Executive,3,Married,6232,12477,6,Y,No,11,4,2,80,0,6,3,2,3,2,1,2,Company Website
32,Current employee,Travel_Rarely,638,Research & Development,8,2,Medical,1,15916,139371,3,Male,81,4,2,Sales Executive,3,Married,6232,12477,2,Y,No,11,3,2,80,0,6,3,2,3,2,1,2,Company Website
32,Current employee,Travel_Rarely,638,Research & Development,8,2,Medical,1,15917,139372,3,Male,81,4,2,Sales Executive,3,Married,6232,12477,6,Y,No,11,3,2,80,0,6,3,2,3,2,1,2,Company Website
32,Current employee,Travel_Rarely,498,Research & Development,3,4,Medical,1,16201,139656,3,Female,81,1,1,Sales Representative,3,Single,1359,16154,1,Y,No,12,3,2,80,0,1,3,3,1,0,0,0,Seek
32,Current employee,Travel_Rarely,498,Research & Development,3,4,Life Sciences,1,16203,139658,3,Female,81,1,1,Sales Representative,3,Single,1359,16154,8,Y,No,12,3,2,80,0,1,3,3,1,0,0,0,Seek
32,Current employee,Travel_Rarely,498,Research & Development,3,4,Medical,1,16206,139661,3,Female,81,1,1,Sales Representative,3,Single,1359,16154,1,Y,No,12,3,2,80,0,1,3,3,1,0,0,0,Seek
32,Current employee,Travel_Rarely,498,Research & Development,3,4,Life Sciences,1,16207,139662,3,Female,81,1,1,Sales Representative,3,Single,1359,16154,8,Y,No,12,3,2,80,0,1,3,3,1,0,0,0,Seek
32,Current employee,Travel_Rarely,498,Research & Development,3,4,Medical,1,16209,139664,3,Female,81,1,1,Sales Representative,3,Single,1359,16154,1,Y,No,12,3,2,80,0,1,3,3,1,0,0,0,Seek
32,Current employee,Travel_Rarely,498,Research & Development,3,4,Life Sciences,1,16211,139666,3,Female,81,1,1,Sales Representative,3,Single,1359,16154,8,Y,No,12,3,2,80,0,1,3,3,1,0,0,0,Seek
32,Current employee,Travel_Rarely,498,Research & Development,3,4,Medical,1,16214,139669,3,Female,81,1,1,Sales Representative,3,Single,1359,16154,1,Y,No,12,3,2,80,0,1,3,3,1,0,0,0,Seek
32,Current employee,Travel_Rarely,498,Research & Development,3,4,Life Sciences,1,16215,139670,3,Female,81,1,1,Sales Representative,3,Single,1359,16154,8,Y,No,12,3,2,80,0,1,3,3,1,0,0,0,Seek
32,Current employee,Travel_Rarely,601,Sales,7,5,Marketing,1,16421,139876,4,Male,97,3,2,Sales Executive,4,Married,9204,23343,4,Y,No,12,3,3,80,1,7,3,2,4,3,0,3,GlassDoor
32,Current employee,Travel_Rarely,601,Sales,7,5,Marketing,1,16424,139879,4,Male,97,3,2,Sales Executive,4,Married,9204,23343,5,Y,No,12,3,3,80,1,7,3,2,4,3,0,3,GlassDoor
32,Current employee,Travel_Rarely,601,Sales,7,5,Marketing,1,16427,139882,4,Male,97,3,2,Sales Executive,4,Married,9204,23343,4,Y,No,12,3,3,80,1,7,3,2,4,3,0,3,GlassDoor
32,Current employee,Travel_Rarely,601,Sales,7,5,Marketing,1,16428,139883,4,Male,97,3,2,Sales Executive,4,Married,9204,23343,5,Y,No,12,3,3,80,1,7,3,2,4,3,0,3,GlassDoor
32,Current employee,Travel_Rarely,601,Sales,7,5,Marketing,1,16429,139884,4,Male,97,3,2,Sales Executive,4,Married,9204,23343,4,Y,No,12,3,3,80,1,7,3,2,4,3,0,3,GlassDoor
32,Current employee,Travel_Rarely,601,Sales,7,5,Marketing,1,16432,139887,4,Male,97,3,2,Sales Executive,4,Married,9204,23343,5,Y,No,12,3,3,80,1,7,3,2,4,3,0,3,GlassDoor
32,Current employee,Travel_Rarely,601,Sales,7,5,Marketing,1,16435,139890,4,Male,97,3,2,Sales Executive,4,Married,2011,23522,1,Y,No,13,3,4,80,1,10,5,3,10,5,7,7,Recruit.net
32,Current employee,Travel_Rarely,601,Sales,7,5,Marketing,1,16436,139891,4,Male,97,3,2,Sales Executive,4,Married,9204,23343,5,Y,No,12,3,3,80,1,7,3,2,4,3,0,3,GlassDoor
32,Current employee,Non-Travel,1109,Research & Development,29,4,Medical,1,16539,139994,4,Female,82,4,3,Manufacturing Director,2,Single,7446,8931,1,Y,No,11,4,1,80,0,10,2,3,10,8,4,7,GlassDoor
32,Current employee,Non-Travel,1109,Research & Development,29,4,Technical Degree,1,16541,139996,4,Female,82,4,3,Manufacturing Director,2,Single,7446,8931,1,Y,No,11,3,1,80,0,10,2,3,10,8,4,7,GlassDoor
32,Current employee,Non-Travel,1109,Research & Development,29,4,Medical,1,16544,139999,4,Female,82,4,3,Manufacturing Director,2,Single,7446,8931,1,Y,No,11,3,1,80,0,10,2,3,10,8,4,7,GlassDoor
32,Current employee,Non-Travel,1109,Research & Development,29,4,Technical Degree,1,16545,140000,4,Female,82,4,3,Manufacturing Director,2,Single,7446,8931,1,Y,No,11,3,1,80,0,10,2,3,10,8,4,7,GlassDoor
32,Current employee,Non-Travel,1109,Research & Development,29,4,Medical,1,16547,140002,4,Female,82,4,3,Manufacturing Director,2,Single,7446,8931,1,Y,No,11,4,1,80,0,10,2,3,10,8,4,7,GlassDoor
32,Current employee,Non-Travel,1109,Research & Development,29,4,Technical Degree,1,16549,140004,4,Female,82,4,3,Manufacturing Director,2,Single,7446,8931,1,Y,No,11,3,1,80,0,10,2,3,10,8,4,7,GlassDoor
32,Current employee,Non-Travel,1109,Research & Development,29,4,Medical,1,16552,140007,4,Female,82,4,3,Manufacturing Director,2,Single,7446,8931,1,Y,No,11,3,1,80,0,10,2,3,10,8,4,7,GlassDoor
32,Current employee,Non-Travel,1109,Research & Development,29,4,Technical Degree,1,16553,140008,4,Female,82,4,3,Manufacturing Director,2,Single,7446,8931,1,Y,No,11,3,1,80,0,10,2,3,10,8,4,7,GlassDoor
32,Current employee,Travel_Rarely,495,Research & Development,10,3,Medical,1,17205,140660,3,Male,64,3,3,Manager,4,Single,11244,21072,2,Y,No,25,3,2,80,0,10,5,4,5,2,0,0,Company Website
32,Current employee,Travel_Rarely,495,Research & Development,10,3,Medical,1,17207,140662,3,Male,64,3,3,Manager,4,Single,11244,21072,1,Y,No,25,3,2,80,0,10,5,4,5,2,0,0,Company Website
32,Current employee,Travel_Rarely,495,Research & Development,10,3,Medical,1,17211,140666,3,Male,64,3,3,Manager,4,Single,11244,21072,2,Y,No,25,4,2,80,0,10,5,4,5,2,0,0,Company Website
32,Current employee,Travel_Rarely,495,Research & Development,10,3,Medical,1,17212,140667,3,Male,64,3,3,Manager,4,Single,11244,21072,1,Y,No,25,4,2,80,0,10,5,4,5,2,0,0,Company Website
32,Current employee,Travel_Rarely,495,Research & Development,10,3,Medical,1,17213,140668,3,Male,64,3,3,Manager,4,Single,11244,21072,2,Y,No,25,3,2,80,0,10,5,4,5,2,0,0,Company Website
32,Current employee,Travel_Rarely,495,Research & Development,10,3,Medical,1,17215,140670,3,Male,64,3,3,Manager,4,Single,11244,21072,1,Y,No,25,3,2,80,0,10,5,4,5,2,0,0,Company Website
32,Current employee,Travel_Rarely,495,Research & Development,10,3,Medical,1,17218,140673,3,Male,64,3,3,Manager,4,Single,1859,23577,1,Y,Yes,25,4,2,80,0,1,2,4,1,1,0,0,Seek
32,Current employee,Travel_Rarely,495,Research & Development,10,3,Medical,1,17219,140674,3,Male,64,3,3,Manager,4,Single,11244,21072,1,Y,No,25,4,2,80,0,10,5,4,5,2,0,0,Company Website
32,Current employee,Travel_Rarely,604,Sales,8,3,Medical,1,17417,140872,4,Male,84,2,1,Laboratory Technician,2,Married,4841,24052,4,Y,No,14,3,2,80,1,4,3,3,1,0,0,0,Jora
32,Current employee,Travel_Rarely,604,Sales,8,3,Medical,1,17419,140874,4,Male,84,2,1,Laboratory Technician,2,Married,4841,24052,1,Y,No,14,3,2,80,1,4,3,3,1,0,0,0,Jora
32,Current employee,Travel_Rarely,604,Sales,8,3,Medical,1,17420,140875,4,Male,84,2,1,Laboratory Technician,2,Married,4841,24052,4,Y,No,14,3,2,80,1,4,3,3,1,0,0,0,Jora
32,Current employee,Travel_Rarely,604,Sales,8,3,Medical,1,17421,140876,4,Male,84,2,1,Laboratory Technician,2,Married,4841,24052,1,Y,No,14,3,2,80,1,4,3,3,1,0,0,0,Jora
32,Current employee,Travel_Rarely,604,Sales,8,3,Medical,1,17425,140880,4,Male,84,2,1,Laboratory Technician,2,Married,4841,24052,4,Y,No,14,3,2,80,1,4,3,3,1,0,0,0,Jora
32,Current employee,Travel_Rarely,604,Sales,8,3,Medical,1,17427,140882,4,Male,84,2,1,Laboratory Technician,2,Married,4841,24052,1,Y,No,14,3,2,80,1,4,3,3,1,0,0,0,Jora
32,Current employee,Travel_Rarely,604,Sales,8,3,Medical,1,17428,140883,4,Male,84,2,1,Laboratory Technician,2,Married,4841,24052,4,Y,No,14,3,2,80,1,4,3,3,1,0,0,0,Jora
32,Current employee,Travel_Rarely,604,Sales,8,3,Medical,1,17429,140884,4,Male,84,2,1,Laboratory Technician,2,Married,4841,24052,,Y,No,14,3,2,80,1,4,3,3,1,0,0,0,Jora
32,Current employee,Travel_Rarely,824,Research & Development,5,2,Life Sciences,1,17620,141075,4,Female,67,2,2,Research Scientist,2,Married,5878,15624,3,Y,No,12,3,1,80,1,12,2,3,7,1,2,5,LinkedIn
32,Current employee,Travel_Rarely,824,Research & Development,5,2,Life Sciences,1,17622,141077,4,Female,67,2,2,Research Scientist,2,Married,5878,15624,3,Y,No,12,3,1,80,1,12,2,3,7,1,2,5,LinkedIn
32,Current employee,Travel_Rarely,824,Research & Development,5,2,Life Sciences,1,17624,141079,4,Female,67,2,2,Research Scientist,2,Married,5878,15624,3,Y,No,12,3,1,80,1,12,2,3,7,1,2,5,LinkedIn
32,Current employee,Travel_Rarely,824,Research & Development,5,2,Life Sciences,1,17625,141080,4,Female,67,2,2,Research Scientist,2,Married,5878,15624,3,Y,No,12,3,1,80,1,12,2,3,7,1,2,5,LinkedIn
32,Current employee,Travel_Rarely,824,Research & Development,5,2,Life Sciences,1,17628,141083,4,Female,67,2,2,Research Scientist,2,Married,5878,15624,3,Y,No,12,3,1,80,1,12,2,3,7,1,2,5,LinkedIn
32,Current employee,Travel_Rarely,824,Research & Development,5,2,Life Sciences,1,17630,141085,4,Female,67,2,2,Research Scientist,2,Married,5878,15624,3,Y,No,12,3,1,80,1,12,2,3,7,1,2,5,LinkedIn
32,Current employee,Travel_Rarely,824,Research & Development,5,2,Life Sciences,1,17632,141087,4,Female,67,2,2,Research Scientist,2,Married,17924,4544,1,Y,No,11,3,2,80,1,9,3,3,4,2,1,3,Jora
32,Current employee,Travel_Rarely,824,Research & Development,5,2,Life Sciences,1,17633,141088,4,Female,67,2,2,Research Scientist,2,Married,8392,23343,1,Y,No,16,3,3,80,1,10,2,3,10,7,0,7,Company Website
32,Current employee,Non-Travel,1200,Research & Development,1,4,Technical Degree,1,17808,141263,4,Male,62,3,2,Research Scientist,1,Married,4087,25174,4,Y,No,14,3,2,80,1,9,3,2,6,5,1,2,LinkedIn
32,Current employee,Non-Travel,1200,Research & Development,1,4,Life Sciences,1,17810,141265,4,Male,62,3,2,Research Scientist,1,Married,4087,25174,2,Y,No,14,3,2,80,1,9,3,2,6,5,1,2,LinkedIn
32,Current employee,Non-Travel,1200,Research & Development,1,4,Technical Degree,1,17812,141267,4,Male,62,3,2,Research Scientist,1,Married,4087,25174,4,Y,No,14,3,2,80,1,9,3,2,6,5,1,2,LinkedIn
32,Current employee,Non-Travel,1200,Research & Development,1,4,Life Sciences,1,17813,141268,4,Male,62,3,2,Research Scientist,1,Married,4087,25174,2,Y,No,14,3,2,80,1,9,3,2,6,5,1,2,LinkedIn
32,Current employee,Non-Travel,1200,Research & Development,1,4,Technical Degree,1,17816,141271,4,Male,62,3,2,Research Scientist,1,Married,4087,25174,4,Y,No,14,3,2,80,1,9,3,2,6,5,1,2,LinkedIn
32,Current employee,Non-Travel,1200,Research & Development,1,4,Life Sciences,1,17817,141272,4,Male,62,3,2,Research Scientist,1,Married,4087,25174,2,Y,No,14,3,2,80,1,9,3,2,6,5,1,2,LinkedIn
32,Current employee,Non-Travel,1200,Research & Development,1,4,Technical Degree,1,17819,141274,4,Male,62,3,2,Research Scientist,1,Married,4087,25174,4,Y,No,14,3,2,80,1,9,3,2,6,5,1,2,LinkedIn
32,Current employee,Non-Travel,1200,Research & Development,1,4,Life Sciences,1,17820,141275,4,Male,62,3,2,Research Scientist,1,Married,4087,25174,2,Y,No,14,3,2,80,1,9,3,2,6,5,1,2,LinkedIn
32,Current employee,Travel_Rarely,495,Research & Development,10,3,Medical,1,18050,141505,4,Male,86,2,5,Manager,4,Single,19613,26362,8,Y,No,22,3,4,80,0,24,2,3,1,,0,1,Seek
32,Current employee,Travel_Rarely,495,Research & Development,10,3,Medical,1,18052,141507,4,Male,86,2,5,Manager,4,Single,19613,26362,1,Y,No,22,3,4,80,0,24,2,3,1,0,0,1,Seek
32,Current employee,Travel_Rarely,495,Research & Development,10,3,Medical,1,18053,141508,4,Male,86,2,5,Manager,4,Single,19613,26362,8,Y,No,22,4,4,80,0,24,2,3,1,0,0,1,Seek
32,Current employee,Travel_Rarely,495,Research & Development,10,3,Medical,1,18054,141509,4,Male,86,2,5,Manager,4,Single,19613,26362,1,Y,No,22,4,4,80,0,24,2,3,1,0,0,1,Seek
32,Current employee,Travel_Rarely,495,Research & Development,10,3,Medical,1,18058,141513,4,Male,86,2,5,Manager,4,Single,19613,26362,8,Y,No,22,3,4,80,0,24,2,3,1,0,0,1,Seek
32,Current employee,Travel_Rarely,495,Research & Development,10,3,Medical,1,18060,141515,4,Male,86,2,5,Manager,4,Single,19613,26362,1,Y,No,22,3,4,80,0,24,2,3,1,0,0,1,Seek
32,Current employee,Travel_Rarely,495,Research & Development,10,3,Medical,1,18061,141516,4,Male,86,2,5,Manager,4,Single,19613,26362,8,Y,No,22,4,4,80,0,24,2,3,1,0,0,1,Seek
32,Current employee,Travel_Rarely,495,Research & Development,10,3,Medical,1,18062,141517,4,Male,86,2,5,Manager,4,Single,19613,26362,1,Y,No,22,4,4,80,0,24,2,3,1,0,0,1,Seek
32,Current employee,Travel_Rarely,634,Research & Development,5,4,Other,1,18200,141655,2,Female,35,4,1,Research Scientist,4,Married,3312,18783,3,Y,No,17,4,4,80,2,6,3,3,3,2,0,2,GlassDoor
32,Current employee,Travel_Rarely,634,Research & Development,5,4,Life Sciences,1,18203,141658,2,Female,35,4,1,Research Scientist,4,Married,3312,18783,3,Y,No,17,4,4,80,2,6,3,3,3,2,0,2,GlassDoor
32,Current employee,Travel_Rarely,634,Research & Development,5,4,Other,1,18206,141661,2,Female,35,4,1,Research Scientist,4,Married,3312,18783,3,Y,No,17,3,4,80,2,6,3,3,3,2,0,2,GlassDoor
32,Current employee,Travel_Rarely,634,Research & Development,5,4,Life Sciences,1,18207,141662,2,Female,35,4,1,Research Scientist,4,Married,3312,18783,3,Y,No,17,3,4,80,2,6,3,3,3,2,0,2,GlassDoor
32,Current employee,Travel_Rarely,634,Research & Development,5,4,Life Sciences,1,18210,141665,2,Female,35,4,1,Research Scientist,4,Married,3312,18783,3,Y,No,17,4,4,80,2,6,3,3,3,2,0,2,GlassDoor
32,Current employee,Travel_Rarely,634,Research & Development,5,4,Other,1,18213,141668,2,Female,35,4,1,Research Scientist,4,Married,3312,18783,3,Y,No,17,3,4,80,2,6,3,3,3,2,0,2,GlassDoor
32,Current employee,Travel_Rarely,634,Research & Development,5,4,Life Sciences,1,18214,141669,2,Female,35,4,1,Research Scientist,4,Married,5985,23352,4,Y,No,11,3,2,80,0,10,1,4,2,2,0,2,Recruit.net
32,Current employee,Travel_Rarely,977,Research & Development,2,3,Medical,1,18660,142115,4,Male,87,1,2,Sales Executive,4,Divorced,5440,22098,6,Y,Yes,14,3,4,80,2,7,2,2,2,2,2,2,Seek
32,Current employee,Travel_Rarely,977,Research & Development,2,3,Life Sciences,1,18661,142116,4,Male,87,1,2,Sales Executive,4,Divorced,5440,22098,4,Y,Yes,14,3,4,80,2,7,2,2,2,2,2,2,Seek
32,Current employee,Travel_Rarely,977,Research & Development,2,3,Medical,1,18663,142118,4,Male,87,1,2,Sales Executive,4,Divorced,5440,22098,6,Y,Yes,14,3,4,80,2,7,2,2,2,2,2,2,Seek
32,Current employee,Travel_Rarely,977,Research & Development,2,3,Life Sciences,1,18664,142119,4,Male,87,1,2,Sales Executive,4,Divorced,5440,22098,4,Y,Yes,14,3,4,80,2,7,2,2,2,2,2,2,Seek
32,Current employee,Travel_Rarely,977,Research & Development,2,3,Medical,1,18668,142123,4,Male,87,1,2,Sales Executive,4,Divorced,5440,22098,6,Y,Yes,14,3,4,80,2,7,2,2,2,2,2,2,Seek
32,Current employee,Travel_Rarely,977,Research & Development,2,3,Life Sciences,1,18669,142124,4,Male,87,1,2,Sales Executive,4,Divorced,5440,22098,4,Y,Yes,14,3,4,80,2,7,2,2,2,2,2,2,Seek
32,Current employee,Travel_Rarely,977,Research & Development,2,3,Medical,1,18671,142126,4,Male,87,1,2,Sales Executive,4,Divorced,5440,22098,6,Y,Yes,14,3,4,80,2,7,2,2,2,2,2,2,Seek
32,Current employee,Travel_Rarely,977,Research & Development,2,3,Life Sciences,1,18672,142127,4,Male,87,1,2,Sales Executive,4,Divorced,5440,22098,4,Y,Yes,14,3,4,80,2,7,2,2,2,2,2,2,Seek
32,Current employee,Travel_Rarely,977,Research & Development,2,3,Medical,1,19029,142484,4,Male,45,3,2,Research Scientist,2,Divorced,5470,25518,0,Y,No,13,3,3,80,2,10,4,2,9,5,1,6,Jora
32,Current employee,Travel_Rarely,977,Research & Development,2,3,Life Sciences,1,19031,142486,4,Male,45,3,2,Research Scientist,2,Divorced,5470,25518,2,Y,No,13,3,3,80,2,10,4,2,9,5,1,6,Jora
32,Current employee,Travel_Rarely,977,Research & Development,2,3,Medical,1,19033,142488,4,Male,45,3,2,Research Scientist,2,Divorced,5470,25518,0,Y,No,13,3,3,80,2,10,4,2,9,5,1,6,Jora
32,Current employee,Travel_Rarely,977,Research & Development,2,3,Life Sciences,1,19034,142489,4,Male,45,3,2,Research Scientist,2,Divorced,5470,25518,2,Y,No,13,3,3,80,2,10,4,2,9,5,1,6,Jora
32,Current employee,Travel_Rarely,977,Research & Development,2,3,Medical,1,19037,142492,4,Male,45,3,2,Research Scientist,2,Divorced,5470,25518,0,Y,No,13,3,3,80,2,10,4,2,9,5,1,6,Jora
32,Current employee,Travel_Rarely,977,Research & Development,2,3,Life Sciences,1,19039,142494,4,Male,45,3,2,Research Scientist,2,Divorced,5470,25518,2,Y,No,13,3,3,80,2,10,4,2,9,5,1,6,Jora
32,Current employee,Travel_Rarely,977,Research & Development,2,3,Medical,1,19041,142496,4,Male,45,3,2,Research Scientist,2,Divorced,5470,25518,0,Y,No,13,3,3,80,2,10,4,2,9,5,1,6,Jora
32,Current employee,Travel_Rarely,977,Research & Development,2,3,Life Sciences,1,19042,142497,4,Male,45,3,2,Research Scientist,2,Divorced,5470,25518,2,Y,No,13,3,3,80,2,10,4,2,9,5,1,6,Jora
32,Current employee,Travel_Frequently,585,Research & Development,10,3,Life Sciences,1,19602,143057,1,Male,56,3,1,Research Scientist,3,Married,3433,17360,6,Y,No,13,3,1,80,1,10,3,2,5,2,1,3,Seek
32,Current employee,Travel_Frequently,585,Research & Development,10,3,Medical,1,19605,143060,1,Male,56,3,1,Research Scientist,3,Married,3433,17360,3,Y,No,13,3,1,80,1,10,3,2,5,2,1,3,Seek
32,Current employee,Travel_Frequently,585,Research & Development,10,3,Life Sciences,1,19606,143061,1,Male,56,3,1,Research Scientist,3,Married,3433,17360,6,Y,No,13,3,1,80,1,10,3,2,5,2,1,3,Seek
32,Current employee,Travel_Frequently,585,Research & Development,10,3,Medical,1,19607,143062,1,Male,56,3,1,Research Scientist,3,Married,3433,17360,3,Y,No,13,3,1,80,1,10,3,2,5,2,1,3,Seek
32,Current employee,Travel_Frequently,585,Research & Development,10,3,Life Sciences,1,19610,143065,1,Male,56,3,1,Research Scientist,3,Married,3433,17360,6,Y,No,13,3,1,80,1,10,3,2,5,2,1,3,Seek
32,Current employee,Travel_Frequently,585,Research & Development,10,3,Medical,1,19613,143068,1,Male,56,3,1,Research Scientist,3,Married,3433,17360,3,Y,No,13,3,1,80,1,10,3,2,5,2,1,3,Seek
32,Current employee,Travel_Frequently,585,Research & Development,10,3,Life Sciences,1,19614,143069,1,Male,56,3,1,Research Scientist,3,Married,3433,17360,6,Y,No,13,3,1,80,1,10,3,2,5,2,1,3,Seek
32,Current employee,Travel_Frequently,585,Research & Development,10,3,Medical,1,19615,143070,1,Male,56,3,1,Research Scientist,3,Married,3433,17360,3,Y,No,13,3,1,80,1,10,3,2,5,2,1,3,Seek
32,Current employee,Non-Travel,1146,Research & Development,15,4,Medical,1,19699,143154,4,Male,91,3,2,Manufacturing Director,3,Married,6883,5151,2,Y,No,16,3,2,80,1,17,3,3,7,7,0,7,Company Website
32,Current employee,Non-Travel,1146,Research & Development,15,4,Medical,1,19700,143155,4,Male,91,3,2,Manufacturing Director,3,Married,6883,5151,1,Y,No,16,3,2,80,1,17,3,3,7,7,0,7,Company Website
32,Current employee,Non-Travel,1146,Research & Development,15,4,Medical,1,19702,143157,4,Male,91,3,2,Manufacturing Director,3,Married,6883,5151,2,Y,No,16,3,2,80,1,17,3,3,7,7,0,7,Company Website
32,Current employee,Non-Travel,1146,Research & Development,15,4,Medical,1,19703,143158,4,Male,91,3,2,Manufacturing Director,3,Married,6883,5151,1,Y,No,16,3,2,80,1,17,3,3,7,7,0,7,Company Website
32,Current employee,Non-Travel,1146,Research & Development,15,4,Medical,1,19707,143162,4,Male,91,3,2,Manufacturing Director,3,Married,6883,5151,2,Y,No,16,3,2,80,1,17,3,3,7,7,0,7,Company Website
32,Current employee,Non-Travel,1146,Research & Development,15,4,Medical,1,19708,143163,4,Male,91,3,2,Manufacturing Director,3,Married,6883,5151,1,Y,No,16,3,2,80,1,17,3,3,7,7,0,7,Company Website
32,Current employee,Non-Travel,1146,Research & Development,15,4,Medical,1,19710,143165,4,Male,91,3,2,Manufacturing Director,3,Married,6883,5151,2,Y,No,16,3,2,80,1,17,3,3,7,7,0,7,Company Website
32,Current employee,Non-Travel,1146,Research & Development,15,4,Medical,1,19711,143166,4,Male,91,3,2,Manufacturing Director,3,Married,6883,5151,1,Y,No,16,3,2,80,1,17,3,3,7,7,0,7,Company Website
32,Current employee,Travel_Rarely,371,Sales,19,3,Life Sciences,1,19842,143297,4,Male,80,1,3,Sales Executive,3,Married,9610,3840,3,Y,No,13,3,3,80,1,10,2,1,4,3,0,2,Adzuna
32,Current employee,Travel_Rarely,371,Sales,19,3,Medical,1,19845,143300,4,Male,80,1,3,Sales Executive,3,Married,9610,3840,7,Y,No,13,3,3,80,1,10,2,1,4,3,0,2,Adzuna
32,Current employee,Travel_Rarely,371,Sales,19,3,Life Sciences,1,19846,143301,4,Male,80,1,3,Sales Executive,3,Married,9610,3840,3,Y,No,13,3,3,80,1,10,2,1,4,3,0,2,Adzuna
32,Current employee,Travel_Rarely,371,Sales,19,3,Medical,1,19847,143302,4,Male,80,1,3,Sales Executive,3,Married,9610,3840,7,Y,No,13,3,3,80,1,10,2,1,4,3,0,2,Adzuna
32,Current employee,Travel_Rarely,371,Sales,19,3,Life Sciences,1,19850,143305,4,Male,80,1,3,Sales Executive,3,Married,9610,3840,3,Y,No,13,3,3,80,1,10,2,1,4,3,0,2,Adzuna
32,Current employee,Travel_Rarely,371,Sales,19,3,Medical,1,19853,143308,4,Male,80,1,3,Sales Executive,3,Married,9610,3840,7,Y,No,13,3,3,80,1,10,2,1,4,3,0,2,Adzuna
32,Current employee,Travel_Rarely,371,Sales,19,3,Life Sciences,1,19854,143309,4,Male,80,1,3,Sales Executive,3,Married,9610,3840,3,Y,No,13,3,3,80,1,10,2,1,4,3,0,2,Adzuna
32,Current employee,Travel_Rarely,371,Sales,19,3,Medical,1,19855,143310,4,Male,80,1,3,Sales Executive,3,Married,9610,3840,7,Y,No,13,3,3,80,1,10,2,1,4,3,0,2,Adzuna
32,Current employee,Travel_Rarely,234,Sales,1,4,Medical,1,19875,143330,4,Female,91,1,3,Human Resources,3,Married,9756,6595,4,Y,No,21,3,3,80,2,9,2,4,5,0,0,3,Company Website
32,Current employee,Travel_Rarely,234,Sales,1,4,Life Sciences,1,19876,143331,4,Female,91,1,3,Human Resources,3,Married,9756,6595,0,Y,No,21,3,3,80,2,9,2,4,5,0,0,3,Company Website
32,Current employee,Travel_Rarely,234,Sales,1,4,Medical,1,19878,143333,4,Female,91,1,3,Human Resources,3,Married,9756,6595,4,Y,No,21,4,3,80,2,9,2,4,5,0,0,3,Company Website
32,Current employee,Travel_Rarely,234,Sales,1,4,Life Sciences,1,19879,143334,4,Female,91,1,3,Human Resources,3,Married,9756,6595,0,Y,No,21,4,3,80,2,9,2,4,5,0,0,3,Company Website
32,Current employee,Travel_Rarely,234,Sales,1,4,Medical,1,19883,143338,4,Female,91,1,3,Human Resources,3,Married,9756,6595,4,Y,No,21,3,3,80,2,9,2,4,5,0,0,3,Company Website
32,Current employee,Travel_Rarely,234,Sales,1,4,Life Sciences,1,19884,143339,4,Female,91,1,3,Human Resources,3,Married,9756,6595,0,Y,No,21,3,3,80,2,9,2,4,5,0,0,3,Company Website
32,Current employee,Travel_Rarely,234,Sales,1,4,Medical,1,19886,143341,4,Female,91,1,3,Human Resources,3,Married,9756,6595,4,Y,No,21,4,3,80,2,9,2,4,5,0,0,3,Company Website
32,Current employee,Non-Travel,953,Research & Development,5,4,Technical Degree,1,20141,143596,2,Male,65,3,1,Research Scientist,2,Single,2718,17674,2,Y,No,14,3,2,80,0,12,3,3,7,7,0,7,Seek
32,Current employee,Non-Travel,953,Research & Development,5,4,Life Sciences,1,20144,143599,2,Male,65,3,1,Research Scientist,2,Single,2718,17674,3,Y,No,14,3,2,80,0,12,3,3,7,7,0,7,Seek
32,Current employee,Non-Travel,953,Research & Development,5,4,Technical Degree,1,20145,143600,2,Male,65,3,1,Research Scientist,2,Single,2718,17674,2,Y,No,14,3,2,80,0,12,3,3,7,7,0,7,Seek
32,Current employee,Non-Travel,953,Research & Development,5,4,Life Sciences,1,20146,143601,2,Male,65,3,1,Research Scientist,2,Single,2718,17674,3,Y,No,14,3,2,80,0,12,3,3,7,7,0,7,Seek
32,Current employee,Non-Travel,953,Research & Development,5,4,Technical Degree,1,20149,143604,2,Male,65,3,1,Research Scientist,2,Single,2718,17674,2,Y,No,14,3,2,80,0,12,3,3,7,7,0,7,Seek
32,Current employee,Non-Travel,953,Research & Development,5,4,Life Sciences,1,20152,143607,2,Male,65,3,1,Research Scientist,2,Single,2718,17674,3,Y,No,14,3,2,80,0,12,3,3,7,7,0,7,Seek
32,Current employee,Non-Travel,953,Research & Development,5,4,Technical Degree,1,20153,143608,2,Male,65,3,1,Research Scientist,2,Single,2718,17674,2,Y,No,14,3,2,80,0,12,3,3,7,7,0,7,Seek
32,Current employee,Non-Travel,953,Research & Development,5,4,Life Sciences,1,20154,143609,2,Male,65,3,1,Research Scientist,2,Single,3149,23352,8,Y,No,20,4,2,80,1,9,3,3,5,2,1,4,Adzuna
32,Current employee,Travel_Frequently,116,Research & Development,13,3,Other,1,20892,144347,4,Female,94,3,1,Research Scientist,1,Married,3591,12719,1,Y,No,25,3,3,80,1,3,3,3,3,2,1,2,Company Website
32,Current employee,Travel_Frequently,116,Research & Development,13,3,Medical,1,20894,144349,4,Female,94,3,1,Research Scientist,1,Married,3591,12719,3,Y,No,25,3,3,80,1,3,3,3,3,2,1,2,Company Website
32,Current employee,Travel_Frequently,116,Research & Development,13,3,Other,1,20897,144352,4,Female,94,3,1,Research Scientist,1,Married,3591,12719,1,Y,No,25,4,3,80,1,3,3,3,3,2,1,2,Company Website
32,Current employee,Travel_Frequently,116,Research & Development,13,3,Medical,1,20898,144353,4,Female,94,3,1,Research Scientist,1,Married,3591,12719,3,Y,No,25,4,3,80,1,3,3,3,3,2,1,2,Company Website
32,Current employee,Travel_Frequently,116,Research & Development,13,3,Other,1,20900,144355,4,Female,94,3,1,Research Scientist,1,Married,3591,12719,1,Y,No,25,3,3,80,1,3,3,3,3,2,1,2,Company Website
32,Current employee,Travel_Frequently,116,Research & Development,13,3,Medical,1,20902,144357,4,Female,94,3,1,Research Scientist,1,Married,3591,12719,3,Y,No,25,3,3,80,1,3,3,3,3,2,1,2,Company Website
32,Current employee,Travel_Frequently,116,Research & Development,13,3,Other,1,20905,144360,4,Female,94,3,1,Research Scientist,1,Married,3591,12719,1,Y,No,25,4,3,80,1,3,3,3,3,2,1,2,Company Website
32,Current employee,Travel_Frequently,116,Research & Development,13,3,Medical,1,20906,144361,4,Female,94,3,1,Research Scientist,1,Married,3591,12719,3,Y,No,25,4,3,80,1,3,3,3,3,2,1,2,Company Website
32,Current employee,Travel_Frequently,1318,Sales,10,4,Marketing,1,21082,144537,4,Male,79,3,2,Sales Executive,4,Single,4648,26075,8,Y,No,13,3,3,80,0,4,2,4,0,0,0,0,Company Website
32,Current employee,Travel_Rarely,634,Research & Development,5,4,Other,1,21083,144538,4,Male,94,3,2,Sales Executive,4,Single,4648,26075,8,Y,No,13,3,3,80,0,4,2,4,0,0,0,0,Company Website
32,Current employee,Travel_Rarely,634,Research & Development,5,4,Life Sciences,1,21084,144539,4,Male,94,3,2,Sales Executive,4,Single,4648,26075,5,Y,No,13,3,3,80,0,4,2,4,0,0,0,0,Company Website
32,Current employee,Travel_Frequently,1318,Sales,10,4,Medical,1,21085,144540,4,Male,79,3,2,Sales Executive,4,Single,4648,26075,6,Y,No,13,3,3,80,0,4,2,4,0,0,0,0,Company Website
32,Current employee,Travel_Frequently,1318,Sales,10,4,Marketing,1,21086,144541,4,Male,79,3,2,Sales Executive,4,Single,4648,26075,8,Y,No,13,3,3,80,0,4,2,4,0,0,0,0,Company Website
32,Current employee,Travel_Rarely,634,Research & Development,5,4,Other,1,21087,144542,4,Male,94,3,2,Sales Executive,4,Single,4648,26075,8,Y,No,13,3,3,80,0,4,2,4,0,0,0,0,Company Website
32,Current employee,Travel_Rarely,634,Research & Development,5,4,Life Sciences,1,21088,144543,4,Male,94,3,2,Sales Executive,4,Single,4648,26075,5,Y,No,13,3,3,80,0,4,2,4,0,0,0,0,Company Website
32,Current employee,Travel_Frequently,1318,Sales,10,4,Medical,1,21089,144544,4,Male,79,3,2,Sales Executive,4,Single,4648,26075,6,Y,No,13,3,3,80,0,4,2,4,0,0,0,0,Company Website
32,Current employee,Travel_Frequently,1318,Sales,10,4,Marketing,1,21090,144545,4,Male,79,3,2,Sales Executive,4,Single,4648,26075,8,Y,No,13,3,3,80,0,4,2,4,0,0,0,0,Company Website
32,Current employee,Travel_Rarely,634,Research & Development,5,4,Other,1,21091,144546,4,Male,94,3,2,Sales Executive,4,Single,4648,26075,8,Y,No,13,3,3,80,0,4,2,4,0,0,0,0,Company Website
32,Current employee,Travel_Rarely,634,Research & Development,5,4,Life Sciences,1,21092,144547,4,Male,94,3,2,Sales Executive,4,Single,4648,26075,5,Y,No,13,3,3,80,0,4,2,4,0,0,0,0,Company Website
32,Current employee,Travel_Frequently,1318,Sales,10,4,Medical,1,21093,144548,4,Male,79,3,2,Sales Executive,4,Single,4648,26075,6,Y,No,13,3,3,80,0,4,2,4,0,0,0,0,Company Website
32,Current employee,Travel_Frequently,1318,Sales,10,4,Marketing,1,21094,144549,4,Male,79,3,2,Sales Executive,4,Single,4648,26075,8,Y,No,13,3,3,80,0,4,2,4,0,0,0,0,Company Website
32,Current employee,Travel_Rarely,634,Research & Development,5,4,Other,1,21095,144550,4,Male,94,3,2,Sales Executive,4,Single,4648,26075,8,Y,No,13,3,3,80,0,4,2,4,0,0,0,0,Company Website
32,Current employee,Travel_Rarely,634,Research & Development,5,4,Life Sciences,1,21096,144551,4,Male,94,3,2,Sales Executive,4,Single,4648,26075,5,Y,No,13,3,3,80,0,4,2,4,0,0,0,0,Company Website
32,Current employee,Travel_Frequently,1318,Sales,10,4,Medical,1,21097,144552,4,Male,79,3,2,Sales Executive,4,Single,4648,26075,6,Y,No,13,3,3,80,0,4,2,4,0,0,0,0,Company Website
32,Current employee,Travel_Rarely,128,Research & Development,2,1,Technical Degree,1,21705,145160,4,Female,96,3,2,Sales Executive,4,Divorced,6583,20115,2,Y,Yes,11,3,4,80,1,8,2,3,5,2,1,4,Seek
32,Current employee,Travel_Rarely,128,Research & Development,2,1,Life Sciences,1,21706,145161,4,Female,96,3,2,Sales Executive,4,Divorced,6583,20115,4,Y,Yes,11,4,4,80,1,8,2,3,5,2,1,4,Seek
32,Current employee,Travel_Rarely,128,Research & Development,2,1,Technical Degree,1,21710,145165,4,Female,96,3,2,Sales Executive,4,Divorced,6583,20115,2,Y,Yes,11,3,4,80,1,8,2,3,5,2,1,4,Seek
32,Current employee,Travel_Rarely,128,Research & Development,2,1,Life Sciences,1,21711,145166,4,Female,96,3,2,Sales Executive,4,Divorced,6583,20115,4,Y,Yes,11,3,4,80,1,8,2,3,5,2,1,4,Seek
32,Current employee,Travel_Rarely,128,Research & Development,2,1,Technical Degree,1,21713,145168,4,Female,96,3,2,Sales Executive,4,Divorced,6583,20115,2,Y,Yes,11,3,4,80,1,8,2,3,5,2,1,4,Seek
32,Current employee,Travel_Rarely,128,Research & Development,2,1,Life Sciences,1,21714,145169,4,Female,96,3,2,Sales Executive,4,Divorced,6583,20115,4,Y,Yes,11,4,4,80,1,8,2,3,5,2,1,4,Seek
32,Current employee,Travel_Rarely,128,Research & Development,2,1,Technical Degree,1,21718,145173,4,Female,96,3,2,Sales Executive,4,Divorced,6583,20115,2,Y,Yes,11,3,4,80,1,8,2,3,5,2,1,4,Seek
32,Current employee,Travel_Rarely,128,Research & Development,2,1,Life Sciences,1,21719,145174,4,Female,96,3,2,Sales Executive,4,Divorced,6583,20115,4,Y,Yes,11,3,4,80,1,8,2,3,5,2,1,4,Seek
32,Current employee,Travel_Rarely,588,Sales,8,2,Technical Degree,1,21823,145278,4,Male,96,4,1,Sales Representative,1,Single,1091,10642,1,Y,No,17,4,4,80,0,1,3,3,1,0,0,0,Jora
32,Current employee,Travel_Rarely,588,Sales,8,2,Medical,1,21824,145279,4,Male,96,4,1,Sales Representative,1,Single,1091,10642,9,Y,No,17,4,4,80,0,1,3,3,1,0,0,0,Jora
32,Current employee,Travel_Rarely,588,Sales,8,2,Technical Degree,1,21828,145283,4,Male,96,4,1,Sales Representative,1,Single,1091,10642,1,Y,No,17,3,4,80,0,1,3,3,1,0,0,0,Jora
32,Current employee,Travel_Rarely,588,Sales,8,2,Medical,1,21829,145284,4,Male,96,4,1,Sales Representative,1,Single,1091,10642,9,Y,No,17,3,4,80,0,1,3,3,1,0,0,0,Jora
32,Current employee,Travel_Rarely,588,Sales,8,2,Technical Degree,1,21831,145286,4,Male,96,4,1,Sales Representative,1,Single,1091,10642,1,Y,No,17,4,4,80,0,1,3,3,1,0,0,0,Jora
32,Current employee,Travel_Rarely,588,Sales,8,2,Medical,1,21832,145287,4,Male,96,4,1,Sales Representative,1,Single,1091,10642,9,Y,No,17,4,4,80,0,1,3,3,1,0,0,0,Jora
32,Current employee,Travel_Rarely,588,Sales,8,2,Technical Degree,1,21836,145291,4,Male,96,4,1,Sales Representative,1,Single,1091,10642,1,Y,No,17,3,4,80,0,1,3,3,1,0,0,0,Jora
32,Current employee,Travel_Rarely,588,Sales,8,2,Medical,1,21837,145292,4,Male,96,4,1,Sales Representative,1,Single,1091,10642,9,Y,No,17,3,4,80,0,1,3,3,1,0,0,0,Jora
32,Current employee,Non-Travel,1146,Research & Development,15,4,Medical,1,22197,145652,3,Female,33,3,2,Healthcare Representative,4,Divorced,6667,16542,5,Y,No,18,3,2,80,1,9,6,3,5,1,1,2,GlassDoor
32,Current employee,Non-Travel,1146,Research & Development,15,4,Medical,1,22200,145655,3,Female,33,3,2,Healthcare Representative,4,Divorced,6667,16542,0,Y,No,18,3,2,80,1,9,6,3,5,1,1,2,GlassDoor
32,Current employee,Non-Travel,1146,Research & Development,15,4,Medical,1,22201,145656,3,Female,33,3,2,Healthcare Representative,4,Divorced,6667,16542,5,Y,No,18,3,2,80,1,9,6,3,5,1,1,2,GlassDoor
32,Current employee,Non-Travel,1146,Research & Development,15,4,Medical,1,22202,145657,3,Female,33,3,2,Healthcare Representative,4,Divorced,6667,16542,0,Y,No,18,3,2,80,1,9,6,3,5,1,1,2,GlassDoor
32,Current employee,Non-Travel,1146,Research & Development,15,4,Medical,1,22205,145660,3,Female,33,3,2,Healthcare Representative,4,Divorced,6667,16542,5,Y,No,18,3,2,80,1,9,6,3,5,1,1,2,GlassDoor
32,Current employee,Non-Travel,1146,Research & Development,15,4,Medical,1,22208,145663,3,Female,33,3,2,Healthcare Representative,4,Divorced,6667,16542,0,Y,No,18,3,2,80,1,9,6,3,5,1,1,2,GlassDoor
32,Current employee,Non-Travel,1146,Research & Development,15,4,Medical,1,22209,145664,3,Female,33,3,2,Healthcare Representative,4,Divorced,6667,16542,5,Y,No,18,3,2,80,1,9,6,3,5,1,1,2,GlassDoor
32,Current employee,Non-Travel,1146,Research & Development,15,4,Medical,1,22210,145665,3,Female,33,3,2,Healthcare Representative,4,Divorced,6667,16542,0,Y,No,18,3,2,80,1,9,6,3,5,1,1,2,GlassDoor
32,Current employee,Travel_Rarely,1373,Research & Development,5,4,Life Sciences,1,22293,145748,4,Male,33,2,2,Manufacturing Director,4,Single,9679,10138,8,Y,No,24,3,2,80,0,8,1,3,1,0,0,0,Adzuna
32,Current employee,Travel_Rarely,1373,Research & Development,5,4,Life Sciences,1,22296,145751,4,Male,33,2,2,Manufacturing Director,4,Single,9679,10138,1,Y,No,24,3,2,80,0,8,1,3,1,0,0,0,Adzuna
32,Current employee,Travel_Rarely,1373,Research & Development,5,4,Life Sciences,1,22297,145752,4,Male,33,2,2,Manufacturing Director,4,Single,9679,10138,8,Y,No,24,4,2,80,0,8,1,3,1,0,0,0,Adzuna
32,Current employee,Travel_Rarely,1373,Research & Development,5,4,Life Sciences,1,22298,145753,4,Male,33,2,2,Manufacturing Director,4,Single,9679,10138,1,Y,No,24,4,2,80,0,8,1,3,1,0,0,0,Adzuna
32,Current employee,Travel_Rarely,1373,Research & Development,5,4,Life Sciences,1,22301,145756,4,Male,33,2,2,Manufacturing Director,4,Single,9679,10138,8,Y,No,24,3,2,80,0,8,1,3,1,0,0,0,Adzuna
32,Current employee,Travel_Rarely,1373,Research & Development,5,4,Life Sciences,1,22304,145759,4,Male,33,2,2,Manufacturing Director,4,Single,9679,10138,1,Y,No,24,3,2,80,0,8,1,3,1,0,0,0,Adzuna
32,Current employee,Travel_Rarely,1373,Research & Development,5,4,Life Sciences,1,22305,145760,4,Male,33,2,2,Manufacturing Director,4,Single,9679,10138,8,Y,No,24,4,2,80,0,8,1,3,1,0,0,0,Adzuna
32,Current employee,Travel_Rarely,1373,Research & Development,5,4,Life Sciences,1,22306,145761,4,Male,33,2,2,Manufacturing Director,4,Single,9679,10138,1,Y,No,24,4,2,80,0,8,1,3,1,0,0,0,Adzuna
32,Current employee,Travel_Rarely,267,Research & Development,29,4,Life Sciences,1,22807,146262,3,Female,35,2,1,Laboratory Technician,2,Single,2837,15919,1,Y,No,13,4,3,80,0,6,3,3,6,2,4,1,Jora
32,Current employee,Travel_Rarely,267,Research & Development,29,4,Technical Degree,1,22809,146264,3,Female,35,2,1,Laboratory Technician,2,Single,2837,15919,1,Y,No,13,3,3,80,0,6,3,3,6,2,4,1,Jora
32,Current employee,Travel_Rarely,267,Research & Development,29,4,Life Sciences,1,22810,146265,3,Female,35,2,1,Laboratory Technician,2,Single,2837,15919,1,Y,No,13,3,3,80,0,6,3,3,6,2,4,1,Jora
32,Current employee,Travel_Rarely,267,Research & Development,29,4,Technical Degree,1,22811,146266,3,Female,35,2,1,Laboratory Technician,2,Single,2837,15919,1,Y,No,13,3,3,80,0,6,3,3,6,2,4,1,Jora
32,Current employee,Travel_Rarely,267,Research & Development,29,4,Life Sciences,1,22814,146269,3,Female,35,2,1,Laboratory Technician,2,Single,2837,15919,1,Y,No,13,4,3,80,0,6,3,3,6,2,4,1,Jora
32,Current employee,Travel_Rarely,267,Research & Development,29,4,Technical Degree,1,22817,146272,3,Female,35,2,1,Laboratory Technician,2,Single,2837,15919,1,Y,No,13,3,3,80,0,6,3,3,6,2,4,1,Jora
32,Current employee,Travel_Rarely,267,Research & Development,29,4,Life Sciences,1,22818,146273,3,Female,35,2,1,Laboratory Technician,2,Single,2837,15919,1,Y,No,13,3,3,80,0,6,3,3,6,2,4,1,Jora
32,Current employee,Travel_Rarely,267,Research & Development,29,4,Technical Degree,1,22819,146274,3,Female,35,2,1,Laboratory Technician,2,Single,2837,15919,1,Y,No,13,3,3,80,0,6,3,3,6,2,4,1,Jora
32,Current employee,Travel_Rarely,234,Sales,1,4,Medical,1,22838,146293,2,Male,35,2,1,Sales Representative,2,Married,2269,18024,0,Y,No,14,3,2,80,1,3,2,3,2,2,2,2,Seek
32,Current employee,Travel_Rarely,234,Sales,1,4,Life Sciences,1,22840,146295,2,Male,35,2,1,Sales Representative,2,Married,2269,18024,8,Y,No,14,3,2,80,1,3,2,3,2,2,2,2,Seek
32,Current employee,Travel_Rarely,234,Sales,1,4,Medical,1,22842,146297,2,Male,35,2,1,Sales Representative,2,Married,2269,18024,0,Y,No,14,3,2,80,1,3,2,3,2,2,2,2,Seek
32,Current employee,Travel_Rarely,234,Sales,1,4,Life Sciences,1,22843,146298,2,Male,35,2,1,Sales Representative,2,Married,2269,18024,8,Y,No,14,3,2,80,1,3,2,3,2,2,2,2,Seek
32,Current employee,Travel_Rarely,234,Sales,1,4,Medical,1,22846,146301,2,Male,35,2,1,Sales Representative,2,Married,2269,18024,0,Y,No,14,3,2,80,1,3,2,3,2,2,2,2,Seek
32,Current employee,Travel_Rarely,234,Sales,1,4,Life Sciences,1,22848,146303,2,Male,35,2,1,Sales Representative,2,Married,2269,18024,8,Y,No,14,3,2,80,1,3,2,3,2,2,2,2,Seek
32,Current employee,Travel_Rarely,234,Sales,1,4,Medical,1,22850,146305,2,Male,35,2,1,Sales Representative,2,Married,2269,18024,0,Y,No,14,3,2,80,1,3,2,3,2,2,2,2,Seek
32,Current employee,Travel_Rarely,234,Sales,1,4,Life Sciences,1,22851,146306,2,Male,35,2,1,Sales Representative,2,Married,2269,18024,8,Y,No,14,3,2,80,1,3,2,3,2,2,2,2,Seek
32,Current employee,Travel_Rarely,801,Sales,1,4,Marketing,1,22888,146343,3,Female,35,3,3,Sales Executive,4,Married,10422,24032,1,Y,No,19,4,3,80,2,14,3,3,14,10,5,7,Company Website
32,Current employee,Travel_Rarely,801,Sales,1,4,Life Sciences,1,22890,146345,3,Female,35,3,3,Sales Executive,4,Married,10422,24032,4,Y,No,19,3,3,80,2,14,3,3,14,10,5,7,Company Website
32,Current employee,Travel_Rarely,801,Sales,1,4,Marketing,1,22894,146349,3,Female,35,3,3,Sales Executive,4,Married,10422,24032,1,Y,No,19,3,3,80,2,14,3,3,14,10,5,7,Company Website
32,Current employee,Travel_Rarely,801,Sales,1,4,Life Sciences,1,22895,146350,3,Female,35,3,3,Sales Executive,4,Married,10422,24032,4,Y,No,19,3,3,80,2,14,3,3,14,10,5,7,Company Website
32,Current employee,Travel_Rarely,801,Sales,1,4,Marketing,1,22896,146351,3,Female,35,3,3,Sales Executive,4,Married,10422,24032,1,Y,No,19,4,3,80,2,14,3,3,14,10,5,7,Company Website
32,Current employee,Travel_Rarely,801,Sales,1,4,Life Sciences,1,22898,146353,3,Female,35,3,3,Sales Executive,4,Married,10422,24032,4,Y,No,19,3,3,80,2,14,3,3,14,10,5,7,Company Website
32,Current employee,Travel_Rarely,801,Sales,1,4,Marketing,1,22902,146357,3,Female,35,3,3,Sales Executive,4,Married,10422,24032,1,Y,No,19,3,3,80,2,14,3,3,14,10,5,7,Company Website
32,Current employee,Travel_Rarely,801,Sales,1,4,Life Sciences,1,22903,146358,3,Female,35,3,3,Sales Executive,4,Married,10422,24032,4,Y,No,19,3,3,80,2,14,3,3,14,10,5,7,Company Website
32,Current employee,Non-Travel,1200,Research & Development,1,4,Technical Degree,1,23059,146514,4,Male,99,3,1,Research Scientist,4,Married,4787,26124,9,Y,Yes,14,4,2,80,3,4,3,4,2,2,2,2,GlassDoor
32,Current employee,Non-Travel,1200,Research & Development,1,4,Life Sciences,1,23061,146516,4,Male,99,3,1,Research Scientist,4,Married,4787,26124,2,Y,Yes,14,3,2,80,3,4,3,4,2,2,2,2,GlassDoor
32,Current employee,Non-Travel,1200,Research & Development,1,4,Technical Degree,1,23064,146519,4,Male,99,3,1,Research Scientist,4,Married,4787,26124,9,Y,Yes,14,3,2,80,3,4,3,4,2,2,2,2,GlassDoor
32,Current employee,Non-Travel,1200,Research & Development,1,4,Life Sciences,1,23065,146520,4,Male,99,3,1,Research Scientist,4,Married,4787,26124,2,Y,Yes,14,3,2,80,3,4,3,4,2,2,2,2,GlassDoor
32,Current employee,Non-Travel,1200,Research & Development,1,4,Technical Degree,1,23067,146522,4,Male,99,3,1,Research Scientist,4,Married,4787,26124,9,Y,Yes,14,4,2,80,3,4,3,4,2,2,2,2,GlassDoor
32,Current employee,Non-Travel,1200,Research & Development,1,4,Life Sciences,1,23069,146524,4,Male,99,3,1,Research Scientist,4,Married,4787,26124,2,Y,Yes,14,3,2,80,3,4,3,4,2,2,2,2,GlassDoor
32,Current employee,Non-Travel,1200,Research & Development,1,4,Technical Degree,1,23072,146527,4,Male,99,3,1,Research Scientist,4,Married,4787,26124,9,Y,Yes,14,3,2,80,3,4,,4,2,2,2,2,GlassDoor
32,Current employee,Non-Travel,1200,Research & Development,1,4,Life Sciences,1,23073,146528,4,Male,99,3,1,Research Scientist,4,Married,4787,26124,2,Y,Yes,14,3,2,80,3,4,3,4,2,2,2,2,GlassDoor
32,Current employee,Travel_Rarely,529,Research & Development,2,3,Technical Degree,1,23170,146625,4,Male,36,3,1,Research Scientist,1,Single,2439,11288,1,Y,No,14,3,4,80,0,4,4,3,4,2,1,2,GlassDoor
32,Current employee,Travel_Rarely,529,Research & Development,2,3,Life Sciences,1,23172,146627,4,Male,36,3,1,Research Scientist,1,Single,2439,11288,2,Y,No,14,3,4,80,0,4,4,3,4,2,1,2,GlassDoor
32,Current employee,Travel_Rarely,529,Research & Development,2,3,Technical Degree,1,23176,146631,4,Male,36,3,1,Research Scientist,1,Single,2439,11288,1,Y,No,14,3,4,80,0,4,4,3,4,2,1,2,GlassDoor
32,Current employee,Travel_Rarely,529,Research & Development,2,3,Life Sciences,1,23177,146632,4,Male,36,3,1,Research Scientist,1,Single,2439,11288,2,Y,No,14,3,4,80,0,4,4,3,4,2,1,2,GlassDoor
32,Current employee,Travel_Rarely,529,Research & Development,2,3,Technical Degree,1,23178,146633,4,Male,36,3,1,Research Scientist,1,Single,2439,11288,1,Y,No,14,3,4,80,0,4,4,3,4,2,1,2,GlassDoor
32,Current employee,Travel_Rarely,529,Research & Development,2,3,Life Sciences,1,23180,146635,4,Male,36,3,1,Research Scientist,1,Single,2439,11288,2,Y,No,14,3,4,80,0,4,4,3,4,2,1,2,GlassDoor
32,Current employee,Travel_Rarely,529,Research & Development,2,3,Technical Degree,1,23184,146639,4,Male,36,3,1,Research Scientist,1,Single,2439,11288,1,Y,No,14,3,4,80,0,4,4,3,4,2,1,2,GlassDoor
32,Current employee,Travel_Rarely,529,Research & Development,2,3,Life Sciences,1,23185,146640,4,Male,36,3,1,Research Scientist,1,Single,2439,11288,2,Y,No,14,3,4,80,0,4,4,3,4,2,1,2,GlassDoor
32,Current employee,Non-Travel,953,Research & Development,5,4,Technical Degree,1,23237,146692,4,Female,100,2,2,Sales Executive,4,Married,6652,14369,4,Y,No,13,3,1,80,1,8,2,2,6,3,0,0,Seek
32,Current employee,Non-Travel,953,Research & Development,5,4,Life Sciences,1,23238,146693,4,Female,100,2,2,Sales Executive,4,Married,6652,14369,5,Y,No,13,3,1,80,1,8,2,2,6,3,0,0,Seek
32,Current employee,Non-Travel,953,Research & Development,5,4,Technical Degree,1,23240,146695,4,Female,100,2,2,Sales Executive,4,Married,6652,14369,4,Y,No,13,3,1,80,1,8,2,2,6,3,0,0,Seek
32,Current employee,Non-Travel,953,Research & Development,5,4,Life Sciences,1,23241,146696,4,Female,100,2,2,Sales Executive,4,Married,6652,14369,5,Y,No,13,3,1,80,1,8,2,2,6,3,0,0,Seek
32,Current employee,Non-Travel,953,Research & Development,5,4,Technical Degree,1,23244,146700,4,Female,100,2,2,Sales Executive,4,Married,6652,14369,4,Y,No,13,3,1,80,1,8,2,2,6,3,0,0,Seek
32,Current employee,Non-Travel,953,Research & Development,5,4,Life Sciences,1,23244,146701,4,Female,100,2,2,Sales Executive,4,Married,6652,14369,5,Y,No,13,3,1,80,1,8,2,2,6,3,0,0,Seek
32,Current employee,Non-Travel,953,Research & Development,5,4,Technical Degree,1,23244,146703,4,Female,100,2,2,Sales Executive,4,Married,6652,14369,4,Y,No,13,3,1,80,1,8,2,2,6,3,,0,Seek
32,Current employee,Non-Travel,953,Research & Development,5,4,Life Sciences,1,23244,146704,4,Female,100,2,2,Sales Executive,4,Married,6652,14369,5,Y,No,13,3,1,80,1,8,2,2,6,3,0,0,Seek
32,Current employee,Travel_Rarely,529,Research & Development,2,3,Technical Degree,1,23493,146948,4,Male,100,4,2,Laboratory Technician,3,Married,4404,10228,2,Y,No,12,3,1,80,0,6,3,4,4,3,1,2,
32,Current employee,Travel_Rarely,529,Research & Development,2,3,Life Sciences,1,23494,146949,4,Male,100,4,2,Laboratory Technician,3,Married,4404,10228,1,Y,No,12,3,1,80,0,6,3,4,4,3,1,2,LinkedIn
32,Current employee,Travel_Rarely,529,Research & Development,2,3,Technical Degree,1,23496,146951,4,Male,100,4,2,Laboratory Technician,3,Married,4404,10228,2,Y,No,12,3,1,80,0,6,3,4,4,3,1,2,LinkedIn
32,Current employee,Travel_Rarely,529,Research & Development,2,3,Life Sciences,1,23497,146952,4,Male,100,4,2,Laboratory Technician,3,Married,4404,10228,1,Y,No,12,3,1,80,0,6,3,4,4,3,1,2,LinkedIn
32,Current employee,Travel_Rarely,529,Research & Development,2,3,Technical Degree,1,23501,146956,4,Male,100,4,2,Laboratory Technician,3,Married,4404,10228,2,Y,No,12,3,1,80,0,6,3,4,4,3,1,2,LinkedIn
32,Current employee,Travel_Rarely,529,Research & Development,2,3,Life Sciences,1,23502,146957,4,Male,100,4,2,Laboratory Technician,3,Married,4404,10228,1,Y,No,12,3,1,80,0,6,3,4,4,3,1,2,LinkedIn
32,Current employee,Travel_Rarely,529,Research & Development,2,,Technical Degree,1,23407,146959,4,Male,100,4,2,Laboratory Technician,3,Married,4404,10228,2,Y,No,12,3,1,80,0,6,3,4,4,3,1,2,LinkedIn
32,Current employee,Travel_Rarely,529,Research & Development,2,3,Life Sciences,1,23505,146960,4,Male,100,4,2,Laboratory Technician,3,Married,4404,10228,1,Y,No,,,1,80,0,6,3,4,4,3,1,2,LinkedIn
32,,Non-Travel,1184,Research & Development,1,3,Life Sciences,1,10968,134423,3,Female,70,2,1,Laboratory Technician,2,Married,2332,3974,0,Y,No,20,4,3,80,0,5,3,3,3,0,0,2,Jora
50,Voluntary Resignation,Travel_Rarely,869,Sales,3,2,Marketing,1,709,124164,1,Male,86,2,1,Sales Representative,3,Married,2683,3810,1,Y,Yes,14,3,3,80,0,3,2,3,3,2,0,2,Company Website
50,Voluntary Resignation,Travel_Rarely,869,Sales,3,2,Life Sciences,1,711,124166,1,Male,86,2,1,Sales Representative,3,Married,2683,3810,8,Y,Yes,14,4,3,80,0,3,2,3,3,2,0,2,Company Website
50,Voluntary Resignation,Travel_Rarely,869,Sales,3,2,Marketing,1,715,124170,1,Male,86,2,1,Sales Representative,3,Married,2683,3810,1,Y,Yes,14,3,3,80,0,3,2,3,3,2,0,2,Company Website
50,Voluntary Resignation,Travel_Rarely,869,Sales,3,2,Life Sciences,1,716,124171,1,Male,86,2,1,Sales Representative,3,Married,2683,3810,8,Y,Yes,14,3,3,80,0,3,2,3,3,2,0,2,Company Website
50,Voluntary Resignation,Travel_Rarely,869,Sales,3,2,Marketing,1,717,124172,1,Male,86,2,1,Sales Representative,3,Married,2683,3810,1,Y,Yes,14,3,3,80,0,3,2,3,3,2,0,2,Company Website
50,Voluntary Resignation,Travel_Rarely,869,Sales,3,2,Life Sciences,1,719,124174,1,Male,86,2,1,Sales Representative,3,Married,2683,3810,8,Y,Yes,14,4,3,80,0,3,2,3,3,2,0,2,Company Website
50,Voluntary Resignation,Travel_Rarely,869,Sales,3,2,Marketing,1,723,124178,1,Male,86,2,1,Sales Representative,3,Married,2683,3810,1,Y,Yes,14,3,3,80,0,3,2,3,3,2,0,2,Company Website
50,Voluntary Resignation,Travel_Rarely,869,Sales,3,2,Life Sciences,1,724,124179,1,Male,86,2,1,Sales Representative,3,Married,2683,3810,8,Y,Yes,14,3,3,80,0,3,2,3,3,2,0,2,Company Website
50,Voluntary Resignation,Travel_Frequently,562,Sales,8,2,Technical Degree,1,8458,131913,2,Male,50,3,2,Sales Executive,3,Married,6796,23452,3,Y,Yes,14,3,1,80,1,18,4,3,4,3,1,3,Adzuna
50,Voluntary Resignation,Travel_Frequently,562,Sales,8,2,Marketing,1,8460,131915,2,Male,50,3,2,Sales Executive,3,Married,6796,23452,6,Y,Yes,14,3,1,80,1,18,4,3,4,3,1,3,Adzuna
50,Voluntary Resignation,Travel_Frequently,562,Sales,8,2,Technical Degree,1,8464,131919,2,Male,50,3,2,Sales Executive,3,Married,6796,23452,3,Y,Yes,14,3,1,80,1,18,4,3,4,3,1,3,Adzuna
50,Voluntary Resignation,Travel_Frequently,562,Sales,8,2,Marketing,1,8465,131920,2,Male,50,3,2,Sales Executive,3,Married,6796,23452,6,Y,Yes,14,3,1,80,1,18,4,3,4,3,1,3,Adzuna
50,Voluntary Resignation,Travel_Frequently,562,Sales,8,2,Technical Degree,1,8466,131921,2,Male,50,3,2,Sales Executive,3,Married,6796,23452,3,Y,Yes,14,3,1,80,1,18,4,3,4,3,1,3,Adzuna
50,Voluntary Resignation,Travel_Frequently,562,Sales,8,2,Technical Degree,1,8467,131922,2,Male,50,3,2,Sales Executive,3,Married,6796,23452,1,Y,Yes,15,3,3,80,1,9,2,3,9,8,0,8,LinkedIn
50,Voluntary Resignation,Travel_Frequently,562,Sales,8,2,Technical Degree,1,8468,131923,2,Male,50,3,2,Sales Executive,3,Married,6796,23452,1,Y,Yes,17,3,3,80,3,1,3,3,1,1,0,0,Company Website
50,Voluntary Resignation,Travel_Frequently,562,Sales,8,2,Marketing,1,8470,131925,2,Male,50,3,2,Sales Executive,3,Married,6796,23452,6,Y,Yes,14,3,1,80,1,18,4,3,4,3,1,3,Adzuna
50,Voluntary Resignation,Travel_Frequently,562,Sales,8,2,Technical Degree,1,8474,131929,2,Male,50,3,2,Sales Executive,3,Married,6796,23452,3,Y,Yes,14,3,1,80,1,18,4,3,4,3,1,3,Adzuna
50,Voluntary Resignation,Travel_Frequently,562,Sales,8,2,Marketing,1,8475,131930,2,Male,50,3,2,Sales Executive,3,Married,6796,23452,6,Y,Yes,14,3,1,80,1,18,4,3,4,3,1,3,Adzuna
50,Voluntary Resignation,Travel_Frequently,878,Sales,1,4,Life Sciences,1,10065,133520,3,Female,64,2,4,Manufacturing Director,4,Married,13826,19028,3,Y,No,22,4,3,80,0,31,3,3,9,8,0,0,Recruit.net
50,Voluntary Resignation,Travel_Frequently,878,Sales,1,4,Life Sciences,1,10066,133521,3,Female,64,2,4,Manufacturing Director,4,Married,13826,19028,1,Y,No,22,3,3,80,0,31,3,3,9,8,0,0,Recruit.net
50,Voluntary Resignation,Travel_Frequently,878,Sales,1,4,Life Sciences,1,10068,133523,3,Female,64,2,4,Manufacturing Director,4,Married,13826,19028,3,Y,No,22,4,3,80,0,31,3,3,9,8,0,0,Recruit.net
50,Voluntary Resignation,Travel_Frequently,878,Sales,1,4,Life Sciences,1,10069,133524,3,Female,64,2,4,Manufacturing Director,4,Married,13826,19028,1,Y,No,22,4,3,80,0,31,3,3,9,8,0,0,Recruit.net
50,Voluntary Resignation,Travel_Frequently,878,Sales,1,4,Life Sciences,1,10073,133528,3,Female,64,2,4,Manufacturing Director,4,Married,13826,19028,3,Y,No,22,4,3,80,0,31,3,3,9,8,0,0,Recruit.net
50,Voluntary Resignation,Travel_Frequently,878,Sales,1,4,Life Sciences,1,10074,133529,3,Female,64,2,4,Manufacturing Director,4,Married,13826,19028,1,Y,No,22,3,3,80,0,31,3,3,9,8,0,0,Recruit.net
50,Voluntary Resignation,Travel_Frequently,878,Sales,1,4,Life Sciences,1,10076,133531,3,Female,64,2,4,Manufacturing Director,4,Married,13826,19028,3,Y,No,22,4,3,80,0,31,3,3,9,8,0,0,Recruit.net
50,Voluntary Resignation,Travel_Frequently,878,Sales,1,4,Life Sciences,1,10077,133532,3,Female,64,2,4,Manufacturing Director,4,Married,13826,19028,1,Y,No,22,4,3,80,0,31,3,3,9,8,0,0,Recruit.net
50,Voluntary Resignation,Travel_Rarely,869,Sales,3,2,Marketing,1,10192,133647,3,Female,65,2,3,,3,Married,10685,23457,1,Y,Yes,20,4,2,80,1,17,2,3,17,14,5,15,Recruit.net
50,Voluntary Resignation,Travel_Rarely,869,Sales,3,2,Life Sciences,1,10193,133648,3,Female,65,2,3,Manufacturing Director,3,Married,10685,23457,1,Y,Yes,20,3,2,80,1,17,2,3,17,14,5,15,Recruit.net
50,Voluntary Resignation,Travel_Rarely,869,Sales,3,2,Marketing,1,10197,133652,3,Female,65,2,3,Manufacturing Director,3,Married,10685,23457,1,Y,Yes,20,4,2,80,1,17,2,3,17,14,5,15,Recruit.net
50,Voluntary Resignation,Travel_Rarely,869,Sales,3,2,Life Sciences,1,10198,133653,3,Female,65,2,3,Manufacturing Director,3,Married,10685,23457,1,Y,Yes,20,4,2,80,1,17,2,3,17,14,5,15,Recruit.net
50,Voluntary Resignation,Travel_Rarely,869,Sales,3,2,Marketing,1,10200,133655,3,Female,65,2,3,Manufacturing Director,3,Married,10685,23457,1,Y,Yes,20,4,2,80,1,17,2,3,17,14,5,15,Recruit.net
50,Voluntary Resignation,Travel_Rarely,869,Sales,3,2,Life Sciences,1,10201,133656,3,Female,65,2,3,Manufacturing Director,3,Married,10685,23457,1,Y,Yes,20,3,2,80,1,17,2,3,17,14,5,15,Recruit.net
50,Voluntary Resignation,Travel_Rarely,869,Sales,3,2,Marketing,1,10205,133660,3,Female,65,2,3,Manufacturing Director,3,Married,10685,23457,1,Y,Yes,20,4,2,80,1,17,2,3,17,14,5,15,Recruit.net
50,Voluntary Resignation,Travel_Rarely,869,Sales,3,2,Life Sciences,1,10206,133661,3,Female,65,2,3,Manufacturing Director,3,Married,10685,23457,1,Y,Yes,20,4,2,80,1,17,2,3,17,14,5,15,Recruit.net
50,Voluntary Resignation,Travel_Rarely,410,Sales,28,3,Marketing,1,12672,136127,3,Male,72,2,3,Healthcare Representative,4,Divorced,7119,21214,4,Y,No,15,3,3,80,1,9,2,3,3,2,1,2,Jora
50,Voluntary Resignation,Travel_Rarely,410,Sales,28,3,Technical Degree,1,12674,136129,3,Male,72,2,3,Healthcare Representative,4,Divorced,7119,21214,0,Y,No,15,3,3,80,1,9,2,3,3,2,1,2,Jora
50,Voluntary Resignation,Travel_Rarely,410,Sales,28,3,Marketing,1,12677,136132,3,Male,72,2,3,Healthcare Representative,4,Divorced,7119,21214,4,Y,No,15,3,3,80,1,9,2,3,3,2,1,2,Jora
50,Voluntary Resignation,Travel_Rarely,410,Sales,28,3,Technical Degree,1,12678,136133,3,Male,72,2,3,Healthcare Representative,4,Divorced,7119,21214,0,Y,No,15,3,3,80,1,9,2,3,3,2,1,2,Jora
50,Voluntary Resignation,Travel_Rarely,410,Sales,28,3,Marketing,1,12680,136135,3,Male,72,2,3,Healthcare Representative,4,Divorced,7119,21214,4,Y,No,15,3,3,80,1,9,2,3,3,2,1,2,Jora
50,Voluntary Resignation,Travel_Rarely,410,Sales,28,3,Technical Degree,1,12682,136137,3,Male,72,2,3,Healthcare Representative,4,Divorced,7119,21214,0,Y,No,15,3,3,80,1,9,2,3,3,2,1,2,Jora
50,Voluntary Resignation,Travel_Rarely,410,Sales,28,3,Marketing,1,12685,136140,3,Male,72,2,3,Healthcare Representative,4,Divorced,7119,21214,4,Y,No,15,3,3,80,1,9,2,3,3,2,1,2,Jora
50,Voluntary Resignation,Travel_Rarely,410,Sales,28,3,Technical Degree,1,12686,136141,3,Male,72,2,3,Healthcare Representative,4,Divorced,7119,21214,0,Y,No,15,3,3,80,1,9,2,3,3,2,1,2,Jora
50,Voluntary Resignation,Travel_Frequently,959,Sales,1,4,Other,1,12847,136302,4,Male,81,3,2,Sales Executive,3,Single,4728,17251,3,Y,Yes,14,3,4,80,0,5,4,3,0,0,0,0,GlassDoor
50,Voluntary Resignation,Travel_Frequently,959,Sales,1,4,Life Sciences,1,12849,136304,4,Male,81,3,2,Sales Executive,3,Single,4728,17251,4,Y,Yes,14,3,4,80,0,5,4,3,0,0,0,0,GlassDoor
50,Voluntary Resignation,Travel_Frequently,959,Sales,1,4,Other,1,12853,136308,4,Male,81,3,2,Sales Executive,3,Single,4728,17251,3,Y,Yes,14,3,4,80,0,5,4,3,0,0,0,0,GlassDoor
50,Voluntary Resignation,Travel_Frequently,959,Sales,1,4,Life Sciences,1,12854,136309,4,Male,81,3,2,Sales Executive,3,Single,4728,17251,4,Y,Yes,14,3,4,80,0,5,4,3,0,0,0,0,GlassDoor
50,Voluntary Resignation,Travel_Frequently,959,Sales,1,4,Other,1,12855,136310,4,Male,81,3,2,Sales Executive,3,Single,4728,17251,3,Y,Yes,14,3,4,80,0,5,4,3,0,0,0,0,GlassDoor
50,Voluntary Resignation,Travel_Frequently,959,Sales,1,4,Life Sciences,1,12857,136312,4,Male,81,3,2,Sales Executive,3,Single,4728,17251,4,Y,Yes,14,3,4,80,0,5,4,3,0,0,0,0,GlassDoor
50,Voluntary Resignation,Travel_Frequently,959,Sales,1,4,Other,1,12861,136316,4,Male,81,3,2,Sales Executive,3,Single,4728,17251,3,Y,Yes,14,3,4,80,0,5,4,3,0,0,0,0,GlassDoor
50,Voluntary Resignation,Travel_Frequently,959,Sales,1,4,Life Sciences,1,12862,136317,4,Male,81,3,2,Sales Executive,3,Single,4728,17251,4,Y,Yes,14,3,4,80,0,5,4,3,0,0,0,0,GlassDoor
50,Voluntary Resignation,Travel_Frequently,959,Sales,1,4,Other,1,20844,144299,4,Female,94,3,2,Healthcare Representative,1,Divorced,4448,10748,2,Y,No,12,3,2,80,1,15,3,3,7,4,7,7,LinkedIn
50,Voluntary Resignation,Travel_Frequently,959,Sales,1,4,Life Sciences,1,20845,144300,4,Female,94,3,2,Healthcare Representative,1,Divorced,4448,10748,0,Y,No,12,3,2,80,1,15,3,3,7,4,7,7,LinkedIn
50,Voluntary Resignation,Travel_Frequently,959,Sales,1,4,Other,1,20849,144304,4,Female,94,3,2,Healthcare Representative,1,Divorced,4448,10748,2,Y,No,12,3,2,80,1,15,3,3,7,4,7,7,LinkedIn
50,Voluntary Resignation,Travel_Frequently,959,Sales,1,4,Life Sciences,1,20850,144305,4,Female,94,3,2,Healthcare Representative,1,Divorced,4448,10748,0,Y,No,12,3,2,80,1,15,3,3,7,4,7,7,LinkedIn
50,Voluntary Resignation,Travel_Frequently,959,Sales,1,4,Other,1,20852,144307,4,Female,94,3,2,Healthcare Representative,1,Divorced,4448,10748,2,Y,No,12,3,2,80,1,15,3,3,7,4,7,7,LinkedIn
50,Voluntary Resignation,Travel_Frequently,959,Sales,1,4,Life Sciences,1,20853,144308,4,Female,94,3,2,Healthcare Representative,1,Divorced,4448,10748,0,Y,No,12,3,2,80,1,15,3,3,7,4,7,7,LinkedIn
50,Voluntary Resignation,Travel_Frequently,959,Sales,1,4,Other,1,20857,144312,4,Female,94,3,2,Healthcare Representative,1,Divorced,4448,10748,2,Y,No,12,3,2,80,1,15,3,3,7,4,7,7,LinkedIn
50,Voluntary Resignation,Travel_Frequently,959,Sales,1,4,Life Sciences,1,20858,144313,4,Female,94,3,2,Healthcare Representative,1,Divorced,4448,10748,0,Y,No,12,3,2,80,1,15,3,3,7,4,7,7,LinkedIn
50,Voluntary Resignation,Travel_Frequently,562,Sales,8,2,Technical Degree,1,22182,145637,4,Male,97,3,2,Healthcare Representative,1,Married,5373,6225,0,Y,No,12,3,1,80,1,6,5,2,5,3,0,2,Company Website
50,Voluntary Resignation,Travel_Frequently,562,Sales,8,2,Medical,1,22184,145639,4,Male,97,3,2,Healthcare Representative,1,Married,5373,6225,0,Y,No,12,3,1,80,1,6,5,2,5,3,0,2,Company Website
50,Voluntary Resignation,Travel_Frequently,562,Sales,8,2,Technical Degree,1,22187,145642,4,Male,97,3,2,Healthcare Representative,1,Married,5373,6225,0,Y,No,12,3,1,80,1,6,5,2,5,3,0,2,Company Website
50,Voluntary Resignation,Travel_Frequently,562,Sales,8,2,Medical,1,22188,145643,4,Male,97,3,2,Healthcare Representative,1,Married,5373,6225,0,Y,No,12,3,1,80,1,6,5,2,5,3,0,2,Company Website
50,Voluntary Resignation,Travel_Frequently,562,Sales,8,2,Technical Degree,1,22190,145645,4,Male,97,3,2,Healthcare Representative,1,Married,5373,6225,0,Y,No,12,3,1,80,1,6,5,2,5,3,0,2,Company Website
50,Voluntary Resignation,Travel_Frequently,562,Sales,8,2,Medical,1,22192,145647,4,Male,97,3,2,Healthcare Representative,1,Married,5373,6225,0,Y,No,12,3,1,80,1,6,5,2,5,3,0,2,Company Website
50,Voluntary Resignation,Travel_Frequently,562,Sales,8,2,Technical Degree,1,22195,145650,4,Male,97,3,2,Healthcare Representative,1,Married,5373,6225,0,Y,No,12,3,1,80,1,6,5,2,5,3,0,2,Company Website
50,Voluntary Resignation,Travel_Frequently,562,Sales,8,2,Medical,1,22196,145651,4,Male,97,3,2,Healthcare Representative,1,Married,5373,6225,0,Y,No,12,3,1,80,1,6,5,2,5,3,0,2,Company Website
50,Voluntary Resignation,Travel_Frequently,878,Sales,1,4,Life Sciences,1,23220,146675,2,Male,36,3,2,Sales Executive,3,Divorced,6728,14255,7,Y,No,12,3,4,80,2,12,3,3,6,3,0,1,Adzuna
50,Voluntary Resignation,Travel_Frequently,878,Sales,1,4,Life Sciences,1,23222,146677,2,Male,36,3,2,Sales Executive,3,Divorced,6728,14255,4,Y,No,12,3,4,80,2,12,3,3,6,3,0,1,Adzuna
50,Voluntary Resignation,Travel_Frequently,878,Sales,1,4,Life Sciences,1,23226,146681,2,Male,36,3,2,Sales Executive,3,Divorced,6728,14255,7,Y,No,12,3,4,80,2,12,3,3,6,3,0,1,Adzuna
50,Voluntary Resignation,Travel_Frequently,878,Sales,1,4,Life Sciences,1,23227,146682,2,Male,36,3,2,Sales Executive,3,Divorced,6728,14255,4,Y,No,12,3,4,80,2,12,3,3,6,3,0,1,Adzuna
50,Voluntary Resignation,Travel_Frequently,878,Sales,1,4,Life Sciences,1,23228,146683,2,Male,36,3,2,Sales Executive,3,Divorced,6728,14255,7,Y,No,12,3,4,80,2,12,3,3,6,3,0,1,Adzuna
50,Voluntary Resignation,Travel_Frequently,878,Sales,1,4,Life Sciences,1,23230,146685,2,Male,36,3,2,Sales Executive,3,Divorced,6728,14255,4,Y,No,12,3,4,80,2,12,3,3,6,3,0,1,Adzuna
50,Voluntary Resignation,Travel_Frequently,878,Sales,1,4,Life Sciences,1,23234,146689,2,Male,36,3,2,Sales Executive,3,Divorced,6728,14255,7,Y,No,12,3,4,80,2,12,3,3,6,3,0,1,Adzuna
50,Voluntary Resignation,Travel_Frequently,878,Sales,1,4,Life Sciences,1,23235,146690,2,Male,36,3,2,Sales Executive,3,Divorced,6728,14255,4,Y,No,12,3,4,80,2,12,3,3,6,3,0,1,Adzuna
50,Voluntary Resignation,Travel_Rarely,410,Sales,28,3,Marketing,1,23364,146819,4,Male,36,2,3,Sales Executive,1,Divorced,10854,16586,4,Y,Yes,13,3,2,80,1,20,3,3,3,2,2,0,LinkedIn
50,Voluntary Resignation,Travel_Rarely,410,Sales,28,3,Technical Degree,1,23367,146822,4,Male,36,2,3,Sales Executive,1,Divorced,10854,16586,8,Y,Yes,13,3,2,80,1,20,3,3,3,2,2,0,LinkedIn
50,Voluntary Resignation,Travel_Rarely,410,Sales,28,3,Marketing,1,23370,146825,4,Male,36,2,3,Sales Executive,1,Divorced,10854,16586,4,Y,Yes,13,3,2,80,1,20,3,3,3,2,2,0,LinkedIn
50,Voluntary Resignation,Travel_Rarely,410,Sales,28,3,Technical Degree,1,23371,146826,4,Male,36,2,3,Sales Executive,1,Divorced,10854,16586,8,Y,Yes,13,3,2,80,1,20,3,3,3,2,2,0,LinkedIn
50,Voluntary Resignation,Travel_Rarely,410,Sales,28,3,Marketing,1,23372,146827,4,Male,36,2,3,Sales Executive,1,Divorced,10854,16586,4,Y,Yes,13,3,2,80,1,20,3,3,3,2,2,0,LinkedIn
50,Voluntary Resignation,Travel_Rarely,410,Sales,28,3,Technical Degree,1,23375,146830,4,Male,36,2,3,Sales Executive,1,Divorced,10854,16586,8,Y,Yes,13,3,2,80,1,20,3,3,3,2,2,0,LinkedIn
50,Voluntary Resignation,Travel_Rarely,410,Sales,28,3,Marketing,1,23378,146833,4,Male,36,2,3,Sales Executive,1,Divorced,10854,16586,4,Y,Yes,13,3,2,80,1,20,3,3,3,2,2,0,LinkedIn
50,Voluntary Resignation,Travel_Rarely,410,Sales,28,3,Technical Degree,1,23379,146834,4,Male,36,2,3,Sales Executive,1,Divorced,10854,16586,8,Y,Yes,13,3,2,80,1,20,3,3,3,2,2,0,LinkedIn
50,Current employee,Travel_Frequently,1115,Research & Development,1,3,Life Sciences,1,272,123727,1,Male,31,3,1,Research Scientist,3,Divorced,2911,15170,3,Y,Yes,19,3,1,80,0,28,1,2,8,3,0,7,Seek
50,Current employee,Travel_Rarely,989,Research & Development,7,2,Medical,1,1129,124584,2,Female,43,2,5,Research Director,3,Divorced,18740,16701,5,Y,Yes,12,3,4,80,1,29,2,2,27,3,13,8,Indeed
50,Current employee,Travel_Rarely,989,Research & Development,7,2,Marketing,1,1132,124587,2,Female,43,2,5,Research Director,3,Divorced,18740,16701,2,Y,Yes,12,4,4,80,1,29,2,2,27,3,13,8,Indeed
50,Current employee,Travel_Rarely,989,Research & Development,7,2,Medical,1,1135,124590,2,Female,43,2,5,Research Director,3,Divorced,18740,16701,5,Y,Yes,12,3,4,80,1,29,2,2,27,3,13,8,Indeed
50,Current employee,Travel_Rarely,989,Research & Development,7,2,Marketing,1,1136,124591,2,Female,43,2,5,Research Director,3,Divorced,18740,16701,2,Y,Yes,12,3,4,80,1,29,2,2,27,3,13,8,Indeed
50,Current employee,Travel_Rarely,989,Research & Development,7,2,Medical,1,1137,124592,2,Female,43,2,5,Research Director,3,Divorced,18740,16701,5,Y,Yes,12,3,4,80,1,29,2,2,27,3,13,8,Indeed
50,Current employee,Travel_Rarely,989,Research & Development,7,2,Marketing,1,1140,124595,2,Female,43,2,5,Research Director,3,Divorced,18740,16701,2,Y,Yes,12,4,4,80,1,29,2,2,27,3,13,8,Indeed
50,Current employee,Travel_Rarely,989,Research & Development,7,2,Medical,1,1143,124598,2,Female,43,2,5,Research Director,3,Divorced,18740,16701,5,Y,Yes,12,3,4,80,1,29,2,2,27,3,13,8,Indeed
50,Current employee,Travel_Rarely,989,Research & Development,7,2,Marketing,1,1144,124599,2,Female,43,2,5,Research Director,3,Divorced,18740,16701,2,Y,Yes,12,3,4,80,1,29,2,2,27,3,13,8,Indeed
50,Current employee,Travel_Frequently,1115,Research & Development,1,3,Life Sciences,1,1317,124772,1,Female,41,4,1,Laboratory Technician,4,Married,3038,22002,3,Y,No,12,3,2,80,0,5,3,3,1,0,0,0,Seek
50,Current employee,Travel_Frequently,1115,Research & Development,1,3,Life Sciences,1,1318,124773,1,Female,41,4,1,Laboratory Technician,4,Married,3038,22002,1,Y,No,12,3,2,80,0,5,3,3,1,0,0,0,Seek
50,Current employee,Travel_Frequently,1115,Research & Development,1,3,Life Sciences,1,1322,124777,1,Female,41,4,1,Laboratory Technician,4,Married,3038,22002,3,Y,No,12,3,2,80,0,5,3,3,1,0,0,0,Seek
50,Current employee,Travel_Frequently,1115,Research & Development,1,3,Life Sciences,1,1323,124778,1,Female,41,4,1,Laboratory Technician,4,Married,3038,22002,1,Y,No,12,3,2,80,0,5,3,3,1,0,0,0,Seek
50,Current employee,Travel_Frequently,1115,Research & Development,1,3,Life Sciences,1,1324,124779,1,Female,41,4,1,Laboratory Technician,4,Married,3038,22002,3,Y,No,12,3,2,80,0,5,3,3,1,0,0,0,Seek
50,Current employee,Travel_Frequently,1115,Research & Development,1,3,Life Sciences,1,1325,124780,1,Female,41,4,1,Laboratory Technician,4,Married,3038,22002,1,Y,No,12,3,2,80,0,5,3,3,1,0,0,0,Seek
50,Current employee,Travel_Frequently,1115,Research & Development,1,3,Life Sciences,1,1329,124784,1,Female,41,4,1,Laboratory Technician,4,Married,3038,22002,3,Y,No,12,3,2,80,0,5,3,3,1,0,0,0,Seek
50,Current employee,Travel_Frequently,1115,Research & Development,1,3,Life Sciences,1,1330,124785,1,Female,41,4,1,Laboratory Technician,4,Married,3038,22002,1,Y,No,12,3,2,80,0,5,3,3,1,0,0,0,Seek
50,Current employee,Travel_Rarely,1452,Research & Development,11,3,Life Sciences,1,1645,125100,1,Female,42,3,2,Sales Executive,3,Married,4999,17519,0,Y,No,21,4,1,80,1,4,2,2,3,2,0,2,Company Website
50,Current employee,Travel_Rarely,1452,Research & Development,11,3,Medical,1,1647,125102,1,Female,42,3,2,Sales Executive,3,Married,4999,17519,6,Y,No,21,4,1,80,1,4,2,2,3,2,0,2,Company Website
50,Current employee,Travel_Rarely,1452,Research & Development,11,3,Life Sciences,1,1650,125105,1,Female,42,3,2,Sales Executive,3,Married,4999,17519,0,Y,No,21,4,1,80,1,4,2,2,3,2,0,2,Company Website
50,Current employee,Travel_Rarely,1452,Research & Development,11,3,Medical,1,1651,125106,1,Female,42,3,2,Sales Executive,3,Married,4999,17519,6,Y,No,21,4,1,80,1,4,2,2,3,2,0,2,Company Website
50,Current employee,Travel_Rarely,1452,Research & Development,11,3,Life Sciences,1,1653,125108,1,Female,42,3,2,Sales Executive,3,Married,4999,17519,0,Y,No,21,4,1,80,1,4,2,2,3,2,0,2,Company Website
50,Current employee,Travel_Rarely,1452,Research & Development,11,3,Medical,1,1655,125110,1,Female,42,3,2,Sales Executive,3,Married,4999,17519,6,Y,No,21,4,1,80,1,4,2,2,3,2,0,2,Company Website
50,Current employee,Travel_Rarely,1452,Research & Development,11,3,Life Sciences,1,1658,125113,1,Female,42,3,2,Sales Executive,3,Married,4999,17519,0,Y,No,21,4,1,80,1,4,2,2,3,2,0,2,Company Website
50,Current employee,Travel_Rarely,1452,Research & Development,11,3,Medical,1,1659,125114,1,Female,42,3,2,Sales Executive,3,Married,4999,17519,6,Y,No,21,4,1,80,1,4,2,2,3,2,0,2,Company Website
50,Current employee,Travel_Frequently,1115,Research & Development,1,3,Life Sciences,1,1799,125254,1,Female,73,3,5,Research Director,2,Married,18172,9755,3,Y,Yes,19,3,1,80,0,28,1,2,8,3,0,7,Seek
50,Current employee,Travel_Frequently,1115,Research & Development,1,3,Human Resources,1,1801,125256,1,Female,73,3,5,Research Director,2,Married,18172,9755,1,Y,Yes,19,3,1,80,0,28,1,2,8,3,0,7,Seek
50,Current employee,Travel_Frequently,1115,Research & Development,1,3,Life Sciences,1,1805,125260,1,Female,73,3,5,Research Director,2,Married,18172,9755,3,Y,Yes,19,3,1,80,0,28,1,2,8,3,0,7,Seek
50,Current employee,Travel_Frequently,1115,Research & Development,1,3,Human Resources,1,1806,125261,1,Female,73,3,5,Research Director,2,Married,18172,9755,1,Y,Yes,19,3,1,80,0,28,1,2,8,3,0,7,Seek
50,Current employee,Travel_Frequently,1115,Research & Development,1,3,Human Resources,1,1808,125263,1,Female,73,3,5,Research Director,2,Married,18172,9755,1,Y,Yes,19,3,1,80,0,28,1,2,8,3,0,7,Seek
50,Current employee,Travel_Frequently,1115,Research & Development,1,3,Life Sciences,1,1812,125267,1,Female,73,3,5,Research Director,2,Married,18172,9755,3,Y,Yes,19,3,1,80,0,28,1,2,8,3,0,7,Seek
50,Current employee,Travel_Frequently,1115,Research & Development,1,3,Human Resources,1,1813,125268,1,Female,73,3,5,Research Director,2,Married,18172,9755,1,Y,Yes,19,3,1,80,0,28,1,2,8,3,0,7,Seek
50,Current employee,Travel_Frequently,809,Sales,12,3,Marketing,1,2192,125647,3,Female,77,3,3,Sales Executive,4,Single,9208,6645,4,Y,No,11,3,4,80,0,16,3,3,2,2,2,1,Seek
50,Current employee,Travel_Frequently,809,Sales,12,3,Medical,1,2194,125649,3,Female,77,3,3,Sales Executive,4,Single,9208,6645,6,Y,No,11,3,4,80,0,16,3,3,2,2,2,1,Seek
50,Current employee,Travel_Frequently,809,Sales,12,3,Marketing,1,2198,125653,3,Female,77,3,3,Sales Executive,4,Single,9208,6645,4,Y,No,11,3,4,80,0,16,3,3,2,2,2,1,Seek
50,Current employee,Travel_Frequently,809,Sales,12,3,Medical,1,2199,125654,3,Female,77,3,3,Sales Executive,4,Single,9208,6645,6,Y,No,11,3,4,80,0,16,3,3,2,2,2,1,Seek
50,Current employee,Travel_Frequently,809,Sales,12,3,Marketing,1,2200,125655,3,Female,77,3,3,Sales Executive,4,Single,9208,6645,4,Y,No,11,3,4,80,0,16,3,3,2,2,2,1,Seek
50,Current employee,Travel_Frequently,809,Sales,12,3,Medical,1,2202,125657,3,Female,77,3,3,Sales Executive,4,Single,9208,6645,6,Y,No,11,3,4,80,0,16,3,3,2,2,2,1,Seek
50,Current employee,Travel_Frequently,809,Sales,12,3,Marketing,1,2206,125661,3,Female,77,3,3,Sales Executive,4,Single,9208,6645,4,Y,No,11,3,4,80,0,16,3,3,2,2,2,1,Seek
50,Current employee,Travel_Frequently,809,Sales,12,3,Medical,1,2207,125662,3,Female,77,3,3,Sales Executive,4,Single,9208,6645,6,Y,No,11,3,4,80,0,16,3,3,2,2,2,1,Seek
50,Current employee,Travel_Rarely,797,Research & Development,4,1,Life Sciences,1,2367,125822,1,Female,43,3,2,Research Scientist,3,Single,4317,2302,3,Y,Yes,20,3,2,80,0,19,2,3,3,2,2,2,Indeed
50,Current employee,Travel_Rarely,797,Research & Development,4,1,Life Sciences,1,2369,125824,1,Female,43,3,2,Research Scientist,3,Single,4317,2302,3,Y,Yes,20,3,2,80,0,19,2,3,3,2,2,2,Indeed
50,Current employee,Travel_Rarely,797,Research & Development,4,1,Life Sciences,1,2372,125827,1,Female,43,3,2,Research Scientist,3,Single,4317,2302,3,Y,Yes,20,4,2,80,0,19,2,3,3,2,2,2,Indeed
50,Current employee,Travel_Rarely,797,Research & Development,4,1,Life Sciences,1,2373,125828,1,Female,43,3,2,Research Scientist,3,Single,4317,2302,3,Y,Yes,20,4,2,80,0,19,2,3,3,2,2,2,Indeed
50,Current employee,Travel_Rarely,797,Research & Development,4,1,Life Sciences,1,2375,125830,1,Female,43,3,2,Research Scientist,3,Single,4317,2302,3,Y,Yes,20,3,2,80,0,19,2,3,3,2,2,2,Indeed
50,Current employee,Travel_Rarely,797,Research & Development,4,1,Life Sciences,1,2377,125832,1,Female,43,3,2,Research Scientist,3,Single,4317,2302,3,Y,Yes,20,3,2,80,0,19,2,3,3,2,2,2,Indeed
50,Current employee,Travel_Rarely,797,Research & Development,4,1,Life Sciences,1,2379,125834,1,Female,43,3,2,Research Scientist,3,Single,4317,2302,3,Y,Yes,20,4,2,80,0,19,2,3,3,2,2,2,Indeed
50,Current employee,Travel_Rarely,797,Research & Development,4,1,Life Sciences,1,2380,125835,1,Female,43,3,2,Research Scientist,3,Single,4317,2302,3,Y,Yes,20,4,2,80,0,19,2,3,3,2,2,2,Indeed
50,Current employee,Travel_Rarely,1452,Research & Development,11,3,Life Sciences,1,2720,126175,3,Female,53,3,5,Manager,2,Single,19926,17053,3,Y,No,15,3,2,80,0,21,5,3,5,4,4,4,Seek
50,Current employee,Travel_Rarely,1452,Research & Development,11,3,Medical,1,2723,126178,3,Female,53,3,5,Manager,2,Single,19926,17053,1,Y,No,15,4,2,80,0,21,5,3,5,4,4,4,Seek
50,Current employee,Travel_Rarely,1452,Research & Development,11,3,Life Sciences,1,2726,126181,3,Female,53,3,5,Manager,2,Single,19926,17053,3,Y,No,15,3,2,80,0,21,5,3,5,4,4,4,Seek
50,Current employee,Travel_Rarely,1452,Research & Development,11,3,Medical,1,2727,126182,3,Female,53,3,5,Manager,2,Single,19926,17053,1,Y,No,15,3,2,80,0,21,5,3,5,4,4,4,Seek
50,Current employee,Travel_Rarely,1452,Research & Development,11,3,Life Sciences,1,2728,126183,3,Female,53,3,5,Manager,2,Single,19926,17053,3,Y,No,15,3,2,80,0,21,5,3,5,4,4,4,Seek
50,Current employee,Travel_Rarely,1452,Research & Development,11,3,Medical,1,2731,126186,3,Female,53,3,5,Manager,2,Single,19926,17053,1,Y,No,15,4,2,80,0,21,5,3,5,4,4,4,Seek
50,Current employee,Travel_Rarely,1452,Research & Development,11,3,Life Sciences,1,2734,126189,3,Female,53,3,5,Manager,2,Single,19926,17053,3,Y,No,15,3,2,80,0,21,5,3,5,4,4,4,Seek
50,Current employee,Travel_Rarely,1452,Research & Development,11,3,Medical,1,2735,126190,3,Female,53,3,5,Manager,2,Single,19926,17053,1,Y,No,15,3,2,80,0,21,5,3,5,4,4,4,Seek
50,Current employee,Travel_Rarely,328,Research & Development,1,3,Medical,1,3005,126460,3,Male,86,2,1,Laboratory Technician,3,Married,3690,3425,2,Y,No,15,4,4,80,1,5,2,2,3,2,0,2,Company Website
50,Current employee,Travel_Rarely,328,Research & Development,1,3,Human Resources,1,3007,126462,3,Male,86,2,1,Laboratory Technician,3,Married,3690,3425,0,Y,No,15,3,4,80,1,5,2,2,3,2,0,2,Company Website
50,Current employee,Travel_Rarely,328,Research & Development,1,3,Medical,1,3011,126466,3,Male,86,2,1,Laboratory Technician,3,Married,3690,3425,2,Y,No,15,3,4,80,1,5,2,2,3,2,0,2,Company Website
50,Current employee,Travel_Rarely,328,Research & Development,1,3,Human Resources,1,3012,126467,3,Male,86,2,1,Laboratory Technician,3,Married,3690,3425,0,Y,No,15,3,4,80,1,5,2,2,3,2,0,2,Company Website
50,Current employee,Travel_Rarely,328,Research & Development,1,3,Medical,1,3013,126468,3,Male,86,2,1,Laboratory Technician,3,Married,3690,3425,2,Y,No,15,4,4,80,1,5,2,2,3,2,0,2,Company Website
50,Current employee,Travel_Rarely,328,Research & Development,1,3,Human Resources,1,3015,126470,3,Male,86,2,1,Laboratory Technician,3,Married,3690,3425,0,Y,No,15,3,4,80,1,5,2,2,3,2,0,2,Company Website
50,Current employee,Travel_Rarely,328,Research & Development,1,3,Medical,1,3019,126474,3,Male,86,2,1,Laboratory Technician,3,Married,3690,3425,2,Y,No,15,3,4,80,1,5,2,2,3,2,0,2,Company Website
50,Current employee,Travel_Rarely,328,Research & Development,1,3,Human Resources,1,3020,126475,3,Male,86,2,1,Laboratory Technician,3,Married,3690,3425,0,Y,No,15,3,4,80,1,5,2,2,3,2,0,2,Company Website
50,Current employee,Travel_Rarely,1099,Research & Development,29,4,Life Sciences,1,3268,126723,1,Male,46,3,2,Manufacturing Director,4,Married,6261,4185,3,Y,No,18,3,1,80,1,9,3,1,7,7,1,7,Company Website
50,Current employee,Travel_Rarely,1099,Research & Development,29,4,Technical Degree,1,3270,126725,1,Male,46,3,2,Manufacturing Director,4,Married,6261,4185,1,Y,No,18,4,1,80,1,9,3,1,7,7,1,7,Company Website
50,Current employee,Travel_Rarely,1099,Research & Development,29,4,Life Sciences,1,3273,126728,1,Male,46,3,2,Manufacturing Director,4,Married,6261,4185,3,Y,No,18,3,1,80,1,9,3,1,7,7,1,7,Company Website
50,Current employee,Travel_Rarely,1099,Research & Development,29,4,Technical Degree,1,3274,126729,1,Male,46,3,2,Manufacturing Director,4,Married,6261,4185,1,Y,No,18,3,1,80,1,9,3,1,7,7,1,7,Company Website
50,Current employee,Travel_Rarely,1099,Research & Development,29,4,Life Sciences,1,3276,126731,1,Male,46,3,2,Manufacturing Director,4,Married,6261,4185,3,Y,No,18,3,1,80,1,9,3,1,7,7,1,7,Company Website
50,Current employee,Travel_Rarely,1099,Research & Development,29,4,Technical Degree,1,3278,126733,1,Male,46,3,2,Manufacturing Director,4,Married,6261,4185,1,Y,No,18,4,1,80,1,9,3,1,7,7,1,7,Company Website
50,Current employee,Travel_Rarely,1099,Research & Development,29,4,Life Sciences,1,3281,126736,1,Male,46,3,2,Manufacturing Director,4,Married,6261,4185,3,Y,No,18,3,1,80,1,9,3,1,7,7,1,7,Company Website
50,Current employee,Travel_Rarely,1099,Research & Development,29,4,Technical Degree,1,3282,126737,1,Male,46,3,2,Manufacturing Director,4,Married,6261,4185,1,Y,No,18,3,1,80,1,9,3,1,7,7,1,7,Company Website
50,Current employee,Travel_Rarely,854,Sales,1,4,Medical,1,3813,127268,4,Female,68,3,5,Manager,4,Divorced,19517,24118,3,Y,No,11,4,3,80,1,32,3,2,7,0,0,6,LinkedIn
50,Current employee,Travel_Rarely,854,Sales,1,4,Human Resources,1,3815,127270,4,Female,68,3,5,Manager,4,Divorced,19517,24118,1,Y,No,11,3,3,80,1,32,3,2,7,0,0,6,LinkedIn
50,Current employee,Travel_Rarely,854,Sales,1,4,Medical,1,3819,127274,4,Female,68,3,5,Manager,4,Divorced,19517,24118,3,Y,No,11,3,3,80,1,32,3,2,7,0,0,6,LinkedIn
50,Current employee,Travel_Rarely,854,Sales,1,4,Human Resources,1,3820,127275,4,Female,68,3,5,Manager,4,Divorced,19517,24118,1,Y,No,11,3,3,80,1,32,3,2,7,0,0,6,LinkedIn
50,Current employee,Travel_Rarely,854,Sales,1,4,Medical,1,3821,127276,4,Female,68,3,5,Manager,4,Divorced,19517,24118,3,Y,No,11,4,3,80,1,32,3,2,7,0,0,6,LinkedIn
50,Current employee,Travel_Rarely,854,Sales,1,4,Human Resources,1,3823,127278,4,Female,68,3,5,Manager,4,Divorced,19517,24118,1,Y,No,11,3,3,80,1,32,3,2,7,0,0,6,LinkedIn
50,Current employee,Travel_Rarely,854,Sales,1,4,Medical,1,3827,127282,4,Female,68,3,5,Manager,4,Divorced,19517,24118,3,Y,No,11,3,3,80,1,32,3,2,7,0,0,6,LinkedIn
50,Current employee,Travel_Rarely,854,Sales,1,4,Human Resources,1,3828,127283,4,Female,68,3,5,Manager,4,Divorced,19517,24118,1,Y,No,11,3,3,80,1,32,3,2,7,0,0,6,LinkedIn
50,Current employee,Travel_Rarely,797,Research & Development,4,1,Life Sciences,1,4554,128009,1,Male,96,3,5,Research Director,2,Divorced,19144,15815,3,Y,No,14,4,1,80,2,28,4,2,10,4,1,6,LinkedIn
50,Current employee,Travel_Rarely,797,Research & Development,4,1,Life Sciences,1,4556,128011,1,Male,96,3,5,Research Director,2,Divorced,19144,15815,2,Y,No,14,3,1,80,2,28,4,2,10,4,1,6,LinkedIn
50,Current employee,Travel_Rarely,797,Research & Development,4,1,Life Sciences,1,4560,128015,1,Male,96,3,5,Research Director,2,Divorced,19144,15815,3,Y,No,14,3,1,80,2,28,4,2,10,4,1,6,LinkedIn
50,Current employee,Travel_Rarely,797,Research & Development,4,1,Life Sciences,1,4561,128016,1,Male,96,3,5,Research Director,2,Divorced,19144,15815,2,Y,No,14,3,1,80,2,28,4,2,10,4,1,6,LinkedIn
50,Current employee,Travel_Rarely,797,Research & Development,4,1,Life Sciences,1,4562,128017,1,Male,96,3,5,Research Director,2,Divorced,19144,15815,3,Y,No,14,4,1,80,2,28,4,2,10,4,1,6,LinkedIn
50,Current employee,Travel_Rarely,797,Research & Development,4,1,Life Sciences,1,4564,128019,1,Male,96,3,5,Research Director,2,Divorced,19144,15815,2,Y,No,14,3,1,80,2,28,4,2,10,4,1,6,LinkedIn
50,Current employee,Travel_Rarely,797,Research & Development,4,1,Life Sciences,1,4568,128023,1,Male,96,3,5,Research Director,2,Divorced,19144,15815,3,Y,No,14,3,1,80,2,28,4,2,10,4,1,6,LinkedIn
50,Current employee,Travel_Rarely,797,Research & Development,4,1,Life Sciences,1,4569,128024,1,Male,96,3,5,Research Director,2,Divorced,19144,15815,2,Y,No,14,3,1,80,2,28,4,2,10,4,1,6,LinkedIn
50,Current employee,Non-Travel,881,Research & Development,2,4,Life Sciences,1,4765,128220,2,Female,50,3,1,Sales Representative,2,Divorced,2789,3909,1,Y,No,11,3,3,80,1,2,5,2,2,2,2,2,Company Website
50,Current employee,Non-Travel,881,Research & Development,2,4,Life Sciences,1,4766,128221,2,Female,50,3,1,Sales Representative,2,Divorced,2789,3909,8,Y,No,11,3,3,80,1,2,5,2,2,2,2,2,Company Website
50,Current employee,Non-Travel,881,Research & Development,2,4,Life Sciences,1,4770,128225,2,Female,50,3,1,Sales Representative,2,Divorced,2789,3909,1,Y,No,11,3,3,80,1,2,5,2,2,2,2,2,Company Website
50,Current employee,Non-Travel,881,Research & Development,2,4,Life Sciences,1,4771,128226,2,Female,50,3,1,Sales Representative,2,Divorced,2789,3909,8,Y,No,11,3,3,80,1,2,5,2,2,2,2,2,Company Website
50,Current employee,Non-Travel,881,Research & Development,2,4,Life Sciences,1,4772,128227,2,Female,50,3,1,Sales Representative,2,Divorced,2789,3909,1,Y,No,11,3,3,80,1,2,5,2,2,2,2,2,Company Website
50,Current employee,Non-Travel,881,Research & Development,2,4,Life Sciences,1,4773,128228,2,Female,50,3,1,Sales Representative,2,Divorced,2789,3909,8,Y,No,11,3,3,80,1,2,5,2,2,2,2,2,Company Website
50,Current employee,Non-Travel,881,Research & Development,2,4,Life Sciences,1,4777,128232,2,Female,50,3,1,Sales Representative,2,Divorced,2789,3909,1,Y,No,11,3,3,80,1,2,5,2,2,2,2,2,Company Website
50,Current employee,Non-Travel,881,Research & Development,2,4,Life Sciences,1,4778,128233,2,Female,50,3,1,Sales Representative,2,Divorced,2789,3909,8,Y,No,11,3,3,80,1,2,5,2,2,2,2,2,Company Website
50,Current employee,Travel_Rarely,939,Research & Development,24,3,Life Sciences,1,5215,128670,2,Male,51,3,2,Sales Executive,4,Divorced,7547,7143,4,Y,No,12,3,4,80,3,13,3,3,7,7,1,7,Referral
50,Current employee,Travel_Rarely,939,Research & Development,24,3,Technical Degree,1,5217,128672,2,Male,51,3,2,Sales Executive,4,Divorced,7547,7143,7,Y,No,12,3,4,80,3,13,3,3,7,7,1,7,Referral
50,Current employee,Travel_Rarely,939,Research & Development,24,3,Life Sciences,1,5220,128675,2,Male,51,3,2,Sales Executive,4,Divorced,7547,7143,4,Y,No,12,3,4,80,3,13,3,3,7,7,1,7,Referral
50,Current employee,Travel_Rarely,939,Research & Development,24,3,Technical Degree,1,5221,128676,2,Male,51,3,2,Sales Executive,4,Divorced,7547,7143,7,Y,No,12,3,4,80,3,13,3,3,7,7,1,7,Referral
50,Current employee,Travel_Rarely,939,Research & Development,24,3,Life Sciences,1,5223,128678,2,Male,51,3,2,Sales Executive,4,Divorced,7547,7143,4,Y,No,12,3,4,80,3,13,3,3,7,7,1,7,Referral
50,Current employee,Travel_Rarely,939,Research & Development,24,3,Technical Degree,1,5225,128680,2,Male,51,3,2,Sales Executive,4,Divorced,7547,7143,7,Y,No,12,3,4,80,3,13,3,3,7,7,1,7,Referral
50,Current employee,Travel_Rarely,939,Research & Development,24,3,Life Sciences,1,5228,128683,2,Male,51,3,2,Sales Executive,4,Divorced,7547,7143,4,Y,No,12,3,4,80,3,13,3,3,7,7,1,7,Referral
50,Current employee,Travel_Rarely,939,Research & Development,24,3,Technical Degree,1,5229,128684,2,Male,51,3,2,Sales Executive,4,Divorced,7547,7143,7,Y,No,12,3,4,80,3,13,3,3,7,7,1,7,Referral
50,Current employee,Travel_Rarely,804,Research & Development,9,3,Life Sciences,1,5357,128812,2,Female,52,2,2,Laboratory Technician,3,Divorced,5257,6227,1,Y,No,11,4,2,80,1,9,3,4,9,7,0,0,Jora
50,Current employee,Travel_Rarely,804,Research & Development,9,3,Medical,1,5358,128813,2,Female,52,2,2,Laboratory Technician,3,Divorced,5257,6227,1,Y,No,11,3,2,80,1,9,3,4,9,7,0,0,Jora
50,Current employee,Travel_Rarely,804,Research & Development,9,3,Life Sciences,1,5362,128817,2,Female,52,2,2,Laboratory Technician,3,Divorced,5257,6227,1,Y,No,11,3,2,80,1,9,3,4,9,7,0,0,Jora
50,Current employee,Travel_Rarely,804,Research & Development,9,3,Medical,1,5363,128818,2,Female,52,2,2,Laboratory Technician,3,Divorced,5257,6227,1,Y,No,11,3,2,80,1,9,3,4,9,7,0,0,Jora
50,Current employee,Travel_Rarely,804,Research & Development,9,3,Life Sciences,1,5365,128820,2,Female,52,2,2,Laboratory Technician,3,Divorced,5257,6227,1,Y,No,11,4,2,80,1,9,3,4,9,7,0,0,Jora
50,Current employee,Travel_Rarely,804,Research & Development,9,3,Medical,1,5366,128821,2,Female,52,2,2,Laboratory Technician,3,Divorced,5257,6227,1,Y,No,11,3,2,80,1,9,3,4,9,7,0,0,Jora
50,Current employee,Travel_Rarely,804,Research & Development,9,3,Life Sciences,1,5370,128825,2,Female,52,2,2,Laboratory Technician,3,Divorced,5257,6227,1,Y,No,11,3,2,80,1,9,3,4,9,7,0,0,Jora
50,Current employee,Travel_Rarely,804,Research & Development,9,3,Medical,1,5371,128826,2,Female,52,2,2,Laboratory Technician,3,Divorced,5257,6227,1,Y,No,11,3,2,80,1,9,3,4,9,7,0,0,Jora
50,Current employee,Non-Travel,145,Sales,1,3,Life Sciences,1,5420,128875,2,Male,52,3,2,Research Scientist,4,Married,3697,9278,9,Y,No,14,3,1,80,2,12,3,3,10,9,9,8,Company Website
50,Current employee,Non-Travel,145,Sales,1,3,Life Sciences,1,5421,128876,2,Male,52,3,2,Research Scientist,4,Married,3697,9278,2,Y,No,14,3,1,80,2,12,3,3,10,9,9,8,Company Website
50,Current employee,Non-Travel,145,Sales,1,3,Life Sciences,1,5425,128880,2,Male,52,3,2,Research Scientist,4,Married,3697,9278,9,Y,No,14,3,1,80,2,12,3,3,10,9,9,8,Company Website
50,Current employee,Non-Travel,145,Sales,1,3,Life Sciences,1,5426,128881,2,Male,52,3,2,Research Scientist,4,Married,3697,9278,2,Y,No,14,3,1,80,2,12,3,3,10,9,9,8,Company Website
50,Current employee,Non-Travel,145,Sales,1,3,Life Sciences,1,5428,128883,2,Male,52,3,2,Research Scientist,4,Married,3697,9278,9,Y,No,14,3,1,80,2,12,3,3,10,9,9,8,Company Website
50,Current employee,Non-Travel,145,Sales,1,3,Life Sciences,1,5429,128884,2,Male,52,3,2,Research Scientist,4,Married,3697,9278,2,Y,No,14,3,1,80,2,12,3,3,10,9,9,8,Company Website
50,Current employee,Non-Travel,145,Sales,1,3,Life Sciences,1,5432,128887,2,Male,52,3,2,Research Scientist,4,Married,3697,9278,9,Y,No,14,3,1,80,2,12,3,3,10,9,9,8,Company Website
50,Current employee,Non-Travel,145,Sales,1,3,Life Sciences,1,5433,128888,2,Male,52,3,2,Research Scientist,4,Married,3697,9278,2,Y,No,14,3,1,80,2,12,3,3,10,9,9,8,Company Website
50,Current employee,Travel_Rarely,1046,Research & Development,10,3,Technical Degree,1,5939,129394,4,Male,100,2,3,Healthcare Representative,4,Single,10496,2755,6,Y,No,15,3,4,80,0,20,2,3,4,3,1,3,GlassDoor
50,Current employee,Travel_Rarely,1046,Research & Development,10,3,Medical,1,5942,129397,4,Male,100,2,3,Healthcare Representative,4,Single,10496,2755,0,Y,No,15,3,4,80,0,20,2,3,4,3,1,3,GlassDoor
50,Current employee,Travel_Rarely,1046,Research & Development,10,3,Technical Degree,1,5945,129400,4,Male,100,2,3,Healthcare Representative,4,Single,10496,2755,6,Y,No,15,3,4,80,0,20,2,3,4,3,1,3,GlassDoor
50,Current employee,Travel_Rarely,1046,Research & Development,10,3,Medical,1,5946,129401,4,Male,100,2,3,Healthcare Representative,4,Single,10496,2755,0,Y,No,15,3,4,80,0,20,2,3,4,3,1,3,GlassDoor
50,Current employee,Travel_Rarely,1046,Research & Development,10,3,Technical Degree,1,5947,129402,4,Male,100,2,3,Healthcare Representative,4,Single,10496,2755,6,Y,No,15,3,4,80,0,20,2,3,4,3,1,3,GlassDoor
50,Current employee,Travel_Rarely,1046,Research & Development,10,3,Medical,1,5950,129405,4,Male,100,2,3,Healthcare Representative,4,Single,10496,2755,0,Y,No,15,3,4,80,0,20,2,3,4,3,1,3,GlassDoor
50,Current employee,Travel_Rarely,1046,Research & Development,10,3,Technical Degree,1,5953,129408,4,Male,100,2,3,Healthcare Representative,4,Single,10496,2755,6,Y,No,15,3,4,80,0,20,2,3,4,3,1,3,GlassDoor
50,Current employee,Travel_Rarely,1046,Research & Development,10,3,Medical,1,5954,129409,4,Male,100,2,3,Healthcare Representative,4,Single,10496,2755,0,Y,No,15,3,4,80,0,20,2,3,4,3,1,3,GlassDoor
50,Current employee,Travel_Rarely,1322,Research & Development,28,3,Life Sciences,1,6702,130157,2,Female,56,1,1,Sales Representative,3,Divorced,2351,12253,0,Y,No,16,3,4,80,1,3,3,2,2,2,1,0,Company Website
50,Current employee,Travel_Rarely,1322,Research & Development,28,3,Technical Degree,1,6704,130159,2,Female,56,1,1,Sales Representative,3,Divorced,2351,12253,9,Y,No,16,3,4,80,1,3,3,2,2,2,1,0,Company Website
50,Current employee,Travel_Rarely,1322,Research & Development,28,3,Life Sciences,1,6707,130162,2,Female,56,1,1,Sales Representative,3,Divorced,2351,12253,0,Y,No,16,3,4,80,1,3,3,2,2,2,1,0,Company Website
50,Current employee,Travel_Rarely,1322,Research & Development,28,3,Technical Degree,1,6708,130163,2,Female,56,1,1,Sales Representative,3,Divorced,2351,12253,9,Y,No,16,3,4,80,1,3,3,2,2,2,1,0,Company Website
50,Current employee,Travel_Rarely,1322,Research & Development,28,3,Life Sciences,1,6709,130164,2,Female,56,1,1,Sales Representative,3,Divorced,2351,12253,0,Y,No,16,3,4,80,1,3,3,2,2,2,1,0,Company Website
50,Current employee,Travel_Rarely,1322,Research & Development,28,3,Technical Degree,1,6711,130166,2,Female,56,1,1,Sales Representative,3,Divorced,2351,12253,9,Y,No,16,3,4,80,1,3,3,2,2,2,1,0,Company Website
50,Current employee,Travel_Rarely,1322,Research & Development,28,3,Life Sciences,1,6714,130169,2,Female,56,1,1,Sales Representative,3,Divorced,2351,12253,0,Y,No,16,3,4,80,1,3,3,2,2,2,1,0,Company Website
50,Current employee,Travel_Rarely,1322,Research & Development,28,3,Technical Degree,1,6715,130170,2,Female,56,1,1,Sales Representative,3,Divorced,2351,12253,9,Y,No,16,3,4,80,1,3,3,2,2,2,1,0,Company Website
50,Current employee,Travel_Rarely,1099,Research & Development,29,4,Life Sciences,1,6851,130306,2,Male,88,2,4,Manager,3,Married,17046,9314,0,Y,No,15,3,2,80,1,28,2,3,27,10,15,7,LinkedIn
50,Current employee,Travel_Rarely,1099,Research & Development,29,4,Technical Degree,1,6854,130309,2,Male,88,2,4,Manager,3,Married,17046,9314,1,Y,No,15,3,2,80,1,28,2,3,27,10,15,7,LinkedIn
50,Current employee,Travel_Rarely,1099,Research & Development,29,4,Life Sciences,1,6857,130312,2,Male,88,2,4,Manager,3,Married,17046,9314,0,Y,No,15,3,2,80,1,28,2,3,27,10,15,7,LinkedIn
50,Current employee,Travel_Rarely,1099,Research & Development,29,4,Technical Degree,1,6858,130313,2,Male,88,2,4,Manager,3,Married,17046,9314,1,Y,No,15,3,2,80,1,28,2,3,27,10,15,7,LinkedIn
50,Current employee,Travel_Rarely,1099,Research & Development,29,4,Technical Degree,1,6861,130316,2,Male,88,2,4,Manager,3,Married,17046,9314,1,Y,No,15,3,2,80,1,28,2,3,27,10,15,7,LinkedIn
50,Current employee,Travel_Rarely,1099,Research & Development,29,4,Life Sciences,1,6864,130319,2,Male,88,2,4,Manager,3,Married,17046,9314,0,Y,No,15,3,2,80,1,28,2,3,27,10,15,7,LinkedIn
50,Current employee,Travel_Rarely,1099,Research & Development,29,4,Technical Degree,1,6865,130320,2,Male,88,2,4,Manager,3,Married,17046,9314,1,Y,No,15,3,2,80,1,28,2,3,27,10,15,7,LinkedIn
50,Current employee,Travel_Frequently,1246,Human Resources,3,3,Medical,1,7653,131108,1,Male,99,3,5,Manager,2,Married,18200,7999,1,Y,No,11,3,3,80,1,32,2,3,32,5,10,7,Company Website
50,Current employee,Travel_Frequently,1246,Human Resources,3,3,Life Sciences,1,7655,131110,1,Male,99,3,5,Manager,2,Married,18200,7999,1,Y,No,11,4,3,80,1,32,2,3,32,5,10,7,Company Website
50,Current employee,Travel_Frequently,1246,Human Resources,3,3,Medical,1,7659,131114,1,Male,99,3,5,Manager,2,Married,18200,7999,1,Y,No,11,3,3,80,1,32,2,3,32,5,10,7,Company Website
50,Current employee,Travel_Frequently,1246,Human Resources,3,3,Life Sciences,1,7660,131115,1,Male,99,3,5,Manager,2,Married,18200,7999,1,Y,No,11,3,3,80,1,32,2,3,32,5,10,7,Company Website
50,Current employee,Travel_Frequently,1246,Human Resources,3,3,Medical,1,7661,131116,1,Male,99,3,5,Manager,2,Married,18200,7999,1,Y,No,11,3,3,80,1,32,2,3,32,5,10,7,Company Website
50,Current employee,Travel_Frequently,1246,Human Resources,3,3,Life Sciences,1,7663,131118,1,Male,99,3,5,Manager,2,Married,18200,7999,1,Y,No,11,4,3,80,1,32,2,3,32,5,10,7,Company Website
50,Current employee,Travel_Frequently,1246,Human Resources,3,3,Medical,1,7667,131122,1,Male,99,3,5,Manager,2,Married,18200,7999,1,Y,No,11,3,3,80,1,32,2,3,32,5,10,7,Company Website
50,Current employee,Travel_Frequently,1246,Human Resources,3,3,Life Sciences,1,7668,131123,1,Male,99,3,5,Manager,2,Married,18200,7999,1,Y,No,11,3,3,80,1,32,2,3,32,5,10,7,Company Website
50,Current employee,Travel_Rarely,813,Research & Development,17,5,Life Sciences,1,8247,131702,2,Male,59,2,1,Laboratory Technician,3,Married,1281,16900,1,Y,No,18,3,3,80,2,1,3,3,1,0,0,0,Recruit.net
50,Current employee,Travel_Rarely,813,Research & Development,17,5,Medical,1,8249,131704,2,Male,59,2,1,Laboratory Technician,3,Married,1281,16900,1,Y,No,18,3,3,80,2,1,3,3,1,0,0,0,Recruit.net
50,Current employee,Travel_Rarely,813,Research & Development,17,5,Life Sciences,1,8252,131707,2,Male,59,2,1,Laboratory Technician,3,Married,1281,16900,1,Y,No,18,3,3,80,2,1,3,3,1,0,0,0,Recruit.net
50,Current employee,Travel_Rarely,813,Research & Development,17,5,Medical,1,8253,131708,2,Male,59,2,1,Laboratory Technician,3,Married,1281,16900,1,Y,No,18,3,3,80,2,1,3,3,1,0,0,0,Recruit.net
50,Current employee,Travel_Rarely,813,Research & Development,17,5,Life Sciences,1,8255,131710,2,Male,59,2,1,Laboratory Technician,3,Married,1281,16900,1,Y,No,18,3,3,80,2,1,3,3,1,0,0,0,Recruit.net
50,Current employee,Travel_Rarely,813,Research & Development,17,5,Medical,1,8257,131712,2,Male,59,2,1,Laboratory Technician,3,Married,1281,16900,1,Y,No,18,3,3,80,2,1,3,3,1,0,0,0,Recruit.net
50,Current employee,Travel_Rarely,813,Research & Development,17,5,Life Sciences,1,8260,131715,2,Male,59,2,1,Laboratory Technician,3,Married,1281,16900,1,Y,No,18,3,3,80,2,1,3,3,1,0,0,0,Recruit.net
50,Current employee,Travel_Rarely,813,Research & Development,17,5,Medical,1,8261,131716,2,Male,59,2,1,Laboratory Technician,3,Married,1281,16900,1,Y,No,18,3,3,80,2,1,3,3,1,0,0,0,Recruit.net
50,Current employee,Travel_Rarely,1207,Research & Development,28,1,Medical,1,8374,131829,4,Male,74,4,1,Laboratory Technician,3,Married,3221,3297,1,Y,Yes,11,4,3,80,3,20,3,3,20,8,3,8,Company Website
50,Current employee,Travel_Rarely,1207,Research & Development,28,1,Technical Degree,1,8377,131832,4,Male,74,4,1,Laboratory Technician,3,Married,3221,3297,1,Y,Yes,11,3,3,80,3,20,3,3,20,8,3,8,Company Website
50,Current employee,Travel_Rarely,1207,Research & Development,28,1,Medical,1,8380,131835,4,Male,74,4,1,Laboratory Technician,3,Married,3221,3297,1,Y,Yes,11,3,3,80,3,20,3,3,20,8,3,8,Company Website
50,Current employee,Travel_Rarely,1207,Research & Development,28,1,Technical Degree,1,8381,131836,4,Male,74,4,1,Laboratory Technician,3,Married,3221,3297,1,Y,Yes,11,3,3,80,3,20,3,3,20,8,3,8,Company Website
50,Current employee,Travel_Rarely,1207,Research & Development,28,1,Medical,1,8382,131837,4,Male,74,4,1,Laboratory Technician,3,Married,3221,3297,1,Y,Yes,11,4,3,80,3,20,3,3,20,8,3,8,Company Website
50,Current employee,Travel_Rarely,1207,Research & Development,28,1,Technical Degree,1,8385,131840,4,Male,74,4,1,Laboratory Technician,3,Married,3221,3297,1,Y,Yes,11,3,3,80,3,20,3,3,20,8,3,8,Company Website
50,Current employee,Travel_Rarely,1207,Research & Development,28,1,Medical,1,8387,131842,4,Male,74,4,1,Laboratory Technician,3,Married,3221,3297,1,Y,Yes,11,3,3,80,3,20,3,3,20,8,3,8,Company Website
50,Current employee,Travel_Rarely,1207,Research & Development,28,1,Technical Degree,1,8388,131843,4,Male,74,4,1,Laboratory Technician,3,Married,3221,3297,1,Y,Yes,11,3,3,80,3,20,3,3,20,8,3,8,Company Website
50,Current employee,Travel_Rarely,316,Sales,8,4,Marketing,1,8655,132110,4,Male,54,3,1,Sales Representative,2,Married,3875,9983,7,Y,No,15,3,4,80,1,4,2,3,2,2,2,2,Company Website
50,Current employee,Travel_Rarely,316,Sales,8,4,Marketing,1,8657,132112,4,Male,54,3,1,Sales Representative,2,Married,3875,9983,9,Y,No,15,4,4,80,1,4,2,3,2,2,2,2,Company Website
50,Current employee,Travel_Rarely,316,Sales,8,4,Marketing,1,8661,132116,4,Male,54,3,1,Sales Representative,2,Married,3875,9983,7,Y,No,15,3,4,80,1,4,2,3,2,2,2,2,Company Website
50,Current employee,Travel_Rarely,316,Sales,8,4,Marketing,1,8662,132117,4,Male,54,3,1,Sales Representative,2,Married,3875,9983,9,Y,No,15,3,4,80,1,4,2,3,2,2,2,2,Company Website
50,Current employee,Travel_Rarely,316,Sales,8,4,Marketing,1,8663,132118,4,Male,54,3,1,Sales Representative,2,Married,3875,9983,7,Y,No,15,3,4,80,1,4,2,3,2,2,2,2,Company Website
50,Current employee,Travel_Rarely,316,Sales,8,4,Marketing,1,8664,132119,4,Male,54,3,1,Sales Representative,2,Married,3875,9983,1,Y,Yes,11,3,3,80,1,16,3,2,16,10,10,1,LinkedIn
50,Current employee,Travel_Rarely,316,Sales,8,4,Marketing,1,8665,132120,4,Male,54,3,1,Sales Representative,2,Married,3875,9983,1,Y,No,14,3,4,80,1,10,3,2,9,6,1,4,LinkedIn
50,Current employee,Travel_Rarely,316,Sales,8,4,Marketing,1,8667,132122,4,Male,54,3,1,Sales Representative,2,Married,3875,9983,9,Y,No,15,4,4,80,1,4,2,3,2,2,2,2,Company Website
50,Current employee,Travel_Rarely,316,Sales,8,4,Marketing,1,8671,132126,4,Male,54,3,1,Sales Representative,2,Married,3875,9983,7,Y,No,15,3,4,80,1,4,2,3,2,2,2,2,Company Website
50,Current employee,Travel_Rarely,316,Sales,8,4,Marketing,1,8672,132127,4,Male,54,3,1,Sales Representative,2,Married,3875,9983,9,Y,No,15,3,4,80,1,4,2,3,2,2,2,2,Company Website
50,Current employee,Travel_Rarely,691,Research & Development,2,3,Medical,1,9444,132899,3,Male,64,3,4,Research Director,3,Married,17639,6881,5,Y,No,16,3,4,80,0,30,3,3,4,3,0,3,GlassDoor
50,Current employee,Travel_Rarely,691,Research & Development,2,3,Life Sciences,1,9447,132902,3,Male,64,3,4,Research Director,3,Married,17639,6881,1,Y,No,16,3,4,80,0,30,3,3,4,3,0,3,GlassDoor
50,Current employee,Travel_Rarely,691,Research & Development,2,3,Medical,1,9450,132905,3,Male,64,3,4,Research Director,3,Married,17639,6881,5,Y,No,16,3,4,80,0,30,3,3,4,3,0,3,GlassDoor
50,Current employee,Travel_Rarely,691,Research & Development,2,3,Life Sciences,1,9451,132906,3,Male,64,3,4,Research Director,3,Married,17639,6881,1,Y,No,16,3,4,80,0,30,3,3,4,3,0,3,GlassDoor
50,Current employee,Travel_Rarely,691,Research & Development,2,3,Medical,1,9452,132907,3,Male,64,3,4,Research Director,3,Married,17639,6881,5,Y,No,16,3,4,80,0,30,3,3,4,3,0,3,GlassDoor
50,Current employee,Travel_Rarely,691,Research & Development,2,3,Life Sciences,1,9455,132910,3,Male,64,3,4,Research Director,3,Married,17639,6881,1,Y,No,16,3,4,80,0,30,3,3,4,3,0,3,GlassDoor
50,Current employee,Travel_Rarely,691,Research & Development,2,3,Medical,1,9458,132913,3,Male,64,3,4,Research Director,3,Married,17639,6881,5,Y,No,16,3,4,80,0,30,3,3,4,3,0,3,GlassDoor
50,Current employee,Travel_Rarely,691,Research & Development,2,3,Life Sciences,1,9459,132914,3,Male,64,3,4,Research Director,3,Married,17639,6881,1,Y,No,16,3,4,80,0,30,3,3,4,3,0,3,GlassDoor
50,Current employee,Travel_Frequently,809,Sales,12,3,Marketing,1,10368,133823,3,Male,65,3,4,Sales Executive,4,Married,11836,22789,5,Y,No,14,3,3,80,1,28,3,3,2,0,2,2,Indeed
50,Current employee,Travel_Frequently,809,Sales,12,3,Medical,1,10370,133825,3,Male,65,3,4,Sales Executive,4,Married,11836,22789,7,Y,No,14,3,3,80,1,28,3,3,2,0,2,2,Indeed
50,Current employee,Travel_Frequently,809,Sales,12,3,Marketing,1,10371,133826,3,Male,65,3,4,Sales Executive,4,Married,11836,22789,5,Y,No,14,3,3,80,1,28,3,3,2,0,2,2,Indeed
50,Current employee,Travel_Frequently,809,Sales,12,3,Medical,1,10372,133827,3,Male,65,3,4,Sales Executive,4,Married,11836,22789,7,Y,No,14,3,3,80,1,28,3,3,2,0,2,2,Indeed
50,Current employee,Travel_Frequently,809,Sales,12,3,Marketing,1,10376,133831,3,Male,65,3,4,Sales Executive,4,Married,11836,22789,5,Y,No,14,3,3,80,1,28,3,3,2,0,2,2,Indeed
50,Current employee,Travel_Frequently,809,Sales,12,3,Medical,1,10378,133833,3,Male,65,3,4,Sales Executive,4,Married,11836,22789,7,Y,No,14,3,3,80,1,28,3,3,2,0,2,2,Indeed
50,Current employee,Travel_Frequently,809,Sales,12,3,Marketing,1,10379,133834,3,Male,65,3,4,Sales Executive,4,Married,11836,22789,5,Y,No,14,3,3,80,1,28,3,3,2,0,2,2,Indeed
50,Current employee,Travel_Frequently,809,Sales,12,3,Medical,1,10380,133835,3,Male,65,3,4,Sales Executive,4,Married,11836,22789,7,Y,No,14,3,3,80,1,28,3,3,2,0,2,2,Indeed
50,Current employee,Non-Travel,881,Research & Development,2,4,Life Sciences,1,10477,133932,1,Male,98,3,4,Manager,1,Divorced,17924,4544,1,Y,No,11,3,4,80,1,31,3,3,31,6,14,7,Recruit.net
50,Current employee,Non-Travel,881,Research & Development,2,4,Life Sciences,1,10479,133934,1,Male,98,3,4,Manager,1,Divorced,17924,4544,1,Y,No,11,3,4,80,1,31,3,3,31,6,14,7,Recruit.net
50,Current employee,Non-Travel,881,Research & Development,2,4,Life Sciences,1,10483,133938,1,Male,98,3,4,Manager,1,Divorced,17924,4544,1,Y,No,11,3,4,80,1,31,3,3,31,6,14,7,Recruit.net
50,Current employee,Non-Travel,881,Research & Development,2,4,Life Sciences,1,10484,133939,1,Male,98,3,4,Manager,1,Divorced,17924,4544,1,Y,No,11,3,4,80,1,31,3,3,31,6,14,7,Recruit.net
50,Current employee,Non-Travel,881,Research & Development,2,4,Life Sciences,1,10485,133940,1,Male,98,3,4,Manager,1,Divorced,17924,4544,1,Y,No,11,3,4,80,1,31,3,3,31,6,14,7,Recruit.net
50,Current employee,Non-Travel,881,Research & Development,2,4,Life Sciences,1,10488,133943,1,Male,98,3,4,Manager,1,Divorced,17924,4544,1,Y,No,11,3,4,80,1,31,3,3,31,6,14,7,Recruit.net
50,Current employee,Non-Travel,881,Research & Development,2,4,Life Sciences,1,10491,133946,1,Male,98,3,4,Manager,1,Divorced,17924,4544,1,Y,No,11,3,4,80,1,31,3,3,31,6,14,7,Recruit.net
50,Current employee,Non-Travel,881,Research & Development,2,4,Life Sciences,1,10492,133947,1,Male,98,3,4,Manager,1,Divorced,17924,4544,1,Y,No,11,3,4,80,1,31,3,3,31,6,14,7,Recruit.net
50,Current employee,Travel_Rarely,316,Sales,8,4,Marketing,1,11195,134650,3,Female,67,3,1,Sales Representative,4,Married,2157,18203,1,Y,No,15,3,2,80,1,3,5,3,3,1,0,2,Indeed
50,Current employee,Travel_Rarely,316,Sales,8,4,Medical,1,11196,134651,3,Female,67,3,1,Sales Representative,4,Married,2157,18203,9,Y,No,15,3,2,80,1,3,5,3,3,1,0,2,Indeed
50,Current employee,Travel_Rarely,316,Sales,8,4,Marketing,1,11200,134655,3,Female,67,3,1,Sales Representative,4,Married,2157,18203,1,Y,No,15,3,2,80,1,3,5,3,3,1,0,2,Indeed
50,Current employee,Travel_Rarely,316,Sales,8,4,Medical,1,11201,134656,3,Female,67,3,1,Sales Representative,4,Married,2157,18203,9,Y,No,15,3,2,80,1,3,5,3,3,1,0,2,Indeed
50,Current employee,Travel_Rarely,316,Sales,8,4,Marketing,1,11203,134658,3,Female,67,3,1,Sales Representative,4,Married,2157,18203,1,Y,No,15,3,2,80,1,3,5,3,3,1,0,2,Indeed
50,Current employee,Travel_Rarely,316,Sales,8,4,Medical,1,11204,134659,3,Female,67,3,1,Sales Representative,4,Married,2157,18203,9,Y,No,15,3,2,80,1,3,5,3,3,1,0,2,Indeed
50,Current employee,Travel_Rarely,316,Sales,8,4,Marketing,1,11208,134663,3,Female,67,3,1,Sales Representative,4,Married,2157,18203,1,Y,No,15,3,2,80,1,3,5,3,3,1,0,2,Indeed
50,Current employee,Travel_Rarely,316,Sales,8,4,Medical,1,11209,134664,3,Female,67,3,1,Sales Representative,4,Married,2157,18203,9,Y,No,15,3,2,80,1,3,5,3,3,1,0,2,Indeed
50,Current employee,Travel_Rarely,1126,Research & Development,1,2,Medical,1,11459,134914,4,Male,66,3,4,Research Director,4,Divorced,17399,6615,9,Y,No,22,4,3,80,1,32,1,2,5,4,1,3,Company Website
50,Current employee,Travel_Rarely,1126,Research & Development,1,2,Life Sciences,1,11461,134916,4,Male,66,3,4,Research Director,4,Divorced,17399,6615,1,Y,No,22,3,3,80,1,32,1,2,5,4,1,3,Company Website
50,Current employee,Travel_Rarely,1126,Research & Development,1,2,Medical,1,11465,134920,4,Male,66,3,4,Research Director,4,Divorced,17399,6615,9,Y,No,22,4,3,80,1,32,1,2,5,4,1,3,Company Website
50,Current employee,Travel_Rarely,1126,Research & Development,1,2,Life Sciences,1,11466,134921,4,Male,66,3,4,Research Director,4,Divorced,17399,6615,1,Y,No,22,4,3,80,1,32,1,2,5,4,1,3,Company Website
50,Current employee,Travel_Rarely,1126,Research & Development,1,2,Medical,1,11467,134922,4,Male,66,3,4,Research Director,4,Divorced,17399,6615,9,Y,No,22,4,3,80,1,32,1,2,5,4,1,3,Company Website
50,Current employee,Travel_Rarely,1126,Research & Development,1,2,Life Sciences,1,11469,134924,4,Male,66,3,4,Research Director,4,Divorced,17399,6615,1,Y,No,22,3,3,80,1,32,1,2,5,4,1,3,Company Website
50,Current employee,Travel_Rarely,1126,Research & Development,1,2,Medical,1,11473,134928,4,Male,66,3,4,Research Director,4,Divorced,17399,6615,9,Y,No,22,4,3,80,1,32,1,2,5,4,1,3,Company Website
50,Current employee,Travel_Rarely,1126,Research & Development,1,2,Life Sciences,1,11474,134929,4,Male,66,3,4,Research Director,4,Divorced,17399,6615,1,Y,No,22,4,3,80,1,32,1,2,5,4,1,3,Company Website
50,Current employee,Travel_Rarely,939,Research & Development,24,3,Life Sciences,1,11563,135018,4,Male,95,3,4,Manufacturing Director,3,Married,13973,4161,3,Y,Yes,18,4,4,80,1,22,2,3,12,11,1,5,GlassDoor
50,Current employee,Travel_Rarely,939,Research & Development,24,3,Other,1,11566,135021,4,Male,95,3,4,Manufacturing Director,3,Married,13973,4161,1,Y,Yes,18,3,4,80,1,22,2,3,12,11,1,5,GlassDoor
50,Current employee,Travel_Rarely,939,Research & Development,24,3,Life Sciences,1,11569,135024,4,Male,95,3,4,Manufacturing Director,3,Married,13973,4161,3,Y,Yes,18,3,4,80,1,22,2,3,12,11,1,5,GlassDoor
50,Current employee,Travel_Rarely,939,Research & Development,24,3,Other,1,11570,135025,4,Male,95,3,4,Manufacturing Director,3,Married,13973,4161,1,Y,Yes,18,3,4,80,1,22,2,3,12,11,1,5,GlassDoor
50,Current employee,Travel_Rarely,939,Research & Development,24,3,Other,1,11573,135028,4,Male,95,3,4,Manufacturing Director,3,Married,13973,4161,1,Y,Yes,18,3,4,80,1,22,2,3,12,11,1,5,GlassDoor
50,Current employee,Travel_Rarely,939,Research & Development,24,3,Life Sciences,1,11576,135031,4,Male,95,3,4,Manufacturing Director,3,Married,13973,4161,3,Y,Yes,18,3,4,80,1,22,2,3,12,11,1,5,GlassDoor
50,Current employee,Travel_Rarely,939,Research & Development,24,3,Other,1,11577,135032,4,Male,95,3,4,Manufacturing Director,3,Married,13973,4161,1,Y,Yes,18,3,4,80,1,22,2,3,12,11,1,5,GlassDoor
50,Current employee,Travel_Rarely,804,Research & Development,9,3,Life Sciences,1,11890,135345,1,Male,64,3,1,Laboratory Technician,4,Married,2380,20165,4,Y,No,18,3,2,80,0,8,5,3,1,0,0,0,Recruit.net
50,Current employee,Travel_Rarely,804,Research & Development,9,3,Medical,1,11893,135348,1,Male,64,3,1,Laboratory Technician,4,Married,2380,20165,1,Y,No,18,3,2,80,0,8,5,3,1,0,0,0,Recruit.net
50,Current employee,Travel_Rarely,804,Research & Development,9,3,Life Sciences,1,11896,135351,1,Male,64,3,1,Laboratory Technician,4,Married,2380,20165,4,Y,No,18,3,2,80,0,8,5,3,1,0,0,0,Recruit.net
50,Current employee,Travel_Rarely,804,Research & Development,9,3,Medical,1,11897,135352,1,Male,64,3,1,Laboratory Technician,4,Married,2380,20165,1,Y,No,18,3,2,80,0,8,5,3,1,0,0,0,Recruit.net
50,Current employee,Travel_Rarely,804,Research & Development,9,3,Life Sciences,1,11898,135353,1,Male,64,3,1,Laboratory Technician,4,Married,2380,20165,4,Y,No,18,3,2,80,0,8,5,3,1,0,0,0,Recruit.net
50,Current employee,Travel_Rarely,804,Research & Development,9,3,Medical,1,11901,135356,1,Male,64,3,1,Laboratory Technician,4,Married,2380,20165,1,Y,No,18,3,2,80,0,8,5,3,1,0,0,0,Recruit.net
50,Current employee,Travel_Rarely,804,Research & Development,9,3,Life Sciences,1,11904,135359,1,Male,64,3,1,Laboratory Technician,4,Married,2380,20165,4,Y,No,18,3,2,80,0,8,5,3,1,0,0,0,Recruit.net
50,Current employee,Travel_Rarely,804,Research & Development,9,3,Medical,1,11905,135360,1,Male,64,3,1,Laboratory Technician,4,Married,2380,20165,1,Y,No,18,3,2,80,0,8,5,3,1,0,0,0,Recruit.net
50,Current employee,Non-Travel,145,Sales,1,3,Life Sciences,1,11470,135495,4,Female,95,3,2,Sales Executive,3,Married,6347,24920,0,Y,No,12,3,1,80,1,19,3,3,18,7,0,13,Indeed
50,Current employee,Non-Travel,145,Sales,1,3,Life Sciences,1,12042,135497,4,Female,95,3,2,Sales Executive,3,Married,6347,24920,4,Y,No,12,3,1,80,1,19,3,3,18,7,0,13,Indeed
50,Current employee,Non-Travel,145,Sales,1,3,Life Sciences,1,12046,135501,4,Female,95,3,2,Sales Executive,3,Married,6347,24920,0,Y,No,12,3,1,80,1,19,3,3,18,7,0,13,Indeed
50,Current employee,Non-Travel,145,Sales,1,3,Life Sciences,1,12047,135502,4,Female,95,3,2,Sales Executive,3,Married,6347,24920,4,Y,No,12,3,1,80,1,19,3,3,18,7,0,13,Indeed
50,Current employee,Non-Travel,145,Sales,1,3,Life Sciences,1,12048,135503,4,Female,95,3,2,Sales Executive,3,Married,6347,24920,0,Y,No,12,3,1,80,1,19,3,3,18,7,0,13,Indeed
50,Current employee,Non-Travel,145,Sales,1,3,Life Sciences,1,12050,135505,4,Female,95,3,2,Sales Executive,3,Married,6347,24920,4,Y,No,12,3,1,80,1,19,3,3,18,7,0,13,Indeed
50,Current employee,Non-Travel,145,Sales,1,3,Life Sciences,1,12054,135509,4,Female,95,3,2,Sales Executive,3,Married,6347,24920,0,Y,No,12,3,1,80,1,19,3,3,18,7,0,13,Indeed
50,Current employee,Non-Travel,145,Sales,1,3,Life Sciences,1,12055,135510,4,Female,95,3,2,Sales Executive,3,Married,6347,24920,4,Y,No,12,3,1,80,1,19,3,3,18,7,0,13,Indeed
50,Current employee,Travel_Rarely,264,Sales,9,3,Marketing,1,12128,135583,3,Female,71,3,1,Laboratory Technician,3,Single,4025,11135,9,Y,No,12,4,2,80,0,10,2,3,8,7,7,7,GlassDoor
50,Current employee,Travel_Rarely,264,Sales,9,3,Medical,1,12129,135584,3,Female,71,3,1,Laboratory Technician,3,Single,4025,11135,1,Y,No,12,3,2,80,0,10,2,3,8,7,7,7,GlassDoor
50,Current employee,Travel_Rarely,264,Sales,9,3,Marketing,1,12133,135588,3,Female,71,3,1,Laboratory Technician,3,Single,4025,11135,9,Y,No,12,3,2,80,0,10,2,3,8,7,7,7,GlassDoor
50,Current employee,Travel_Rarely,264,Sales,9,3,Medical,1,12134,135589,3,Female,71,3,1,Laboratory Technician,3,Single,4025,11135,1,Y,No,12,3,2,80,0,10,2,3,8,7,7,7,GlassDoor
50,Current employee,Travel_Rarely,264,Sales,9,3,Marketing,1,12136,135591,3,Female,71,3,1,Laboratory Technician,3,Single,4025,11135,9,Y,No,12,4,2,80,0,10,2,3,8,7,7,7,GlassDoor
50,Current employee,Travel_Rarely,264,Sales,9,3,Medical,1,12137,135592,3,Female,71,3,1,Laboratory Technician,3,Single,4025,11135,1,Y,No,12,3,2,80,0,10,2,3,8,7,7,7,GlassDoor
50,Current employee,Travel_Rarely,264,Sales,9,3,Marketing,1,12141,135596,3,Female,71,3,1,Laboratory Technician,3,Single,4025,11135,9,Y,No,12,3,2,80,0,10,2,3,8,7,7,7,GlassDoor
50,Current employee,Travel_Rarely,264,Sales,9,3,Medical,1,12142,135597,3,Female,71,3,1,Laboratory Technician,3,Single,4025,11135,1,Y,No,12,3,2,80,0,10,2,3,8,7,7,7,GlassDoor
50,Current employee,Travel_Rarely,1464,Research & Development,2,4,Medical,1,12284,135739,2,Male,62,3,5,Research Director,3,Married,19237,12853,2,Y,Yes,11,3,4,80,1,29,2,2,8,1,7,7,Indeed
50,Current employee,Travel_Rarely,1464,Research & Development,2,4,Life Sciences,1,12286,135741,2,Male,62,3,5,Research Director,3,Married,19237,12853,1,Y,Yes,11,4,4,80,1,29,2,2,8,1,7,7,Indeed
50,Current employee,Travel_Rarely,1464,Research & Development,2,4,Medical,1,12290,135745,2,Male,62,3,5,Research Director,3,Married,19237,12853,2,Y,Yes,11,3,4,80,1,29,2,2,8,1,7,7,Indeed
50,Current employee,Travel_Rarely,1464,Research & Development,2,4,Life Sciences,1,12291,135746,2,Male,62,3,5,Research Director,3,Married,19237,12853,1,Y,Yes,11,3,4,80,1,29,2,2,8,1,7,7,Indeed
50,Current employee,Travel_Rarely,1464,Research & Development,2,4,Medical,1,12292,135747,2,Male,62,3,5,Research Director,3,Married,19237,12853,2,Y,Yes,11,3,4,80,1,29,2,2,8,1,7,7,Indeed
50,Current employee,Travel_Rarely,1464,Research & Development,2,4,Life Sciences,1,12294,135749,2,Male,62,3,5,Research Director,3,Married,19237,12853,1,Y,Yes,11,4,4,80,1,29,2,2,8,1,7,7,Indeed
50,Current employee,Travel_Rarely,1464,Research & Development,2,4,Medical,1,12298,135753,2,Male,62,3,5,Research Director,3,Married,19237,12853,2,Y,Yes,11,3,4,80,1,29,2,2,8,1,7,7,Indeed
50,Current employee,Travel_Rarely,1464,Research & Development,2,4,Life Sciences,1,12299,135754,2,Male,62,3,5,Research Director,3,Married,19237,12853,1,Y,Yes,11,3,4,80,1,29,2,2,8,1,7,7,Indeed
50,Current employee,Travel_Rarely,989,Research & Development,7,2,Medical,1,12960,136415,3,Female,73,3,1,Research Scientist,4,Divorced,2514,26968,4,Y,No,22,4,1,80,1,11,1,3,7,5,1,7,Company Website
50,Current employee,Travel_Rarely,989,Research & Development,7,2,Marketing,1,12961,136416,3,Female,73,3,1,Research Scientist,4,Divorced,2514,26968,3,Y,No,22,3,1,80,1,11,1,3,7,5,1,7,Company Website
50,Current employee,Travel_Rarely,989,Research & Development,7,2,Medical,1,12965,136420,3,Female,73,3,1,Research Scientist,4,Divorced,2514,26968,4,Y,No,22,4,1,80,1,11,1,3,7,5,1,7,Company Website
50,Current employee,Travel_Rarely,989,Research & Development,7,2,Marketing,1,12966,136421,3,Female,73,3,1,Research Scientist,4,Divorced,2514,26968,3,Y,No,22,4,1,80,1,11,1,3,7,5,1,7,Company Website
50,Current employee,Travel_Rarely,989,Research & Development,7,2,Medical,1,12968,136423,3,Female,73,3,1,Research Scientist,4,Divorced,2514,26968,4,Y,No,22,4,1,80,1,11,1,3,7,5,1,7,Company Website
50,Current employee,Travel_Rarely,989,Research & Development,7,2,Marketing,1,12969,136424,3,Female,73,3,1,Research Scientist,4,Divorced,2514,26968,3,Y,No,22,3,1,80,1,11,1,3,7,5,1,7,Company Website
50,Current employee,Travel_Rarely,989,Research & Development,7,2,Medical,1,12973,136428,3,Female,73,3,1,Research Scientist,4,Divorced,2514,26968,4,Y,No,22,4,1,80,1,11,1,3,7,5,1,7,Company Website
50,Current employee,Travel_Rarely,989,Research & Development,7,2,Marketing,1,12974,136429,3,Female,73,3,1,Research Scientist,4,Divorced,2514,26968,3,Y,No,22,4,1,80,1,11,1,3,7,5,1,7,Company Website
50,Current employee,Travel_Rarely,328,Research & Development,1,3,Medical,1,13613,137068,3,Female,75,1,2,Sales Executive,3,Single,5346,9489,8,Y,No,13,3,2,80,0,7,2,2,4,3,1,3,Company Website
50,Current employee,Travel_Rarely,328,Research & Development,1,3,Medical,1,13617,137072,3,Female,75,1,2,Sales Executive,3,Single,5346,9489,8,Y,No,13,3,2,80,0,7,2,2,4,3,1,3,Company Website
50,Current employee,Travel_Rarely,328,Research & Development,1,3,Life Sciences,1,13618,137073,3,Female,75,1,2,Sales Executive,3,Single,5346,9489,4,Y,No,13,3,2,80,0,7,2,2,4,3,1,3,Company Website
50,Current employee,Travel_Rarely,328,Research & Development,1,3,Medical,1,13620,137075,3,Female,75,1,2,Sales Executive,3,Single,5346,9489,8,Y,No,13,3,2,80,0,7,2,2,4,3,1,3,Company Website
50,Current employee,Travel_Rarely,328,Research & Development,1,3,Life Sciences,1,13621,137076,3,Female,75,1,2,Sales Executive,3,Single,5346,9489,4,Y,No,13,3,2,80,0,7,2,2,4,3,1,3,Company Website
50,Current employee,Travel_Rarely,328,Research & Development,1,3,Medical,1,13625,137080,3,Female,75,1,2,Sales Executive,3,Single,5346,9489,8,Y,No,13,3,2,80,0,7,2,2,4,3,1,3,Company Website
50,Current employee,Travel_Rarely,328,Research & Development,1,3,Life Sciences,1,13626,137081,3,Female,75,1,2,Sales Executive,3,Single,5346,9489,4,Y,No,13,3,2,80,0,7,2,2,4,3,1,3,Company Website
50,Current employee,Travel_Frequently,1421,Research & Development,2,3,Medical,1,13895,137350,4,Female,30,3,4,Manager,1,Married,17856,9490,2,Y,No,22,3,3,80,1,32,3,3,2,2,2,2,GlassDoor
50,Current employee,Travel_Frequently,1421,Research & Development,2,3,Life Sciences,1,13897,137352,4,Female,30,3,4,Manager,1,Married,17856,9490,1,Y,No,22,3,3,80,1,32,3,3,2,2,2,2,GlassDoor
50,Current employee,Travel_Frequently,1421,Research & Development,2,3,Medical,1,13901,137356,4,Female,30,3,4,Manager,1,Married,17856,9490,2,Y,No,22,4,3,80,1,32,3,3,2,2,2,2,GlassDoor
50,Current employee,Travel_Frequently,1421,Research & Development,2,3,Life Sciences,1,13902,137357,4,Female,30,3,4,Manager,1,Married,17856,9490,1,Y,No,22,4,3,80,1,32,3,3,2,2,2,2,GlassDoor
50,Current employee,Travel_Frequently,1421,Research & Development,2,3,Medical,1,13903,137358,4,Female,30,3,4,Manager,1,Married,17856,9490,2,Y,No,22,3,3,80,1,32,3,3,2,2,2,2,GlassDoor
50,Current employee,Travel_Frequently,1421,Research & Development,2,3,Life Sciences,1,13905,137360,4,Female,30,3,4,Manager,1,Married,17856,9490,1,Y,No,22,3,3,80,1,32,3,3,2,2,2,2,GlassDoor
50,Current employee,Travel_Frequently,1421,Research & Development,2,3,Medical,1,13909,137364,4,Female,30,3,4,Manager,1,Married,17856,9490,2,Y,No,22,4,3,80,1,32,3,3,2,2,2,2,GlassDoor
50,Current employee,Travel_Frequently,1421,Research & Development,2,3,Life Sciences,1,13910,137365,4,Female,30,3,4,Manager,1,Married,17856,9490,1,Y,No,22,4,3,80,1,32,3,3,2,2,2,2,GlassDoor
50,Current employee,Travel_Rarely,854,Sales,1,4,Medical,1,13976,137431,3,Female,76,3,2,Sales Executive,3,Married,4539,4905,1,Y,No,12,3,1,80,1,10,3,2,10,7,0,1,Company Website
50,Current employee,Travel_Rarely,854,Sales,1,4,Life Sciences,1,13977,137432,3,Female,76,3,2,Sales Executive,3,Married,4539,4905,4,Y,No,12,3,1,80,1,10,3,2,10,7,0,1,Company Website
50,Current employee,Travel_Rarely,854,Sales,1,4,Medical,1,13981,137436,3,Female,76,3,2,Sales Executive,3,Married,4539,4905,1,Y,No,12,3,1,80,1,10,3,2,10,7,0,1,Company Website
50,Current employee,Travel_Rarely,854,Sales,1,4,Life Sciences,1,13982,137437,3,Female,76,3,2,Sales Executive,3,Married,4539,4905,4,Y,No,12,3,1,80,1,10,3,2,10,7,0,1,Company Website
50,Current employee,Travel_Rarely,854,Sales,1,4,Medical,1,13984,137439,3,Female,76,3,2,Sales Executive,3,Married,4539,4905,1,Y,No,12,3,1,80,1,10,3,2,10,7,0,1,Company Website
50,Current employee,Travel_Rarely,854,Sales,1,4,Life Sciences,1,13985,137440,3,Female,76,3,2,Sales Executive,3,Married,4539,4905,4,Y,No,12,3,1,80,1,10,3,2,10,7,0,1,Company Website
50,Current employee,Travel_Rarely,854,Sales,1,4,Medical,1,13989,137444,3,Female,76,3,2,Sales Executive,3,Married,4539,4905,1,Y,No,12,3,1,80,1,10,3,2,10,7,0,1,Company Website
50,Current employee,Travel_Rarely,854,Sales,1,4,Life Sciences,1,13990,137445,3,Female,76,3,2,Sales Executive,3,Married,4539,4905,4,Y,No,12,3,1,80,1,10,3,2,10,7,0,1,Company Website
50,Current employee,Travel_Rarely,1322,Research & Development,28,3,Life Sciences,1,15135,138590,4,Female,43,3,4,Research Director,1,Married,16880,22422,4,Y,Yes,11,3,2,80,0,25,2,3,3,2,1,2,Recruit.net
50,Current employee,Travel_Rarely,1322,Research & Development,28,3,Technical Degree,1,15138,138593,4,Female,43,3,4,Research Director,1,Married,16880,22422,2,Y,Yes,11,3,2,80,0,25,2,3,3,2,1,2,Recruit.net
50,Current employee,Travel_Rarely,1322,Research & Development,28,3,Life Sciences,1,15141,138596,4,Female,43,3,4,Research Director,1,Married,16880,22422,4,Y,Yes,11,3,2,80,0,25,2,3,3,2,1,2,Recruit.net
50,Current employee,Travel_Rarely,1322,Research & Development,28,3,Technical Degree,1,15142,138597,4,Female,43,3,4,Research Director,1,Married,16880,22422,2,Y,Yes,11,3,2,80,0,25,2,3,3,2,1,2,Recruit.net
50,Current employee,Travel_Rarely,1322,Research & Development,28,3,Life Sciences,1,15143,138598,4,Female,43,3,4,Research Director,1,Married,16880,22422,4,Y,Yes,11,3,2,80,0,25,2,3,3,2,1,2,Recruit.net
50,Current employee,Travel_Rarely,1322,Research & Development,28,3,Technical Degree,1,15146,138601,4,Female,43,3,4,Research Director,1,Married,16880,22422,2,Y,Yes,11,3,2,80,0,25,2,3,3,2,1,2,Recruit.net
50,Current employee,Travel_Rarely,1322,Research & Development,28,3,Life Sciences,1,15149,138604,4,Female,43,3,4,Research Director,1,Married,16880,22422,4,Y,Yes,11,3,2,80,0,25,2,3,3,2,1,2,Recruit.net
50,Current employee,Travel_Rarely,1322,Research & Development,28,3,Technical Degree,1,15150,138605,4,Female,43,3,4,Research Director,1,Married,16880,22422,2,Y,Yes,11,3,2,80,0,25,2,3,3,2,1,2,Recruit.net
50,Current employee,Travel_Frequently,1246,Human Resources,3,3,Medical,1,15152,138607,3,Male,79,2,3,Sales Executive,2,Single,9094,17235,2,Y,Yes,12,3,3,80,0,9,2,3,5,4,1,0,Seek
50,Current employee,Travel_Frequently,1246,Human Resources,3,3,Life Sciences,1,15153,138608,3,Male,79,2,3,Sales Executive,2,Single,9094,17235,5,Y,Yes,12,4,3,80,0,9,2,3,5,4,1,0,Seek
50,Current employee,Travel_Frequently,1246,Human Resources,3,3,Medical,1,15157,138612,3,Male,79,2,3,Sales Executive,2,Single,9094,17235,2,Y,Yes,12,3,3,80,0,9,2,3,5,4,1,0,Seek
50,Current employee,Travel_Frequently,1246,Human Resources,3,3,Life Sciences,1,15158,138613,3,Male,79,2,3,Sales Executive,2,Single,9094,17235,5,Y,Yes,12,3,3,80,0,9,2,3,5,4,1,0,Seek
50,Current employee,Travel_Frequently,1246,Human Resources,3,3,Medical,1,15160,138615,3,Male,79,2,3,Sales Executive,2,Single,9094,17235,2,Y,Yes,12,3,3,80,0,9,2,3,5,4,1,0,Seek
50,Current employee,Travel_Frequently,1246,Human Resources,3,3,Life Sciences,1,15161,138616,3,Male,79,2,3,Sales Executive,2,Single,9094,17235,5,Y,Yes,12,4,3,80,0,9,2,3,5,4,1,0,Seek
50,Current employee,Travel_Frequently,1246,Human Resources,3,3,Medical,1,15165,138620,3,Male,79,2,3,Sales Executive,2,Single,9094,17235,2,Y,Yes,12,3,3,80,0,9,2,3,5,4,1,0,Seek
50,Current employee,Travel_Frequently,1246,Human Resources,3,3,Life Sciences,1,15166,138621,3,Male,79,2,3,Sales Executive,2,Single,9094,17235,5,Y,Yes,12,3,3,80,0,9,2,3,5,4,1,0,Seek
50,Current employee,Travel_Rarely,1207,Research & Development,28,1,Medical,1,15414,138869,3,Male,79,3,4,Manager,2,Divorced,14026,17588,1,Y,Yes,11,3,2,80,1,33,2,3,33,9,0,10,Seek
50,Current employee,Travel_Rarely,1207,Research & Development,28,1,Technical Degree,1,15416,138871,3,Male,79,3,4,Manager,2,Divorced,14026,17588,1,Y,Yes,11,3,2,80,1,33,2,3,33,9,0,10,Seek
50,Current employee,Travel_Rarely,1207,Research & Development,28,1,Medical,1,15417,138872,3,Male,79,3,4,Manager,2,Divorced,14026,17588,1,Y,Yes,11,3,2,80,1,33,2,3,33,9,0,10,Seek
50,Current employee,Travel_Rarely,1207,Research & Development,28,1,Technical Degree,1,15418,138873,3,Male,79,3,4,Manager,2,Divorced,14026,17588,1,Y,Yes,11,3,2,80,1,33,2,3,33,9,0,10,Seek
50,Current employee,Travel_Rarely,1207,Research & Development,28,1,Medical,1,15422,138877,3,Male,79,3,4,Manager,2,Divorced,14026,17588,1,Y,Yes,11,3,2,80,1,33,2,3,33,9,0,10,Seek
50,Current employee,Travel_Rarely,1207,Research & Development,28,1,Technical Degree,1,15424,138879,3,Male,79,3,4,Manager,2,Divorced,14026,17588,1,Y,Yes,11,3,2,80,1,33,2,3,33,9,0,10,Seek
50,Current employee,Travel_Rarely,1207,Research & Development,28,1,Medical,1,15425,138880,3,Male,79,3,4,Manager,2,Divorced,14026,17588,1,Y,Yes,11,3,2,80,1,33,2,3,33,9,0,10,Seek
50,Current employee,Travel_Rarely,1207,Research & Development,28,1,Technical Degree,1,15426,138881,3,Male,79,3,4,Manager,2,Divorced,14026,17588,1,Y,Yes,11,3,2,80,1,33,2,3,33,9,0,10,Seek
50,Current employee,Travel_Rarely,691,Research & Development,2,3,Medical,1,15713,139168,3,Female,80,3,2,Sales Executive,3,Married,4614,23288,0,Y,Yes,18,3,3,80,1,5,0,2,4,2,3,2,Company Website
50,Current employee,Travel_Rarely,691,Research & Development,2,3,Life Sciences,1,15714,139169,3,Female,80,3,2,Sales Executive,3,Married,4614,23288,4,Y,Yes,18,3,3,80,1,5,0,2,4,2,3,2,Company Website
50,Current employee,Travel_Rarely,691,Research & Development,2,3,Medical,1,15718,139173,3,Female,80,3,2,Sales Executive,3,Married,4614,23288,0,Y,Yes,18,3,3,80,1,5,0,2,4,2,3,2,Company Website
50,Current employee,Travel_Rarely,691,Research & Development,2,3,Life Sciences,1,15719,139174,3,Female,80,3,2,Sales Executive,3,Married,4614,23288,4,Y,Yes,18,3,3,80,1,5,0,2,4,2,3,2,Company Website
50,Current employee,Travel_Rarely,691,Research & Development,2,3,Medical,1,15721,139176,3,Female,80,3,2,Sales Executive,3,Married,4614,23288,0,Y,Yes,18,3,3,80,1,5,0,2,4,2,3,2,Company Website
50,Current employee,Travel_Rarely,691,Research & Development,2,3,Life Sciences,1,15722,139177,3,Female,80,3,2,Sales Executive,3,Married,4614,23288,4,Y,Yes,18,3,3,80,1,5,0,2,4,2,3,2,Company Website
50,Current employee,Travel_Rarely,691,Research & Development,2,3,Medical,1,15726,139181,3,Female,80,3,2,Sales Executive,3,Married,4614,23288,0,Y,Yes,18,3,3,80,1,5,0,2,4,2,3,2,Company Website
50,Current employee,Travel_Rarely,691,Research & Development,2,3,Life Sciences,1,15727,139182,3,Female,80,3,2,Sales Executive,3,Married,4614,23288,4,Y,Yes,18,3,3,80,1,5,0,2,4,2,3,2,Company Website
50,Current employee,Travel_Rarely,1126,Research & Development,1,2,Medical,1,16294,139749,3,Male,82,2,2,Laboratory Technician,4,Single,5810,22604,1,Y,No,16,3,3,80,0,10,2,2,10,4,1,8,LinkedIn
50,Current employee,Travel_Rarely,,Research & Development,,2,Life Sciences,1,16295,139750,3,Male,82,2,2,Laboratory Technician,4,Single,5810,22604,1,Y,No,16,3,3,,0,10,2,2,10,4,1,8,LinkedIn
50,Current employee,Travel_Rarely,1126,Research & Development,1,2,Medical,1,16299,139754,3,Male,82,2,2,Laboratory Technician,4,Single,5810,22604,1,Y,No,16,3,3,80,0,10,2,2,10,4,1,8,LinkedIn
50,Current employee,Travel_Rarely,1126,Research & Development,1,2,Life Sciences,1,16300,139755,3,Male,82,2,2,Laboratory Technician,4,Single,5810,22604,1,Y,No,16,3,3,80,0,10,2,2,10,4,1,8,LinkedIn
50,Current employee,Travel_Rarely,1126,Research & Development,1,2,Medical,1,16302,139757,3,Male,82,2,2,Laboratory Technician,4,Single,5810,22604,1,Y,No,16,3,3,80,0,10,2,2,10,4,1,8,LinkedIn
50,Current employee,Travel_Rarely,1126,Research & Development,1,2,Life Sciences,1,16303,139758,3,Male,82,2,2,Laboratory Technician,4,Single,5810,22604,1,Y,No,16,3,3,80,0,10,2,2,10,4,1,8,LinkedIn
50,Current employee,Travel_Rarely,1126,Research & Development,1,2,Medical,1,16307,139762,3,Male,82,2,2,Laboratory Technician,4,Single,5810,22604,1,Y,No,16,3,3,80,0,10,2,2,10,4,1,8,LinkedIn
50,Current employee,Travel_Rarely,1126,Research & Development,1,2,Life Sciences,1,16308,139763,3,Male,82,2,2,Laboratory Technician,4,Single,5810,22604,1,Y,No,16,3,3,80,0,10,2,2,10,4,1,8,LinkedIn
50,Current employee,Travel_Rarely,1464,Research & Development,2,4,Medical,1,16586,140041,4,Male,82,3,1,Laboratory Technician,4,Married,3722,21081,6,Y,Yes,13,4,3,80,1,7,2,1,2,2,2,2,Company Website
50,Current employee,Travel_Rarely,1464,Research & Development,2,4,Life Sciences,1,16588,140043,4,Male,82,3,1,Laboratory Technician,4,Married,3722,21081,1,Y,Yes,13,3,3,80,1,7,2,1,2,2,2,2,Company Website
50,Current employee,Travel_Rarely,1464,Research & Development,2,4,Medical,1,16591,140046,4,Male,82,3,1,Laboratory Technician,4,Married,3722,21081,6,Y,Yes,13,3,3,80,1,7,2,1,2,2,2,2,Company Website
50,Current employee,Travel_Rarely,1464,Research & Development,2,4,Life Sciences,1,16592,140047,4,Male,82,3,1,Laboratory Technician,4,Married,3722,21081,1,Y,Yes,13,3,3,80,1,7,2,1,2,2,2,2,Company Website
50,Current employee,Travel_Rarely,1464,Research & Development,2,4,Medical,1,16594,140049,4,Male,82,3,1,Laboratory Technician,4,Married,3722,21081,6,Y,Yes,13,4,3,80,1,7,2,1,2,2,2,2,Company Website
50,Current employee,Travel_Rarely,1464,Research & Development,2,4,Life Sciences,1,16596,140051,4,Male,82,3,1,Laboratory Technician,4,Married,3722,21081,1,Y,Yes,13,3,3,80,1,7,2,1,2,2,2,2,Company Website
50,Current employee,Travel_Rarely,1464,Research & Development,2,4,Medical,1,16599,140054,4,Male,82,3,1,Laboratory Technician,4,Married,3722,21081,6,Y,Yes,13,3,3,80,1,7,2,1,2,2,2,2,Company Website
50,Current employee,Travel_Rarely,1464,Research & Development,2,4,Life Sciences,1,16600,140055,4,Male,82,3,1,Laboratory Technician,4,Married,3722,21081,1,Y,Yes,13,3,3,80,1,7,2,1,2,2,2,2,Company Website
50,Current employee,Travel_Frequently,1421,Research & Development,2,3,Medical,1,17094,140549,4,Male,84,2,1,Laboratory Technician,1,Single,2561,5355,7,Y,No,11,3,3,80,0,8,2,2,0,0,0,0,Indeed
50,Current employee,Travel_Frequently,1421,Research & Development,2,3,Life Sciences,1,17096,140551,4,Male,84,2,1,Laboratory Technician,1,Single,2561,5355,1,Y,No,11,4,3,80,0,8,2,2,0,0,0,0,Indeed
50,Current employee,Travel_Frequently,1421,Research & Development,2,3,Medical,1,17099,140554,4,Male,84,2,1,Laboratory Technician,1,Single,2561,5355,7,Y,No,11,3,3,80,0,8,2,2,0,0,0,0,Indeed
50,Current employee,Travel_Frequently,1421,Research & Development,2,3,Life Sciences,1,17100,140555,4,Male,84,2,1,Laboratory Technician,1,Single,2561,5355,1,Y,No,11,3,3,80,0,8,2,2,0,0,0,0,Indeed
50,Current employee,Travel_Frequently,1421,Research & Development,2,3,Medical,1,17102,140557,4,Male,84,2,1,Laboratory Technician,1,Single,2561,5355,7,Y,No,11,3,3,80,0,8,2,2,0,0,0,0,Indeed
50,Current employee,Travel_Frequently,1421,Research & Development,2,3,Life Sciences,1,17104,140559,4,Male,84,2,1,Laboratory Technician,1,Single,2561,5355,1,Y,No,11,4,3,80,0,8,2,2,0,0,0,0,Indeed
50,Current employee,Travel_Frequently,1421,Research & Development,2,3,Medical,1,17107,140562,4,Male,84,2,1,Laboratory Technician,1,Single,2561,5355,7,Y,No,11,3,3,80,0,8,2,2,0,0,0,0,Indeed
50,Current employee,Travel_Frequently,1421,Research & Development,2,3,Life Sciences,1,17108,140563,4,Male,84,2,1,Laboratory Technician,1,Single,2561,5355,1,Y,No,11,3,3,80,0,8,2,2,0,0,0,0,Indeed
50,Current employee,Travel_Frequently,333,Research & Development,22,5,Medical,1,17384,140839,3,Male,88,1,4,Research Director,4,Single,14411,24450,1,Y,Yes,13,3,4,80,0,32,2,3,32,6,13,9,Company Website
50,Current employee,Travel_Frequently,333,Research & Development,22,5,Other,1,17387,140842,3,Male,88,1,4,Research Director,4,Single,14411,24450,2,Y,Yes,13,4,4,80,0,32,2,3,32,6,13,9,Company Website
50,Current employee,Travel_Frequently,333,Research & Development,22,5,Medical,1,17390,140845,3,Male,88,1,4,Research Director,4,Single,14411,24450,1,Y,Yes,13,3,4,80,0,32,2,3,32,6,13,9,Company Website
50,Current employee,Travel_Frequently,333,Research & Development,22,5,Other,1,17391,140846,3,Male,88,1,4,Research Director,4,Single,14411,24450,2,Y,Yes,13,3,4,80,0,32,2,3,32,6,13,9,Company Website
50,Current employee,Travel_Frequently,333,Research & Development,22,5,Medical,1,17392,140847,3,Male,88,1,4,Research Director,4,Single,14411,24450,1,Y,Yes,13,3,4,80,0,32,2,3,32,6,13,9,Company Website
50,Current employee,Travel_Frequently,333,Research & Development,22,5,Other,1,17395,140850,3,Male,88,1,4,Research Director,4,Single,14411,24450,2,Y,Yes,13,4,4,80,0,32,2,3,32,6,13,9,Company Website
50,Current employee,Travel_Frequently,333,Research & Development,22,5,Medical,1,17398,140853,3,Male,88,1,4,Research Director,4,Single,14411,24450,1,Y,Yes,13,3,4,80,0,32,2,3,32,6,13,9,Company Website
50,Current employee,Travel_Frequently,333,Research & Development,22,5,Other,1,17399,140854,3,Male,88,1,4,Research Director,4,Single,14411,24450,2,Y,Yes,13,3,4,80,0,32,2,3,32,6,13,9,Company Website
50,Current employee,Travel_Rarely,264,Sales,9,3,Marketing,1,18001,141456,3,Male,59,3,5,Manager,3,Married,19331,19519,4,Y,Yes,16,3,3,80,1,27,2,3,1,0,0,0,Company Website
50,Current employee,Travel_Rarely,264,Sales,9,3,Medical,1,18003,141458,3,Male,59,3,5,Manager,3,Married,19331,19519,1,Y,Yes,16,3,3,80,1,27,2,3,1,0,0,0,Company Website
50,Current employee,Travel_Rarely,264,Sales,9,3,Marketing,1,18007,141462,3,Male,59,3,5,Manager,3,Married,19331,19519,4,Y,Yes,16,3,3,80,1,27,2,3,1,0,0,0,Company Website
50,Current employee,Travel_Rarely,264,Sales,9,3,Medical,1,18008,141463,3,Male,59,3,5,Manager,3,Married,19331,19519,1,Y,Yes,16,3,3,80,1,27,2,3,1,0,0,0,Company Website
50,Current employee,Travel_Rarely,264,Sales,9,3,Marketing,1,18009,141464,3,Male,59,3,5,Manager,3,Married,19331,19519,4,Y,Yes,16,3,3,80,1,27,2,3,1,0,0,0,Company Website
50,Current employee,Travel_Rarely,264,Sales,9,3,Medical,1,18011,141466,3,Male,59,3,5,Manager,3,Married,19331,19519,1,Y,Yes,16,3,3,80,1,27,2,3,1,0,0,0,Company Website
50,Current employee,Travel_Rarely,264,Sales,9,3,Marketing,1,18015,141470,3,Male,59,3,5,Manager,3,Married,19331,19519,4,Y,Yes,16,3,3,80,1,27,2,3,1,0,0,0,Company Website
50,Current employee,Travel_Rarely,264,Sales,9,3,Medical,1,18016,141471,3,Male,59,3,5,Manager,3,Married,19331,19519,1,Y,Yes,16,3,3,80,1,27,2,3,1,0,0,0,Company Website
50,Current employee,Travel_Frequently,333,Research & Development,22,5,Medical,1,18080,141535,4,Male,86,2,2,Healthcare Representative,3,Married,5063,15332,1,Y,No,,3,2,80,1,8,3,2,8,2,7,7,
50,Current employee,Travel_Frequently,333,Research & Development,22,5,Other,1,18082,141537,4,Male,86,2,2,Healthcare Representative,3,Married,5063,15332,0,Y,No,14,4,2,80,1,8,3,2,8,2,7,7,Jora
50,Current employee,Travel_Frequently,333,Research & Development,22,5,Medical,1,18085,141540,4,Male,86,2,2,Healthcare Representative,3,Married,5063,15332,1,Y,No,14,3,2,80,1,8,3,2,8,2,7,7,Jora
50,Current employee,Travel_Frequently,333,Research & Development,22,5,Other,1,18086,141541,4,Male,86,2,2,Healthcare Representative,3,Married,5063,15332,0,Y,No,14,3,2,80,1,8,3,2,8,2,7,7,Jora
50,Current employee,Travel_Frequently,333,Research & Development,22,5,Medical,1,18088,141543,4,Male,86,2,2,Healthcare Representative,3,Married,5063,15332,1,Y,No,14,3,2,80,1,8,3,2,8,2,7,7,Jora
50,Current employee,Travel_Frequently,333,Research & Development,22,5,Other,1,18090,141545,4,Male,86,2,2,Healthcare Representative,3,Married,5063,15332,0,Y,No,14,4,2,80,1,8,3,2,8,2,7,7,Jora
50,Current employee,Travel_Frequently,333,Research & Development,22,5,Medical,1,18093,141548,4,Male,86,2,2,Healthcare Representative,3,Married,5063,15332,1,Y,No,14,3,2,80,1,8,3,2,8,2,7,7,Jora
50,Current employee,Travel_Frequently,333,Research & Development,22,5,Other,1,18094,141549,4,Male,86,2,2,Healthcare Representative,3,Married,5063,15332,0,Y,No,14,3,2,80,1,8,3,2,8,2,7,7,Jora
50,Current employee,Travel_Frequently,1234,Research & Development,20,5,Medical,1,18185,141640,2,Male,41,3,4,Healthcare Representative,3,Married,11245,20689,2,Y,Yes,15,3,3,80,1,32,3,3,30,8,12,13,Adzuna
50,Current employee,Travel_Frequently,1234,Research & Development,20,5,Medical,1,18188,141643,2,Male,41,3,4,Healthcare Representative,3,Married,11245,20689,0,Y,Yes,15,3,3,80,1,32,3,3,30,8,12,13,Adzuna
50,Current employee,Travel_Frequently,1234,Research & Development,20,5,Medical,1,18191,141646,2,Male,41,3,4,Healthcare Representative,3,Married,11245,20689,2,Y,Yes,15,3,3,80,1,32,3,3,30,8,12,13,Adzuna
50,Current employee,Travel_Frequently,1234,Research & Development,20,5,Medical,1,18192,141647,2,Male,41,3,4,Healthcare Representative,3,Married,11245,20689,0,Y,Yes,15,3,3,80,1,32,3,3,30,8,12,13,Adzuna
50,Current employee,Travel_Frequently,1234,Research & Development,20,5,Medical,1,18195,141650,2,Male,41,3,4,Healthcare Representative,3,Married,11245,20689,0,Y,Yes,15,3,3,80,1,32,3,3,30,8,12,13,Adzuna
50,Current employee,Travel_Frequently,1234,Research & Development,20,5,Medical,1,18198,141653,2,Male,41,3,4,Healthcare Representative,3,Married,11245,20689,2,Y,Yes,15,3,3,80,1,32,3,3,30,8,12,13,Adzuna
50,Current employee,Travel_Frequently,1234,Research & Development,20,5,Medical,1,18199,141654,2,Male,41,3,4,Healthcare Representative,3,Married,11245,20689,0,Y,Yes,15,3,3,80,1,32,3,3,30,8,12,13,Adzuna
50,Current employee,Travel_Frequently,1234,Research & Development,20,5,Medical,1,18261,141716,4,Male,87,2,2,Sales Executive,1,Married,4385,24162,1,Y,No,15,3,1,80,1,10,2,3,10,7,4,5,LinkedIn
50,Current employee,Travel_Frequently,1234,Research & Development,20,5,Other,1,18262,141717,4,Male,87,2,2,Sales Executive,1,Married,4385,24162,7,Y,No,15,3,1,80,1,10,2,3,10,7,4,5,LinkedIn
50,Current employee,Travel_Frequently,1234,Research & Development,20,5,Medical,1,18266,141721,4,Male,87,2,2,Sales Executive,1,Married,4385,24162,1,Y,No,15,3,1,80,1,10,2,3,10,7,4,5,LinkedIn
50,Current employee,Travel_Frequently,1234,Research & Development,20,5,Other,1,18267,141722,4,Male,87,2,2,Sales Executive,1,Married,4385,24162,7,Y,No,15,3,1,80,1,10,2,3,10,7,4,5,LinkedIn
50,Current employee,Travel_Frequently,1234,Research & Development,20,5,Medical,1,18268,141723,4,Male,87,2,2,Sales Executive,1,Married,4385,24162,1,Y,No,15,3,1,80,1,10,2,3,10,7,4,5,LinkedIn
50,Current employee,Travel_Frequently,1234,Research & Development,20,5,Other,1,18269,141724,4,Male,87,2,2,Sales Executive,1,Married,4385,24162,7,Y,No,15,3,1,80,1,10,2,3,10,7,4,5,LinkedIn
50,Current employee,Travel_Frequently,1234,Research & Development,20,5,Medical,1,18273,141728,4,Male,87,2,2,Sales Executive,1,Married,4385,24162,1,Y,No,15,3,1,80,1,10,2,3,10,7,4,5,LinkedIn
50,Current employee,Travel_Frequently,1234,Research & Development,20,5,Other,1,18274,141729,4,Male,87,2,2,Sales Executive,1,Married,4385,24162,7,Y,No,15,3,1,80,1,10,2,3,10,7,4,5,LinkedIn
50,Current employee,Travel_Rarely,813,Research & Development,17,5,Life Sciences,1,18823,142278,4,Female,50,2,3,Research Director,1,Divorced,13269,21981,5,Y,No,15,3,3,80,3,19,3,3,14,11,1,11,LinkedIn
50,Current employee,Travel_Rarely,813,Research & Development,17,5,Medical,1,18825,142280,4,Female,50,2,3,Research Director,1,Divorced,13269,21981,2,Y,No,15,4,3,80,3,19,3,3,14,11,1,11,LinkedIn
50,Current employee,Travel_Rarely,813,Research & Development,17,5,Life Sciences,1,18829,142284,4,Female,50,2,3,Research Director,1,Divorced,13269,21981,5,Y,No,15,3,3,80,3,19,3,3,14,11,1,11,LinkedIn
50,Current employee,Travel_Rarely,813,Research & Development,17,5,Medical,1,18830,142285,4,Female,50,2,3,Research Director,1,Divorced,13269,21981,2,Y,No,15,3,3,80,3,19,3,3,14,11,1,11,LinkedIn
50,Current employee,Travel_Rarely,813,Research & Development,17,5,Life Sciences,1,18831,142286,4,Female,50,2,3,Research Director,1,Divorced,13269,21981,5,Y,No,15,3,3,80,3,19,3,3,14,11,1,11,LinkedIn
50,Current employee,Travel_Rarely,813,Research & Development,17,5,Medical,1,18833,142288,4,Female,50,2,3,Research Director,1,Divorced,13269,21981,2,Y,No,15,4,3,80,3,19,3,3,14,11,1,11,LinkedIn
50,Current employee,Travel_Rarely,813,Research & Development,17,5,Life Sciences,1,18837,142292,4,Female,50,2,3,Research Director,1,Divorced,13269,21981,5,Y,No,15,3,3,80,3,19,3,3,14,11,1,11,LinkedIn
50,Current employee,Travel_Rarely,813,Research & Development,17,5,Medical,1,18838,142293,4,Female,50,2,3,Research Director,1,Divorced,13269,21981,2,Y,No,15,3,3,80,3,19,3,3,14,11,1,11,LinkedIn
50,Current employee,Travel_Rarely,1046,Research & Development,10,3,Technical Degree,1,21903,145358,4,Male,96,3,2,Research Scientist,2,Married,5467,2125,8,Y,No,18,3,3,80,1,16,4,4,8,7,1,7,LinkedIn
50,Current employee,Travel_Rarely,1046,Research & Development,10,3,Medical,1,21904,145359,4,Male,96,3,2,Research Scientist,2,Married,5467,2125,3,Y,No,18,3,3,80,1,16,4,4,8,7,1,7,LinkedIn
50,Current employee,Travel_Rarely,1046,Research & Development,10,3,Technical Degree,1,21908,145363,4,Male,96,3,2,Research Scientist,2,Married,5467,2125,8,Y,No,18,3,3,80,1,16,4,4,8,7,1,7,LinkedIn
50,Current employee,Travel_Rarely,1046,Research & Development,10,3,Medical,1,21909,145364,4,Male,96,3,2,Research Scientist,2,Married,5467,2125,3,Y,No,18,3,3,80,1,16,4,4,8,7,1,7,LinkedIn
50,Current employee,Travel_Rarely,1046,Research & Development,10,3,Technical Degree,1,21911,145366,4,Male,96,3,2,Research Scientist,2,Married,5467,2125,8,Y,No,18,3,3,80,1,16,4,4,8,7,1,7,LinkedIn
50,Current employee,Travel_Rarely,1046,Research & Development,10,3,Medical,1,21912,145367,4,Male,96,3,2,Research Scientist,2,Married,5467,2125,3,Y,No,18,3,3,80,1,16,4,4,8,7,1,7,LinkedIn
50,Current employee,Travel_Rarely,1046,Research & Development,10,3,Technical Degree,1,21916,145371,4,Male,96,3,2,Research Scientist,2,Married,5467,2125,8,Y,No,18,3,3,80,1,16,4,4,8,7,1,7,LinkedIn
50,Current employee,Travel_Rarely,1046,Research & Development,10,3,Medical,1,21917,145372,4,Male,96,3,2,Research Scientist,2,Married,5467,2125,3,Y,No,18,3,3,80,1,16,4,4,8,7,1,7,LinkedIn
50,Current employee,Travel_Rarely,328,Research & Development,1,3,,,23512,146967,,,,,,,,,,,,,,,,,,,,,,,,,,
48,Voluntary Resignation,Travel_Rarely,626,Research & Development,1,2,Life Sciences,1,935,124390,1,Male,98,2,3,Laboratory Technician,3,Single,5381,19294,9,Y,Yes,13,3,4,80,0,23,2,3,1,0,0,0,Referral
48,Voluntary Resignation,Travel_Rarely,626,Research & Development,1,2,Human Resources,1,937,124392,1,Male,98,2,3,Laboratory Technician,3,Single,5381,19294,0,Y,Yes,13,3,4,80,0,23,2,3,1,0,0,0,Referral
48,Voluntary Resignation,Travel_Rarely,626,Research & Development,1,2,Life Sciences,1,941,124396,1,Male,98,2,3,Laboratory Technician,3,Single,5381,19294,9,Y,Yes,13,3,4,80,0,23,2,3,1,0,0,0,Referral
48,Voluntary Resignation,Travel_Rarely,626,Research & Development,1,2,Human Resources,1,942,124397,1,Male,98,2,3,Laboratory Technician,3,Single,5381,19294,0,Y,Yes,13,3,4,80,0,23,2,3,1,0,0,0,Referral
48,Voluntary Resignation,Travel_Rarely,626,Research & Development,1,2,Life Sciences,1,943,124398,1,Male,98,2,3,Laboratory Technician,3,Single,5381,19294,9,Y,Yes,13,3,4,80,0,23,2,3,1,0,0,0,Referral
48,Voluntary Resignation,Travel_Rarely,626,Research & Development,1,2,Human Resources,1,945,124400,1,Male,98,2,3,Laboratory Technician,3,Single,5381,19294,0,Y,Yes,13,3,4,80,0,23,2,3,1,0,0,0,Referral
48,Voluntary Resignation,Travel_Rarely,626,Research & Development,1,2,Life Sciences,1,949,124404,1,Male,98,2,3,Laboratory Technician,3,Single,5381,19294,9,Y,Yes,13,3,4,80,0,23,2,3,1,0,0,0,Referral
48,Voluntary Resignation,Travel_Rarely,626,Research & Development,1,2,Human Resources,1,950,124405,1,Male,98,2,3,Laboratory Technician,3,Single,5381,19294,0,Y,Yes,13,3,4,80,0,23,2,3,1,0,0,0,Referral
48,Voluntary Resignation,Travel_Rarely,626,Research & Development,1,2,Life Sciences,1,952,124407,1,Male,40,3,1,Laboratory Technician,3,Single,3441,11179,1,Y,Yes,13,4,3,80,0,2,3,2,2,2,2,2,Seek
48,Voluntary Resignation,Travel_Rarely,626,Research & Development,1,2,Life Sciences,1,953,124408,1,Male,40,3,1,Laboratory Technician,3,Single,3441,11179,1,Y,Yes,13,3,3,80,0,2,3,2,2,2,2,2,Seek
48,Voluntary Resignation,Travel_Rarely,626,Research & Development,1,2,Life Sciences,1,957,124412,1,Male,40,3,1,Laboratory Technician,3,Single,3441,11179,1,Y,Yes,13,3,3,80,0,2,3,2,2,2,2,2,Seek
48,Voluntary Resignation,Travel_Rarely,626,Research & Development,1,2,Life Sciences,1,958,124413,1,Male,40,3,1,Laboratory Technician,3,Single,3441,11179,1,Y,Yes,13,3,3,80,0,2,3,2,2,2,2,2,Seek
48,Voluntary Resignation,Travel_Rarely,626,Research & Development,1,2,Life Sciences,1,960,124415,1,Male,40,3,1,Laboratory Technician,3,Single,3441,11179,1,Y,Yes,13,4,3,80,0,2,3,2,2,2,2,2,Seek
48,Voluntary Resignation,Travel_Rarely,626,Research & Development,1,2,Life Sciences,1,961,124416,1,Male,40,3,1,Laboratory Technician,3,Single,3441,11179,1,Y,Yes,13,3,3,80,0,2,3,2,2,2,2,2,Seek
48,Voluntary Resignation,Travel_Rarely,626,Research & Development,1,2,Life Sciences,1,965,124420,1,Male,40,3,1,Laboratory Technician,3,Single,3441,11179,1,Y,Yes,13,3,3,80,0,2,3,2,2,2,2,2,Seek
48,Voluntary Resignation,Travel_Rarely,626,Research & Development,1,2,Life Sciences,1,966,124421,1,Male,40,3,1,Laboratory Technician,3,Single,3441,11179,1,Y,Yes,13,3,3,80,0,2,3,2,2,2,2,2,Seek
48,Voluntary Resignation,Travel_Frequently,708,Sales,7,2,Medical,1,18753,142208,4,Female,88,3,3,Healthcare Representative,1,Married,8008,22792,4,Y,No,12,3,3,80,2,9,6,3,3,2,0,2,LinkedIn
48,Voluntary Resignation,Travel_Frequently,708,Sales,7,2,Marketing,1,18755,142210,4,Female,88,3,3,Healthcare Representative,1,Married,8008,22792,0,Y,No,12,3,3,80,2,9,6,3,3,2,0,2,LinkedIn
48,Voluntary Resignation,Travel_Frequently,708,Sales,7,2,Medical,1,18758,142213,4,Female,88,3,3,Healthcare Representative,1,Married,8008,22792,4,Y,No,12,3,3,80,2,9,6,3,3,2,0,2,LinkedIn
48,Voluntary Resignation,Travel_Frequently,708,Sales,7,2,Marketing,1,18759,142214,4,Female,88,3,3,Healthcare Representative,1,Married,8008,22792,0,Y,No,12,3,3,80,2,9,6,3,3,2,0,2,LinkedIn
48,Voluntary Resignation,Travel_Frequently,708,Sales,7,2,Medical,1,18761,142216,4,Female,88,3,3,Healthcare Representative,1,Married,8008,22792,4,Y,No,12,3,3,80,2,9,6,3,3,2,0,2,LinkedIn
48,Voluntary Resignation,Travel_Frequently,708,Sales,7,2,Marketing,1,18763,142218,4,Female,88,3,3,Healthcare Representative,1,Married,8008,22792,0,Y,No,12,3,3,80,2,9,6,3,3,2,0,2,LinkedIn
48,Voluntary Resignation,Travel_Frequently,708,Sales,7,2,Medical,1,18766,142221,4,Female,88,3,3,Healthcare Representative,1,Married,8008,22792,4,Y,No,12,3,3,80,2,9,6,3,3,2,0,2,LinkedIn
48,Voluntary Resignation,Travel_Frequently,708,Sales,7,2,Marketing,1,18767,142222,4,Female,88,3,3,Healthcare Representative,1,Married,8008,22792,0,Y,No,12,3,3,80,2,9,6,3,3,2,0,2,LinkedIn
48,Voluntary Resignation,Travel_Frequently,708,Sales,7,2,Medical,1,19252,142707,4,Female,95,3,1,Sales Representative,3,Married,2655,11740,2,Y,Yes,11,3,3,80,2,19,3,3,9,7,7,7,Company Website
48,Voluntary Resignation,Travel_Frequently,708,Sales,7,2,Marketing,1,19254,142709,4,Female,95,3,1,Sales Representative,3,Married,2655,11740,9,Y,Yes,11,3,3,80,2,19,3,3,9,7,7,7,Company Website
48,Voluntary Resignation,Travel_Frequently,708,Sales,7,2,Medical,1,19258,142713,4,Female,95,3,1,Sales Representative,3,Married,2655,11740,2,Y,Yes,11,3,3,80,2,19,3,3,9,7,7,7,Company Website
48,Voluntary Resignation,Travel_Frequently,708,Sales,7,2,Marketing,1,19259,142714,4,Female,95,3,1,Sales Representative,3,Married,2655,11740,9,Y,Yes,11,3,3,80,2,19,3,3,9,7,7,7,Company Website
48,Voluntary Resignation,Travel_Frequently,708,Sales,7,2,Medical,1,19260,142715,4,Female,95,3,1,Sales Representative,3,Married,2655,11740,2,Y,Yes,11,3,3,80,2,19,3,3,9,7,7,7,Company Website
48,Voluntary Resignation,Travel_Frequently,708,Sales,7,2,Marketing,1,19262,142717,4,Female,95,3,1,Sales Representative,3,Married,2655,11740,9,Y,Yes,11,3,3,80,2,19,3,3,9,7,7,7,Company Website
48,Voluntary Resignation,Travel_Frequently,708,Sales,7,2,Medical,1,19266,142721,4,Female,95,3,1,Sales Representative,3,Married,2655,11740,2,Y,Yes,11,3,3,80,2,19,3,3,9,7,7,7,Company Website
48,Voluntary Resignation,Travel_Frequently,708,Sales,7,2,Marketing,1,19267,142722,4,Female,95,3,1,Sales Representative,3,Married,2655,11740,9,Y,Yes,11,3,3,80,2,19,3,3,9,7,7,7,Company Website
48,Current employee,Travel_Rarely,1236,Research & Development,1,4,Life Sciences,1,3670,127125,1,Male,47,1,2,Manufacturing Director,3,Married,4345,4381,0,Y,No,12,3,4,80,1,6,2,3,5,4,1,4,Company Website
48,Current employee,Travel_Rarely,1236,Research & Development,1,4,Life Sciences,1,3672,127127,1,Male,47,1,2,Manufacturing Director,3,Married,4345,4381,1,Y,No,12,3,4,80,1,6,2,3,5,4,1,4,Company Website
48,Current employee,Travel_Rarely,1236,Research & Development,1,4,Life Sciences,1,3675,127130,1,Male,47,1,2,Manufacturing Director,3,Married,4345,4381,0,Y,No,12,3,4,80,1,6,2,3,5,4,1,4,Company Website
48,Current employee,Travel_Rarely,1236,Research & Development,1,4,Life Sciences,1,3676,127131,1,Male,47,1,2,Manufacturing Director,3,Married,4345,4381,1,Y,No,12,3,4,80,1,6,2,3,5,4,1,4,Company Website
48,Current employee,Travel_Rarely,1236,Research & Development,1,4,Life Sciences,1,3678,127133,1,Male,47,1,2,Manufacturing Director,3,Married,4345,4381,0,Y,No,12,3,4,80,1,6,2,3,5,4,1,4,Company Website
48,Current employee,Travel_Rarely,1236,Research & Development,1,4,Life Sciences,1,3680,127135,1,Male,47,1,2,Manufacturing Director,3,Married,4345,4381,1,Y,No,12,3,4,80,1,6,2,3,5,4,1,4,Company Website
48,Current employee,Travel_Rarely,1236,Research & Development,1,4,Life Sciences,1,3683,127138,1,Male,47,1,2,Manufacturing Director,3,Married,4345,4381,0,Y,No,12,3,4,80,1,6,2,3,5,4,1,4,Company Website
48,Current employee,Travel_Rarely,1236,Research & Development,1,4,Life Sciences,1,3684,127139,1,Male,47,1,2,Manufacturing Director,3,Married,4345,4381,1,Y,No,12,3,4,80,1,6,2,3,5,4,1,4,Company Website
48,Current employee,Travel_Rarely,277,Research & Development,6,3,Life Sciences,1,5295,128750,2,Male,51,2,5,Manager,4,Married,19272,21141,1,Y,No,15,4,1,80,1,21,2,3,21,9,13,3,Jora
48,Current employee,Travel_Rarely,277,Research & Development,6,3,Marketing,1,5296,128751,2,Male,51,2,5,Manager,4,Married,19272,21141,1,Y,No,15,3,1,80,1,21,2,3,21,9,13,3,Jora
48,Current employee,Travel_Rarely,277,Research & Development,6,3,Life Sciences,1,5300,128755,2,Male,51,2,5,Manager,4,Married,19272,21141,1,Y,No,15,3,1,80,1,21,2,3,21,9,13,3,Jora
48,Current employee,Travel_Rarely,277,Research & Development,6,3,Marketing,1,5301,128756,2,Male,51,2,5,Manager,4,Married,19272,21141,1,Y,No,15,3,1,80,1,21,2,3,21,9,13,3,Jora
48,Current employee,Travel_Rarely,277,Research & Development,6,3,Life Sciences,1,5303,128758,2,Male,51,2,5,Manager,4,Married,19272,21141,1,Y,No,15,4,1,80,1,21,2,3,21,9,13,3,Jora
48,Current employee,Travel_Rarely,277,Research & Development,6,3,Marketing,1,5304,128759,2,Male,51,2,5,Manager,4,Married,19272,21141,1,Y,No,15,3,1,80,1,21,2,3,21,9,13,3,Jora
48,Current employee,Travel_Rarely,277,Research & Development,6,3,Life Sciences,1,5307,128762,2,Male,51,2,5,Manager,4,Married,19272,21141,1,Y,No,15,3,1,80,1,21,2,3,21,9,13,3,Jora
48,Current employee,Travel_Rarely,277,Research & Development,6,3,Marketing,1,5308,128763,2,Male,51,2,5,Manager,4,Married,19272,21141,1,Y,No,15,3,1,80,1,21,2,3,21,9,13,3,Jora
48,Current employee,Travel_Rarely,1355,Research & Development,4,4,Life Sciences,1,5310,128765,2,Female,51,3,2,Sales Executive,3,Married,5238,17778,4,Y,Yes,18,3,1,80,0,12,3,2,1,0,0,0,LinkedIn
48,Current employee,Travel_Rarely,1355,Research & Development,4,4,Life Sciences,1,5312,128767,2,Female,51,3,2,Sales Executive,3,Married,5238,17778,5,Y,Yes,18,3,1,80,0,12,3,2,1,0,0,0,LinkedIn
48,Current employee,Travel_Rarely,1355,Research & Development,4,4,Life Sciences,1,5315,128770,2,Female,51,3,2,Sales Executive,3,Married,5238,17778,4,Y,Yes,18,3,1,80,0,12,3,2,1,0,0,0,LinkedIn
48,Current employee,Travel_Rarely,1355,Research & Development,4,4,Life Sciences,1,5316,128771,2,Female,51,3,2,Sales Executive,3,Married,5238,17778,5,Y,Yes,18,3,1,80,0,12,3,2,1,0,0,0,LinkedIn
48,Current employee,Travel_Rarely,1355,Research & Development,4,4,Life Sciences,1,5318,128773,2,Female,51,3,2,Sales Executive,3,Married,5238,17778,4,Y,Yes,18,3,1,80,0,12,3,2,1,0,0,0,LinkedIn
48,Current employee,Travel_Rarely,1355,Research & Development,4,4,Life Sciences,1,5320,128775,2,Female,51,3,2,Sales Executive,3,Married,5238,17778,5,Y,Yes,18,3,1,80,0,12,3,2,1,0,0,0,LinkedIn
48,Current employee,Travel_Rarely,1355,Research & Development,4,4,Life Sciences,1,5322,128777,2,Female,51,3,2,Sales Executive,3,Married,5238,17778,4,Y,Yes,18,3,1,80,0,12,3,2,1,0,0,0,LinkedIn
48,Current employee,Travel_Rarely,1355,Research & Development,4,4,Life Sciences,1,5323,128778,2,Female,51,3,2,Sales Executive,3,Married,5238,17778,5,Y,Yes,18,3,1,80,0,12,3,2,1,0,0,0,LinkedIn
48,Current employee,Travel_Rarely,530,Sales,29,1,Medical,1,5702,129157,1,Female,91,3,3,Manager,3,Married,12504,23978,3,Y,No,21,3,2,80,1,15,3,1,0,0,0,0,Company Website
48,Current employee,Travel_Rarely,530,Sales,29,1,Technical Degree,1,5705,129160,1,Female,91,3,3,Manager,3,Married,12504,23978,1,Y,No,21,3,2,80,1,15,3,1,0,0,0,0,Company Website
48,Current employee,Travel_Rarely,530,Sales,29,1,Medical,1,5708,129163,1,Female,91,3,3,Manager,3,Married,12504,23978,3,Y,No,21,4,2,80,1,15,3,1,0,0,0,0,Company Website
48,Current employee,Travel_Rarely,530,Sales,29,1,Technical Degree,1,5709,129164,1,Female,91,3,3,Manager,3,Married,12504,23978,1,Y,No,21,4,2,80,1,15,3,1,0,0,0,0,Company Website
48,Current employee,Travel_Rarely,530,Sales,29,1,Medical,1,5710,129165,1,Female,91,3,3,Manager,3,Married,12504,23978,3,Y,No,21,3,2,80,1,15,3,1,0,0,0,0,Company Website
48,Current employee,Travel_Rarely,530,Sales,29,1,Technical Degree,1,5064,129168,1,Female,91,3,3,Manager,3,Married,12504,23978,1,Y,No,21,3,2,80,1,15,3,1,0,0,0,0,Company Website
48,Current employee,Travel_Rarely,530,Sales,29,1,Medical,1,5716,129171,1,Female,91,3,3,Manager,3,Married,12504,23978,3,Y,No,21,4,2,80,1,15,3,1,0,0,0,0,Company Website
48,Current employee,Travel_Rarely,530,Sales,29,1,Technical Degree,1,5717,129172,1,Female,91,3,3,Manager,3,Married,12504,23978,1,Y,No,21,4,2,80,1,15,3,1,0,0,0,0,Company Website
48,Current employee,Travel_Rarely,715,Research & Development,1,3,Life Sciences,1,6436,129891,2,Female,55,3,2,Research Scientist,3,Married,4449,23866,3,Y,Yes,15,4,1,80,2,15,2,3,13,11,10,7,GlassDoor
48,Current employee,Travel_Rarely,715,Research & Development,1,3,Life Sciences,1,6437,129892,2,Female,55,3,2,Research Scientist,3,Married,4449,23866,2,Y,Yes,15,3,1,80,2,15,2,3,13,11,10,7,GlassDoor
48,Current employee,Travel_Rarely,715,Research & Development,1,3,Life Sciences,1,6441,129896,2,Female,55,3,2,Research Scientist,3,Married,4449,23866,3,Y,Yes,15,3,1,80,2,15,2,3,13,11,10,7,GlassDoor
48,Current employee,Travel_Rarely,715,Research & Development,1,3,Life Sciences,1,6442,129897,2,Female,55,3,2,Research Scientist,3,Married,4449,23866,2,Y,Yes,15,3,1,80,2,15,2,3,13,11,10,7,GlassDoor
48,Current employee,Travel_Rarely,715,Research & Development,1,3,Life Sciences,1,6444,129899,2,Female,55,3,2,Research Scientist,3,Married,4449,23866,3,Y,Yes,15,4,1,80,2,15,2,3,13,11,10,7,GlassDoor
48,Current employee,Travel_Rarely,715,Research & Development,1,3,Life Sciences,1,6445,129900,2,Female,55,3,2,Research Scientist,3,Married,4449,23866,2,Y,Yes,15,3,1,80,2,15,2,3,13,11,10,7,GlassDoor
48,Current employee,Travel_Rarely,715,Research & Development,1,3,Life Sciences,1,6449,129904,2,Female,55,3,2,Research Scientist,3,Married,4449,23866,3,Y,Yes,15,3,1,80,2,15,2,3,13,11,10,7,GlassDoor
48,Current employee,Travel_Rarely,715,Research & Development,1,3,Life Sciences,1,6450,129905,2,Female,55,3,2,Research Scientist,3,Married,4449,23866,2,Y,Yes,15,3,1,80,2,15,2,3,13,11,10,7,GlassDoor
48,Current employee,Travel_Rarely,855,Research & Development,4,3,Life Sciences,1,6927,130382,2,Male,56,1,1,Laboratory Technician,3,Single,4230,19225,0,Y,No,15,3,3,80,0,6,2,3,5,4,4,3,Indeed
48,Current employee,Travel_Rarely,855,Research & Development,4,3,Life Sciences,1,6928,130383,2,Male,56,1,1,Laboratory Technician,3,Single,4230,19225,1,Y,No,15,4,3,80,0,6,2,3,5,4,4,3,Indeed
48,Current employee,Travel_Rarely,855,Research & Development,4,3,Life Sciences,1,6932,130387,2,Male,56,1,1,Laboratory Technician,3,Single,4230,19225,0,Y,No,15,3,3,80,0,6,2,3,5,4,4,3,Indeed
48,Current employee,Travel_Rarely,855,Research & Development,4,3,Life Sciences,1,6933,130388,2,Male,56,1,1,Laboratory Technician,3,Single,4230,19225,1,Y,No,15,3,3,80,0,6,2,3,5,4,4,3,Indeed
48,Current employee,Travel_Rarely,855,Research & Development,4,3,Life Sciences,1,6934,130389,2,Male,56,1,1,Laboratory Technician,3,Single,4230,19225,0,Y,No,15,3,3,80,0,6,2,3,5,4,4,3,Indeed
48,Current employee,Travel_Rarely,855,Research & Development,4,3,Life Sciences,1,6935,130390,2,Male,56,1,1,Laboratory Technician,3,Single,4230,19225,1,Y,No,15,4,3,80,0,6,2,3,5,4,4,3,Indeed
48,Current employee,Travel_Rarely,855,Research & Development,4,3,Life Sciences,1,6939,130394,2,Male,56,1,1,Laboratory Technician,3,Single,4230,19225,0,Y,No,15,3,3,80,0,6,2,3,5,4,4,3,Indeed
48,Current employee,Travel_Rarely,855,Research & Development,4,3,Life Sciences,1,6940,130395,2,Male,56,1,1,Laboratory Technician,3,Single,4230,19225,1,Y,No,15,3,3,80,0,6,2,3,5,4,4,3,Indeed
48,Current employee,Travel_Rarely,163,Sales,2,5,Marketing,1,7136,130591,2,Female,37,3,2,Sales Executive,4,Married,4051,19658,2,Y,No,14,4,1,80,1,14,2,3,9,7,6,7,LinkedIn
48,Current employee,Travel_Rarely,163,Sales,2,5,Life Sciences,1,7138,130593,2,Female,37,3,2,Sales Executive,4,Married,4051,19658,4,Y,No,14,3,1,80,1,14,2,3,9,7,6,,LinkedIn
48,Current employee,Travel_Rarely,163,Sales,2,5,Marketing,1,7142,130597,2,Female,37,3,2,Sales Executive,4,Married,4051,19658,2,Y,No,14,3,1,80,1,14,2,3,9,7,6,7,LinkedIn
48,Current employee,Travel_Rarely,163,Sales,2,5,Life Sciences,1,7143,130598,2,Female,37,3,2,Sales Executive,4,Married,4051,19658,4,Y,No,14,3,1,80,1,14,2,3,9,7,6,7,LinkedIn
48,Current employee,Travel_Rarely,163,Sales,2,5,Marketing,1,7144,130599,2,Female,37,3,2,Sales Executive,4,Married,4051,19658,2,Y,No,14,4,1,80,1,14,2,3,9,7,6,7,LinkedIn
48,Current employee,Travel_Rarely,163,Sales,2,5,Life Sciences,1,7146,130601,2,Female,37,3,2,Sales Executive,4,Married,4051,19658,4,Y,No,14,3,1,80,1,14,2,3,9,7,6,7,LinkedIn
48,Current employee,Travel_Rarely,163,Sales,2,5,Marketing,1,7150,130605,2,Female,37,3,2,Sales Executive,4,Married,4051,19658,2,Y,No,14,3,1,80,1,14,2,3,9,7,6,7,LinkedIn
48,Current employee,Travel_Rarely,163,Sales,2,5,Life Sciences,1,7151,130606,2,Female,37,3,2,Sales Executive,4,Married,4051,19658,4,Y,No,14,3,1,80,1,14,2,3,9,7,6,7,LinkedIn
48,Current employee,Travel_Rarely,492,Sales,16,4,Life Sciences,1,7805,131260,2,Female,58,2,1,Research Scientist,2,Single,2836,11757,1,Y,No,13,3,4,80,0,1,0,4,1,0,0,0,Jora
48,Current employee,Travel_Rarely,492,Sales,16,4,Medical,1,7807,131262,2,Female,58,2,1,Research Scientist,2,Single,2836,11757,3,Y,No,13,4,4,80,0,1,0,4,1,0,0,0,Jora
48,Current employee,Travel_Rarely,492,Sales,16,4,Life Sciences,1,7810,131265,2,Female,58,2,1,Research Scientist,2,Single,2836,11757,1,Y,No,13,3,4,80,0,1,0,4,1,0,0,0,Jora
48,Current employee,Travel_Rarely,492,Sales,16,4,Medical,1,7811,131266,2,Female,58,2,1,Research Scientist,2,Single,2836,11757,3,Y,No,13,3,4,80,0,1,0,4,1,0,0,0,Jora
48,Current employee,Travel_Rarely,492,Sales,16,4,Life Sciences,1,7812,131267,2,Female,58,2,1,Research Scientist,2,Single,2836,11757,1,Y,No,13,3,4,80,0,1,0,4,1,0,0,0,Jora
48,Current employee,Travel_Rarely,492,Sales,16,4,Medical,1,7814,131269,2,Female,58,2,1,Research Scientist,2,Single,2836,11757,3,Y,No,13,4,4,80,0,1,0,4,1,0,0,0,Jora
48,Current employee,Travel_Rarely,492,Sales,16,4,Life Sciences,1,7817,131272,2,Female,58,2,1,Research Scientist,2,Single,2836,11757,1,Y,No,13,3,4,80,0,1,0,4,1,0,0,0,Jora
48,Current employee,Travel_Rarely,492,Sales,16,4,Medical,1,7818,131273,2,Female,58,2,1,Research Scientist,2,Single,2836,11757,3,Y,No,13,3,4,80,0,1,0,4,1,0,0,0,Jora
48,Current employee,Travel_Rarely,1236,Research & Development,1,4,Life Sciences,1,7880,131335,4,Female,40,2,4,Manager,1,Married,15402,17997,7,Y,No,11,3,1,80,1,21,3,1,3,2,0,2,LinkedIn
48,Current employee,Travel_Rarely,1236,Research & Development,1,4,Life Sciences,1,7882,131337,4,Female,40,2,4,Manager,1,Married,15402,17997,1,Y,No,11,3,1,80,1,21,3,1,3,2,0,2,LinkedIn
48,Current employee,Travel_Rarely,1236,Research & Development,1,4,Life Sciences,1,7886,131341,4,Female,40,2,4,Manager,1,Married,15402,17997,7,Y,No,11,3,1,80,1,21,3,1,3,2,0,2,LinkedIn
48,Current employee,Travel_Rarely,1236,Research & Development,1,4,Life Sciences,1,7887,131342,4,Female,40,2,4,Manager,1,Married,15402,17997,1,Y,No,11,3,1,80,1,21,3,1,3,2,0,2,LinkedIn
48,Current employee,Travel_Rarely,1236,Research & Development,1,4,Life Sciences,1,7888,131343,4,Female,40,2,4,Manager,1,Married,15402,17997,7,Y,No,11,3,1,80,1,21,3,1,3,2,0,2,LinkedIn
48,Current employee,Travel_Rarely,1236,Research & Development,1,4,Life Sciences,1,7890,131345,4,Female,40,2,4,Manager,1,Married,15402,17997,1,Y,No,11,3,1,80,1,21,3,1,3,2,0,2,LinkedIn
48,Current employee,Travel_Rarely,1236,Research & Development,1,4,Life Sciences,1,7894,131349,4,Female,40,2,4,Manager,1,Married,15402,17997,7,Y,No,11,3,1,80,1,21,3,1,3,2,0,2,LinkedIn
48,Current employee,Travel_Rarely,1236,Research & Development,1,4,Life Sciences,1,7895,131350,4,Female,40,2,4,Manager,1,Married,15402,17997,1,Y,No,11,3,1,80,1,21,3,1,3,2,0,2,LinkedIn
48,Current employee,Travel_Rarely,817,Sales,2,1,Marketing,1,8326,131781,2,Male,56,4,2,Sales Executive,2,Married,8120,18597,3,Y,No,12,3,4,80,0,12,3,3,2,2,2,2,Indeed
48,Current employee,Travel_Rarely,817,,2,1,Life Sciences,1,8328,131783,2,Male,56,4,2,Sales Executive,2,Married,8120,18597,4,Y,No,12,3,4,80,0,12,3,3,2,2,2,2,Indeed
48,Current employee,Travel_Rarely,817,Sales,2,1,Marketing,1,8332,131787,2,Male,56,4,2,Sales Executive,2,Married,8120,18597,3,Y,No,12,3,4,80,0,12,3,3,2,2,2,2,Indeed
48,Current employee,Travel_Rarely,817,Sales,2,1,Life Sciences,1,8333,131788,2,Male,56,4,2,Sales Executive,2,Married,8120,18597,4,Y,No,12,3,4,80,0,12,3,3,2,2,2,2,Indeed
48,Current employee,Travel_Rarely,817,Sales,2,1,Marketing,1,8334,131789,2,Male,56,4,2,Sales Executive,2,Married,8120,18597,3,Y,No,12,3,4,80,0,12,3,3,2,2,2,2,Indeed
48,Current employee,Travel_Rarely,817,Sales,2,1,Life Sciences,1,8336,131791,2,Male,56,4,2,Sales Executive,2,Married,8120,18597,4,Y,No,12,3,4,80,0,12,3,3,2,2,2,2,Indeed
48,Current employee,Travel_Rarely,817,Sales,2,1,Marketing,1,8340,131795,2,Male,56,4,2,Sales Executive,2,Married,8120,18597,3,Y,No,12,3,4,80,0,12,3,3,2,2,2,2,Indeed
48,Current employee,Travel_Rarely,817,Sales,2,1,Life Sciences,1,8341,131796,2,Male,56,4,2,Sales Executive,2,Married,8120,18597,4,Y,No,12,3,4,80,0,12,3,3,2,2,2,2,Indeed
48,Current employee,Travel_Rarely,1224,Research & Development,10,3,Life Sciences,1,9269,132724,3,Female,62,3,1,Research Scientist,1,Divorced,2782,19905,0,Y,Yes,13,3,2,80,2,6,3,2,5,3,4,3,Recruit.net
48,Current employee,Travel_Rarely,1224,Research & Development,10,3,Medical,1,9271,132726,3,Female,62,3,1,Research Scientist,1,Divorced,2782,19905,3,Y,Yes,13,3,2,80,2,6,3,2,5,3,4,3,Recruit.net
48,Current employee,Travel_Rarely,1224,Research & Development,10,3,Life Sciences,1,9274,132729,3,Female,62,3,1,Research Scientist,1,Divorced,2782,19905,0,Y,Yes,13,3,2,80,2,6,3,2,5,3,4,3,Recruit.net
48,Current employee,Travel_Rarely,1224,Research & Development,10,3,Medical,1,9275,132730,3,Female,62,3,1,Research Scientist,1,Divorced,2782,19905,3,Y,Yes,13,3,2,80,2,6,3,2,5,3,4,3,Recruit.net
48,Current employee,Travel_Rarely,1224,Research & Development,10,3,Life Sciences,1,9277,132732,3,Female,62,3,1,Research Scientist,1,Divorced,2782,19905,0,Y,Yes,13,3,2,80,2,6,3,2,5,3,4,3,Recruit.net
48,Current employee,Travel_Rarely,1224,Research & Development,10,3,Medical,1,9279,132734,3,Female,62,3,1,Research Scientist,1,Divorced,2782,19905,3,Y,Yes,13,3,2,80,2,6,3,2,5,3,4,3,Recruit.net
48,Current employee,Travel_Rarely,1224,Research & Development,10,3,Life Sciences,1,9282,132737,3,Female,62,3,1,Research Scientist,1,Divorced,2782,19905,0,Y,Yes,13,3,2,80,2,6,3,2,5,3,4,3,Recruit.net
48,Current employee,Travel_Rarely,1224,Research & Development,10,3,Medical,1,9283,132738,3,Female,62,3,1,Research Scientist,1,Divorced,2782,19905,3,Y,Yes,13,3,2,80,2,6,3,2,5,3,4,3,Recruit.net
48,Current employee,Travel_Rarely,1469,Research & Development,20,4,Medical,1,10891,134346,4,Male,51,3,1,Research Scientist,3,Married,2259,5543,4,Y,No,17,4,1,80,2,13,2,2,0,0,0,0,Adzuna
48,Current employee,Travel_Rarely,1469,Research & Development,20,4,Medical,1,10894,134349,4,Male,51,3,1,Research Scientist,3,Married,2259,5543,3,Y,No,17,4,1,80,2,13,2,2,0,0,0,0,Adzuna
48,Current employee,Travel_Rarely,1469,Research & Development,20,4,Medical,1,10897,134352,4,Male,51,3,1,Research Scientist,3,Married,2259,5543,4,Y,No,17,3,1,80,2,13,2,2,0,0,0,0,Adzuna
48,Current employee,Travel_Rarely,1469,Research & Development,20,4,Medical,1,10898,134353,4,Male,51,3,1,Research Scientist,3,Married,2259,5543,3,Y,No,17,3,1,80,2,13,2,2,0,0,0,0,Adzuna
48,Current employee,Travel_Rarely,1469,Research & Development,20,4,Medical,1,10899,134354,4,Male,51,3,1,Research Scientist,3,Married,2259,5543,4,Y,No,17,4,1,80,2,13,2,2,0,0,0,0,Adzuna
48,Current employee,Travel_Rarely,1469,Research & Development,20,4,Medical,1,10902,134357,4,Male,51,3,1,Research Scientist,3,Married,2259,5543,3,Y,No,17,4,1,80,2,13,2,2,0,0,0,0,Adzuna
48,Current employee,Travel_Rarely,1469,Research & Development,20,4,Medical,1,10905,134360,4,Male,51,3,1,Research Scientist,3,Married,2259,5543,4,Y,No,17,3,1,80,2,13,2,2,0,0,0,0,Adzuna
48,Current employee,Travel_Rarely,1469,Research & Development,20,4,Medical,1,10906,134361,4,Male,51,3,1,Research Scientist,3,Married,2259,5543,3,Y,No,17,3,1,80,2,13,2,2,0,0,0,0,Adzuna
48,Current employee,Travel_Rarely,163,Sales,2,5,Marketing,1,11004,134459,3,Male,67,2,2,Sales Executive,1,Single,4294,11148,1,Y,No,12,3,2,80,0,7,2,3,7,7,0,7,Adzuna
48,Current employee,Travel_Rarely,163,Sales,2,5,Life Sciences,1,11006,134461,3,Male,67,2,2,Sales Executive,1,Single,4294,11148,4,Y,No,12,3,2,80,0,7,2,3,7,7,0,7,Adzuna
48,Current employee,Travel_Rarely,163,Sales,2,5,Marketing,1,11009,134464,3,Male,67,2,2,Sales Executive,1,Single,4294,11148,1,Y,No,12,3,2,80,0,7,2,3,7,7,0,7,Adzuna
48,Current employee,Travel_Rarely,163,Sales,2,5,Life Sciences,1,11010,134465,3,Male,67,2,2,Sales Executive,1,Single,4294,11148,4,Y,No,12,3,2,80,0,7,2,3,7,7,0,7,Adzuna
48,Current employee,Travel_Rarely,163,Sales,2,5,Marketing,1,11012,134467,3,Male,67,2,2,Sales Executive,1,Single,4294,11148,1,Y,No,12,3,2,80,0,7,2,3,7,7,0,7,Adzuna
48,Current employee,Travel_Rarely,163,Sales,2,5,Life Sciences,1,11014,134469,3,Male,67,2,2,Sales Executive,1,Single,4294,11148,4,Y,No,12,3,2,80,0,7,2,3,7,7,0,7,Adzuna
48,Current employee,Travel_Rarely,163,Sales,2,5,Marketing,1,11017,134472,3,Male,67,2,2,Sales Executive,1,Single,4294,11148,1,Y,No,12,3,2,80,0,7,2,3,7,7,0,7,Adzuna
48,Current employee,Travel_Rarely,163,Sales,2,5,Life Sciences,1,11018,134473,3,Male,67,2,2,Sales Executive,1,Single,4294,11148,4,Y,No,12,3,2,80,0,7,2,3,7,7,0,7,Adzuna
48,Current employee,Travel_Rarely,817,Sales,2,1,Marketing,1,11132,134587,3,Male,67,2,3,Sales Executive,4,Married,10325,5518,1,Y,Yes,11,3,1,80,1,16,6,3,16,7,3,7,Indeed
48,Current employee,Travel_Rarely,817,Sales,2,1,Life Sciences,1,11133,134588,3,Male,67,2,3,Sales Executive,4,Married,10325,5518,4,Y,Yes,11,3,1,80,1,16,6,3,16,7,3,7,Indeed
48,Current employee,Travel_Rarely,817,Sales,2,1,Marketing,1,11137,134592,3,Male,67,2,3,Sales Executive,4,Married,10325,5518,1,Y,Yes,11,3,1,80,1,16,6,3,16,7,3,7,Indeed
48,Current employee,Travel_Rarely,817,Sales,2,1,Life Sciences,1,11138,134593,3,Male,67,2,3,Sales Executive,4,Married,10325,5518,4,Y,Yes,11,3,1,80,1,16,6,3,16,7,3,7,Indeed
48,Current employee,Travel_Rarely,817,Sales,2,1,Marketing,1,11140,134595,3,Male,67,2,3,Sales Executive,4,Married,10325,5518,1,Y,Yes,11,3,1,80,1,16,6,3,16,7,3,7,Indeed
48,Current employee,Travel_Rarely,817,Sales,2,1,Life Sciences,1,11141,134596,3,Male,67,2,3,Sales Executive,4,Married,10325,5518,4,Y,Yes,11,3,1,80,1,16,6,3,16,7,3,7,Indeed
48,Current employee,Travel_Rarely,817,Sales,2,1,Marketing,1,11145,134600,3,Male,67,2,3,Sales Executive,4,Married,10325,5518,1,Y,Yes,11,3,1,80,1,16,6,3,16,7,3,7,Indeed
48,Current employee,Travel_Rarely,817,Sales,2,1,Life Sciences,1,11146,134601,3,Male,67,2,3,Sales Executive,4,Married,10325,5518,4,Y,Yes,11,3,1,80,1,16,6,3,16,7,3,7,Indeed
48,Current employee,Travel_Rarely,277,Research & Development,6,3,Life Sciences,1,11772,135227,1,Male,97,2,2,Healthcare Representative,3,Single,4240,13119,2,Y,No,13,3,4,80,0,19,0,3,2,2,2,2,Seek
48,Current employee,Travel_Rarely,277,Research & Development,6,3,Marketing,1,11774,135229,1,Male,97,2,2,Healthcare Representative,3,Single,4240,13119,0,Y,No,13,3,4,80,0,19,0,3,2,2,2,2,Seek
48,Current employee,Travel_Rarely,277,Research & Development,6,3,Life Sciences,1,11778,135233,1,Male,97,2,2,Healthcare Representative,3,Single,4240,13119,2,Y,No,13,3,4,80,0,19,0,3,2,2,2,2,Seek
48,Current employee,Travel_Rarely,277,Research & Development,6,3,Marketing,1,11779,135234,1,Male,97,2,2,Healthcare Representative,3,Single,4240,13119,0,Y,No,13,3,4,80,0,19,0,3,2,2,2,2,Seek
48,Current employee,Travel_Rarely,277,Research & Development,6,3,Life Sciences,1,11780,135235,1,Male,97,2,2,Healthcare Representative,3,Single,4240,13119,2,Y,No,13,3,4,80,0,19,0,3,2,2,2,2,Seek
48,Current employee,Travel_Rarely,277,Research & Development,6,3,Marketing,1,11782,135237,1,Male,97,2,2,Healthcare Representative,3,Single,4240,13119,0,Y,No,13,3,4,80,0,19,0,3,2,2,2,2,Seek
48,Current employee,Travel_Rarely,277,Research & Development,6,3,Life Sciences,1,11786,135241,1,Male,97,2,2,Healthcare Representative,3,Single,4240,13119,2,Y,No,13,3,4,80,0,19,0,3,2,2,2,2,Seek
48,Current employee,Travel_Rarely,277,Research & Development,6,3,Marketing,1,11787,135242,1,Male,97,2,2,Healthcare Representative,3,Single,4240,13119,0,Y,No,13,3,4,80,0,19,0,3,2,2,2,2,Seek
48,Current employee,Travel_Rarely,1355,Research & Development,4,4,Life Sciences,1,11788,135243,3,Male,78,2,3,Healthcare Representative,3,Single,10999,22245,7,Y,No,14,3,2,80,0,27,3,3,15,11,4,8,Jora
48,Current employee,Travel_Rarely,1355,Research & Development,4,4,Life Sciences,1,11791,135246,3,Male,78,2,3,Healthcare Representative,3,Single,10999,22245,0,Y,No,14,4,2,80,0,27,3,3,15,11,4,8,Jora
48,Current employee,Travel_Rarely,1355,Research & Development,4,4,Life Sciences,1,11794,135249,3,Male,78,2,3,Healthcare Representative,3,Single,10999,22245,7,Y,No,14,3,2,80,0,27,3,3,15,11,4,8,Jora
48,Current employee,Travel_Rarely,1355,Research & Development,4,4,Life Sciences,1,11795,135250,3,Male,78,2,3,Healthcare Representative,3,Single,10999,22245,0,Y,No,14,3,2,80,0,27,3,3,15,11,4,8,Jora
48,Current employee,Travel_Rarely,1355,Research & Development,4,4,Life Sciences,1,11796,135251,3,Male,78,2,3,Healthcare Representative,3,Single,10999,22245,7,Y,No,14,3,2,80,0,27,3,3,15,11,4,8,Jora
48,Current employee,Travel_Rarely,1355,Research & Development,4,4,Life Sciences,1,11799,135254,3,Male,78,2,3,Healthcare Representative,3,Single,10999,22245,0,Y,No,14,4,2,80,0,27,3,3,15,11,4,8,Jora
48,Current employee,Travel_Rarely,1355,Research & Development,4,4,Life Sciences,1,11801,135256,3,Male,78,2,3,Healthcare Representative,3,Single,10999,22245,7,Y,No,14,3,2,80,0,27,3,3,15,11,4,8,Jora
48,Current employee,Travel_Rarely,1355,Research & Development,4,4,Life Sciences,1,11802,135257,3,Male,78,2,3,Healthcare Representative,3,Single,10999,22245,0,Y,No,14,3,2,80,0,27,3,3,15,11,4,8,Jora
48,Current employee,Travel_Rarely,1221,Sales,7,3,Marketing,1,12073,135528,3,Female,71,3,3,Manufacturing Director,1,Single,10880,5083,1,Y,Yes,13,4,3,80,0,21,2,3,21,6,2,8,LinkedIn
48,Current employee,Travel_Rarely,1221,Sales,7,3,Marketing,1,12074,135529,3,Female,71,3,3,Manufacturing Director,1,Single,10880,5083,1,Y,Yes,13,3,3,80,0,21,2,3,21,6,2,8,LinkedIn
48,Current employee,Travel_Rarely,1221,Sales,7,3,Marketing,1,12078,135533,3,Female,71,3,3,Manufacturing Director,1,Single,10880,5083,1,Y,Yes,13,3,3,80,0,21,2,3,21,6,2,8,LinkedIn
48,Current employee,Travel_Rarely,1221,Sales,7,3,Marketing,1,12079,135534,3,Female,71,3,3,Manufacturing Director,1,Single,10880,5083,1,Y,Yes,13,3,3,80,0,21,2,3,21,6,2,8,LinkedIn
48,Current employee,Travel_Rarely,1221,Sales,7,3,Marketing,1,12081,135536,3,Female,71,3,3,Manufacturing Director,1,Single,10880,5083,1,Y,Yes,13,4,3,80,0,21,2,3,21,6,2,8,LinkedIn
48,Current employee,Travel_Rarely,1221,Sales,7,3,Marketing,1,12082,135537,3,Female,71,3,3,Manufacturing Director,1,Single,10880,5083,1,Y,Yes,13,3,3,80,0,21,2,3,21,6,2,8,LinkedIn
48,Current employee,Travel_Rarely,1221,Sales,7,3,Marketing,1,12093,135548,3,Female,71,3,3,Manufacturing Director,1,Single,10880,5083,1,Y,Yes,13,3,3,80,0,21,2,3,21,6,2,8,LinkedIn
48,Current employee,Travel_Rarely,1221,Sales,7,3,Marketing,1,12094,135549,3,Female,71,3,3,Manufacturing Director,1,Single,10880,5083,1,Y,Yes,13,3,3,80,0,21,2,3,21,6,2,8,LinkedIn
48,Current employee,Non-Travel,1262,Research & Development,1,4,Medical,1,12895,136350,1,Male,35,4,4,Manager,4,Single,16885,16154,2,Y,No,22,3,3,80,0,27,3,2,5,4,2,1,Jora
48,Current employee,Non-Travel,1262,Research & Development,1,4,Life Sciences,1,12897,136352,1,Male,35,4,4,Manager,4,Single,16885,16154,1,Y,No,22,3,3,80,0,27,3,2,5,4,2,1,Jora
48,Current employee,Non-Travel,1262,Research & Development,1,4,Medical,1,12901,136356,1,Male,35,4,4,Manager,4,Single,16885,16154,2,Y,No,22,4,3,80,0,27,3,2,5,4,2,1,Jora
48,Current employee,Non-Travel,1262,Research & Development,1,4,Life Sciences,1,12902,136357,1,Male,35,4,4,Manager,4,Single,16885,16154,1,Y,No,22,4,3,80,0,27,3,2,5,4,2,1,Jora
48,Current employee,Non-Travel,1262,Research & Development,1,4,Medical,1,12903,136358,1,Male,35,4,4,Manager,4,Single,16885,16154,2,Y,No,22,3,3,80,0,27,3,2,5,4,2,1,Jora
48,Current employee,Non-Travel,1262,Research & Development,1,4,Life Sciences,1,12905,136360,1,Male,35,4,4,Manager,4,Single,16885,16154,1,Y,No,22,3,3,80,0,27,3,2,5,4,2,1,Jora
48,Current employee,Non-Travel,1262,Research & Development,1,4,Medical,1,12909,136364,1,Male,35,4,4,Manager,4,Single,16885,16154,2,Y,No,22,4,3,80,0,27,3,2,5,4,2,1,Jora
48,Current employee,Non-Travel,1262,Research & Development,1,4,Life Sciences,1,12910,136365,1,Male,35,4,4,Manager,4,Single,16885,16154,1,Y,No,22,4,3,80,0,27,3,2,5,4,2,1,Jora
48,Current employee,Travel_Rarely,969,Research & Development,2,2,Technical Degree,1,14431,137886,4,Male,76,4,1,Laboratory Technician,2,Single,2559,16620,5,Y,No,11,3,3,80,0,7,4,2,1,0,0,0,Company Website
48,Current employee,Travel_Rarely,969,Research & Development,2,2,Life Sciences,1,14433,137888,4,Male,76,4,1,Laboratory Technician,2,Single,2559,16620,1,Y,No,11,3,3,80,0,7,4,2,1,0,0,0,Company Website
48,Current employee,Travel_Rarely,969,Research & Development,2,2,Technical Degree,1,14437,137892,4,Male,76,4,1,Laboratory Technician,2,Single,2559,16620,5,Y,No,11,3,3,80,0,7,4,2,1,0,0,0,Company Website
48,Current employee,Travel_Rarely,969,Research & Development,2,2,Life Sciences,1,14438,137893,4,Male,76,4,1,Laboratory Technician,2,Single,2559,16620,1,Y,No,11,3,3,80,0,7,4,2,1,0,0,0,Company Website
48,Current employee,Travel_Rarely,969,Research & Development,2,2,Technical Degree,1,14439,137894,4,Male,76,4,1,Laboratory Technician,2,Single,2559,16620,5,Y,No,11,3,3,80,0,7,4,2,1,0,0,0,Company Website
48,Current employee,Travel_Rarely,969,Research & Development,2,2,Life Sciences,1,14441,137896,4,Male,76,4,1,Laboratory Technician,2,Single,2559,16620,1,Y,No,11,3,3,80,0,7,4,2,1,0,0,0,Company Website
48,Current employee,Travel_Rarely,969,Research & Development,2,2,Technical Degree,1,14445,137900,4,Male,76,4,1,Laboratory Technician,2,Single,2559,16620,5,Y,No,11,3,3,80,0,7,4,2,1,0,0,0,Company Website
48,Current employee,Travel_Rarely,969,Research & Development,2,2,Life Sciences,1,14446,137901,4,Male,76,4,1,Laboratory Technician,2,Single,2559,16620,1,Y,No,11,3,3,80,0,7,4,2,1,0,0,0,Company Website
48,Current employee,Travel_Rarely,715,Research & Development,1,3,Life Sciences,1,14479,137934,4,Male,76,2,5,Research Director,4,Single,18265,8733,6,Y,No,12,3,3,80,0,25,3,4,1,0,0,0,Indeed
48,Current employee,Travel_Rarely,715,Research & Development,1,3,Life Sciences,1,14481,137936,4,Male,76,2,5,Research Director,4,Single,18265,8733,1,Y,No,12,3,3,80,0,25,3,4,1,0,0,0,Indeed
48,Current employee,Travel_Rarely,715,Research & Development,1,3,Life Sciences,1,14485,137940,4,Male,76,2,5,Research Director,4,Single,18265,8733,6,Y,No,12,3,3,80,0,25,3,4,1,0,0,0,Indeed
48,Current employee,Travel_Rarely,715,Research & Development,1,3,Life Sciences,1,14486,137941,4,Male,76,2,5,Research Director,4,Single,18265,8733,1,Y,No,12,3,3,80,0,25,3,4,1,0,0,0,Indeed
48,Current employee,Travel_Rarely,715,Research & Development,1,3,Life Sciences,1,14487,137942,4,Male,76,2,5,Research Director,4,Single,18265,8733,6,Y,No,12,3,3,80,0,25,3,4,1,0,0,0,Indeed
48,Current employee,Travel_Rarely,715,Research & Development,1,3,Life Sciences,1,14489,137944,4,Male,76,2,5,Research Director,4,Single,18265,8733,1,Y,No,12,3,3,80,0,25,3,4,1,0,0,0,Indeed
48,Current employee,Travel_Rarely,715,Research & Development,1,3,Life Sciences,1,14493,137948,4,Male,76,2,5,Research Director,4,Single,18265,8733,6,Y,No,12,3,3,80,0,25,3,4,1,0,0,0,Indeed
48,Current employee,Travel_Rarely,715,Research & Development,1,3,Life Sciences,1,14494,137949,4,Male,76,2,5,Research Director,4,Single,18265,8733,1,Y,No,12,3,3,80,0,25,3,4,1,0,0,0,Indeed
48,Current employee,Travel_Rarely,530,Sales,29,1,Medical,1,14590,138045,3,Male,77,1,1,Sales Representative,4,Single,1118,8040,1,Y,Yes,14,3,4,80,0,1,4,3,1,0,1,0,Recruit.net
48,Current employee,Travel_Rarely,530,Sales,29,1,Technical Degree,1,14592,138047,3,Male,77,1,1,Sales Representative,4,Single,1118,8040,9,Y,Yes,14,3,4,80,0,1,4,3,1,0,1,0,Recruit.net
48,Current employee,Travel_Rarely,530,Sales,29,1,Medical,1,14595,138050,3,Male,77,1,1,Sales Representative,4,Single,1118,8040,1,Y,Yes,14,3,4,80,0,1,4,3,1,0,1,0,Recruit.net
48,Current employee,Travel_Rarely,530,Sales,29,1,Technical Degree,1,14596,138051,3,Male,77,1,1,Sales Representative,4,Single,1118,8040,9,Y,Yes,14,3,4,80,0,1,4,3,1,0,1,0,Recruit.net
48,Current employee,Travel_Rarely,530,Sales,29,1,Medical,1,14598,138053,3,Male,77,1,1,Sales Representative,4,Single,1118,8040,1,Y,Yes,14,3,4,80,0,1,4,3,1,0,1,0,Recruit.net
48,Current employee,Travel_Rarely,530,Sales,29,1,Technical Degree,1,14600,138055,3,Male,77,1,1,Sales Representative,4,Single,1118,8040,9,Y,Yes,14,3,4,80,0,1,4,3,1,0,1,0,Recruit.net
48,Current employee,Travel_Rarely,530,Sales,29,1,Medical,1,14603,138058,3,Male,77,1,1,Sales Representative,4,Single,1118,8040,1,Y,Yes,14,3,4,80,0,1,4,3,1,0,1,0,Recruit.net
48,Current employee,Travel_Rarely,530,Sales,29,1,Technical Degree,1,14604,138059,3,Male,77,1,1,Sales Representative,4,Single,1118,8040,9,Y,Yes,14,3,4,80,0,1,4,3,1,0,1,0,Recruit.net
48,Current employee,Travel_Rarely,855,Research & Development,4,3,Life Sciences,1,15524,138979,4,Male,54,3,3,Manufacturing Director,4,Single,7898,18706,1,Y,No,11,4,3,80,0,11,2,3,10,9,0,8,Jora
48,Current employee,Travel_Rarely,855,Research & Development,4,3,Life Sciences,1,15526,138981,4,Male,54,3,3,Manufacturing Director,4,Single,7898,18706,1,Y,No,11,4,3,80,0,11,2,3,10,9,0,8,Jora
48,Current employee,Travel_Rarely,855,Research & Development,4,3,Life Sciences,1,15528,138983,4,Male,54,3,3,Manufacturing Director,4,Single,7898,18706,1,Y,No,11,3,3,80,0,11,2,3,10,9,0,8,Jora
48,Current employee,Travel_Rarely,855,Research & Development,4,3,Life Sciences,1,15529,138984,4,Male,54,3,3,Manufacturing Director,4,Single,7898,18706,1,Y,No,11,3,3,80,0,11,2,3,10,9,0,8,Jora
48,Current employee,Travel_Rarely,855,Research & Development,4,3,Life Sciences,1,15532,138987,4,Male,54,3,3,Manufacturing Director,4,Single,7898,18706,1,Y,No,11,4,3,80,0,11,2,3,10,9,0,8,Jora
48,Current employee,Travel_Rarely,855,Research & Development,4,3,Life Sciences,1,15534,138989,4,Male,54,3,3,Manufacturing Director,4,Single,7898,18706,1,Y,No,11,4,3,80,0,11,2,3,10,9,0,8,Jora
48,Current employee,Travel_Rarely,855,Research & Development,4,3,Life Sciences,1,15536,138991,4,Male,54,3,3,Manufacturing Director,4,Single,7898,18706,1,Y,No,11,3,3,80,0,11,2,3,10,9,0,8,Jora
48,Current employee,Travel_Rarely,855,Research & Development,4,3,Life Sciences,1,15537,138992,4,Male,54,3,3,Manufacturing Director,4,Single,7898,18706,1,Y,No,11,3,3,80,0,11,2,3,10,9,0,8,Jora
48,Current employee,Travel_Rarely,1469,Research & Development,20,4,Medical,1,16110,139565,3,Male,81,2,2,Laboratory Technician,1,Single,4284,22710,3,Y,No,20,3,1,80,0,20,2,3,4,3,1,3,LinkedIn
48,Current employee,Travel_Rarely,1469,Research & Development,20,4,Other,1,16111,139566,3,Male,81,2,2,Laboratory Technician,1,Single,4284,22710,1,Y,No,20,4,1,80,0,20,2,3,4,3,1,3,LinkedIn
48,Current employee,Travel_Rarely,1469,Research & Development,20,4,Medical,1,16113,139568,3,Male,81,2,2,Laboratory Technician,1,Single,4284,22710,3,Y,No,20,4,1,80,0,20,2,3,4,3,1,3,LinkedIn
48,Current employee,Travel_Rarely,1469,Research & Development,20,4,Other,1,16114,139569,3,Male,81,2,2,Laboratory Technician,1,Single,4284,22710,1,Y,No,20,4,1,80,0,20,2,3,4,3,1,3,LinkedIn
48,Current employee,Travel_Rarely,1469,Research & Development,20,4,Medical,1,16118,139573,3,Male,81,2,2,Laboratory Technician,1,Single,4284,22710,3,Y,No,20,3,1,80,0,20,2,3,4,3,1,3,LinkedIn
48,Current employee,Travel_Rarely,1469,Research & Development,20,4,Other,1,16119,139574,3,Male,81,2,2,Laboratory Technician,1,Single,4284,22710,1,Y,No,20,4,1,80,0,20,2,3,4,3,1,3,LinkedIn
48,Current employee,Travel_Rarely,1469,Research & Development,20,4,Medical,1,16121,139576,3,Male,81,2,2,Laboratory Technician,1,Single,4284,22710,3,Y,No,20,4,1,80,0,20,2,3,4,3,1,3,LinkedIn
48,Current employee,Travel_Rarely,1469,Research & Development,20,4,Other,1,16122,139577,3,Male,81,2,2,Laboratory Technician,1,Single,4284,22710,1,Y,No,20,4,1,80,0,20,2,3,4,3,1,3,LinkedIn
48,Current employee,Travel_Rarely,1221,Sales,7,3,Marketing,1,16617,140072,3,Male,96,3,2,Sales Executive,1,Divorced,5486,24795,4,Y,No,11,4,1,80,3,15,3,3,2,2,2,2,Adzuna
48,Current employee,Travel_Rarely,1221,Sales,7,3,Marketing,1,16620,140075,3,Male,96,3,2,Sales Executive,1,Divorced,5486,24795,5,Y,No,11,3,1,80,3,15,3,3,2,2,2,2,Adzuna
48,Current employee,Travel_Rarely,1221,Sales,7,3,Marketing,1,16623,140078,3,Male,96,3,2,Sales Executive,1,Divorced,5486,24795,4,Y,No,11,3,1,80,3,15,3,3,2,2,2,2,Adzuna
48,Current employee,Travel_Rarely,1221,Sales,7,3,Marketing,1,16624,140079,3,Male,96,3,2,Sales Executive,1,Divorced,5486,24795,5,Y,No,11,3,1,80,3,15,3,3,2,2,2,2,Adzuna
48,Current employee,Travel_Rarely,1221,Sales,7,3,Marketing,1,16625,140080,3,Male,96,3,2,Sales Executive,1,Divorced,5486,24795,4,Y,No,11,4,1,80,3,15,3,3,2,2,2,2,Adzuna
48,Current employee,Travel_Rarely,1221,Sales,7,3,Marketing,1,16628,140083,3,Male,96,3,2,Sales Executive,1,Divorced,5486,24795,5,Y,No,11,3,1,80,3,15,3,3,2,2,2,2,Adzuna
48,Current employee,Travel_Rarely,1221,Sales,7,3,Marketing,1,16631,140086,3,Male,96,3,2,Sales Executive,1,Divorced,5486,24795,4,Y,No,11,3,1,80,3,15,3,3,2,2,2,2,Adzuna
48,Current employee,Travel_Rarely,1221,Sales,7,3,Marketing,1,16632,140087,3,Male,96,3,2,Sales Executive,1,Divorced,5486,24795,5,Y,No,11,3,1,80,3,15,3,3,2,2,2,2,Adzuna
48,Current employee,Non-Travel,1262,Research & Development,1,4,Medical,1,16809,140264,4,Female,83,3,1,Laboratory Technician,4,Single,3673,16458,1,Y,No,13,3,3,80,0,12,3,3,12,9,5,8,Adzuna
48,Current employee,Non-Travel,1262,Research & Development,1,4,Life Sciences,1,16810,140265,4,Female,83,3,1,Laboratory Technician,4,Single,3673,16458,1,Y,No,13,3,3,80,0,12,3,3,12,9,5,8,Adzuna
48,Current employee,Non-Travel,1262,Research & Development,1,4,Medical,1,16814,140269,4,Female,83,3,1,Laboratory Technician,4,Single,3673,16458,1,Y,No,13,3,3,80,0,12,3,3,12,9,5,8,Adzuna
48,Current employee,Non-Travel,1262,Research & Development,1,4,Life Sciences,1,16815,140270,4,Female,83,3,1,Laboratory Technician,4,Single,3673,16458,1,Y,No,13,3,3,80,0,12,3,3,12,9,5,8,Adzuna
48,Current employee,Non-Travel,1262,Research & Development,1,4,Medical,1,16817,140272,4,Female,83,3,1,Laboratory Technician,4,Single,3673,16458,1,Y,No,13,3,3,80,0,12,3,3,12,9,5,8,Adzuna
48,Current employee,Non-Travel,1262,Research & Development,1,4,Life Sciences,1,16818,140273,4,Female,83,3,1,Laboratory Technician,4,Single,3673,16458,1,Y,No,13,3,3,80,0,12,3,3,12,9,5,8,Adzuna
48,Current employee,Non-Travel,1262,Research & Development,1,4,Medical,1,16822,140277,4,Female,83,3,1,Laboratory Technician,4,Single,3673,16458,1,Y,No,13,3,3,80,0,12,3,3,12,9,5,8,Adzuna
48,Current employee,Non-Travel,1262,Research & Development,1,4,Life Sciences,1,16823,140278,4,Female,83,3,1,Laboratory Technician,4,Single,3673,16458,1,Y,No,13,3,3,80,0,12,3,3,12,9,5,8,Adzuna
48,Current employee,Travel_Rarely,492,Sales,16,4,Life Sciences,1,17652,141107,3,Female,96,3,2,Sales Executive,3,Divorced,6439,13693,8,Y,No,14,4,3,80,1,18,2,3,8,7,7,7,Seek
48,Current employee,Travel_Rarely,492,Sales,16,4,Medical,1,17654,141109,3,Female,96,3,2,Sales Executive,3,Divorced,6439,13693,7,Y,No,14,3,3,80,1,18,2,3,8,7,7,7,Seek
48,Current employee,Travel_Rarely,492,Sales,16,4,Life Sciences,1,17656,141111,3,Female,96,3,2,Sales Executive,3,Divorced,6439,13693,8,Y,No,14,3,3,80,1,18,2,3,8,7,7,7,Seek
48,Current employee,Travel_Rarely,492,Sales,16,4,Medical,1,17657,141112,3,Female,96,3,2,Sales Executive,3,Divorced,6439,13693,7,Y,No,14,3,3,80,1,18,2,3,8,7,7,7,Seek
48,Current employee,Travel_Rarely,492,Sales,16,4,Life Sciences,1,17660,141115,3,Female,96,3,2,Sales Executive,3,Divorced,6439,13693,8,Y,No,14,4,3,80,1,18,2,3,8,7,7,7,Seek
48,Current employee,Travel_Rarely,492,Sales,16,4,Medical,1,17662,141117,3,Female,96,3,2,Sales Executive,3,Divorced,6439,13693,7,Y,No,14,3,3,80,1,18,2,3,8,7,7,7,Seek
48,Current employee,Travel_Rarely,492,Sales,16,4,Life Sciences,1,17664,141119,3,Female,96,3,2,Sales Executive,3,Divorced,6439,13693,8,Y,No,14,3,3,80,1,18,2,3,8,7,7,7,Seek
48,Current employee,Travel_Rarely,492,Sales,16,4,Medical,1,17665,141120,3,Female,96,3,2,Sales Executive,3,Divorced,6439,13693,7,Y,No,14,3,3,80,1,18,2,3,8,7,7,7,Seek
48,Current employee,Travel_Rarely,1108,Research & Development,15,4,Other,1,17821,141276,3,Female,65,3,1,Research Scientist,1,Married,2367,16530,8,Y,No,12,3,4,80,1,10,3,2,8,2,7,6,Recruit.net
48,Current employee,Travel_Rarely,1108,Research & Development,15,4,Medical,1,17824,141279,3,Female,65,3,1,Research Scientist,1,Married,2367,16530,3,Y,No,12,3,4,80,1,10,3,2,8,2,7,6,Recruit.net
48,Current employee,Travel_Rarely,1108,Research & Development,15,4,Other,1,17827,141282,3,Female,65,3,1,Research Scientist,1,Married,2367,16530,8,Y,No,12,3,4,80,1,10,3,2,8,2,7,6,Recruit.net
48,Current employee,Travel_Rarely,1108,Research & Development,15,4,Medical,1,17828,141283,3,Female,65,3,1,Research Scientist,1,Married,2367,16530,3,Y,No,12,3,4,80,1,10,3,2,8,2,7,6,Recruit.net
48,Current employee,Travel_Rarely,1108,Research & Development,15,4,Other,1,17829,141284,3,Female,65,3,1,Research Scientist,1,Married,2367,16530,8,Y,No,12,3,4,80,1,10,3,2,8,2,7,6,Recruit.net
48,Current employee,Travel_Rarely,1108,Research & Development,15,4,Medical,1,17831,141286,3,Female,65,3,1,Research Scientist,1,Married,2367,16530,3,Y,No,12,3,4,80,1,10,3,2,8,2,7,6,Recruit.net
48,Current employee,Travel_Rarely,1108,Research & Development,15,4,Other,1,17834,141289,3,Female,65,3,1,Research Scientist,1,Married,2367,16530,8,Y,No,12,3,4,80,1,10,3,2,8,2,7,6,Recruit.net
48,Current employee,Travel_Rarely,1108,Research & Development,15,4,Medical,1,17835,141290,3,Female,65,3,1,Research Scientist,1,Married,2367,16530,3,Y,No,12,3,4,80,1,10,3,2,8,2,7,6,Recruit.net
48,Current employee,Travel_Frequently,365,Research & Development,4,5,Medical,1,18473,141928,4,Female,87,2,3,Manufacturing Director,3,Married,10435,25800,1,Y,No,13,3,4,80,2,18,2,3,18,15,14,12,Company Website
48,Current employee,Travel_Frequently,365,Research & Development,4,5,Life Sciences,1,18474,141929,4,Female,87,2,3,Manufacturing Director,3,Married,10435,25800,1,Y,No,13,4,4,80,2,18,2,3,18,15,14,12,Company Website
48,Current employee,Travel_Frequently,365,Research & Development,4,5,Medical,1,18478,141933,4,Female,87,2,3,Manufacturing Director,3,Married,10435,25800,1,Y,No,13,3,4,80,2,18,2,3,18,15,14,12,Company Website
48,Current employee,Travel_Frequently,365,Research & Development,4,5,Life Sciences,1,18479,141934,4,Female,87,2,3,Manufacturing Director,3,Married,10435,25800,1,Y,No,13,3,4,80,2,18,2,3,18,15,14,12,Company Website
48,Current employee,Travel_Frequently,365,Research & Development,4,5,Medical,1,18481,141936,4,Female,87,2,3,Manufacturing Director,3,Married,10435,25800,1,Y,No,13,3,4,80,2,18,2,3,18,15,14,12,Company Website
48,Current employee,Travel_Frequently,365,Research & Development,4,5,Life Sciences,1,18482,141937,4,Female,87,2,3,Manufacturing Director,3,Married,10435,25800,1,Y,No,13,4,4,80,2,18,2,3,18,15,14,12,Company Website
48,Current employee,Travel_Frequently,365,Research & Development,4,5,Medical,1,18486,141941,4,Female,87,2,3,Manufacturing Director,3,Married,10435,25800,1,Y,No,13,3,4,80,2,18,2,3,18,15,14,12,Company Website
48,Current employee,Travel_Frequently,365,Research & Development,4,5,Life Sciences,1,18487,141942,4,Female,87,2,3,Manufacturing Director,3,Married,10435,25800,1,Y,No,13,3,4,80,2,18,2,3,18,15,14,12,Company Website
48,Current employee,Travel_Frequently,365,Research & Development,4,5,Medical,1,18643,142098,3,Male,89,2,4,Manager,4,Married,15202,5602,2,Y,No,25,3,2,80,1,23,3,3,2,2,2,2,Recruit.net
48,Current employee,Travel_Frequently,365,Research & Development,4,5,Life Sciences,1,18646,142101,3,Male,89,2,4,Manager,4,Married,15202,5602,1,Y,No,25,3,2,80,1,23,3,3,2,2,2,2,Recruit.net
48,Current employee,Travel_Frequently,365,Research & Development,4,5,Medical,1,18649,142104,3,Male,89,2,4,Manager,4,Married,15202,5602,2,Y,No,25,4,2,80,1,23,3,3,2,2,2,2,Recruit.net
48,Current employee,Travel_Frequently,365,Research & Development,4,5,Life Sciences,1,18650,142105,3,Male,89,2,4,Manager,4,Married,15202,5602,1,Y,No,25,4,2,80,1,23,3,3,2,2,2,2,Recruit.net
48,Current employee,Travel_Frequently,365,Research & Development,4,5,Medical,1,18651,142106,3,Male,89,2,4,Manager,4,Married,15202,5602,2,Y,No,25,3,2,80,1,23,3,3,2,2,2,2,Recruit.net
48,Current employee,Travel_Frequently,365,Research & Development,4,5,Life Sciences,1,18654,142109,3,Male,89,2,4,Manager,4,Married,15202,5602,1,Y,No,25,3,2,80,1,23,3,3,2,2,2,2,Recruit.net
48,Current employee,Travel_Frequently,365,Research & Development,4,5,Medical,1,18657,142112,3,Male,89,2,4,Manager,4,Married,15202,5602,2,Y,No,25,4,2,80,1,23,3,3,2,2,2,2,Recruit.net
48,Current employee,Travel_Frequently,365,Research & Development,4,5,Life Sciences,1,18658,142113,3,Male,89,2,4,Manager,4,Married,15202,5602,1,Y,No,25,4,2,80,1,23,3,3,2,2,2,2,Recruit.net
48,Current employee,Travel_Frequently,117,Research & Development,22,3,Medical,1,19491,142946,4,Female,90,3,1,Laboratory Technician,3,Married,2974,25412,9,Y,No,17,3,3,80,1,9,2,3,5,3,1,2,GlassDoor
48,Current employee,Travel_Frequently,117,Research & Development,22,3,Other,1,19493,142948,4,Female,90,3,1,Laboratory Technician,3,Married,2974,25412,1,Y,No,17,3,3,80,1,9,2,3,5,3,1,2,GlassDoor
48,Current employee,Travel_Frequently,117,Research & Development,22,3,Medical,1,19496,142951,4,Female,90,3,1,Laboratory Technician,3,Married,2974,25412,9,Y,No,17,3,3,80,1,9,2,3,5,3,1,2,GlassDoor
48,Current employee,Travel_Frequently,117,Research & Development,22,3,Other,1,19497,142952,4,Female,90,3,1,Laboratory Technician,3,Married,2974,25412,1,Y,No,17,3,3,80,1,9,2,3,5,3,1,2,GlassDoor
48,Current employee,Travel_Frequently,117,Research & Development,22,3,Medical,1,19499,142954,4,Female,90,3,1,Laboratory Technician,3,Married,2974,25412,9,Y,No,17,3,3,80,1,9,2,3,5,3,1,2,GlassDoor
48,Current employee,Travel_Frequently,117,Research & Development,22,3,Other,1,19501,142956,4,Female,90,3,1,Laboratory Technician,3,Married,2974,25412,1,Y,No,17,3,3,80,1,9,2,3,5,3,1,2,GlassDoor
48,Current employee,Travel_Frequently,117,Research & Development,22,3,Medical,1,19504,142959,4,Female,90,3,1,Laboratory Technician,3,Married,2974,25412,9,Y,No,17,3,3,80,1,9,2,3,5,3,1,2,GlassDoor
48,Current employee,Travel_Frequently,117,Research & Development,22,3,Other,1,19505,142960,4,Female,90,3,1,Laboratory Technician,3,Married,2974,25412,1,Y,No,17,3,3,80,1,9,2,3,5,3,1,2,GlassDoor
48,Current employee,Travel_Rarely,1108,Research & Development,15,4,Other,1,21035,144490,4,Male,94,3,2,Sales Executive,4,Married,5675,19246,1,Y,No,20,3,3,80,1,7,5,3,7,7,7,7,Indeed
48,Current employee,Travel_Rarely,1108,Research & Development,15,4,Medical,1,21037,144492,4,Male,94,3,2,Sales Executive,4,Married,5675,19246,7,Y,No,20,3,3,80,1,7,5,3,7,7,7,7,Indeed
48,Current employee,Travel_Rarely,1108,Research & Development,15,4,Other,1,21040,144495,4,Male,94,3,2,Sales Executive,4,Married,5675,19246,1,Y,No,20,4,3,80,1,7,5,3,7,7,7,7,Indeed
48,Current employee,Travel_Rarely,1108,Research & Development,15,4,Medical,1,21041,144496,4,Male,94,3,2,Sales Executive,4,Married,5675,19246,7,Y,No,20,4,3,80,1,7,5,3,7,7,7,7,Indeed
48,Current employee,Travel_Rarely,1108,Research & Development,15,4,Other,1,21043,144498,4,Male,94,3,2,Sales Executive,4,Married,5675,19246,1,Y,No,20,3,3,80,1,7,5,3,7,7,7,7,Indeed
48,Current employee,Travel_Rarely,1108,Research & Development,15,4,Medical,1,21045,144500,4,Male,94,3,2,Sales Executive,4,Married,5675,19246,7,Y,No,20,3,3,80,1,7,5,3,7,7,7,7,Indeed
48,Current employee,Travel_Rarely,1108,Research & Development,15,4,Other,1,21048,144503,4,Male,94,3,2,Sales Executive,4,Married,5675,19246,1,Y,No,20,4,3,80,1,7,5,3,7,7,7,7,Indeed
48,Current employee,Travel_Rarely,1108,Research & Development,15,4,Medical,1,21049,144504,4,Male,94,3,2,Sales Executive,4,Married,5675,19246,7,Y,No,20,4,3,80,1,7,5,3,7,7,7,7,Indeed
48,Current employee,Travel_Rarely,1224,Research & Development,10,3,Life Sciences,1,21274,144729,4,Male,30,2,5,Research Director,2,Married,19665,,4,Y,No,12,3,4,80,0,29,3,3,22,10,12,9,Recruit.net
48,Current employee,Travel_Rarely,1224,Research & Development,10,3,Medical,1,21276,144731,4,Male,30,2,5,Research Director,2,Married,19665,13583,2,Y,No,12,3,4,80,0,29,3,3,22,10,12,9,Recruit.net
48,Current employee,Travel_Rarely,1224,Research & Development,10,3,Life Sciences,1,21280,144735,4,Male,30,2,5,Research Director,2,Married,19665,13583,4,Y,No,12,3,4,80,0,29,3,3,22,10,12,9,Recruit.net
48,Current employee,Travel_Rarely,1224,Research & Development,10,3,Medical,1,21281,144736,4,Male,30,2,5,Research Director,2,Married,19665,13583,2,Y,No,12,3,4,80,0,29,3,3,22,10,12,9,Recruit.net
48,Current employee,Travel_Rarely,1224,Research & Development,10,3,Life Sciences,1,21282,144737,4,Male,30,2,5,Research Director,2,Married,19665,13583,4,Y,No,12,3,4,80,0,29,3,3,22,10,12,9,Recruit.net
48,Current employee,Travel_Rarely,1224,Research & Development,10,3,Medical,1,21284,144739,4,Male,30,2,5,Research Director,2,Married,19665,13583,2,Y,No,12,3,4,80,0,29,3,3,22,10,12,9,Recruit.net
48,Current employee,Travel_Rarely,1224,Research & Development,10,3,Life Sciences,1,21288,144743,4,Male,30,2,5,Research Director,2,Married,19665,13583,4,Y,No,12,3,4,80,0,29,3,3,22,10,12,9,Recruit.net
48,Current employee,Travel_Rarely,1224,Research & Development,10,3,Medical,1,21289,144744,4,Male,30,2,5,Research Director,2,Married,19665,13583,2,Y,No,12,3,4,80,0,29,3,3,22,10,12,9,Recruit.net
48,Current employee,Travel_Frequently,117,Research & Development,22,3,Medical,1,21592,145047,4,Female,31,3,4,Manager,4,Divorced,17174,2437,3,Y,No,11,3,2,80,1,24,3,3,22,17,4,7,Referral
48,Current employee,Travel_Frequently,117,Research & Development,22,3,Other,1,21594,145049,4,Female,31,3,4,Manager,4,Divorced,17174,2437,1,Y,No,11,3,2,80,1,24,3,3,22,17,4,7,Referral
48,Current employee,Travel_Frequently,117,Research & Development,22,3,Medical,1,21598,145053,4,Female,31,3,4,Manager,4,Divorced,17174,2437,3,Y,No,11,3,2,80,1,24,3,3,22,17,4,7,Referral
48,Current employee,Travel_Frequently,117,Research & Development,22,3,Other,1,21599,145054,4,Female,31,3,4,Manager,4,Divorced,17174,2437,1,Y,No,11,3,2,80,1,24,3,3,22,17,4,7,Referral
48,Current employee,Travel_Frequently,117,Research & Development,22,3,Medical,1,21600,145055,4,Female,31,3,4,Manager,4,Divorced,17174,2437,3,Y,No,11,3,2,80,1,24,3,3,22,17,4,7,Referral
48,Current employee,Travel_Frequently,117,Research & Development,22,3,Other,1,21602,145057,4,Female,31,3,4,Manager,4,Divorced,17174,2437,1,Y,No,11,3,2,80,1,24,3,3,22,17,4,7,Referral
48,Current employee,Travel_Frequently,117,Research & Development,22,3,Medical,1,21606,145061,4,Female,31,3,4,Manager,4,Divorced,17174,2437,3,Y,No,11,3,2,80,1,24,3,3,22,17,4,7,Referral
48,Current employee,Travel_Frequently,117,Research & Development,22,3,Other,1,21607,145062,4,Female,31,3,4,Manager,4,Divorced,17174,2437,1,Y,No,11,3,2,80,1,24,3,3,22,17,4,7,Referral
48,Current employee,Travel_Rarely,969,Research & Development,2,2,Technical Degree,1,22644,146099,4,Male,98,3,2,Sales Executive,2,Married,4440,7636,0,Y,No,15,4,1,80,2,16,3,3,15,13,5,8,Recruit.net
48,Current employee,Travel_Rarely,969,Research & Development,2,2,Life Sciences,1,22646,146101,4,Male,98,3,2,Sales Executive,2,Married,4440,7636,4,Y,No,15,3,1,80,2,16,3,3,15,13,5,8,Recruit.net
48,Current employee,Travel_Rarely,969,Research & Development,2,2,Technical Degree,1,22649,146104,4,Male,98,3,2,Sales Executive,2,Married,4440,7636,0,Y,No,15,3,1,80,2,16,3,3,15,13,5,8,Recruit.net
48,Current employee,Travel_Rarely,969,Research & Development,2,2,Life Sciences,1,22650,146105,4,Male,98,3,2,Sales Executive,2,Married,4440,7636,4,Y,No,15,3,1,80,2,16,3,3,15,13,5,8,Recruit.net
48,Current employee,Travel_Rarely,969,Research & Development,2,2,Technical Degree,1,22652,146107,4,Male,98,3,2,Sales Executive,2,Married,4440,7636,0,Y,No,15,4,1,80,2,16,3,3,15,13,5,8,Recruit.net
48,Current employee,Travel_Rarely,969,Research & Development,2,2,Life Sciences,1,22654,146109,4,Male,98,3,2,Sales Executive,2,Married,4440,7636,4,Y,No,15,3,1,80,2,16,3,3,15,13,5,8,Recruit.net
48,Current employee,Travel_Rarely,969,Research & Development,2,2,Technical Degree,1,22659,146114,4,Male,98,3,2,Sales Executive,2,Married,4440,7636,0,Y,No,15,3,1,80,2,16,3,3,15,13,5,8,Recruit.net
48,Current employee,Travel_Rarely,969,Research & Development,2,2,Life Sciences,1,22660,146115,4,Male,98,3,2,Sales Executive,2,Married,4440,7636,4,Y,No,15,3,1,80,2,16,3,3,15,13,5,8,Recruit.net
53,Voluntary Resignation,Travel_Rarely,607,Research & Development,2,5,Marketing,1,1183,124638,4,Female,33,3,2,Healthcare Representative,3,Divorced,6306,26236,1,Y,No,21,4,1,80,1,13,2,2,13,12,1,9,Adzuna
53,Voluntary Resignation,Travel_Rarely,607,Research & Development,2,5,Marketing,1,1193,124648,4,Female,33,3,2,Healthcare Representative,3,Divorced,6306,26236,1,Y,No,21,4,1,80,1,13,2,2,13,12,1,9,Adzuna
53,Voluntary Resignation,Travel_Rarely,607,Research & Development,2,5,Medical,1,7158,130613,1,Female,83,3,2,Healthcare Representative,3,Divorced,6306,26236,0,Y,No,21,4,1,80,1,13,2,2,13,12,1,9,Adzuna
53,Voluntary Resignation,Travel_Rarely,607,Research & Development,2,5,Medical,1,7169,130624,1,Female,83,3,2,Healthcare Representative,3,Divorced,6306,26236,0,Y,No,21,4,1,80,1,13,2,2,13,12,1,9,Adzuna
53,Voluntary Resignation,Travel_Rarely,1168,Sales,24,4,Life Sciences,1,9669,133124,3,Female,63,2,2,Manufacturing Director,4,Single,6877,20234,5,Y,Yes,24,3,2,80,0,12,4,2,0,0,0,0,Adzuna
53,Voluntary Resignation,Travel_Rarely,1168,Sales,24,4,Technical Degree,1,9671,133126,3,Female,63,2,2,Manufacturing Director,4,Single,6877,20234,1,Y,Yes,24,3,2,80,0,12,4,2,0,0,0,0,Adzuna
53,Voluntary Resignation,Travel_Rarely,1168,Sales,24,4,Life Sciences,1,9674,133129,3,Female,63,2,2,Manufacturing Director,4,Single,6877,20234,5,Y,Yes,24,4,2,80,0,12,4,2,0,0,0,0,Adzuna
53,Voluntary Resignation,Travel_Rarely,1168,Sales,24,4,Technical Degree,1,9675,133130,3,Female,63,2,2,Manufacturing Director,4,Single,6877,20234,1,Y,Yes,24,4,2,80,0,12,4,2,0,0,0,0,Adzuna
53,Voluntary Resignation,Travel_Rarely,1168,Sales,24,4,Life Sciences,1,9677,133132,3,Female,63,2,2,Manufacturing Director,4,Single,6877,20234,5,Y,Yes,24,3,2,80,0,12,4,2,0,0,0,0,Adzuna
53,Voluntary Resignation,Travel_Rarely,1168,Sales,24,4,Technical Degree,1,9679,133134,3,Female,63,2,2,Manufacturing Director,4,Single,6877,20234,1,Y,Yes,24,3,2,80,0,12,4,2,0,0,0,0,Adzuna
53,Voluntary Resignation,Travel_Rarely,1168,Sales,24,4,Life Sciences,1,9682,133137,3,Female,63,2,2,Manufacturing Director,4,Single,6877,20234,5,Y,Yes,24,4,2,80,0,12,4,2,0,0,0,0,Adzuna
53,Voluntary Resignation,Travel_Rarely,1168,Sales,24,4,Technical Degree,1,9683,133138,3,Female,63,2,2,Manufacturing Director,4,Single,6877,20234,1,Y,Yes,24,4,2,80,0,12,4,2,0,0,0,0,Adzuna
53,Voluntary Resignation,Travel_Rarely,607,Research & Development,2,5,Technical Degree,1,17778,141233,3,Female,78,2,3,Manufacturing Director,4,Married,10169,14618,0,Y,No,16,3,2,80,1,34,4,3,33,7,1,9,Indeed
53,Voluntary Resignation,Travel_Rarely,607,Research & Development,2,5,Life Sciences,1,17780,141235,3,Female,78,2,3,Manufacturing Director,4,Married,10169,14618,1,Y,No,16,3,2,80,1,34,4,3,33,7,1,9,Indeed
53,Voluntary Resignation,Travel_Rarely,607,Research & Development,2,5,Technical Degree,1,17784,141239,3,Female,78,2,3,Manufacturing Director,4,Married,10169,14618,0,Y,No,16,3,2,80,1,34,4,3,33,7,1,9,Indeed
53,Voluntary Resignation,Travel_Rarely,607,Research & Development,2,5,Life Sciences,1,17785,141240,3,Female,78,2,3,Manufacturing Director,4,Married,10169,14618,1,Y,No,16,3,2,80,1,34,4,3,33,7,1,9,Indeed
53,Voluntary Resignation,Travel_Rarely,607,Research & Development,2,5,Technical Degree,1,17786,141241,3,Female,78,2,3,Manufacturing Director,4,Married,10169,14618,0,Y,No,16,3,2,80,1,34,4,3,33,7,1,9,Indeed
53,Voluntary Resignation,Travel_Rarely,607,Research & Development,2,5,Life Sciences,1,17787,141242,3,Female,78,2,3,Manufacturing Director,4,Married,10169,14618,1,Y,No,16,3,2,80,1,34,4,3,33,7,1,9,Indeed
53,Voluntary Resignation,Travel_Rarely,607,Research & Development,2,5,Technical Degree,1,17791,141246,3,Female,78,2,3,Manufacturing Director,4,Married,10169,14618,0,Y,No,16,3,2,80,1,34,4,3,33,7,1,9,Indeed
53,Voluntary Resignation,Travel_Rarely,607,Research & Development,2,5,Life Sciences,1,17792,141247,3,Female,78,2,3,Manufacturing Director,4,Married,10169,14618,1,Y,No,16,3,2,80,1,34,4,3,33,7,1,9,Indeed
53,Voluntary Resignation,Travel_Rarely,1168,Sales,24,4,Life Sciences,1,22325,145780,1,Male,33,3,3,Sales Executive,1,Single,10448,5843,6,Y,Yes,13,3,2,80,0,15,2,2,2,2,2,2,Company Website
53,Voluntary Resignation,Travel_Rarely,1168,Sales,24,4,Technical Degree,1,22328,145783,1,Male,33,3,3,Sales Executive,1,Single,10448,5843,7,Y,Yes,13,3,2,80,0,15,2,2,2,2,2,2,Company Website
53,Voluntary Resignation,Travel_Rarely,1168,Sales,24,4,Life Sciences,1,22331,145786,1,Male,33,3,3,Sales Executive,1,Single,10448,5843,6,Y,Yes,13,3,2,80,0,15,2,2,2,2,2,2,Company Website
53,Voluntary Resignation,Travel_Rarely,1168,Sales,24,4,Technical Degree,1,22332,145787,1,Male,33,3,3,Sales Executive,1,Single,10448,5843,7,Y,Yes,13,3,2,80,0,15,2,2,2,2,2,2,Company Website
53,Voluntary Resignation,Travel_Rarely,1168,Sales,24,4,Life Sciences,1,22333,145788,1,Male,33,3,3,Sales Executive,1,Single,10448,5843,6,Y,Yes,13,3,2,80,0,15,2,2,2,2,2,2,Company Website
53,Voluntary Resignation,Travel_Rarely,1168,Sales,24,4,Technical Degree,1,22336,145791,1,Male,33,3,3,Sales Executive,1,Single,10448,5843,7,Y,Yes,13,3,2,80,0,15,2,2,2,2,2,2,Company Website
53,Voluntary Resignation,Travel_Rarely,1168,Sales,24,4,Life Sciences,1,22339,145794,1,Male,33,3,3,Sales Executive,1,Single,10448,5843,6,Y,Yes,13,3,2,80,0,15,2,2,2,2,2,2,Company Website
53,Voluntary Resignation,Travel_Rarely,1168,Sales,24,4,Technical Degree,1,22340,145795,1,Male,33,3,3,Sales Executive,1,Single,10448,5843,7,Y,Yes,13,3,2,80,0,15,2,2,2,2,2,2,Company Website
53,Voluntary Resignation,Travel_Rarely,607,Research & Development,2,5,Technical Degree,1,23047,146502,4,Male,99,3,2,Healthcare Representative,3,Divorced,6306,26236,1,Y,No,21,3,1,80,1,13,2,2,13,12,1,9,Adzuna
53,Voluntary Resignation,Travel_Rarely,607,Research & Development,2,5,Life Sciences,1,23049,146504,4,Male,99,3,2,Healthcare Representative,3,Divorced,6306,26236,0,Y,No,21,3,1,80,1,13,2,2,13,12,1,9,Adzuna
53,Voluntary Resignation,Travel_Rarely,607,Research & Development,2,5,Technical Degree,1,23053,146508,4,Male,99,3,2,Healthcare Representative,3,Divorced,6306,26236,1,Y,No,21,3,1,80,1,13,2,2,13,12,1,9,Adzuna
53,Voluntary Resignation,Travel_Rarely,607,Research & Development,2,5,Life Sciences,1,23055,146510,4,Male,99,3,2,Healthcare Representative,3,Divorced,6306,26236,0,Y,No,21,3,1,80,1,13,2,2,13,12,1,9,Adzuna
53,Current employee,Travel_Rarely,1219,Sales,2,4,Life Sciences,1,399,123854,1,Female,78,2,4,Manager,4,Married,15427,22021,2,Y,No,16,3,3,80,0,31,3,3,25,8,3,7,GlassDoor
53,Current employee,Travel_Rarely,1219,Sales,2,4,Life Sciences,1,401,123856,1,Female,78,2,4,Manager,4,Married,15427,22021,1,Y,No,16,3,3,80,0,31,3,3,25,8,3,7,GlassDoor
53,Current employee,Travel_Rarely,1219,Sales,2,4,Life Sciences,1,405,123860,1,Female,78,2,4,Manager,4,Married,15427,22021,2,Y,No,16,3,3,80,0,31,3,3,25,8,3,7,GlassDoor
53,Current employee,Travel_Rarely,1219,Sales,2,4,Life Sciences,1,406,123861,1,Female,78,2,4,Manager,4,Married,15427,22021,1,Y,No,16,3,3,80,0,31,3,3,25,8,3,7,GlassDoor
53,Current employee,Travel_Rarely,1219,Sales,2,4,Life Sciences,1,407,123862,1,Female,78,2,4,Manager,4,Married,15427,22021,2,Y,No,16,3,3,80,0,31,3,3,25,8,3,7,GlassDoor
53,Current employee,Travel_Rarely,1219,Sales,2,4,Life Sciences,1,408,123863,2,Female,79,1,2,Research Scientist,4,Divorced,5329,15717,7,Y,Yes,12,3,4,80,3,17,3,3,13,11,1,9,Adzuna
53,Current employee,Travel_Rarely,1219,Sales,2,4,Life Sciences,1,409,123864,1,Male,51,3,4,Research Director,3,Married,17861,2288,6,Y,No,13,3,3,80,0,26,2,1,3,2,0,1,Company Website
53,Current employee,Travel_Rarely,1219,Sales,2,4,Life Sciences,1,411,123866,1,Female,78,2,4,Manager,4,Married,15427,22021,1,Y,No,16,3,3,80,0,31,3,3,25,8,3,7,GlassDoor
53,Current employee,Travel_Rarely,1219,Sales,2,4,Life Sciences,1,415,123870,1,Female,78,2,4,Manager,4,Married,15427,22021,2,Y,No,16,3,3,80,0,31,3,3,25,8,3,7,GlassDoor
53,Current employee,Travel_Rarely,1219,Sales,2,4,Life Sciences,1,416,123871,1,Female,78,2,4,Manager,4,Married,15427,22021,1,Y,No,16,3,3,80,0,31,3,3,25,8,3,7,GlassDoor
53,Current employee,Travel_Rarely,1282,Research & Development,5,3,Other,1,525,123980,3,Female,58,3,5,Manager,3,Divorced,19094,10735,4,Y,No,11,3,4,80,1,26,3,2,14,13,4,8,Company Website
53,Current employee,Travel_Rarely,1282,Research & Development,5,3,Life Sciences,1,527,123982,3,Female,58,3,5,Manager,3,Divorced,19094,10735,1,Y,No,11,3,4,80,1,26,3,2,14,13,4,8,Company Website
53,Current employee,Travel_Rarely,1282,Research & Development,5,3,Other,1,529,123984,3,Female,58,3,5,Manager,3,Divorced,19094,10735,4,Y,No,11,3,4,80,1,26,3,2,14,13,4,8,Company Website
53,Current employee,Travel_Rarely,1282,Research & Development,5,3,Life Sciences,1,530,123985,3,Female,58,3,5,Manager,3,Divorced,19094,10735,1,Y,No,11,3,4,80,1,26,3,2,14,13,4,8,Company Website
53,Current employee,Travel_Rarely,1282,Research & Development,5,3,Other,1,532,123987,3,Female,58,3,5,Manager,3,Divorced,19094,10735,4,Y,No,11,3,4,80,1,26,3,2,14,13,4,8,Company Website
53,Current employee,Travel_Rarely,1282,Research & Development,5,3,Other,1,533,123988,3,Male,78,2,4,Healthcare Representative,2,Married,13503,14115,1,Y,No,22,4,4,80,1,22,3,2,22,3,11,11,Company Website
53,Current employee,Travel_Rarely,1282,Research & Development,5,3,Other,1,534,123989,1,Male,38,1,1,Laboratory Technician,4,Divorced,3408,6705,7,Y,No,13,3,1,80,3,8,2,3,4,3,1,3,LinkedIn
53,Current employee,Travel_Rarely,1282,Research & Development,5,3,Life Sciences,1,536,123991,3,Female,58,3,5,Manager,3,Divorced,19094,10735,1,Y,No,11,3,4,80,1,26,3,2,14,13,4,8,Company Website
53,Current employee,Travel_Rarely,1282,Research & Development,5,3,Other,1,538,123993,3,Female,58,3,5,Manager,3,Divorced,19094,10735,4,Y,No,11,3,4,80,1,26,3,2,14,13,4,8,Company Website
53,Current employee,Travel_Rarely,1282,Research & Development,5,3,Life Sciences,1,539,123994,3,Female,58,3,5,Manager,3,Divorced,19094,10735,1,Y,No,11,3,4,80,1,26,3,2,14,13,4,8,Company Website
53,Current employee,Travel_Rarely,1219,Sales,2,4,Life Sciences,1,742,124197,1,Female,39,2,1,Research Scientist,1,Married,3419,13072,9,Y,Yes,14,3,4,80,1,6,3,4,1,1,0,0,Company Website
53,Current employee,Travel_Rarely,1219,Sales,2,4,Life Sciences,1,743,124198,1,Female,39,2,1,Research Scientist,1,Married,3419,13072,2,Y,Yes,14,3,4,80,1,6,3,4,1,1,0,0,Company Website
53,Current employee,Travel_Rarely,1219,Sales,2,4,Life Sciences,1,747,124202,1,Female,39,2,1,Research Scientist,1,Married,3419,13072,9,Y,Yes,14,3,4,80,1,6,3,4,1,1,0,0,Company Website
53,Current employee,Travel_Rarely,1219,Sales,2,4,Life Sciences,1,748,124203,1,Female,39,2,1,Research Scientist,1,Married,3419,13072,2,Y,Yes,14,3,4,80,1,6,3,4,1,1,0,0,Company Website
53,Current employee,Travel_Rarely,1219,Sales,2,4,Life Sciences,1,750,124205,1,Female,39,2,1,Research Scientist,1,Married,3419,13072,9,Y,Yes,14,3,4,80,1,6,3,4,1,1,0,0,Company Website
53,Current employee,Travel_Rarely,1219,Sales,2,4,Life Sciences,1,751,124206,1,Female,39,2,1,Research Scientist,1,Married,3419,13072,2,Y,Yes,14,3,4,80,1,6,3,4,1,1,0,0,Company Website
53,Current employee,Travel_Rarely,1219,Sales,2,4,Life Sciences,1,755,124210,1,Female,39,2,1,Research Scientist,1,Married,3419,13072,9,Y,Yes,14,3,4,80,1,6,3,4,1,1,0,0,Company Website
53,Current employee,Travel_Rarely,1219,Sales,2,4,Life Sciences,1,756,124211,1,Female,39,2,1,Research Scientist,1,Married,3419,13072,2,Y,Yes,14,3,4,80,1,6,3,4,1,1,0,0,Company Website
53,Current employee,Travel_Rarely,1436,Sales,6,2,Marketing,1,2523,125978,2,Male,34,3,2,Sales Representative,3,Married,2306,16047,2,Y,Yes,20,3,4,80,1,13,3,1,7,7,4,5,LinkedIn
53,Current employee,Travel_Rarely,1436,Sales,6,2,Marketing,1,2526,125981,2,Male,34,3,2,Sales Representative,3,Married,2306,16047,9,Y,Yes,20,3,4,80,1,13,3,1,7,7,4,5,LinkedIn
53,Current employee,Travel_Rarely,1436,Sales,6,2,Marketing,1,2529,125984,2,Male,34,3,2,Sales Representative,3,Married,2306,16047,2,Y,Yes,20,4,4,80,1,13,3,1,7,7,4,5,LinkedIn
53,Current employee,Travel_Rarely,1436,Sales,6,2,Marketing,1,2530,125985,2,Male,34,3,2,Sales Representative,3,Married,2306,16047,9,Y,Yes,20,4,4,80,1,13,3,1,7,7,4,5,LinkedIn
53,Current employee,Travel_Rarely,1436,Sales,6,2,Marketing,1,2531,125986,2,Male,34,3,2,Sales Representative,3,Married,2306,16047,2,Y,Yes,20,3,4,80,1,13,3,1,7,7,4,5,LinkedIn
53,Current employee,Travel_Rarely,1436,Sales,6,2,Marketing,1,2533,125988,2,Male,34,3,2,Sales Representative,3,Married,2306,16047,9,Y,Yes,20,3,4,80,1,13,3,1,7,7,4,5,LinkedIn
53,Current employee,Travel_Rarely,1436,Sales,6,2,Marketing,1,2536,125991,2,Male,34,3,2,Sales Representative,3,Married,2306,16047,2,Y,Yes,20,4,4,80,1,13,3,1,7,7,4,5,LinkedIn
53,Current employee,Travel_Rarely,1436,Sales,6,2,Marketing,1,2537,125992,2,Male,34,3,2,Sales Representative,3,Married,2306,16047,9,Y,Yes,20,4,4,80,1,13,3,1,7,7,4,5,LinkedIn
53,Current employee,Travel_Rarely,1084,Research & Development,13,2,Medical,1,3021,126476,4,Female,57,4,2,Manufacturing Director,1,Divorced,4450,26250,1,Y,No,11,3,3,80,2,5,3,3,4,2,1,3,Company Website
53,Current employee,Travel_Rarely,1084,Research & Development,13,2,Medical,1,3024,126479,4,Female,57,4,2,Manufacturing Director,1,Divorced,4450,26250,1,Y,No,11,3,3,80,2,5,3,3,4,2,1,3,Company Website
53,Current employee,Travel_Rarely,1084,Research & Development,13,2,Medical,1,3027,126482,4,Female,57,4,2,Manufacturing Director,1,Divorced,4450,26250,1,Y,No,11,3,3,80,2,5,3,3,4,2,1,3,Company Website
53,Current employee,Travel_Rarely,1084,Research & Development,13,2,Medical,1,3028,126483,4,Female,57,4,2,Manufacturing Director,1,Divorced,4450,26250,1,Y,No,11,3,3,80,2,5,3,3,4,2,1,3,Company Website
53,Current employee,Travel_Rarely,1084,Research & Development,13,2,Medical,1,3029,126484,4,Female,57,4,2,Manufacturing Director,1,Divorced,4450,26250,1,Y,No,11,3,3,80,2,5,3,3,4,2,1,3,Company Website
53,Current employee,Travel_Rarely,1084,Research & Development,13,2,Medical,1,3032,126487,4,Female,57,4,2,Manufacturing Director,1,Divorced,4450,26250,1,Y,No,11,3,3,80,2,5,3,3,4,2,1,3,Company Website
53,Current employee,Travel_Rarely,1084,Research & Development,13,2,Medical,1,3035,126490,4,Female,57,4,2,Manufacturing Director,1,Divorced,4450,26250,1,Y,No,11,3,3,80,2,5,3,3,4,2,1,3,Company Website
53,Current employee,Travel_Rarely,1084,Research & Development,13,2,Medical,1,3036,126491,4,Female,57,4,2,Manufacturing Director,1,Divorced,4450,26250,1,Y,No,11,3,3,80,2,5,3,3,4,2,1,3,Company Website
53,Current employee,Travel_Rarely,1084,Research & Development,13,2,Medical,1,3401,126856,1,Female,46,3,1,Sales Representative,1,Divorced,2827,14947,1,Y,No,12,3,3,80,3,1,3,3,1,0,0,0,Company Website
53,Current employee,Travel_Rarely,1084,Research & Development,13,2,Medical,1,3411,126866,1,Female,46,3,1,Sales Representative,1,Divorced,2827,14947,1,Y,No,12,3,3,80,3,1,3,3,1,0,0,0,Company Website
53,Current employee,Travel_Rarely,970,Research & Development,7,3,Life Sciences,1,3958,127413,1,Male,48,3,2,Research Scientist,1,Divorced,3072,19877,2,Y,No,16,3,1,80,2,17,2,2,1,0,0,0,Company Website
53,Current employee,Travel_Rarely,970,Research & Development,7,3,Marketing,1,3959,127414,1,Male,48,3,2,Research Scientist,1,Divorced,3072,19877,3,Y,No,16,3,1,80,2,17,2,2,1,0,0,0,Company Website
53,Current employee,Travel_Rarely,970,Research & Development,7,3,Life Sciences,1,3963,127418,1,Male,48,3,2,Research Scientist,1,Divorced,3072,19877,2,Y,No,16,3,1,80,2,17,2,2,1,0,0,0,Company Website
53,Current employee,Travel_Rarely,970,Research & Development,7,3,Marketing,1,3964,127419,1,Male,48,3,2,Research Scientist,1,Divorced,3072,19877,3,Y,No,16,3,1,80,2,17,2,2,1,0,0,0,Company Website
53,Current employee,Travel_Rarely,970,Research & Development,7,3,Life Sciences,1,3966,127421,1,Male,48,3,2,Research Scientist,1,Divorced,3072,19877,2,Y,No,16,3,1,80,2,17,2,2,1,0,0,0,Company Website
53,Current employee,Travel_Rarely,970,Research & Development,7,3,Marketing,1,3967,127422,1,Male,48,3,2,Research Scientist,1,Divorced,3072,19877,3,Y,No,16,3,1,80,2,17,2,2,1,0,0,0,Company Website
53,Current employee,Travel_Rarely,970,Research & Development,7,3,Life Sciences,1,3971,127426,1,Male,48,3,2,Research Scientist,1,Divorced,3072,19877,2,Y,No,16,3,1,80,2,17,2,2,1,0,0,0,Company Website
53,Current employee,Travel_Rarely,970,Research & Development,7,3,Marketing,1,3972,127427,1,Male,48,3,2,Research Scientist,1,Divorced,3072,19877,3,Y,No,16,3,1,80,2,17,2,2,1,0,0,0,Company Website
53,Current employee,Travel_Rarely,346,Research & Development,6,3,Life Sciences,1,4070,127525,1,Male,48,4,2,Manufacturing Director,3,Married,6434,5118,4,Y,No,17,3,4,80,1,9,1,3,3,2,0,2,LinkedIn
53,Current employee,Travel_Rarely,346,Research & Development,6,3,Marketing,1,4071,127526,1,Male,48,4,2,Manufacturing Director,3,Married,6434,5118,1,Y,No,17,3,4,80,1,9,1,3,3,2,0,2,LinkedIn
53,Current employee,Travel_Rarely,346,Research & Development,6,3,Life Sciences,1,4075,127530,1,Male,48,4,2,Manufacturing Director,3,Married,6434,5118,4,Y,No,17,3,4,80,1,9,1,3,3,2,0,2,LinkedIn
53,Current employee,Travel_Rarely,346,Research & Development,6,3,Marketing,1,4076,127531,1,Male,48,4,2,Manufacturing Director,3,Married,6434,5118,1,Y,No,17,3,4,80,1,9,1,3,3,2,0,2,LinkedIn
53,Current employee,Travel_Rarely,346,Research & Development,6,3,Life Sciences,1,4078,127533,1,Male,48,4,2,Manufacturing Director,3,Married,6434,5118,4,Y,No,17,3,4,80,1,9,1,3,3,2,0,2,LinkedIn
53,Current employee,Travel_Rarely,346,Research & Development,6,3,Marketing,1,4079,127534,1,Male,48,4,2,Manufacturing Director,3,Married,6434,5118,1,Y,No,17,3,4,80,1,9,1,3,3,2,0,2,LinkedIn
53,Current employee,Travel_Rarely,346,Research & Development,6,3,Life Sciences,1,4083,127538,1,Male,48,4,2,Manufacturing Director,3,Married,6434,5118,4,Y,No,17,3,4,80,1,9,1,3,3,2,0,2,LinkedIn
53,Current employee,Travel_Rarely,346,Research & Development,6,3,Marketing,1,4084,127539,1,Male,48,4,2,Manufacturing Director,3,Married,6434,5118,1,Y,No,17,3,4,80,1,9,1,3,3,2,0,2,LinkedIn
53,Current employee,Travel_Rarely,1223,Research & Development,7,2,Human Resources,1,4410,127865,4,Male,81,3,1,Laboratory Technician,2,Married,3838,8192,8,Y,No,11,3,4,80,0,8,5,3,5,4,0,2,GlassDoor
53,Current employee,Travel_Rarely,1223,Research & Development,7,2,Human Resources,1,4421,127876,4,Male,81,3,1,Laboratory Technician,2,Married,3838,8192,8,Y,No,11,3,4,80,0,8,5,3,5,4,0,2,GlassDoor
53,Current employee,Travel_Rarely,1070,Research & Development,3,4,Medical,1,4570,128025,3,Male,45,3,4,Research Director,3,Married,17584,21016,3,Y,Yes,16,4,4,80,3,21,5,2,5,3,1,3,Referral
53,Current employee,Travel_Rarely,1070,Research & Development,3,4,Life Sciences,1,4573,128028,3,Male,45,3,4,Research Director,3,Married,17584,21016,1,Y,Yes,16,3,4,80,3,21,5,2,5,3,1,3,Referral
53,Current employee,Travel_Rarely,1070,Research & Development,3,4,Medical,1,4576,128031,3,Male,45,3,4,Research Director,3,Married,17584,21016,3,Y,Yes,16,3,4,80,3,21,5,2,5,3,1,3,Referral
53,Current employee,Travel_Rarely,1070,Research & Development,3,4,Life Sciences,1,4577,128032,3,Male,45,3,4,Research Director,3,Married,17584,21016,1,Y,Yes,16,3,4,80,3,21,5,2,5,3,1,3,Referral
53,Current employee,Travel_Rarely,1070,Research & Development,3,4,Medical,1,4578,128033,3,Male,45,3,4,Research Director,3,Married,17584,21016,3,Y,Yes,16,4,4,80,3,21,5,2,5,3,1,3,Referral
53,Current employee,Travel_Rarely,1070,Research & Development,3,4,Life Sciences,1,4581,128036,3,Male,45,3,4,Research Director,3,Married,17584,21016,1,Y,Yes,16,3,4,80,3,21,5,2,5,3,1,3,Referral
53,Current employee,Travel_Rarely,1070,Research & Development,3,4,Medical,1,4584,128039,3,Male,45,3,4,Research Director,3,Married,17584,21016,3,Y,Yes,16,3,4,80,3,21,5,2,5,3,1,3,Referral
53,Current employee,Travel_Rarely,1070,Research & Development,3,4,Life Sciences,1,4585,128040,3,Male,45,3,4,Research Director,3,Married,17584,21016,1,Y,Yes,16,3,4,80,3,21,5,2,5,3,1,3,Referral
53,Current employee,Travel_Rarely,238,Sales,1,1,Medical,1,4624,128079,2,Male,37,3,4,Manager,3,Married,17861,26582,0,Y,Yes,13,3,4,80,0,21,3,2,20,8,2,10,Seek
53,Current employee,Travel_Rarely,238,Sales,1,1,Medical,1,4635,128090,2,Male,37,3,4,Manager,3,Married,17861,26582,0,Y,Yes,13,3,4,80,0,21,3,2,20,8,2,10,Seek
53,Current employee,Travel_Rarely,102,Research & Development,23,4,Life Sciences,1,4735,128190,2,Female,50,3,5,Research Director,1,Single,18665,25594,9,Y,Yes,11,3,4,80,0,22,4,3,3,2,1,2,Jora
53,Current employee,Travel_Rarely,102,Research & Development,23,4,Other,1,4737,128192,2,Female,50,3,5,Research Director,1,Single,18665,25594,2,Y,Yes,11,3,4,80,0,22,4,3,3,2,1,2,Jora
53,Current employee,Travel_Rarely,102,Research & Development,23,4,Life Sciences,1,4740,128195,2,Female,50,3,5,Research Director,1,Single,18665,25594,9,Y,Yes,11,3,4,80,0,22,4,3,3,2,1,2,Jora
53,Current employee,Travel_Rarely,102,Research & Development,23,4,Other,1,4741,128196,2,Female,50,3,5,Research Director,1,Single,18665,25594,2,Y,Yes,11,3,4,80,0,22,4,3,3,2,1,2,Jora
53,Current employee,Travel_Rarely,102,Research & Development,23,4,Life Sciences,1,4742,128197,2,Female,50,3,5,Research Director,1,Single,18665,25594,9,Y,Yes,11,3,4,80,0,22,4,3,3,2,1,2,Jora
53,Current employee,Travel_Rarely,102,Research & Development,23,4,Other,1,4744,128199,2,Female,50,3,5,Research Director,1,Single,18665,25594,2,Y,Yes,11,3,4,80,0,22,4,3,3,2,1,2,Jora
53,Current employee,Travel_Rarely,102,Research & Development,23,4,Life Sciences,1,4747,128202,2,Female,50,3,5,Research Director,1,Single,18665,25594,9,Y,Yes,11,3,4,80,0,22,4,3,3,2,1,2,Jora
53,Current employee,Travel_Rarely,102,Research & Development,23,4,Other,1,4748,128203,2,Female,50,3,5,Research Director,1,Single,18665,25594,2,Y,Yes,11,3,4,80,0,22,4,3,3,2,1,2,Jora
53,Current employee,Travel_Rarely,447,Research & Development,2,3,Life Sciences,1,6136,129591,3,Female,97,3,2,Research Scientist,4,Married,5484,13008,9,Y,No,17,3,2,80,1,9,3,2,2,2,2,1,Company Website
53,Current employee,Travel_Rarely,447,Research & Development,2,3,Life Sciences,1,6147,129602,3,Female,97,3,2,Research Scientist,4,Married,5484,13008,9,Y,No,17,3,2,80,1,9,3,2,2,2,2,1,Company Website
53,Current employee,Travel_Rarely,238,Sales,1,1,Medical,1,8039,131494,4,Female,34,3,2,Sales Executive,1,Single,8381,7507,7,Y,No,20,4,4,80,0,18,2,4,14,7,8,10,Company Website
53,Current employee,Travel_Rarely,238,Sales,1,1,Life Sciences,1,8041,131496,4,Female,34,3,2,Sales Executive,1,Single,8381,7507,4,Y,No,20,3,4,80,0,18,2,4,14,7,8,10,Company Website
53,Current employee,Travel_Rarely,238,Sales,1,1,Medical,1,8045,131500,4,Female,34,3,2,Sales Executive,1,Single,8381,7507,7,Y,No,20,4,4,80,0,18,2,4,14,7,8,10,Company Website
53,Current employee,Travel_Rarely,238,Sales,1,1,Life Sciences,1,8046,131501,4,Female,34,3,2,Sales Executive,1,Single,8381,7507,4,Y,No,20,4,4,80,0,18,2,4,14,7,8,10,Company Website
53,Current employee,Travel_Rarely,238,Sales,1,1,Medical,1,8047,131502,4,Female,34,3,2,Sales Executive,1,Single,8381,7507,7,Y,No,20,4,4,80,0,18,2,4,14,7,8,10,Company Website
53,Current employee,Travel_Rarely,238,Sales,1,1,Life Sciences,1,8049,131504,4,Female,34,3,2,Sales Executive,1,Single,8381,7507,4,Y,No,20,3,4,80,0,18,2,4,14,7,8,10,Company Website
53,Current employee,Travel_Rarely,238,Sales,1,1,Medical,1,8053,131508,4,Female,34,3,2,Sales Executive,1,Single,8381,7507,7,Y,No,20,4,4,80,0,18,2,4,14,7,8,10,Company Website
53,Current employee,Travel_Rarely,238,Sales,1,1,Life Sciences,1,8054,131509,4,Female,34,3,2,Sales Executive,1,Single,8381,7507,4,Y,No,20,4,4,80,0,18,2,4,14,7,8,10,Company Website
53,Current employee,Travel_Rarely,970,Research & Development,7,3,Life Sciences,1,8566,132021,3,Male,59,4,4,Research Director,3,Married,14814,13514,3,Y,No,19,3,3,80,0,32,3,3,5,1,1,3,Seek
53,Current employee,Travel_Rarely,970,Research & Development,7,3,Marketing,1,8569,132024,3,Male,59,4,4,Research Director,3,Married,14814,13514,2,Y,No,19,3,3,80,0,32,3,3,5,1,1,3,Seek
53,Current employee,Travel_Rarely,970,Research & Development,7,3,Life Sciences,1,8572,132027,3,Male,59,4,4,Research Director,3,Married,14814,13514,3,Y,No,19,3,3,80,0,32,3,3,5,1,1,3,Seek
53,Current employee,Travel_Rarely,970,Research & Development,7,3,Marketing,1,8573,132028,3,Male,59,4,4,Research Director,3,Married,14814,13514,2,Y,No,19,3,3,80,0,32,3,3,5,1,1,3,Seek
53,Current employee,Travel_Rarely,970,Research & Development,7,3,Life Sciences,1,8574,132029,3,Male,59,4,4,Research Director,3,Married,14814,13514,3,Y,No,19,3,3,80,0,32,3,3,5,1,1,3,Seek
53,Current employee,Travel_Rarely,970,Research & Development,7,3,Life Sciences,1,8575,132030,3,Male,59,4,4,Research Director,3,Married,14814,13514,1,Y,No,15,3,2,80,2,5,6,3,4,2,3,2,Adzuna
53,Current employee,Travel_Rarely,970,Research & Development,7,3,Life Sciences,1,8576,132031,3,Male,59,4,4,Research Director,3,Married,14814,13514,1,Y,Yes,14,3,1,80,0,10,3,3,10,7,1,4,Jora
53,Current employee,Travel_Rarely,970,Research & Development,7,3,Marketing,1,8579,132034,3,Male,59,4,4,Research Director,3,Married,14814,13514,2,Y,No,19,3,3,80,0,32,3,3,5,1,1,3,Seek
53,Current employee,Travel_Rarely,970,Research & Development,7,3,Life Sciences,1,8582,132037,3,Male,59,4,4,Research Director,3,Married,14814,13514,3,Y,No,19,3,3,80,0,32,3,3,5,1,1,3,Seek
53,Current employee,Travel_Rarely,970,Research & Development,7,3,Marketing,1,8583,132038,3,Male,59,4,4,Research Director,3,Married,14814,13514,2,Y,No,19,3,3,80,0,32,3,3,5,1,1,3,Seek
53,Current employee,Travel_Rarely,346,Research & Development,6,3,Life Sciences,1,8934,132389,4,Male,86,3,2,Laboratory Technician,4,Single,2450,10919,2,Y,No,17,4,4,80,0,19,4,3,2,2,2,2,Referral
53,Current employee,Travel_Rarely,346,Research & Development,6,3,Marketing,1,8936,132391,4,Male,86,3,2,Laboratory Technician,4,Single,2450,10919,1,Y,No,17,3,4,80,0,19,4,3,2,2,2,2,Referral
53,Current employee,Travel_Rarely,346,Research & Development,6,3,Life Sciences,1,8940,132395,4,Male,86,3,2,Laboratory Technician,4,Single,2450,10919,2,Y,No,17,3,4,80,0,19,4,3,2,2,2,2,Referral
53,Current employee,Travel_Rarely,346,Research & Development,6,3,Life Sciences,1,8941,132396,4,Male,86,3,2,Laboratory Technician,4,Single,2450,10919,2,Y,No,17,4,4,80,0,19,4,3,2,2,2,2,Referral
53,Current employee,Travel_Rarely,346,Research & Development,6,3,Marketing,1,8943,132398,4,Male,86,3,2,Laboratory Technician,4,Single,2450,10919,1,Y,No,17,3,4,80,0,19,4,3,2,2,2,2,Referral
53,Current employee,Travel_Rarely,346,Research & Development,6,3,Life Sciences,1,8947,132402,4,Male,86,3,2,Laboratory Technician,4,Single,2450,10919,2,Y,No,17,3,4,80,0,19,4,3,2,2,2,2,Referral
53,Current employee,Travel_Rarely,1395,Research & Development,24,4,Life Sciences,1,9125,132580,4,Male,78,3,2,Sales Executive,3,Single,5869,23413,9,Y,No,11,3,3,80,0,8,2,3,5,2,1,4,Jora
53,Current employee,Travel_Rarely,1395,Research & Development,24,4,Life Sciences,1,9136,132591,4,Male,78,3,2,Sales Executive,3,Single,5869,23413,9,Y,No,11,3,3,80,0,8,2,3,5,2,1,4,Jora
53,Current employee,Travel_Rarely,661,Sales,7,2,Marketing,1,10017,133472,1,Female,78,2,3,Sales Executive,4,Married,10934,20715,7,Y,Yes,18,3,4,80,1,35,3,3,5,2,0,4,Indeed
53,Current employee,Travel_Rarely,661,Sales,7,2,Marketing,1,10020,133475,1,Female,78,2,3,Sales Executive,4,Married,10934,20715,5,Y,Yes,18,3,4,80,1,35,3,3,5,2,0,4,Indeed
53,Current employee,Travel_Rarely,661,Sales,7,2,Marketing,1,10023,133478,1,Female,78,2,3,Sales Executive,4,Married,10934,20715,7,Y,Yes,18,3,4,80,1,35,3,3,5,2,0,4,Indeed
53,Current employee,Travel_Rarely,661,Sales,7,2,Marketing,1,10024,133479,1,Female,78,2,3,Sales Executive,4,Married,10934,20715,5,Y,Yes,18,3,4,80,1,35,3,3,5,2,0,4,Indeed
53,Current employee,Travel_Rarely,661,Sales,7,2,Marketing,1,10025,133480,1,Female,78,2,3,Sales Executive,4,Married,10934,20715,7,Y,Yes,18,3,4,80,1,35,3,3,5,2,0,4,Indeed
53,Current employee,Travel_Rarely,661,Sales,7,2,Marketing,1,10028,133483,1,Female,78,2,3,Sales Executive,4,Married,10934,20715,5,Y,Yes,18,3,4,80,1,35,3,3,5,2,0,4,Indeed
53,Current employee,Travel_Rarely,661,Sales,7,2,Marketing,1,10030,133485,1,Female,78,2,3,Sales Executive,4,Married,10934,20715,7,Y,Yes,18,3,4,80,1,35,3,3,5,2,0,4,Indeed
53,Current employee,Travel_Rarely,661,Sales,7,2,Marketing,1,10031,133486,1,Female,78,2,3,Sales Executive,4,Married,10934,20715,5,Y,Yes,18,3,4,80,1,35,3,3,5,2,0,4,Indeed
53,Current employee,Travel_Rarely,868,Sales,8,3,Marketing,1,10367,133822,1,Male,73,3,4,Sales Executive,4,Married,11836,22789,5,Y,No,14,3,3,80,1,28,3,3,2,0,2,2,Indeed
53,Current employee,Travel_Rarely,868,Sales,8,3,Medical,1,10369,133824,1,Male,73,3,4,Sales Executive,4,Married,11836,22789,6,Y,No,14,4,3,80,1,28,3,3,2,0,2,2,Indeed
53,Current employee,Travel_Rarely,868,Sales,8,3,Marketing,1,10373,133828,1,Male,73,3,4,Sales Executive,4,Married,11836,22789,5,Y,No,14,3,3,80,1,28,3,3,2,0,2,2,Indeed
53,Current employee,Travel_Rarely,868,Sales,8,3,Medical,1,10374,133829,1,Male,73,3,4,Sales Executive,4,Married,11836,22789,6,Y,No,14,3,3,80,1,28,3,3,2,0,2,2,Indeed
53,Current employee,Travel_Rarely,868,Sales,8,3,Marketing,1,10375,133830,1,Male,73,3,4,Sales Executive,4,Married,11836,22789,5,Y,No,14,3,3,80,1,28,3,3,2,0,2,2,Indeed
53,Current employee,Travel_Rarely,868,Sales,8,3,Medical,1,10377,133832,1,Male,73,3,4,Sales Executive,4,Married,11836,22789,6,Y,No,14,4,3,80,1,28,3,3,2,0,2,2,Indeed
53,Current employee,Travel_Rarely,868,Sales,8,3,Marketing,1,10381,133836,1,Male,73,3,4,Sales Executive,4,Married,11836,22789,5,Y,No,14,3,3,80,1,28,3,3,2,0,2,2,Indeed
53,Current employee,Travel_Rarely,868,Sales,8,3,Medical,1,10382,133837,1,Male,73,3,4,Sales Executive,4,Married,11836,22789,6,Y,No,14,3,3,80,1,28,3,3,2,0,2,2,Indeed
53,Current employee,Travel_Rarely,1436,Sales,6,2,Marketing,1,10400,133855,3,Female,65,3,1,Sales Representative,4,Married,2973,21222,5,Y,No,15,3,2,80,1,10,3,3,5,4,0,0,LinkedIn
53,Current employee,Travel_Rarely,1436,Sales,6,2,Marketing,1,10401,133856,3,Female,65,3,1,Sales Representative,4,Married,2973,21222,9,Y,No,15,3,2,80,1,10,3,3,5,4,0,0,LinkedIn
53,Current employee,Travel_Rarely,1436,Sales,6,2,Marketing,1,10405,133860,3,Female,65,3,1,Sales Representative,4,Married,2973,21222,9,Y,No,15,3,2,80,1,10,3,3,5,4,0,0,LinkedIn
53,Current employee,Travel_Rarely,1436,Sales,6,2,Marketing,1,10407,133862,3,Female,65,3,1,Sales Representative,4,Married,2973,21222,5,Y,No,15,3,2,80,1,10,3,3,5,4,0,0,LinkedIn
53,Current employee,Travel_Rarely,1436,Sales,6,2,Marketing,1,10408,133863,3,Female,65,3,1,Sales Representative,4,Married,2973,21222,9,Y,No,15,3,2,80,1,10,3,3,5,4,0,0,LinkedIn
53,Current employee,Travel_Rarely,1436,Sales,6,2,Marketing,1,10412,133867,3,Female,65,3,1,Sales Representative,4,Married,2973,21222,9,Y,No,15,3,2,80,1,10,3,3,5,4,0,0,LinkedIn
53,Current employee,Travel_Rarely,102,Research & Development,23,4,Life Sciences,1,10413,133868,4,Female,72,3,4,Research Director,4,Single,14275,20206,6,Y,No,18,3,3,80,0,33,0,3,12,9,3,8,Recruit.net
53,Current employee,Travel_Rarely,102,Research & Development,23,4,Other,1,10416,133871,4,Female,72,3,4,Research Director,4,Single,14275,20206,2,Y,No,18,3,3,80,0,33,0,3,12,9,3,8,Recruit.net
53,Current employee,Travel_Rarely,102,Research & Development,23,4,Life Sciences,1,10419,133874,4,Female,72,3,4,Research Director,4,Single,14275,20206,6,Y,No,18,3,3,80,0,33,0,3,12,9,3,8,Recruit.net
53,Current employee,Travel_Rarely,102,Research & Development,23,4,Other,1,10420,133875,4,Female,72,3,4,Research Director,4,Single,14275,20206,2,Y,No,18,3,3,80,0,33,0,3,12,9,3,8,Recruit.net
53,Current employee,Travel_Rarely,102,Research & Development,23,4,Life Sciences,1,10421,133876,4,Female,72,3,4,Research Director,4,Single,14275,20206,6,Y,No,18,3,3,80,0,33,0,3,12,9,3,8,Recruit.net
53,Current employee,Travel_Rarely,102,Research & Development,23,4,Other,1,10424,133879,4,Female,72,3,4,Research Director,4,Single,14275,20206,2,Y,No,18,3,3,80,0,33,0,3,12,9,3,8,Recruit.net
53,Current employee,Travel_Rarely,102,Research & Development,23,4,Life Sciences,1,10427,133882,4,Female,72,3,4,Research Director,4,Single,14275,20206,6,Y,No,18,3,3,80,0,33,0,3,12,9,3,8,Recruit.net
53,Current employee,Travel_Rarely,102,Research & Development,23,4,Other,1,10428,133883,4,Female,72,3,4,Research Director,4,Single,14275,20206,2,Y,No,18,3,3,80,0,33,0,3,12,9,3,8,Recruit.net
53,Current employee,Travel_Rarely,1376,Sales,2,2,Medical,1,11258,134713,3,Male,45,3,4,Manager,3,Divorced,14852,13938,6,Y,No,13,3,3,80,1,22,3,4,17,13,15,2,Referral
53,Current employee,Travel_Rarely,1376,Sales,2,2,Life Sciences,1,11260,134715,3,Male,45,3,4,Manager,3,Divorced,14852,13938,1,Y,No,13,3,3,80,1,22,3,4,17,13,15,2,Referral
53,Current employee,Travel_Rarely,1376,Sales,2,2,Medical,1,11264,134719,3,Male,45,3,4,Manager,3,Divorced,14852,13938,6,Y,No,13,3,3,80,1,22,3,4,17,13,15,2,Referral
53,Current employee,Travel_Rarely,1376,Sales,2,2,Life Sciences,1,11265,134720,3,Male,45,3,4,Manager,3,Divorced,14852,13938,1,Y,No,13,3,3,80,1,22,3,4,17,13,15,2,Referral
53,Current employee,Travel_Rarely,1376,Sales,2,2,Medical,1,11266,134721,3,Male,45,3,4,Manager,3,Divorced,14852,13938,6,Y,No,13,3,3,80,1,22,3,4,17,13,15,2,Referral
53,Current employee,Travel_Rarely,1376,Sales,2,2,Life Sciences,1,11268,134723,3,Male,45,3,4,Manager,3,Divorced,14852,13938,1,Y,No,13,3,3,80,1,22,3,4,17,13,15,2,Referral
53,Current employee,Travel_Rarely,1376,Sales,2,2,Medical,1,11272,134727,3,Male,45,3,4,Manager,3,Divorced,14852,13938,6,Y,No,13,3,3,80,1,22,3,4,17,13,15,2,Referral
53,Current employee,Travel_Rarely,1376,Sales,2,2,Life Sciences,1,11273,134728,3,Male,45,3,4,Manager,3,Divorced,14852,13938,1,Y,No,13,3,3,80,1,22,3,4,17,13,15,2,Referral
53,Current employee,Travel_Rarely,661,Sales,7,2,Marketing,1,11338,134793,3,Female,68,4,4,Sales Executive,2,Single,13194,17071,4,Y,Yes,16,3,4,80,0,22,2,2,1,0,0,0,GlassDoor
53,Current employee,Travel_Rarely,661,Sales,7,2,Marketing,1,11339,134794,3,Female,68,4,4,Sales Executive,2,Single,13194,17071,5,Y,Yes,16,3,4,80,0,22,2,2,1,0,0,0,GlassDoor
53,Current employee,Travel_Rarely,661,Sales,7,2,Marketing,1,11343,134798,3,Female,68,4,4,Sales Executive,2,Single,13194,17071,5,Y,Yes,16,3,4,80,0,22,2,2,1,0,0,0,GlassDoor
53,Current employee,Travel_Rarely,661,Sales,7,2,Marketing,1,11345,134800,3,Female,68,4,4,Sales Executive,2,Single,13194,17071,4,Y,Yes,16,3,4,80,0,22,2,2,1,0,0,0,GlassDoor
53,Current employee,Travel_Rarely,661,Sales,7,2,Marketing,1,11346,134801,3,Female,68,4,4,Sales Executive,2,Single,13194,17071,5,Y,Yes,16,3,4,80,0,22,2,2,1,0,0,0,GlassDoor
53,Current employee,Travel_Rarely,661,Sales,7,2,Marketing,1,11350,134805,3,Female,68,4,4,Sales Executive,2,Single,13194,17071,5,Y,Yes,16,3,4,80,0,22,2,2,1,0,0,0,GlassDoor
53,Current employee,Travel_Rarely,868,Sales,8,3,Marketing,1,11415,134870,3,Female,68,2,1,Research Scientist,1,Single,2404,11479,6,Y,Yes,20,3,3,80,0,3,5,3,0,0,0,0,Company Website
53,Current employee,Travel_Rarely,868,Sales,8,3,Medical,1,11416,134871,3,Female,68,2,1,Research Scientist,1,Single,2404,11479,3,Y,Yes,20,3,3,80,0,3,5,3,0,0,0,0,Company Website
53,Current employee,Travel_Rarely,868,Sales,8,3,Medical,1,11420,134875,3,Female,68,2,1,Research Scientist,1,Single,2404,11479,3,Y,Yes,20,4,3,80,0,3,5,3,0,0,0,0,Company Website
53,Current employee,Travel_Rarely,868,Sales,8,3,Marketing,1,11422,134877,3,Female,68,2,1,Research Scientist,1,Single,2404,11479,6,Y,Yes,20,3,3,80,0,3,5,3,0,0,0,0,Company Website
53,Current employee,Travel_Rarely,868,Sales,8,3,Medical,1,11423,134878,3,Female,68,2,1,Research Scientist,1,Single,2404,11479,3,Y,Yes,20,3,3,80,0,3,5,3,0,0,0,0,Company Website
53,Current employee,Travel_Rarely,868,Sales,8,3,Medical,1,11427,134882,3,Female,68,2,1,Research Scientist,1,Single,2404,11479,3,Y,Yes,20,4,3,80,0,3,5,3,0,0,0,0,Company Website
53,Current employee,Travel_Frequently,124,Sales,2,3,Marketing,1,11536,134991,3,Female,69,3,2,Sales Executive,4,Single,4163,8571,1,Y,Yes,17,3,3,80,0,9,0,3,9,0,0,7,Recruit.net
53,Current employee,Travel_Frequently,124,Sales,2,3,Life Sciences,1,11537,134992,3,Female,69,3,2,Sales Executive,4,Single,4163,8571,4,Y,Yes,17,3,3,80,0,9,0,3,9,0,0,7,Recruit.net
53,Current employee,Travel_Frequently,124,Sales,2,3,Life Sciences,1,11541,134996,3,Female,69,3,2,Sales Executive,4,Single,4163,8571,4,Y,Yes,17,3,3,80,0,9,0,3,9,0,0,7,Recruit.net
53,Current employee,Travel_Frequently,124,Sales,2,3,Marketing,1,11542,134997,3,Female,69,3,2,Sales Executive,4,Single,4163,8571,1,Y,Yes,17,3,3,80,0,9,0,3,9,0,0,7,Recruit.net
53,Current employee,Travel_Frequently,124,Sales,2,3,Life Sciences,1,11543,134998,3,Female,69,3,2,Sales Executive,4,Single,4163,8571,4,Y,Yes,17,3,3,80,0,9,0,3,9,0,0,7,Recruit.net
53,Current employee,Travel_Frequently,124,Sales,2,3,Life Sciences,1,11547,135002,3,Female,69,3,2,Sales Executive,4,Single,4163,8571,4,Y,Yes,17,3,3,80,0,9,0,3,9,0,0,7,Recruit.net
53,Current employee,Travel_Rarely,868,Sales,8,3,Medical,1,11944,135399,3,Male,62,3,1,Research Scientist,1,Single,2404,11479,6,Y,Yes,20,4,3,80,0,3,5,3,0,0,0,0,Company Website
53,Current employee,Travel_Rarely,868,Sales,8,3,Medical,1,11955,135410,3,Male,62,3,1,Research Scientist,1,Single,2404,11479,6,Y,Yes,20,4,3,80,0,3,5,3,0,0,0,0,Company Website
53,Current employee,Travel_Frequently,124,Sales,2,3,Marketing,1,12189,135644,3,Female,38,2,3,Sales Executive,2,Married,7525,23537,2,Y,No,12,4,1,80,1,30,2,3,15,7,6,12,Company Website
53,Current employee,Travel_Frequently,124,Sales,2,3,,1,12191,135646,3,Female,38,2,3,Sales Executive,2,Married,7525,23537,4,Y,No,,4,1,80,1,30,2,3,15,7,6,12,Company Website
53,Current employee,Travel_Frequently,124,Sales,2,3,Marketing,1,12195,135650,3,Female,38,2,3,Sales Executive,2,Married,7525,23537,2,Y,No,12,3,1,80,1,30,2,3,15,7,6,12,Company Website
53,Current employee,Travel_Frequently,124,Sales,2,3,Life Sciences,1,12196,135651,3,Female,38,2,3,Sales Executive,2,Married,7525,23537,4,Y,No,12,3,1,80,1,30,2,3,15,7,6,12,Company Website
53,Current employee,Travel_Frequently,124,Sales,2,3,Marketing,1,12197,135652,3,Female,38,2,3,Sales Executive,2,Married,7525,23537,2,Y,No,12,4,1,80,1,30,2,3,15,7,6,12,Company Website
53,Current employee,Travel_Frequently,124,Sales,2,3,Life Sciences,1,12199,135654,3,Female,38,2,3,Sales Executive,2,Married,7525,23537,4,Y,No,12,4,1,80,1,30,2,3,15,7,6,12,Company Website
53,Current employee,Travel_Frequently,124,Sales,2,3,Marketing,1,12203,135658,3,Female,38,2,3,Sales Executive,2,Married,7525,23537,2,Y,No,12,3,1,80,1,30,2,3,15,7,6,12,Company Website
53,Current employee,Travel_Frequently,124,Sales,2,3,Life Sciences,1,12204,135659,3,Female,38,2,3,Sales Executive,2,Married,7525,23537,4,Y,No,12,3,1,80,1,30,2,3,15,7,6,12,Company Website
53,Current employee,Non-Travel,661,Research & Development,1,4,Life Sciences,1,12418,135873,3,Male,40,2,4,Manager,2,Divorced,15972,21086,6,Y,No,14,3,3,80,3,29,2,3,3,2,1,2,Company Website
53,Current employee,Non-Travel,661,Research & Development,1,4,Life Sciences,1,12429,135884,3,Male,40,2,4,Manager,2,Divorced,15972,21086,6,Y,No,14,3,3,80,3,29,2,3,3,2,1,2,Company Website
53,Current employee,Travel_Rarely,1084,Research & Development,13,2,Medical,1,13628,137083,3,Female,75,3,1,Sales Representative,1,Divorced,2827,14947,1,Y,No,12,3,3,80,3,1,3,3,1,0,0,0,Company Website
53,Current employee,Travel_Rarely,1084,Research & Development,13,2,Medical,1,13630,137085,3,Female,75,3,1,Sales Representative,1,Divorced,2827,14947,9,Y,No,12,3,3,80,3,1,3,3,1,0,0,0,Company Website
53,Current employee,Travel_Rarely,1084,Research & Development,13,2,Medical,1,13633,137088,3,Female,75,3,1,Sales Representative,1,Divorced,2827,14947,9,Y,No,12,3,3,80,3,1,3,3,1,0,0,0,Company Website
53,Current employee,Travel_Rarely,1084,Research & Development,13,2,Medical,1,13635,137090,3,Female,75,3,1,Sales Representative,1,Divorced,2827,14947,1,Y,No,12,3,3,80,3,1,3,3,1,0,0,0,Company Website
53,Current employee,Travel_Rarely,1084,Research & Development,13,2,Medical,1,13637,137092,3,Female,75,3,1,Sales Representative,1,Divorced,2827,14947,9,Y,No,12,3,3,80,3,1,3,3,1,0,0,0,Company Website
53,Current employee,Travel_Rarely,1084,Research & Development,13,2,Medical,1,13640,137095,3,Female,75,3,1,Sales Representative,1,Divorced,2827,14947,9,Y,No,12,3,3,80,3,1,3,3,1,0,0,0,Company Website
53,Current employee,Travel_Rarely,1223,Research & Development,7,2,Medical,1,13752,137207,4,Female,50,3,5,Manager,3,Divorced,18606,18640,3,Y,No,18,3,2,80,1,26,6,3,7,7,4,7,Recruit.net
53,Current employee,Travel_Rarely,1223,Research & Development,7,2,Marketing,1,13755,137210,4,Female,50,3,5,Manager,3,Divorced,18606,18640,1,Y,No,18,4,2,80,1,26,6,3,7,7,4,7,Recruit.net
53,Current employee,Travel_Rarely,1223,Research & Development,7,2,Medical,1,13758,137213,4,Female,50,3,5,Manager,3,Divorced,18606,18640,3,Y,No,18,3,2,80,1,26,6,3,7,7,4,7,Recruit.net
53,Current employee,Travel_Rarely,1223,Research & Development,7,2,Marketing,1,13759,137214,4,Female,50,3,5,Manager,3,Divorced,18606,18640,1,Y,No,18,3,2,80,1,26,6,3,7,7,4,7,Recruit.net
53,Current employee,Travel_Rarely,1223,Research & Development,7,2,Medical,1,13760,137215,4,Female,50,3,5,Manager,3,Divorced,18606,18640,3,Y,No,18,3,2,80,1,26,6,3,7,7,4,7,Recruit.net
53,Current employee,Travel_Rarely,1223,Research & Development,7,2,Marketing,1,13763,137218,4,Female,50,3,5,Manager,3,Divorced,18606,18640,1,Y,No,18,4,2,80,1,26,6,3,7,7,4,7,Recruit.net
53,Current employee,Travel_Rarely,1223,Research & Development,7,2,Medical,1,13766,137221,4,Female,50,3,5,Manager,3,Divorced,18606,18640,3,Y,No,18,3,2,80,1,26,6,3,7,7,4,7,Recruit.net
53,Current employee,Travel_Rarely,1223,Research & Development,7,2,Marketing,1,13767,137222,4,Female,50,3,5,Manager,3,Divorced,18606,18640,1,Y,No,18,3,2,80,1,26,6,3,7,7,4,7,Recruit.net
53,Current employee,Travel_Rarely,1070,Research & Development,3,4,Medical,1,14261,137716,3,Female,77,3,3,Manufacturing Director,3,Divorced,10502,9659,7,Y,No,17,3,1,80,1,33,2,1,5,4,1,4,LinkedIn
53,Current employee,Travel_Rarely,1070,Research & Development,3,4,Life Sciences,1,14263,137718,3,Female,77,3,3,Manufacturing Director,3,Divorced,10502,9659,1,Y,No,17,3,1,80,1,33,2,1,5,4,1,4,LinkedIn
53,Current employee,Travel_Rarely,1070,Research & Development,3,4,Life Sciences,1,14264,137719,3,Female,77,3,3,Manufacturing Director,3,Divorced,10502,9659,1,Y,No,17,3,1,80,1,33,2,1,5,4,1,4,LinkedIn
53,Current employee,Travel_Rarely,1070,Research & Development,3,4,Medical,1,14267,137722,3,Female,77,3,3,Manufacturing Director,3,Divorced,10502,9659,7,Y,No,17,3,1,80,1,33,2,1,5,4,1,4,LinkedIn
53,Current employee,Travel_Rarely,1070,Research & Development,3,4,Life Sciences,1,14269,137724,3,Female,77,3,3,Manufacturing Director,3,Divorced,10502,9659,1,Y,No,17,3,1,80,1,33,2,1,5,4,1,4,LinkedIn
53,Current employee,Travel_Rarely,1070,Research & Development,3,4,Life Sciences,1,14270,137725,3,Female,77,3,3,Manufacturing Director,3,Divorced,10502,9659,1,Y,No,17,3,1,80,1,33,2,1,5,4,1,4,LinkedIn
53,Current employee,Travel_Rarely,661,Sales,7,2,Medical,1,14643,138098,4,Male,37,2,4,Sales Executive,2,Single,13194,17071,4,Y,Yes,16,3,4,80,0,22,2,2,1,0,0,0,GlassDoor
53,Current employee,Travel_Rarely,661,Sales,7,2,Medical,1,14653,138108,4,Male,37,2,4,Sales Executive,2,Single,13194,17071,4,Y,Yes,16,3,4,80,0,22,2,2,1,0,0,0,GlassDoor
53,Current employee,Travel_Rarely,238,Sales,1,1,Medical,1,15286,138741,3,Male,79,3,4,Manager,3,Married,17861,26582,0,Y,Yes,13,3,4,80,0,21,3,2,20,8,2,10,Seek
53,Current employee,Travel_Rarely,238,Sales,1,1,Life Sciences,1,15287,138742,3,Male,79,3,4,Manager,3,Married,17861,26582,1,Y,Yes,13,3,4,80,0,21,3,2,20,8,2,10,Seek
53,Current employee,Travel_Rarely,238,Sales,1,1,Life Sciences,1,15291,138746,3,Male,79,3,4,Manager,3,Married,17861,26582,1,Y,Yes,13,3,4,80,0,21,3,2,20,8,2,10,Seek
53,Current employee,Travel_Rarely,238,Sales,1,1,Medical,1,15293,138748,3,Male,79,3,4,Manager,3,Married,17861,26582,0,Y,Yes,13,3,4,80,0,21,3,2,20,8,2,10,Seek
53,Current employee,Travel_Rarely,238,Sales,1,1,Life Sciences,1,15294,138749,3,Male,79,3,4,Manager,3,Married,17861,26582,1,Y,Yes,13,3,4,80,0,21,3,2,20,8,2,10,Seek
53,Current employee,Travel_Rarely,238,Sales,1,1,Life Sciences,1,15298,138753,3,Male,79,3,4,Manager,3,Married,17861,26582,1,Y,Yes,13,3,4,80,0,21,3,2,20,8,2,10,Seek
53,Current employee,Travel_Rarely,1282,Research & Development,5,3,Life Sciences,1,15305,138760,4,Female,58,1,1,Research Scientist,1,Divorced,2109,10007,1,Y,No,13,3,3,80,1,1,2,3,1,0,0,0,LinkedIn
53,Current employee,Travel_Rarely,1282,Research & Development,5,3,Life Sciences,1,15315,138770,4,Female,58,1,1,Research Scientist,1,Divorced,2109,10007,1,Y,No,13,3,3,80,1,1,2,3,1,0,0,0,LinkedIn
53,Current employee,Travel_Rarely,1376,Sales,2,2,Medical,1,16233,139688,3,Female,82,3,4,Research Director,2,Single,16422,8847,3,Y,No,11,4,3,80,0,9,3,4,3,2,1,0,LinkedIn
53,Current employee,Travel_Rarely,1376,Sales,2,2,Life Sciences,1,16234,139689,3,Female,82,3,4,Research Director,2,Single,16422,8847,1,Y,No,11,3,3,80,0,9,3,4,3,2,1,0,LinkedIn
53,Current employee,Travel_Rarely,1376,Sales,2,2,Life Sciences,1,16238,139693,3,Female,82,3,4,Research Director,2,Single,16422,8847,1,Y,No,11,3,3,80,0,9,3,4,3,2,1,0,LinkedIn
53,Current employee,Travel_Rarely,1376,Sales,2,2,Medical,1,16240,139695,3,Female,82,3,4,Research Director,2,Single,16422,8847,3,Y,No,11,4,3,80,0,9,3,4,3,2,1,0,LinkedIn
53,Current employee,Travel_Rarely,1376,Sales,2,2,Life Sciences,1,16241,139696,3,Female,82,3,4,Research Director,2,Single,16422,8847,1,Y,No,11,3,3,80,0,9,3,4,3,2,1,0,LinkedIn
53,Current employee,Travel_Rarely,1376,Sales,2,2,Life Sciences,1,16245,139700,3,Female,82,3,4,Research Director,2,Single,16422,8847,1,Y,No,11,3,3,80,0,9,3,4,3,2,1,0,LinkedIn
53,Current employee,Travel_Rarely,1070,Research & Development,3,4,Medical,1,16475,139930,4,Male,82,3,3,Manufacturing Director,3,Divorced,10502,9659,7,Y,No,17,3,1,80,1,33,2,1,5,4,1,4,LinkedIn
53,Current employee,Travel_Rarely,1070,Research & Development,3,4,Medical,1,16486,139941,4,Male,82,3,3,Manufacturing Director,3,Divorced,10502,9659,7,Y,No,17,3,1,80,1,33,2,1,5,4,1,4,LinkedIn
53,Current employee,Travel_Rarely,447,Research & Development,2,3,Medical,1,16696,140151,4,Male,39,4,4,Research Director,2,Single,16598,19764,4,Y,No,12,3,2,80,0,35,2,2,9,8,8,8,LinkedIn
53,Current employee,Travel_Rarely,447,Research & Development,2,3,Life Sciences,1,16699,140154,4,Male,39,4,4,Research Director,2,Single,16598,19764,1,Y,No,12,3,2,80,0,35,2,2,9,8,8,8,LinkedIn
53,Current employee,Travel_Rarely,447,Research & Development,2,3,Medical,1,16702,140157,4,Male,39,4,4,Research Director,2,Single,16598,19764,4,Y,No,12,3,2,80,0,35,2,2,9,8,8,8,LinkedIn
53,Current employee,Travel_Rarely,447,Research & Development,2,3,Life Sciences,1,16703,140158,4,Male,39,4,4,Research Director,2,Single,16598,19764,1,Y,No,12,3,2,80,0,35,2,2,9,8,8,8,LinkedIn
53,Current employee,Travel_Rarely,447,Research & Development,2,3,Medical,1,16704,140159,4,Male,39,4,4,Research Director,2,Single,16598,19764,4,Y,No,12,3,2,80,0,35,2,2,9,8,8,8,LinkedIn
53,Current employee,Travel_Rarely,447,Research & Development,2,3,Life Sciences,1,16707,140162,4,Male,39,4,4,Research Director,2,Single,16598,19764,1,Y,No,12,3,2,80,0,35,2,2,9,8,8,8,LinkedIn
53,Current employee,Travel_Rarely,447,Research & Development,2,3,Medical,1,16710,140165,4,Male,39,4,4,Research Director,2,Single,16598,19764,4,Y,No,12,3,2,80,0,35,2,2,9,8,8,8,LinkedIn
53,Current employee,Travel_Rarely,447,Research & Development,2,3,Life Sciences,1,16711,140166,4,Male,39,4,4,Research Director,2,Single,16598,19764,1,Y,No,12,3,2,80,0,35,2,2,9,8,8,8,LinkedIn
53,Current employee,Travel_Rarely,1436,Sales,6,2,Life Sciences,1,17051,140506,4,Male,30,3,1,Sales Representative,4,Married,2973,21222,5,Y,No,15,3,2,80,1,10,3,3,5,4,0,0,LinkedIn
53,Current employee,Travel_Rarely,1436,Sales,6,2,Life Sciences,1,17060,140515,4,Male,30,3,1,Sales Representative,4,Married,2973,21222,5,Y,No,15,3,2,80,1,10,3,3,5,4,0,0,LinkedIn
53,Current employee,Travel_Rarely,1223,Research & Development,7,2,Medical,1,17065,140520,4,Female,84,2,1,Laboratory Technician,2,Married,3838,8192,8,Y,No,11,3,4,80,0,8,5,3,5,4,0,2,GlassDoor
53,Current employee,Travel_Rarely,1223,Research & Development,7,2,Marketing,1,17067,140522,4,Female,84,2,1,Laboratory Technician,2,Married,3838,8192,1,Y,No,11,3,4,80,0,8,5,3,5,4,0,2,GlassDoor
53,Current employee,Travel_Rarely,1223,Research & Development,7,2,Marketing,1,17070,140525,4,Female,84,2,1,Laboratory Technician,2,Married,3838,8192,1,Y,No,11,3,4,80,0,8,5,3,5,4,0,2,GlassDoor
53,Current employee,Travel_Rarely,1223,Research & Development,7,2,Medical,1,17072,140527,4,Female,84,2,1,Laboratory Technician,2,Married,3838,8192,8,Y,No,11,3,4,80,0,8,5,3,5,4,0,2,GlassDoor
53,Current employee,Travel_Rarely,1223,Research & Development,7,2,Marketing,1,17074,140529,4,Female,84,2,1,Laboratory Technician,2,Married,3838,8192,1,Y,No,11,3,4,80,0,8,5,3,5,4,0,2,GlassDoor
53,Current employee,Travel_Rarely,1223,Research & Development,7,2,Marketing,1,17077,140532,4,Female,84,2,1,Laboratory Technician,2,Married,3838,8192,1,Y,No,11,3,4,80,0,8,5,3,5,4,0,2,GlassDoor
53,Current employee,Travel_Rarely,1395,Research & Development,24,4,Technical Degree,1,17856,141311,3,Male,60,2,3,Healthcare Representative,4,Married,7005,3458,0,Y,No,15,3,3,80,0,11,2,3,4,3,1,2,GlassDoor
53,Current employee,Travel_Rarely,1395,Research & Development,24,4,Technical Degree,1,17865,141320,3,Male,60,2,3,Healthcare Representative,4,Married,7005,3458,0,Y,No,15,3,3,80,0,11,2,3,4,3,1,2,GlassDoor
53,Current employee,Travel_Rarely,447,Research & Development,2,3,Medical,1,17870,141325,4,Male,86,3,2,Research Scientist,4,Married,5484,13008,9,Y,No,17,3,2,80,1,9,3,2,2,2,2,1,Company Website
53,Current employee,Travel_Rarely,447,Research & Development,2,3,Life Sciences,1,17872,141327,4,Male,86,3,2,Research Scientist,4,Married,5484,13008,2,Y,No,17,4,2,80,1,9,3,2,2,2,2,1,Company Website
53,Current employee,Travel_Rarely,447,Research & Development,2,3,Life Sciences,1,17875,141330,4,Male,86,3,2,Research Scientist,4,Married,5484,13008,2,Y,No,17,3,2,80,1,9,3,2,2,2,2,1,Company Website
53,Current employee,Travel_Rarely,447,Research & Development,2,3,Life Sciences,1,17878,141333,4,Male,86,3,2,Research Scientist,4,Married,5484,13008,2,Y,No,17,4,2,80,1,9,3,2,2,2,2,1,Company Website
53,Current employee,Travel_Rarely,447,Research & Development,2,3,Life Sciences,1,17881,141336,4,Male,86,3,2,Research Scientist,4,Married,5484,13008,2,Y,No,17,3,2,80,1,9,3,2,2,2,2,1,Company Website
53,Current employee,Travel_Rarely,1395,Research & Development,24,4,Medical,1,18739,142194,4,Male,88,2,2,Sales Executive,3,Single,5869,23413,9,Y,No,11,3,3,80,0,8,2,3,5,2,1,4,Jora
53,Current employee,Travel_Rarely,1395,Research & Development,24,4,Technical Degree,1,18741,142196,4,Male,88,2,2,Sales Executive,3,Single,5869,23413,7,Y,No,11,4,3,80,0,8,2,3,5,2,1,4,Jora
53,Current employee,Travel_Rarely,1395,Research & Development,24,4,Technical Degree,1,18744,142199,4,Male,88,2,2,Sales Executive,3,Single,5869,23413,7,Y,No,11,3,3,80,0,8,2,3,5,2,1,4,Jora
53,Current employee,Travel_Rarely,1395,Research & Development,24,4,Medical,1,18746,142201,4,Male,88,2,2,Sales Executive,3,Single,5869,23413,9,Y,No,11,3,3,80,0,8,2,3,5,2,1,4,Jora
53,Current employee,Travel_Rarely,1395,Research & Development,24,4,Technical Degree,1,18748,142203,4,Male,88,2,2,Sales Executive,3,Single,5869,23413,7,Y,No,11,4,3,80,0,8,2,3,5,2,1,4,Jora
53,Current employee,Travel_Rarely,1395,Research & Development,24,4,Technical Degree,1,18751,142206,4,Male,88,2,2,Sales Executive,3,Single,5869,23413,7,Y,No,11,3,3,80,0,8,2,3,5,2,1,4,Jora
53,Current employee,Travel_Frequently,124,Sales,2,3,Life Sciences,1,19082,142537,4,Female,89,2,2,Sales Executive,4,Single,4163,8571,1,Y,Yes,17,3,3,80,0,9,0,3,9,0,0,7,Recruit.net
53,Current employee,Travel_Frequently,124,Sales,2,3,Life Sciences,1,19093,142548,4,Female,89,2,2,Sales Executive,4,Single,4163,8571,1,Y,Yes,17,3,3,80,0,9,0,3,9,0,0,7,Recruit.net
53,Current employee,Non-Travel,661,Research & Development,1,4,Medical,1,19099,142554,4,Female,89,4,4,Manager,2,Divorced,15972,21086,6,Y,No,14,3,3,80,3,29,2,3,3,2,1,2,Company Website
53,Current employee,Non-Travel,661,Research & Development,1,4,Life Sciences,1,19100,142555,4,Female,89,4,4,Manager,2,Divorced,15972,21086,1,Y,No,14,3,3,80,3,29,2,3,3,2,1,2,Company Website
53,Current employee,Non-Travel,661,Research & Development,1,4,Life Sciences,1,19104,142559,4,Female,89,4,4,Manager,2,Divorced,15972,21086,1,Y,No,14,3,3,80,3,29,2,3,3,2,1,2,Company Website
53,Current employee,Non-Travel,661,Research & Development,1,4,Medical,1,19106,142561,4,Female,89,4,4,Manager,2,Divorced,15972,21086,6,Y,No,14,3,3,80,3,29,2,3,3,2,1,2,Company Website
53,Current employee,Non-Travel,661,Research & Development,1,4,Life Sciences,1,19107,142562,4,Female,89,4,4,Manager,2,Divorced,15972,21086,1,Y,No,14,3,3,80,3,29,2,3,3,2,1,2,Company Website
53,Current employee,Non-Travel,661,Research & Development,1,4,Life Sciences,1,19111,142566,4,Female,89,4,4,Manager,2,Divorced,15972,21086,1,Y,No,14,3,3,80,3,29,2,3,3,2,1,2,Company Website
53,Current employee,Travel_Rarely,1395,Research & Development,24,4,Medical,1,19238,142693,2,Male,48,4,3,Healthcare Representative,4,Married,7005,3458,3,Y,No,15,4,3,80,0,11,2,3,4,3,1,2,GlassDoor
53,Current employee,Travel_Rarely,1395,Research & Development,24,4,Technical Degree,1,19241,142696,2,Male,48,4,3,Healthcare Representative,4,Married,7005,3458,0,Y,No,15,3,3,80,0,11,2,3,4,3,1,2,GlassDoor
53,Current employee,Travel_Rarely,1395,Research & Development,24,4,Medical,1,19244,142699,2,Male,48,4,3,Healthcare Representative,4,Married,7005,3458,3,Y,No,15,3,3,80,0,11,2,3,4,3,1,2,GlassDoor
53,Current employee,Travel_Rarely,1395,Research & Development,24,4,Medical,1,19245,142700,2,Male,48,4,3,Healthcare Representative,4,Married,7005,3458,3,Y,No,15,4,3,80,0,11,2,3,4,3,1,2,GlassDoor
53,Current employee,Travel_Rarely,1395,Research & Development,24,4,Technical Degree,1,19248,142703,2,Male,48,4,3,Healthcare Representative,4,Married,7005,3458,0,Y,No,15,3,3,80,0,11,2,3,4,3,1,2,GlassDoor
53,Current employee,Travel_Rarely,1395,Research & Development,24,4,Medical,1,19251,142706,2,Male,48,4,3,Healthcare Representative,4,Married,7005,3458,3,Y,No,15,3,3,80,0,11,2,3,4,3,1,2,GlassDoor
53,Current employee,Travel_Rarely,1282,Research & Development,5,3,Other,1,20112,143567,4,Female,92,2,1,Research Scientist,1,Divorced,2109,10007,1,Y,No,13,3,3,80,1,1,2,3,1,0,0,0,LinkedIn
53,Current employee,Travel_Rarely,1282,Research & Development,5,3,Life Sciences,1,20114,143569,4,Female,92,2,1,Research Scientist,1,Divorced,2109,10007,3,Y,No,13,3,3,80,1,1,2,3,1,0,0,0,LinkedIn
53,Current employee,Travel_Rarely,1282,Research & Development,5,3,Life Sciences,1,20117,143572,4,Female,92,2,1,Research Scientist,1,Divorced,2109,10007,3,Y,No,13,3,3,80,1,1,2,3,1,0,0,0,LinkedIn
53,Current employee,Travel_Rarely,1282,Research & Development,5,3,Other,1,20119,143574,4,Female,92,2,1,Research Scientist,1,Divorced,2109,10007,1,Y,No,13,3,3,80,1,1,2,3,1,0,0,0,LinkedIn
53,Current employee,Travel_Rarely,1282,Research & Development,5,3,Life Sciences,1,20121,143576,4,Female,92,2,1,Research Scientist,1,Divorced,2109,10007,3,Y,No,13,3,3,80,1,1,2,3,1,0,0,0,LinkedIn
53,Current employee,Travel_Rarely,1282,Research & Development,5,3,Life Sciences,1,20124,143579,4,Female,92,2,1,Research Scientist,1,Divorced,2109,10007,3,Y,No,13,3,3,80,1,1,2,3,1,0,0,0,LinkedIn
53,Current employee,Non-Travel,661,Research & Development,1,4,Medical,1,20267,143722,1,Female,60,2,4,Manufacturing Director,3,Married,12965,22308,4,Y,Yes,20,3,4,80,3,27,2,2,3,2,0,2,Indeed
53,Current employee,Non-Travel,661,Research & Development,1,4,Life Sciences,1,20269,143724,1,Female,60,2,4,Manufacturing Director,3,Married,12965,22308,1,Y,Yes,20,3,4,80,3,27,2,2,3,2,0,2,Indeed
53,Current employee,Non-Travel,661,Research & Development,1,4,Medical,1,20273,143728,1,Female,60,2,4,Manufacturing Director,3,Married,12965,22308,4,Y,Yes,20,4,4,80,3,27,2,2,3,2,0,2,Indeed
53,Current employee,Non-Travel,661,Research & Development,1,4,Life Sciences,1,20274,143729,1,Female,60,2,4,Manufacturing Director,3,Married,12965,22308,1,Y,Yes,20,4,4,80,3,27,2,2,3,2,0,2,Indeed
53,Current employee,Non-Travel,661,Research & Development,1,4,Medical,1,20275,143730,1,Female,60,2,4,Manufacturing Director,3,Married,12965,22308,4,Y,Yes,20,3,4,80,3,27,2,2,3,2,0,2,Indeed
53,Current employee,Non-Travel,661,Research & Development,1,4,Life Sciences,1,20277,143732,1,Female,60,2,4,Manufacturing Director,3,Married,12965,22308,1,Y,Yes,20,3,4,80,3,27,2,2,3,2,0,2,Indeed
53,Current employee,Non-Travel,661,Research & Development,1,4,Medical,1,20281,143736,1,Female,60,2,4,Manufacturing Director,3,Married,12965,22308,4,Y,Yes,20,4,4,80,3,27,2,2,3,2,0,2,Indeed
53,Current employee,Non-Travel,661,Research & Development,1,4,Life Sciences,1,20282,143737,1,Female,60,2,4,Manufacturing Director,3,Married,12965,22308,1,Y,Yes,20,4,4,80,3,27,2,2,3,2,0,2,Indeed
53,Current employee,Travel_Rarely,1376,Sales,2,2,Other,1,21742,145197,4,Female,96,4,4,Research Director,2,Single,16422,8847,3,Y,No,11,3,3,80,0,9,3,4,3,2,1,0,LinkedIn
53,Current employee,Travel_Rarely,1376,Sales,2,2,Other,1,21753,145208,4,Female,96,4,4,Research Director,2,Single,16422,8847,3,Y,No,11,3,3,80,0,9,3,4,3,2,1,0,LinkedIn
53,Current employee,Travel_Rarely,346,Research & Development,6,3,Technical Degree,1,22408,145863,3,Male,33,4,2,Laboratory Technician,4,Single,2450,10919,1,Y,No,17,3,4,80,0,19,4,3,2,2,2,2,Referral
53,Current employee,Travel_Rarely,346,Research & Development,6,3,Technical Degree,1,22417,145872,3,Male,33,4,2,Laboratory Technician,4,Single,2450,10919,1,Y,No,17,3,4,80,0,19,4,3,2,2,2,2,Referral
56,Voluntary Resignation,Travel_Rarely,441,Research & Development,14,4,Life Sciences,1,1437,124892,1,Male,41,3,3,Sales Executive,4,Married,10239,18092,3,Y,No,14,3,4,80,1,24,4,3,1,0,1,0,Seek
56,Voluntary Resignation,Travel_Rarely,441,Research & Development,14,4,Medical,1,1439,124894,1,Male,41,3,3,Sales Executive,4,Married,10239,18092,7,Y,No,14,3,4,80,1,24,4,3,1,0,1,0,Seek
56,Voluntary Resignation,Travel_Rarely,441,Research & Development,14,4,Life Sciences,1,1442,124897,1,Male,41,3,3,Sales Executive,4,Married,10239,18092,3,Y,No,14,3,4,80,1,24,4,3,1,0,1,0,Seek
56,Voluntary Resignation,Travel_Rarely,441,Research & Development,14,4,Medical,1,1443,124898,1,Male,41,3,3,Sales Executive,4,Married,10239,18092,7,Y,No,14,3,4,80,1,24,4,3,1,0,1,0,Seek
56,Voluntary Resignation,Travel_Rarely,441,Research & Development,14,4,Life Sciences,1,1444,124899,1,Male,41,3,3,Sales Executive,4,Married,10239,18092,3,Y,No,14,3,4,80,1,24,4,3,1,0,1,0,Seek
56,Voluntary Resignation,Travel_Rarely,441,Research & Development,14,4,Medical,1,1294,124901,1,Male,41,3,3,Sales Executive,4,Married,10239,18092,7,Y,No,14,3,4,80,1,24,4,3,1,0,1,0,Seek
56,Voluntary Resignation,Travel_Rarely,441,Research & Development,14,4,Life Sciences,1,1449,124904,1,Male,41,3,3,Sales Executive,4,Married,10239,18092,3,Y,No,14,3,4,80,1,24,4,3,1,0,1,0,Seek
56,Voluntary Resignation,Travel_Rarely,441,Research & Development,14,4,Medical,1,1450,124905,1,Male,41,3,3,Sales Executive,4,Married,10239,18092,7,Y,No,14,3,4,80,1,24,4,3,1,0,1,0,Seek
56,Voluntary Resignation,Travel_Rarely,441,Research & Development,14,4,Life Sciences,1,2048,125503,2,Female,72,3,1,Research Scientist,2,Married,4963,4510,9,Y,Yes,18,3,1,80,3,7,2,3,5,4,4,3,LinkedIn
56,Voluntary Resignation,Travel_Rarely,441,Research & Development,14,4,Medical,1,2051,125506,2,Female,72,3,1,Research Scientist,2,Married,4963,4510,3,Y,Yes,18,3,1,80,3,7,2,3,5,4,4,3,LinkedIn
56,Voluntary Resignation,Travel_Rarely,441,Research & Development,14,4,Life Sciences,1,2054,125509,2,Female,72,3,1,Research Scientist,2,Married,4963,4510,9,Y,Yes,18,3,1,80,3,7,2,3,5,4,4,3,LinkedIn
56,Voluntary Resignation,Travel_Rarely,441,Research & Development,14,4,Medical,1,2055,125510,2,Female,72,3,1,Research Scientist,3,Single,2479,26227,2,Y,No,24,4,1,80,0,7,2,3,5,4,4,3,LinkedIn
56,Voluntary Resignation,Travel_Rarely,441,Research & Development,14,4,Life Sciences,1,2056,125511,2,Female,72,3,1,Research Scientist,2,Married,4963,4510,9,Y,Yes,18,3,1,80,3,7,2,3,5,4,4,3,LinkedIn
56,Voluntary Resignation,Travel_Rarely,441,Research & Development,14,4,Medical,1,2059,125514,2,Female,72,3,1,Research Scientist,2,Married,4963,4510,3,Y,Yes,18,3,1,80,3,7,2,3,5,4,4,3,LinkedIn
56,Voluntary Resignation,Travel_Rarely,441,Research & Development,14,4,Life Sciences,1,2062,125517,2,Female,72,3,1,Research Scientist,2,Married,4963,4510,9,Y,Yes,18,3,1,80,3,7,2,3,5,4,4,3,LinkedIn
56,Voluntary Resignation,Travel_Rarely,441,Research & Development,14,4,Medical,1,2063,125518,2,Female,72,3,1,Research Scientist,3,Single,2479,26227,2,Y,No,24,4,1,80,0,7,2,3,5,4,4,3,LinkedIn
56,Voluntary Resignation,Travel_Rarely,1162,Research & Development,24,2,Life Sciences,1,9461,132916,3,Female,62,2,1,Laboratory Technician,1,Married,2319,6689,1,Y,Yes,11,3,4,80,1,1,1,3,1,0,0,0,Company Website
56,Voluntary Resignation,Travel_Rarely,1162,Research & Development,24,2,Technical Degree,1,9463,132918,3,Female,62,2,1,Laboratory Technician,1,Married,2319,6689,1,Y,Yes,11,4,4,80,1,1,1,3,1,0,0,0,Company Website
56,Voluntary Resignation,Travel_Rarely,1162,Research & Development,24,2,Life Sciences,1,9466,132921,3,Female,62,2,1,Laboratory Technician,1,Married,2319,6689,1,Y,Yes,11,3,4,80,1,1,1,3,1,0,0,0,Company Website
56,Voluntary Resignation,Travel_Rarely,1162,Research & Development,24,2,Technical Degree,1,9467,132922,3,Female,62,2,1,Laboratory Technician,1,Married,2319,6689,1,Y,Yes,11,3,4,80,1,1,1,3,1,0,0,0,Company Website
56,Voluntary Resignation,Travel_Rarely,1162,Research & Development,24,2,Life Sciences,1,9469,132924,3,Female,62,2,1,Laboratory Technician,1,Married,2319,6689,1,Y,Yes,11,3,4,80,1,1,1,3,1,0,0,0,Company Website
56,Voluntary Resignation,Travel_Rarely,1162,Research & Development,24,2,Technical Degree,1,9471,132926,3,Female,62,2,1,Laboratory Technician,1,Married,2319,6689,1,Y,Yes,11,4,4,80,1,1,1,3,1,0,0,0,Company Website
56,Voluntary Resignation,Travel_Rarely,1162,Research & Development,24,2,Life Sciences,1,9474,132929,3,Female,62,2,1,Laboratory Technician,1,Married,2319,6689,1,Y,Yes,11,3,4,80,1,1,1,3,1,0,0,0,Company Website
56,Voluntary Resignation,Travel_Rarely,1162,Research & Development,24,2,Technical Degree,1,9475,132930,3,Female,62,2,1,Laboratory Technician,1,Married,2319,6689,1,Y,Yes,11,3,4,80,1,1,1,3,1,0,0,0,Company Website
56,Voluntary Resignation,Travel_Rarely,1162,Research & Development,24,2,Life Sciences,1,21640,145095,1,Male,31,3,1,Laboratory Technician,4,Single,2587,10261,1,Y,No,16,3,4,80,0,5,3,3,4,2,1,0,Seek
56,Voluntary Resignation,Travel_Rarely,1162,Research & Development,24,2,Technical Degree,1,21643,145098,1,Male,31,3,1,Laboratory Technician,4,Single,2587,10261,1,Y,No,16,3,4,80,0,5,3,3,4,2,1,0,Seek
56,Voluntary Resignation,Travel_Rarely,1162,Research & Development,24,2,Life Sciences,1,21646,145101,1,Male,31,3,1,Laboratory Technician,4,Single,2587,10261,1,Y,No,16,3,4,80,0,5,3,3,4,2,1,0,Seek
56,Voluntary Resignation,Travel_Rarely,1162,Research & Development,24,2,Technical Degree,1,21647,145102,1,Male,31,3,1,Laboratory Technician,4,Single,2587,10261,1,Y,No,16,3,4,80,0,5,3,3,4,2,1,0,Seek
56,Voluntary Resignation,Travel_Rarely,1162,Research & Development,24,2,Life Sciences,1,21648,145103,1,Male,31,3,1,Laboratory Technician,4,Single,2587,10261,1,Y,No,16,3,4,80,0,5,3,3,4,2,1,0,Seek
56,Voluntary Resignation,Travel_Rarely,1162,Research & Development,24,2,Technical Degree,1,21651,145106,1,Male,31,3,1,Laboratory Technician,4,Single,2587,10261,1,Y,No,16,3,4,80,0,5,3,3,4,2,1,0,Seek
56,Voluntary Resignation,Travel_Rarely,1162,Research & Development,24,2,Life Sciences,1,21654,145109,1,Male,31,3,1,Laboratory Technician,4,Single,2587,10261,1,Y,No,16,3,4,80,0,5,3,3,4,2,1,0,Seek
56,Voluntary Resignation,Travel_Rarely,1162,Research & Development,24,2,Technical Degree,1,21655,145110,1,Male,31,3,1,Laboratory Technician,4,Single,2587,10261,1,Y,No,16,3,4,80,0,5,3,3,4,2,1,0,Seek
56,Voluntary Resignation,Travel_Rarely,310,Research & Development,7,2,Technical Degree,1,23090,146545,4,Male,36,3,1,Laboratory Technician,3,Married,2339,3666,8,Y,No,11,3,4,80,1,14,4,1,10,9,9,8,Indeed
56,Voluntary Resignation,Travel_Rarely,310,Research & Development,7,2,Marketing,1,23092,146547,4,Male,36,3,1,Laboratory Technician,3,Married,2339,3666,1,Y,No,11,3,4,80,1,14,4,1,10,9,9,8,Indeed
56,Voluntary Resignation,Travel_Rarely,310,Research & Development,7,2,Technical Degree,1,23096,146551,4,Male,36,3,1,Laboratory Technician,3,Married,2339,3666,8,Y,No,11,3,4,80,1,14,4,1,10,9,9,8,Indeed
56,Voluntary Resignation,Travel_Rarely,310,Research & Development,7,2,Marketing,1,23097,146552,4,Male,36,3,1,Laboratory Technician,3,Married,2339,3666,1,Y,No,11,3,4,80,1,14,4,1,10,9,9,8,Indeed
56,Voluntary Resignation,Travel_Rarely,310,Research & Development,7,2,Technical Degree,1,23098,146553,4,Male,36,3,1,Laboratory Technician,3,Married,2339,3666,8,Y,No,11,3,4,80,1,14,4,1,10,9,9,8,Indeed
56,Voluntary Resignation,Travel_Rarely,310,Research & Development,7,2,Marketing,1,23100,146555,4,Male,36,3,1,Laboratory Technician,3,Married,2339,3666,1,Y,No,11,3,4,80,1,14,4,1,10,9,9,8,Indeed
56,Voluntary Resignation,Travel_Rarely,310,Research & Development,7,2,Technical Degree,1,23104,146559,4,Male,36,3,1,Laboratory Technician,3,Married,2339,3666,8,Y,No,11,3,4,80,1,14,4,1,10,9,9,8,Indeed
56,Voluntary Resignation,Travel_Rarely,310,Research & Development,7,2,Marketing,1,23105,146560,4,Male,36,3,1,Laboratory Technician,3,Married,2339,3666,1,Y,No,11,3,4,80,1,14,4,1,10,9,9,8,Indeed
56,Voluntary Resignation,Travel_Rarely,310,Research & Development,7,2,Technical Degree,1,23477,146932,4,Male,100,2,2,Sales Executive,2,Married,5390,13243,2,Y,No,14,3,4,80,0,17,3,2,9,6,0,8,Jora
56,Voluntary Resignation,Travel_Rarely,310,Research & Development,7,2,Marketing,1,23479,146934,4,Male,100,2,2,Sales Executive,2,Married,5390,13243,6,Y,No,14,3,4,80,0,17,3,2,9,6,0,8,Jora
56,Voluntary Resignation,Travel_Rarely,310,Research & Development,7,2,Technical Degree,1,23482,146937,4,Male,100,2,2,Sales Executive,2,Married,5390,13243,2,Y,No,14,3,4,80,0,17,3,2,9,6,0,8,Jora
56,Voluntary Resignation,Travel_Rarely,310,Research & Development,7,2,Marketing,1,23483,146938,4,Male,100,2,2,Sales Executive,2,Married,5390,13243,6,Y,No,14,3,4,80,0,17,3,2,9,6,0,8,Jora
56,Voluntary Resignation,Travel_Rarely,310,Research & Development,7,2,Technical Degree,1,23485,146940,4,Male,100,2,2,Sales Executive,2,Married,5390,13243,2,Y,No,14,3,4,80,0,17,3,2,9,6,0,8,Jora
56,Voluntary Resignation,Travel_Rarely,310,Research & Development,7,2,Marketing,1,23487,146942,4,Male,100,2,2,Sales Executive,2,Married,5390,13243,6,Y,No,14,3,4,80,0,17,3,2,9,6,0,8,Jora
56,Voluntary Resignation,Travel_Rarely,310,Research & Development,7,2,Technical Degree,1,23490,146945,4,Male,100,2,2,Sales Executive,2,Married,5390,13243,2,Y,No,14,3,4,80,0,17,3,2,9,6,0,8,Jora
56,Voluntary Resignation,Travel_Rarely,310,Research & Development,7,2,Marketing,1,23491,146946,4,Male,100,2,2,Sales Executive,2,Married,5390,13243,6,Y,No,14,3,4,80,0,17,3,2,9,6,0,8,Jora
56,Current employee,Travel_Rarely,1400,Research & Development,7,3,Life Sciences,1,1212,124667,1,Male,41,3,3,Research Scientist,1,Divorced,9724,18787,2,Y,No,17,4,3,80,1,25,2,3,1,0,0,0,Company Website
56,Current employee,Travel_Rarely,1400,Research & Development,7,3,Marketing,1,1214,124669,1,Male,41,3,3,Research Scientist,1,Divorced,9724,18787,3,Y,No,17,3,3,80,1,25,2,3,1,0,0,0,Company Website
56,Current employee,Travel_Rarely,1400,Research & Development,7,3,Life Sciences,1,1217,124672,1,Male,41,3,3,Research Scientist,1,Divorced,9724,18787,2,Y,No,17,3,3,80,1,25,2,3,1,0,0,0,Company Website
56,Current employee,Travel_Rarely,1400,Research & Development,7,3,Marketing,1,1218,124673,1,Male,41,3,3,Manufacturing Director,1,Married,10008,12023,1,Y,Yes,14,3,4,80,0,31,2,3,1,0,0,0,Company Website
56,Current employee,Travel_Rarely,1400,Research & Development,7,3,Life Sciences,1,1219,124674,1,Male,41,3,3,Research Scientist,1,Divorced,9724,18787,2,Y,No,17,4,3,80,1,25,2,3,1,0,0,0,Company Website
56,Current employee,Travel_Rarely,1400,Research & Development,7,3,Marketing,1,1221,124676,1,Male,41,3,3,Research Scientist,1,Divorced,9724,18787,3,Y,No,17,3,3,80,1,25,2,3,1,0,0,0,Company Website
56,Current employee,Travel_Rarely,1400,Research & Development,7,3,Life Sciences,1,1224,124679,1,Male,41,3,3,Research Scientist,1,Divorced,9724,18787,2,Y,No,17,3,3,80,1,25,2,3,1,0,0,0,Company Website
56,Current employee,Travel_Rarely,1400,Research & Development,7,3,Marketing,1,1225,124680,1,Male,41,3,3,Manufacturing Director,1,Married,10008,12023,1,Y,Yes,14,3,4,80,0,31,2,3,1,0,0,0,Company Website
56,Current employee,Travel_Rarely,1400,Research & Development,7,3,Life Sciences,1,1480,124935,4,Male,49,1,3,Manufacturing Director,4,Single,7260,21698,4,Y,No,11,3,1,80,0,37,3,2,6,4,0,2,Company Website
56,Current employee,Travel_Rarely,1400,Research & Development,7,3,Marketing,1,1482,124937,4,Male,49,1,3,Manufacturing Director,4,Single,7260,21698,1,Y,No,11,3,1,80,0,37,3,2,6,4,0,2,Company Website
56,Current employee,Travel_Rarely,1400,Research & Development,7,3,Life Sciences,1,1486,124941,4,Male,49,1,3,Manufacturing Director,4,Single,7260,21698,4,Y,No,11,3,1,80,0,37,3,2,6,4,0,2,Company Website
56,Current employee,Travel_Rarely,1400,Research & Development,7,3,Marketing,1,1487,124942,4,Male,49,1,3,Manufacturing Director,4,Single,7260,21698,1,Y,No,11,3,1,80,0,37,3,2,6,4,0,2,Company Website
56,Current employee,Travel_Rarely,1400,Research & Development,7,3,Marketing,1,1489,124944,4,Male,49,1,3,Manufacturing Director,4,Single,7260,21698,1,Y,No,11,3,1,80,0,37,3,2,6,4,0,2,Company Website
56,Current employee,Travel_Rarely,1400,Research & Development,7,3,Life Sciences,1,1493,124948,4,Male,49,1,3,Manufacturing Director,4,Single,7260,21698,4,Y,No,11,3,1,80,0,37,3,2,6,4,0,2,Company Website
56,Current employee,Travel_Rarely,1400,Research & Development,7,3,Marketing,1,1494,124949,4,Male,49,1,3,Manufacturing Director,4,Single,7260,21698,1,Y,No,11,3,1,80,0,37,3,2,6,4,0,2,Company Website
56,Current employee,Travel_Rarely,713,Research & Development,8,3,Life Sciences,1,1738,125193,1,Female,42,2,1,Laboratory Technician,4,Single,2926,19783,1,Y,Yes,18,4,2,80,0,1,5,3,1,0,1,0,Adzuna
56,Current employee,Travel_Rarely,713,Research & Development,8,3,Medical,1,1740,125195,1,Female,42,2,1,Laboratory Technician,4,Single,2926,19783,1,Y,Yes,18,3,2,80,0,1,5,3,1,0,1,0,Adzuna
56,Current employee,Travel_Rarely,713,Research & Development,8,3,Life Sciences,1,1743,125198,1,Female,42,2,1,Laboratory Technician,4,Single,2926,19783,1,Y,Yes,18,3,2,80,0,1,5,3,1,0,1,0,Adzuna
56,Current employee,Travel_Rarely,713,Research & Development,8,3,Medical,1,1744,125199,1,Female,42,2,1,Laboratory Technician,4,Single,2926,19783,1,Y,Yes,18,3,2,80,0,1,5,3,1,0,1,0,Adzuna
56,Current employee,Travel_Rarely,713,Research & Development,8,3,Life Sciences,1,1745,125200,1,Female,42,2,1,Laboratory Technician,4,Single,2926,19783,1,Y,Yes,18,4,2,80,0,1,5,3,1,0,1,0,Adzuna
56,Current employee,Travel_Rarely,713,Research & Development,8,3,Medical,1,1747,125202,1,Female,42,2,1,Laboratory Technician,4,Single,2926,19783,1,Y,Yes,18,3,2,80,0,1,5,3,1,0,1,0,Adzuna
56,Current employee,Travel_Rarely,713,Research & Development,8,3,Life Sciences,1,1750,125205,1,Female,42,2,1,Laboratory Technician,4,Single,2926,19783,1,Y,Yes,18,3,2,80,0,1,5,3,1,0,1,0,Adzuna
56,Current employee,Travel_Rarely,713,Research & Development,8,3,Medical,1,1751,125206,1,Female,42,2,1,Laboratory Technician,4,Single,2926,19783,1,Y,Yes,18,3,2,80,0,1,5,3,1,0,1,0,Adzuna
56,Current employee,Travel_Rarely,713,Research & Development,8,3,Life Sciences,1,2880,126335,3,Female,67,3,1,Research Scientist,1,Divorced,4257,13939,4,Y,Yes,18,3,3,80,1,19,3,3,2,2,2,2,Seek
56,Current employee,Travel_Rarely,713,Research & Development,8,3,Marketing,1,2882,126337,3,Female,67,3,1,Research Scientist,1,Divorced,4257,13939,3,Y,Yes,18,3,3,80,1,19,3,3,2,2,2,2,Seek
56,Current employee,Travel_Rarely,713,Research & Development,8,3,Life Sciences,1,2886,126341,3,Female,67,3,1,Research Scientist,1,Divorced,4257,13939,4,Y,Yes,18,3,3,80,1,19,3,3,2,2,2,2,Seek
56,Current employee,Travel_Rarely,713,Research & Development,8,3,Marketing,1,2887,126342,3,Female,67,3,1,Research Director,1,Married,19701,22456,1,Y,Yes,21,4,3,80,1,32,3,3,2,2,2,2,Seek
56,Current employee,Travel_Rarely,713,Research & Development,8,3,Life Sciences,1,2888,126343,3,Female,67,3,1,Research Scientist,1,Divorced,4257,13939,4,Y,Yes,18,3,3,80,1,19,3,3,2,2,2,2,Seek
56,Current employee,Travel_Rarely,713,Research & Development,8,3,Marketing,1,2890,126345,3,Female,67,3,1,Research Scientist,1,Divorced,4257,13939,3,Y,Yes,18,3,3,80,1,19,3,3,2,2,2,2,Seek
56,Current employee,Travel_Rarely,713,Research & Development,8,3,Life Sciences,1,2894,126349,3,Female,67,3,1,Research Scientist,1,Divorced,4257,13939,4,Y,Yes,18,3,3,80,1,19,3,3,2,2,2,2,Seek
56,Current employee,Travel_Rarely,713,Research & Development,8,3,Marketing,1,2895,126350,3,Female,67,3,1,Research Director,1,Married,19701,22456,1,Y,Yes,21,4,3,80,1,32,3,3,2,2,2,2,Seek
56,Current employee,Travel_Frequently,906,Sales,6,3,Life Sciences,1,3109,126564,1,Female,45,3,4,Healthcare Representative,2,Single,13734,7192,3,Y,No,18,3,3,80,0,21,6,3,7,7,1,0,Indeed
56,Current employee,Travel_Frequently,906,Sales,6,3,Marketing,1,3111,126566,1,Female,45,3,4,Healthcare Representative,2,Single,13734,7192,0,Y,No,18,4,3,80,0,21,6,3,7,7,1,0,Indeed
56,Current employee,Travel_Frequently,906,Sales,6,3,Life Sciences,1,3114,126569,1,Female,45,3,4,Healthcare Representative,2,Single,13734,7192,3,Y,No,18,3,3,80,0,21,6,3,7,7,1,0,Indeed
56,Current employee,Travel_Frequently,906,Sales,6,3,Marketing,1,3115,126570,1,Female,45,3,4,Healthcare Representative,2,Single,13734,7192,0,Y,No,18,3,3,80,0,21,6,3,7,7,1,0,Indeed
56,Current employee,Travel_Frequently,906,Sales,6,3,Life Sciences,1,3117,126572,1,Female,45,3,4,Healthcare Representative,2,Single,13734,7192,3,Y,No,18,3,3,80,0,21,6,3,7,7,1,0,Indeed
56,Current employee,Travel_Frequently,906,Sales,6,3,Marketing,1,3119,126574,1,Female,45,3,4,Healthcare Representative,2,Single,13734,7192,0,Y,No,18,4,3,80,0,21,6,3,7,7,1,0,Indeed
56,Current employee,Travel_Frequently,906,Sales,6,3,Life Sciences,1,3122,126577,1,Female,45,3,4,Healthcare Representative,2,Single,13734,7192,3,Y,No,18,3,3,80,0,21,6,3,7,7,1,0,Indeed
56,Current employee,Travel_Frequently,906,Sales,6,3,Marketing,1,3123,126578,1,Female,45,3,4,Healthcare Representative,2,Single,13734,7192,0,Y,No,18,3,3,80,0,21,6,3,7,7,1,0,Indeed
56,Current employee,Travel_Frequently,906,Sales,6,3,Marketing,1,6485,129940,3,Female,86,4,4,Sales Executive,1,Married,13212,18256,5,Y,No,11,3,4,80,3,36,0,2,7,7,7,7,Adzuna
56,Current employee,Travel_Frequently,906,Sales,6,3,Life Sciences,1,6488,129943,3,Female,86,4,4,Sales Executive,1,Married,13212,18256,9,Y,No,11,3,4,80,3,36,0,2,7,7,7,7,Adzuna
56,Current employee,Travel_Frequently,906,Sales,6,3,Marketing,1,6489,129944,3,Female,86,4,4,Research Scientist,2,Divorced,3291,17940,3,Y,No,14,3,4,80,2,8,0,2,7,7,7,7,Adzuna
56,Current employee,Travel_Frequently,906,Sales,6,3,Life Sciences,1,6490,129945,3,Female,86,4,4,Sales Executive,1,Married,13212,18256,9,Y,No,11,3,4,80,3,36,0,2,7,7,7,7,Adzuna
56,Current employee,Travel_Frequently,906,Sales,6,3,Marketing,1,6493,129948,3,Female,86,4,4,Sales Executive,1,Married,13212,18256,5,Y,No,11,3,4,80,3,36,0,2,7,7,7,7,Adzuna
56,Current employee,Travel_Frequently,906,Sales,6,3,Life Sciences,1,6496,129951,3,Female,86,4,4,Sales Executive,1,Married,13212,18256,9,Y,No,11,3,4,80,3,36,0,2,7,7,7,7,Adzuna
56,Current employee,Travel_Frequently,906,Sales,6,3,Marketing,1,6497,129952,3,Female,86,4,4,Research Scientist,2,Divorced,3291,17940,3,Y,No,14,3,4,80,2,8,0,2,7,7,7,7,Adzuna
56,Current employee,Travel_Rarely,206,Human Resources,8,4,Life Sciences,1,6807,130262,2,Male,56,2,1,Human Resources,4,Single,2564,18437,1,Y,No,12,3,3,80,0,1,3,4,1,0,0,0,Company Website
56,Current employee,Travel_Rarely,206,Human Resources,8,4,Medical,1,6809,130264,2,Male,56,2,1,Human Resources,4,Single,2564,18437,0,Y,No,12,3,3,80,0,1,3,4,1,0,0,0,Company Website
56,Current employee,Travel_Rarely,206,Human Resources,8,4,Life Sciences,1,6812,130267,2,Male,56,2,1,Human Resources,4,Single,2564,18437,1,Y,No,12,3,3,80,0,1,3,4,1,0,0,0,Company Website
56,Current employee,Travel_Rarely,206,Human Resources,8,4,Medical,1,6813,130268,2,Male,56,2,1,Human Resources,4,Single,2564,18437,0,Y,No,12,3,3,80,0,1,3,4,1,0,0,0,Company Website
56,Current employee,Travel_Rarely,206,Human Resources,8,4,Life Sciences,1,6814,130269,2,Male,56,2,1,Human Resources,4,Single,2564,18437,1,Y,No,12,3,3,80,0,1,3,4,1,0,0,0,Company Website
56,Current employee,Travel_Rarely,206,Human Resources,8,4,Medical,1,6816,130271,2,Male,56,2,1,Human Resources,4,Single,2564,18437,0,Y,No,12,3,3,80,0,1,3,4,1,0,0,0,Company Website
56,Current employee,Travel_Rarely,206,Human Resources,8,4,Life Sciences,1,6819,130274,2,Male,56,2,1,Human Resources,4,Single,2564,18437,1,Y,No,12,3,3,80,0,1,3,4,1,0,0,0,Company Website
56,Current employee,Travel_Rarely,206,Human Resources,8,4,Medical,1,6820,130275,2,Male,56,2,1,Human Resources,4,Single,2564,18437,0,Y,No,12,3,3,80,0,1,3,4,1,0,0,0,Company Website
56,Current employee,Travel_Rarely,1369,Research & Development,23,3,Life Sciences,1,6970,130425,2,Female,56,2,3,Sales Executive,4,Married,9071,11563,2,Y,Yes,19,3,3,80,1,15,3,3,3,2,1,2,Company Website
56,Current employee,Travel_Rarely,1369,Research & Development,23,3,Other,1,6972,130427,2,Female,56,2,3,Sales Executive,4,Married,9071,11563,7,Y,Yes,19,3,3,80,1,15,3,3,3,2,1,2,Company Website
56,Current employee,Travel_Rarely,1369,Research & Development,23,3,Life Sciences,1,6975,130430,2,Female,56,2,3,Sales Executive,4,Married,9071,11563,2,Y,Yes,19,3,3,80,1,15,3,3,3,2,1,2,Company Website
56,Current employee,Travel_Rarely,1369,Research & Development,23,3,Other,1,6976,130431,2,Female,56,2,3,Sales Executive,4,Married,9071,11563,7,Y,Yes,19,3,3,80,1,15,3,3,3,2,1,2,Company Website
56,Current employee,Travel_Rarely,1369,Research & Development,23,3,Life Sciences,1,6977,130432,2,Female,56,2,3,Sales Executive,4,Married,9071,11563,2,Y,Yes,19,3,3,80,1,15,3,3,3,2,1,2,Company Website
56,Current employee,Travel_Rarely,1369,Research & Development,23,3,Other,1,6979,130434,2,Female,56,2,3,Sales Executive,4,Married,9071,11563,7,Y,Yes,19,3,3,80,1,15,3,3,3,2,1,2,Company Website
56,Current employee,Travel_Rarely,1369,Research & Development,23,3,Life Sciences,1,6982,130437,2,Female,56,2,3,Sales Executive,4,Married,9071,11563,2,Y,Yes,19,3,3,80,1,15,3,3,3,2,1,2,Company Website
56,Current employee,Travel_Rarely,1369,Research & Development,23,3,Other,1,6983,130438,2,Female,56,2,3,Sales Executive,4,Married,9071,11563,7,Y,Yes,19,3,3,80,1,15,3,3,3,2,1,2,Company Website
56,Current employee,Travel_Rarely,1255,Research & Development,1,2,Life Sciences,1,7270,130725,2,Male,57,3,2,Sales Executive,2,Married,4805,16177,0,,No,19,3,2,80,1,9,3,4,8,7,3,7,Seek
56,Current employee,Travel_Rarely,1255,Research & Development,1,2,Life Sciences,1,7271,130726,2,Male,57,3,2,Sales Executive,2,Married,4805,16177,4,Y,No,19,4,2,80,1,9,3,4,8,7,3,7,Seek
56,Current employee,Travel_Rarely,1255,Research & Development,1,2,Life Sciences,1,7275,130730,2,Male,57,3,2,Sales Executive,2,Married,4805,16177,0,Y,No,19,3,2,80,1,9,3,4,8,7,3,7,Seek
56,Current employee,Travel_Rarely,1255,Research & Development,1,2,Life Sciences,1,7276,130731,2,Male,57,3,2,Research Scientist,3,Married,2897,22474,2,Y,No,11,3,3,80,2,9,3,4,8,7,3,7,Seek
56,Current employee,Travel_Rarely,1255,Research & Development,1,2,Life Sciences,1,7278,130733,2,Male,57,3,2,Sales Executive,2,Married,4805,16177,0,Y,No,19,3,2,80,1,9,3,4,8,7,3,7,Seek
56,Current employee,Travel_Rarely,1255,Research & Development,1,2,Life Sciences,1,7279,130734,2,Male,57,3,2,Sales Executive,2,Married,4805,16177,4,Y,No,19,4,2,80,1,9,3,4,8,7,3,7,Seek
56,Current employee,Travel_Rarely,1255,Research & Development,1,2,Life Sciences,1,7282,130737,2,Male,57,3,2,Sales Executive,2,Married,4805,16177,0,Y,No,19,3,2,80,1,9,3,4,8,7,3,7,Seek
56,Current employee,Travel_Rarely,1255,Research & Development,1,2,Life Sciences,1,7283,130738,2,Male,57,3,2,Research Scientist,3,Married,2897,22474,2,Y,No,11,3,3,80,2,9,3,4,8,7,3,7,Seek
56,Current employee,Travel_Rarely,832,Research & Development,9,3,Medical,1,8870,132325,3,Male,81,3,4,Healthcare Representative,4,Married,11103,20420,7,Y,No,11,3,3,80,0,30,1,2,10,7,1,1,Adzuna
56,Current employee,Travel_Rarely,832,Research & Development,9,3,Medical,1,8872,132327,3,Male,81,3,4,Healthcare Representative,4,Married,11103,20420,0,Y,No,11,4,3,80,0,30,1,2,10,7,1,1,Adzuna
56,Current employee,Travel_Rarely,832,Research & Development,9,3,Medical,1,8876,132331,3,Male,81,3,4,Healthcare Representative,4,Married,11103,20420,7,Y,No,11,3,3,80,0,30,1,2,10,7,1,1,Adzuna
56,Current employee,Travel_Rarely,832,Research & Development,9,3,Medical,1,8877,132332,3,Male,81,3,4,Healthcare Representative,4,Married,11103,20420,0,Y,No,11,3,3,80,0,30,1,2,10,7,1,1,Adzuna
56,Current employee,Travel_Rarely,832,Research & Development,9,3,Medical,1,8878,132333,3,Male,81,3,4,Healthcare Representative,4,Married,11103,20420,7,Y,No,11,3,3,80,0,30,1,2,10,7,1,1,Adzuna
56,Current employee,Travel_Rarely,832,Research & Development,9,3,Medical,1,8880,132335,3,Male,81,3,4,Healthcare Representative,4,Married,11103,20420,0,Y,No,11,4,3,80,0,30,1,2,10,7,1,1,Adzuna
56,Current employee,Travel_Rarely,832,Research & Development,9,3,Medical,1,8884,132339,3,Male,81,3,4,Healthcare Representative,4,Married,11103,20420,7,Y,No,11,3,3,80,0,30,1,2,10,7,1,1,Adzuna
56,Current employee,Travel_Rarely,832,Research & Development,9,3,Medical,1,8885,132340,3,Male,81,3,4,Healthcare Representative,4,Married,11103,20420,0,Y,No,11,3,3,80,0,30,1,2,10,7,1,1,Adzuna
56,Current employee,Non-Travel,667,Research & Development,1,4,Life Sciences,1,9971,133426,3,Male,64,3,2,Sales Executive,4,Married,6201,2823,1,Y,Yes,14,3,4,80,1,18,1,2,18,14,4,11,Adzuna
56,Current employee,Non-Travel,667,Research & Development,1,4,Life Sciences,1,9973,133428,3,Male,64,3,2,Sales Executive,4,Married,6201,2823,4,Y,Yes,14,3,4,80,1,18,1,2,18,14,4,11,Adzuna
56,Current employee,Non-Travel,667,Research & Development,1,4,Life Sciences,1,9976,133431,3,Male,64,3,2,Sales Executive,4,Married,6201,2823,1,Y,Yes,14,3,4,80,1,18,1,2,18,14,4,11,Adzuna
56,Current employee,Non-Travel,667,Research & Development,1,4,Life Sciences,1,9977,133432,3,Male,64,3,2,Research Scientist,2,Married,3346,11873,3,Y,Yes,20,4,2,80,1,9,1,2,18,14,4,11,Adzuna
56,Current employee,Non-Travel,667,Research & Development,1,4,Life Sciences,1,9979,133434,3,Male,64,3,2,Sales Executive,4,Married,6201,2823,1,Y,Yes,14,3,4,80,1,18,1,2,18,14,4,11,Adzuna
56,Current employee,Non-Travel,667,Research & Development,1,4,Life Sciences,1,9981,133436,3,Male,64,3,2,Sales Executive,4,Married,6201,2823,4,Y,Yes,14,3,4,80,1,18,1,2,18,14,4,11,Adzuna
56,Current employee,Non-Travel,667,Research & Development,1,4,Life Sciences,1,9984,133439,3,Male,64,3,2,Sales Executive,4,Married,6201,2823,1,Y,Yes,14,3,4,80,1,18,1,2,18,14,4,11,Adzuna
56,Current employee,Non-Travel,667,Research & Development,1,4,Life Sciences,1,9985,133440,3,Male,64,3,2,Research Scientist,2,Married,3346,11873,3,Y,Yes,20,4,2,80,1,9,1,2,18,14,4,11,Adzuna
56,Current employee,Travel_Frequently,1240,Research & Development,9,3,Medical,1,12380,135835,1,Female,63,3,1,Research Scientist,3,Married,2942,12154,2,Y,No,19,3,2,80,1,18,4,3,5,4,0,3,LinkedIn
56,Current employee,Travel_Frequently,1240,Research & Development,9,3,Medical,1,12382,135837,1,Female,63,3,1,Research Scientist,3,Married,2942,12154,3,Y,No,19,3,2,80,1,18,4,3,5,4,0,3,LinkedIn
56,Current employee,Travel_Frequently,1240,Research & Development,9,3,Medical,1,12386,135841,1,Female,63,3,1,Research Scientist,3,Married,2942,12154,2,Y,No,19,3,2,80,1,18,4,3,5,4,0,3,LinkedIn
56,Current employee,Travel_Frequently,1240,Research & Development,9,3,Medical,1,12387,135842,1,Female,63,3,1,Research Director,2,Single,19246,25761,1,Y,Yes,12,3,4,80,0,40,4,3,5,4,0,3,LinkedIn
56,Current employee,Travel_Frequently,1240,Research & Development,9,3,Medical,1,12388,135843,1,Female,63,3,1,Research Scientist,3,Married,2942,12154,2,Y,No,19,3,2,80,1,18,4,3,5,4,0,3,LinkedIn
56,Current employee,Travel_Frequently,1240,Research & Development,9,3,Medical,1,12390,135845,1,Female,63,3,1,Research Scientist,3,Married,2942,12154,3,Y,No,19,3,2,80,1,18,4,3,5,4,0,3,LinkedIn
56,Current employee,Travel_Frequently,1240,Research & Development,9,3,Medical,1,12394,135849,1,Female,63,3,1,Research Scientist,3,Married,2942,12154,2,Y,No,19,3,2,80,1,18,4,3,5,4,0,3,LinkedIn
56,Current employee,Travel_Frequently,1240,Research & Development,9,3,Medical,1,12395,135850,1,Female,63,3,1,Research Director,2,Single,19246,25761,1,Y,Yes,12,3,4,80,0,40,4,3,5,4,0,3,LinkedIn
56,Current employee,Travel_Rarely,1443,Sales,11,5,Marketing,1,12483,135938,3,Female,72,2,2,Research Scientist,1,Divorced,4615,21029,8,Y,Yes,23,3,1,80,3,19,2,3,16,13,1,7,Adzuna
56,Current employee,Travel_Rarely,1443,Sales,11,5,Medical,1,12485,135940,3,Female,72,2,2,Research Scientist,1,Divorced,4615,21029,3,Y,Yes,23,3,1,80,3,19,2,3,16,13,1,7,Adzuna
56,Current employee,Travel_Rarely,1443,Sales,11,5,Marketing,1,12488,135943,3,Female,72,2,2,Research Scientist,1,Divorced,4615,21029,8,Y,Yes,23,4,1,80,3,19,2,3,16,13,1,7,Adzuna
56,Current employee,Travel_Rarely,1443,Sales,11,5,Medical,1,12489,135944,3,Female,72,2,2,Research Director,3,Married,15787,21624,2,Y,Yes,14,3,2,80,0,23,2,3,16,13,1,7,Adzuna
56,Current employee,Travel_Rarely,1443,Sales,11,5,Marketing,1,12491,135946,3,Female,72,2,2,Research Scientist,1,Divorced,4615,21029,8,Y,Yes,23,3,1,80,3,19,2,3,16,13,1,7,Adzuna
56,Current employee,Travel_Rarely,1443,Sales,11,5,Medical,1,12493,135948,3,Female,72,2,2,Research Scientist,1,Divorced,4615,21029,3,Y,Yes,23,3,1,80,3,19,2,3,16,13,1,7,Adzuna
56,Current employee,Travel_Rarely,1443,Sales,11,5,Marketing,1,12496,135951,3,Female,72,2,2,Research Scientist,1,Divorced,4615,21029,8,Y,Yes,23,4,1,80,3,19,2,3,16,13,1,7,Adzuna
56,Current employee,Travel_Rarely,1443,Sales,11,5,Medical,1,12497,135952,3,Female,72,2,2,Research Director,3,Married,15787,21624,2,Y,Yes,14,3,2,80,0,23,2,3,16,13,1,7,Adzuna
56,Current employee,Travel_Rarely,718,Research & Development,4,4,Technical Degree,1,13641,137096,4,Female,92,3,5,Manager,1,Divorced,19943,18575,4,Y,No,13,4,4,80,1,28,2,3,5,2,4,2,Company Website
56,Current employee,Travel_Rarely,718,Research & Development,4,4,Life Sciences,1,13643,137098,4,Female,92,3,5,Manager,1,Divorced,19943,18575,1,Y,No,13,3,4,80,1,28,2,3,5,2,4,2,Company Website
56,Current employee,Travel_Rarely,718,Research & Development,4,4,Technical Degree,1,13647,137102,4,Female,92,3,5,Manager,1,Divorced,19943,18575,4,Y,No,13,3,4,80,1,28,2,3,5,2,4,2,Company Website
56,Current employee,Travel_Rarely,718,Research & Development,4,4,Life Sciences,1,13648,137103,4,Female,92,3,5,Manager,1,Divorced,19943,18575,1,Y,No,13,3,4,80,1,28,2,3,5,2,4,2,Company Website
56,Current employee,Travel_Rarely,718,Research & Development,4,4,Technical Degree,1,13649,137104,4,Female,92,3,5,Manager,1,Divorced,19943,18575,4,Y,No,13,4,4,80,1,28,2,3,5,2,4,2,Company Website
56,Current employee,Travel_Rarely,718,Research & Development,4,4,Life Sciences,1,13651,137106,4,Female,92,3,5,Manager,1,Divorced,19943,18575,1,Y,No,13,3,4,80,1,28,2,3,5,2,4,2,Company Website
56,Current employee,Travel_Rarely,718,Research & Development,4,4,Technical Degree,1,13655,137110,4,Female,92,3,5,Manager,1,Divorced,19943,18575,4,Y,No,13,3,4,80,1,28,2,3,5,2,4,2,Company Website
56,Current employee,Travel_Rarely,718,Research & Development,4,4,Life Sciences,1,13656,137111,4,Female,92,3,5,Manager,1,Divorced,19943,18575,1,Y,No,13,3,4,80,1,28,2,3,5,2,4,2,Company Website
56,Current employee,Travel_Rarely,206,Human Resources,8,4,Life Sciences,1,15319,138774,4,Male,99,3,5,Manager,2,Single,19717,4022,6,Y,No,14,3,1,80,0,36,4,3,7,3,7,7,Indeed
56,Current employee,Travel_Rarely,206,Human Resources,8,4,Medical,1,15321,138776,4,Male,99,3,5,Manager,2,Single,19717,4022,1,Y,No,14,4,1,80,0,36,4,3,7,3,7,7,Indeed
56,Current employee,Travel_Rarely,206,Human Resources,8,4,Life Sciences,1,15324,138779,4,Male,99,3,5,Manager,2,Single,19717,4022,6,Y,No,14,3,1,80,0,36,4,3,7,3,7,7,Indeed
56,Current employee,Travel_Rarely,206,Human Resources,8,4,Medical,1,15325,138780,4,Male,99,3,5,Manager,2,Single,19717,4022,1,Y,No,14,3,1,80,0,36,4,3,7,3,7,7,Indeed
56,Current employee,Travel_Rarely,206,Human Resources,8,4,Life Sciences,1,15326,138781,4,Male,99,3,5,Manager,2,Single,19717,4022,6,Y,No,14,3,1,80,0,36,4,3,7,3,7,7,Indeed
56,Current employee,Travel_Rarely,206,Human Resources,8,4,Medical,1,15328,138783,4,Male,99,3,5,Manager,2,Single,19717,4022,1,Y,No,14,4,1,80,0,36,4,3,7,3,7,7,Indeed
56,Current employee,Travel_Rarely,206,Human Resources,8,4,Life Sciences,1,15331,138786,4,Male,99,3,5,Manager,2,Single,19717,4022,6,Y,No,14,3,1,80,0,36,4,3,7,3,7,7,Indeed
56,Current employee,Travel_Rarely,206,Human Resources,8,4,Medical,1,15332,138787,4,Male,99,3,5,Manager,2,Single,19717,4022,1,Y,No,14,3,1,80,0,36,4,3,7,3,7,7,Indeed
56,Current employee,Travel_Rarely,832,Research & Development,9,3,Medical,1,15525,138980,3,Male,80,3,3,Manufacturing Director,4,Single,7898,18706,1,Y,No,11,3,3,80,0,11,2,3,10,9,0,8,Jora
56,Current employee,Travel_Rarely,832,Research & Development,9,3,Medical,1,15527,138982,3,Male,80,3,3,Manufacturing Director,4,Single,7898,18706,1,Y,No,11,3,3,80,0,11,2,3,10,9,0,8,Jora
56,Current employee,Travel_Rarely,832,Research & Development,9,3,Medical,1,15530,138985,3,Male,80,3,3,Manufacturing Director,4,Single,7898,18706,1,Y,No,11,3,3,80,0,11,2,3,10,9,0,8,Jora
56,Current employee,Travel_Rarely,832,Research & Development,9,3,Medical,1,15531,138986,3,Male,80,3,3,Manufacturing Director,4,Single,7898,18706,1,Y,No,11,3,3,80,0,11,2,3,10,9,0,8,Jora
56,Current employee,Travel_Rarely,832,Research & Development,9,3,Medical,1,15533,138988,3,Male,80,3,3,Manufacturing Director,4,Single,7898,18706,1,Y,No,11,3,3,80,0,11,2,3,10,9,0,8,Jora
56,Current employee,Travel_Rarely,832,Research & Development,9,3,Medical,1,15535,138990,3,Male,80,3,3,Manufacturing Director,4,Single,7898,18706,1,Y,No,11,3,3,80,0,11,2,3,10,9,0,8,Jora
56,Current employee,Travel_Rarely,832,Research & Development,9,3,Medical,1,15538,138993,3,Male,80,3,3,Manufacturing Director,4,Single,7898,18706,1,Y,No,11,3,3,80,0,11,2,3,10,9,0,8,Jora
56,Current employee,Travel_Rarely,832,Research & Development,9,3,Medical,1,15539,138994,3,Male,80,3,3,Manufacturing Director,4,Single,7898,18706,1,Y,No,11,3,3,80,0,11,2,3,10,9,0,8,Jora
56,Current employee,Travel_Rarely,1369,Research & Development,23,3,Life Sciences,1,15633,139088,4,Male,68,3,4,Manufacturing Director,2,Married,13402,18235,4,Y,Yes,12,3,1,80,1,33,0,3,19,16,15,9,Seek
56,Current employee,Travel_Rarely,1369,Research & Development,23,3,Other,1,15636,139091,4,Male,68,3,4,Manufacturing Director,2,Married,13402,18235,1,Y,Yes,12,4,1,80,1,33,0,3,19,16,15,9,Seek
56,Current employee,Travel_Rarely,1369,Research & Development,23,3,Life Sciences,1,15639,139094,4,Male,68,3,4,Manufacturing Director,2,Married,13402,18235,4,Y,Yes,12,3,1,80,1,33,0,3,19,16,15,9,Seek
56,Current employee,Travel_Rarely,1369,Research & Development,23,3,Other,1,15640,139095,4,Male,68,3,4,Manufacturing Director,2,Married,13402,18235,1,Y,Yes,12,3,1,80,1,33,0,3,19,16,15,9,Seek
56,Current employee,Travel_Rarely,1369,Research & Development,23,3,Life Sciences,1,15641,139096,4,Male,68,3,4,Manufacturing Director,2,Married,13402,18235,4,Y,Yes,12,3,1,80,1,33,0,3,19,16,15,9,Seek
56,Current employee,Travel_Rarely,1369,Research & Development,23,3,Other,1,15644,139099,4,Male,68,3,4,Manufacturing Director,2,Married,13402,18235,1,Y,Yes,12,4,1,80,1,33,0,3,19,16,15,9,Seek
56,Current employee,Travel_Rarely,1369,Research & Development,23,3,Life Sciences,1,15647,139102,4,Male,68,3,4,Manufacturing Director,2,Married,13402,18235,4,Y,Yes,12,3,1,80,1,33,0,3,19,16,15,9,Seek
56,Current employee,Travel_Rarely,1369,Research & Development,23,3,Other,1,15648,139103,4,Male,68,3,4,Manufacturing Director,2,Married,13402,18235,1,Y,Yes,12,3,1,80,1,33,0,3,19,16,15,9,Seek
56,Current employee,Travel_Rarely,1255,Research & Development,1,2,Life Sciences,1,16373,139828,1,Female,90,3,1,Research Scientist,1,Married,2066,10494,2,Y,No,22,4,4,80,1,5,3,4,3,2,1,0,Company Website
56,Current employee,Travel_Rarely,1255,Research & Development,1,2,Life Sciences,1,16375,139830,1,Female,90,3,1,Research Scientist,1,Married,2066,10494,2,Y,No,22,3,4,80,1,5,3,4,3,2,1,0,Company Website
56,Current employee,Travel_Rarely,1255,Research & Development,1,2,Life Sciences,1,16379,139834,1,Female,90,3,1,Research Scientist,1,Married,2066,10494,2,Y,No,22,4,4,80,1,5,3,4,3,2,1,0,Company Website
56,Current employee,Travel_Rarely,1255,Research & Development,1,2,Life Sciences,1,16380,139835,1,Female,90,3,1,Manufacturing Director,3,Married,6132,13983,1,Y,No,17,3,3,80,0,10,3,4,3,2,1,0,Company Website
56,Current employee,Travel_Rarely,1255,Research & Development,1,2,Life Sciences,1,16381,139836,1,Female,90,3,1,Research Scientist,1,Married,2066,10494,2,Y,No,22,4,4,80,1,5,3,4,3,2,1,0,Company Website
56,Current employee,Travel_Rarely,1255,Research & Development,1,2,Life Sciences,1,16383,139838,1,Female,90,3,1,Research Scientist,1,Married,2066,10494,2,Y,No,22,3,4,80,1,5,3,4,3,2,1,0,Company Website
56,Current employee,Travel_Rarely,1255,Research & Development,1,2,Life Sciences,1,16387,139842,1,Female,90,3,1,Research Scientist,1,Married,2066,10494,2,Y,No,22,4,4,80,1,5,3,4,3,2,1,0,Company Website
56,Current employee,Travel_Rarely,1255,Research & Development,1,2,Life Sciences,1,16388,139843,1,Female,90,3,1,Manufacturing Director,3,Married,6132,13983,1,Y,No,17,3,3,80,0,10,3,4,3,2,1,0,Company Website
56,Current employee,Travel_Frequently,1240,Research & Development,9,3,Medical,1,16634,140089,4,Female,82,3,1,Human Resources,3,Married,2742,3072,1,Y,No,15,3,4,80,0,2,0,3,2,2,2,2,GlassDoor
56,Current employee,Travel_Frequently,1240,Research & Development,9,3,Medical,1,16636,140091,4,Female,82,3,1,Human Resources,3,Married,2742,3072,0,Y,No,15,3,4,80,0,2,0,3,2,2,2,2,GlassDoor
56,Current employee,Travel_Frequently,1240,Research & Development,9,3,Medical,1,16639,140094,4,Female,82,3,1,Human Resources,3,Married,2742,3072,1,Y,No,15,3,4,80,0,2,0,3,2,2,2,2,GlassDoor
56,Current employee,Travel_Frequently,1240,Research & Development,9,3,Medical,1,16640,140095,4,Female,82,3,1,Human Resources,3,Married,2742,3072,0,Y,No,15,3,4,80,0,2,0,3,2,2,2,2,GlassDoor
56,Current employee,Travel_Frequently,1240,Research & Development,9,3,Medical,1,16642,140097,4,Female,82,3,1,Human Resources,3,Married,2742,3072,1,Y,No,15,3,4,80,0,2,0,3,2,2,2,2,GlassDoor
56,Current employee,Travel_Frequently,1240,Research & Development,9,3,Medical,1,16644,140099,4,Female,82,3,1,Human Resources,3,Married,2742,3072,0,Y,No,15,3,4,80,0,2,0,3,2,2,2,2,GlassDoor
56,Current employee,Travel_Frequently,1240,Research & Development,9,3,Medical,1,16647,140102,4,Female,82,3,1,Human Resources,3,Married,2742,3072,1,Y,No,15,3,4,80,0,2,0,3,2,2,2,2,GlassDoor
56,Current employee,Travel_Frequently,1240,Research & Development,9,3,Medical,1,16648,140103,4,Female,82,3,1,Human Resources,3,Married,2742,3072,0,Y,No,15,3,4,80,0,2,0,3,2,2,2,2,GlassDoor
56,Current employee,Travel_Rarely,1443,Sales,11,5,Marketing,1,21918,145373,4,Female,32,2,2,Sales Executive,1,Married,5380,20328,4,Y,No,16,3,3,80,1,6,3,3,0,0,0,0,Recruit.net
56,Current employee,Travel_Rarely,1443,Sales,11,5,Medical,1,21921,145376,4,Female,32,2,2,Sales Executive,1,Married,5380,20328,6,Y,No,16,3,3,80,1,6,3,3,0,0,0,0,Recruit.net
56,Current employee,Travel_Rarely,1443,Sales,11,5,Marketing,1,21924,145379,4,Female,32,2,2,Sales Executive,1,Married,5380,20328,4,Y,No,16,3,3,80,1,6,3,3,0,0,0,0,Recruit.net
56,Current employee,Travel_Rarely,1443,Sales,11,5,Medical,1,21925,145380,4,Female,32,2,2,Sales Executive,1,Married,5380,20328,6,Y,No,16,3,3,80,1,6,3,3,0,0,0,0,Recruit.net
56,Current employee,Travel_Rarely,1443,Sales,11,5,Marketing,1,21926,145381,4,Female,32,2,2,Sales Executive,1,Married,5380,20328,4,Y,No,16,3,3,80,1,6,3,3,0,0,0,0,Recruit.net
56,Current employee,Travel_Rarely,1443,Sales,11,5,Medical,1,21929,145384,4,Female,32,3,2,Sales Executive,4,Single,4908,24252,1,Y,No,14,3,3,80,0,1,4,1,1,0,0,0,Recruit.net
56,Current employee,Travel_Rarely,1443,Sales,11,5,Marketing,1,21932,145387,4,Female,32,2,2,Sales Executive,1,Married,5380,20328,4,Y,No,16,3,3,80,1,6,3,3,0,0,0,0,Recruit.net
56,Current employee,Travel_Rarely,1443,Sales,11,5,Medical,1,21933,145388,4,Female,32,2,2,Sales Executive,1,Married,5380,20328,6,Y,No,16,3,3,80,1,6,3,3,0,0,0,0,Recruit.net
56,Current employee,Travel_Rarely,718,Research & Development,4,4,Technical Degree,1,22564,146019,4,Female,98,3,1,Human Resources,2,Married,2187,19655,4,Y,No,14,3,3,80,0,6,3,3,2,0,1,2,LinkedIn
56,Current employee,Travel_Rarely,718,Research & Development,4,4,Life Sciences,1,22566,146021,4,Female,98,3,1,Human Resources,2,Married,2187,19655,0,Y,No,14,3,3,80,0,6,3,3,2,0,1,2,LinkedIn
56,Current employee,Travel_Rarely,718,Research & Development,4,4,Technical Degree,1,22569,146024,4,Female,98,3,1,Human Resources,2,Married,2187,19655,4,Y,No,14,3,3,80,0,6,3,3,2,0,1,2,LinkedIn
56,Current employee,Travel_Rarely,718,Research & Development,4,4,Life Sciences,1,22570,146025,4,Female,98,3,1,Human Resources,2,Married,2187,19655,0,Y,No,14,3,3,80,0,6,3,3,2,0,1,2,LinkedIn
56,Current employee,Travel_Rarely,718,Research & Development,4,4,,1,22572,146027,4,Female,98,3,1,Human Resources,2,Married,2187,19655,4,Y,No,14,3,3,80,0,6,3,3,2,0,1,2,LinkedIn
56,Current employee,Travel_Rarely,718,Research & Development,4,4,Life Sciences,1,22574,146029,4,Female,98,3,1,Human Resources,2,Married,2187,19655,0,Y,No,14,3,3,80,0,6,3,3,2,0,1,2,LinkedIn
56,Current employee,Travel_Rarely,718,Research & Development,4,4,Technical Degree,1,22577,146032,4,Female,98,3,1,Human Resources,2,Married,2187,19655,4,Y,No,14,3,3,80,0,6,3,3,2,0,1,2,LinkedIn
56,Current employee,Travel_Rarely,718,Research & Development,4,4,Life Sciences,1,22578,146033,4,Female,98,3,1,Human Resources,2,Married,2187,19655,0,Y,No,14,3,3,80,0,6,3,3,2,0,1,2,LinkedIn
56,Current employee,Non-Travel,667,Research & Development,1,4,Life Sciences,1,23046,146501,3,Male,36,3,2,Healthcare Representative,3,Divorced,6306,26236,1,Y,No,21,3,1,80,1,13,2,2,13,12,1,9,Adzuna
56,Current employee,Non-Travel,667,Research & Development,1,4,Life Sciences,1,23048,146503,3,Male,36,3,2,Healthcare Representative,3,Divorced,6306,26236,0,Y,No,21,3,1,80,1,13,2,2,13,12,1,9,Adzuna
56,Current employee,Non-Travel,667,Research & Development,1,4,Life Sciences,1,23050,146505,3,Male,36,3,2,Healthcare Representative,3,Divorced,6306,26236,1,Y,No,21,4,1,80,1,13,2,2,13,12,1,9,Adzuna
56,Current employee,Non-Travel,667,Research & Development,1,4,Life Sciences,1,23051,146506,3,Male,36,3,2,Healthcare Representative,3,Divorced,6306,26236,0,Y,No,21,4,1,80,1,13,2,2,13,12,1,9,Adzuna
56,Current employee,Non-Travel,667,Research & Development,1,4,Life Sciences,1,23052,146507,3,Male,36,3,2,Healthcare Representative,3,Divorced,6306,26236,1,Y,No,21,3,1,80,1,13,2,2,13,12,1,9,Adzuna
56,Current employee,Non-Travel,667,Research & Development,1,4,Life Sciences,1,23054,146509,3,Male,36,3,2,Healthcare Representative,3,Divorced,6306,26236,0,Y,No,21,3,1,80,1,13,2,2,13,12,1,9,Adzuna
56,Current employee,Non-Travel,667,Research & Development,1,4,Life Sciences,1,23056,146511,3,Male,36,3,2,Healthcare Representative,3,Divorced,6306,26236,1,Y,No,21,4,1,80,1,13,2,2,13,12,1,9,Adzuna
56,Current employee,Non-Travel,667,Research & Development,1,4,Life Sciences,1,23057,146512,3,Male,36,3,2,Healthcare Representative,3,Divorced,6306,26236,0,Y,No,21,4,1,80,1,13,2,2,13,12,1,9,Adzuna
56,,Travel_Frequently,906,Sales,6,3,Life Sciences,1,6482,129937,3,Female,86,4,4,Sales Executive,1,Married,13212,18256,9,Y,No,11,3,4,80,3,36,0,2,7,7,7,7,Adzuna
51,Voluntary Resignation,Travel_Frequently,1150,Research & Development,8,4,Life Sciences,1,1526,124981,1,Male,42,2,2,Healthcare Representative,4,Married,4152,15830,1,Y,No,19,4,1,80,3,11,3,3,11,10,10,8,Company Website
51,Voluntary Resignation,Travel_Frequently,1150,Research & Development,8,4,Medical,1,1528,124983,1,Male,42,2,2,Healthcare Representative,4,Married,4152,15830,0,Y,No,19,3,1,80,3,11,3,3,11,10,10,8,Company Website
51,Voluntary Resignation,Travel_Frequently,1150,Research & Development,8,4,Life Sciences,1,1531,124986,1,Male,42,2,2,Healthcare Representative,4,Married,4152,15830,1,Y,No,19,3,1,80,3,11,3,3,11,10,10,8,Company Website
51,Voluntary Resignation,Travel_Frequently,1150,Research & Development,8,4,Medical,1,1532,124987,1,Male,42,2,2,Healthcare Representative,4,Married,4152,15830,0,Y,No,19,3,1,80,3,11,3,3,11,10,10,8,Company Website
51,Voluntary Resignation,Travel_Frequently,1150,Research & Development,8,4,Life Sciences,1,1533,124988,1,Male,42,2,2,Healthcare Representative,4,Married,4152,15830,1,Y,No,19,4,1,80,3,11,3,3,11,10,10,8,Company Website
51,Voluntary Resignation,Travel_Frequently,1150,Research & Development,8,4,Medical,1,1535,124990,1,Male,42,2,2,Healthcare Representative,4,Married,4152,15830,0,Y,No,19,3,1,80,3,11,3,3,11,10,10,8,Company Website
51,Voluntary Resignation,Travel_Frequently,1150,Research & Development,8,4,Life Sciences,1,1538,124993,1,Male,42,2,2,Healthcare Representative,4,Married,4152,15830,1,Y,No,19,3,1,80,3,11,3,3,11,10,10,8,Company Website
51,Voluntary Resignation,Travel_Frequently,1150,Research & Development,8,4,Medical,1,1539,124994,1,Male,42,2,2,Healthcare Representative,4,Married,4152,15830,0,Y,No,19,3,1,80,3,11,3,3,11,10,10,8,Company Website
51,Voluntary Resignation,Travel_Frequently,1150,Research & Development,8,4,Life Sciences,1,2272,125727,1,Male,53,1,3,Manufacturing Director,4,Single,10650,25150,2,Y,No,15,3,4,80,0,18,2,3,4,2,0,3,Company Website
51,Voluntary Resignation,Travel_Frequently,1150,Research & Development,8,4,Marketing,1,2275,125730,1,Male,53,1,3,Manufacturing Director,4,Single,10650,25150,1,Y,No,15,3,4,80,0,18,2,3,4,2,0,3,Company Website
51,Voluntary Resignation,Travel_Frequently,1150,Research & Development,8,4,Life Sciences,1,2278,125733,1,Male,53,1,3,Manufacturing Director,4,Single,10650,25150,2,Y,No,15,3,4,80,0,18,2,3,4,2,0,3,Company Website
51,Voluntary Resignation,Travel_Frequently,1150,Research & Development,8,4,Marketing,1,2279,125734,1,Male,53,1,3,Manufacturing Director,4,Single,10650,25150,1,Y,No,15,3,4,80,0,18,2,3,4,2,0,3,Company Website
51,Voluntary Resignation,Travel_Frequently,1150,Research & Development,8,4,Life Sciences,1,2280,125735,1,Male,53,1,3,Manufacturing Director,4,Single,10650,25150,2,Y,No,15,3,4,80,0,18,2,3,4,2,0,3,Company Website
51,Voluntary Resignation,Travel_Frequently,1150,Research & Development,8,4,Marketing,1,2283,125738,1,Male,53,1,3,Manufacturing Director,4,Single,10650,25150,1,Y,No,15,3,4,80,0,18,2,3,4,2,0,3,Company Website
51,Voluntary Resignation,Travel_Frequently,1150,Research & Development,8,4,Life Sciences,1,2286,125741,1,Male,53,1,3,Manufacturing Director,4,Single,10650,25150,2,Y,No,15,3,4,80,0,18,2,3,4,2,0,3,Company Website
51,Voluntary Resignation,Travel_Frequently,1150,Research & Development,8,4,Marketing,1,2287,125742,1,Male,53,1,3,Manufacturing Director,4,Single,10650,25150,1,Y,No,15,3,4,80,0,18,2,3,4,2,0,3,Company Website
51,Voluntary Resignation,Travel_Rarely,1323,Research & Development,4,4,Life Sciences,1,5561,129016,2,Female,52,2,2,Sales Executive,2,Divorced,8268,11866,1,Y,Yes,14,3,1,80,2,7,2,3,7,7,1,7,Indeed
51,Voluntary Resignation,Travel_Rarely,1323,Research & Development,4,4,Life Sciences,1,5562,129017,2,Female,52,2,2,Sales Executive,2,Divorced,8268,11866,5,Y,Yes,14,3,1,80,2,7,2,3,7,7,1,7,Indeed
51,Voluntary Resignation,Travel_Rarely,1323,Research & Development,4,4,Life Sciences,1,5566,129021,2,Female,52,2,2,Sales Executive,2,Divorced,8268,11866,1,Y,Yes,14,3,1,80,2,7,2,3,7,7,1,7,Indeed
51,Voluntary Resignation,Travel_Rarely,1323,Research & Development,4,4,Life Sciences,1,5567,129022,2,Female,52,2,2,Sales Executive,2,Divorced,8268,11866,5,Y,Yes,14,3,1,80,2,7,2,3,7,7,1,7,Indeed
51,Voluntary Resignation,Travel_Rarely,1323,Research & Development,4,4,Life Sciences,1,5569,129024,2,Female,52,2,2,Sales Executive,2,Divorced,8268,11866,1,Y,Yes,14,3,1,80,2,7,2,3,7,7,1,7,Indeed
51,Voluntary Resignation,Travel_Rarely,1323,Research & Development,4,4,Life Sciences,1,5570,129025,2,Female,52,2,2,Sales Executive,2,Divorced,8268,11866,5,Y,Yes,14,3,1,80,2,7,2,3,7,7,1,7,Indeed
51,Voluntary Resignation,Travel_Rarely,1323,Research & Development,4,4,Life Sciences,1,5574,129029,2,Female,52,2,2,Sales Executive,2,Divorced,8268,11866,1,Y,Yes,14,3,1,80,2,7,2,3,7,7,1,7,Indeed
51,Voluntary Resignation,Travel_Rarely,1323,Research & Development,4,4,Life Sciences,1,5575,129030,2,Female,52,2,2,Sales Executive,2,Divorced,8268,11866,5,Y,Yes,14,3,1,80,2,7,2,3,7,7,1,7,Indeed
51,Voluntary Resignation,Travel_Rarely,1323,Research & Development,4,4,Life Sciences,1,12498,135953,1,Male,34,3,1,Research Scientist,3,Married,2461,10332,9,Y,Yes,12,3,3,80,3,18,2,4,10,0,2,7,GlassDoor
51,Voluntary Resignation,Travel_Rarely,1323,Research & Development,4,4,Life Sciences,1,12500,135955,1,Male,34,3,1,Research Scientist,3,Married,2461,10332,3,Y,Yes,12,3,3,80,3,18,2,4,10,0,2,7,GlassDoor
51,Voluntary Resignation,Travel_Rarely,1323,Research & Development,4,4,Life Sciences,1,12504,135959,1,Male,34,3,1,Research Scientist,3,Married,2461,10332,9,Y,Yes,12,3,3,80,3,18,2,4,10,0,2,7,GlassDoor
51,Voluntary Resignation,Travel_Rarely,1323,Research & Development,4,4,Life Sciences,1,12505,135960,1,Male,34,3,1,Research Scientist,3,Married,2461,10332,3,Y,Yes,12,3,3,80,3,18,2,4,10,0,2,7,GlassDoor
51,Voluntary Resignation,Travel_Rarely,1323,Research & Development,4,4,Life Sciences,1,12506,135961,1,Male,34,3,1,Research Scientist,3,Married,2461,10332,9,Y,Yes,12,3,3,80,3,18,2,4,10,0,2,7,GlassDoor
51,Voluntary Resignation,Travel_Rarely,1323,Research & Development,4,4,Life Sciences,1,12508,135963,1,Male,34,3,1,Research Scientist,3,Married,2461,10332,3,Y,Yes,12,3,3,80,3,18,2,4,10,0,2,7,GlassDoor
51,Voluntary Resignation,Travel_Rarely,1323,Research & Development,4,4,Life Sciences,1,12512,135967,1,Male,34,3,1,Research Scientist,3,Married,2461,10332,9,Y,Yes,12,3,3,80,3,18,2,4,10,0,2,7,GlassDoor
51,Voluntary Resignation,Travel_Rarely,1323,Research & Development,4,4,Life Sciences,1,12513,135968,1,Male,34,3,1,Research Scientist,3,Married,2461,10332,3,Y,Yes,12,3,3,80,3,18,2,4,10,0,2,7,GlassDoor
51,Current employee,Travel_Rarely,1302,Research & Development,2,3,Medical,1,344,123799,2,Female,51,4,3,Manufacturing Director,1,Divorced,9980,10195,5,Y,No,18,3,4,80,1,13,3,3,4,1,1,2,Indeed
51,Current employee,Travel_Frequently,1456,Research & Development,1,4,Medical,1,368,123823,1,Male,80,4,1,Research Scientist,2,Divorced,3298,15053,3,Y,No,20,3,3,80,0,23,1,2,13,12,12,8,Seek
51,Current employee,Travel_Rarely,432,Research & Development,9,4,Life Sciences,1,1227,124682,1,Male,41,3,1,Research Scientist,1,Married,2194,5868,4,Y,No,13,3,4,80,1,5,2,2,3,2,1,2,Company Website
51,Current employee,Travel_Rarely,432,Research & Development,9,4,Medical,1,1229,124684,1,Male,41,3,1,Research Scientist,1,Married,2194,5868,3,Y,No,13,3,4,80,1,5,2,2,3,2,1,2,Company Website
51,Current employee,Travel_Rarely,432,Research & Development,9,4,Life Sciences,1,1232,124687,1,Male,41,3,1,Research Scientist,1,Married,2194,5868,4,Y,No,13,3,4,80,1,5,2,2,3,2,1,2,Company Website
51,Current employee,Travel_Rarely,432,Research & Development,9,4,Medical,1,1233,124688,1,Male,41,3,1,Research Scientist,1,Married,2194,5868,3,Y,No,13,3,4,80,1,5,2,2,3,2,1,2,Company Website
51,Current employee,Travel_Rarely,432,Research & Development,9,4,Life Sciences,1,1234,124689,1,Male,41,3,1,Research Scientist,1,Married,2194,5868,4,Y,No,13,3,4,80,1,5,2,2,3,2,1,2,Company Website
51,Current employee,Travel_Rarely,432,Research & Development,9,4,Medical,1,1236,124691,1,Male,41,3,1,Research Scientist,1,Married,2194,5868,3,Y,No,13,3,4,80,1,5,2,2,3,2,1,2,Company Website
51,Current employee,Travel_Rarely,432,Research & Development,9,4,Life Sciences,1,1239,124694,1,Male,41,3,1,Research Scientist,1,Married,2194,5868,4,Y,No,13,3,4,80,1,5,2,2,3,2,1,2,Company Website
51,Current employee,Travel_Rarely,432,Research & Development,9,4,Medical,1,1240,124695,1,Male,41,3,1,Research Scientist,1,Married,2194,5868,3,Y,No,13,3,4,80,1,5,2,2,3,2,1,2,Company Website
51,Current employee,Travel_Rarely,684,Research & Development,6,3,Life Sciences,1,1452,124907,1,Female,41,1,2,Research Scientist,4,Divorced,5329,15717,7,Y,Yes,12,3,4,80,3,17,3,3,13,11,1,9,Adzuna
51,Current employee,Travel_Rarely,684,Research & Development,6,3,Marketing,1,1454,124909,1,Female,41,1,2,Research Scientist,4,Divorced,5329,15717,3,Y,Yes,12,3,4,80,3,17,3,3,13,11,1,9,Adzuna
51,Current employee,Travel_Rarely,684,Research & Development,6,3,Life Sciences,1,1457,124912,1,Female,41,1,2,Research Scientist,4,Divorced,5329,15717,7,Y,Yes,12,3,4,80,3,17,3,3,13,11,1,9,Adzuna
51,Current employee,Travel_Rarely,684,Research & Development,6,3,Marketing,1,1458,124913,1,Female,41,1,2,Research Scientist,4,Divorced,5329,15717,3,Y,Yes,12,3,4,80,3,17,3,3,13,11,1,9,Adzuna
51,Current employee,Travel_Rarely,684,Research & Development,6,3,Life Sciences,1,1459,124914,1,Female,41,1,2,Research Scientist,4,Divorced,5329,15717,7,Y,Yes,12,3,4,80,3,17,3,3,13,11,1,9,Adzuna
51,Current employee,Travel_Rarely,684,Research & Development,6,3,Marketing,1,1461,124916,1,Female,41,1,2,Research Scientist,4,Divorced,5329,15717,3,Y,Yes,12,3,4,80,3,17,3,3,13,11,1,9,Adzuna
51,Current employee,Travel_Rarely,684,Research & Development,6,3,Life Sciences,1,1463,124918,1,Female,41,1,2,Research Scientist,4,Divorced,5329,15717,7,Y,Yes,12,3,4,80,3,17,3,3,13,11,1,9,Adzuna
51,Current employee,Travel_Rarely,684,Research & Development,6,3,Marketing,1,1464,124919,1,Female,41,1,2,Research Scientist,4,Divorced,5329,15717,3,Y,Yes,12,3,4,80,3,17,3,3,13,11,1,9,Adzuna
51,Current employee,Travel_Rarely,432,Research & Development,9,4,Life Sciences,1,1510,124965,4,Male,96,3,1,Laboratory Technician,4,Married,2075,18725,3,Y,No,23,3,2,80,2,10,4,3,4,2,0,3,Company Website
51,Current employee,Travel_Rarely,432,Research & Development,9,4,Medical,1,1512,124967,4,Male,96,3,1,Laboratory Technician,4,Married,2075,18725,1,Y,No,23,3,2,80,2,10,4,3,4,2,0,3,Company Website
51,Current employee,Travel_Rarely,432,Research & Development,9,4,Life Sciences,1,1516,124971,4,Male,96,3,1,Laboratory Technician,4,Married,2075,18725,3,Y,No,23,4,2,80,2,10,4,3,4,2,0,3,Company Website
51,Current employee,Travel_Rarely,432,Research & Development,9,4,Medical,1,1517,124972,4,Male,96,3,1,Laboratory Technician,4,Married,2075,18725,1,Y,No,23,4,2,80,2,10,4,3,4,2,0,3,Company Website
51,Current employee,Travel_Rarely,432,Research & Development,9,4,Medical,1,1519,124974,4,Male,96,3,1,Laboratory Technician,4,Married,2075,18725,1,Y,No,23,3,2,80,2,10,4,3,4,2,0,3,Company Website
51,Current employee,Travel_Rarely,432,Research & Development,9,4,Life Sciences,1,1523,124978,4,Male,96,3,1,Laboratory Technician,4,Married,2075,18725,3,Y,No,23,4,2,80,2,10,4,3,4,2,0,3,Company Website
51,Current employee,Travel_Rarely,432,Research & Development,9,4,Medical,1,1524,124979,4,Male,96,3,1,Laboratory Technician,4,Married,2075,18725,1,Y,No,23,4,2,80,2,10,4,3,4,2,0,3,Company Website
51,Current employee,Travel_Rarely,632,Sales,21,4,Marketing,1,1569,125024,3,Male,71,3,2,Sales Executive,4,Single,5441,8423,0,Y,Yes,22,3,4,80,0,11,2,1,10,7,1,0,Company Website
51,Current employee,Travel_Rarely,632,Sales,21,4,Other,1,1572,125027,3,Male,71,3,2,Sales Executive,4,Single,5441,8423,7,Y,Yes,22,3,4,80,0,11,2,1,10,7,1,0,Company Website
51,Current employee,Travel_Rarely,632,Sales,21,4,Marketing,1,1575,125030,3,Male,71,3,2,Sales Executive,4,Single,5441,8423,0,Y,Yes,22,4,4,80,0,11,2,1,10,7,1,0,Company Website
51,Current employee,Travel_Rarely,632,Sales,21,4,Other,1,1576,125031,3,Male,71,3,2,Sales Executive,4,Single,5441,8423,7,Y,Yes,22,4,4,80,0,11,2,1,10,7,1,0,Company Website
51,Current employee,Travel_Rarely,632,Sales,21,4,Other,1,1579,125034,3,Male,71,3,2,Sales Executive,4,Single,5441,8423,7,Y,Yes,22,3,4,80,0,11,2,1,10,7,1,0,Company Website
51,Current employee,Travel_Rarely,632,Sales,21,4,Marketing,1,1582,125037,3,Male,71,3,2,Sales Executive,4,Single,5441,8423,0,Y,Yes,22,4,4,80,0,11,2,1,10,7,1,0,Company Website
51,Current employee,Travel_Rarely,632,Sales,21,4,Other,1,1583,125038,3,Male,71,3,2,Sales Executive,4,Single,5441,8423,7,Y,Yes,22,4,4,80,0,11,2,1,10,7,1,0,Company Website
51,Current employee,Travel_Frequently,1456,,1,4,Medical,1,1859,125314,1,Female,30,2,3,Healthcare Representative,1,Single,7484,25796,3,Y,No,20,3,3,80,0,23,1,2,13,12,12,8,Seek
51,Current employee,Travel_Frequently,1456,Research & Development,1,4,Human Resources,1,1861,125316,1,Female,30,2,3,Healthcare Representative,1,Single,7484,25796,0,Y,No,20,4,3,80,0,23,1,2,13,12,12,8,Seek
51,Current employee,Travel_Frequently,1456,Research & Development,1,4,Medical,1,1865,125320,1,Female,30,2,3,Healthcare Representative,1,Single,7484,25796,3,Y,No,20,4,3,80,0,23,1,2,13,12,12,8,Seek
51,Current employee,Travel_Frequently,1456,Research & Development,1,4,Human Resources,1,1866,125321,1,Female,30,2,3,Healthcare Representative,1,Single,7484,25796,0,Y,No,20,4,3,80,0,23,1,2,13,12,12,8,Seek
51,Current employee,Travel_Frequently,1456,Research & Development,1,4,Human Resources,1,1868,125323,1,Female,30,2,3,Healthcare Representative,1,Single,7484,25796,0,Y,No,20,4,3,80,0,23,1,2,13,12,12,8,Seek
51,Current employee,Travel_Frequently,1456,Research & Development,1,4,Medical,1,1872,125327,1,Female,30,2,3,Healthcare Representative,1,Single,7484,25796,3,Y,No,20,4,3,80,0,23,1,2,13,12,12,8,Seek
51,Current employee,Travel_Frequently,1456,Research & Development,1,4,Human Resources,1,1873,125328,1,Female,30,2,3,Healthcare Representative,1,Single,7484,25796,0,Y,No,20,4,3,80,0,23,1,2,13,12,12,8,Seek
51,Current employee,Travel_Rarely,1469,Research & Development,8,4,Life Sciences,1,1953,125408,1,Female,42,2,3,Manager,1,Single,11631,5615,2,Y,No,12,3,4,80,0,14,6,3,11,10,5,8,Indeed
51,Current employee,Travel_Rarely,1469,Research & Development,8,4,Medical,1,1955,125410,1,Female,42,2,3,Manager,1,Single,11631,5615,1,Y,No,12,3,4,80,0,14,6,3,11,10,5,8,Indeed
51,Current employee,Travel_Rarely,1469,Research & Development,8,4,Life Sciences,1,1958,125413,1,Female,42,2,3,Manager,1,Single,11631,5615,2,Y,No,12,3,4,80,0,14,6,3,11,10,5,8,Indeed
51,Current employee,Travel_Rarely,1469,Research & Development,8,4,Medical,1,1959,125414,1,Female,42,2,3,Manager,1,Single,11631,5615,1,Y,No,12,3,4,80,0,14,6,3,11,10,5,8,Indeed
51,Current employee,Travel_Rarely,1469,Research & Development,8,4,Life Sciences,1,1961,125416,1,Female,42,2,3,Manager,1,Single,11631,5615,2,Y,No,12,3,4,80,0,14,6,3,11,10,5,8,Indeed
51,Current employee,Travel_Rarely,1469,Research & Development,8,4,Medical,1,1963,125418,1,Female,42,2,3,Manager,1,Single,11631,5615,1,Y,No,12,3,4,80,0,14,6,3,11,10,5,8,Indeed
51,Current employee,Travel_Rarely,1469,Research & Development,8,4,Life Sciences,1,1966,125421,1,Female,42,2,3,Manager,1,Single,11631,5615,2,Y,No,12,3,4,80,0,14,6,3,11,10,5,8,Indeed
51,Current employee,Travel_Rarely,1469,Research & Development,8,4,Medical,1,1967,125422,1,Female,42,2,3,Manager,1,Single,11631,5615,1,Y,No,12,3,4,80,0,14,6,3,11,10,5,8,Indeed
51,Current employee,Travel_Rarely,684,Research & Development,6,3,Life Sciences,1,2064,125519,1,Male,51,3,5,Research Director,3,Single,19537,6462,7,Y,No,13,3,3,80,0,23,5,3,20,18,15,15,Recruit.net
51,Current employee,Travel_Rarely,684,Research & Development,6,3,Marketing,1,2067,125522,1,Male,51,3,5,Research Director,3,Single,19537,6462,2,Y,No,13,3,3,80,0,23,5,3,20,18,15,15,Recruit.net
51,Current employee,Travel_Rarely,684,Research & Development,6,3,Life Sciences,1,2068,125523,1,Male,51,3,5,Research Director,3,Single,19537,6462,7,Y,No,13,3,3,80,0,23,5,3,20,18,15,15,Recruit.net
51,Current employee,Travel_Rarely,684,Research & Development,6,3,Marketing,1,2069,125524,1,Male,51,3,5,Research Director,3,Single,19537,6462,2,Y,No,13,3,3,80,0,23,5,3,20,18,15,15,Recruit.net
51,Current employee,Travel_Rarely,684,Research & Development,6,3,Life Sciences,1,2072,125527,1,Male,51,3,5,Research Director,3,Single,19537,6462,7,Y,No,13,3,3,80,0,23,5,3,20,18,15,15,Recruit.net
51,Current employee,Travel_Rarely,684,Research & Development,6,3,Marketing,1,2075,125530,1,Male,51,3,5,Research Director,3,Single,19537,6462,2,Y,No,13,3,3,80,0,23,5,3,20,18,15,15,Recruit.net
51,Current employee,Travel_Rarely,684,Research & Development,6,3,Life Sciences,1,2076,125531,1,Male,51,3,5,Research Director,3,Single,19537,6462,7,Y,No,13,3,3,80,0,23,5,3,20,18,15,15,Recruit.net
51,Current employee,Travel_Rarely,684,Research & Development,6,3,Marketing,1,2077,125532,1,Male,51,3,5,Research Director,3,Single,19537,6462,2,Y,No,13,3,3,80,0,23,5,3,20,18,15,15,Recruit.net
51,Current employee,Travel_Rarely,833,Research & Development,1,3,Life Sciences,1,2225,125680,1,Male,43,3,3,Sales Executive,3,Divorced,8189,21196,3,Y,Yes,13,3,3,80,1,12,2,3,9,7,0,7,Seek
51,Current employee,Travel_Rarely,833,Research & Development,1,3,Life Sciences,1,2226,125681,1,Male,43,3,3,Sales Executive,3,Divorced,8189,21196,4,Y,Yes,13,3,3,80,1,12,2,3,9,7,0,7,Seek
51,Current employee,Travel_Rarely,833,Research & Development,1,3,Life Sciences,1,2230,125685,1,Male,43,3,3,Sales Executive,3,Divorced,8189,21196,3,Y,Yes,13,3,3,80,1,12,2,3,9,7,0,7,Seek
51,Current employee,Travel_Rarely,833,Research & Development,1,3,Life Sciences,1,2231,125686,1,Male,43,3,3,Sales Executive,3,Divorced,8189,21196,4,Y,Yes,13,3,3,80,1,12,2,3,9,7,0,7,Seek
51,Current employee,Travel_Rarely,833,Research & Development,1,3,Life Sciences,1,2233,125688,1,Male,43,3,3,Sales Executive,3,Divorced,8189,21196,3,Y,Yes,13,3,3,80,1,12,2,3,9,7,0,7,Seek
51,Current employee,Travel_Rarely,833,Research & Development,1,3,Life Sciences,1,2234,125689,1,Male,43,3,3,Sales Executive,3,Divorced,8189,21196,4,Y,Yes,13,3,3,80,1,12,2,3,9,7,0,7,Seek
51,Current employee,Travel_Rarely,833,Research & Development,1,3,Life Sciences,1,2238,125693,1,Male,43,3,3,Sales Executive,3,Divorced,8189,21196,3,Y,Yes,13,3,3,80,1,12,2,3,9,7,0,7,Seek
51,Current employee,Travel_Rarely,833,Research & Development,1,3,Life Sciences,1,2239,125694,1,Male,43,3,3,Sales Executive,3,Divorced,8189,21196,4,Y,Yes,13,3,3,80,1,12,2,3,9,7,0,7,Seek
51,Current employee,Travel_Rarely,1169,Research & Development,7,4,Medical,1,2583,126038,2,Male,34,2,2,Manufacturing Director,3,Married,6132,13983,2,Y,No,17,3,3,80,0,10,2,3,1,0,0,0,Company Website
51,Current employee,Travel_Rarely,1169,Research & Development,7,4,Marketing,1,2586,126041,2,Male,34,2,2,Manufacturing Director,3,Married,6132,13983,1,Y,No,17,3,3,80,0,10,2,3,1,0,0,0,Company Website
51,Current employee,Travel_Rarely,1169,Research & Development,7,4,Medical,1,2587,126042,2,Male,34,2,2,Manufacturing Director,3,Married,6132,13983,2,Y,No,17,3,3,80,0,10,2,3,1,0,0,0,Company Website
51,Current employee,Travel_Rarely,1169,Research & Development,7,4,Marketing,1,2588,126043,2,Male,34,2,2,Manufacturing Director,3,Married,6132,13983,1,Y,No,17,3,3,80,0,10,2,3,1,0,0,0,Company Website
51,Current employee,Travel_Rarely,1169,Research & Development,7,4,Medical,1,2591,126046,2,Male,34,2,2,Manufacturing Director,3,Married,6132,13983,2,Y,No,17,3,3,80,0,10,2,3,1,0,0,0,Company Website
51,Current employee,Travel_Rarely,1169,Research & Development,7,4,Marketing,1,2593,126048,2,Male,34,2,2,Manufacturing Director,3,Married,6132,13983,1,Y,No,17,3,3,80,0,10,2,3,1,0,0,0,Company Website
51,Current employee,Travel_Rarely,1169,Research & Development,7,4,Medical,1,2594,126049,2,Male,34,2,2,Manufacturing Director,3,Married,6132,13983,2,Y,No,17,3,3,80,0,10,2,3,1,0,0,0,Company Website
51,Current employee,Travel_Rarely,1169,Research & Development,7,4,Marketing,1,2595,126050,2,Male,34,2,2,Manufacturing Director,3,Married,6132,13983,1,Y,No,17,3,3,80,0,10,2,3,1,0,0,0,Company Website
51,Current employee,Travel_Rarely,1178,Sales,14,2,Life Sciences,1,2945,126400,1,Female,45,3,1,Laboratory Technician,4,Single,2288,6319,1,Y,No,12,3,3,80,0,2,3,3,2,2,2,1,Seek
51,Current employee,Travel_Rarely,1178,Sales,14,2,Medical,1,2947,126402,1,Female,45,3,1,Laboratory Technician,4,Single,2288,6319,1,Y,No,12,4,3,80,0,2,3,3,2,2,2,1,Seek
51,Current employee,Travel_Rarely,1178,Sales,14,2,Life Sciences,1,2950,126405,1,Female,45,3,1,Laboratory Technician,4,Single,2288,6319,1,Y,No,12,3,3,80,0,2,3,3,2,2,2,1,Seek
51,Current employee,Travel_Rarely,1178,Sales,14,2,Medical,1,2951,126406,1,Female,45,3,1,Laboratory Technician,4,Single,2288,6319,1,Y,No,12,3,3,80,0,2,3,3,2,2,2,1,Seek
51,Current employee,Travel_Rarely,1178,Sales,14,2,Life Sciences,1,2953,126408,1,Female,45,3,1,Laboratory Technician,4,Single,2288,6319,1,Y,No,12,3,3,80,0,2,3,3,2,2,2,1,Seek
51,Current employee,Travel_Rarely,1178,Sales,14,2,Medical,1,2955,126410,1,Female,45,3,1,Laboratory Technician,4,Single,2288,6319,1,Y,No,12,4,3,80,0,2,3,3,2,2,2,1,Seek
51,Current employee,Travel_Rarely,1178,Sales,14,2,Life Sciences,1,2958,126413,1,Female,45,3,1,Laboratory Technician,4,Single,2288,6319,1,Y,No,12,3,3,80,0,2,3,3,2,2,2,1,Seek
51,Current employee,Travel_Rarely,1178,Sales,14,2,Medical,1,2959,126414,1,Female,45,3,1,Laboratory Technician,4,Single,2288,6319,1,Y,No,12,3,3,80,0,2,3,3,2,2,2,1,Seek
51,Current employee,Travel_Rarely,313,Research & Development,3,3,Medical,1,3108,126563,4,Female,98,3,4,Healthcare Representative,2,Single,13734,7192,3,Y,No,18,4,3,80,0,21,6,3,7,7,1,0,Indeed
51,Current employee,Travel_Rarely,313,Research & Development,3,3,Life Sciences,1,3110,126565,4,Female,98,3,4,Healthcare Representative,2,Single,13734,7192,0,Y,No,18,3,3,80,0,21,6,3,7,7,1,0,Indeed
51,Current employee,Travel_Rarely,313,Research & Development,3,3,Medical,1,3112,126567,4,Female,98,3,4,Healthcare Representative,2,Single,13734,7192,3,Y,No,18,3,3,80,0,21,6,3,7,7,1,0,Indeed
51,Current employee,Travel_Rarely,313,Research & Development,3,3,Life Sciences,1,3113,126568,4,Female,98,3,4,Healthcare Representative,2,Single,13734,7192,0,Y,No,18,3,3,80,0,21,6,3,7,7,1,0,Indeed
51,Current employee,Travel_Rarely,313,Research & Development,3,3,Medical,1,3116,126571,4,Female,98,3,4,Healthcare Representative,2,Single,13734,7192,3,Y,No,18,4,3,80,0,21,6,3,7,7,1,0,Indeed
51,Current employee,Travel_Rarely,313,Research & Development,3,3,Life Sciences,1,3118,126573,4,Female,98,3,4,Healthcare Representative,2,Single,13734,7192,0,Y,No,18,3,3,80,0,21,6,3,7,7,1,0,Indeed
51,Current employee,Travel_Rarely,313,Research & Development,3,3,Medical,1,3120,126575,4,Female,98,3,4,Healthcare Representative,2,Single,13734,7192,3,Y,No,18,3,3,80,0,21,6,3,7,7,1,0,Indeed
51,Current employee,Travel_Rarely,313,Research & Development,3,3,Life Sciences,1,3121,126576,4,Female,98,3,4,Healthcare Representative,2,Single,13734,7192,0,Y,No,18,3,3,80,0,21,6,3,7,7,1,0,Indeed
51,Current employee,Travel_Rarely,1469,Research & Development,8,4,Life Sciences,1,3493,126948,2,Male,81,2,3,Research Director,2,Married,12490,15736,5,Y,No,16,4,4,80,2,16,5,1,10,9,4,7,Seek
51,Current employee,Travel_Rarely,1469,Research & Development,8,4,Marketing,1,3496,126951,2,Male,81,2,3,Research Director,2,Married,12490,15736,2,Y,No,16,4,4,80,2,16,5,1,10,9,4,7,Seek
51,Current employee,Travel_Rarely,1469,Research & Development,8,4,Life Sciences,1,3499,126954,2,Male,81,2,3,Research Director,2,Married,12490,15736,5,Y,No,16,3,4,80,2,16,5,1,10,9,4,7,Seek
51,Current employee,Travel_Rarely,1469,Research & Development,8,4,Marketing,1,3500,126955,2,Male,81,2,3,Research Director,2,Married,12490,15736,2,Y,No,16,3,4,80,2,16,5,1,10,9,4,7,Seek
51,Current employee,Travel_Rarely,1469,Research & Development,8,4,Life Sciences,1,3501,126956,2,Male,81,2,3,Research Director,2,Married,12490,15736,5,Y,No,16,4,4,80,2,16,5,1,10,9,4,7,Seek
51,Current employee,Travel_Rarely,1469,Research & Development,8,4,Marketing,1,3504,126959,2,Male,81,2,3,Research Director,2,Married,12490,15736,2,Y,No,16,4,4,80,2,16,5,1,10,9,4,7,Seek
51,Current employee,Travel_Rarely,1469,Research & Development,8,4,Life Sciences,1,3507,126962,2,Male,81,2,3,Research Director,2,Married,12490,15736,5,Y,No,16,3,4,80,2,16,5,1,10,9,4,7,Seek
51,Current employee,Travel_Rarely,1469,Research & Development,8,4,Marketing,1,3508,126963,2,Male,81,2,3,Research Director,2,Married,12490,15736,2,Y,No,16,3,4,80,2,16,5,1,10,9,4,7,Seek
51,Current employee,Travel_Rarely,833,Research & Development,1,3,Life Sciences,1,4213,127668,3,Male,96,3,1,Research Scientist,4,Married,2723,23231,1,Y,No,11,3,2,80,0,1,0,2,1,0,0,0,Indeed
51,Current employee,Travel_Rarely,833,Research & Development,1,3,Human Resources,1,4215,127670,3,Male,96,3,1,Research Scientist,4,Married,2723,23231,2,Y,No,11,4,2,80,0,1,0,2,1,0,0,0,Indeed
51,Current employee,Travel_Rarely,833,Research & Development,1,3,Life Sciences,1,4219,127674,3,Male,96,3,1,Research Scientist,4,Married,2723,23231,1,Y,No,11,3,2,80,0,1,0,2,1,0,0,0,Indeed
51,Current employee,Travel_Rarely,833,Research & Development,1,3,Human Resources,1,4220,127675,3,Male,96,3,1,Research Scientist,4,Married,2723,23231,2,Y,No,11,3,2,80,0,1,0,2,1,0,0,0,Indeed
51,Current employee,Travel_Rarely,833,Research & Development,1,3,Life Sciences,1,4221,127676,3,Male,96,3,1,Research Scientist,4,Married,2723,23231,1,Y,No,11,3,2,80,0,1,0,2,1,0,0,0,Indeed
51,Current employee,Travel_Rarely,833,Research & Development,1,3,Human Resources,1,4223,127678,3,Male,96,3,1,Research Scientist,4,Married,2723,23231,2,Y,No,11,4,2,80,0,1,0,2,1,0,0,0,Indeed
51,Current employee,Travel_Rarely,833,Research & Development,1,3,Life Sciences,1,4226,127681,3,Male,96,3,1,Research Scientist,4,Married,2723,23231,1,Y,No,11,3,2,80,0,1,0,2,1,0,0,0,Indeed
51,Current employee,Travel_Rarely,833,Research & Development,1,3,Human Resources,1,4227,127682,3,Male,96,3,1,Research Scientist,4,Married,2723,23231,2,Y,No,11,3,2,80,0,1,0,2,1,0,0,0,Indeed
51,Current employee,Travel_Rarely,1302,Research & Development,2,3,Medical,1,4868,128323,4,Male,84,1,2,Manufacturing Director,2,Divorced,5482,16321,5,Y,No,18,3,4,80,1,13,3,3,4,1,1,2,Indeed
51,Current employee,Travel_Rarely,1302,Research & Development,2,3,Life Sciences,1,4870,128325,4,Male,84,1,2,Manufacturing Director,2,Divorced,5482,16321,1,Y,No,18,3,4,80,1,13,3,3,4,1,1,2,Indeed
51,Current employee,Travel_Rarely,1302,Research & Development,2,3,Medical,1,4874,128329,4,Male,84,1,2,Manufacturing Director,2,Divorced,5482,16321,5,Y,No,18,3,4,80,1,13,3,3,4,1,1,2,Indeed
51,Current employee,Travel_Rarely,1302,Research & Development,2,3,Life Sciences,1,4875,128330,4,Male,84,1,2,Manufacturing Director,2,Divorced,5482,16321,1,Y,No,18,3,4,80,1,13,3,3,4,1,1,2,Indeed
51,Current employee,Travel_Rarely,1302,Research & Development,2,3,Life Sciences,1,4877,128332,4,Male,84,1,2,Manufacturing Director,2,Divorced,5482,16321,1,Y,No,18,3,4,80,1,13,3,3,4,1,1,2,Indeed
51,Current employee,Travel_Rarely,1302,Research & Development,2,3,Medical,1,4881,128336,4,Male,84,1,2,Manufacturing Director,2,Divorced,5482,16321,5,Y,No,18,3,4,80,1,13,3,3,4,1,1,2,Indeed
51,Current employee,Travel_Rarely,1302,Research & Development,2,3,Life Sciences,1,4882,128337,4,Male,84,1,2,Manufacturing Director,2,Divorced,5482,16321,1,Y,No,18,3,4,80,1,13,3,3,4,1,1,2,Indeed
51,Current employee,Travel_Rarely,1178,Sales,14,2,Life Sciences,1,6083,129538,3,Female,87,3,2,Sales Executive,4,Married,4936,14862,4,Y,No,11,4,3,80,1,18,2,2,7,7,0,7,Company Website
51,Current employee,Travel_Rarely,1178,Sales,14,2,Medical,1,6086,129541,3,Female,87,3,2,Sales Executive,4,Married,4936,14862,7,Y,No,11,3,3,80,1,18,2,2,7,7,0,7,Company Website
51,Current employee,Travel_Rarely,1178,Sales,14,2,Life Sciences,1,6089,129544,3,Female,87,3,2,Sales Executive,4,Married,4936,14862,4,Y,No,11,3,3,80,1,18,2,2,7,7,0,7,Company Website
51,Current employee,Travel_Rarely,1178,Sales,14,2,Medical,1,6090,129545,3,Female,87,3,2,Sales Executive,4,Married,4936,14862,7,Y,No,11,3,3,80,1,18,2,2,7,7,0,7,Company Website
51,Current employee,Travel_Rarely,1178,Sales,14,2,Life Sciences,1,6091,129546,3,Female,87,3,2,Sales Executive,4,Married,4936,14862,4,Y,No,11,4,3,80,1,18,2,2,7,7,0,7,Company Website
51,Current employee,Travel_Rarely,1178,Sales,14,2,Medical,1,6094,129549,3,Female,87,3,2,Sales Executive,4,Married,4936,14862,7,Y,No,11,3,3,80,1,18,2,2,7,7,0,7,Company Website
51,Current employee,Travel_Rarely,1178,Sales,14,2,Life Sciences,1,6097,129552,3,Female,87,3,2,Sales Executive,4,Married,4936,14862,4,Y,No,11,3,3,80,1,18,2,2,7,7,0,7,Company Website
51,Current employee,Travel_Rarely,1178,Sales,14,2,Medical,1,6098,129553,3,Female,87,3,2,Sales Executive,4,Married,4936,14862,7,Y,No,11,3,3,80,1,18,2,2,7,7,0,7,Company Website
51,Current employee,Travel_Frequently,237,Sales,9,3,Life Sciences,1,6547,130002,2,Male,55,3,1,Laboratory Technician,1,Married,4031,9396,5,Y,No,13,3,3,80,1,6,5,3,2,2,0,2,Jora
51,Current employee,Travel_Frequently,237,Sales,9,3,Medical,1,6549,130004,2,Male,55,3,1,Laboratory Technician,1,Married,4031,9396,1,Y,No,13,3,3,80,1,6,5,3,2,2,0,2,Jora
51,Current employee,Travel_Frequently,237,Sales,9,3,Life Sciences,1,6552,130007,2,Male,55,3,1,Laboratory Technician,1,Married,4031,9396,5,Y,No,13,3,3,80,1,6,5,3,2,2,0,2,Jora
51,Current employee,Travel_Frequently,237,Sales,9,3,Medical,1,6553,130008,2,Male,55,3,1,Laboratory Technician,1,Married,4031,9396,1,Y,No,13,3,3,80,1,6,5,3,2,2,0,2,Jora
51,Current employee,Travel_Frequently,237,Sales,9,3,Life Sciences,1,6555,130010,2,Male,55,3,1,Laboratory Technician,1,Married,4031,9396,5,Y,No,13,3,3,80,1,6,5,3,2,2,0,2,Jora
51,Current employee,Travel_Frequently,237,Sales,9,3,Medical,1,6557,130012,2,Male,55,3,1,Laboratory Technician,1,Married,4031,9396,1,Y,No,13,3,3,80,1,6,5,3,2,2,0,2,Jora
51,Current employee,Travel_Frequently,237,Sales,9,3,Life Sciences,1,6560,130015,2,Male,55,3,1,Laboratory Technician,1,Married,4031,9396,5,Y,No,13,3,3,80,1,6,5,3,2,2,0,2,Jora
51,Current employee,Travel_Frequently,237,Sales,9,3,Medical,1,6561,130016,2,Male,55,3,1,Laboratory Technician,1,Married,4031,9396,1,Y,No,13,3,3,80,1,6,5,3,2,2,0,2,Jora
51,Current employee,Travel_Rarely,770,Human Resources,5,3,Life Sciences,1,6882,130337,2,Female,56,2,3,Sales Executive,1,Married,10266,2845,4,Y,No,19,3,4,80,0,22,5,4,18,13,13,11,Adzuna
51,Current employee,Travel_Rarely,770,Human Resources,5,3,Life Sciences,1,6883,130338,2,Female,56,2,3,Sales Executive,1,Married,10266,2845,5,Y,No,19,3,4,80,0,22,5,4,18,13,13,11,Adzuna
51,Current employee,Travel_Rarely,770,Human Resources,5,3,Life Sciences,1,6885,130340,2,Female,56,2,3,Sales Executive,1,Married,10266,2845,4,Y,No,19,3,4,80,0,22,5,4,18,13,13,11,Adzuna
51,Current employee,Travel_Rarely,770,Human Resources,5,3,Life Sciences,1,6886,130341,2,Female,56,2,3,Sales Executive,1,Married,10266,2845,5,Y,No,19,3,4,80,0,22,5,4,18,13,13,11,Adzuna
51,Current employee,Travel_Rarely,770,Human Resources,5,3,Life Sciences,1,6889,130344,2,Female,56,2,3,Sales Executive,1,Married,10266,2845,4,Y,No,19,3,4,80,0,22,5,4,18,13,13,11,Adzuna
51,Current employee,Travel_Rarely,770,Human Resources,5,3,Life Sciences,1,6890,130345,2,Female,56,2,3,Sales Executive,1,Married,10266,2845,5,Y,No,19,3,4,80,0,22,5,4,18,13,13,11,Adzuna
51,Current employee,Travel_Rarely,770,Human Resources,5,3,Life Sciences,1,6892,130347,2,Female,56,2,3,Sales Executive,1,Married,10266,2845,4,Y,No,19,3,4,80,0,22,5,4,18,13,13,11,Adzuna
51,Current employee,Travel_Rarely,770,Human Resources,5,3,Life Sciences,1,6893,130348,2,Female,56,2,3,Sales Executive,1,Married,10266,2845,5,Y,No,19,3,4,80,0,22,5,4,18,13,13,11,Adzuna
51,Current employee,Travel_Rarely,1318,Sales,26,4,Marketing,1,9891,133346,1,Female,66,3,4,Manager,3,Married,16307,5594,2,Y,No,14,4,3,80,1,29,2,2,20,6,4,17,Recruit.net
51,Current employee,Travel_Rarely,1318,Sales,26,4,Technical Degree,1,9894,133349,1,Female,66,3,4,Manager,3,Married,16307,5594,1,Y,No,14,4,3,80,1,29,2,2,20,6,4,17,Recruit.net
51,Current employee,Travel_Rarely,1318,Sales,26,4,Marketing,1,9897,133352,1,Female,66,3,4,Manager,3,Married,16307,5594,2,Y,No,14,3,3,80,1,29,2,2,20,6,4,17,Recruit.net
51,Current employee,Travel_Rarely,1318,Sales,26,4,Technical Degree,1,9898,133353,1,Female,66,3,4,Manager,3,Married,16307,5594,1,Y,No,14,3,3,80,1,29,2,2,20,6,4,17,Recruit.net
51,Current employee,Travel_Rarely,1318,Sales,26,4,Marketing,1,9899,133354,1,Female,66,3,4,Manager,3,Married,16307,5594,2,Y,No,14,4,3,80,1,29,2,2,20,6,4,17,Recruit.net
51,Current employee,Travel_Rarely,1318,Sales,26,4,Technical Degree,1,9902,133357,1,Female,66,3,4,Manager,3,Married,16307,5594,1,Y,No,14,4,3,80,1,29,2,2,20,6,4,17,Recruit.net
51,Current employee,Travel_Rarely,1318,Sales,26,4,Marketing,1,9905,133360,1,Female,66,3,4,Manager,3,Married,16307,5594,2,Y,No,14,3,3,80,1,29,2,2,20,6,4,17,Recruit.net
51,Current employee,Travel_Rarely,1318,Sales,26,4,Technical Degree,1,9906,133361,1,Female,66,3,4,Manager,3,Married,16307,5594,1,Y,No,14,3,3,80,1,29,2,2,20,6,4,17,Recruit.net
51,Current employee,Travel_Rarely,632,Sales,21,4,Marketing,1,10304,133759,3,Male,65,2,1,Sales Representative,2,Married,2899,12102,0,Y,No,19,4,4,80,1,3,3,3,2,2,1,2,Indeed
51,Current employee,Travel_Rarely,632,Sales,21,4,Other,1,10306,133761,3,Male,65,2,1,Sales Representative,2,Married,2899,12102,9,Y,No,19,3,4,80,1,3,3,3,2,2,1,2,Indeed
51,Current employee,Travel_Rarely,632,Sales,21,4,Marketing,1,10309,133764,3,Male,65,2,1,Sales Representative,2,Married,2899,12102,0,Y,No,19,3,4,80,1,3,3,3,2,2,1,2,Indeed
51,Current employee,Travel_Rarely,632,Sales,21,4,Other,1,10310,133765,3,Male,65,2,1,Sales Representative,2,Married,2899,12102,9,Y,No,19,3,4,80,1,3,3,3,2,2,1,2,Indeed
51,Current employee,Travel_Rarely,632,Sales,21,4,Marketing,1,10312,133767,3,Male,65,2,1,Sales Representative,2,Married,2899,12102,0,Y,No,19,4,4,80,1,3,3,3,2,2,1,2,Indeed
51,Current employee,Travel_Rarely,632,Sales,21,4,Other,1,10314,133769,3,Male,65,2,1,Sales Representative,2,Married,2899,12102,9,Y,No,19,3,4,80,1,3,3,3,2,2,1,2,Indeed
51,Current employee,Travel_Rarely,632,Sales,21,4,Marketing,1,10317,133772,3,Male,65,2,1,Sales Representative,2,Married,2899,12102,0,Y,No,19,3,4,80,1,3,3,3,2,2,1,2,Indeed
51,Current employee,Travel_Rarely,632,Sales,21,4,Other,1,10318,133773,3,Male,65,2,1,Sales Representative,2,Married,2899,12102,9,Y,No,19,3,4,80,1,3,3,3,2,2,1,2,Indeed
51,Current employee,Travel_Rarely,1318,Sales,26,4,Marketing,1,11323,134778,3,Male,68,4,3,Sales Executive,3,Single,7880,2560,0,Y,No,18,4,4,80,0,9,3,3,8,7,0,7,Adzuna
51,Current employee,Travel_Rarely,1318,Sales,26,4,Technical Degree,1,11325,134780,3,Male,68,4,3,Sales Executive,3,Single,7880,2560,8,Y,No,18,3,4,80,0,9,3,3,8,7,0,7,Adzuna
51,Current employee,Travel_Rarely,1318,Sales,26,4,Marketing,1,11328,134783,3,Male,68,4,3,Sales Executive,3,Single,7880,2560,0,Y,No,18,3,4,80,0,9,3,3,8,7,0,7,Adzuna
51,Current employee,Travel_Rarely,1318,Sales,26,4,Technical Degree,1,11329,134784,3,Male,68,4,3,Sales Executive,3,Single,7880,2560,8,Y,No,18,3,4,80,0,9,3,3,8,7,0,7,Adzuna
51,Current employee,Travel_Rarely,1318,Sales,26,4,Marketing,1,11331,134786,3,Male,68,4,3,Sales Executive,3,Single,7880,2560,0,Y,No,18,4,4,80,0,9,3,3,8,7,0,7,Adzuna
51,Current employee,Travel_Rarely,1318,Sales,26,4,Technical Degree,1,11333,134788,3,Male,68,4,3,Sales Executive,3,Single,7880,2560,8,Y,No,18,3,4,80,0,9,3,3,8,7,0,7,Adzuna
51,Current employee,Travel_Rarely,1318,Sales,26,4,Marketing,1,11335,134790,3,Male,68,4,3,Sales Executive,3,Single,7880,2560,0,Y,No,18,3,4,80,0,9,3,3,8,7,0,7,Adzuna
51,Current employee,Travel_Rarely,1318,Sales,26,4,Technical Degree,1,11336,134791,3,Male,68,4,3,Sales Executive,3,Single,7880,2560,8,Y,No,18,3,4,80,0,9,3,3,8,7,0,7,Adzuna
51,Current employee,Travel_Frequently,541,Sales,2,3,Marketing,1,11939,135394,3,Male,70,3,2,Healthcare Representative,2,Married,6385,12992,3,Y,Yes,14,3,4,80,2,17,3,3,8,7,6,7,GlassDoor
51,Current employee,Travel_Frequently,541,Sales,2,3,Life Sciences,1,11940,135395,3,Male,70,3,2,Healthcare Representative,2,Married,6385,12992,0,Y,Yes,14,3,4,80,2,17,3,3,8,7,6,7,GlassDoor
51,Current employee,Travel_Frequently,541,Sales,2,3,Marketing,1,11942,135397,3,Male,70,3,2,Healthcare Representative,2,Married,6385,12992,3,Y,Yes,14,3,4,80,2,17,3,3,8,7,6,7,GlassDoor
51,Current employee,Travel_Frequently,541,Sales,2,3,Life Sciences,1,11943,135398,3,Male,70,3,2,Healthcare Representative,2,Married,6385,12992,0,Y,Yes,14,3,4,80,2,17,3,3,8,7,6,7,GlassDoor
51,Current employee,Travel_Frequently,541,Sales,2,3,Marketing,1,11950,135405,3,Male,70,3,2,Healthcare Representative,2,Married,6385,12992,3,Y,Yes,14,3,4,80,2,17,3,3,8,7,6,7,GlassDoor
51,Current employee,Travel_Frequently,541,Sales,2,3,Life Sciences,1,11951,135406,3,Male,70,3,2,Healthcare Representative,2,Married,6385,12992,0,Y,Yes,14,3,4,80,2,17,3,3,8,7,6,7,GlassDoor
51,Current employee,Travel_Frequently,541,Sales,2,3,Marketing,1,11953,135408,3,Male,70,3,2,Healthcare Representative,2,Married,6385,12992,3,Y,Yes,14,3,4,80,2,17,3,3,8,7,6,7,GlassDoor
51,Current employee,Travel_Frequently,541,Sales,2,3,Life Sciences,1,11954,135409,3,Male,70,3,2,Healthcare Representative,2,Married,6385,12992,0,Y,Yes,14,3,4,80,2,17,3,3,8,7,6,7,GlassDoor
51,Current employee,Travel_Frequently,1456,Research & Development,1,4,Medical,1,13262,136717,3,Male,74,2,1,Research Scientist,3,Divorced,2703,22088,1,Y,Yes,14,3,4,80,1,3,2,3,3,1,0,2,LinkedIn
51,Current employee,Travel_Frequently,1456,Research & Development,1,4,Life Sciences,1,13263,136718,3,Male,74,2,1,Research Scientist,3,Divorced,2703,22088,2,Y,Yes,14,4,4,80,1,3,2,3,3,1,0,2,LinkedIn
51,Current employee,Travel_Frequently,1456,Research & Development,1,4,Medical,1,13267,136722,3,Male,74,2,1,Research Scientist,3,Divorced,2703,22088,1,Y,Yes,14,3,4,80,1,3,2,3,3,1,0,2,LinkedIn
51,Current employee,Travel_Frequently,1456,Research & Development,1,4,Life Sciences,1,13268,136723,3,Male,74,2,1,Research Scientist,3,Divorced,2703,22088,2,Y,Yes,14,3,4,80,1,3,2,3,3,1,0,2,LinkedIn
51,Current employee,Travel_Frequently,1456,Research & Development,1,4,Medical,1,13270,136725,3,Male,74,2,1,Research Scientist,3,Divorced,2703,22088,1,Y,Yes,14,3,4,80,1,3,2,3,3,1,0,2,LinkedIn
51,Current employee,Travel_Frequently,1456,Research & Development,1,4,Life Sciences,1,13271,136726,3,Male,74,2,1,Research Scientist,3,Divorced,2703,22088,2,Y,Yes,14,4,4,80,1,3,2,3,3,1,0,2,LinkedIn
51,Current employee,Travel_Frequently,1456,Research & Development,1,4,Medical,1,13275,136730,3,Male,74,2,1,Research Scientist,3,Divorced,2703,22088,1,Y,Yes,14,3,4,80,1,3,2,3,3,1,0,2,LinkedIn
51,Current employee,Travel_Frequently,1456,Research & Development,1,4,Life Sciences,1,13276,136731,3,Male,74,2,1,Research Scientist,3,Divorced,2703,22088,2,Y,Yes,14,3,4,80,1,3,2,3,3,1,0,2,LinkedIn
51,Current employee,Travel_Rarely,1169,Research & Development,7,4,Medical,1,13453,136908,3,Male,74,3,2,Sales Executive,1,Single,5155,2253,7,Y,No,13,4,4,80,0,9,3,4,6,4,1,5,Seek
51,Current employee,Travel_Rarely,1169,Research & Development,7,4,Marketing,1,13455,136910,3,Male,74,3,2,Sales Executive,1,Single,5155,2253,5,Y,No,13,3,4,80,0,9,3,4,6,4,1,5,Seek
51,Current employee,Travel_Rarely,1169,Research & Development,7,4,Medical,1,13458,136913,3,Male,74,3,2,Sales Executive,1,Single,5155,2253,7,Y,No,13,3,4,80,0,9,3,4,6,4,1,5,Seek
51,Current employee,Travel_Rarely,1169,Research & Development,7,4,Marketing,1,13459,136914,3,Male,74,3,2,Sales Executive,1,Single,5155,2253,5,Y,No,13,3,4,80,0,9,3,4,6,4,1,5,Seek
51,Current employee,Travel_Rarely,1169,Research & Development,7,4,Medical,1,13461,136916,3,Male,74,3,2,Sales Executive,1,Single,5155,2253,7,Y,No,13,4,4,80,0,9,3,4,6,4,1,5,Seek
51,Current employee,Travel_Rarely,1169,Research & Development,7,4,Marketing,1,13463,136918,3,Male,74,3,2,Sales Executive,1,Single,5155,2253,5,Y,No,13,3,4,80,0,9,3,4,6,4,1,5,Seek
51,Current employee,Travel_Rarely,1169,Research & Development,7,4,Medical,1,13466,136921,3,Male,74,3,2,Sales Executive,1,Single,5155,2253,7,Y,No,13,3,4,80,0,9,3,4,6,4,1,5,Seek
51,Current employee,Travel_Rarely,1169,Research & Development,7,4,Marketing,1,13467,136922,3,Male,74,3,2,Sales Executive,1,Single,5155,2253,5,Y,No,13,3,4,80,0,9,3,4,6,4,1,5,Seek
51,Current employee,Travel_Rarely,313,Research & Development,3,3,Medical,1,13690,137145,3,Female,75,3,1,Research Scientist,3,Married,4477,20100,4,Y,Yes,19,3,3,80,1,7,2,2,3,2,0,2,Recruit.net
51,Current employee,Travel_Rarely,313,Research & Development,3,3,Life Sciences,1,13691,137146,3,Female,75,3,1,Research Scientist,3,Married,4477,20100,3,Y,Yes,19,3,3,80,1,7,2,2,3,2,0,2,Recruit.net
51,Current employee,Travel_Rarely,313,Research & Development,3,3,Medical,1,13695,137150,3,Female,75,3,1,Research Scientist,3,Married,4477,20100,4,Y,Yes,19,3,3,80,1,7,2,2,3,2,0,2,Recruit.net
51,Current employee,Travel_Rarely,313,Research & Development,3,3,Life Sciences,1,13696,137151,3,Female,75,3,1,Research Scientist,3,Married,4477,20100,3,Y,Yes,19,3,3,80,1,7,2,2,3,2,0,2,Recruit.net
51,Current employee,Travel_Rarely,313,Research & Development,3,3,Medical,1,13698,137153,3,Female,75,3,1,Research Scientist,3,Married,4477,20100,4,Y,Yes,19,3,3,80,1,7,2,2,3,2,0,2,Recruit.net
51,Current employee,Travel_Rarely,313,Research & Development,3,3,Life Sciences,1,13699,137154,3,Female,75,3,1,Research Scientist,3,Married,4477,20100,3,Y,Yes,19,3,3,80,1,7,2,2,3,2,0,2,Recruit.net
51,Current employee,Travel_Rarely,313,Research & Development,3,3,Medical,1,13703,137158,3,Female,75,3,1,Research Scientist,3,Married,4477,20100,4,Y,Yes,19,3,3,80,1,7,2,2,3,2,0,2,Recruit.net
51,Current employee,Travel_Rarely,313,Research & Development,3,3,Life Sciences,1,13704,137159,3,Female,75,3,1,Research Scientist,3,Married,4477,20100,3,Y,Yes,19,3,3,80,1,7,2,2,3,2,0,2,Recruit.net
51,Current employee,Travel_Rarely,1302,Research & Development,2,3,Medical,1,14320,137775,3,Male,77,3,4,Research Director,4,Married,17779,23474,3,Y,No,14,3,1,80,0,36,2,3,10,9,0,9,LinkedIn
51,Current employee,Travel_Rarely,1302,Research & Development,2,3,Life Sciences,1,14321,137776,3,Male,77,3,4,Research Director,4,Married,17779,23474,1,Y,No,14,4,1,80,0,36,2,3,10,9,0,9,LinkedIn
51,Current employee,Travel_Rarely,1302,Research & Development,2,3,Medical,1,14323,137778,3,Male,77,3,4,Research Director,4,Married,17779,23474,3,Y,No,14,3,1,80,0,36,2,3,10,9,0,9,LinkedIn
51,Current employee,Travel_Rarely,1302,Research & Development,2,3,Life Sciences,1,14324,137779,3,Male,77,3,4,Research Director,4,Married,17779,23474,1,Y,No,14,3,1,80,0,36,2,3,10,9,0,9,LinkedIn
51,Current employee,Travel_Rarely,1302,Research & Development,2,3,Medical,1,14328,137783,3,Male,77,3,4,Research Director,4,Married,17779,23474,3,Y,No,14,3,1,80,0,36,2,3,10,9,0,9,LinkedIn
51,Current employee,Travel_Rarely,1302,Research & Development,2,3,Life Sciences,1,14329,137784,3,Male,77,3,4,Research Director,4,Married,17779,23474,1,Y,No,14,4,1,80,0,36,2,3,10,9,0,9,LinkedIn
51,Current employee,Travel_Rarely,1302,Research & Development,2,3,Medical,1,14331,137786,3,Male,77,3,4,Research Director,4,Married,17779,23474,3,Y,No,14,3,1,80,0,36,2,3,10,9,0,9,LinkedIn
51,Current employee,Travel_Rarely,1302,Research & Development,2,3,Life Sciences,1,14332,137787,3,Male,77,3,4,Research Director,4,Married,17779,23474,1,Y,No,14,3,1,80,0,36,2,3,10,9,0,9,LinkedIn
51,Current employee,Travel_Frequently,237,Sales,9,3,Life Sciences,1,14705,138160,4,Male,83,3,5,Manager,2,Divorced,19847,19196,4,Y,Yes,24,3,1,80,1,31,5,2,29,10,11,10,Company Website
51,Current employee,Travel_Frequently,237,Sales,9,3,Medical,1,14708,138163,4,Male,83,3,5,Manager,2,Divorced,19847,19196,1,Y,Yes,24,3,1,80,1,31,5,2,29,10,11,10,Company Website
51,Current employee,Travel_Frequently,237,Sales,9,3,Life Sciences,1,14711,138166,4,Male,83,3,5,Manager,2,Divorced,19847,19196,4,Y,Yes,24,4,1,80,1,31,5,2,29,10,11,10,Company Website
51,Current employee,Travel_Frequently,237,Sales,9,3,Medical,1,14712,138167,4,Male,83,3,5,Manager,2,Divorced,19847,19196,1,Y,Yes,24,4,1,80,1,31,5,2,29,10,11,10,Company Website
51,Current employee,Travel_Frequently,237,Sales,9,3,Life Sciences,1,14713,138168,4,Male,83,3,5,Manager,2,Divorced,19847,19196,4,Y,Yes,24,3,1,80,1,31,5,2,29,10,11,10,Company Website
51,Current employee,Travel_Frequently,237,Sales,9,3,Medical,1,14716,138171,4,Male,83,3,5,Manager,2,Divorced,19847,19196,1,Y,Yes,24,3,1,80,1,31,5,2,29,10,11,10,Company Website
51,Current employee,Travel_Frequently,237,Sales,9,3,Life Sciences,1,14719,138174,4,Male,83,3,5,Manager,2,Divorced,19847,19196,4,Y,Yes,24,4,1,80,1,31,5,2,29,10,11,10,Company Website
51,Current employee,Travel_Frequently,237,Sales,9,3,Medical,1,14720,138175,4,Male,83,3,5,Manager,2,Divorced,19847,19196,1,Y,Yes,24,4,1,80,1,31,5,2,29,10,11,10,Company Website
51,Current employee,Travel_Frequently,968,Research & Development,6,2,Medical,1,14896,138351,2,Female,40,2,1,Laboratory Technician,3,Single,2838,4257,0,Y,No,14,3,2,80,0,8,6,2,7,0,7,7,Recruit.net
51,Current employee,Travel_Frequently,968,Research & Development,6,2,Marketing,1,14898,138353,2,Female,40,2,1,Laboratory Technician,3,Single,2838,4257,1,Y,No,14,4,2,80,0,8,6,2,7,0,7,7,Recruit.net
51,Current employee,Travel_Frequently,968,Research & Development,6,2,Medical,1,14902,138357,2,Female,40,2,1,Laboratory Technician,3,Single,2838,4257,0,Y,No,14,3,2,80,0,8,6,2,7,0,7,7,Recruit.net
51,Current employee,Travel_Frequently,968,Research & Development,6,2,Marketing,1,14903,138358,2,Female,40,2,1,Laboratory Technician,3,Single,2838,4257,1,Y,No,14,3,2,80,0,8,6,2,7,0,7,7,Recruit.net
51,Current employee,Travel_Frequently,968,Research & Development,6,2,Medical,1,14904,138359,2,Female,40,2,1,Laboratory Technician,3,Single,2838,4257,0,Y,No,14,3,2,80,0,8,6,2,7,0,7,7,Recruit.net
51,Current employee,Travel_Frequently,968,Research & Development,6,2,Marketing,1,14906,138361,2,Female,40,2,1,Laboratory Technician,3,Single,2838,4257,1,Y,No,14,4,2,80,0,8,6,2,7,0,7,7,Recruit.net
51,Current employee,Travel_Frequently,968,Research & Development,6,2,Medical,1,14910,138365,2,Female,40,2,1,Laboratory Technician,3,Single,2838,4257,0,Y,No,14,3,2,80,0,8,6,2,7,0,7,7,Recruit.net
51,Current employee,Travel_Frequently,968,Research & Development,6,2,Marketing,1,14911,138366,2,Female,40,2,1,Laboratory Technician,3,Single,2838,4257,1,Y,No,14,3,2,80,0,8,6,2,7,0,7,7,Recruit.net
51,Current employee,Travel_Rarely,770,Human Resources,5,3,Life Sciences,1,15413,138868,3,Male,84,3,4,Manager,2,Divorced,14026,17588,1,Y,Yes,11,4,2,80,1,33,2,3,33,9,0,10,Seek
51,Current employee,Travel_Rarely,770,Human Resources,5,3,Life Sciences,1,15415,138870,3,Male,84,3,4,Manager,2,Divorced,14026,17588,1,Y,Yes,11,3,2,80,1,33,2,3,33,9,0,10,Seek
51,Current employee,Travel_Rarely,770,Human Resources,5,3,Life Sciences,1,15419,138874,3,Male,84,3,4,Manager,2,Divorced,14026,17588,1,Y,Yes,11,3,2,80,1,33,2,3,33,9,0,10,Seek
51,Current employee,Travel_Rarely,770,Human Resources,5,3,Life Sciences,1,15420,138875,3,Male,84,3,4,Manager,2,Divorced,14026,17588,1,Y,Yes,11,3,2,80,1,33,2,3,33,9,0,10,Seek
51,Current employee,Travel_Rarely,770,Human Resources,5,3,Life Sciences,1,15421,138876,3,Male,84,3,4,Manager,2,Divorced,14026,17588,1,Y,Yes,11,4,2,80,1,33,2,3,33,9,0,10,Seek
51,Current employee,Travel_Rarely,770,Human Resources,5,3,Life Sciences,1,15423,138878,3,Male,84,3,4,Manager,2,Divorced,14026,17588,1,Y,Yes,11,3,2,80,1,33,2,3,33,9,0,10,Seek
51,Current employee,Travel_Rarely,770,Human Resources,5,3,Life Sciences,1,15427,138882,3,Male,84,3,4,Manager,2,Divorced,14026,17588,1,Y,Yes,11,3,2,80,1,33,2,3,33,9,0,10,Seek
51,Current employee,Travel_Rarely,770,Human Resources,5,3,Life Sciences,1,15428,138883,3,Male,84,3,4,Manager,2,Divorced,14026,17588,1,Y,Yes,11,3,2,80,1,33,2,3,33,9,0,10,Seek
51,Current employee,Travel_Rarely,1405,Research & Development,11,2,Technical Degree,1,15555,139010,4,Female,82,2,4,Manufacturing Director,2,Single,13142,24439,3,Y,No,16,3,2,80,0,29,1,2,5,2,0,3,Recruit.net
51,Current employee,Travel_Rarely,1405,Research & Development,11,2,Medical,1,15558,139013,4,Female,82,2,4,Manufacturing Director,2,Single,13142,24439,1,Y,No,16,4,2,80,0,29,1,2,5,2,0,3,Recruit.net
51,Current employee,Travel_Rarely,1405,Research & Development,11,2,Technical Degree,1,15561,139016,4,Female,82,2,4,Manufacturing Director,2,Single,13142,24439,3,Y,No,16,3,2,80,0,29,1,2,5,2,0,3,Recruit.net
51,Current employee,Travel_Rarely,1405,Research & Development,11,2,Medical,1,15562,139017,4,Female,82,2,4,Manufacturing Director,2,Single,13142,24439,1,Y,No,16,3,2,80,0,29,1,2,5,2,0,3,Recruit.net
51,Current employee,Travel_Rarely,1405,Research & Development,11,2,Technical Degree,1,15563,139018,4,Female,82,2,4,Manufacturing Director,2,Single,13142,24439,3,Y,No,16,3,2,80,0,29,1,2,5,2,0,3,Recruit.net
51,Current employee,Travel_Rarely,1405,Research & Development,11,2,Medical,1,15566,139021,4,Female,82,2,4,Manufacturing Director,2,Single,13142,24439,1,Y,No,16,4,2,80,0,29,1,2,5,2,0,3,Recruit.net
51,Current employee,Travel_Rarely,1405,Research & Development,11,2,Technical Degree,1,15569,139024,4,Female,82,2,4,Manufacturing Director,2,Single,13142,24439,3,Y,No,16,3,2,80,0,29,1,2,5,2,0,3,Recruit.net
51,Current employee,Travel_Rarely,1405,Research & Development,11,2,Medical,1,15570,139025,4,Female,82,2,4,Manufacturing Director,2,Single,13142,24439,1,Y,No,16,3,2,80,0,29,1,2,5,2,0,3,Recruit.net
51,Current employee,Travel_Frequently,541,Sales,2,3,Marketing,1,15806,139261,2,Male,52,3,3,Sales Executive,2,Married,10596,15395,2,Y,No,11,3,2,80,0,14,5,3,4,2,3,2,Jora
51,Current employee,Travel_Frequently,541,Sales,2,3,Life Sciences,1,15808,139263,2,Male,52,3,3,Sales Executive,2,Married,10596,15395,4,Y,No,11,3,2,80,0,14,5,3,4,2,3,2,Jora
51,Current employee,Travel_Frequently,541,Sales,2,3,Marketing,1,15812,139267,2,Male,52,3,3,Sales Executive,2,Married,10596,15395,2,Y,No,11,3,2,80,0,14,5,3,4,2,3,2,Jora
51,Current employee,Travel_Frequently,541,Sales,2,3,Life Sciences,1,15813,139268,2,Male,52,3,3,Sales Executive,2,Married,10596,15395,4,Y,No,11,3,2,80,0,14,5,3,4,2,3,2,Jora
51,Current employee,Travel_Frequently,541,Sales,2,3,Marketing,1,15814,139269,2,Male,52,3,3,Sales Executive,2,Married,10596,15395,2,Y,No,11,3,2,80,0,14,5,3,4,2,3,2,Jora
51,Current employee,Travel_Frequently,541,Sales,2,3,Life Sciences,1,15816,139271,2,Male,52,3,3,Sales Executive,2,Married,10596,15395,4,Y,No,11,3,2,80,0,14,5,3,4,2,3,2,Jora
51,Current employee,Travel_Frequently,541,Sales,2,3,Marketing,1,15820,139275,2,Male,52,3,3,Sales Executive,2,Married,10596,15395,2,Y,No,11,3,2,80,0,14,5,3,4,2,3,2,Jora
51,Current employee,Travel_Frequently,541,Sales,2,3,Life Sciences,1,15821,139276,2,Male,52,3,3,Sales Executive,2,Married,10596,15395,4,Y,No,11,3,2,80,0,14,5,3,4,2,3,2,Jora
51,Current employee,Travel_Frequently,968,Research & Development,6,2,Medical,1,17369,140824,4,Female,84,3,1,Research Scientist,3,Single,4084,4156,1,Y,No,12,4,1,80,0,7,2,1,7,2,7,7,GlassDoor
51,Current employee,Travel_Frequently,968,Research & Development,6,2,Marketing,1,17371,140826,4,Female,84,3,1,Research Scientist,3,Single,4084,4156,3,Y,No,12,3,1,80,0,7,2,1,7,2,7,7,GlassDoor
51,Current employee,Travel_Frequently,968,Research & Development,6,2,Medical,1,17374,140829,4,Female,84,3,1,Research Scientist,3,Single,4084,4156,1,Y,No,12,3,1,80,0,7,2,1,7,2,7,7,GlassDoor
51,Current employee,Travel_Frequently,968,Research & Development,6,2,Marketing,1,17375,140830,4,Female,84,3,1,Research Scientist,3,Single,4084,4156,3,Y,No,12,3,1,80,0,7,2,1,7,2,7,7,GlassDoor
51,Current employee,Travel_Frequently,968,Research & Development,6,2,Medical,1,17377,140832,4,Female,84,3,1,Research Scientist,3,Single,4084,4156,1,Y,No,12,4,1,80,0,7,2,1,7,2,7,7,GlassDoor
51,Current employee,Travel_Frequently,968,Research & Development,6,2,Marketing,1,17379,140834,4,Female,84,3,1,Research Scientist,3,Single,4084,4156,3,Y,No,12,3,1,80,0,7,2,1,7,2,7,7,GlassDoor
51,Current employee,Travel_Frequently,968,Research & Development,6,2,Medical,1,17382,140837,4,Female,84,3,1,Research Scientist,3,Single,4084,4156,1,Y,No,12,3,1,80,0,7,2,1,7,2,7,7,GlassDoor
51,Current employee,Travel_Frequently,968,Research & Development,6,2,Marketing,1,17383,140838,4,Female,84,3,1,Research Scientist,3,Single,4084,4156,3,Y,No,12,3,1,80,0,7,2,1,7,2,7,7,GlassDoor
51,Current employee,Travel_Rarely,942,Research & Development,3,3,Technical Degree,1,20379,143834,1,Female,53,3,3,Manager,3,Married,13116,22984,2,Y,No,11,3,4,80,0,15,2,3,2,2,2,2,Indeed
51,Current employee,Travel_Rarely,942,Research & Development,3,3,Life Sciences,1,20382,143837,1,Female,53,3,3,Manager,3,Married,13116,22984,1,Y,No,11,3,4,80,0,15,2,3,2,2,2,2,Indeed
51,Current employee,Travel_Rarely,942,Research & Development,3,3,Technical Degree,1,20385,143840,1,Female,53,3,3,Manager,3,Married,13116,22984,2,Y,No,11,3,4,80,0,15,2,3,2,2,2,2,Indeed
51,Current employee,Travel_Rarely,942,Research & Development,3,3,Life Sciences,1,20386,143841,1,Female,53,3,3,Manager,3,Married,13116,22984,1,Y,No,11,3,4,80,0,15,2,3,2,2,2,2,Indeed
51,Current employee,Travel_Rarely,942,Research & Development,3,3,Technical Degree,1,20387,143842,1,Female,53,3,3,Manager,3,Married,13116,22984,2,Y,No,11,3,4,80,0,15,2,3,2,2,2,2,Indeed
51,Current employee,Travel_Rarely,942,Research & Development,3,3,Life Sciences,1,20390,143845,1,Female,53,3,3,Manager,3,Married,13116,22984,1,Y,No,11,3,4,80,0,15,2,3,2,2,2,2,Indeed
51,Current employee,Travel_Rarely,942,Research & Development,3,3,Technical Degree,1,20393,143848,1,Female,53,3,3,Manager,3,Married,13116,22984,2,Y,No,11,3,4,80,0,15,2,3,2,2,2,2,Indeed
51,Current employee,Travel_Rarely,942,Research & Development,3,3,Life Sciences,1,20394,143849,1,Female,53,3,3,Manager,3,Married,13116,22984,1,Y,No,11,3,4,80,0,15,2,3,2,2,2,2,Indeed
51,Current employee,Travel_Rarely,1405,Research & Development,11,2,Technical Degree,1,22744,146199,4,Male,98,3,1,Laboratory Technician,3,Married,2660,20232,7,Y,Yes,11,3,3,80,1,5,3,3,2,2,2,2,Adzuna
51,Current employee,Travel_Rarely,1405,Research & Development,11,2,Medical,1,22746,146201,4,Male,98,3,1,Laboratory Technician,3,Married,2660,20232,1,Y,Yes,11,4,3,80,1,5,3,3,2,2,2,2,Adzuna
51,Current employee,Travel_Rarely,1405,Research & Development,11,2,Technical Degree,1,22749,146204,4,Male,98,3,1,Laboratory Technician,3,Married,2660,20232,7,Y,Yes,11,3,3,80,1,5,3,3,2,2,2,2,Adzuna
51,Current employee,Travel_Rarely,1405,Research & Development,11,2,Medical,1,22750,146205,4,Male,98,3,1,Laboratory Technician,3,Married,2660,20232,1,Y,Yes,11,3,3,80,1,5,3,3,2,2,2,2,Adzuna
51,Current employee,Travel_Rarely,1405,Research & Development,11,2,Technical Degree,1,22752,146207,4,Male,98,3,1,Laboratory Technician,3,Married,2660,20232,7,Y,Yes,11,3,3,80,1,5,3,3,2,2,2,2,Adzuna
51,Current employee,Travel_Rarely,1405,Research & Development,11,2,Medical,1,22754,146209,4,Male,98,3,1,Laboratory Technician,3,Married,2660,20232,1,Y,Yes,11,4,3,80,1,5,3,3,2,2,2,2,Adzuna
51,Current employee,Travel_Rarely,1405,Research & Development,11,2,Technical Degree,1,22757,146212,4,Male,98,3,1,Laboratory Technician,3,Married,2660,20232,7,Y,Yes,11,3,3,80,1,5,3,3,2,2,2,2,Adzuna
51,Current employee,Travel_Rarely,1405,Research & Development,11,2,Medical,1,22758,146213,4,Male,98,3,1,Laboratory Technician,3,Married,2660,20232,1,Y,Yes,11,3,3,80,1,5,3,3,2,2,2,2,Adzuna
51,Current employee,Travel_Rarely,942,Research & Development,3,3,Technical Degree,1,23285,146740,4,Male,100,3,2,Healthcare Representative,3,Married,5689,24594,1,Y,Yes,14,3,4,80,2,10,2,4,10,2,0,2,Jora
51,Current employee,Travel_Rarely,942,Research & Development,3,3,Life Sciences,1,23286,146741,4,Male,100,3,2,Healthcare Representative,3,Married,5689,24594,0,Y,Yes,14,3,4,80,2,10,2,4,10,2,0,2,Jora
51,Current employee,Travel_Rarely,942,Research & Development,3,3,Technical Degree,1,23290,146745,4,Male,100,3,2,Healthcare Representative,3,Married,5689,24594,1,Y,Yes,14,3,4,80,2,10,2,4,10,2,0,2,Jora
51,Current employee,Travel_Rarely,942,Research & Development,3,3,Life Sciences,1,23291,146746,4,Male,100,3,2,Healthcare Representative,3,Married,5689,24594,0,Y,Yes,14,3,4,80,2,10,2,4,10,2,0,2,Jora
51,Current employee,Travel_Rarely,942,Research & Development,3,3,Technical Degree,1,23293,146748,4,Male,100,3,2,Healthcare Representative,3,Married,5689,24594,1,Y,Yes,14,3,4,80,2,10,2,4,10,2,0,2,Jora
51,Current employee,Travel_Rarely,942,Research & Development,3,3,Life Sciences,1,23294,146749,4,Male,100,3,2,Healthcare Representative,3,Married,5689,24594,0,Y,Yes,14,3,4,80,2,10,2,4,10,2,0,2,Jora
51,Current employee,Travel_Rarely,942,Research & Development,3,3,Technical Degree,1,23298,146753,4,Male,100,3,2,Healthcare Representative,3,Married,5689,24594,1,Y,Yes,14,3,4,80,2,10,2,4,10,2,0,2,Jora
51,Current employee,Travel_Rarely,942,Research & Development,3,3,Life Sciences,1,23299,146754,4,Male,100,3,2,Healthcare Representative,3,Married,5689,24594,0,Y,Yes,14,3,4,80,2,10,2,4,10,2,0,2,Jora
46,Voluntary Resignation,Travel_Rarely,669,Sales,9,2,Medical,1,1540,124995,3,Male,64,2,3,Sales Executive,4,Single,9619,13596,1,Y,No,16,3,4,80,0,9,3,3,9,8,4,7,Company Website
46,Voluntary Resignation,Travel_Rarely,669,Sales,9,2,Medical,1,1543,124998,3,Male,64,2,3,Sales Executive,4,Single,9619,13596,6,Y,No,16,3,4,80,0,9,3,3,9,8,4,7,Company Website
46,Voluntary Resignation,Travel_Rarely,669,Sales,9,2,Medical,1,1546,125001,3,Male,64,2,3,Sales Executive,4,Single,9619,13596,1,Y,No,16,3,4,80,0,9,3,3,9,8,4,7,Company Website
46,Voluntary Resignation,Travel_Rarely,669,Sales,9,2,Medical,1,1547,125002,3,Male,64,2,3,Sales Executive,4,Single,9619,13596,6,Y,No,16,3,4,80,0,9,3,3,9,8,4,7,Company Website
46,Voluntary Resignation,Travel_Rarely,669,Sales,9,2,Medical,1,1550,125005,3,Male,64,2,3,Sales Executive,4,Single,9619,13596,6,Y,No,16,3,4,80,0,9,3,3,9,8,4,7,Company Website
46,Voluntary Resignation,Travel_Rarely,669,Sales,9,2,Medical,1,1552,125007,3,Male,64,2,3,Sales Executive,4,Single,9619,13596,1,Y,No,16,3,4,80,0,9,3,3,9,8,4,7,Company Website
46,Voluntary Resignation,Travel_Rarely,669,Sales,9,2,Medical,1,1553,125008,3,Male,64,2,3,Sales Executive,4,Single,9619,13596,6,Y,No,16,3,4,80,0,9,3,3,9,8,4,7,Company Website
46,Voluntary Resignation,Travel_Rarely,1254,Sales,10,3,Life Sciences,1,9301,132756,3,Female,62,2,1,Research Scientist,1,Single,4381,7530,1,Y,No,11,3,3,80,0,6,3,3,6,5,1,3,Jora
46,Voluntary Resignation,Travel_Rarely,1254,Sales,10,3,Medical,1,9303,132758,3,Female,62,2,1,Research Scientist,1,Single,4381,7530,3,Y,No,11,3,3,80,0,6,3,3,6,5,1,3,Jora
46,Voluntary Resignation,Travel_Rarely,1254,Sales,10,3,Life Sciences,1,9306,132761,3,Female,62,2,1,Research Scientist,1,Single,4381,7530,1,Y,No,11,3,3,80,0,6,3,3,6,5,1,3,Jora
46,Voluntary Resignation,Travel_Rarely,1254,Sales,10,3,Medical,1,9307,132762,3,Female,62,2,1,Research Scientist,1,Single,4381,7530,3,Y,No,11,3,3,80,0,6,3,3,6,5,1,3,Jora
46,Voluntary Resignation,Travel_Rarely,1254,Sales,10,3,Life Sciences,1,9309,132764,3,Female,62,2,1,Research Scientist,1,Single,4381,7530,1,Y,No,11,3,3,80,0,6,3,3,6,5,1,3,Jora
46,Voluntary Resignation,Travel_Rarely,1254,Sales,10,3,Medical,1,9311,132766,3,Female,62,2,1,Research Scientist,1,Single,4381,7530,3,Y,No,11,3,3,80,0,6,3,3,6,5,1,3,Jora
46,Voluntary Resignation,Travel_Rarely,1254,Sales,10,3,Life Sciences,1,9314,132769,3,Female,62,2,1,Research Scientist,1,Single,4381,7530,1,Y,No,11,3,3,80,0,6,3,3,6,5,1,3,Jora
46,Voluntary Resignation,Travel_Rarely,1254,Sales,10,3,Medical,1,9315,132770,3,Female,62,2,1,Research Scientist,1,Single,4381,7530,3,Y,No,11,3,3,80,0,6,3,3,6,5,1,3,Jora
46,Voluntary Resignation,Travel_Rarely,377,Sales,9,3,Marketing,1,12057,135512,3,Female,71,4,1,Laboratory Technician,1,Single,2743,8269,1,Y,No,16,3,3,80,0,18,1,3,17,13,15,14,Jora
46,Voluntary Resignation,Travel_Rarely,377,Sales,9,3,Medical,1,12058,135513,3,Female,71,4,1,Laboratory Technician,1,Single,2743,8269,1,Y,No,16,3,3,80,0,18,1,3,17,13,15,14,Jora
46,Voluntary Resignation,Travel_Rarely,377,Sales,9,3,Marketing,1,12062,135517,3,Female,71,4,1,Laboratory Technician,1,Single,2743,8269,1,Y,No,16,3,3,80,0,18,1,3,17,13,15,14,Jora
46,Voluntary Resignation,Travel_Rarely,377,Sales,9,3,Medical,1,12063,135518,3,Female,71,4,1,Laboratory Technician,1,Single,2743,8269,1,Y,No,16,3,3,80,0,18,1,3,17,13,15,14,Jora
46,Voluntary Resignation,Travel_Rarely,377,Sales,9,3,Marketing,1,12065,135520,3,Female,71,4,1,Laboratory Technician,1,Single,2743,8269,1,Y,No,16,3,3,80,0,18,1,3,17,13,15,14,Jora
46,Voluntary Resignation,Travel_Rarely,377,Sales,9,3,Medical,1,12066,135521,3,Female,71,4,1,Laboratory Technician,1,Single,2743,8269,1,Y,No,16,3,3,80,0,18,1,3,17,13,15,14,Jora
46,Voluntary Resignation,Travel_Rarely,377,Sales,9,3,Marketing,1,12070,135525,3,Female,71,4,1,Laboratory Technician,1,Single,2743,8269,1,Y,No,16,3,3,80,0,18,1,3,17,13,15,14,Jora
46,Voluntary Resignation,Travel_Rarely,377,Sales,9,3,Medical,1,12071,135526,3,Female,71,4,1,Laboratory Technician,1,Single,2743,8269,1,Y,No,16,3,3,80,0,18,1,3,17,13,15,14,Jora
46,Voluntary Resignation,Travel_Rarely,669,Sales,9,2,Medical,1,13119,136574,3,Male,73,4,1,Sales Representative,4,Married,2791,21981,0,Y,No,12,3,1,80,1,3,4,3,2,2,2,2,Recruit.net
46,Voluntary Resignation,Travel_Rarely,669,Sales,9,2,Medical,1,13120,136575,3,Male,73,4,1,Sales Representative,4,Married,2791,21981,9,Y,No,12,3,1,80,1,3,4,3,2,2,2,2,Recruit.net
46,Voluntary Resignation,Travel_Rarely,669,Sales,9,2,Medical,1,13124,136579,3,Male,73,4,1,Sales Representative,4,Married,2791,21981,0,Y,No,12,3,1,80,1,3,4,3,2,2,2,2,Recruit.net
46,Voluntary Resignation,Travel_Rarely,669,Sales,9,2,Medical,1,13125,136580,3,Male,73,4,1,Sales Representative,4,Married,2791,21981,9,Y,No,12,3,1,80,1,3,4,3,2,2,2,2,Recruit.net
46,Voluntary Resignation,Travel_Rarely,669,Sales,9,2,Medical,1,13127,136582,3,Male,73,4,1,Sales Representative,4,Married,2791,21981,0,Y,No,12,3,1,80,1,3,4,3,2,2,2,2,Recruit.net
46,Voluntary Resignation,Travel_Rarely,669,Sales,9,2,Medical,1,13128,136583,3,Male,73,4,1,Sales Representative,4,Married,2791,21981,9,Y,No,12,3,1,80,1,3,4,3,2,2,2,2,Recruit.net
46,Voluntary Resignation,Travel_Rarely,669,Sales,9,2,Medical,1,13132,136587,3,Male,73,4,1,Sales Representative,4,Married,2791,21981,0,Y,No,12,3,1,80,1,3,4,3,2,2,2,2,Recruit.net
46,Voluntary Resignation,Travel_Rarely,669,Sales,9,2,Medical,1,13133,136588,3,Male,73,4,1,Sales Representative,4,Married,2791,21981,9,Y,No,12,3,1,80,1,3,4,3,2,2,2,2,Recruit.net
46,Voluntary Resignation,Travel_Rarely,377,Sales,9,3,Marketing,1,16507,139962,1,Male,52,3,3,Sales Executive,4,Divorced,10096,15986,4,Y,No,11,4,1,80,1,28,1,4,7,7,4,3,Recruit.net
46,Voluntary Resignation,Travel_Rarely,377,Sales,9,3,Medical,1,16509,139964,1,Male,52,3,3,Sales Executive,4,Divorced,10096,15986,6,Y,No,11,3,1,80,1,28,1,4,7,7,4,3,Recruit.net
46,Voluntary Resignation,Travel_Rarely,377,Sales,9,3,Marketing,1,16513,139968,1,Male,52,3,3,Sales Executive,4,Divorced,10096,15986,4,Y,No,11,3,1,80,1,28,1,4,7,7,4,3,Recruit.net
46,Voluntary Resignation,Travel_Rarely,377,Sales,9,3,Medical,1,16514,139969,1,Male,52,3,3,Sales Executive,4,Divorced,10096,15986,6,Y,No,11,3,1,80,1,28,1,4,7,7,4,3,Recruit.net
46,Voluntary Resignation,Travel_Rarely,377,Sales,9,3,Marketing,1,16515,139970,1,Male,52,3,3,Sales Executive,4,Divorced,10096,15986,4,Y,No,11,4,1,80,1,28,1,4,7,7,4,3,Recruit.net
46,Voluntary Resignation,Travel_Rarely,377,Sales,9,3,Medical,1,16517,139972,1,Male,52,3,3,Sales Executive,4,Divorced,10096,15986,6,Y,No,11,3,1,80,1,28,1,4,7,7,4,3,Recruit.net
46,Voluntary Resignation,Travel_Rarely,377,Sales,9,3,Marketing,1,16521,139976,1,Male,52,3,3,Sales Executive,4,Divorced,10096,15986,4,Y,No,11,3,1,80,1,28,1,4,7,7,4,3,Recruit.net
46,Voluntary Resignation,Travel_Rarely,377,Sales,9,3,Medical,1,16522,139977,1,Male,52,3,3,Sales Executive,4,Divorced,10096,15986,6,Y,No,11,3,1,80,1,28,1,4,7,7,4,3,Recruit.net
46,Voluntary Resignation,Travel_Rarely,261,Research & Development,21,2,Medical,1,19253,142708,4,Female,89,3,1,Sales Representative,3,Married,2655,11740,2,Y,Yes,11,3,3,80,2,19,3,3,9,7,7,7,Company Website
46,Voluntary Resignation,Travel_Rarely,261,Research & Development,21,2,Other,1,19255,142710,4,Female,89,3,1,Sales Representative,3,Married,2655,11740,9,Y,Yes,11,3,3,80,2,19,3,3,9,7,7,7,Company Website
46,Voluntary Resignation,Travel_Rarely,261,Research & Development,21,2,Medical,1,19256,142711,4,Female,89,3,1,Sales Representative,3,Married,2655,11740,2,Y,Yes,11,3,3,80,2,19,3,3,9,7,7,7,Company Website
46,Voluntary Resignation,Travel_Rarely,261,Research & Development,21,2,Other,1,19257,142712,4,Female,89,3,1,Sales Representative,3,Married,2655,11740,9,Y,Yes,11,3,3,80,2,19,3,3,9,7,7,7,Company Website
46,Voluntary Resignation,Travel_Rarely,261,Research & Development,21,2,Medical,1,19261,142716,4,Female,89,3,1,Sales Representative,3,Married,2655,11740,2,Y,Yes,11,3,3,80,2,19,3,3,9,7,7,7,Company Website
46,Voluntary Resignation,Travel_Rarely,261,Research & Development,21,2,Other,1,19263,142718,4,Female,89,3,1,Sales Representative,3,Married,2655,11740,9,Y,Yes,11,3,3,80,2,19,3,3,9,7,7,7,Company Website
46,Voluntary Resignation,Travel_Rarely,261,Research & Development,21,2,Medical,1,19264,142719,4,Female,89,3,1,Sales Representative,3,Married,2655,11740,2,Y,Yes,11,3,3,80,2,19,3,3,9,7,7,7,Company Website
46,Voluntary Resignation,Travel_Rarely,261,Research & Development,21,2,Other,1,19265,142720,4,Female,89,3,1,Sales Representative,3,Married,2655,11740,9,Y,Yes,11,3,3,80,2,19,3,3,9,7,7,7,Company Website
46,Voluntary Resignation,Travel_Rarely,261,Research & Development,21,2,Medical,1,20747,144202,4,Female,66,3,2,Healthcare Representative,2,Married,8926,10842,4,Y,No,22,3,4,80,1,13,2,4,9,7,3,7,Indeed
46,Voluntary Resignation,Travel_Rarely,261,Research & Development,21,2,Other,1,20750,144205,4,Female,66,3,2,Healthcare Representative,2,Married,8926,10842,0,Y,No,22,3,4,80,1,13,2,4,9,7,3,7,Indeed
46,Voluntary Resignation,Travel_Rarely,261,Research & Development,21,2,Medical,1,20753,144208,4,Female,66,3,2,Healthcare Representative,2,Married,8926,10842,4,Y,No,22,4,4,80,1,13,2,4,9,7,3,7,Indeed
46,Voluntary Resignation,Travel_Rarely,261,Research & Development,21,2,Other,1,20754,144209,4,Female,66,3,2,Healthcare Representative,2,Married,8926,10842,0,Y,No,22,4,4,80,1,13,2,4,9,7,3,7,Indeed
46,Voluntary Resignation,Travel_Rarely,261,Research & Development,21,2,Medical,1,20755,144210,4,Female,66,3,2,Healthcare Representative,2,Married,8926,10842,4,Y,No,22,3,4,80,1,13,2,4,9,7,3,7,Indeed
46,Voluntary Resignation,Travel_Rarely,261,Research & Development,21,2,Other,1,20758,144213,4,Female,66,3,2,Healthcare Representative,2,Married,8926,10842,0,Y,No,22,3,4,80,1,13,2,4,9,7,3,7,Indeed
46,Voluntary Resignation,Travel_Rarely,261,Research & Development,21,2,Medical,1,20761,144216,4,Female,66,3,2,Healthcare Representative,2,Married,8926,10842,4,Y,No,22,4,4,80,1,13,2,4,9,7,3,7,Indeed
46,Voluntary Resignation,Travel_Rarely,261,Research & Development,21,2,Other,1,20762,144217,4,Female,66,3,2,Healthcare Representative,2,Married,8926,10842,0,Y,No,22,4,4,80,1,13,2,4,9,7,3,7,Indeed
46,Voluntary Resignation,Travel_Rarely,1254,Sales,10,3,Life Sciences,1,21306,144761,3,Female,30,3,3,Sales Executive,2,Married,7314,14011,5,Y,No,21,3,3,80,3,14,2,3,8,7,0,7,Jora
46,Voluntary Resignation,Travel_Rarely,1254,Sales,10,3,Medical,1,21308,144763,3,Female,30,3,3,Sales Executive,2,Married,7314,14011,6,Y,No,21,3,3,80,3,14,2,3,8,7,0,7,Jora
46,Voluntary Resignation,Travel_Rarely,1254,Sales,10,3,Life Sciences,1,21312,144767,3,Female,30,3,3,Sales Executive,2,Married,7314,14011,5,Y,No,21,4,3,80,3,14,2,3,8,7,0,7,Jora
46,Voluntary Resignation,Travel_Rarely,1254,Sales,10,3,Medical,1,21313,144768,3,Female,30,3,3,Sales Executive,2,Married,7314,14011,6,Y,No,21,4,3,80,3,14,2,3,8,7,0,7,Jora
46,Voluntary Resignation,Travel_Rarely,1254,Sales,10,3,Life Sciences,1,21314,144769,3,Female,30,3,3,Sales Executive,2,Married,7314,14011,5,Y,No,21,3,3,80,3,14,2,3,8,7,0,7,Jora
46,Voluntary Resignation,Travel_Rarely,1254,Sales,10,3,Medical,1,21316,144771,3,Female,30,3,3,Sales Executive,2,Married,7314,14011,6,Y,No,21,3,3,80,3,14,2,3,8,7,0,7,Jora
46,Voluntary Resignation,Travel_Rarely,1254,Sales,10,3,Life Sciences,1,21320,144775,3,Female,30,3,3,Sales Executive,2,Married,7314,14011,5,Y,No,21,4,3,80,3,14,2,3,8,7,0,7,Jora
46,Voluntary Resignation,Travel_Rarely,1254,Sales,10,3,Medical,1,21321,144776,3,Female,30,3,3,Sales Executive,2,Married,7314,14011,6,Y,No,21,4,3,80,3,14,2,3,8,7,0,7,Jora
46,Current employee,Travel_Rarely,705,Sales,2,4,Marketing,1,595,124050,2,Female,83,3,5,Manager,1,Single,18947,22822,3,Y,No,12,3,4,80,0,22,2,2,2,2,2,1,Company Website
46,Current employee,Travel_Rarely,705,Sales,2,4,Life Sciences,1,597,124052,2,Female,83,3,5,Manager,1,Single,18947,22822,1,Y,No,12,3,4,80,0,22,2,2,2,2,2,1,Company Website
46,Current employee,Travel_Rarely,705,Sales,2,4,Marketing,1,601,124056,2,Female,83,3,5,Manager,1,Single,18947,22822,3,Y,No,12,3,4,80,0,22,2,2,2,2,2,1,Company Website
46,Current employee,Travel_Rarely,705,Sales,2,4,Life Sciences,1,602,124057,2,Female,83,3,5,Manager,1,Single,18947,22822,1,Y,No,12,3,4,80,0,22,2,2,2,2,2,1,Company Website
46,Current employee,Travel_Rarely,705,Sales,2,4,Marketing,1,603,124058,2,Female,83,3,5,Manager,1,Single,18947,22822,3,Y,No,12,3,4,80,0,22,2,2,2,2,2,1,Company Website
46,Current employee,Travel_Rarely,705,Sales,2,4,Life Sciences,1,605,124060,2,Female,83,3,5,Manager,1,Single,18947,22822,1,Y,No,12,3,4,80,0,22,2,2,2,2,2,1,Company Website
46,Current employee,Travel_Rarely,705,Sales,2,4,Marketing,1,609,124064,2,Female,83,3,5,Manager,1,Single,18947,22822,3,Y,No,12,3,4,80,0,22,2,2,2,2,2,1,Company Website
46,Current employee,Travel_Rarely,705,Sales,2,4,Life Sciences,1,610,124065,2,Female,83,3,5,Manager,1,Single,18947,22822,1,Y,No,12,3,4,80,0,22,2,2,2,2,2,1,Company Website
46,Current employee,Travel_Frequently,1211,Sales,5,4,Marketing,1,903,124358,1,Male,98,3,2,Sales Executive,4,Single,5772,20445,4,Y,Yes,21,3,3,80,0,14,4,3,9,6,0,8,Seek
46,Current employee,Travel_Frequently,1211,Sales,5,4,Life Sciences,1,905,124360,1,Male,98,3,2,Sales Executive,4,Single,5772,20445,5,Y,Yes,21,3,3,80,0,14,4,3,9,6,0,8,Seek
46,Current employee,Travel_Frequently,1211,Sales,5,4,Marketing,1,909,124364,1,Male,98,3,2,Sales Executive,4,Single,5772,20445,4,Y,Yes,21,4,3,80,0,14,4,3,9,6,0,8,Seek
46,Current employee,Travel_Frequently,1211,Sales,5,4,Life Sciences,1,910,124365,1,Male,98,3,2,Sales Executive,4,Single,5772,20445,5,Y,Yes,21,4,3,80,0,14,4,3,9,6,0,8,Seek
46,Current employee,Travel_Frequently,1211,Sales,5,4,Marketing,1,911,124366,1,Male,98,3,2,Sales Executive,4,Single,5772,20445,4,Y,Yes,21,3,3,80,0,14,4,3,9,6,0,8,Seek
46,Current employee,Travel_Frequently,1211,Sales,5,4,Life Sciences,1,913,124368,1,Male,98,3,2,Sales Executive,4,Single,5772,20445,5,Y,Yes,21,3,3,80,0,14,4,3,9,6,0,8,Seek
46,Current employee,Travel_Frequently,1211,Sales,5,4,Marketing,1,917,124372,1,Male,98,3,2,Sales Executive,4,Single,5772,20445,4,Y,Yes,21,4,3,80,0,14,4,3,9,6,0,8,Seek
46,Current employee,Travel_Frequently,1211,Sales,5,4,Life Sciences,1,918,124373,1,Male,98,3,2,Sales Executive,4,Single,5772,20445,5,Y,Yes,21,4,3,80,0,14,4,3,9,6,0,8,Seek
46,Current employee,Travel_Rarely,945,Human Resources,5,2,Medical,1,1391,124846,2,Male,80,3,2,Human Resources,2,Divorced,5021,10425,8,Y,Yes,22,3,4,80,1,16,2,3,4,2,0,2,Jora
46,Current employee,Travel_Rarely,945,Human Resources,5,2,Life Sciences,1,1394,124849,2,Male,80,3,2,Human Resources,2,Divorced,5021,10425,0,Y,Yes,22,4,4,80,1,16,2,3,4,2,0,2,Jora
46,Current employee,Travel_Rarely,945,Human Resources,5,2,Medical,1,1397,124852,2,Male,80,3,2,Human Resources,2,Divorced,5021,10425,8,Y,Yes,22,4,4,80,1,16,2,3,4,2,0,2,Jora
46,Current employee,Travel_Rarely,945,Human Resources,5,2,Life Sciences,1,1398,124853,2,Male,80,3,2,Human Resources,2,Divorced,5021,10425,0,Y,Yes,22,4,4,80,1,16,2,3,4,2,0,2,Jora
46,Current employee,Travel_Rarely,945,Human Resources,5,2,Life Sciences,1,1401,124856,2,Male,80,3,2,Human Resources,2,Divorced,5021,10425,0,Y,Yes,22,4,4,80,1,16,2,3,4,2,0,2,Jora
46,Current employee,Travel_Rarely,945,Human Resources,5,2,Medical,1,1404,124859,2,Male,80,3,2,Human Resources,2,Divorced,5021,10425,8,Y,Yes,22,4,4,80,1,16,2,3,4,2,0,2,Jora
46,Current employee,Travel_Rarely,945,Human Resources,5,2,Life Sciences,1,1405,124860,2,Male,80,3,2,Human Resources,2,Divorced,5021,10425,0,Y,Yes,22,4,4,80,1,16,2,3,4,2,0,2,Jora
46,Current employee,Travel_Frequently,638,Research & Development,1,3,Medical,1,1599,125054,3,Male,40,2,3,Healthcare Representative,1,Married,10673,3142,2,Y,Yes,13,3,3,80,1,21,5,2,10,9,9,5,Seek
46,Current employee,Travel_Frequently,638,Research & Development,1,3,Human Resources,1,1601,125056,3,Male,40,2,3,Healthcare Representative,1,Married,10673,3142,0,Y,Yes,13,3,3,80,1,21,5,2,10,9,9,5,Seek
46,Current employee,Travel_Frequently,638,Research & Development,1,3,Medical,1,1605,125060,3,Male,40,2,3,Healthcare Representative,1,Married,10673,3142,2,Y,Yes,13,3,3,80,1,21,5,2,10,9,9,5,Seek
46,Current employee,Travel_Frequently,638,Research & Development,1,3,Human Resources,1,1606,125061,3,Male,40,2,3,Healthcare Representative,1,Married,10673,3142,0,Y,Yes,13,3,3,80,1,21,5,2,10,9,9,5,Seek
46,Current employee,Travel_Frequently,638,Research & Development,1,3,Human Resources,1,1608,125063,3,Male,40,2,3,Healthcare Representative,1,Married,10673,3142,0,Y,Yes,13,3,3,80,1,21,5,2,10,9,9,5,Seek
46,Current employee,Travel_Frequently,638,Research & Development,1,3,Medical,1,1612,125067,3,Male,40,2,3,Healthcare Representative,1,Married,10673,3142,2,Y,Yes,13,3,3,80,1,21,5,2,10,9,9,5,Seek
46,Current employee,Travel_Frequently,638,Research & Development,1,3,Human Resources,1,1613,125068,3,Male,40,2,3,Healthcare Representative,1,Married,10673,3142,0,Y,Yes,13,3,3,80,1,21,5,2,10,9,9,5,Seek
46,Current employee,Travel_Rarely,526,Sales,1,2,Marketing,1,2928,126383,2,Female,92,3,3,Sales Executive,1,Divorced,10453,2137,1,Y,No,25,4,3,80,3,24,2,3,24,13,15,7,Seek
46,Current employee,Travel_Rarely,526,Sales,1,2,Human Resources,1,2930,126385,2,Female,92,3,3,Sales Executive,1,Divorced,10453,2137,4,Y,No,25,3,3,80,3,24,2,3,24,13,15,7,Seek
46,Current employee,Travel_Rarely,526,Sales,1,2,Marketing,1,2934,126389,2,Female,92,3,3,Sales Executive,1,Divorced,10453,2137,1,Y,No,25,4,3,80,3,24,2,3,24,13,15,7,Seek
46,Current employee,Travel_Rarely,526,Sales,1,2,Human Resources,1,2935,126390,2,Female,92,3,3,Sales Executive,1,Divorced,10453,2137,4,Y,No,25,4,3,80,3,24,2,3,24,13,15,7,Seek
46,Current employee,Travel_Rarely,526,Sales,1,2,Marketing,1,2936,126391,2,Female,92,3,3,Sales Executive,1,Divorced,10453,2137,1,Y,No,25,4,3,80,3,24,2,3,24,13,15,7,Seek
46,Current employee,Travel_Rarely,526,Sales,1,2,Human Resources,1,2938,126393,2,Female,92,3,3,Sales Executive,1,Divorced,10453,2137,4,Y,No,25,3,3,80,3,24,2,3,24,13,15,7,Seek
46,Current employee,Travel_Rarely,526,Sales,1,2,Marketing,1,2942,126397,2,Female,92,3,3,Sales Executive,1,Divorced,10453,2137,1,Y,No,25,4,3,80,3,24,2,3,24,13,15,7,Seek
46,Current employee,Travel_Rarely,526,Sales,1,2,Human Resources,1,2943,126398,2,Female,92,3,3,Sales Executive,1,Divorced,10453,2137,4,Y,No,25,4,3,80,3,24,2,3,24,13,15,7,Seek
46,Current employee,Travel_Rarely,1009,Research & Development,2,3,Life Sciences,1,3284,126739,1,Male,46,2,2,Manufacturing Director,1,Married,4298,9679,5,Y,No,19,3,3,80,1,6,1,3,2,2,2,0,Indeed
46,Current employee,Travel_Rarely,1009,Research & Development,2,3,Life Sciences,1,3286,126741,1,Male,46,2,2,Manufacturing Director,1,Married,4298,9679,1,Y,No,19,3,3,80,1,6,1,3,2,2,2,0,Indeed
46,Current employee,Travel_Rarely,1009,Research & Development,2,3,Life Sciences,1,3289,126744,1,Male,46,2,2,Manufacturing Director,1,Married,4298,9679,5,Y,No,19,3,3,80,1,6,1,3,2,2,2,0,Indeed
46,Current employee,Travel_Rarely,1009,Research & Development,2,3,Life Sciences,1,3290,126745,1,Male,46,2,2,Manufacturing Director,1,Married,4298,9679,1,Y,No,19,3,3,80,1,6,1,3,2,2,2,0,Indeed
46,Current employee,Travel_Rarely,1009,Research & Development,2,3,Life Sciences,1,3292,126747,1,Male,46,2,2,Manufacturing Director,1,Married,4298,9679,5,Y,No,19,3,3,80,1,6,1,3,2,2,2,0,Indeed
46,Current employee,Travel_Rarely,1009,Research & Development,2,3,Life Sciences,1,3294,126749,1,Male,46,2,2,Manufacturing Director,1,Married,4298,9679,1,Y,No,19,3,3,80,1,6,1,3,2,2,2,0,Indeed
46,Current employee,Travel_Rarely,1009,Research & Development,2,3,Life Sciences,1,3297,126752,1,Male,46,2,2,Manufacturing Director,1,Married,4298,9679,5,Y,No,19,3,3,80,1,6,1,3,2,2,2,0,Indeed
46,Current employee,Travel_Rarely,1009,Research & Development,2,3,Life Sciences,1,3298,126753,1,Male,46,2,2,Manufacturing Director,1,Married,4298,9679,1,Y,No,19,3,3,80,1,6,1,3,2,2,2,0,Indeed
46,Current employee,Travel_Rarely,644,Research & Development,1,4,Medical,1,3431,126886,4,Male,97,3,3,Healthcare Representative,1,Divorced,9396,12368,7,Y,No,16,3,3,80,1,17,3,3,4,2,0,3,Adzuna
46,Current employee,Travel_Rarely,644,Research & Development,1,4,Human Resources,,3433,126888,4,Male,97,3,3,Healthcare Representative,1,Divorced,9396,12368,0,Y,No,16,3,3,80,1,17,3,3,4,2,0,3,Adzuna
46,Current employee,Travel_Rarely,644,Research & Development,1,4,Medical,1,3437,126892,4,Male,97,3,3,Healthcare Representative,1,Divorced,9396,12368,7,Y,No,16,3,3,80,1,17,3,3,4,2,0,3,Adzuna
46,Current employee,Travel_Rarely,644,Research & Development,1,4,Human Resources,1,3438,126893,4,Male,97,3,3,Healthcare Representative,1,Divorced,9396,12368,0,Y,No,16,3,3,80,1,17,3,3,4,2,0,3,Adzuna
46,Current employee,Travel_Rarely,644,Research & Development,1,4,Medical,1,3439,126894,4,Male,97,3,3,Healthcare Representative,1,Divorced,9396,12368,7,Y,No,16,3,3,80,1,17,3,3,4,2,0,3,Adzuna
46,Current employee,Travel_Rarely,644,Research & Development,1,4,Human Resources,1,3441,126896,4,Male,97,3,3,Healthcare Representative,1,Divorced,9396,12368,0,Y,No,16,3,3,80,1,17,3,3,4,2,0,3,Adzuna
46,Current employee,Travel_Rarely,644,Research & Development,1,4,Medical,1,3445,126900,4,Male,97,3,3,Healthcare Representative,1,Divorced,9396,12368,7,Y,No,16,3,3,80,1,17,3,3,4,2,0,3,Adzuna
46,Current employee,Travel_Rarely,644,Research & Development,1,4,Human Resources,1,3446,126901,4,Male,97,3,3,Healthcare Representative,1,Divorced,9396,12368,0,Y,No,16,3,3,80,1,17,3,3,4,2,0,3,Adzuna
46,Current employee,Travel_Rarely,488,Sales,2,3,Technical Degree,1,4292,127747,3,Female,75,1,4,Manager,2,Married,16872,14977,3,Y,Yes,12,3,2,80,1,28,2,2,7,7,7,7,Company Website
46,Current employee,Travel_Rarely,488,Sales,2,3,Life Sciences,1,4294,127749,3,Female,75,1,4,Manager,2,Married,16872,14977,1,Y,Yes,12,3,2,80,1,28,2,2,7,7,7,7,Company Website
46,Current employee,Travel_Rarely,488,Sales,2,3,Technical Degree,1,4298,127753,3,Female,75,1,4,Manager,2,Married,16872,14977,3,Y,Yes,12,3,2,80,1,28,2,2,7,7,7,7,Company Website
46,Current employee,Travel_Rarely,488,Sales,2,3,Life Sciences,1,4299,127754,3,Female,75,1,4,Manager,2,Married,16872,14977,1,Y,Yes,12,3,2,80,1,28,2,2,7,7,7,7,Company Website
46,Current employee,Travel_Rarely,488,Sales,2,3,Technical Degree,1,4300,127755,3,Female,75,1,4,Manager,2,Married,16872,14977,3,Y,Yes,12,3,2,80,1,28,2,2,7,7,7,7,Company Website
46,Current employee,Travel_Rarely,488,Sales,2,3,Life Sciences,1,4302,127757,3,Female,75,1,4,Manager,2,Married,16872,14977,1,Y,Yes,12,3,2,80,1,28,2,2,7,7,7,7,Company Website
46,Current employee,Travel_Rarely,488,Sales,2,3,Technical Degree,1,4306,127761,3,Female,75,1,4,Manager,2,Married,16872,14977,3,Y,Yes,12,3,2,80,1,28,2,2,7,7,7,7,Company Website
46,Current employee,Travel_Rarely,488,Sales,2,3,Life Sciences,1,4307,127762,3,Female,75,1,4,Manager,2,Married,16872,14977,1,Y,Yes,12,3,2,80,1,28,2,2,7,7,7,7,Company Website
46,Current employee,Travel_Rarely,1003,Research & Development,8,4,Life Sciences,1,5545,129000,2,Female,52,3,3,Manufacturing Director,4,Single,7143,25713,1,Y,Yes,14,3,3,80,0,11,2,2,11,9,4,10,Company Website
46,Current employee,Travel_Rarely,1003,Research & Development,8,4,Medical,1,5547,129002,2,Female,52,3,3,Manufacturing Director,4,Single,7143,25713,1,Y,Yes,14,3,3,80,0,11,2,2,11,9,4,10,Company Website
46,Current employee,Travel_Rarely,1003,Research & Development,8,4,Life Sciences,1,5550,129005,2,Female,52,3,3,Manufacturing Director,4,Single,7143,25713,1,Y,Yes,14,3,3,80,0,11,2,2,11,9,4,10,Company Website
46,Current employee,Travel_Rarely,1003,Research & Development,8,4,Medical,1,5551,129006,2,Female,52,3,3,Manufacturing Director,4,Single,7143,25713,1,Y,Yes,14,3,3,80,0,11,2,2,11,9,4,10,Company Website
46,Current employee,Travel_Rarely,1003,Research & Development,8,4,Life Sciences,1,5553,129008,2,Female,52,3,3,Manufacturing Director,4,Single,7143,25713,1,Y,Yes,14,3,3,80,0,11,2,2,11,9,4,10,Company Website
46,Current employee,Travel_Rarely,1003,Research & Development,8,4,Medical,1,5555,129010,2,Female,52,3,3,Manufacturing Director,4,Single,7143,25713,1,Y,Yes,14,3,3,80,0,11,2,2,11,9,4,10,Company Website
46,Current employee,Travel_Rarely,1003,Research & Development,8,4,Life Sciences,1,5558,129013,2,Female,52,3,3,Manufacturing Director,4,Single,7143,25713,1,Y,Yes,14,3,3,80,0,11,2,2,11,9,4,10,Company Website
46,Current employee,Travel_Rarely,1003,Research & Development,8,4,Medical,1,5559,129014,2,Female,52,3,3,Manufacturing Director,4,Single,7143,25713,1,Y,Yes,14,3,3,80,0,11,2,2,11,9,4,10,Company Website
46,Current employee,Non-Travel,1144,Research & Development,7,4,Medical,1,5908,129363,3,Female,30,3,2,Manufacturing Director,3,Married,5258,16044,2,Y,No,14,3,3,80,0,7,2,4,1,0,0,0,Indeed
46,Current employee,Non-Travel,1144,Research & Development,7,4,Marketing,1,5910,129365,3,Female,30,3,2,Manufacturing Director,3,Married,5258,16044,1,Y,No,14,3,3,80,0,7,2,4,1,0,0,0,Indeed
46,Current employee,Non-Travel,1144,Research & Development,7,4,Medical,1,5914,129369,3,Female,30,3,2,Manufacturing Director,3,Married,5258,16044,2,Y,No,14,3,3,80,0,7,2,4,1,0,0,0,Indeed
46,Current employee,Non-Travel,1144,Research & Development,7,4,Marketing,1,5915,129370,3,Female,30,3,2,Manufacturing Director,3,Married,5258,16044,1,Y,No,14,3,3,80,0,7,2,4,1,0,0,0,Indeed
46,Current employee,Non-Travel,1144,Research & Development,7,4,Medical,1,5916,129371,3,Female,30,3,2,Manufacturing Director,3,Married,5258,16044,2,Y,No,14,3,3,80,0,7,2,4,1,0,0,0,Indeed
46,Current employee,Non-Travel,1144,Research & Development,7,4,Marketing,1,5918,129373,3,Female,30,3,2,Manufacturing Director,3,Married,5258,16044,1,Y,No,14,3,3,80,0,7,2,4,1,0,0,0,Indeed
46,Current employee,Non-Travel,1144,Research & Development,7,4,Medical,1,5921,129376,3,Female,30,3,2,Manufacturing Director,3,Married,5258,16044,2,Y,No,14,3,3,80,0,7,2,4,1,0,0,0,Indeed
46,Current employee,Non-Travel,1144,Research & Development,7,4,Marketing,1,5922,129377,3,Female,30,3,2,Manufacturing Director,3,Married,5258,16044,1,Y,No,14,3,3,80,0,7,2,4,1,0,0,0,Indeed
46,Current employee,Travel_Rarely,1450,Research & Development,15,2,Life Sciences,1,6184,129639,2,Male,54,3,1,Research Scientist,1,Single,3102,6582,0,Y,No,22,3,3,80,0,7,2,3,6,4,0,4,Seek
46,Current employee,Travel_Rarely,1450,Research & Development,15,2,Medical,1,6186,129641,2,Male,54,3,1,Research Scientist,1,Single,3102,6582,3,Y,No,22,4,3,80,0,7,2,3,6,4,0,4,Seek
46,Current employee,Travel_Rarely,1450,Research & Development,15,2,Life Sciences,1,6189,129644,2,Male,54,3,1,Research Scientist,1,Single,3102,6582,0,Y,No,22,4,3,80,0,7,2,3,6,4,0,4,Seek
46,Current employee,Travel_Rarely,1450,Research & Development,15,2,Medical,1,6190,129645,2,Male,54,3,1,Research Scientist,1,Single,3102,6582,3,Y,No,22,4,3,80,0,7,2,3,6,4,0,4,Seek
46,Current employee,Travel_Rarely,1450,Research & Development,15,2,Life Sciences,1,6192,129647,2,Male,54,3,1,Research Scientist,1,Single,3102,6582,0,Y,No,22,3,3,80,0,7,2,3,6,4,0,4,Seek
46,Current employee,Travel_Rarely,1450,Research & Development,15,2,Medical,1,6194,129649,2,Male,54,3,1,Research Scientist,1,Single,3102,6582,3,Y,No,22,4,3,80,0,7,2,3,6,4,0,4,Seek
46,Current employee,Travel_Rarely,1450,Research & Development,15,2,Life Sciences,1,6197,129652,2,Male,54,3,1,Research Scientist,1,Single,3102,6582,0,Y,No,22,4,3,80,0,7,2,3,6,4,0,4,Seek
46,Current employee,Travel_Rarely,1450,Research & Development,15,2,Medical,1,6198,129653,2,Male,54,3,1,Research Scientist,1,Single,3102,6582,3,Y,No,22,4,3,80,0,7,2,3,6,4,0,4,Seek
46,Current employee,Travel_Rarely,1485,Research & Development,18,3,Medical,1,6656,130111,3,Female,87,3,2,Manufacturing Director,3,Divorced,4810,26314,2,Y,No,14,3,3,80,1,19,5,2,10,7,0,8,Referral
46,Current employee,Travel_Rarely,1485,Research & Development,18,3,Medical,1,6659,130114,3,Female,87,3,2,Manufacturing Director,3,Divorced,4810,26314,1,Y,No,14,3,3,80,1,19,5,2,10,7,0,8,Referral
46,Current employee,Travel_Rarely,1485,Research & Development,18,3,Medical,1,6662,130117,3,Female,87,3,2,Manufacturing Director,3,Divorced,4810,26314,2,Y,No,14,3,3,80,1,19,5,2,10,7,0,8,Referral
46,Current employee,Travel_Rarely,1485,Research & Development,18,3,Medical,1,6663,130118,3,Female,87,3,2,Manufacturing Director,3,Divorced,4810,26314,1,Y,No,14,3,3,80,1,19,5,2,10,7,0,8,Referral
46,Current employee,Travel_Rarely,1485,Research & Development,18,3,Medical,1,6666,130121,3,Female,87,3,2,Manufacturing Director,3,Divorced,4810,26314,1,Y,No,14,3,3,80,1,19,5,2,10,7,0,8,Referral
46,Current employee,Travel_Rarely,1485,Research & Development,18,3,Medical,1,6669,130124,3,Female,87,3,2,Manufacturing Director,3,Divorced,4810,26314,2,Y,No,14,3,3,80,1,19,5,2,10,7,0,8,Referral
46,Current employee,Travel_Rarely,1485,Research & Development,18,3,Medical,1,6670,130125,3,Female,87,3,2,Manufacturing Director,3,Divorced,4810,26314,1,Y,No,14,3,3,80,1,19,5,2,10,7,0,8,Referral
46,Current employee,Travel_Rarely,991,Human Resources,1,2,Life Sciences,1,6672,130127,2,Female,55,2,2,Healthcare Representative,4,Married,4523,4386,0,Y,No,11,3,4,80,3,7,4,4,6,5,0,4,Company Website
46,Current employee,Travel_Rarely,991,Human Resources,1,2,Life Sciences,1,6673,130128,2,Female,55,2,2,Healthcare Representative,4,Married,4523,4386,0,Y,No,11,3,4,80,3,7,4,4,6,5,0,4,Company Website
46,Current employee,Travel_Rarely,991,Human Resources,1,2,Life Sciences,1,6677,130132,2,Female,55,2,2,Healthcare Representative,4,Married,4523,4386,0,Y,No,11,3,4,80,3,7,4,4,6,5,0,4,Company Website
46,Current employee,Travel_Rarely,991,Human Resources,1,2,Life Sciences,1,6678,130133,2,Female,55,2,2,Healthcare Representative,4,Married,4523,4386,0,Y,No,11,3,4,80,3,7,4,4,6,5,0,4,Company Website
46,Current employee,Travel_Rarely,991,Human Resources,1,2,Life Sciences,1,6679,130134,2,Female,55,2,2,Healthcare Representative,4,Married,4523,4386,0,Y,No,11,3,4,80,3,7,4,4,6,5,0,4,Company Website
46,Current employee,Travel_Rarely,991,Human Resources,1,2,Life Sciences,1,6680,130135,2,Female,55,2,2,Healthcare Representative,4,Married,4523,4386,0,Y,No,11,3,4,80,3,7,4,4,6,5,0,4,Company Website
46,Current employee,Travel_Rarely,991,Human Resources,1,2,Life Sciences,1,6684,130139,2,Female,55,2,2,Healthcare Representative,4,Married,4523,4386,0,Y,No,11,3,4,80,3,7,4,4,6,5,0,4,Company Website
46,Current employee,Travel_Rarely,991,Human Resources,1,2,Life Sciences,1,6685,130140,2,Female,55,2,2,Healthcare Representative,4,Married,4523,4386,0,Y,No,11,3,4,80,3,7,4,4,6,5,0,4,Company Website
46,Current employee,Travel_Rarely,1009,Research & Development,2,3,Life Sciences,1,6911,130366,1,Male,51,3,4,Research Director,3,Married,17861,2288,6,Y,No,13,3,3,80,0,26,2,1,3,2,0,1,Company Website
46,Current employee,Travel_Rarely,1009,Research & Development,2,3,Life Sciences,1,6914,130369,1,Male,51,3,4,Research Director,3,Married,17861,2288,1,Y,No,13,3,3,80,0,26,2,1,3,2,0,1,Company Website
46,Current employee,Travel_Rarely,1009,Research & Development,2,3,Life Sciences,1,6917,130372,1,Male,51,3,4,Research Director,3,Married,17861,2288,6,Y,No,13,3,3,80,0,26,2,1,3,2,0,1,Company Website
46,Current employee,Travel_Rarely,1009,Research & Development,2,3,Life Sciences,1,6918,130373,1,Male,51,3,4,Research Director,3,Married,17861,2288,1,Y,No,13,3,3,80,0,26,2,1,3,2,0,1,Company Website
46,Current employee,Travel_Rarely,1009,Research & Development,2,3,Life Sciences,1,6921,130376,1,Male,51,3,4,Research Director,3,Married,17861,2288,1,Y,No,13,3,3,80,0,26,2,1,3,2,0,1,Company Website
46,Current employee,Travel_Rarely,1009,Research & Development,2,3,Life Sciences,1,6924,130379,1,Male,51,3,4,Research Director,3,Married,17861,2288,6,Y,No,13,3,3,80,0,26,2,1,3,2,0,1,Company Website
46,Current employee,Travel_Rarely,1009,Research & Development,2,3,Life Sciences,1,6925,130380,1,Male,51,3,4,Research Director,3,Married,17861,2288,1,Y,No,13,3,3,80,0,26,2,1,3,2,0,1,Company Website
46,Current employee,Travel_Rarely,1125,Sales,10,3,Marketing,1,6969,130424,3,Female,94,2,3,Sales Executive,4,Married,9071,11563,2,Y,Yes,19,4,3,80,1,15,3,3,3,2,1,2,Company Website
46,Current employee,Travel_Rarely,1125,Sales,10,3,Medical,1,6971,130426,3,Female,94,2,3,Sales Executive,4,Married,9071,11563,6,Y,Yes,19,3,3,80,1,15,3,3,3,2,1,2,Company Website
46,Current employee,Travel_Rarely,1125,Sales,10,3,Marketing,1,6325,130428,3,Female,94,2,3,Sales Executive,4,Married,9071,11563,2,Y,Yes,19,3,3,80,1,15,3,3,3,2,1,2,Company Website
46,Current employee,Travel_Rarely,1125,Sales,10,3,Medical,1,6974,130429,3,Female,94,2,3,Sales Executive,4,Married,9071,11563,6,Y,Yes,19,3,3,80,1,15,3,3,3,2,1,2,Company Website
46,Current employee,Travel_Rarely,1125,Sales,10,3,Medical,1,6978,130433,3,Female,94,2,3,Sales Executive,4,Married,9071,11563,6,Y,Yes,19,3,3,80,1,15,3,3,3,2,1,2,Company Website
46,Current employee,Travel_Rarely,1125,Sales,10,3,Marketing,1,6980,130435,3,Female,94,2,3,Sales Executive,4,Married,9071,11563,2,Y,Yes,19,3,3,80,1,15,3,3,3,2,1,2,Company Website
46,Current employee,Travel_Rarely,1125,Sales,10,3,Medical,1,6981,130436,3,Female,94,2,3,Sales Executive,4,Married,9071,11563,6,Y,Yes,19,3,3,80,1,15,3,3,3,2,1,2,Company Website
46,Current employee,Travel_Frequently,1034,Research & Development,18,1,Medical,1,7465,130920,1,Female,86,3,3,Healthcare Representative,3,Married,10527,8984,5,Y,No,11,4,4,80,0,28,3,2,2,2,1,2,Jora
46,Current employee,Travel_Frequently,1034,Research & Development,18,1,Medical,1,7467,130922,1,Female,86,3,3,Healthcare Representative,3,Married,10527,8984,0,Y,No,11,3,4,80,0,28,3,2,2,2,1,2,Jora
46,Current employee,Travel_Frequently,1034,Research & Development,18,1,Medical,1,7471,130926,1,Female,86,3,3,Healthcare Representative,3,Married,10527,8984,5,Y,No,11,3,4,80,0,28,3,2,2,2,1,2,Jora
46,Current employee,Travel_Frequently,1034,Research & Development,18,1,Medical,1,7472,130927,1,Female,86,3,3,Healthcare Representative,3,Married,10527,8984,0,Y,No,11,3,4,80,0,28,3,2,2,2,1,2,Jora
46,Current employee,Travel_Frequently,1034,Research & Development,18,1,Medical,1,7473,130928,1,Female,86,3,3,Healthcare Representative,3,Married,10527,8984,5,Y,No,11,4,4,80,0,28,3,2,2,2,1,2,Jora
46,Current employee,Travel_Frequently,1034,Research & Development,18,1,Medical,1,7474,130929,1,Female,86,3,3,Healthcare Representative,3,Married,10527,8984,0,Y,No,11,3,4,80,0,28,3,2,2,2,1,2,Jora
46,Current employee,Travel_Frequently,1034,Research & Development,18,1,Medical,1,7478,130933,1,Female,86,3,3,Healthcare Representative,3,Married,10527,8984,5,Y,No,11,3,4,80,0,28,3,2,2,2,1,2,Jora
46,Current employee,Travel_Frequently,1034,Research & Development,18,1,Medical,1,7479,130934,1,Female,86,3,3,Healthcare Representative,3,Married,10527,8984,0,Y,No,11,3,4,80,0,28,3,2,2,2,1,2,Jora
46,Current employee,Travel_Rarely,228,Sales,3,3,Life Sciences,1,7622,131077,2,Male,58,3,2,Sales Executive,2,Married,6272,7428,1,Y,No,20,3,4,80,2,6,5,4,5,3,1,4,Adzuna
46,Current employee,Travel_Rarely,228,Sales,3,3,Life Sciences,1,7623,131078,2,Male,58,3,2,Sales Executive,2,Married,6272,7428,5,Y,No,20,3,4,80,2,6,5,4,5,3,1,4,Adzuna
46,Current employee,Travel_Rarely,228,Sales,3,3,Life Sciences,1,7627,131082,2,Male,58,3,2,Sales Executive,2,Married,6272,7428,1,Y,No,20,4,4,80,2,6,5,4,5,3,1,4,Adzuna
46,Current employee,Travel_Rarely,228,Sales,3,3,Life Sciences,1,7628,131083,2,Male,58,3,2,Sales Executive,2,Married,6272,7428,5,Y,No,20,4,4,80,2,6,5,4,5,3,1,4,Adzuna
46,Current employee,Travel_Rarely,228,Sales,3,3,Life Sciences,1,7630,131085,2,Male,58,3,2,Sales Executive,2,Married,6272,7428,1,Y,No,20,3,4,80,2,6,5,4,5,3,1,4,Adzuna
46,Current employee,Travel_Rarely,228,Sales,3,3,Life Sciences,1,7631,131086,2,Male,58,3,2,Sales Executive,2,Married,6272,7428,5,Y,No,20,3,4,80,2,6,5,4,5,3,1,4,Adzuna
46,Current employee,Travel_Rarely,228,Sales,3,3,Life Sciences,1,7635,131090,2,Male,58,3,2,Sales Executive,2,Married,6272,7428,1,Y,No,20,4,4,80,2,6,5,4,5,3,1,4,Adzuna
46,Current employee,Travel_Rarely,228,Sales,3,3,Life Sciences,1,7636,131091,2,Male,58,3,2,Sales Executive,2,Married,6272,7428,5,Y,No,20,4,4,80,2,6,5,4,5,3,1,4,Adzuna
46,Current employee,Travel_Rarely,563,Sales,1,4,Life Sciences,1,8040,131495,2,Female,59,3,2,Sales Executive,1,Single,8381,7507,7,Y,No,20,3,4,80,0,18,2,4,14,7,8,10,Company Website
46,Current employee,Travel_Rarely,563,Sales,1,4,Life Sciences,1,8042,131497,2,Female,59,3,2,Sales Executive,1,Single,8381,7507,4,Y,No,20,3,4,80,0,18,2,4,14,7,8,10,Company Website
46,Current employee,Travel_Rarely,563,Sales,1,4,Life Sciences,1,8043,131498,2,Female,59,3,2,Sales Executive,1,Single,8381,7507,7,Y,No,20,4,4,80,0,18,2,4,14,7,8,10,Company Website
46,Current employee,Travel_Rarely,563,Sales,1,4,Life Sciences,1,8044,131499,2,Female,59,3,2,Sales Executive,1,Single,8381,7507,4,Y,No,20,4,4,80,0,18,2,4,14,7,8,10,Company Website
46,Current employee,Travel_Rarely,563,Sales,1,4,Life Sciences,1,8048,131503,2,Female,59,3,2,Sales Executive,1,Single,8381,7507,7,Y,No,20,3,4,80,0,18,2,4,14,7,8,10,Company Website
46,Current employee,Travel_Rarely,563,Sales,1,4,Life Sciences,1,8050,131505,2,Female,59,3,2,Sales Executive,1,Single,8381,7507,4,Y,No,20,3,4,80,0,18,2,4,14,7,8,10,Company Website
46,Current employee,Travel_Rarely,563,Sales,1,4,Life Sciences,1,8051,131506,2,Female,59,3,2,Sales Executive,1,Single,8381,7507,7,Y,No,20,4,4,80,0,18,2,4,14,7,8,10,Company Website
46,Current employee,Travel_Rarely,563,Sales,1,4,Life Sciences,1,8052,131507,2,Female,59,3,2,Sales Executive,1,Single,8381,7507,4,Y,No,20,4,4,80,0,18,2,4,14,7,8,10,Company Website
46,Current employee,Travel_Rarely,717,Research & Development,13,4,Life Sciences,1,8674,132129,2,Female,60,1,1,Research Scientist,2,Single,2216,3872,7,Y,Yes,13,3,4,80,0,10,4,3,7,7,3,7,Indeed
46,Current employee,Travel_Rarely,717,Research & Development,13,4,Medical,1,8676,132131,2,Female,60,1,1,Research Scientist,2,Single,2216,3872,3,Y,Yes,13,3,4,80,0,10,4,3,7,7,3,7,Indeed
46,Current employee,Travel_Rarely,717,Research & Development,13,4,Life Sciences,1,8679,132134,2,Female,60,1,1,Research Scientist,2,Single,2216,3872,7,Y,Yes,13,3,4,80,0,10,4,3,7,7,3,7,Indeed
46,Current employee,Travel_Rarely,717,Research & Development,13,4,Medical,1,8680,132135,2,Female,60,1,1,Research Scientist,2,Single,2216,3872,3,Y,Yes,13,3,4,80,0,10,4,3,7,7,3,7,Indeed
46,Current employee,Travel_Rarely,717,Research & Development,13,4,Life Sciences,1,8684,132139,2,Female,60,1,1,Research Scientist,2,Single,2216,3872,7,Y,Yes,13,3,4,80,0,10,4,3,7,7,3,7,Indeed
46,Current employee,Travel_Rarely,717,Research & Development,13,4,Medical,1,8686,132141,2,Female,60,1,1,Research Scientist,2,Single,2216,3872,3,Y,Yes,13,3,4,80,0,10,4,3,7,7,3,7,Indeed
46,Current employee,Travel_Rarely,717,Research & Development,13,4,Life Sciences,1,8689,132144,2,Female,60,1,1,Research Scientist,2,Single,2216,3872,7,Y,Yes,13,3,4,80,0,10,4,3,7,7,3,7,Indeed
46,Current employee,Travel_Rarely,717,Research & Development,13,4,Medical,1,8690,132145,2,Female,60,1,1,Research Scientist,2,Single,2216,3872,3,Y,Yes,13,3,4,80,0,10,4,3,7,7,3,7,Indeed
46,Current employee,Travel_Rarely,1277,Sales,2,3,Life Sciences,1,8728,132183,2,Male,60,1,1,Laboratory Technician,3,Single,3708,2104,2,Y,No,14,3,3,80,0,9,5,3,5,2,1,4,Recruit.net
46,Current employee,Travel_Rarely,1277,Sales,2,3,Life Sciences,1,8729,132184,2,Male,60,1,1,Laboratory Technician,3,Single,3708,2104,1,Y,No,14,3,3,80,0,9,5,3,5,2,1,4,Recruit.net
46,Current employee,Travel_Rarely,1277,Sales,2,3,Life Sciences,1,8733,132188,2,Male,60,1,1,Laboratory Technician,3,Single,3708,2104,2,Y,No,14,3,3,80,0,9,5,3,5,2,1,4,Recruit.net
46,Current employee,Travel_Rarely,1277,Sales,2,3,Life Sciences,1,8734,132189,2,Male,60,1,1,Laboratory Technician,3,Single,3708,2104,1,Y,No,14,3,3,80,0,9,5,3,5,2,1,4,Recruit.net
46,Current employee,Travel_Rarely,1277,Sales,2,3,Life Sciences,1,8736,132191,2,Male,60,1,1,Laboratory Technician,3,Single,3708,2104,2,Y,No,14,3,3,80,0,9,5,3,5,2,1,4,Recruit.net
46,Current employee,Travel_Rarely,1277,Sales,2,3,Life Sciences,1,8737,132192,2,Male,60,1,1,Laboratory Technician,3,Single,3708,2104,1,Y,No,14,3,3,80,0,9,5,3,5,2,1,4,Recruit.net
46,Current employee,Travel_Rarely,1277,Sales,2,3,Life Sciences,1,8741,132196,2,Male,60,1,1,Laboratory Technician,3,Single,3708,2104,2,Y,No,14,3,3,80,0,9,5,3,5,2,1,4,Recruit.net
46,Current employee,Travel_Rarely,1277,Sales,2,3,Life Sciences,1,8742,132197,2,Male,60,1,1,Laboratory Technician,3,Single,3708,2104,1,Y,No,14,3,3,80,0,9,5,3,5,2,1,4,Recruit.net
46,Current employee,Non-Travel,849,Sales,26,2,Life Sciences,1,8981,132436,2,Male,61,3,1,Research Scientist,3,Married,3057,20471,6,Y,Yes,13,3,2,80,1,6,0,1,1,0,0,1,Indeed
46,Current employee,Non-Travel,849,Sales,26,2,Technical Degree,1,8983,132438,2,Male,61,3,1,Research Scientist,3,Married,3057,20471,4,Y,Yes,13,4,2,80,1,6,0,1,1,0,0,1,Indeed
46,Current employee,Non-Travel,849,Sales,26,2,Life Sciences,1,8986,132441,2,Male,61,3,1,Research Scientist,3,Married,3057,20471,6,Y,Yes,13,3,2,80,1,6,0,1,1,0,0,1,Indeed
46,Current employee,Non-Travel,849,Sales,26,2,Technical Degree,1,8987,132442,2,Male,61,3,1,Research Scientist,3,Married,3057,20471,4,Y,Yes,13,3,2,80,1,6,0,1,1,0,0,1,Indeed
46,Current employee,Non-Travel,849,Sales,26,2,Life Sciences,1,8989,132444,2,Male,61,3,1,Research Scientist,3,Married,3057,20471,6,Y,Yes,13,3,2,80,1,6,0,1,1,0,0,1,Indeed
46,Current employee,Non-Travel,849,Sales,26,2,Technical Degree,1,8991,132446,2,Male,61,3,1,Research Scientist,3,Married,3057,20471,4,Y,Yes,13,4,2,80,1,6,0,1,1,0,0,1,Indeed
46,Current employee,Non-Travel,849,Sales,26,2,Life Sciences,1,8993,132448,2,Male,61,3,1,Research Scientist,3,Married,3057,20471,6,Y,Yes,13,3,2,80,1,6,0,1,1,0,0,1,Indeed
46,Current employee,Non-Travel,849,Sales,26,2,Technical Degree,1,8994,132449,2,Male,61,3,1,Research Scientist,3,Married,3057,20471,4,Y,Yes,13,3,2,80,1,6,0,1,1,0,0,1,Indeed
46,Current employee,Travel_Rarely,706,Research & Development,2,2,Life Sciences,1,9207,132662,3,Male,62,2,2,Sales Executive,1,Single,5326,3064,6,Y,No,17,3,3,80,0,6,2,2,4,3,1,2,Company Website
46,Current employee,Travel_Rarely,706,Research & Development,2,2,Life Sciences,1,9208,132663,3,Male,62,2,2,Sales Executive,1,Single,5326,3064,4,Y,No,17,3,3,80,0,6,2,2,4,3,1,2,Company Website
46,Current employee,Travel_Rarely,706,Research & Development,2,2,Life Sciences,1,9212,132667,3,Male,62,2,2,Sales Executive,1,Single,5326,3064,6,Y,No,17,3,3,80,0,6,2,2,4,3,1,2,Company Website
46,Current employee,Travel_Rarely,706,Research & Development,2,2,Life Sciences,1,9213,132668,3,Male,62,2,2,Sales Executive,1,Single,5326,3064,4,Y,No,17,3,3,80,0,6,2,2,4,3,1,2,Company Website
46,Current employee,Travel_Rarely,706,Research & Development,2,2,Life Sciences,1,9215,132670,3,Male,62,2,2,Sales Executive,1,Single,5326,3064,6,Y,No,17,3,3,80,0,6,2,2,4,3,1,2,Company Website
46,Current employee,Travel_Rarely,706,Research & Development,2,2,Life Sciences,1,9216,132671,3,Male,62,2,2,Sales Executive,1,Single,5326,3064,4,Y,No,17,3,3,80,0,6,2,2,4,3,1,2,Company Website
46,Current employee,Travel_Rarely,706,Research & Development,2,2,Life Sciences,1,9220,132675,3,Male,62,2,2,Sales Executive,1,Single,5326,3064,6,Y,No,17,3,3,80,0,6,2,2,4,3,1,2,Company Website
46,Current employee,Travel_Rarely,706,Research & Development,2,2,Life Sciences,1,9221,132676,3,Male,62,2,2,Sales Executive,1,Single,5326,3064,4,Y,No,17,3,3,80,0,6,2,2,4,3,1,2,Company Website
46,Current employee,Travel_Rarely,705,Sales,2,4,Marketing,1,10176,133631,3,Male,65,3,2,Sales Executive,1,Married,4194,14363,1,Y,Yes,18,3,4,80,0,5,3,3,5,3,0,3,LinkedIn
46,Current employee,Travel_Rarely,705,Sales,2,4,Life Sciences,1,10177,133632,3,Male,65,3,2,Sales Executive,1,Married,4194,14363,4,Y,Yes,18,3,4,80,0,5,3,3,5,3,0,3,LinkedIn
46,Current employee,Travel_Rarely,705,Sales,2,4,Marketing,1,10181,133636,3,Male,65,3,2,Sales Executive,1,Married,4194,14363,1,Y,Yes,18,3,4,80,0,5,3,3,5,3,0,3,LinkedIn
46,Current employee,Travel_Rarely,705,Sales,2,4,Life Sciences,1,10182,133637,3,Male,65,3,2,Sales Executive,1,Married,4194,14363,4,Y,Yes,18,3,4,80,0,5,3,3,5,3,0,3,LinkedIn
46,Current employee,Travel_Rarely,705,Sales,2,4,Marketing,1,10184,133639,3,Male,65,3,2,Sales Executive,1,Married,4194,14363,1,Y,Yes,18,3,4,80,0,5,3,3,5,3,0,3,LinkedIn
46,Current employee,Travel_Rarely,705,Sales,2,4,Life Sciences,1,10185,133640,3,Male,65,3,2,Sales Executive,1,Married,4194,14363,4,Y,Yes,18,3,4,80,0,5,3,3,5,3,0,3,LinkedIn
46,Current employee,Travel_Rarely,705,Sales,2,4,Marketing,1,10189,133644,3,Male,65,3,2,Sales Executive,1,Married,4194,14363,1,Y,Yes,18,3,4,80,0,5,3,3,5,3,0,3,LinkedIn
46,Current employee,Travel_Rarely,705,Sales,2,4,Life Sciences,1,10190,133645,3,Male,65,3,2,Sales Executive,1,Married,4194,14363,4,Y,Yes,18,3,4,80,0,5,3,3,5,3,0,3,LinkedIn
46,Current employee,Travel_Frequently,1211,Sales,5,4,Marketing,1,10240,133695,3,Male,65,2,2,Sales Executive,1,Married,4256,18154,1,Y,No,12,3,1,80,0,5,1,4,5,2,0,3,Seek
46,Current employee,Travel_Frequently,1211,Sales,5,4,Life Sciences,1,10242,133697,3,Male,65,2,2,Sales Executive,1,Married,4256,18154,5,Y,No,12,4,1,80,0,5,1,4,5,2,0,3,Seek
46,Current employee,Travel_Frequently,1211,Sales,5,4,Marketing,1,10245,133700,3,Male,65,2,2,Sales Executive,1,Married,4256,18154,1,Y,No,12,3,1,80,0,5,1,4,5,2,0,3,Seek
46,Current employee,Travel_Frequently,1211,Sales,5,4,Life Sciences,1,10246,133701,3,Male,65,2,2,Sales Executive,1,Married,4256,18154,5,Y,No,12,3,1,80,0,5,1,4,5,2,0,3,Seek
46,Current employee,Travel_Frequently,1211,Sales,5,4,Marketing,1,10248,133703,3,Male,65,2,2,Sales Executive,1,Married,4256,18154,1,Y,No,12,3,1,80,0,5,1,4,5,2,0,3,Seek
46,Current employee,Travel_Frequently,1211,Sales,5,4,Life Sciences,1,10250,133705,3,Male,65,2,2,Sales Executive,1,Married,4256,18154,5,Y,No,12,4,1,80,0,5,1,4,5,2,0,3,Seek
46,Current employee,Travel_Frequently,1211,Sales,5,4,Marketing,1,10253,133708,3,Male,65,2,2,Sales Executive,1,Married,4256,18154,1,Y,No,12,3,1,80,0,5,1,4,5,2,0,3,Seek
46,Current employee,Travel_Frequently,1211,Sales,5,4,Life Sciences,1,10254,133709,3,Male,65,2,2,Sales Executive,1,Married,4256,18154,5,Y,No,12,3,1,80,0,5,1,4,5,2,0,3,Seek
46,Current employee,Travel_Rarely,526,Sales,1,2,Marketing,1,10462,133917,3,Male,66,3,3,Sales Executive,2,Single,7642,4814,1,Y,Yes,13,3,4,80,0,10,2,3,10,0,0,9,LinkedIn
46,Current employee,Travel_Rarely,526,Sales,1,2,Life Sciences,1,10463,133918,3,Male,66,3,3,Sales Executive,2,Single,7642,4814,4,Y,Yes,13,3,4,80,0,10,2,3,10,0,0,9,LinkedIn
46,Current employee,Travel_Rarely,526,Sales,1,2,Marketing,1,10467,133922,3,Male,66,3,3,Sales Executive,2,Single,7642,4814,1,Y,Yes,13,3,4,80,0,10,2,3,10,0,0,9,LinkedIn
46,Current employee,Travel_Rarely,526,Sales,1,2,Life Sciences,1,10468,133923,3,Male,66,3,3,Sales Executive,2,Single,7642,4814,4,Y,Yes,13,3,4,80,0,10,2,3,10,0,0,9,LinkedIn
46,Current employee,Travel_Rarely,526,Sales,1,2,Marketing,1,10470,133925,3,Male,66,3,3,Sales Executive,2,Single,7642,4814,1,Y,Yes,13,3,4,80,0,10,2,3,10,0,0,9,LinkedIn
46,Current employee,Travel_Rarely,526,Sales,1,2,Life Sciences,1,10471,133926,3,Male,66,3,3,Sales Executive,2,Single,7642,4814,4,Y,Yes,13,3,4,80,0,10,2,3,10,0,0,9,LinkedIn
46,Current employee,Travel_Rarely,526,Sales,1,2,Marketing,1,10475,133930,3,Male,66,3,3,Sales Executive,2,Single,7642,4814,1,Y,Yes,13,3,4,80,0,10,2,3,10,0,0,9,LinkedIn
46,Current employee,Travel_Rarely,526,Sales,1,2,Life Sciences,1,10476,133931,3,Male,66,3,3,Sales Executive,2,Single,7642,4814,4,Y,Yes,13,3,4,80,0,10,2,3,10,0,0,9,LinkedIn
46,Current employee,Travel_Rarely,1125,Sales,10,3,Marketing,1,10972,134427,3,Male,67,2,1,Sales Representative,2,Married,2413,18798,1,Y,Yes,18,3,3,80,3,1,2,3,1,0,0,0,LinkedIn
46,Current employee,Travel_Rarely,1125,Sales,10,3,Medical,1,10973,134428,3,Male,67,2,1,Sales Representative,2,Married,2413,18798,9,Y,Yes,18,3,3,80,3,1,2,3,1,0,0,0,LinkedIn
46,Current employee,Travel_Rarely,1125,Sales,10,3,Marketing,1,10977,134432,3,Male,67,2,1,Sales Representative,2,Married,2413,18798,1,Y,Yes,18,3,3,80,3,1,2,3,1,0,0,0,LinkedIn
46,Current employee,Travel_Rarely,1125,Sales,10,3,Medical,1,10978,134433,3,Male,67,2,1,Sales Representative,2,Married,2413,18798,9,Y,Yes,18,3,3,80,3,1,2,3,1,0,0,0,LinkedIn
46,Current employee,Travel_Rarely,1125,Sales,10,3,Marketing,1,10980,134435,3,Male,67,2,1,Sales Representative,2,Married,2413,18798,1,Y,Yes,18,3,3,80,3,1,2,3,1,0,0,0,LinkedIn
46,Current employee,Travel_Rarely,1125,Sales,10,3,Medical,1,10981,134436,3,Male,67,2,1,Sales Representative,2,Married,2413,18798,9,Y,Yes,18,3,3,80,3,1,2,3,1,0,0,0,LinkedIn
46,Current employee,Travel_Rarely,1125,Sales,10,3,Marketing,1,10985,134440,3,Male,67,2,1,Sales Representative,2,Married,2413,18798,1,Y,Yes,18,3,3,80,3,1,2,3,1,0,0,0,LinkedIn
46,Current employee,Travel_Rarely,1125,Sales,10,3,Medical,1,10986,134441,3,Male,67,2,1,Sales Representative,2,Married,2413,18798,9,Y,Yes,18,3,3,80,3,1,2,3,1,0,0,0,LinkedIn
46,Current employee,Travel_Rarely,566,Research & Development,7,2,Medical,1,11593,135048,4,Male,75,3,3,Manufacturing Director,3,Divorced,10845,24208,6,Y,No,13,4,2,80,1,13,3,3,8,7,0,7,Indeed
46,Current employee,Travel_Rarely,406,Sales,3,1,Marketing,1,11594,135049,3,Male,69,3,3,Manufacturing Director,3,Divorced,10845,24208,6,Y,No,13,4,2,80,1,13,3,3,8,7,0,7,Indeed
46,Current employee,Travel_Rarely,406,Sales,3,1,Life Sciences,1,11595,135050,3,Male,69,3,3,Manufacturing Director,3,Divorced,10845,24208,1,Y,No,13,3,2,80,1,13,3,3,8,7,0,7,Indeed
46,Current employee,Travel_Rarely,566,Research & Development,7,2,Marketing,1,11596,135051,4,Male,75,3,3,Manufacturing Director,3,Divorced,10845,24208,1,Y,No,13,3,2,80,1,13,3,3,8,7,0,7,Indeed
46,Current employee,Travel_Rarely,566,Research & Development,7,2,Medical,1,11597,135052,4,Male,75,3,3,Manufacturing Director,3,Divorced,10845,24208,6,Y,No,13,3,2,80,1,13,3,3,8,7,0,7,Indeed
46,Current employee,Travel_Rarely,406,Sales,3,1,Marketing,1,11598,135053,3,Male,69,3,3,Manufacturing Director,3,Divorced,10845,24208,6,Y,No,13,3,2,80,1,13,3,3,8,7,0,7,Indeed
46,Current employee,Travel_Rarely,406,Sales,3,1,Life Sciences,1,11599,135054,3,Male,69,3,3,Manufacturing Director,3,Divorced,10845,24208,1,Y,No,13,3,2,80,1,13,3,3,8,7,0,7,Indeed
46,Current employee,Travel_Rarely,566,Research & Development,7,2,Marketing,1,11600,135055,4,Male,75,3,3,Manufacturing Director,3,Divorced,10845,24208,1,Y,No,13,3,2,80,1,13,3,3,8,7,0,7,Indeed
46,Current employee,Travel_Rarely,406,Sales,3,1,Marketing,1,11601,135056,3,Male,69,3,3,Manufacturing Director,3,Divorced,10845,24208,6,Y,No,13,4,2,80,1,13,3,3,8,7,0,7,Indeed
46,Current employee,Travel_Rarely,406,Sales,3,1,Life Sciences,1,11602,135057,3,Male,69,3,3,Manufacturing Director,3,Divorced,10845,24208,1,Y,No,13,3,2,80,1,13,3,3,8,7,0,7,Indeed
46,Current employee,Travel_Rarely,566,Research & Development,7,2,Marketing,1,11603,135058,4,Male,75,3,3,Manufacturing Director,3,Divorced,10845,24208,1,Y,No,13,3,2,80,1,13,3,3,8,7,0,7,Indeed
46,Current employee,Travel_Rarely,566,Research & Development,7,2,Medical,1,11604,135059,4,Male,75,3,3,Manufacturing Director,3,Divorced,10845,24208,6,Y,No,13,3,2,80,1,13,3,3,8,7,0,7,Indeed
46,Current employee,Travel_Rarely,406,Sales,3,1,Marketing,1,11605,135060,3,Male,69,3,3,Manufacturing Director,3,Divorced,10845,24208,6,Y,No,13,3,2,80,1,13,3,3,8,7,0,7,Indeed
46,Current employee,Travel_Rarely,406,Sales,3,1,Life Sciences,1,11606,135061,3,Male,69,3,3,Manufacturing Director,3,Divorced,10845,24208,1,Y,No,13,3,2,80,1,13,3,3,8,7,0,7,Indeed
46,Current employee,Travel_Rarely,566,Research & Development,7,2,Marketing,1,11607,135062,4,Male,75,3,3,Manufacturing Director,3,Divorced,10845,24208,1,Y,No,13,3,2,80,1,13,3,3,8,7,0,7,Indeed
46,Current employee,Travel_Rarely,1402,Sales,2,3,Marketing,1,11697,135152,3,Female,69,4,3,Research Director,1,Married,11416,17802,0,Y,Yes,12,3,3,80,3,9,4,2,8,7,1,7,Recruit.net
46,Current employee,Travel_Rarely,1402,Sales,2,3,Life Sciences,1,11698,135153,3,Female,69,4,3,Research Director,1,Married,11416,17802,1,Y,Yes,12,3,3,80,3,9,4,2,8,7,1,7,Recruit.net
46,Current employee,Travel_Rarely,1402,Sales,2,3,Marketing,1,11702,135157,3,Female,69,4,3,Research Director,1,Married,11416,17802,0,Y,Yes,12,3,3,80,3,9,4,2,8,7,1,7,Recruit.net
46,Current employee,Travel_Rarely,1402,Sales,2,3,Life Sciences,1,11703,135158,3,Female,69,4,3,Research Director,1,Married,11416,17802,1,Y,Yes,12,3,3,80,3,9,4,2,8,7,1,7,Recruit.net
46,Current employee,Travel_Rarely,1402,Sales,2,3,Marketing,1,11704,135159,3,Female,69,4,3,Research Director,1,Married,11416,17802,0,Y,Yes,12,3,3,80,3,9,4,2,8,7,1,7,Recruit.net
46,Current employee,Travel_Rarely,1402,Sales,2,3,Life Sciences,1,11705,135160,3,Female,69,4,3,Research Director,1,Married,11416,17802,1,Y,Yes,12,3,3,80,3,9,4,2,8,7,1,7,Recruit.net
46,Current employee,Travel_Rarely,1402,Sales,2,3,Marketing,1,11709,135164,3,Female,69,4,3,Research Director,1,Married,11416,17802,0,Y,Yes,12,3,3,80,3,9,4,2,8,7,1,7,Recruit.net
46,Current employee,Travel_Rarely,1402,Sales,2,3,Life Sciences,1,11710,135165,3,Female,69,4,3,Research Director,1,Married,11416,17802,1,Y,Yes,12,3,3,80,3,9,4,2,8,7,1,7,Recruit.net
46,Current employee,Travel_Rarely,168,Sales,4,2,Marketing,1,11804,135259,3,Female,70,3,2,Manufacturing Director,3,Single,5003,23371,6,Y,No,14,4,2,80,0,8,6,3,2,2,2,1,Referral
46,Current employee,Travel_Rarely,168,Sales,4,2,Life Sciences,1,11805,135260,3,Female,70,3,2,Manufacturing Director,3,Single,5003,23371,1,Y,No,14,3,2,80,0,8,6,3,2,2,2,1,Referral
46,Current employee,Travel_Rarely,168,Sales,4,2,Marketing,1,11809,135264,3,Female,70,3,2,Manufacturing Director,3,Single,5003,23371,6,Y,No,14,3,2,80,0,8,6,3,2,2,2,1,Referral
46,Current employee,Travel_Rarely,168,Sales,4,2,Life Sciences,1,11810,135265,3,Female,70,3,2,Manufacturing Director,3,Single,5003,23371,1,Y,No,14,3,2,80,0,8,6,3,2,2,2,1,Referral
46,Current employee,Travel_Rarely,168,Sales,4,2,Marketing,1,11812,135267,3,Female,70,3,2,Manufacturing Director,3,Single,5003,23371,6,Y,No,14,4,2,80,0,8,6,3,2,2,2,1,Referral
46,Current employee,Travel_Rarely,168,Sales,4,2,Life Sciences,1,11813,135268,3,Female,70,3,2,Manufacturing Director,3,Single,5003,23371,1,Y,No,14,3,2,80,0,8,6,3,2,2,2,1,Referral
46,Current employee,Travel_Rarely,168,Sales,4,2,Marketing,1,11817,135272,3,Female,70,3,2,Manufacturing Director,3,Single,5003,23371,6,Y,No,14,3,2,80,0,8,6,3,2,2,2,1,Referral
46,Current employee,Travel_Rarely,168,Sales,4,2,Life Sciences,1,11818,135273,3,Female,70,3,2,Manufacturing Director,3,Single,5003,23371,1,Y,No,14,3,2,80,0,8,6,3,2,2,2,1,Referral
46,Current employee,Travel_Rarely,430,Research & Development,1,4,Medical,1,12348,135803,4,Male,40,3,5,Research Director,4,Divorced,19627,21445,9,Y,No,17,4,4,80,2,23,0,3,2,2,2,2,Indeed
46,Current employee,Travel_Rarely,430,Research & Development,1,4,Life Sciences,1,12350,135805,4,Male,40,3,5,Research Director,4,Divorced,19627,21445,1,Y,No,17,3,4,80,2,23,0,3,2,2,2,2,Indeed
46,Current employee,Travel_Rarely,430,Research & Development,1,4,Medical,1,12354,135809,4,Male,40,3,5,Research Director,4,Divorced,19627,21445,9,Y,No,17,3,4,80,2,23,0,3,2,2,2,2,Indeed
46,Current employee,Travel_Rarely,430,Research & Development,1,4,Life Sciences,1,12355,135810,4,Male,40,3,5,Research Director,4,Divorced,19627,21445,1,Y,No,17,3,4,80,2,23,0,3,2,2,2,2,Indeed
46,Current employee,Travel_Rarely,430,Research & Development,1,4,Medical,1,12356,135811,4,Male,40,3,5,Research Director,4,Divorced,19627,21445,9,Y,No,17,4,4,80,2,23,0,3,2,2,2,2,Indeed
46,Current employee,Travel_Rarely,430,Research & Development,1,4,Life Sciences,1,12358,135813,4,Male,40,3,5,Research Director,4,Divorced,19627,21445,1,Y,No,17,3,4,80,2,23,0,3,2,2,2,2,Indeed
46,Current employee,Travel_Rarely,430,Research & Development,1,4,Medical,1,12362,135817,4,Male,40,3,5,Research Director,4,Divorced,19627,21445,9,Y,No,17,3,4,80,2,23,0,3,2,2,2,2,Indeed
46,Current employee,Travel_Rarely,430,Research & Development,1,4,Life Sciences,1,12363,135818,4,Male,40,3,5,Research Director,4,Divorced,19627,21445,1,Y,No,17,3,4,80,2,23,0,3,2,2,2,2,Indeed
46,Current employee,Travel_Rarely,1003,Research & Development,8,4,Life Sciences,1,12482,135937,4,Female,74,2,2,Research Scientist,1,Divorced,4615,21029,8,Y,Yes,23,4,1,80,3,19,2,3,16,13,1,7,Adzuna
46,Current employee,Travel_Rarely,1003,Research & Development,8,4,Medical,1,12484,135939,4,Female,74,2,2,Research Scientist,1,Divorced,4615,21029,3,Y,Yes,23,3,1,80,3,19,2,3,16,13,1,7,Adzuna
46,Current employee,Travel_Rarely,1003,Research & Development,8,4,Life Sciences,1,12486,135941,4,Female,74,2,2,Research Scientist,1,Divorced,4615,21029,8,Y,Yes,23,4,1,80,3,19,2,3,16,13,1,7,Adzuna
46,Current employee,Travel_Rarely,1003,Research & Development,8,4,Medical,1,12487,135942,4,Female,74,2,2,Research Scientist,1,Divorced,4615,21029,3,Y,Yes,23,4,1,80,3,19,2,3,16,13,1,7,Adzuna
46,Current employee,Travel_Rarely,1003,Research & Development,8,4,Life Sciences,1,12490,135945,4,Female,74,2,2,Research Scientist,1,Divorced,4615,21029,8,Y,Yes,23,4,1,80,3,19,2,3,16,13,1,7,Adzuna
46,Current employee,Travel_Rarely,1003,Research & Development,8,4,Medical,1,12492,135947,4,Female,74,2,2,Research Scientist,1,Divorced,4615,21029,3,Y,Yes,23,3,1,80,3,19,2,3,16,13,1,7,Adzuna
46,Current employee,Travel_Rarely,1003,Research & Development,8,4,Life Sciences,1,12494,135949,4,Female,74,2,2,Research Scientist,1,Divorced,4615,21029,8,Y,Yes,23,4,1,80,3,19,2,3,16,13,1,7,Adzuna
46,Current employee,Travel_Rarely,1003,Research & Development,8,4,Medical,1,12495,135950,4,Female,74,2,2,Research Scientist,1,Divorced,4615,21029,3,Y,Yes,23,4,1,80,3,19,2,3,16,13,1,7,Adzuna
46,Current employee,Travel_Rarely,406,Sales,3,1,Marketing,1,12991,136446,1,Male,52,3,4,Manager,3,Married,17465,15596,3,Y,No,12,3,4,80,1,23,3,3,12,9,4,9,Recruit.net
46,Current employee,Travel_Rarely,406,Sales,3,1,Life Sciences,1,12994,136449,1,Male,52,3,4,Manager,3,Married,17465,15596,1,Y,No,12,3,4,80,1,23,3,3,12,9,4,9,Recruit.net
46,Current employee,Travel_Rarely,406,Sales,3,1,Marketing,1,12997,136452,1,Male,52,3,4,Manager,3,Married,17465,15596,3,Y,No,12,3,4,80,1,23,3,3,12,9,4,9,Recruit.net
46,Current employee,Travel_Rarely,406,Sales,3,1,Life Sciences,1,12998,136453,1,Male,52,3,4,Manager,3,Married,17465,15596,1,Y,No,12,3,4,80,1,23,3,3,12,9,4,9,Recruit.net
46,Current employee,Travel_Rarely,406,Sales,3,1,Marketing,1,12999,136454,1,Male,52,3,4,Manager,3,Married,17465,15596,3,Y,No,12,3,4,80,1,23,3,3,12,9,4,9,Recruit.net
46,Current employee,Travel_Rarely,406,Sales,3,1,Life Sciences,1,13002,136457,1,Male,52,3,4,Manager,3,Married,17465,15596,1,Y,No,12,3,4,80,1,23,3,3,12,9,4,9,Recruit.net
46,Current employee,Travel_Rarely,406,Sales,3,1,Marketing,1,13005,136460,1,Male,52,3,4,Manager,3,Married,17465,15596,3,Y,No,12,3,4,80,1,23,3,3,12,9,4,9,Recruit.net
46,Current employee,Travel_Rarely,406,Sales,3,1,Life Sciences,1,13006,136461,1,Male,52,3,4,Manager,3,Married,17465,15596,1,Y,No,12,3,4,80,1,23,3,3,12,9,4,9,Recruit.net
46,Current employee,Travel_Rarely,945,Human Resources,5,2,Medical,1,13056,136511,3,Male,73,2,5,Research Director,3,Single,19626,17544,1,Y,No,14,3,1,80,0,21,2,4,20,7,4,9,Recruit.net
46,Current employee,Travel_Rarely,945,Human Resources,5,2,Life Sciences,1,13057,136512,3,Male,73,2,5,Research Director,3,Single,19626,17544,2,Y,No,14,3,1,80,0,21,2,4,20,7,4,9,Recruit.net
46,Current employee,Travel_Rarely,945,Human Resources,5,2,Medical,1,13061,136516,3,Male,73,2,5,Research Director,3,Single,19626,17544,1,Y,No,14,3,1,80,0,21,2,4,20,7,4,9,Recruit.net
46,Current employee,Travel_Rarely,945,Human Resources,5,2,Life Sciences,1,13062,136517,3,Male,73,2,5,Research Director,3,Single,19626,17544,2,Y,No,14,3,1,80,0,21,2,4,20,7,4,9,Recruit.net
46,Current employee,Travel_Rarely,945,Human Resources,5,2,Medical,1,13064,136519,3,Male,73,2,5,Research Director,3,Single,19626,17544,1,Y,No,14,3,1,80,0,21,2,4,20,7,4,9,Recruit.net
46,Current employee,Travel_Rarely,945,Human Resources,5,2,Life Sciences,1,13065,136520,3,Male,73,2,5,Research Director,3,Single,19626,17544,2,Y,No,14,3,1,80,0,21,2,4,20,7,4,9,Recruit.net
46,Current employee,Travel_Rarely,945,Human Resources,5,2,Medical,1,13069,136524,3,Male,73,2,5,Research Director,3,Single,19626,17544,1,Y,No,14,3,1,80,0,21,2,4,20,7,4,9,Recruit.net
46,Current employee,Travel_Rarely,945,Human Resources,5,2,Life Sciences,1,13070,136525,3,Male,73,2,5,Research Director,3,Single,19626,17544,2,Y,No,14,3,1,80,0,21,2,4,20,7,4,9,Recruit.net
46,Current employee,Travel_Frequently,638,Research & Development,1,3,Medical,1,13151,136606,3,Male,73,3,2,Sales Executive,4,Divorced,4968,18500,1,Y,No,11,3,4,80,1,5,3,3,5,2,0,2,Company Website
46,Current employee,Travel_Frequently,638,Research & Development,1,3,Life Sciences,1,13152,136607,3,Male,73,3,2,Sales Executive,4,Divorced,4968,18500,4,Y,No,11,3,4,80,1,5,3,3,5,2,0,2,Company Website
46,Current employee,Travel_Frequently,638,Research & Development,1,3,Medical,1,13156,136611,3,Male,73,3,2,Sales Executive,4,Divorced,4968,18500,1,Y,No,11,3,4,80,1,5,3,3,5,2,0,2,Company Website
46,Current employee,Travel_Frequently,638,Research & Development,1,3,Life Sciences,1,13157,136612,3,Male,73,3,2,Sales Executive,4,Divorced,4968,18500,4,Y,No,11,3,4,80,1,5,3,3,5,2,0,2,Company Website
46,Current employee,Travel_Frequently,638,Research & Development,1,3,Medical,1,13159,136614,3,Male,73,3,2,Sales Executive,4,Divorced,4968,18500,1,Y,No,11,3,4,80,1,5,3,3,5,2,0,2,Company Website
46,Current employee,Travel_Frequently,638,Research & Development,1,3,Life Sciences,1,13160,136615,3,Male,73,3,2,Sales Executive,4,Divorced,4968,18500,4,Y,No,11,3,4,80,1,5,3,3,5,2,0,2,Company Website
46,Current employee,Travel_Frequently,638,Research & Development,1,3,Medical,1,13164,136619,3,Male,73,3,2,Sales Executive,4,Divorced,4968,18500,1,Y,No,11,3,4,80,1,5,3,3,5,2,0,2,Company Website
46,Current employee,Travel_Frequently,638,Research & Development,1,3,Life Sciences,1,13165,136620,3,Male,73,3,2,Sales Executive,4,Divorced,4968,18500,4,Y,No,11,3,4,80,1,5,3,3,5,2,0,2,Company Website
46,Current employee,Travel_Rarely,1402,Sales,2,3,Marketing,1,13800,137255,3,Female,69,3,4,Manager,1,Married,17048,24097,8,Y,No,23,3,1,80,0,28,2,3,26,15,15,9,LinkedIn
46,Current employee,Travel_Rarely,1402,Sales,2,3,Life Sciences,1,13802,137257,3,Female,69,3,4,Manager,1,Married,17048,24097,1,Y,No,23,3,1,80,0,28,2,3,26,15,15,9,LinkedIn
46,Current employee,Travel_Rarely,1402,Sales,2,3,Marketing,1,13806,137261,3,Female,69,3,4,Manager,1,Married,17048,24097,8,Y,No,23,4,1,80,0,28,2,3,26,15,15,9,LinkedIn
46,Current employee,Travel_Rarely,1402,Sales,2,3,Life Sciences,1,13807,137262,3,Female,69,3,4,Manager,1,Married,17048,24097,1,Y,No,23,4,1,80,0,28,2,3,26,15,15,9,LinkedIn
46,Current employee,Travel_Rarely,1402,Sales,2,3,Marketing,1,13808,137263,3,Female,69,3,4,Manager,1,Married,17048,24097,8,Y,No,23,3,1,80,0,28,2,3,26,15,15,9,LinkedIn
46,Current employee,Travel_Rarely,1402,Sales,2,3,Life Sciences,1,13810,137265,3,Female,69,3,4,Manager,1,Married,17048,24097,1,Y,No,23,3,1,80,0,28,2,3,26,15,15,9,LinkedIn
46,Current employee,Travel_Rarely,1402,Sales,2,3,Marketing,1,13814,137269,3,Female,69,3,4,Manager,1,Married,17048,24097,8,Y,No,23,4,1,80,0,28,2,3,26,15,15,9,LinkedIn
46,Current employee,Travel_Rarely,1402,Sales,2,3,Life Sciences,1,13815,137270,3,Female,69,3,4,Manager,1,Married,17048,24097,1,Y,No,23,4,1,80,0,28,2,3,26,15,15,9,LinkedIn
46,Current employee,Travel_Rarely,644,Research & Development,1,4,Medical,1,13849,137304,3,Male,75,2,1,Research Scientist,1,Divorced,2107,20293,6,Y,No,17,3,1,80,1,5,2,1,1,0,0,0,Company Website
46,Current employee,Travel_Rarely,644,Research & Development,1,4,Life Sciences,1,13850,137305,3,Male,75,2,1,Research Scientist,1,Divorced,2107,20293,2,Y,No,17,3,1,80,1,5,2,1,1,0,0,0,Company Website
46,Current employee,Travel_Rarely,644,Research & Development,1,4,Medical,1,13854,137309,3,Male,75,2,1,Research Scientist,1,Divorced,2107,20293,6,Y,No,17,3,1,80,1,5,2,1,1,0,0,0,Company Website
46,Current employee,Travel_Rarely,644,Research & Development,1,4,Life Sciences,1,13855,137310,3,Male,75,2,1,Research Scientist,1,Divorced,2107,20293,2,Y,No,17,3,1,80,1,5,2,1,1,0,0,0,Company Website
46,Current employee,Travel_Rarely,644,Research & Development,1,4,Medical,1,13857,137312,3,Male,75,2,1,Research Scientist,1,Divorced,2107,20293,6,Y,No,17,3,1,80,1,5,2,1,1,0,0,0,Company Website
46,Current employee,Travel_Rarely,644,Research & Development,1,4,Life Sciences,1,13858,137313,3,Male,75,2,1,Research Scientist,1,Divorced,2107,20293,2,Y,No,17,3,1,80,1,5,2,1,1,0,0,0,Company Website
46,Current employee,Travel_Rarely,644,Research & Development,1,4,Medical,1,13862,137317,3,Male,75,2,1,Research Scientist,1,Divorced,2107,20293,6,Y,No,17,3,1,80,1,5,2,1,1,0,0,0,Company Website
46,Current employee,Travel_Rarely,644,Research & Development,1,4,Life Sciences,1,13863,137318,3,Male,75,2,1,Research Scientist,1,Divorced,2107,20293,2,Y,No,17,3,1,80,1,5,2,1,1,0,0,0,Company Website
46,Current employee,Travel_Rarely,1450,Research & Development,15,2,Life Sciences,1,13927,137382,4,Male,52,3,5,Research Director,2,Married,19081,10849,5,Y,No,11,3,1,80,1,25,2,3,4,2,0,3,Indeed
46,Current employee,Travel_Rarely,1450,Research & Development,15,2,Medical,1,13930,137385,4,Male,52,3,5,Research Director,2,Married,19081,10849,2,Y,No,11,3,1,80,1,25,2,3,4,2,0,3,Indeed
46,Current employee,Travel_Rarely,1450,Research & Development,15,2,Life Sciences,1,13933,137388,4,Male,52,3,5,Research Director,2,Married,19081,10849,5,Y,No,11,3,1,80,1,25,2,3,4,2,0,3,Indeed
46,Current employee,Travel_Rarely,1450,Research & Development,15,2,Medical,1,13934,137389,4,Male,52,3,5,Research Director,2,Married,19081,10849,2,Y,No,11,3,1,80,1,25,2,3,4,2,0,3,Indeed
46,Current employee,Travel_Rarely,1450,Research & Development,15,2,Life Sciences,1,13935,137390,4,Male,52,3,5,Research Director,2,Married,19081,10849,5,Y,No,11,3,1,80,1,25,2,3,4,2,0,3,Indeed
46,Current employee,Travel_Rarely,1450,Research & Development,15,2,Medical,1,13938,137393,4,Male,52,3,5,Research Director,2,Married,19081,10849,2,Y,No,11,3,1,80,1,25,2,3,4,2,0,3,Indeed
46,Current employee,Travel_Rarely,1450,Research & Development,15,2,Life Sciences,1,13941,137396,4,Male,52,3,5,Research Director,2,Married,19081,10849,5,Y,No,11,3,1,80,1,25,2,3,4,2,0,3,Indeed
46,Current employee,Travel_Rarely,1450,Research & Development,15,2,Medical,1,13942,137397,4,Male,52,3,5,Research Director,2,Married,19081,10849,2,Y,No,11,3,1,80,1,25,2,3,4,2,0,3,Indeed
46,Current employee,Travel_Rarely,150,Research & Development,2,4,Technical Degree,1,14055,137510,4,Male,60,3,2,Manufacturing Director,4,Divorced,7379,17433,2,Y,No,11,3,3,80,1,12,3,2,6,3,1,4,Adzuna
46,Current employee,Travel_Rarely,150,Research & Development,2,4,Life Sciences,1,13411,137512,4,Male,60,3,2,Manufacturing Director,4,Divorced,7379,17433,1,Y,No,11,3,3,80,1,12,3,2,6,3,1,4,Adzuna
46,Current employee,Travel_Rarely,150,Research & Development,2,4,Technical Degree,1,14061,137516,4,Male,60,3,2,Manufacturing Director,4,Divorced,7379,17433,2,Y,No,11,3,3,80,1,12,3,2,6,3,1,4,Adzuna
46,Current employee,Travel_Rarely,150,Research & Development,2,4,Life Sciences,1,14062,137517,4,Male,60,3,2,Manufacturing Director,4,Divorced,7379,17433,1,Y,No,11,3,3,80,1,12,3,2,6,3,1,4,Adzuna
46,Current employee,Travel_Rarely,150,Research & Development,2,4,Technical Degree,1,14063,137518,4,Male,60,3,2,Manufacturing Director,4,Divorced,7379,17433,2,Y,No,11,3,3,80,1,12,3,2,6,3,1,4,Adzuna
46,Current employee,Travel_Rarely,150,Research & Development,2,4,Life Sciences,1,14065,137520,4,Male,60,3,2,Manufacturing Director,4,Divorced,7379,17433,1,Y,No,11,3,3,80,1,12,3,2,6,3,1,4,Adzuna
46,Current employee,Travel_Rarely,150,Research & Development,2,4,Technical Degree,1,14069,137524,4,Male,60,3,2,Manufacturing Director,4,Divorced,7379,17433,2,Y,No,11,3,3,80,1,12,3,2,6,3,1,4,Adzuna
46,Current employee,Travel_Rarely,150,Research & Development,2,4,Life Sciences,1,14070,137525,4,Male,60,3,2,Manufacturing Director,4,Divorced,7379,17433,1,Y,No,11,3,3,80,1,12,3,2,6,3,1,4,Adzuna
46,Current employee,Travel_Rarely,168,Sales,4,2,Marketing,1,14673,138128,4,Female,33,2,5,Manager,2,Married,18789,9946,2,Y,No,14,3,3,80,1,26,2,3,11,4,0,8,Adzuna
46,Current employee,Travel_Rarely,168,Sales,4,2,Life Sciences,1,14675,138130,4,Female,33,2,5,Manager,2,Married,18789,9946,1,Y,No,14,3,3,80,1,26,2,3,11,4,0,8,Adzuna
46,Current employee,Travel_Rarely,168,Sales,4,2,Marketing,1,14679,138134,4,Female,33,2,5,Manager,2,Married,18789,9946,2,Y,No,14,3,3,80,1,26,2,3,11,4,0,8,Adzuna
46,Current employee,Travel_Rarely,168,Sales,4,2,Life Sciences,1,14680,138135,4,Female,33,2,5,Manager,2,Married,18789,9946,1,Y,No,14,3,3,80,1,26,2,3,11,4,0,8,Adzuna
46,Current employee,Travel_Rarely,168,Sales,4,2,Marketing,1,14681,138136,4,Female,33,2,5,Manager,2,Married,18789,9946,2,Y,No,14,3,3,80,1,26,2,3,11,4,0,8,Adzuna
46,Current employee,Travel_Rarely,168,Sales,4,2,Life Sciences,1,14683,138138,4,Female,33,2,5,Manager,2,Married,18789,9946,1,Y,No,14,3,3,80,1,26,2,3,11,4,0,8,Adzuna
46,Current employee,Travel_Rarely,168,Sales,4,2,Marketing,1,14687,138142,4,Female,33,2,5,Manager,2,Married,18789,9946,2,Y,No,14,3,3,80,1,26,2,3,11,4,0,8,Adzuna
46,Current employee,Travel_Rarely,168,Sales,4,2,Life Sciences,1,14688,138143,4,Female,33,2,5,Manager,2,Married,18789,9946,1,Y,No,14,3,3,80,1,26,2,3,11,4,0,8,Adzuna
46,Current employee,Non-Travel,1144,Research & Development,7,4,Medical,1,14706,138161,3,Male,78,3,5,Manager,2,Divorced,19847,19196,4,Y,Yes,24,4,1,80,1,31,5,2,29,10,11,10,Company Website
46,Current employee,Non-Travel,1144,Research & Development,7,4,Marketing,1,14707,138162,3,Male,78,3,5,Manager,2,Divorced,19847,19196,1,Y,Yes,24,3,1,80,1,31,5,2,29,10,11,10,Company Website
46,Current employee,Non-Travel,1144,Research & Development,7,4,Medical,1,14709,138164,3,Male,78,3,5,Manager,2,Divorced,19847,19196,4,Y,Yes,24,4,1,80,1,31,5,2,29,10,11,10,Company Website
46,Current employee,Non-Travel,1144,Research & Development,7,4,Marketing,1,14710,138165,3,Male,78,3,5,Manager,2,Divorced,19847,19196,1,Y,Yes,24,4,1,80,1,31,5,2,29,10,11,10,Company Website
46,Current employee,Non-Travel,1144,Research & Development,7,4,Medical,1,14714,138169,3,Male,78,3,5,Manager,2,Divorced,19847,19196,4,Y,Yes,24,4,1,80,1,31,5,2,29,10,11,10,Company Website
46,Current employee,Non-Travel,1144,Research & Development,7,4,Marketing,1,14715,138170,3,Male,78,3,5,Manager,2,Divorced,19847,19196,1,Y,Yes,24,3,1,80,1,31,5,2,29,10,11,10,Company Website
46,Current employee,Non-Travel,1144,Research & Development,7,4,Medical,1,14717,138172,3,Male,78,3,5,Manager,2,Divorced,19847,19196,4,Y,Yes,24,4,1,80,1,31,5,2,29,10,11,10,Company Website
46,Current employee,Non-Travel,1144,Research & Development,7,4,Marketing,1,14718,138173,3,Male,78,3,5,Manager,2,Divorced,19847,19196,1,Y,Yes,24,4,1,80,1,31,5,2,29,10,11,10,Company Website
46,Current employee,Travel_Rarely,1485,Research & Development,18,3,Medical,1,14897,138352,3,Female,78,2,1,Laboratory Technician,3,Single,2838,4257,0,Y,No,14,3,2,80,0,8,6,2,7,0,7,7,Recruit.net
46,Current employee,Travel_Rarely,1485,Research & Development,18,3,Medical,1,14899,138354,3,Female,78,2,1,Laboratory Technician,3,Single,2838,4257,1,Y,No,14,3,2,80,0,8,6,2,7,0,7,7,Recruit.net
46,Current employee,Travel_Rarely,1485,Research & Development,18,3,Medical,1,14900,138355,3,Female,78,2,1,Laboratory Technician,3,Single,2838,4257,0,Y,No,14,3,2,80,0,8,6,2,7,0,7,7,Recruit.net
46,Current employee,Travel_Rarely,1485,Research & Development,18,3,Medical,1,14901,138356,3,Female,78,2,1,Laboratory Technician,3,Single,2838,4257,1,Y,No,14,3,2,80,0,8,6,2,7,0,7,7,Recruit.net
46,Current employee,Travel_Rarely,1485,Research & Development,18,3,Medical,1,14905,138360,3,Female,78,2,1,Laboratory Technician,3,Single,2838,4257,0,Y,No,14,3,2,80,0,8,6,2,7,0,7,7,Recruit.net
46,Current employee,Travel_Rarely,1485,Research & Development,18,3,Medical,1,14907,138362,3,Female,78,2,1,Laboratory Technician,3,Single,2838,4257,1,Y,No,14,3,2,80,0,8,6,2,7,0,7,7,Recruit.net
46,Current employee,Travel_Rarely,1485,Research & Development,18,3,Medical,1,14908,138363,3,Female,78,2,1,Laboratory Technician,3,Single,2838,4257,0,Y,No,14,3,2,80,0,8,6,2,7,0,7,7,Recruit.net
46,Current employee,Travel_Rarely,1485,Research & Development,18,3,Medical,1,14909,138364,3,Female,78,2,1,Laboratory Technician,3,Single,2838,4257,1,Y,No,14,3,2,80,0,8,6,2,7,0,7,7,Recruit.net
46,Current employee,Travel_Frequently,1034,Research & Development,18,1,Medical,1,15072,138527,3,Female,79,2,2,Laboratory Technician,4,Married,4627,23631,0,Y,No,12,3,1,80,1,10,6,3,9,2,6,7,Recruit.net
46,Current employee,Travel_Frequently,1034,Research & Development,18,1,Medical,1,15074,138529,3,Female,79,2,2,Laboratory Technician,4,Married,4627,23631,1,Y,No,12,4,1,80,1,10,6,3,9,2,6,7,Recruit.net
46,Current employee,Travel_Frequently,1034,Research & Development,18,1,Medical,1,15077,138532,3,Female,79,2,2,Laboratory Technician,4,Married,4627,23631,0,Y,No,12,3,1,80,1,10,6,3,9,2,6,7,Recruit.net
46,Current employee,Travel_Frequently,1034,Research & Development,18,1,Medical,1,15078,138533,3,Female,79,2,2,Laboratory Technician,4,Married,4627,23631,1,Y,No,12,3,1,80,1,10,6,3,9,2,6,7,Recruit.net
46,Current employee,Travel_Frequently,1034,Research & Development,18,1,Medical,1,15080,138535,3,Female,79,2,2,Laboratory Technician,4,Married,4627,23631,0,Y,No,12,3,1,80,1,10,6,3,9,2,6,7,Recruit.net
46,Current employee,Travel_Frequently,1034,Research & Development,18,1,Medical,1,15082,138537,3,Female,79,2,2,Laboratory Technician,4,Married,4627,23631,1,Y,No,12,4,1,80,1,10,6,3,9,2,6,7,Recruit.net
46,Current employee,Travel_Frequently,1034,Research & Development,18,1,Medical,1,15085,138540,3,Female,79,2,2,Laboratory Technician,4,Married,4627,23631,0,Y,No,12,3,1,80,1,10,6,3,9,2,6,7,Recruit.net
46,Current employee,Travel_Frequently,1034,Research & Development,18,1,Medical,1,15086,138541,3,Female,79,2,2,Laboratory Technician,4,Married,4627,23631,1,Y,No,12,3,1,80,1,10,6,3,9,2,6,7,Recruit.net
46,Current employee,Travel_Rarely,991,Human Resources,1,2,Life Sciences,1,15103,138558,4,Female,44,3,1,Human Resources,1,Single,3423,22957,6,Y,No,12,3,3,80,0,10,3,4,7,6,5,7,Jora
46,Current employee,Travel_Rarely,991,Human Resources,1,2,Life Sciences,1,15105,138560,4,Female,44,3,1,Human Resources,1,Single,3423,22957,0,Y,No,12,3,3,80,0,10,3,4,7,6,5,7,Jora
46,Current employee,Travel_Rarely,991,Human Resources,1,2,Life Sciences,1,15109,138564,4,Female,44,3,1,Human Resources,1,Single,3423,22957,6,Y,No,12,3,3,80,0,10,3,4,7,6,5,7,Jora
46,Current employee,Travel_Rarely,991,Human Resources,1,2,Life Sciences,1,15110,138565,4,Female,44,3,1,Human Resources,1,Single,3423,22957,0,Y,No,12,3,3,80,0,10,3,4,7,6,5,7,Jora
46,Current employee,Travel_Rarely,991,Human Resources,1,2,Life Sciences,1,15111,138566,4,Female,44,3,1,Human Resources,1,Single,3423,22957,6,Y,No,12,3,3,80,0,10,3,4,7,6,5,7,Jora
46,Current employee,Travel_Rarely,991,Human Resources,1,2,Life Sciences,1,15113,138568,4,Female,44,3,1,Human Resources,1,Single,3423,22957,0,Y,No,12,3,3,80,0,10,3,4,7,6,5,7,Jora
46,Current employee,Travel_Rarely,991,Human Resources,1,2,Life Sciences,1,15117,138572,4,Female,44,3,1,Human Resources,1,Single,3423,22957,6,Y,No,12,3,3,80,0,10,3,4,7,6,5,7,Jora
46,Current employee,Travel_Rarely,991,Human Resources,1,2,Life Sciences,1,15118,138573,4,Female,44,3,1,Human Resources,1,Single,3423,22957,0,Y,No,12,3,3,80,0,10,3,4,7,6,5,7,Jora
46,Current employee,Travel_Rarely,566,Research & Development,7,2,Medical,1,16342,139797,3,Male,82,2,1,Sales Representative,1,Married,4400,15182,3,Y,No,12,4,1,80,0,6,2,3,3,2,2,2,Company Website
46,Current employee,Travel_Rarely,566,Research & Development,7,2,Marketing,1,16343,139798,3,Male,82,2,1,Sales Representative,1,Married,4400,15182,9,Y,No,12,3,1,80,0,6,2,3,3,2,2,2,Company Website
46,Current employee,Travel_Rarely,566,Research & Development,7,2,Medical,1,16347,139802,3,Male,82,2,1,Sales Representative,1,Married,4400,15182,3,Y,No,12,3,1,80,0,6,2,3,3,2,2,2,Company Website
46,Current employee,Travel_Rarely,566,Research & Development,7,2,Marketing,1,16348,139803,3,Male,82,2,1,Sales Representative,1,Married,4400,15182,9,Y,No,12,3,1,80,0,6,2,3,3,2,2,2,Company Website
46,Current employee,Travel_Rarely,566,Research & Development,7,2,Medical,1,16350,139805,3,Male,82,2,1,Sales Representative,1,Married,4400,15182,3,Y,No,12,4,1,80,0,6,2,3,3,2,2,2,Company Website
46,Current employee,Travel_Rarely,566,Research & Development,7,2,Marketing,1,16351,139806,3,Male,82,2,1,Sales Representative,1,Married,4400,15182,9,Y,No,12,3,1,80,0,6,2,3,3,2,2,2,Company Website
46,Current employee,Travel_Rarely,566,Research & Development,7,2,Medical,1,16355,139810,3,Male,82,2,1,Sales Representative,1,Married,4400,15182,3,Y,No,12,3,1,80,0,6,2,3,3,2,2,2,Company Website
46,Current employee,Travel_Rarely,566,Research & Development,7,2,Marketing,1,16356,139811,3,Male,82,2,1,Sales Representative,1,Married,4400,15182,9,Y,No,12,3,1,80,0,6,2,3,3,2,2,2,Company Website
46,Current employee,Travel_Rarely,430,Research & Development,1,4,Medical,1,16618,140073,4,Male,82,3,2,Sales Executive,1,Divorced,5486,24795,4,Y,No,11,3,1,80,3,15,3,3,2,2,2,2,Adzuna
46,Current employee,Travel_Rarely,430,Research & Development,1,4,Life Sciences,1,16619,140074,4,Male,82,3,2,Sales Executive,1,Divorced,5486,24795,4,Y,No,11,3,1,80,3,15,3,3,2,2,2,2,Adzuna
46,Current employee,Travel_Rarely,430,Research & Development,1,4,Medical,1,16621,140076,4,Male,82,3,2,Sales Executive,1,Divorced,5486,24795,4,Y,No,11,3,1,80,3,15,3,3,2,2,2,2,Adzuna
46,Current employee,Travel_Rarely,430,Research & Development,1,4,Life Sciences,1,16622,140077,4,Male,82,3,2,Sales Executive,1,Divorced,5486,24795,4,Y,No,11,3,1,80,3,15,3,3,2,2,2,2,Adzuna
46,Current employee,Travel_Rarely,430,Research & Development,1,4,Medical,1,16626,140081,4,Male,82,3,2,Sales Executive,1,Divorced,5486,24795,4,Y,No,11,3,1,80,3,15,3,3,2,2,2,2,Adzuna
46,Current employee,Travel_Rarely,430,Research & Development,1,4,Life Sciences,1,16627,140082,4,Male,82,3,2,Sales Executive,1,Divorced,5486,24795,4,Y,No,11,3,1,80,3,15,3,3,2,2,2,2,Adzuna
46,Current employee,Travel_Rarely,430,Research & Development,1,4,Medical,1,16629,140084,4,Male,82,3,2,Sales Executive,1,Divorced,5486,24795,4,Y,No,11,3,1,80,3,15,3,3,2,2,2,2,Adzuna
46,Current employee,Travel_Rarely,430,Research & Development,1,4,Life Sciences,1,16630,140085,4,Male,82,3,2,Sales Executive,1,Divorced,5486,24795,4,Y,No,11,3,1,80,3,15,3,3,2,2,2,2,Adzuna
46,Current employee,Travel_Rarely,228,Sales,3,3,Life Sciences,1,17288,140743,3,Female,51,3,4,Manager,2,Married,16606,11380,8,Y,No,12,3,4,80,1,23,2,4,13,12,5,1,Adzuna
46,Current employee,Travel_Rarely,228,Sales,3,3,Life Sciences,1,17290,140745,3,Female,51,3,4,Manager,2,Married,16606,11380,1,Y,No,12,3,4,80,1,23,2,4,13,12,5,1,Adzuna
46,Current employee,Travel_Rarely,228,Sales,3,3,Life Sciences,1,17292,140747,3,Female,51,3,4,Manager,2,Married,16606,11380,8,Y,No,12,3,4,80,1,23,2,4,13,12,5,1,Adzuna
46,Current employee,Travel_Rarely,228,Sales,3,3,Life Sciences,1,17293,140748,3,Female,51,3,4,Manager,2,Married,16606,11380,1,Y,No,12,3,4,80,1,23,2,4,13,12,5,1,Adzuna
46,Current employee,Travel_Rarely,228,Sales,3,3,Life Sciences,1,17296,140751,3,Female,51,3,4,Manager,2,Married,16606,11380,8,Y,No,12,3,4,80,1,23,2,4,13,12,5,1,Adzuna
46,Current employee,Travel_Rarely,228,Sales,3,3,Life Sciences,1,17298,140753,3,Female,51,3,4,Manager,2,Married,16606,11380,1,Y,No,12,3,4,80,1,23,2,4,13,12,5,1,Adzuna
46,Current employee,Travel_Rarely,228,Sales,3,3,Life Sciences,1,17300,140755,3,Female,51,3,4,Manager,2,Married,16606,11380,8,Y,No,12,3,4,80,1,23,2,4,13,12,5,1,Adzuna
46,Current employee,Travel_Rarely,228,Sales,3,3,Life Sciences,1,17301,140756,3,Female,51,3,4,Manager,2,Married,16606,11380,1,Y,No,12,3,4,80,1,23,2,4,13,12,5,1,Adzuna
46,Current employee,Travel_Rarely,563,Sales,1,4,Life Sciences,1,18141,141596,4,Male,56,4,4,Manager,1,Single,17567,3156,1,Y,No,15,4,2,80,0,27,5,1,26,0,0,12,GlassDoor
46,Current employee,Travel_Rarely,563,Sales,1,4,Life Sciences,1,18143,141598,4,Male,56,4,4,Manager,1,Single,17567,3156,1,Y,No,15,3,2,80,0,27,5,1,26,0,0,12,GlassDoor
46,Current employee,Travel_Rarely,563,Sales,1,4,Life Sciences,1,18147,141602,4,Male,56,4,4,Manager,1,Single,17567,3156,1,Y,No,15,3,2,80,0,27,5,1,26,0,0,12,GlassDoor
46,Current employee,Travel_Rarely,563,Sales,1,4,Life Sciences,1,18148,141603,4,Male,56,4,4,Manager,1,Single,17567,3156,1,Y,No,15,3,2,80,0,27,5,1,26,0,0,12,GlassDoor
46,Current employee,Travel_Rarely,563,Sales,1,4,Life Sciences,1,18150,141605,4,Male,56,4,4,Manager,1,Single,17567,3156,1,Y,No,15,3,2,80,0,27,5,1,26,0,0,12,GlassDoor
46,Current employee,Travel_Rarely,563,Sales,1,4,Life Sciences,1,18154,141609,4,Male,56,4,4,Manager,1,Single,17567,3156,1,Y,No,15,3,2,80,0,27,5,1,26,0,0,12,GlassDoor
46,Current employee,Travel_Rarely,563,Sales,1,4,Life Sciences,1,18155,141610,4,Male,56,4,4,Manager,1,Single,17567,3156,1,Y,No,15,3,2,80,0,27,5,1,26,0,0,12,GlassDoor
46,Current employee,Travel_Rarely,734,Research & Development,2,4,Medical,1,19129,142584,4,Male,89,3,3,Sales Executive,3,Single,7082,11591,3,Y,Yes,16,3,4,80,0,21,2,3,2,0,0,2,GlassDoor
46,Current employee,Travel_Rarely,734,Research & Development,2,4,Life Sciences,1,19130,142585,4,Male,89,3,3,Sales Executive,3,Single,7082,11591,4,Y,Yes,16,3,4,80,0,21,2,3,2,0,0,2,GlassDoor
46,Current employee,Travel_Rarely,734,Research & Development,2,4,Medical,1,19134,142589,4,Male,89,3,3,Sales Executive,3,Single,7082,11591,3,Y,Yes,16,3,4,80,0,21,2,3,2,0,0,2,GlassDoor
46,Current employee,Travel_Rarely,734,Research & Development,2,4,Life Sciences,1,19135,142590,4,Male,89,3,3,Sales Executive,3,Single,7082,11591,4,Y,Yes,16,3,4,80,0,21,2,3,2,0,0,2,GlassDoor
46,Current employee,Travel_Rarely,734,Research & Development,2,4,Medical,1,19137,142592,4,Male,89,3,3,Sales Executive,3,Single,7082,11591,3,Y,Yes,16,3,4,80,0,21,2,3,2,0,0,2,GlassDoor
46,Current employee,Travel_Rarely,734,Research & Development,2,4,Life Sciences,1,19138,142593,4,Male,89,3,3,Sales Executive,3,Single,7082,11591,4,Y,Yes,16,3,4,80,0,21,2,3,2,0,0,2,GlassDoor
46,Current employee,Travel_Rarely,734,Research & Development,2,4,Medical,1,19142,142597,4,Male,89,3,3,Sales Executive,3,Single,7082,11591,3,Y,Yes,16,3,4,80,0,21,2,3,2,0,0,2,GlassDoor
46,Current employee,Travel_Rarely,734,Research & Development,2,4,Life Sciences,1,19143,142598,4,Male,89,3,3,Sales Executive,3,Single,7082,11591,4,Y,Yes,16,3,4,80,0,21,2,3,2,0,0,2,GlassDoor
46,Current employee,Travel_Rarely,717,Research & Development,13,4,Life Sciences,1,19682,143137,3,Male,34,3,2,Healthcare Representative,2,Single,5562,9697,6,Y,No,14,4,4,80,0,19,3,3,10,7,0,9,GlassDoor
46,Current employee,Travel_Rarely,717,Research & Development,13,4,Medical,1,19685,143140,3,Male,34,3,2,Healthcare Representative,2,Single,5562,9697,0,Y,No,14,3,4,80,0,19,3,3,10,7,0,9,GlassDoor
46,Current employee,Travel_Rarely,717,Research & Development,13,4,Life Sciences,1,19688,143143,3,Male,34,3,2,Healthcare Representative,2,Single,5562,9697,6,Y,No,14,3,4,80,0,19,3,3,10,7,0,9,GlassDoor
46,Current employee,Travel_Rarely,717,Research & Development,13,4,Medical,1,19689,143144,3,Male,34,3,2,Healthcare Representative,2,Single,5562,9697,0,Y,No,14,3,4,80,0,19,3,3,10,7,0,9,GlassDoor
46,Current employee,Travel_Rarely,717,Research & Development,13,4,Life Sciences,1,19690,143145,3,Male,34,3,2,Healthcare Representative,2,Single,5562,9697,6,Y,No,14,4,4,80,0,19,3,3,10,7,0,9,GlassDoor
46,Current employee,Travel_Rarely,717,Research & Development,13,4,Medical,1,19693,143148,3,Male,34,3,2,Healthcare Representative,2,Single,5562,9697,0,Y,No,14,3,4,80,0,19,3,3,10,7,0,9,GlassDoor
46,Current employee,Travel_Rarely,717,Research & Development,13,4,Life Sciences,1,19696,143151,3,Male,34,3,2,Healthcare Representative,2,Single,5562,9697,6,Y,No,14,3,4,80,0,19,3,3,10,7,0,9,GlassDoor
46,Current employee,Travel_Rarely,717,Research & Development,13,4,Medical,1,19697,143152,3,Male,34,3,2,Healthcare Representative,2,Single,5562,9697,0,Y,No,14,3,4,80,0,19,3,3,10,7,0,9,GlassDoor
46,Current employee,Travel_Rarely,1277,Sales,2,3,Life Sciences,1,19746,143201,3,Male,74,3,3,Sales Executive,4,Divorced,10368,5596,4,Y,Yes,12,3,2,80,1,13,5,2,10,6,0,3,LinkedIn
46,Current employee,Travel_Rarely,1277,Sales,2,3,Life Sciences,1,19748,143203,3,Male,74,3,3,Sales Executive,4,Divorced,10368,5596,4,Y,Yes,12,3,2,80,1,13,5,2,10,6,0,3,LinkedIn
46,Current employee,Travel_Rarely,1277,Sales,2,3,Life Sciences,1,19750,143205,3,Male,74,3,3,Sales Executive,4,Divorced,10368,5596,4,Y,Yes,12,3,2,80,1,13,5,2,10,6,0,3,LinkedIn
46,Current employee,Travel_Rarely,1277,Sales,2,3,Life Sciences,1,19751,143206,3,Male,74,3,3,Sales Executive,4,Divorced,10368,5596,4,Y,Yes,12,3,2,80,1,13,5,2,10,6,0,3,LinkedIn
46,Current employee,Travel_Rarely,1277,Sales,2,3,Life Sciences,1,19754,143209,3,Male,74,3,3,Sales Executive,4,Divorced,10368,5596,4,Y,Yes,12,3,2,80,1,13,5,2,10,6,0,3,LinkedIn
46,Current employee,Travel_Rarely,1277,Sales,2,3,Life Sciences,1,19756,143211,3,Male,74,3,3,Sales Executive,4,Divorced,10368,5596,4,Y,Yes,12,3,2,80,1,13,5,2,10,6,0,3,LinkedIn
46,Current employee,Travel_Rarely,1277,Sales,2,3,Life Sciences,1,19758,143213,3,Male,74,3,3,Sales Executive,4,Divorced,10368,5596,4,Y,Yes,12,3,2,80,1,13,5,2,10,6,0,3,LinkedIn
46,Current employee,Travel_Rarely,1277,Sales,2,3,Life Sciences,1,19759,143214,3,Male,74,3,3,Sales Executive,4,Divorced,10368,5596,4,Y,Yes,12,3,2,80,1,13,5,2,10,6,0,3,LinkedIn
46,Current employee,Travel_Rarely,734,Research & Development,2,4,Medical,1,20411,143866,3,Male,46,3,5,Research Director,4,Divorced,19328,14218,7,Y,Yes,17,3,3,80,1,24,3,3,2,1,2,2,GlassDoor
46,Current employee,Travel_Rarely,734,Research & Development,2,4,Life Sciences,1,20413,143868,3,Male,46,3,5,Research Director,4,Divorced,19328,14218,1,Y,Yes,17,3,3,80,1,24,3,3,2,1,2,2,GlassDoor
46,Current employee,Travel_Rarely,734,Research & Development,2,4,Medical,1,20417,143872,3,Male,46,3,5,Research Director,4,Divorced,19328,14218,7,Y,Yes,17,3,3,80,1,24,3,3,2,1,2,2,GlassDoor
46,Current employee,Travel_Rarely,734,Research & Development,2,4,Life Sciences,1,20418,143873,3,Male,46,3,5,Research Director,4,Divorced,19328,14218,1,Y,Yes,17,3,3,80,1,24,3,3,2,1,2,2,GlassDoor
46,Current employee,Travel_Rarely,734,Research & Development,2,4,Medical,1,20419,143874,3,Male,46,3,5,Research Director,4,Divorced,19328,14218,7,Y,Yes,17,3,3,80,1,24,3,3,2,1,2,2,GlassDoor
46,Current employee,Travel_Rarely,734,Research & Development,2,4,Life Sciences,1,20421,143876,3,Male,46,3,5,Research Director,4,Divorced,19328,14218,1,Y,Yes,17,3,3,80,1,24,3,3,2,1,2,2,GlassDoor
46,Current employee,Travel_Rarely,734,Research & Development,2,4,Medical,1,20425,143880,3,Male,46,3,5,Research Director,4,Divorced,19328,14218,7,Y,Yes,17,3,3,80,1,24,3,3,2,1,2,2,GlassDoor
46,Current employee,Travel_Rarely,734,Research & Development,2,4,Life Sciences,1,20426,143881,3,Male,46,3,5,Research Director,4,Divorced,19328,14218,1,Y,Yes,17,3,3,80,1,24,3,3,2,1,2,2,GlassDoor
46,Current employee,Non-Travel,849,Sales,26,2,Life Sciences,1,20539,143994,2,Male,98,2,2,Sales Executive,2,Single,7991,25166,8,Y,No,15,3,3,80,0,6,3,3,2,2,2,2,Company Website
46,Current employee,Non-Travel,849,Sales,26,2,Technical Degree,1,20542,143997,2,Male,98,2,2,Sales Executive,2,Single,7991,25166,7,Y,No,15,3,3,80,0,6,3,3,2,2,2,2,Company Website
46,Current employee,Non-Travel,849,Sales,26,2,Life Sciences,1,20545,144000,2,Male,98,2,2,Sales Executive,2,Single,7991,25166,8,Y,No,15,3,3,80,0,6,3,3,2,2,2,2,Company Website
46,Current employee,Non-Travel,849,Sales,26,2,Technical Degree,1,20546,144001,2,Male,98,2,2,Sales Executive,2,Single,7991,25166,7,Y,No,15,3,3,80,0,6,3,3,2,2,2,2,Company Website
46,Current employee,Non-Travel,849,Sales,26,2,Life Sciences,1,20547,144002,2,Male,98,2,2,Sales Executive,2,Single,7991,25166,8,Y,No,15,3,3,80,0,6,3,3,2,2,2,2,Company Website
46,Current employee,Non-Travel,849,Sales,26,2,Technical Degree,1,20550,144005,2,Male,98,2,2,Sales Executive,2,Single,7991,25166,7,Y,No,15,3,3,80,0,6,3,3,2,2,2,2,Company Website
46,Current employee,Non-Travel,849,Sales,26,2,Life Sciences,1,20553,144008,2,Male,98,2,2,Sales Executive,2,Single,7991,25166,8,Y,No,15,3,3,80,0,6,3,3,2,2,2,2,Company Website
46,Current employee,Non-Travel,849,Sales,26,2,Technical Degree,1,20554,144009,2,Male,98,2,2,Sales Executive,2,Single,7991,25166,7,Y,No,15,3,3,80,0,6,3,3,2,2,2,2,Company Website
46,Current employee,Travel_Rarely,706,Research & Development,2,2,Life Sciences,1,21130,144585,4,Male,82,3,3,Manufacturing Director,4,Divorced,8578,19989,3,Y,No,14,3,3,80,1,12,4,2,9,8,4,7,LinkedIn
46,Current employee,Travel_Rarely,706,Research & Development,2,2,Life Sciences,1,21132,144587,4,Male,82,3,3,Manufacturing Director,4,Divorced,8578,19989,1,Y,No,14,3,3,80,1,12,4,2,9,8,4,7,LinkedIn
46,Current employee,Travel_Rarely,706,Research & Development,2,2,Life Sciences,1,21136,144591,4,Male,82,3,3,Manufacturing Director,4,Divorced,8578,19989,3,Y,No,14,3,3,80,1,12,4,2,9,8,4,7,LinkedIn
46,Current employee,Travel_Rarely,706,Research & Development,2,2,Life Sciences,1,21137,144592,4,Male,82,3,3,Manufacturing Director,4,Divorced,8578,19989,1,Y,No,14,3,3,80,1,12,4,2,9,8,4,7,LinkedIn
46,Current employee,Travel_Rarely,706,Research & Development,2,2,Life Sciences,1,21138,144593,4,Male,82,3,3,Manufacturing Director,4,Divorced,8578,19989,3,Y,No,14,3,3,80,1,12,4,2,9,8,4,7,LinkedIn
46,Current employee,Travel_Rarely,706,Research & Development,2,2,Life Sciences,1,21140,144595,4,Male,82,3,3,Manufacturing Director,4,Divorced,8578,19989,1,Y,No,14,3,3,80,1,12,4,2,9,8,4,7,LinkedIn
46,Current employee,Travel_Rarely,706,Research & Development,2,2,Life Sciences,1,21144,144599,4,Male,82,3,3,Manufacturing Director,4,Divorced,8578,19989,3,Y,No,14,3,3,80,1,12,4,2,9,8,4,7,LinkedIn
46,Current employee,Travel_Rarely,706,Research & Development,2,2,Life Sciences,1,21145,144600,4,Male,82,3,3,Manufacturing Director,4,Divorced,8578,19989,1,Y,No,14,3,3,80,1,12,4,2,9,8,4,7,LinkedIn
46,Current employee,Travel_Rarely,1319,Sales,3,3,Technical Degree,1,21210,144665,1,Female,30,4,4,Sales Executive,1,Divorced,13225,7739,2,Y,No,12,3,4,80,1,25,5,3,19,17,2,8,Recruit.net
46,Current employee,Travel_Rarely,1319,Sales,3,3,Life Sciences,1,21213,144668,1,Female,30,4,4,Sales Executive,1,Divorced,13225,7739,4,Y,No,12,3,4,80,1,25,5,3,19,17,2,8,Recruit.net
46,Current employee,Travel_Rarely,1319,Sales,3,3,Technical Degree,1,21216,144671,1,Female,30,4,4,Sales Executive,1,Divorced,13225,7739,2,Y,No,12,3,4,80,1,25,5,3,19,17,2,8,Recruit.net
46,Current employee,Travel_Rarely,1319,Sales,3,3,Life Sciences,1,21217,144672,1,Female,30,4,4,Sales Executive,1,Divorced,13225,7739,4,Y,No,12,3,4,80,1,25,5,3,19,17,2,8,Recruit.net
46,Current employee,Travel_Rarely,1319,Sales,3,3,Technical Degree,1,21218,144673,1,Female,30,4,4,Sales Executive,1,Divorced,13225,7739,2,Y,No,12,3,4,80,1,25,5,3,19,17,2,8,Recruit.net
46,Current employee,Travel_Rarely,1319,Sales,3,3,Life Sciences,1,21221,144676,1,Female,30,4,4,Sales Executive,1,Divorced,13225,7739,4,Y,No,12,3,4,80,1,25,5,3,19,17,2,8,Recruit.net
46,Current employee,Travel_Rarely,1319,Sales,3,3,Technical Degree,1,21224,144679,1,Female,30,4,4,Sales Executive,1,Divorced,13225,7739,2,Y,No,12,3,4,80,1,25,5,3,19,17,2,8,Recruit.net
46,Current employee,Travel_Rarely,1319,Sales,3,3,Life Sciences,1,21225,144680,1,Female,30,4,4,Sales Executive,1,Divorced,13225,7739,4,Y,No,12,3,4,80,1,25,5,3,19,17,2,8,Recruit.net
46,Current employee,Travel_Rarely,488,Sales,2,3,Technical Degree,1,21721,145176,4,Female,96,2,2,Sales Executive,4,Married,8103,16495,3,Y,Yes,12,3,3,80,0,9,3,2,4,2,0,1,Seek
46,Current employee,Travel_Rarely,488,Sales,2,3,Life Sciences,1,21722,145177,4,Female,96,2,2,Sales Executive,4,Married,8103,16495,4,Y,Yes,12,3,3,80,0,9,3,2,4,2,0,1,Seek
46,Current employee,Travel_Rarely,488,Sales,2,3,Technical Degree,1,21726,145181,4,Female,96,2,2,Sales Executive,4,Married,8103,16495,3,Y,Yes,12,3,3,80,0,9,3,2,4,2,0,1,Seek
46,Current employee,Travel_Rarely,488,Sales,2,3,Life Sciences,1,21727,145182,4,Female,96,2,2,Sales Executive,4,Married,8103,16495,4,Y,Yes,12,3,3,80,0,9,3,2,4,2,0,1,Seek
46,Current employee,Travel_Rarely,488,Sales,2,3,Technical Degree,1,21729,145184,4,Female,96,2,2,Sales Executive,4,Married,8103,16495,3,Y,Yes,12,3,3,80,0,9,3,2,4,2,0,1,Seek
46,Current employee,Travel_Rarely,488,Sales,2,3,Life Sciences,1,21730,145185,4,Female,96,2,2,Sales Executive,4,Married,8103,16495,4,Y,Yes,12,3,3,80,0,9,3,2,4,2,0,1,Seek
46,Current employee,Travel_Rarely,488,Sales,2,3,Technical Degree,1,21734,145189,4,Female,96,2,2,Sales Executive,4,Married,8103,16495,3,Y,Yes,12,3,3,80,0,9,3,2,4,2,0,1,Seek
46,Current employee,Travel_Rarely,488,Sales,2,3,Life Sciences,1,21735,145190,4,Female,96,2,2,Sales Executive,4,Married,8103,16495,4,Y,Yes,12,3,3,80,0,9,3,2,4,2,0,1,Seek
46,Current employee,Travel_Rarely,150,Research & Development,2,4,Technical Degree,1,22580,146035,4,Male,98,3,1,Laboratory Technician,2,Married,3748,4077,1,Y,No,13,3,3,80,0,12,6,2,12,8,1,7,Recruit.net
46,Current employee,Travel_Rarely,150,Research & Development,2,4,Life Sciences,1,22582,146037,4,Male,98,3,1,Laboratory Technician,2,Married,3748,4077,1,Y,No,13,3,3,80,0,12,6,2,12,8,1,7,Recruit.net
46,Current employee,Travel_Rarely,150,Research & Development,2,4,Technical Degree,1,22585,146040,4,Male,98,3,1,Laboratory Technician,2,Married,3748,4077,1,Y,No,13,3,3,80,0,12,6,2,12,8,1,7,Recruit.net
46,Current employee,Travel_Rarely,150,Research & Development,2,4,Life Sciences,1,22586,146041,4,Male,98,3,1,Laboratory Technician,2,Married,3748,4077,1,Y,No,13,3,3,80,0,12,6,2,12,8,1,7,Recruit.net
46,Current employee,Travel_Rarely,150,Research & Development,2,4,Technical Degree,1,22588,146043,4,Male,98,3,1,Laboratory Technician,2,Married,3748,4077,1,Y,No,13,3,3,80,,12,6,2,12,8,1,7,Recruit.net
46,Current employee,Travel_Rarely,150,Research & Development,2,4,Life Sciences,1,22590,146045,4,Male,98,3,1,Laboratory Technician,2,Married,3748,4077,1,Y,No,13,3,3,80,0,12,6,2,12,8,1,7,Recruit.net
46,Current employee,Travel_Rarely,150,Research & Development,2,4,Technical Degree,1,22593,146048,4,Male,98,3,1,Laboratory Technician,2,Married,3748,4077,1,Y,No,13,3,3,80,0,12,6,2,12,8,1,7,Recruit.net
46,Current employee,Travel_Rarely,150,Research & Development,2,4,Life Sciences,1,22594,146049,4,Male,98,3,1,Laboratory Technician,2,Married,3748,4077,1,Y,No,13,3,3,80,0,12,6,2,12,8,1,7,Recruit.net
46,Current employee,Travel_Rarely,1319,Sales,3,3,Technical Degree,1,23333,146788,4,Male,100,2,2,Laboratory Technician,2,Married,4025,23679,4,Y,Yes,13,3,1,80,1,10,2,3,4,3,0,3,Referral
46,Current employee,Travel_Rarely,1319,Sales,3,3,Life Sciences,1,23334,146789,4,Male,100,2,2,Laboratory Technician,2,Married,4025,23679,1,Y,Yes,13,3,1,80,1,10,2,3,4,3,0,3,Referral
46,Current employee,Travel_Rarely,1319,Sales,3,3,Technical Degree,1,23338,146793,4,Male,100,2,2,Laboratory Technician,2,Married,4025,23679,4,Y,Yes,13,3,1,80,1,10,2,3,4,3,0,3,Referral
46,Current employee,Travel_Rarely,1319,Sales,3,3,Life Sciences,1,23339,146794,4,Male,100,2,2,Laboratory Technician,2,Married,4025,23679,1,Y,Yes,13,3,1,80,1,10,2,3,4,3,0,3,Referral
46,Current employee,Travel_Rarely,1319,Sales,3,3,Technical Degree,1,23341,146796,4,Male,100,2,2,Laboratory Technician,2,Married,4025,23679,4,Y,Yes,13,3,1,80,1,10,2,3,4,3,0,3,Referral
46,Current employee,Travel_Rarely,1319,Sales,3,3,Life Sciences,1,23342,146797,4,Male,100,2,2,Laboratory Technician,2,Married,4025,23679,1,Y,Yes,13,3,1,80,1,10,2,3,4,3,0,3,Referral
46,Current employee,Travel_Rarely,1319,Sales,3,3,Technical Degree,1,23346,146801,4,Male,100,2,2,Laboratory Technician,2,Married,4025,23679,4,Y,Yes,13,3,1,80,1,10,2,3,4,3,0,3,Referral
46,Current employee,Travel_Rarely,1319,Sales,3,3,Life Sciences,1,23347,146802,4,Male,100,2,2,Laboratory Technician,2,Married,4025,23679,1,Y,Yes,13,3,1,80,1,10,2,3,4,3,0,3,Referral
19,Voluntary Resignation,Travel_Rarely,303,Research & Development,2,3,Life Sciences,1,1768,125223,1,Male,42,2,2,Healthcare Representative,4,Divorced,5163,15850,5,Y,No,14,3,4,80,1,17,2,4,1,0,0,0,Company Website
19,Voluntary Resignation,Travel_Rarely,303,Research & Development,2,3,Life Sciences,1,1770,125225,1,Male,42,2,2,Healthcare Representative,4,Divorced,5163,15850,0,Y,No,14,3,4,80,1,17,2,4,1,0,0,0,Company Website
19,Voluntary Resignation,Travel_Rarely,303,Research & Development,2,3,Life Sciences,1,1771,125226,2,Male,42,2,2,Healthcare Representative,4,Divorced,5163,4223,5,Y,No,14,3,4,80,0,17,2,4,1,0,0,0,Company Website
19,Voluntary Resignation,Travel_Rarely,303,Research & Development,2,3,Life Sciences,1,1772,125227,2,Male,42,2,2,Research Scientist,4,Divorced,5163,4567,0,Y,No,14,3,4,80,0,0,2,3,0,0,0,0,Company Website
19,Voluntary Resignation,Travel_Rarely,303,Research & Development,2,3,Life Sciences,1,1775,125230,1,Male,42,2,2,Healthcare Representative,4,Divorced,5163,15850,5,Y,No,14,3,4,80,1,17,2,4,1,0,0,0,Company Website
19,Voluntary Resignation,Travel_Rarely,303,Research & Development,2,3,Life Sciences,1,1777,125232,1,Male,42,2,2,Healthcare Representative,4,Divorced,5163,15850,0,Y,No,14,3,4,80,1,17,2,4,1,0,0,0,Company Website
19,Voluntary Resignation,Travel_Rarely,303,Research & Development,2,3,Life Sciences,1,1778,125233,2,Male,42,2,2,Healthcare Representative,4,Divorced,,4223,5,Y,No,14,3,4,80,0,17,2,4,1,0,0,,Company Website
19,Voluntary Resignation,,303,Research & Development,2,3,Life Sciences,1,1779,125234,2,Male,42,2,2,Research Scientist,4,Divorced,5163,4567,0,Y,No,14,3,4,80,0,0,2,3,0,0,0,0,Company Website
19,Voluntary Resignation,Travel_Rarely,528,Sales,22,1,Marketing,1,2128,125583,4,Male,50,3,1,Sales Representative,3,Single,1675,26820,1,Y,Yes,19,3,4,80,0,0,2,2,0,0,0,0,Recruit.net
19,Voluntary Resignation,Travel_Rarely,528,Sales,22,1,Other,1,2131,125586,4,Male,50,3,1,Sales Representative,3,Single,1675,26820,9,Y,Yes,19,3,4,80,0,0,2,2,0,0,0,0,Recruit.net
19,Voluntary Resignation,Travel_Rarely,528,Sales,22,1,Marketing,1,2132,125587,1,Male,50,3,1,Sales Representative,3,Single,1675,3622,1,Y,Yes,19,3,4,80,0,0,2,2,0,0,0,0,Recruit.net
19,Voluntary Resignation,Travel_Rarely,528,Sales,22,1,Other,1,2133,125588,2,Male,50,3,1,Research Director,3,Single,1675,5050,9,Y,Yes,19,3,4,80,0,0,5,4,0,0,0,0,Recruit.net
19,Voluntary Resignation,Travel_Rarely,528,Sales,22,1,Marketing,1,2136,125591,4,Male,50,3,1,Sales Representative,3,Single,1675,26820,1,Y,Yes,19,3,4,80,0,0,2,2,0,0,0,0,Recruit.net
19,Voluntary Resignation,Travel_Rarely,528,Sales,22,1,Other,1,2139,125594,4,Male,50,3,1,Sales Representative,3,Single,1675,26820,9,Y,Yes,19,3,4,80,0,0,2,2,0,0,0,0,Recruit.net
19,Voluntary Resignation,Travel_Rarely,528,Sales,22,1,Marketing,1,2140,125595,1,Male,50,3,1,Sales Representative,3,Single,1675,3622,1,Y,Yes,19,3,4,80,0,0,2,2,0,0,0,0,Recruit.net
19,Voluntary Resignation,Travel_Rarely,528,Sales,22,1,Other,1,2141,125596,2,Male,50,3,1,Research Director,3,Single,1675,5050,9,Y,Yes,19,3,4,80,0,0,5,4,0,0,0,0,Recruit.net
19,Voluntary Resignation,Travel_Frequently,602,Sales,1,1,Technical Degree,1,2816,126271,3,Female,100,1,1,Sales Representative,1,Single,2325,20989,0,Y,No,21,4,1,80,0,1,5,4,0,0,0,0,Seek
19,Voluntary Resignation,Travel_Frequently,602,Sales,1,1,Human Resources,1,2818,126273,3,Female,100,1,1,Sales Representative,1,Single,2325,20989,8,Y,No,21,4,1,80,0,1,5,4,0,0,0,0,Seek
19,Voluntary Resignation,Travel_Frequently,602,Sales,1,1,Technical Degree,1,2820,126275,1,Female,100,1,1,Sales Representative,1,Single,2325,3692,0,Y,No,21,4,1,80,0,1,5,4,0,0,0,0,Seek
19,Voluntary Resignation,Travel_Frequently,602,Sales,1,1,Human Resources,1,2821,126276,2,Female,100,1,1,Laboratory Technician,1,Single,2325,4973,8,Y,No,21,4,1,80,0,14,6,3,14,11,2,13,Seek
19,Voluntary Resignation,Travel_Frequently,602,Sales,1,1,Technical Degree,1,2824,126279,3,Female,100,1,1,Sales Representative,1,Single,2325,20989,0,Y,No,21,4,1,80,0,1,5,4,0,0,0,0,Seek
19,Voluntary Resignation,Travel_Frequently,602,Sales,1,1,Human Resources,1,2826,126281,3,Female,100,1,1,Sales Representative,1,Single,2325,20989,8,Y,No,21,4,1,80,0,1,5,4,0,0,0,0,Seek
19,Voluntary Resignation,Travel_Frequently,602,Sales,1,1,Technical Degree,1,2828,126283,1,Female,100,1,1,Sales Representative,1,Single,2325,3692,0,Y,No,21,4,1,80,0,1,5,4,0,0,0,0,Seek
19,Voluntary Resignation,Travel_Frequently,602,Sales,1,1,Human Resources,1,2829,126284,2,Female,100,1,1,Laboratory Technician,1,Single,2325,4973,8,Y,No,21,4,1,80,0,14,6,3,14,11,2,13,Seek
19,Voluntary Resignation,Travel_Rarely,303,Research & Development,2,3,Life Sciences,1,2912,126367,2,Male,47,2,1,Laboratory Technician,4,Single,1102,9241,1,Y,No,22,3,3,80,0,1,3,2,1,0,1,0,Seek
19,Voluntary Resignation,Travel_Rarely,303,Research & Development,2,3,Life Sciences,1,2914,126369,2,Male,47,2,1,Laboratory Technician,4,Single,1102,9241,1,Y,No,22,3,3,80,0,1,3,2,1,0,1,0,Seek
19,Voluntary Resignation,Travel_Rarely,303,Research & Development,2,3,Life Sciences,1,2916,126371,1,Male,47,2,1,Laboratory Technician,4,Single,1102,3809,1,Y,No,22,4,3,80,0,1,3,2,1,0,1,0,Seek
19,Voluntary Resignation,Travel_Rarely,303,Research & Development,2,3,Life Sciences,1,2917,126372,2,Male,47,2,1,Laboratory Technician,4,Single,1102,4605,1,Y,No,22,4,3,80,0,0,0,3,0,0,0,0,Seek
19,Voluntary Resignation,Travel_Rarely,303,Research & Development,2,3,Life Sciences,1,2920,126375,2,Male,47,2,1,Laboratory Technician,4,Single,1102,9241,1,Y,No,22,3,3,80,0,1,3,2,1,0,1,0,Seek
19,Voluntary Resignation,Travel_Rarely,303,Research & Development,2,3,Life Sciences,1,2922,126377,2,Male,47,2,1,Laboratory Technician,4,Single,1102,9241,1,Y,No,22,3,3,80,0,1,3,2,1,0,1,0,Seek
19,Voluntary Resignation,Travel_Rarely,303,Research & Development,2,3,Life Sciences,1,2924,126379,1,Male,47,2,1,Laboratory Technician,4,Single,1102,3809,1,Y,No,22,4,3,80,0,1,3,2,1,0,1,0,Seek
19,Voluntary Resignation,Travel_Rarely,303,Research & Development,2,3,Life Sciences,1,2925,126380,,Male,47,2,1,Laboratory Technician,4,Single,1102,4605,1,Y,No,22,4,3,80,0,0,0,3,0,0,0,0,Seek
19,Voluntary Resignation,Travel_Rarely,489,Human Resources,2,2,Technical Degree,1,6806,130261,1,Male,52,2,1,Human Resources,4,Single,2564,18437,1,Y,No,12,3,3,80,0,1,3,4,1,0,0,0,Company Website
19,Voluntary Resignation,Travel_Rarely,489,Human Resources,2,2,Life Sciences,1,6808,130263,1,Male,52,2,1,Human Resources,4,Single,2564,18437,0,Y,No,12,3,3,80,0,1,3,4,1,0,0,0,Company Website
19,Voluntary Resignation,Travel_Rarely,489,Human Resources,2,2,Technical Degree,1,6810,130265,1,Male,52,2,1,Human Resources,4,Single,2564,3809,1,Y,No,12,3,3,80,0,1,3,4,1,0,0,0,Company Website
19,Voluntary Resignation,Travel_Rarely,489,Human Resources,2,2,Life Sciences,1,6811,130266,2,Male,52,2,1,Research Scientist,4,Single,2564,4605,0,Y,No,12,3,3,80,0,0,2,3,0,0,0,0,Company Website
19,Voluntary Resignation,Travel_Rarely,489,Human Resources,2,2,Life Sciences,1,6815,130270,1,Male,52,2,1,Human Resources,4,Single,2564,18437,0,Y,No,12,3,3,80,0,1,3,4,1,0,0,0,Company Website
19,Voluntary Resignation,Travel_Rarely,489,Human Resources,2,2,Technical Degree,1,6817,130272,1,Male,52,2,1,Human Resources,4,Single,2564,3809,1,Y,No,12,3,3,80,0,1,3,4,1,0,0,0,Company Website
19,Voluntary Resignation,Travel_Rarely,489,Human Resources,2,2,Life Sciences,1,6818,130273,2,Male,52,2,1,Research Scientist,,Single,2564,4605,0,Y,No,12,3,3,80,0,0,2,3,,0,0,0,Company Website
19,Voluntary Resignation,Travel_Rarely,528,Sales,22,1,Marketing,1,10352,133807,3,Female,65,2,1,Sales Representative,3,Divorced,2800,23522,6,Y,Yes,19,3,3,80,3,5,3,3,3,2,0,2,Company Website
19,Voluntary Resignation,Travel_Rarely,528,Sales,22,1,Other,1,10354,133809,3,Female,65,2,1,Sales Representative,3,Divorced,2800,23522,9,Y,Yes,19,3,3,80,3,5,3,3,3,2,0,2,Company Website
19,Voluntary Resignation,Travel_Rarely,528,Sales,22,1,Marketing,1,10355,133810,2,Female,65,2,1,Sales Representative,3,Divorced,2800,4223,6,Y,Yes,19,3,3,80,0,5,3,3,3,2,0,2,Company Website
19,Voluntary Resignation,Travel_Rarely,528,Sales,22,1,Other,1,10356,133811,2,Female,65,2,1,Research Scientist,3,Divorced,2800,5050,9,Y,Yes,19,3,3,80,0,19,3,3,1,0,0,0,Company Website
19,Voluntary Resignation,Travel_Rarely,528,Sales,22,1,Marketing,1,10360,133815,3,Female,65,2,1,Sales Representative,3,Divorced,2800,23522,6,Y,Yes,19,3,3,80,3,5,3,3,3,2,0,2,Company Website
19,Voluntary Resignation,Travel_Rarely,528,Sales,22,1,Other,1,10362,133817,3,Female,65,2,1,Sales Representative,3,Divorced,2800,23522,9,Y,Yes,19,3,3,80,3,5,3,3,3,2,0,2,Company Website
19,Voluntary Resignation,Travel_Rarely,528,Sales,22,1,Marketing,1,10363,133818,2,Female,65,2,1,Sales Representative,3,Divorced,2800,4223,6,Y,Yes,19,3,3,80,0,5,3,3,3,2,0,2,Company Website
19,Voluntary Resignation,Travel_Rarely,528,Sales,22,1,Other,1,10364,133819,2,Female,65,2,1,Research Scientist,3,Divorced,2800,5050,9,Y,Yes,19,3,3,80,0,19,3,3,1,0,0,0,Company Website
19,Voluntary Resignation,Travel_Rarely,419,Sales,21,3,Other,1,11051,134506,4,Male,37,2,1,Sales Representative,2,Single,2121,9947,1,Y,Yes,13,3,2,80,0,1,3,4,1,0,0,0,Indeed
19,Voluntary Resignation,Travel_Rarely,419,Sales,21,3,Other,1,11053,134508,4,Male,37,2,1,Sales Representative,2,Single,2121,9947,9,Y,Yes,13,4,2,80,0,1,3,4,1,0,0,0,Indeed
19,Voluntary Resignation,Travel_Rarely,419,Sales,21,3,Other,1,11055,134510,1,Male,37,2,1,Sales Representative,2,Single,2121,4050,1,Y,Yes,13,3,2,80,0,1,3,4,1,0,0,0,Indeed
19,Voluntary Resignation,Travel_Rarely,419,Sales,21,3,Other,1,11056,134511,2,Male,37,2,1,Laboratory Technician,2,Single,2121,4973,9,Y,Yes,13,3,2,80,0,6,2,2,6,5,0,1,Indeed
19,Voluntary Resignation,Travel_Rarely,419,Sales,21,3,Other,1,11059,134514,4,Male,37,2,1,Sales Representative,2,Single,2121,9947,1,Y,Yes,13,3,2,80,0,1,3,4,1,0,0,0,Indeed
19,Voluntary Resignation,Travel_Rarely,419,Sales,21,3,Other,1,11061,134516,4,Male,37,2,1,Sales Representative,2,Single,2121,9947,9,Y,Yes,13,4,2,80,0,1,3,4,1,0,0,0,Indeed
19,Voluntary Resignation,Travel_Rarely,419,Sales,21,3,Other,1,11063,134518,1,Male,37,2,1,Sales Representative,2,Single,2121,4050,1,Y,Yes,13,3,2,80,0,1,3,4,,0,0,0,Indeed
19,Voluntary Resignation,Travel_Rarely,419,Sales,21,3,Other,1,11064,134519,2,Male,37,2,1,Laboratory Technician,2,Single,2121,4973,9,Y,Yes,13,3,2,80,0,6,2,2,6,5,0,1,Indeed
19,Voluntary Resignation,Non-Travel,504,Research & Development,10,3,Medical,1,14288,137743,1,Female,96,2,1,Research Scientist,2,Single,1859,6148,1,Y,Yes,25,3,2,80,0,1,2,4,1,1,0,0,Seek
19,Voluntary Resignation,Non-Travel,504,Research & Development,10,3,Medical,1,14290,137745,1,Female,96,2,1,Research Scientist,2,Single,1859,6148,3,Y,Yes,25,3,2,80,0,1,2,4,1,1,0,0,Seek
19,Voluntary Resignation,Non-Travel,504,Research & Development,10,3,Medical,1,14292,137747,2,Female,96,2,1,Research Scientist,2,Single,1859,4161,1,Y,Yes,25,4,2,80,0,1,2,4,1,1,0,0,Seek
19,Voluntary Resignation,Non-Travel,504,Research & Development,10,3,Medical,1,14293,137748,2,Female,96,2,1,Laboratory Technician,2,Single,1859,4944,3,Y,Yes,25,4,2,80,0,16,6,3,11,8,3,9,Seek
19,Voluntary Resignation,Non-Travel,504,Research & Development,10,3,Medical,1,14296,137751,1,Female,96,2,1,Research Scientist,2,Single,1859,6148,1,Y,Yes,25,3,2,80,0,1,2,4,1,1,0,0,Seek
19,Voluntary Resignation,Non-Travel,504,Research & Development,10,3,Medical,1,14298,137753,1,Female,96,2,1,Research Scientist,2,Single,1859,6148,3,Y,Yes,25,3,2,80,0,1,2,4,1,1,0,0,Seek
19,Voluntary Resignation,Non-Travel,504,Research & Development,10,3,Medical,1,14300,137755,2,Female,96,2,1,Research Scientist,2,Single,1859,4161,1,Y,Yes,25,4,2,80,0,1,2,4,1,1,0,0,Seek
19,Voluntary Resignation,Non-Travel,504,Research & Development,10,3,Medical,1,14301,137756,2,Female,96,2,1,Laboratory Technician,2,Single,1859,4944,3,Y,Yes,25,4,2,80,0,16,6,3,11,8,3,9,Seek
19,Voluntary Resignation,Non-Travel,504,Research & Development,10,3,Medical,1,17206,140661,4,Male,84,3,3,Manager,4,Single,11244,21072,2,Y,No,25,3,2,80,0,10,5,4,5,2,0,0,Company Website
19,Voluntary Resignation,Non-Travel,504,Research & Development,10,3,Medical,1,17208,140663,4,Male,84,3,3,Manager,4,Single,11244,21072,1,Y,No,25,3,2,80,0,10,5,4,5,2,0,0,Company Website
19,Voluntary Resignation,Non-Travel,504,Research & Development,10,3,Medical,1,17209,140664,2,Male,84,3,3,Research Scientist,4,Single,11244,4297,2,Y,No,25,4,2,80,0,10,5,4,5,2,0,0,Company Website
19,Voluntary Resignation,Non-Travel,504,Research & Development,10,3,Medical,1,17210,140665,2,Male,84,3,3,Research Director,4,Single,11244,4681,1,Y,No,25,4,2,80,0,0,4,1,0,0,0,0,Company Website
19,Voluntary Resignation,Non-Travel,504,Research & Development,10,3,Medical,1,17214,140669,4,Male,84,3,3,Manager,4,Single,11244,21072,2,Y,No,25,3,2,80,0,10,5,4,5,2,0,0,Company Website
19,Voluntary Resignation,Non-Travel,504,Research & Development,10,3,Medical,1,17216,140671,4,Male,84,3,3,Manager,4,Single,11244,21072,1,Y,No,25,3,2,80,0,10,5,4,5,2,0,0,Company Website
19,Voluntary Resignation,Non-Travel,504,Research & Development,10,3,Medical,1,17217,140672,2,Male,84,3,3,Research Director,4,Single,11244,,1,Y,No,25,4,2,80,0,0,4,1,0,0,0,0,Company Website
19,Voluntary Resignation,Travel_Rarely,419,Sales,21,3,Other,1,20684,144139,4,Male,93,4,2,Healthcare Representative,2,Single,6870,15530,3,Y,No,12,3,1,80,0,11,3,1,3,2,1,2,Indeed
19,Voluntary Resignation,Travel_Rarely,419,Sales,21,3,Other,1,20686,144141,4,Male,93,4,2,Healthcare Representative,2,Single,6870,15530,0,Y,No,12,3,1,80,0,11,3,1,3,2,1,2,Indeed
19,Voluntary Resignation,Travel_Rarely,419,Sales,21,3,Other,1,20687,144142,2,Male,93,4,2,Laboratory Technician,2,Single,6870,4297,3,Y,No,12,3,1,80,0,11,3,1,3,2,1,2,Indeed
19,Voluntary Resignation,Travel_Rarely,419,Sales,21,3,Other,1,20688,144143,2,Male,93,4,2,Research Scientist,2,Single,6870,4567,0,Y,No,12,3,1,80,0,0,3,3,0,0,0,0,Indeed
19,Voluntary Resignation,Travel_Rarely,419,Sales,21,3,Other,1,20692,144147,4,Male,93,4,2,Healthcare Representative,2,Single,6870,15530,3,Y,No,12,3,1,80,0,11,3,1,3,2,1,2,Indeed
19,Voluntary Resignation,Travel_Rarely,419,Sales,21,3,Other,1,20694,144149,4,Male,93,4,2,Healthcare Representative,2,Single,6870,15530,0,Y,No,12,3,1,80,0,11,3,1,3,2,1,2,Indeed
19,Voluntary Resignation,Travel_Rarely,419,Sales,21,3,Other,1,20695,144150,2,Male,93,4,2,Laboratory Technician,2,Single,6870,4297,3,Y,No,12,3,1,80,0,11,,1,3,2,1,2,
19,Voluntary Resignation,Travel_Rarely,419,Sales,21,3,Other,1,20696,144151,2,Male,93,4,2,Research Scientist,2,Single,6870,4567,0,Y,No,12,,1,80,0,0,3,3,0,0,0,0,Indeed
19,Voluntary Resignation,Travel_Frequently,602,Sales,1,1,Technical Degree,1,21577,145032,4,Female,96,4,2,Sales Executive,3,Single,6500,26997,0,Y,No,14,3,2,80,0,9,5,2,8,7,0,7,Seek
19,Voluntary Resignation,Travel_Frequently,602,Sales,1,1,Life Sciences,1,21578,145033,4,Female,96,4,2,Sales Executive,3,Single,6500,26997,4,Y,No,14,4,2,80,0,9,5,2,8,7,0,7,Seek
19,Voluntary Resignation,Travel_Frequently,602,Sales,1,1,Technical Degree,1,21580,145035,2,Female,96,4,2,Laboratory Technician,3,Single,6500,4344,0,Y,No,14,3,2,80,0,9,5,2,8,7,0,7,Seek
19,Voluntary Resignation,Travel_Frequently,602,Sales,1,1,Life Sciences,1,21581,145036,2,Female,96,4,2,Laboratory Technician,3,Single,6500,4973,4,Y,No,14,3,2,80,0,16,3,2,14,8,6,9,Seek
19,Voluntary Resignation,Travel_Frequently,602,Sales,1,1,Technical Degree,1,21585,145040,4,Female,96,4,2,Sales Executive,3,Single,6500,26997,0,Y,No,14,3,2,80,0,9,5,2,8,7,0,7,Seek
19,Voluntary Resignation,Travel_Frequently,602,Sales,1,1,Life Sciences,1,21586,145041,4,Female,96,4,2,Sales Executive,3,Single,6500,26997,4,Y,No,14,4,2,80,0,9,5,2,8,7,0,7,Seek
19,Voluntary Resignation,Travel_Frequently,602,Sales,1,1,Technical Degree,1,21588,145043,2,Female,96,4,2,Laboratory Technician,3,Single,6500,4344,0,Y,No,14,3,2,80,0,9,5,2,8,7,0,7,Seek
19,Voluntary Resignation,Travel_Frequently,602,Sales,1,1,Life Sciences,1,21589,145044,2,Female,96,4,2,Laboratory Technician,3,Single,6500,4973,4,Y,No,14,3,2,80,0,16,3,2,14,8,6,9,Seek
19,Voluntary Resignation,Travel_Rarely,489,Human Resources,2,2,Technical Degree,1,22038,145493,4,Male,97,3,2,Sales Executive,4,Divorced,5087,2900,3,Y,Yes,12,3,3,80,2,14,4,3,0,0,0,0,LinkedIn
19,Voluntary Resignation,Travel_Rarely,489,Human Resources,2,2,Life Sciences,1,22039,145494,4,Male,97,3,2,Sales Executive,4,Divorced,5087,2900,4,Y,Yes,12,3,3,80,2,14,4,3,0,0,0,0,LinkedIn
19,Voluntary Resignation,Travel_Rarely,489,Human Resources,2,2,Technical Degree,1,22041,145496,2,Male,97,3,2,Sales Representative,4,Divorced,5087,4344,3,Y,Yes,12,3,3,80,0,0,2,3,0,0,0,0,LinkedIn
19,Voluntary Resignation,Travel_Rarely,489,Human Resources,2,2,Life Sciences,1,22042,145497,2,Male,97,3,2,Laboratory Technician,4,Divorced,5087,4973,4,Y,Yes,12,3,3,80,0,16,2,3,16,15,1,10,LinkedIn
19,Voluntary Resignation,Travel_Rarely,489,Human Resources,2,2,Technical Degree,1,22046,145501,4,Male,97,3,2,Sales Executive,4,Divorced,5087,2900,3,Y,Yes,12,3,3,80,2,14,4,3,0,0,0,0,LinkedIn
19,Voluntary Resignation,Travel_Rarely,489,Human Resources,2,2,Life Sciences,1,22047,145502,4,Male,97,3,2,Sales Executive,4,Divorced,5087,2900,4,Y,Yes,12,3,3,80,2,14,4,3,0,0,0,0,LinkedIn
19,Voluntary Resignation,Travel_Rarely,489,Human Resources,2,2,Technical Degree,1,22049,145504,2,Male,97,3,2,Sales Representative,4,Divorced,5087,4344,3,Y,Yes,12,3,3,80,0,0,2,3,0,0,0,0,LinkedIn
19,Voluntary Resignation,Travel_Rarely,489,Human Resources,2,2,Life Sciences,1,22050,145505,2,Male,97,3,2,Laboratory Technician,4,Divorced,5087,4973,4,Y,Yes,12,3,3,80,0,16,2,3,16,15,1,10,LinkedIn
19,Voluntary Resignation,Non-Travel,504,Research & Development,10,3,Medical,1,23518,Test,2,Male,84,3,3,Research Scientist,4,Single,11244,4297,2,Y,No,25,4,2,80,0,10,5,4,5,2,0,0,Company Website
19,Current employee,Travel_Rarely,1181,Research & Development,3,1,Medical,1,2477,125932,2,Female,79,3,1,Laboratory Technician,2,Single,1483,16102,1,Y,No,14,3,4,80,0,1,3,3,1,0,0,0,Recruit.net
19,Current employee,Travel_Rarely,1181,Research & Development,3,1,Life Sciences,1,2479,125934,2,Female,79,3,1,Laboratory Technician,2,Single,1483,16102,1,Y,No,14,3,4,80,0,1,3,3,1,0,0,0,Recruit.net
19,Current employee,Travel_Rarely,1181,Research & Development,3,1,Medical,1,2481,125936,1,Female,79,3,1,Laboratory Technician,2,Single,1483,3622,1,Y,No,14,3,4,80,0,1,3,3,1,0,0,0,Recruit.net
19,Current employee,Travel_Rarely,1181,Research & Development,3,1,Life Sciences,1,2482,125937,2,Female,79,3,1,Laboratory Technician,2,Single,1483,4652,1,Y,No,14,3,4,80,0,0,5,4,0,0,0,0,Recruit.net
19,Current employee,Travel_Rarely,1181,Research & Development,3,1,Medical,1,2485,125940,2,Female,79,3,1,Laboratory Technician,2,Single,1483,16102,1,Y,No,14,3,4,80,0,1,3,3,1,0,0,0,Recruit.net
19,Current employee,Travel_Rarely,1181,Research & Development,3,1,Life Sciences,1,2487,125942,2,Female,79,3,1,Laboratory Technician,2,Single,1483,16102,1,Y,No,14,3,4,80,0,1,3,3,1,0,0,0,Recruit.net
19,Current employee,Travel_Rarely,1181,Research & Development,3,1,Medical,1,2489,125944,1,Female,79,3,1,Laboratory Technician,2,Single,1483,3622,1,Y,No,14,3,4,80,0,1,3,3,1,0,0,0,Recruit.net
19,Current employee,Travel_Rarely,1181,Research & Development,3,1,Life Sciences,1,2490,125945,2,Female,79,3,1,Laboratory Technician,2,Single,1483,4652,1,Y,No,14,3,4,80,0,0,5,4,0,0,0,0,Recruit.net
19,Current employee,Travel_Rarely,645,Research & Development,9,2,Life Sciences,1,6036,129491,2,Male,54,3,1,Laboratory Technician,2,Divorced,3816,17881,1,Y,No,11,3,2,80,1,5,2,3,5,2,0,4,Adzuna
19,Current employee,Travel_Rarely,645,Research & Development,9,2,Medical,1,6038,129493,2,Male,54,3,1,Laboratory Technician,2,Divorced,3816,17881,1,Y,No,11,3,2,80,1,5,2,3,5,2,0,4,Adzuna
19,Current employee,Travel_Rarely,645,Research & Development,9,2,Life Sciences,1,6039,129494,2,Male,54,3,1,Laboratory Technician,2,Divorced,3816,4223,1,Y,No,11,3,2,80,0,5,2,3,5,2,0,4,Adzuna
19,Current employee,Travel_Rarely,645,Research & Development,9,2,Medical,1,6040,129495,2,Male,54,3,1,Healthcare Representative,2,Divorced,3816,4652,1,Y,No,11,3,2,80,0,0,2,4,0,0,0,0,Adzuna
19,Current employee,Travel_Rarely,645,Research & Development,9,2,Life Sciences,1,6044,129499,2,Male,54,3,1,Laboratory Technician,2,Divorced,3816,17881,1,Y,No,11,3,2,80,1,5,2,3,5,2,0,4,Adzuna
19,Current employee,Travel_Rarely,645,Research & Development,9,2,Medical,1,6046,129501,2,Male,54,3,1,Laboratory Technician,2,Divorced,3816,17881,1,Y,No,11,3,2,80,1,5,2,3,5,2,0,4,Adzuna
19,Current employee,Travel_Rarely,645,Research & Development,9,2,Life Sciences,1,6047,129502,2,Male,54,3,1,Laboratory Technician,2,Divorced,3816,4223,1,Y,No,11,3,2,80,0,5,2,3,5,2,0,4,Adzuna
19,Current employee,Travel_Rarely,645,Research & Development,9,2,Medical,1,6048,129503,2,Male,54,3,1,Healthcare Representative,2,Divorced,3816,4652,1,Y,No,11,3,2,80,0,0,2,4,0,0,0,0,Adzuna
19,Current employee,Travel_Rarely,265,Research & Development,25,3,Life Sciences,1,6468,129923,2,Male,55,3,5,Manager,3,Divorced,19197,8213,1,Y,Yes,14,4,3,80,1,21,3,3,21,8,1,6,Indeed
19,Current employee,Travel_Rarely,265,Research & Development,25,3,Technical Degree,1,6470,129925,2,Male,55,3,5,Manager,3,Divorced,19197,8213,1,Y,Yes,14,3,3,80,1,21,3,3,21,8,1,6,Indeed
19,Current employee,Travel_Rarely,265,Research & Development,25,3,Life Sciences,1,6471,129926,2,Male,55,3,5,Laboratory Technician,3,Divorced,19197,4223,1,Y,Yes,14,3,3,80,0,21,3,3,21,8,1,6,Indeed
19,Current employee,Travel_Rarely,265,Research & Development,25,3,Technical Degree,1,6472,129927,2,Male,55,3,5,Research Scientist,3,Divorced,19197,4681,1,Y,Yes,14,3,3,80,0,20,2,3,20,7,2,13,Indeed
19,Current employee,Travel_Rarely,265,Research & Development,25,3,Life Sciences,1,6476,129931,2,Male,55,3,5,Manager,3,Divorced,19197,8213,1,Y,Yes,14,4,3,80,1,21,3,3,21,8,1,6,Indeed
19,Current employee,Travel_Rarely,265,Research & Development,25,3,Technical Degree,1,6478,129933,2,Male,55,3,5,Manager,3,Divorced,19197,8213,1,Y,Yes,14,3,3,80,1,21,3,3,21,8,1,6,Indeed
19,Current employee,Travel_Rarely,265,Research & Development,25,3,Life Sciences,1,6479,129934,2,Male,55,3,5,Laboratory Technician,3,Divorced,19197,4223,1,Y,Yes,14,3,3,80,0,21,3,3,21,8,1,6,Indeed
19,Current employee,Travel_Rarely,265,,25,3,Technical Degree,1,6480,129935,2,Male,55,3,5,Research Scientist,3,Divorced,19197,4681,1,Y,Yes,14,3,3,80,0,20,2,3,20,,2,13,Indeed
19,Current employee,Travel_Rarely,1181,Research & Development,3,1,Medical,1,13421,136876,3,Female,74,3,3,Research Director,3,Single,13499,13782,9,Y,No,17,3,3,80,0,20,3,2,18,7,2,13,Seek
19,Current employee,Travel_Rarely,1181,Research & Development,3,1,Life Sciences,1,13422,136877,3,Female,74,3,3,Research Director,3,Single,13499,13782,2,Y,No,17,3,3,80,0,20,3,2,18,7,2,13,Seek
19,Current employee,Travel_Rarely,1181,Research & Development,3,1,Medical,1,13424,136879,2,Female,74,3,3,Sales Representative,3,Single,13499,4267,9,Y,No,17,3,3,80,0,20,3,2,18,7,2,13,Seek
19,Current employee,Travel_Rarely,1181,Research & Development,3,1,Life Sciences,1,13425,136880,2,Female,74,3,3,Laboratory Technician,3,Single,13499,4910,2,Y,No,17,3,3,80,0,5,4,2,3,2,2,2,Seek
19,Current employee,Travel_Rarely,1181,Research & Development,3,1,Medical,1,13429,136884,3,Female,74,3,3,Research Director,3,Single,13499,13782,9,Y,No,17,3,3,80,0,20,3,2,18,7,2,13,Seek
19,Current employee,Travel_Rarely,1181,Research & Development,3,1,Life Sciences,1,13430,136885,3,Female,74,3,3,Research Director,3,Single,13499,13782,2,Y,No,17,3,3,80,0,20,3,2,18,7,2,13,Seek
19,Current employee,Travel_Rarely,1181,Research & Development,3,1,Medical,1,13432,136887,2,Female,74,3,3,Sales Representative,3,Single,13499,4267,9,Y,No,17,3,3,80,0,20,3,2,18,7,2,13,Seek
19,Current employee,Travel_Rarely,1181,Research & Development,3,1,Life Sciences,1,13433,136888,2,Female,74,3,3,Laboratory Technician,3,Single,,4910,2,Y,No,17,3,3,80,0,5,4,2,3,2,2,2,Seek
19,Current employee,Travel_Rarely,645,Research & Development,9,2,Life Sciences,1,13673,137128,3,Male,54,3,1,Research Scientist,1,Single,2552,7172,1,Y,No,25,3,3,80,0,1,4,3,1,1,0,0,LinkedIn
19,Current employee,Travel_Rarely,645,Research & Development,9,2,Medical,1,13675,137130,3,Male,54,3,1,Research Scientist,1,Single,2552,7172,3,Y,No,25,3,3,80,0,1,4,3,1,1,0,0,LinkedIn
19,Current employee,Travel_Rarely,645,Research & Development,9,2,Life Sciences,1,13677,137132,2,Male,54,3,1,Research Scientist,1,Single,2552,4050,1,Y,No,25,4,3,80,0,1,4,3,1,1,0,0,LinkedIn
19,Current employee,Travel_Rarely,645,Research & Development,9,2,Medical,1,13678,137133,2,Male,54,3,1,Healthcare Representative,1,Single,2552,4910,3,Y,No,25,4,3,80,0,19,3,3,1,0,0,0,LinkedIn
19,Current employee,Travel_Rarely,645,Research & Development,9,2,Life Sciences,1,13681,137136,3,Male,54,3,1,Research Scientist,1,Single,2552,7172,1,Y,No,25,3,3,80,0,1,4,3,1,1,0,0,LinkedIn
19,Current employee,Travel_Rarely,645,Research & Development,9,2,Medical,1,13683,137138,3,Male,54,3,1,Research Scientist,1,Single,2552,7172,3,Y,No,25,3,3,80,0,1,4,3,1,1,0,0,LinkedIn
19,Current employee,Travel_Rarely,645,Research & Development,9,,Medical,1,13686,137141,2,Male,54,3,1,Healthcare Representative,1,Single,2552,4910,3,Y,No,25,4,3,80,0,19,3,3,1,0,0,0,LinkedIn
19,Current employee,Travel_Rarely,265,Research & Development,25,3,Life Sciences,1,14558,138013,2,Female,57,4,1,Research Scientist,4,Single,2994,21221,1,Y,Yes,12,3,4,80,0,1,2,3,1,0,0,1,Jora
19,Current employee,Travel_Rarely,265,Research & Development,25,3,Technical Degree,1,14561,138016,2,Female,57,4,1,Research Scientist,4,Single,2994,21221,4,Y,Yes,12,3,4,80,0,1,2,3,1,0,0,1,Jora
19,Current employee,Travel_Rarely,265,Research & Development,25,3,Life Sciences,1,14562,138017,2,Female,57,4,1,Research Scientist,4,Single,2994,4161,1,Y,Yes,12,3,4,80,0,1,2,3,1,0,0,1,Jora
19,Current employee,Travel_Rarely,265,Research & Development,25,3,Technical Degree,1,14563,138018,2,Female,57,4,1,Laboratory Technician,4,Single,2994,4944,4,Y,Yes,12,3,4,80,0,6,2,2,6,5,0,1,Jora
19,Current employee,Travel_Rarely,265,Research & Development,25,3,Life Sciences,1,14566,138021,2,Female,57,4,1,Research Scientist,4,Single,2994,21221,1,Y,Yes,12,3,4,80,0,1,2,3,1,0,0,1,Jora
19,Current employee,Travel_Rarely,265,Research & Development,25,3,Technical Degree,1,14569,138024,2,Female,57,4,1,Research Scientist,4,Single,2994,21221,4,Y,Yes,12,3,4,80,0,1,2,3,1,0,0,1,Jora
19,Current employee,Travel_Rarely,265,Research & Development,25,3,Life Sciences,1,14570,138025,,Female,57,4,1,Research Scientist,4,Single,2994,4161,1,Y,Yes,12,3,4,80,0,1,2,3,1,0,0,1,Jora
19,Current employee,Travel_Rarely,265,Research & Development,25,3,Technical Degree,1,14571,138026,2,Female,57,4,1,Laboratory Technician,4,Single,2994,4944,4,Y,Yes,12,3,4,80,0,6,2,2,6,5,0,1,Jora
19,,Travel_Rarely,645,Research & Development,9,2,Life Sciences,1,13685,137140,2,Male,54,3,1,Research Scientist,1,Single,,4050,1,Y,No,,4,3,80,0,1,4,3,1,1,0,0,LinkedIn
35,Voluntary Resignation,Travel_Rarely,556,Research & Development,23,2,Life Sciences,1,1830,125285,1,Male,42,2,1,Research Scientist,4,Married,2889,26897,1,Y,No,11,3,3,80,2,2,2,3,2,2,2,1,Company Website
35,Voluntary Resignation,Travel_Rarely,556,Research & Development,23,2,Other,1,1832,125287,1,Male,42,2,1,Research Scientist,4,Married,2889,26897,4,Y,No,11,3,3,80,2,2,2,3,2,2,2,1,Company Website
35,Voluntary Resignation,Travel_Rarely,556,Research & Development,23,2,Life Sciences,1,1835,125290,1,Male,42,2,1,Research Scientist,4,Married,2889,26897,1,Y,No,11,3,3,80,2,2,2,3,2,2,2,1,Company Website
35,Voluntary Resignation,Travel_Rarely,556,Research & Development,23,2,Other,1,1836,125291,1,Male,42,2,1,Research Scientist,4,Married,2889,26897,4,Y,No,11,3,3,80,2,2,2,3,2,2,2,1,Company Website
35,Voluntary Resignation,Travel_Rarely,556,Research & Development,23,2,Life Sciences,1,1837,125292,1,Male,42,2,1,Research Scientist,4,Married,2889,26897,1,Y,No,11,3,3,80,2,2,2,3,2,2,2,1,Company Website
35,Voluntary Resignation,Travel_Rarely,556,Research & Development,23,2,Other,1,1839,125294,1,Male,42,2,1,Research Scientist,4,Married,2889,26897,4,Y,No,11,3,3,80,2,2,2,3,2,2,2,1,Company Website
35,Voluntary Resignation,Travel_Rarely,556,Research & Development,23,2,Life Sciences,1,1842,125297,1,Male,42,2,1,Research Scientist,4,Married,2889,26897,1,Y,No,11,3,3,80,2,2,2,3,2,2,2,1,Company Website
35,Voluntary Resignation,Travel_Rarely,556,Research & Development,23,2,Other,1,1843,125298,1,Male,42,2,1,Research Scientist,4,Married,2889,26897,4,Y,No,11,3,3,80,2,2,2,3,2,2,2,1,Company Website
35,Voluntary Resignation,Travel_Rarely,556,Research & Development,23,2,Life Sciences,1,3156,126611,2,Male,50,2,2,Manufacturing Director,3,Married,5916,15497,3,Y,Yes,13,3,1,80,0,8,1,3,1,0,0,1,Company Website
35,Voluntary Resignation,Travel_Rarely,556,Research & Development,23,2,Other,1,3158,126613,2,Male,50,2,2,Manufacturing Director,3,Married,5916,15497,1,Y,Yes,13,3,1,80,0,8,1,3,1,0,0,1,Company Website
35,Voluntary Resignation,Travel_Rarely,556,Research & Development,23,2,Life Sciences,1,3160,126615,2,Male,50,2,2,Manufacturing Director,3,Married,5916,15497,3,Y,Yes,13,3,1,80,0,8,1,3,1,0,0,1,Company Website
35,Voluntary Resignation,Travel_Rarely,556,Research & Development,23,2,Other,1,3161,126616,2,Male,50,2,2,Manufacturing Director,3,Married,5916,15497,1,Y,Yes,13,3,1,80,0,8,1,3,1,0,0,1,Company Website
35,Voluntary Resignation,Travel_Rarely,556,Research & Development,23,2,Life Sciences,1,3164,126619,2,Male,50,2,2,Manufacturing Director,3,Married,5916,15497,3,Y,Yes,13,3,1,80,0,8,1,3,1,0,0,1,Company Website
35,Voluntary Resignation,Travel_Rarely,556,Research & Development,23,2,Other,1,3166,126621,2,Male,50,2,2,Manufacturing Director,3,Married,5916,15497,1,Y,Yes,13,3,1,80,0,8,1,3,1,0,0,1,Company Website
35,Voluntary Resignation,Travel_Rarely,556,Research & Development,23,2,Life Sciences,1,3168,126623,2,Male,50,2,2,Manufacturing Director,3,Married,5916,15497,3,Y,Yes,13,3,1,80,0,8,1,3,1,0,0,1,Company Website
35,Voluntary Resignation,Travel_Rarely,556,Research & Development,23,2,Other,1,3169,126624,2,Male,50,2,2,Manufacturing Director,3,Married,5916,15497,1,Y,Yes,13,3,1,80,0,8,1,3,1,0,0,1,Company Website
35,Voluntary Resignation,Travel_Frequently,130,Research & Development,25,4,Life Sciences,1,4641,128096,2,Male,49,3,2,Healthcare Representative,1,Married,4741,22722,1,Y,Yes,13,3,3,80,1,5,3,3,5,3,3,3,Recruit.net
35,Voluntary Resignation,Travel_Frequently,130,Research & Development,25,4,Technical Degree,1,4643,128098,2,Male,49,3,2,Healthcare Representative,1,Married,4741,22722,0,Y,Yes,13,3,3,80,1,5,3,3,5,3,3,3,Recruit.net
35,Voluntary Resignation,Travel_Frequently,130,Research & Development,25,4,Life Sciences,1,4646,128101,2,Male,49,3,2,Healthcare Representative,1,Married,4741,22722,1,Y,Yes,13,3,3,80,1,5,3,3,5,3,3,3,Recruit.net
35,Voluntary Resignation,Travel_Frequently,130,Research & Development,25,4,Technical Degree,1,4647,128102,2,Male,49,3,2,Healthcare Representative,1,Married,4741,22722,0,Y,Yes,13,3,3,80,1,5,3,3,5,3,3,3,Recruit.net
35,Voluntary Resignation,Travel_Frequently,130,Research & Development,25,4,Life Sciences,1,4649,128104,2,Male,49,3,2,Healthcare Representative,1,Married,4741,22722,1,Y,Yes,13,3,3,80,1,5,3,3,5,3,3,3,Recruit.net
35,Voluntary Resignation,Travel_Frequently,130,Research & Development,25,4,Technical Degree,1,4651,128106,2,Male,49,3,2,Healthcare Representative,1,Married,4741,22722,0,Y,Yes,13,3,3,80,1,5,3,3,5,3,3,3,Recruit.net
35,Voluntary Resignation,Travel_Frequently,130,Research & Development,25,4,Life Sciences,1,4654,128109,2,Male,49,3,2,Healthcare Representative,1,Married,4741,22722,1,Y,Yes,13,3,3,80,1,5,3,3,5,3,3,3,Recruit.net
35,Voluntary Resignation,Travel_Frequently,130,Research & Development,25,4,Technical Degree,1,4655,128110,2,Male,49,3,2,Healthcare Representative,1,Married,4741,22722,0,Y,Yes,13,3,3,80,1,5,3,3,5,3,3,3,Recruit.net
35,Voluntary Resignation,Travel_Rarely,104,Research & Development,2,3,Life Sciences,1,7865,131320,2,Male,58,3,2,Laboratory Technician,3,Divorced,5679,19627,3,Y,Yes,13,3,2,80,1,10,3,3,8,7,4,7,Jora
35,Voluntary Resignation,Travel_Rarely,104,Research & Development,2,3,Life Sciences,1,7866,131321,2,Male,58,3,2,Laboratory Technician,3,Divorced,5679,19627,1,Y,Yes,13,3,2,80,1,10,3,3,8,7,4,7,Jora
35,Voluntary Resignation,Travel_Rarely,104,Research & Development,2,3,Life Sciences,1,7868,131323,2,Male,58,3,2,Laboratory Technician,3,Divorced,5679,19627,3,Y,Yes,13,3,2,80,1,10,3,3,8,7,4,7,Jora
35,Voluntary Resignation,Travel_Rarely,104,Research & Development,2,3,Life Sciences,1,7869,131324,2,Male,58,3,2,Laboratory Technician,3,Divorced,5679,19627,1,Y,Yes,13,3,2,80,1,10,3,3,8,7,4,7,Jora
35,Voluntary Resignation,Travel_Rarely,104,Research & Development,2,3,Life Sciences,1,7873,131328,2,Male,58,3,2,Laboratory Technician,3,Divorced,5679,19627,3,Y,Yes,13,3,2,80,1,10,3,3,8,7,4,7,Jora
35,Voluntary Resignation,Travel_Rarely,104,Research & Development,2,3,Life Sciences,1,7874,131329,2,Male,58,3,2,Laboratory Technician,3,Divorced,5679,19627,1,Y,Yes,13,3,2,80,1,10,3,3,8,7,4,7,Jora
35,Voluntary Resignation,Travel_Rarely,104,Research & Development,2,3,Life Sciences,1,7876,131331,2,Male,58,3,2,Laboratory Technician,3,Divorced,5679,19627,3,Y,Yes,13,3,2,80,1,10,3,3,8,7,4,7,Jora
35,Voluntary Resignation,Travel_Rarely,104,Research & Development,2,3,Life Sciences,1,7877,131332,2,Male,58,3,2,Laboratory Technician,3,Divorced,5679,19627,1,Y,Yes,13,3,2,80,1,10,3,3,8,7,4,7,Jora
35,Voluntary Resignation,Travel_Rarely,303,Sales,27,3,Life Sciences,1,8935,132390,2,Male,61,3,2,Laboratory Technician,4,Single,2450,10919,2,Y,No,17,3,4,80,0,19,4,3,2,2,2,2,Referral
35,Voluntary Resignation,Travel_Rarely,303,Sales,27,3,Technical Degree,1,8937,132392,2,Male,61,3,2,Laboratory Technician,4,Single,2450,10919,1,Y,No,17,4,4,80,0,19,4,3,2,2,2,2,Referral
35,Voluntary Resignation,Travel_Rarely,303,Sales,27,3,Life Sciences,1,8938,132393,2,Male,61,3,2,Laboratory Technician,4,Single,2450,10919,2,Y,No,17,3,4,80,0,19,4,3,2,2,2,2,Referral
35,Voluntary Resignation,Travel_Rarely,303,Sales,27,3,Technical Degree,1,8939,132394,2,Male,61,3,2,Laboratory Technician,4,Single,2450,10919,1,Y,No,17,3,4,80,0,19,4,3,2,2,2,2,Referral
35,Voluntary Resignation,Travel_Rarely,303,Sales,27,3,Life Sciences,1,8942,132397,2,Male,61,3,2,Laboratory Technician,4,Single,2450,10919,2,Y,No,17,3,4,80,0,19,4,3,2,2,2,2,Referral
35,Voluntary Resignation,Travel_Rarely,303,Sales,27,3,Technical Degree,1,8944,132399,2,Male,61,3,2,Laboratory Technician,4,Single,2450,10919,1,Y,No,17,4,4,80,0,19,4,3,2,2,2,2,Referral
35,Voluntary Resignation,Travel_Rarely,303,Sales,27,3,Life Sciences,1,8945,132400,2,Male,61,3,2,Laboratory Technician,4,Single,2450,10919,2,Y,No,17,3,4,80,0,19,4,3,2,2,2,2,Referral
35,Voluntary Resignation,Travel_Rarely,303,Sales,27,3,Technical Degree,1,8946,132401,2,Male,61,3,2,Laboratory Technician,4,Single,2450,10919,1,Y,No,17,3,4,80,0,19,4,3,2,2,2,2,Referral
35,Voluntary Resignation,Travel_Frequently,130,Research & Development,25,4,Life Sciences,1,10207,133662,4,Female,96,3,1,Research Scientist,2,Divorced,2022,16612,1,Y,Yes,19,3,1,80,1,10,3,2,10,2,7,8,Seek
35,Voluntary Resignation,Travel_Frequently,130,Research & Development,25,4,Technical Degree,1,10210,133665,4,Female,96,3,1,Research Scientist,2,Divorced,2022,16612,4,Y,Yes,19,4,1,80,1,10,3,2,10,2,7,8,Seek
35,Voluntary Resignation,Travel_Frequently,130,Research & Development,25,4,Life Sciences,1,10211,133666,4,Female,96,3,1,Research Scientist,2,Divorced,2022,16612,1,Y,Yes,19,3,1,80,1,10,3,2,10,2,7,8,Seek
35,Voluntary Resignation,Travel_Frequently,130,Research & Development,25,4,Technical Degree,1,10024,133669,4,Female,96,3,1,Research Scientist,2,Divorced,2022,16612,4,Y,Yes,19,3,1,80,1,10,3,2,10,2,7,8,Seek
35,Voluntary Resignation,Travel_Frequently,130,Research & Development,25,4,Life Sciences,1,10215,133670,4,Female,96,3,1,Research Scientist,2,Divorced,2022,16612,1,Y,Yes,19,3,1,80,1,10,3,2,10,2,7,8,Seek
35,Voluntary Resignation,Travel_Frequently,130,Research & Development,25,4,Technical Degree,1,10218,133673,4,Female,96,3,1,Research Scientist,2,Divorced,2022,16612,4,Y,Yes,19,4,1,80,1,10,3,2,10,2,7,8,Seek
35,Voluntary Resignation,Travel_Frequently,130,Research & Development,25,4,Life Sciences,1,10219,133674,4,Female,96,3,1,Research Scientist,2,Divorced,2022,16612,1,Y,Yes,19,3,1,80,1,10,3,2,10,2,7,8,Seek
35,Voluntary Resignation,Travel_Frequently,130,Research & Development,25,4,Technical Degree,1,10222,133677,4,Female,96,3,1,Research Scientist,2,Divorced,2022,16612,4,Y,Yes,19,3,1,80,1,10,3,2,10,2,7,8,Seek
35,Voluntary Resignation,Travel_Rarely,622,Research & Development,14,4,Other,1,11623,135078,3,Male,39,2,1,Laboratory Technician,2,Divorced,3743,10074,1,Y,Yes,24,4,4,80,1,5,2,1,4,2,0,2,GlassDoor
35,Voluntary Resignation,Travel_Rarely,622,Research & Development,14,4,Medical,1,11626,135081,3,Male,39,2,1,Laboratory Technician,2,Divorced,3743,10074,1,Y,Yes,24,3,4,80,1,5,2,1,4,2,0,2,GlassDoor
35,Voluntary Resignation,Travel_Rarely,622,Research & Development,14,4,Other,1,11627,135082,3,Male,39,2,1,Laboratory Technician,2,Divorced,3743,10074,1,Y,Yes,24,4,4,80,1,5,2,1,4,2,0,2,GlassDoor
35,Voluntary Resignation,Travel_Rarely,622,Research & Development,14,4,Medical,1,11630,135085,3,Male,39,2,1,Laboratory Technician,2,Divorced,3743,10074,1,Y,Yes,24,4,4,80,1,5,2,1,4,2,0,2,GlassDoor
35,Voluntary Resignation,Travel_Rarely,622,Research & Development,14,4,Medical,1,11633,135088,3,Male,39,2,1,Laboratory Technician,2,Divorced,3743,10074,1,Y,Yes,24,3,4,80,1,5,2,1,4,2,0,2,GlassDoor
35,Voluntary Resignation,Travel_Rarely,622,Research & Development,14,4,Other,1,11634,135089,3,Male,39,2,1,Laboratory Technician,2,Divorced,3743,10074,1,Y,Yes,24,4,4,80,1,5,2,1,4,2,0,2,GlassDoor
35,Voluntary Resignation,Travel_Rarely,622,Research & Development,14,4,Medical,1,11637,135092,3,Male,39,2,1,Laboratory Technician,2,Divorced,3743,10074,1,Y,Yes,24,4,4,80,1,5,2,1,4,2,0,2,GlassDoor
35,Voluntary Resignation,Travel_Frequently,662,Sales,18,4,Marketing,1,11923,135378,3,Female,70,1,2,Healthcare Representative,2,Married,4777,14382,5,Y,No,15,3,1,80,0,15,2,1,1,0,0,0,Adzuna
35,Voluntary Resignation,Travel_Frequently,662,Sales,18,4,Medical,1,11925,135380,3,Female,70,1,2,Healthcare Representative,2,Married,4777,14382,0,Y,No,15,3,1,80,0,15,2,1,1,0,0,0,Adzuna
35,Voluntary Resignation,Travel_Frequently,662,Sales,18,4,Marketing,1,11926,135381,3,Female,70,1,2,Healthcare Representative,2,Married,4777,14382,5,Y,No,15,3,1,80,0,15,2,1,1,0,0,0,Adzuna
35,Voluntary Resignation,Travel_Frequently,662,Sales,18,4,Medical,1,11927,135382,3,Female,70,1,2,Healthcare Representative,2,Married,4777,14382,0,Y,No,15,3,1,80,0,15,2,1,1,0,0,0,Adzuna
35,Voluntary Resignation,Travel_Frequently,662,Sales,18,4,Marketing,1,11931,135386,3,Female,70,1,2,Healthcare Representative,2,Married,4777,14382,5,Y,No,15,3,1,80,0,15,2,1,1,0,0,0,Adzuna
35,Voluntary Resignation,Travel_Frequently,662,Sales,18,4,Medical,1,11933,135388,3,Female,70,1,2,Healthcare Representative,2,Married,4777,14382,0,Y,No,15,3,1,80,0,15,2,1,1,0,0,0,Adzuna
35,Voluntary Resignation,Travel_Frequently,662,Sales,18,4,Marketing,1,11934,135389,3,Female,70,1,2,Healthcare Representative,2,Married,4777,14382,5,Y,No,15,3,1,80,0,15,2,1,1,0,0,0,Adzuna
35,Voluntary Resignation,Travel_Frequently,662,Sales,18,4,Medical,1,11935,135390,3,Female,70,1,2,Healthcare Representative,2,Married,4777,14382,0,Y,No,15,3,1,80,0,15,2,1,1,0,0,0,Adzuna
35,Voluntary Resignation,Travel_Rarely,1204,Sales,4,3,Technical Degree,1,12687,136142,4,Male,86,3,3,Sales Executive,1,Single,9582,10333,0,Y,Yes,22,3,1,80,0,9,2,3,8,7,4,7,LinkedIn
35,Voluntary Resignation,Travel_Rarely,1204,Sales,4,3,Life Sciences,1,12689,136144,4,Male,86,3,3,Sales Executive,1,Single,9582,10333,5,Y,Yes,22,3,1,80,0,9,2,3,8,7,4,7,LinkedIn
35,Voluntary Resignation,Travel_Rarely,1204,Sales,4,3,Technical Degree,1,12691,136146,4,Male,86,3,3,Sales Executive,1,Single,9582,10333,0,Y,Yes,22,4,1,80,0,9,2,3,8,7,4,7,LinkedIn
35,Voluntary Resignation,Travel_Rarely,1204,Sales,4,3,Life Sciences,1,12692,136147,4,Male,86,3,3,Sales Executive,1,Single,9582,10333,5,Y,Yes,22,4,1,80,0,9,2,3,8,7,4,7,LinkedIn
35,Voluntary Resignation,Travel_Rarely,1204,Sales,4,3,Technical Degree,1,12695,136150,4,Male,86,3,3,Sales Executive,1,Single,9582,10333,0,Y,Yes,22,3,1,80,0,9,2,3,8,7,4,7,LinkedIn
35,Voluntary Resignation,Travel_Rarely,1204,Sales,4,3,Life Sciences,1,12697,136152,4,Male,86,3,3,Sales Executive,1,Single,9582,10333,5,Y,Yes,22,3,1,80,0,9,2,3,8,7,4,7,LinkedIn
35,Voluntary Resignation,Travel_Rarely,1204,Sales,4,3,Technical Degree,1,12699,136154,4,Male,86,3,3,Sales Executive,1,Single,9582,10333,0,Y,Yes,22,4,1,80,0,9,2,3,8,7,4,7,LinkedIn
35,Voluntary Resignation,Travel_Rarely,1204,Sales,4,3,Life Sciences,1,12700,136155,4,Male,86,3,3,Sales Executive,1,Single,9582,10333,5,Y,Yes,22,4,1,80,0,9,2,3,8,7,4,7,LinkedIn
35,Voluntary Resignation,Travel_Frequently,662,Sales,18,4,Marketing,1,15712,139167,4,Female,67,3,2,Sales Executive,3,Married,4614,23288,0,Y,Yes,18,3,3,80,1,5,0,2,4,2,3,2,Company Website
35,Voluntary Resignation,Travel_Frequently,662,Sales,18,4,Medical,1,15715,139170,4,Female,67,3,2,Sales Executive,3,Married,4614,23288,7,Y,Yes,18,4,3,80,1,5,0,2,4,2,3,2,Company Website
35,Voluntary Resignation,Travel_Frequently,662,Sales,18,4,Marketing,1,15716,139171,4,Female,67,3,2,Sales Executive,3,Married,4614,23288,0,Y,Yes,18,3,3,80,1,5,0,2,4,2,3,2,Company Website
35,Voluntary Resignation,Travel_Frequently,662,Sales,18,4,Medical,1,15717,139172,4,Female,67,3,2,Sales Executive,3,Married,4614,23288,7,Y,Yes,18,3,3,80,1,5,0,2,4,2,3,2,Company Website
35,Voluntary Resignation,Travel_Frequently,662,Sales,18,4,Marketing,1,15720,139175,4,Female,67,3,2,Sales Executive,3,Married,4614,23288,0,Y,Yes,18,3,3,80,1,5,0,2,4,2,3,2,Company Website
35,Voluntary Resignation,Travel_Frequently,662,Sales,18,4,Medical,1,15723,139178,4,Female,67,3,2,Sales Executive,3,Married,4614,23288,7,Y,Yes,18,4,3,80,1,5,0,2,4,2,3,2,Company Website
35,Voluntary Resignation,Travel_Frequently,662,Sales,18,4,Marketing,1,15724,139179,4,Female,67,3,2,Sales Executive,3,Married,4614,23288,0,Y,Yes,18,3,3,80,1,5,0,2,4,2,3,2,Company Website
35,Voluntary Resignation,Travel_Frequently,662,Sales,18,4,Medical,1,15725,139180,4,Female,67,3,2,Sales Executive,3,Married,4614,23288,7,Y,Yes,18,3,3,80,1,5,0,2,4,2,3,2,Company Website
35,Voluntary Resignation,Travel_Rarely,104,Research & Development,2,3,Life Sciences,1,17763,141218,1,Female,69,3,1,Laboratory Technician,1,Divorced,2074,26619,1,Y,Yes,12,4,4,80,1,1,2,3,1,0,0,0,Company Website
35,Voluntary Resignation,Travel_Rarely,104,Research & Development,2,3,Life Sciences,1,17765,141220,1,Female,69,3,1,Laboratory Technician,1,Divorced,2074,26619,1,Y,Yes,12,3,4,80,1,1,2,3,1,0,0,0,Company Website
35,Voluntary Resignation,Travel_Rarely,104,Research & Development,2,3,Life Sciences,1,17767,141222,1,Female,69,3,1,Laboratory Technician,1,Divorced,2074,26619,1,Y,Yes,12,3,4,80,1,1,2,3,1,0,0,0,Company Website
35,Voluntary Resignation,Travel_Rarely,104,Research & Development,2,3,Life Sciences,1,17768,141223,1,Female,69,3,1,Laboratory Technician,1,Divorced,2074,26619,1,Y,Yes,12,3,4,80,1,1,2,3,1,0,0,0,Company Website
35,Voluntary Resignation,Travel_Rarely,104,Research & Development,2,3,Life Sciences,1,17771,141226,1,Female,69,3,1,Laboratory Technician,1,Divorced,2074,26619,1,Y,Yes,12,4,4,80,1,1,2,3,1,0,0,0,Company Website
35,Voluntary Resignation,Travel_Rarely,104,Research & Development,2,3,Life Sciences,1,17772,141227,1,Female,69,3,1,Laboratory Technician,1,Divorced,2074,26619,1,Y,Yes,12,3,4,80,1,1,2,3,1,0,0,0,Company Website
35,Voluntary Resignation,Travel_Rarely,104,Research & Development,2,3,Life Sciences,1,17774,141229,1,Female,69,3,1,Laboratory Technician,1,Divorced,2074,26619,1,Y,Yes,12,3,4,80,1,1,2,3,1,0,0,0,Company Website
35,Voluntary Resignation,Travel_Rarely,104,Research & Development,2,3,Life Sciences,1,17775,141230,1,Female,69,3,1,Laboratory Technician,1,Divorced,2074,26619,1,Y,Yes,12,3,4,80,1,1,2,3,1,0,0,0,Company Website
35,Voluntary Resignation,Travel_Rarely,763,Sales,15,2,Medical,1,18489,141944,4,Female,87,3,2,Healthcare Representative,3,Married,4148,12250,1,Y,No,12,3,4,80,1,15,5,3,14,11,2,9,Company Website
35,Voluntary Resignation,Travel_Rarely,763,Sales,15,2,Medical,1,18491,141946,4,Female,87,3,2,Healthcare Representative,3,Married,4148,12250,0,Y,No,12,3,4,80,1,15,5,3,14,11,2,9,Company Website
35,Voluntary Resignation,Travel_Rarely,763,Sales,15,2,Medical,1,18493,141948,4,Female,87,3,2,Healthcare Representative,3,Married,4148,12250,1,Y,No,12,3,4,80,1,15,5,3,14,11,2,9,Company Website
35,Voluntary Resignation,Travel_Rarely,763,Sales,15,2,Medical,1,18495,141950,4,Female,87,3,2,Healthcare Representative,3,Married,4148,12250,0,Y,No,12,3,4,80,1,15,5,3,14,11,2,9,Company Website
35,Voluntary Resignation,Travel_Rarely,763,Sales,15,2,Medical,1,18497,141952,4,Female,87,3,2,Healthcare Representative,3,Married,4148,12250,1,Y,No,12,3,4,80,1,15,5,3,14,11,2,9,Company Website
35,Voluntary Resignation,Travel_Rarely,763,Sales,15,2,Medical,1,18499,141954,4,Female,87,3,2,Healthcare Representative,3,Married,4148,12250,0,Y,No,12,3,4,80,1,15,5,3,14,11,2,9,Company Website
35,Voluntary Resignation,Travel_Rarely,763,Sales,15,2,Medical,1,18501,141956,4,Female,87,3,2,Healthcare Representative,3,Married,4148,12250,1,Y,No,12,3,4,80,1,15,5,3,14,11,2,9,Company Website
35,Voluntary Resignation,Travel_Rarely,763,Sales,15,2,Medical,1,18503,141958,4,Female,87,3,2,Healthcare Representative,3,Married,4148,12250,0,Y,No,12,3,4,80,1,15,5,3,14,11,2,9,Company Website
35,Voluntary Resignation,Travel_Rarely,763,Sales,15,2,Medical,1,18659,142114,1,Male,59,1,2,Sales Executive,4,Divorced,5440,22098,6,Y,Yes,14,3,4,80,2,7,2,2,2,2,2,2,Seek
35,Voluntary Resignation,Travel_Rarely,763,Sales,15,2,Medical,1,18662,142117,1,Male,59,1,2,Sales Executive,4,Divorced,5440,22098,7,Y,Yes,14,3,4,80,2,7,2,2,2,2,2,2,Seek
35,Voluntary Resignation,Travel_Rarely,763,Sales,15,2,Medical,1,18665,142120,1,Male,59,1,2,Sales Executive,4,Divorced,5440,22098,6,Y,Yes,14,3,4,80,2,7,2,2,2,2,2,2,Seek
35,Voluntary Resignation,Travel_Rarely,763,Sales,15,2,Medical,1,18666,142121,1,Male,59,1,2,Sales Executive,4,Divorced,5440,22098,7,Y,Yes,14,3,4,80,2,7,2,2,2,2,2,2,Seek
35,Voluntary Resignation,Travel_Rarely,763,Sales,15,2,Medical,1,18667,142122,1,Male,59,1,2,Sales Executive,4,Divorced,5440,22098,6,Y,Yes,14,3,4,80,2,7,2,2,2,2,2,2,Seek
35,Voluntary Resignation,Travel_Rarely,763,Sales,15,2,Medical,1,18670,142125,1,Male,59,1,2,Sales Executive,4,Divorced,5440,22098,7,Y,Yes,14,3,4,80,2,7,2,2,2,2,2,2,Seek
35,Voluntary Resignation,Travel_Rarely,763,Sales,15,2,Medical,1,18673,142128,1,Male,59,1,2,Sales Executive,4,Divorced,5440,22098,6,Y,Yes,14,3,4,80,2,7,2,2,2,2,2,2,Seek
35,Voluntary Resignation,Travel_Rarely,763,Sales,15,2,Medical,1,18674,142129,1,Male,59,1,2,Sales Executive,4,Divorced,5440,22098,7,Y,Yes,14,3,4,80,2,7,2,2,2,2,2,2,Seek
35,Voluntary Resignation,Travel_Frequently,880,Sales,12,4,Other,1,18965,142420,4,Male,36,3,2,Sales Executive,4,Single,4581,10414,3,Y,Yes,24,3,1,80,0,13,2,4,11,9,6,7,Seek
35,Voluntary Resignation,Travel_Frequently,880,Sales,12,4,Medical,1,18968,142423,4,Male,36,3,2,Sales Executive,4,Single,4581,10414,6,Y,Yes,24,3,1,80,0,13,2,4,11,9,6,7,Seek
35,Voluntary Resignation,Travel_Frequently,880,Sales,12,4,Other,1,18969,142424,4,Male,36,3,2,Sales Executive,4,Single,4581,10414,3,Y,Yes,24,4,1,80,0,13,2,4,11,9,6,7,Seek
35,Voluntary Resignation,Travel_Frequently,880,Sales,12,4,Medical,1,18970,142425,4,Male,36,3,2,Sales Executive,4,Single,4581,10414,6,Y,Yes,24,4,1,80,0,13,2,4,11,9,6,7,Seek
35,Voluntary Resignation,Travel_Frequently,880,Sales,12,4,Other,1,18973,142428,4,Male,36,3,2,Sales Executive,4,Single,4581,10414,3,Y,Yes,24,3,1,80,0,13,2,4,11,9,6,7,Seek
35,Voluntary Resignation,Travel_Frequently,880,Sales,12,4,Medical,1,18976,142431,4,Male,36,3,2,Sales Executive,4,Single,4581,10414,6,Y,Yes,24,3,1,80,0,13,2,4,11,9,6,7,Seek
35,Voluntary Resignation,Travel_Frequently,880,Sales,12,4,Other,1,18977,142432,4,Male,36,3,2,Sales Executive,4,Single,4581,10414,3,Y,Yes,24,4,1,80,0,13,2,4,11,9,6,7,Seek
35,Voluntary Resignation,Travel_Frequently,880,Sales,12,4,Medical,1,18978,142433,4,Male,36,3,2,Sales Executive,4,Single,4581,10414,6,Y,Yes,24,4,1,80,0,13,2,4,11,9,6,7,Seek
35,Voluntary Resignation,Travel_Rarely,303,Sales,27,3,Life Sciences,1,20475,143930,3,Male,84,3,2,Sales Executive,4,Single,5813,13492,1,Y,Yes,18,3,4,80,0,10,2,3,10,7,7,7,GlassDoor
35,Voluntary Resignation,Travel_Rarely,303,Sales,27,3,Technical Degree,1,20478,143933,3,Male,84,3,2,Sales Executive,4,Single,5813,13492,8,Y,Yes,18,3,4,80,0,10,2,3,10,7,7,7,GlassDoor
35,Voluntary Resignation,Travel_Rarely,303,Sales,27,3,Life Sciences,1,20479,143934,3,Male,84,3,2,Sales Executive,4,Single,5813,13492,1,Y,Yes,18,3,4,80,0,10,2,3,10,7,7,7,GlassDoor
35,Voluntary Resignation,Travel_Rarely,303,Sales,27,3,Technical Degree,1,20480,143935,3,Male,84,3,2,Sales Executive,4,Single,5813,13492,8,Y,Yes,18,3,4,80,0,10,2,3,10,7,7,7,GlassDoor
35,Voluntary Resignation,Travel_Rarely,303,Sales,27,3,Life Sciences,1,20483,143938,3,Male,84,3,2,Sales Executive,4,Single,5813,13492,1,Y,Yes,18,3,4,80,0,10,2,3,10,7,7,7,GlassDoor
35,Voluntary Resignation,Travel_Rarely,303,Sales,27,3,Technical Degree,1,20486,143941,3,Male,84,3,2,Sales Executive,4,Single,5813,13492,8,Y,Yes,18,3,4,80,0,10,2,3,10,7,7,7,GlassDoor
35,Voluntary Resignation,Travel_Rarely,303,Sales,27,3,Life Sciences,1,20487,143942,3,Male,84,3,2,Sales Executive,4,Single,5813,13492,1,Y,Yes,18,3,4,80,0,10,2,3,10,7,7,7,GlassDoor
35,Voluntary Resignation,Travel_Rarely,303,Sales,27,3,Technical Degree,1,20488,143943,3,Male,84,3,2,Sales Executive,4,Single,5813,13492,8,Y,Yes,18,3,4,80,0,10,2,3,10,7,7,7,GlassDoor
35,Voluntary Resignation,Travel_Rarely,622,Research & Development,14,4,Other,1,20732,144187,4,Female,94,3,1,Human Resources,2,Married,2148,6889,0,Y,Yes,11,3,3,80,0,6,3,3,5,1,1,4,Company Website
35,Voluntary Resignation,Travel_Rarely,622,Research & Development,14,4,Medical,1,20733,144188,4,Female,94,3,1,Human Resources,2,Married,2148,6889,0,Y,Yes,11,3,3,80,0,6,3,3,5,1,1,4,Company Website
35,Voluntary Resignation,Travel_Rarely,622,Research & Development,14,4,Other,1,20737,144192,4,Female,94,3,1,Human Resources,2,Married,2148,6889,0,Y,Yes,11,3,3,80,0,6,3,3,5,1,1,4,Company Website
35,Voluntary Resignation,Travel_Rarely,622,Research & Development,14,4,Medical,1,20738,144193,4,Female,94,3,1,Human Resources,2,Married,2148,6889,0,Y,Yes,11,3,3,80,0,6,3,3,5,1,1,4,Company Website
35,Voluntary Resignation,Travel_Rarely,622,Research & Development,14,4,Other,1,20740,144195,4,Female,94,3,1,Human Resources,2,Married,2148,6889,0,Y,Yes,11,3,3,80,0,6,3,3,5,1,1,4,Company Website
35,Voluntary Resignation,Travel_Rarely,622,Research & Development,14,4,Medical,1,20741,144196,4,Female,94,3,1,Human Resources,2,Married,2148,6889,0,Y,Yes,11,3,3,80,0,6,3,3,5,1,1,4,Company Website
35,Voluntary Resignation,Travel_Rarely,622,Research & Development,14,4,Other,1,20745,144200,4,Female,94,3,1,Human Resources,2,Married,2148,6889,0,Y,Yes,11,3,3,80,0,6,3,3,5,1,1,4,Company Website
35,Voluntary Resignation,Travel_Rarely,622,Research & Development,14,4,Medical,1,20746,144201,4,Female,94,3,1,Human Resources,2,Married,2148,6889,0,Y,Yes,11,3,3,80,0,6,3,3,5,1,1,4,Company Website
35,Voluntary Resignation,Travel_Frequently,880,Sales,12,4,Other,1,21163,144618,4,Male,95,1,2,Healthcare Representative,3,Divorced,6384,21143,8,Y,No,17,4,4,80,2,11,3,3,7,0,1,6,Seek
35,Voluntary Resignation,Travel_Frequently,880,Sales,12,4,Medical,1,21164,144619,4,Male,95,1,2,Healthcare Representative,3,Divorced,6384,21143,0,Y,No,17,4,4,80,2,11,3,3,7,0,1,6,Seek
35,Voluntary Resignation,Travel_Frequently,880,Sales,12,4,Other,1,21168,144623,4,Male,95,1,2,Healthcare Representative,3,Divorced,6384,21143,8,Y,No,17,3,4,80,2,11,3,3,7,0,1,6,Seek
35,Voluntary Resignation,Travel_Frequently,880,Sales,12,4,Medical,1,21169,144624,4,Male,95,1,2,Healthcare Representative,3,Divorced,6384,21143,0,Y,No,17,3,4,80,2,11,3,3,7,0,1,6,Seek
35,Voluntary Resignation,Travel_Frequently,880,Sales,12,4,Other,1,21171,144626,4,Male,95,1,2,Healthcare Representative,3,Divorced,6384,21143,8,Y,No,17,4,4,80,2,11,3,3,7,0,1,6,Seek
35,Voluntary Resignation,Travel_Frequently,880,Sales,12,4,Medical,1,21172,144627,4,Male,95,1,2,Healthcare Representative,3,Divorced,6384,21143,0,Y,No,17,4,4,80,2,11,3,3,7,0,1,6,Seek
35,Voluntary Resignation,Travel_Frequently,880,Sales,12,4,Other,1,21176,144631,4,Male,95,1,2,Healthcare Representative,3,Divorced,6384,21143,8,Y,No,17,3,4,80,2,11,3,3,7,0,1,6,Seek
35,Voluntary Resignation,Travel_Frequently,880,Sales,12,4,Medical,1,21177,144632,4,Male,95,1,2,Healthcare Representative,3,Divorced,6384,21143,0,Y,No,17,3,4,80,2,11,3,3,7,0,1,6,Seek
35,Voluntary Resignation,Travel_Rarely,1204,Sales,4,3,Technical Degree,1,22486,145941,4,Female,98,3,2,Manufacturing Director,1,Single,4440,25198,6,Y,Yes,19,3,4,80,0,9,3,3,5,2,1,4,Jora
35,Voluntary Resignation,Travel_Rarely,1204,Sales,4,3,Life Sciences,1,22487,145942,4,Female,98,3,2,Manufacturing Director,1,Single,4440,25198,1,Y,Yes,19,4,4,80,0,9,3,3,5,2,1,4,Jora
35,Voluntary Resignation,Travel_Rarely,1204,Sales,4,3,Technical Degree,1,22489,145944,4,Female,98,3,2,Manufacturing Director,1,Single,4440,25198,6,Y,Yes,19,3,4,80,0,9,3,3,5,2,1,4,Jora
35,Voluntary Resignation,Travel_Rarely,1204,Sales,4,3,Life Sciences,1,22490,145945,4,Female,98,3,2,Manufacturing Director,1,Single,4440,25198,1,Y,Yes,19,3,4,80,0,9,3,3,5,2,1,4,Jora
35,Voluntary Resignation,Travel_Rarely,1204,Sales,4,3,Technical Degree,1,22493,145948,4,Female,98,3,2,Manufacturing Director,1,Single,4440,25198,6,Y,Yes,19,3,4,80,,9,3,3,5,2,1,4,Jora
35,Voluntary Resignation,Travel_Rarely,1204,Sales,4,3,Life Sciences,1,22494,145949,4,Female,98,3,2,Manufacturing Director,1,Single,4440,25198,1,Y,Yes,19,4,4,80,0,9,3,3,5,2,1,4,Jora
35,Voluntary Resignation,Travel_Rarely,1204,Sales,4,3,Technical Degree,1,22496,145951,4,Female,98,3,2,Manufacturing Director,1,Single,4440,25198,6,Y,Yes,19,3,4,80,0,9,3,3,5,2,1,4,Jora
35,Voluntary Resignation,Travel_Rarely,1204,Sales,4,3,Life Sciences,1,22497,145952,4,Female,98,3,2,Manufacturing Director,1,Single,4440,25198,1,Y,Yes,19,3,4,80,0,9,3,3,5,2,1,4,Jora
35,Current employee,Travel_Rarely,538,Research & Development,25,2,Other,1,206,123661,3,Male,94,3,2,Healthcare Representative,3,Married,5237,16577,4,Y,No,14,3,4,80,0,9,3,3,3,2,0,2,Jora
35,Current employee,Travel_Rarely,809,Research & Development,16,3,Medical,1,216,123671,1,Male,84,4,1,Laboratory Technician,2,Married,2426,16479,0,Y,No,13,3,3,80,1,6,5,3,5,4,0,3,Seek
35,Current employee,Travel_Rarely,809,Research & Development,16,3,Medical,1,219,123674,1,Male,84,4,1,Laboratory Technician,2,Married,2426,16479,1,Y,No,13,3,3,80,1,6,5,3,5,4,0,3,Seek
35,Current employee,Travel_Rarely,809,Research & Development,16,3,Medical,1,222,123677,1,Male,84,4,1,Laboratory Technician,2,Married,2426,16479,0,Y,No,13,3,3,80,1,6,5,3,5,4,0,3,Seek
35,Current employee,Travel_Rarely,809,Research & Development,16,3,Medical,1,223,123678,1,Male,84,4,1,Laboratory Technician,2,Married,2426,16479,1,Y,No,13,3,3,80,1,6,5,3,5,4,0,3,Seek
35,Current employee,Travel_Rarely,809,Research & Development,16,3,Medical,1,224,123679,1,Male,84,4,1,Laboratory Technician,2,Married,2426,16479,0,Y,No,13,3,3,80,1,6,5,3,5,4,0,3,Seek
35,Current employee,Travel_Rarely,809,Research & Development,16,3,Medical,1,225,123680,3,Female,61,3,2,Manufacturing Director,4,Single,4424,20682,1,Y,No,23,3,4,80,0,11,2,3,11,7,1,8,Seek
35,Current employee,Travel_Rarely,809,Research & Development,16,3,Medical,1,177,123683,3,Female,71,2,1,Research Scientist,2,Married,2546,18300,5,Y,No,16,3,2,80,0,6,2,4,2,2,1,1,GlassDoor
35,Current employee,Travel_Rarely,809,Research & Development,16,3,Medical,1,234,123689,1,Male,84,4,1,Laboratory Technician,2,Married,2426,16479,1,Y,No,13,3,3,80,1,6,5,3,5,4,0,3,Seek
35,Current employee,Travel_Rarely,809,Research & Development,16,3,Medical,1,237,123692,1,Male,84,4,1,Laboratory Technician,2,Married,2426,16479,0,Y,No,13,3,3,80,1,6,5,3,5,4,0,3,Seek
35,Current employee,Travel_Rarely,809,Research & Development,16,3,Medical,1,238,123693,1,Male,84,4,1,Laboratory Technician,2,Married,2426,16479,1,Y,No,13,3,3,80,1,6,5,3,5,4,0,3,Seek
35,Current employee,Travel_Rarely,1232,Sales,16,3,Marketing,1,298,123753,2,Male,93,3,1,Laboratory Technician,4,Divorced,2661,8758,0,Y,No,15,3,3,80,2,12,3,2,11,9,6,9,GlassDoor
35,Current employee,Travel_Rarely,660,Sales,7,1,Life Sciences,1,303,123758,2,Male,93,3,1,Laboratory Technician,4,Divorced,2661,8758,1,Y,Yes,18,3,2,80,0,1,3,1,1,0,0,0,Recruit.net
35,Current employee,Travel_Rarely,890,Sales,2,3,Marketing,1,725,124180,4,Female,97,3,1,Sales Representative,4,Married,2014,9687,1,Y,No,13,3,1,80,0,2,3,3,2,2,2,2,Company Website
35,Current employee,Travel_Rarely,890,Sales,2,3,Life Sciences,1,727,124182,4,Female,97,3,1,Sales Representative,4,Married,2014,9687,8,Y,No,13,3,1,80,0,2,3,3,2,2,2,2,Company Website
35,Current employee,Travel_Rarely,890,Sales,2,3,Marketing,1,731,124186,4,Female,97,3,1,Sales Representative,4,Married,2014,9687,1,Y,No,13,3,1,80,0,2,3,3,2,2,2,2,Company Website
35,Current employee,Travel_Rarely,890,Sales,2,3,Life Sciences,1,732,124187,4,Female,97,3,1,Sales Representative,4,Married,2014,9687,8,Y,No,13,3,1,80,0,2,3,3,2,2,2,2,Company Website
35,Current employee,Travel_Rarely,890,Sales,2,3,Marketing,1,733,124188,4,Female,97,3,1,Sales Representative,4,Married,2014,9687,1,Y,No,13,3,1,80,0,2,3,3,2,2,2,2,Company Website
35,Current employee,Travel_Rarely,890,Sales,2,3,Life Sciences,1,735,124190,4,Female,97,3,1,Sales Representative,4,Married,2014,9687,8,Y,No,13,3,1,80,0,2,3,3,2,2,2,2,Company Website
35,Current employee,Travel_Rarely,890,Sales,2,3,Marketing,1,739,124194,4,Female,97,3,1,Sales Representative,4,Married,2014,9687,1,Y,No,13,3,1,80,0,2,3,3,2,2,2,2,Company Website
35,Current employee,Travel_Rarely,890,Sales,2,3,Life Sciences,1,740,124195,4,Female,97,3,1,Sales Representative,4,Married,2014,9687,8,Y,No,13,3,1,80,0,2,3,3,2,2,2,2,Company Website
35,Current employee,Travel_Rarely,464,Research & Development,4,2,Other,1,775,124230,3,Male,75,3,1,Laboratory Technician,4,Divorced,1951,10910,1,Y,No,12,3,3,80,1,1,3,3,1,0,0,0,Seek
35,Current employee,Travel_Rarely,464,Research & Development,4,2,Life Sciences,1,777,124232,3,Male,75,3,1,Laboratory Technician,4,Divorced,1951,10910,1,Y,No,12,3,3,80,1,1,3,3,1,0,0,0,Seek
35,Current employee,Travel_Rarely,464,Research & Development,4,2,Other,1,779,124234,3,Male,75,3,1,Laboratory Technician,4,Divorced,1951,10910,1,Y,No,12,3,3,80,1,1,3,3,1,0,0,0,Seek
35,Current employee,Travel_Rarely,464,Research & Development,4,2,Life Sciences,1,780,124235,3,Male,75,3,1,Laboratory Technician,4,Divorced,1951,10910,1,Y,No,12,3,3,80,1,1,3,3,1,0,0,0,Seek
35,Current employee,Travel_Rarely,464,Research & Development,4,2,Other,1,783,124238,3,Male,75,3,1,Laboratory Technician,4,Divorced,1951,10910,1,Y,No,12,3,3,80,1,1,3,3,1,0,0,0,Seek
35,Current employee,Travel_Rarely,464,Research & Development,4,2,Life Sciences,1,785,124240,3,Male,75,3,1,Laboratory Technician,4,Divorced,1951,10910,1,Y,No,12,3,3,80,1,1,3,3,1,0,0,0,Seek
35,Current employee,Travel_Rarely,464,Research & Development,4,2,Other,1,787,124242,3,Male,75,3,1,Laboratory Technician,4,Divorced,1951,10910,1,Y,No,12,3,3,80,1,1,3,3,1,0,0,0,Seek
35,Current employee,Travel_Rarely,464,Research & Development,4,2,Life Sciences,1,788,124243,3,Male,75,3,1,Laboratory Technician,4,Divorced,1951,10910,1,Y,No,12,3,3,80,1,1,3,3,1,0,0,0,Seek
35,Current employee,Travel_Rarely,1229,Research & Development,8,1,Life Sciences,1,919,124374,4,Male,36,4,1,Laboratory Technician,4,Married,2269,4892,1,Y,No,19,3,4,80,0,1,2,3,1,0,0,1,Seek
35,Current employee,Travel_Rarely,1229,Research & Development,8,1,Marketing,1,921,124376,4,Male,36,4,1,Laboratory Technician,4,Married,2269,4892,1,Y,No,19,3,4,80,0,1,2,3,1,0,0,1,Seek
35,Current employee,Travel_Rarely,1229,Research & Development,8,1,Life Sciences,1,923,124378,4,Male,36,4,1,Laboratory Technician,4,Married,2269,4892,1,Y,No,19,3,4,80,0,1,2,3,1,0,0,1,Seek
35,Current employee,Travel_Rarely,1229,Research & Development,8,1,Marketing,1,924,124379,4,Male,36,4,1,Laboratory Technician,4,Married,2269,4892,1,Y,No,19,3,4,80,0,1,2,3,1,0,0,1,Seek
35,Current employee,Travel_Rarely,1229,Research & Development,8,1,Life Sciences,1,927,124382,4,Male,36,4,1,Laboratory Technician,4,Married,2269,4892,1,Y,No,19,3,4,80,0,1,2,3,1,0,0,1,Seek
35,Current employee,Travel_Rarely,1229,Research & Development,8,1,Marketing,1,929,124384,4,Male,36,4,1,Laboratory Technician,4,Married,2269,4892,1,Y,No,19,3,4,80,0,1,2,3,1,0,0,1,Seek
35,Current employee,Travel_Rarely,1229,Research & Development,8,1,Life Sciences,1,931,124386,4,Male,36,4,1,Laboratory Technician,4,Married,2269,4892,1,Y,No,19,3,4,80,0,1,2,3,1,0,0,1,Seek
35,Current employee,Travel_Rarely,1229,Research & Development,8,1,Marketing,1,932,124387,4,Male,36,4,1,Laboratory Technician,4,Married,2269,4892,1,Y,No,19,3,4,80,0,1,2,3,1,0,0,1,Seek
35,Current employee,Travel_Rarely,1229,Research & Development,8,1,Life Sciences,1,936,124391,1,Male,40,2,3,Laboratory Technician,3,Single,5381,19294,9,Y,Yes,13,3,4,80,0,23,2,3,1,0,0,0,Referral
35,Current employee,Travel_Rarely,1229,Research & Development,8,1,Medical,1,938,124393,1,Male,40,2,3,Laboratory Technician,3,Single,5381,19294,1,Y,Yes,13,3,4,80,0,23,2,3,1,0,0,0,Referral
35,Current employee,Travel_Rarely,1229,Research & Development,8,1,Life Sciences,1,939,124394,1,Male,40,2,3,Laboratory Technician,3,Single,5381,19294,9,Y,Yes,13,3,4,80,0,23,2,3,1,0,0,0,Referral
35,Current employee,Travel_Rarely,1229,Research & Development,8,1,Medical,1,940,124395,1,Male,40,2,3,Laboratory Technician,3,Single,5381,19294,1,Y,Yes,13,3,4,80,0,23,2,3,1,0,0,0,Referral
35,Current employee,Travel_Rarely,1229,Research & Development,8,1,Life Sciences,1,944,124399,1,Male,40,2,3,Laboratory Technician,3,Single,5381,19294,9,Y,Yes,13,3,4,80,0,23,2,3,1,0,0,0,Referral
35,Current employee,Travel_Rarely,1229,Research & Development,8,1,Medical,1,946,124401,1,Male,40,2,3,Laboratory Technician,3,Single,5381,19294,1,Y,Yes,13,3,4,80,0,23,2,3,1,0,0,0,Referral
35,Current employee,Travel_Rarely,1229,Research & Development,8,1,Life Sciences,1,947,124402,1,Male,40,2,3,Laboratory Technician,3,Single,5381,19294,9,Y,Yes,13,3,4,80,0,23,2,3,1,0,0,0,Referral
35,Current employee,Travel_Rarely,1229,Research & Development,8,1,Medical,1,948,124403,1,Male,40,2,3,Laboratory Technician,3,Single,5381,19294,1,Y,Yes,13,3,4,80,0,23,2,3,1,0,0,0,Referral
35,Current employee,Non-Travel,1097,Research & Development,11,2,Medical,1,983,124438,3,Male,79,2,3,Healthcare Representative,1,Married,9884,8302,2,Y,Yes,13,4,3,80,1,10,3,3,4,0,2,3,Seek
35,Current employee,Travel_Frequently,853,Sales,18,5,Life Sciences,1,984,124439,1,Male,40,2,3,Healthcare Representative,1,Married,9884,8302,2,Y,Yes,13,3,3,80,1,10,3,3,4,0,2,3,Seek
35,Current employee,Non-Travel,1097,Research & Development,11,2,Medical,1,985,124440,3,Male,79,2,3,Healthcare Representative,1,Married,9884,8302,0,Y,Yes,13,3,3,80,1,10,3,3,4,0,2,3,Seek
35,Current employee,Travel_Frequently,853,Sales,18,5,Medical,1,986,124441,1,Male,40,2,3,Healthcare Representative,1,Married,9884,8302,0,Y,Yes,13,3,3,80,1,10,3,3,4,0,2,3,Seek
35,Current employee,Non-Travel,1097,Research & Development,11,2,Medical,1,987,124442,3,Male,79,2,3,Healthcare Representative,1,Married,9884,8302,2,Y,Yes,13,3,3,80,1,10,3,3,4,0,2,3,Seek
35,Current employee,Travel_Frequently,853,Sales,18,5,Life Sciences,1,988,124443,1,Male,40,2,3,Healthcare Representative,1,Married,9884,8302,2,Y,Yes,13,3,3,80,1,10,3,3,4,0,2,3,Seek
35,Current employee,Non-Travel,1097,Research & Development,11,2,Medical,1,989,124444,3,Male,79,2,3,Healthcare Representative,1,Married,9884,8302,0,Y,Yes,13,3,3,80,1,10,3,3,4,0,2,3,Seek
35,Current employee,Travel_Frequently,853,Sales,18,5,Medical,1,990,124445,1,Male,40,2,3,Healthcare Representative,1,Married,9884,8302,0,Y,Yes,13,3,3,80,1,10,3,3,4,0,2,3,Seek
35,Current employee,Non-Travel,1097,Research & Development,11,2,Medical,1,991,124446,3,Male,79,2,3,Healthcare Representative,1,Married,9884,8302,2,Y,Yes,13,4,3,80,1,10,3,3,4,0,2,3,Seek
35,Current employee,Travel_Frequently,853,Sales,18,5,Life Sciences,1,992,124447,1,Male,40,2,3,Healthcare Representative,1,Married,9884,8302,2,Y,Yes,13,3,3,80,1,10,3,3,4,0,2,3,Seek
35,Current employee,Non-Travel,1097,Research & Development,11,2,Medical,1,993,124448,3,Male,79,2,3,Healthcare Representative,1,Married,9884,8302,0,Y,Yes,13,3,3,80,1,10,3,3,4,0,2,3,Seek
35,Current employee,Travel_Frequently,853,Sales,18,5,Medical,1,994,124449,1,Male,40,2,3,Healthcare Representative,1,Married,9884,8302,0,Y,Yes,13,3,3,80,1,10,3,3,4,0,2,3,Seek
35,Current employee,Non-Travel,1097,Research & Development,11,2,Medical,1,995,124450,3,Male,79,2,3,Healthcare Representative,1,Married,9884,8302,2,Y,Yes,13,3,3,80,1,10,3,3,4,0,2,3,Seek
35,Current employee,Travel_Frequently,853,Sales,18,5,Life Sciences,1,996,124451,1,Male,40,2,3,Healthcare Representative,1,Married,9884,8302,2,Y,Yes,13,3,3,80,1,10,3,3,4,0,2,3,Seek
35,Current employee,Non-Travel,1097,Research & Development,11,2,Medical,1,997,124452,3,Male,79,2,3,Healthcare Representative,1,Married,9884,8302,0,Y,Yes,13,3,3,80,1,10,3,3,4,0,2,3,Seek
35,Current employee,Travel_Frequently,853,Sales,18,5,Medical,1,998,124453,1,Male,40,2,3,Healthcare Representative,1,Married,9884,8302,0,Y,Yes,13,3,3,80,1,10,3,3,4,0,2,3,Seek
35,Current employee,Travel_Frequently,853,Sales,18,5,Life Sciences,1,1031,124486,2,Male,71,3,3,Sales Executive,1,Married,9069,11031,1,Y,No,22,4,4,80,1,9,3,2,9,8,1,8,Seek
35,Current employee,Travel_Frequently,853,Sales,18,5,Medical,1,1033,124488,2,Male,71,3,3,Sales Executive,1,Married,9069,11031,7,Y,No,22,3,4,80,1,9,3,2,9,8,1,8,Seek
35,Current employee,Travel_Frequently,853,Sales,18,5,Life Sciences,1,1035,124490,2,Male,71,3,3,Sales Executive,1,Married,9069,11031,1,Y,No,22,4,4,80,1,9,3,2,9,8,1,8,Seek
35,Current employee,Travel_Frequently,853,Sales,18,5,Medical,1,1036,124491,2,Male,71,3,3,Sales Executive,1,Married,9069,11031,7,Y,No,22,4,4,80,1,9,3,2,9,8,1,8,Seek
35,Current employee,Travel_Frequently,853,Sales,18,5,Life Sciences,1,1039,124494,2,Male,71,3,3,Sales Executive,1,Married,9069,11031,1,Y,No,22,4,4,80,1,9,3,2,9,8,1,8,Seek
35,Current employee,Travel_Frequently,853,Sales,18,5,Medical,1,1041,124496,2,Male,71,3,3,Sales Executive,1,Married,9069,11031,7,Y,No,22,3,4,80,1,9,3,2,9,8,1,8,Seek
35,Current employee,Travel_Frequently,853,Sales,18,5,Life Sciences,1,1043,124498,2,Male,71,3,3,Sales Executive,1,Married,9069,11031,1,Y,No,22,4,4,80,1,9,3,2,9,8,1,8,Seek
35,Current employee,Travel_Frequently,853,Sales,18,5,Medical,1,1044,124499,2,Male,71,3,3,Sales Executive,1,Married,9069,11031,7,Y,No,22,4,4,80,1,9,3,2,9,8,1,8,Seek
35,Current employee,Travel_Rarely,1142,Research & Development,23,4,Medical,1,1049,124504,3,Female,30,3,1,Laboratory Technician,1,Married,4014,16002,3,Y,Yes,15,3,3,80,1,4,3,3,2,2,2,2,Seek
35,Current employee,Travel_Rarely,1142,Research & Development,23,4,Other,1,1051,124506,3,Female,30,3,1,Laboratory Technician,1,Married,4014,16002,1,Y,Yes,15,3,3,80,1,4,3,3,2,2,2,2,Seek
35,Current employee,Travel_Rarely,1142,Research & Development,23,4,Medical,1,1053,124508,3,Female,30,3,1,Laboratory Technician,1,Married,4014,16002,3,Y,Yes,15,3,3,80,1,4,3,3,2,2,2,2,Seek
35,Current employee,Travel_Rarely,1142,Research & Development,23,4,Other,1,1054,124509,3,Female,30,3,1,Laboratory Technician,1,Married,4014,16002,1,Y,Yes,15,3,3,80,1,4,3,3,2,2,2,2,Seek
35,Current employee,Travel_Rarely,1142,Research & Development,23,4,Medical,1,1057,124512,3,Female,30,3,1,Laboratory Technician,1,Married,4014,16002,3,Y,Yes,15,3,3,80,1,4,3,3,2,2,2,2,Seek
35,Current employee,Travel_Rarely,1142,Research & Development,23,4,Other,1,1059,124514,3,Female,30,3,1,Laboratory Technician,1,Married,4014,16002,1,Y,Yes,15,3,3,80,1,4,3,3,2,2,2,2,Seek
35,Current employee,Travel_Rarely,1142,Research & Development,23,4,Medical,1,1061,124516,3,Female,30,3,1,Laboratory Technician,1,Married,4014,16002,3,Y,Yes,15,3,3,80,1,4,3,3,2,2,2,2,Seek
35,Current employee,Travel_Rarely,1142,Research & Development,23,4,Other,1,1062,124517,3,Female,30,3,1,Laboratory Technician,1,Married,4014,16002,1,Y,Yes,15,3,3,80,1,4,3,3,2,2,2,2,Seek
35,Current employee,Travel_Frequently,664,Research & Development,1,3,Medical,1,1226,124681,2,Male,79,3,1,Research Scientist,1,Married,2194,5868,4,Y,No,13,3,4,80,1,5,2,2,3,2,1,2,Company Website
35,Current employee,Travel_Frequently,664,Research & Development,1,3,Human Resources,1,1228,124683,2,Male,79,3,1,Research Scientist,1,Married,2194,5868,2,Y,No,13,3,4,80,1,5,2,2,3,2,1,2,Company Website
35,Current employee,Travel_Frequently,664,Research & Development,1,3,Medical,1,1230,124685,2,Male,79,3,1,Research Scientist,1,Married,2194,5868,4,Y,No,13,3,4,80,1,5,2,2,3,2,1,2,Company Website
35,Current employee,Travel_Frequently,664,Research & Development,1,3,Human Resources,1,1231,124686,2,Male,79,3,1,Research Scientist,1,Married,2194,5868,2,Y,No,13,3,4,80,1,5,2,2,3,2,1,2,Company Website
35,Current employee,Travel_Frequently,664,Research & Development,1,3,Human Resources,1,1235,124690,2,Male,79,3,1,Research Scientist,1,Married,2194,5868,2,Y,No,13,3,4,80,1,5,2,2,3,2,1,2,Company Website
35,Current employee,Travel_Frequently,664,Research & Development,1,3,Medical,1,1237,124692,2,Male,79,3,1,Research Scientist,1,Married,2194,5868,4,Y,No,13,3,4,80,1,5,2,2,3,2,1,2,Company Website
35,Current employee,Travel_Frequently,664,Research & Development,1,3,Human Resources,1,1238,124693,2,Male,79,3,1,Research Scientist,1,Married,2194,5868,2,Y,No,13,3,4,80,1,5,2,2,3,2,1,2,Company Website
35,Current employee,Travel_Rarely,776,Sales,1,4,Marketing,1,1346,124801,3,Male,32,2,2,Sales Executive,1,Single,4312,23016,0,Y,No,14,3,2,80,0,16,2,3,15,13,2,8,LinkedIn
35,Current employee,Travel_Rarely,776,Sales,1,4,Human Resources,1,1348,124803,3,Male,32,2,2,Sales Executive,1,Single,4312,23016,4,Y,No,14,3,2,80,0,16,2,3,15,13,2,8,LinkedIn
35,Current employee,Travel_Rarely,776,Sales,1,4,Marketing,1,1352,124807,3,Male,32,2,2,Sales Executive,1,Single,4312,23016,0,Y,No,14,3,2,80,0,16,2,3,15,13,2,8,LinkedIn
35,Current employee,Travel_Rarely,776,Sales,1,4,Human Resources,1,1353,124808,3,Male,32,2,2,Sales Executive,1,Single,4312,23016,4,Y,No,14,3,2,80,0,16,2,3,15,13,2,8,LinkedIn
35,Current employee,Travel_Rarely,776,Sales,1,4,Human Resources,1,1355,124810,3,Male,32,2,2,Sales Executive,1,Single,4312,23016,4,Y,No,14,3,2,80,0,16,2,3,15,13,2,8,LinkedIn
35,Current employee,Travel_Rarely,776,Sales,1,4,Marketing,1,1359,124814,3,Male,32,2,2,Sales Executive,1,Single,4312,23016,0,Y,No,14,3,2,80,0,16,2,3,15,13,2,8,LinkedIn
35,Current employee,Travel_Rarely,776,Sales,1,4,Human Resources,1,1360,124815,3,Male,32,2,2,Sales Executive,1,Single,4312,23016,4,Y,No,14,3,2,80,0,16,2,3,15,13,2,8,LinkedIn
35,Current employee,Travel_Rarely,1214,Research & Development,1,3,Medical,1,1421,124876,2,Male,30,2,1,Research Scientist,3,Single,2859,26278,1,Y,No,18,4,1,80,0,6,3,3,6,4,0,4,Recruit.net
35,Current employee,Travel_Rarely,1214,Research & Development,1,3,Human Resources,1,1423,124878,2,Male,30,2,1,Research Scientist,3,Single,2859,26278,2,Y,No,18,3,1,80,0,6,3,3,6,4,0,4,Recruit.net
35,Current employee,Travel_Rarely,1214,Research & Development,1,3,Medical,1,1427,124882,2,Male,30,2,1,Research Scientist,3,Single,2859,26278,1,Y,No,18,3,1,80,0,6,3,3,6,4,0,4,Recruit.net
35,Current employee,Travel_Rarely,1214,Research & Development,1,3,Human Resources,1,1428,124883,2,Male,30,2,1,Research Scientist,3,Single,2859,26278,2,Y,No,18,3,1,80,0,6,3,3,6,4,0,4,Recruit.net
35,Current employee,Travel_Rarely,1214,Research & Development,1,3,Human Resources,1,1430,124885,2,Male,30,2,1,Research Scientist,3,Single,2859,26278,2,Y,No,18,3,1,80,0,6,3,3,6,4,0,4,Recruit.net
35,Current employee,Travel_Rarely,1214,Research & Development,1,3,Medical,1,1434,124889,2,Male,30,2,1,Research Scientist,3,Single,2859,26278,1,Y,No,18,3,1,80,0,6,3,3,6,4,0,4,Recruit.net
35,Current employee,Travel_Rarely,1214,Research & Development,1,3,Human Resources,1,1435,124890,2,Male,30,2,1,Research Scientist,3,Single,2859,26278,2,Y,No,18,3,1,80,0,6,3,3,6,4,0,4,Recruit.net
35,Current employee,Travel_Rarely,1315,Research & Development,22,3,Life Sciences,1,2336,125791,1,Female,43,3,1,Laboratory Technician,1,Single,4200,10224,7,Y,No,22,3,1,80,0,10,2,4,5,4,0,4,GlassDoor
35,Current employee,Travel_Rarely,1315,Research & Development,22,3,Other,1,2338,125793,1,Female,43,3,1,Laboratory Technician,1,Single,4200,10224,1,Y,No,22,3,1,80,0,10,2,4,5,4,0,4,GlassDoor
35,Current employee,Travel_Rarely,1315,Research & Development,22,3,Life Sciences,1,2341,125796,1,Female,43,3,1,Laboratory Technician,1,Single,4200,10224,7,Y,No,22,4,1,80,0,10,2,4,5,4,0,4,GlassDoor
35,Current employee,Travel_Rarely,1315,Research & Development,22,3,Other,1,2342,125797,1,Female,43,3,1,Laboratory Technician,1,Single,4200,10224,1,Y,No,22,4,1,80,0,10,2,4,5,4,0,4,GlassDoor
35,Current employee,Travel_Rarely,1315,Research & Development,22,3,Life Sciences,1,2344,125799,1,Female,43,3,1,Laboratory Technician,1,Single,4200,10224,7,Y,No,22,3,1,80,0,10,2,4,5,4,0,4,GlassDoor
35,Current employee,Travel_Rarely,1315,Research & Development,22,3,Other,1,2346,125801,1,Female,43,3,1,Laboratory Technician,1,Single,4200,10224,1,Y,No,22,3,1,80,0,10,2,4,5,4,0,4,GlassDoor
35,Current employee,Travel_Rarely,1315,Research & Development,22,3,Life Sciences,1,2349,125804,1,Female,43,3,1,Laboratory Technician,1,Single,4200,10224,7,Y,No,22,4,1,80,0,10,2,4,5,4,0,4,GlassDoor
35,Current employee,Travel_Rarely,1315,Research & Development,22,3,Other,1,2350,125805,1,Female,43,3,1,Laboratory Technician,1,Single,4200,10224,1,Y,No,22,4,1,80,0,10,2,4,5,4,0,4,GlassDoor
35,Current employee,Travel_Rarely,662,Sales,1,5,Marketing,1,2508,125963,3,Male,94,3,3,Sales Executive,2,Married,7295,11439,1,Y,No,13,3,1,80,2,10,3,3,10,8,0,6,Jora
35,Current employee,Travel_Rarely,662,Sales,1,5,Human Resources,1,2510,125965,3,Male,94,3,3,Sales Executive,2,Married,7295,11439,4,Y,No,13,4,1,80,2,10,3,3,10,8,0,6,Jora
35,Current employee,Travel_Rarely,662,Sales,1,5,Marketing,1,2512,125967,3,Male,94,3,3,Sales Executive,2,Married,7295,11439,1,Y,No,13,3,1,80,2,10,3,3,10,8,0,6,Jora
35,Current employee,Travel_Rarely,662,Sales,1,5,Human Resources,1,2513,125968,3,Male,94,3,3,Sales Executive,2,Married,7295,11439,4,Y,No,13,3,1,80,2,10,3,3,10,8,0,6,Jora
35,Current employee,Travel_Rarely,662,Sales,1,5,Marketing,1,2516,125971,3,Male,94,3,3,Sales Executive,2,Married,7295,11439,1,Y,No,13,3,1,80,2,10,3,3,10,8,0,6,Jora
35,Current employee,Travel_Rarely,662,Sales,1,5,Human Resources,1,2517,125972,3,Male,94,3,3,Sales Executive,2,Married,7295,11439,4,Y,No,13,4,1,80,2,10,3,3,10,8,0,6,Jora
35,Current employee,Travel_Rarely,662,Sales,1,5,Marketing,1,2519,125974,3,Male,94,3,3,Sales Executive,2,Married,7295,11439,1,Y,No,13,3,1,80,2,10,3,3,10,8,0,6,Jora
35,Current employee,Travel_Rarely,662,Sales,1,5,Human Resources,1,2520,125975,3,Male,94,3,3,Sales Executive,2,Married,7295,11439,4,Y,No,13,3,1,80,2,10,3,3,10,8,0,6,Jora
35,Current employee,Travel_Rarely,755,Research & Development,9,4,Life Sciences,1,2913,126368,1,Male,45,2,1,Laboratory Technician,4,Single,1102,9241,1,Y,No,22,3,3,80,0,1,3,2,1,0,1,0,Seek
35,Current employee,Travel_Rarely,755,Research & Development,9,4,Medical,1,2915,126370,1,Male,45,2,1,Laboratory Technician,4,Single,1102,9241,1,Y,No,22,4,3,80,0,1,3,2,1,0,1,0,Seek
35,Current employee,Travel_Rarely,755,Research & Development,9,4,Life Sciences,1,2918,126373,1,Male,45,2,1,Laboratory Technician,4,Single,1102,9241,1,Y,No,22,4,3,80,0,1,3,2,1,0,1,0,Seek
35,Current employee,Travel_Rarely,755,Research & Development,9,4,Medical,1,2919,126374,1,Male,45,2,1,Laboratory Technician,4,Single,1102,9241,1,Y,No,22,4,3,80,0,1,3,2,1,0,1,0,Seek
35,Current employee,Travel_Rarely,755,Research & Development,9,4,Life Sciences,1,2921,126376,1,Male,45,2,1,Laboratory Technician,4,Single,1102,9241,1,Y,No,22,3,3,80,0,1,3,2,1,0,1,0,Seek
35,Current employee,Travel_Rarely,755,Research & Development,9,4,Medical,1,2923,126378,1,Male,45,2,1,Laboratory Technician,4,Single,1102,9241,1,Y,No,22,4,3,80,0,1,3,2,1,0,1,0,Seek
35,Current employee,Travel_Rarely,755,Research & Development,9,4,Life Sciences,1,2926,126381,1,Male,45,2,1,Laboratory Technician,4,Single,1102,9241,1,Y,No,22,4,3,80,0,1,3,2,1,0,1,0,Seek
35,Current employee,Travel_Rarely,755,Research & Development,9,4,Medical,1,2927,126382,1,Male,45,2,1,Laboratory Technician,4,Single,1102,9241,1,Y,No,22,4,3,80,0,1,3,2,1,0,1,0,Seek
35,Current employee,Travel_Frequently,138,Research & Development,2,3,Medical,1,3219,126674,2,Female,37,3,2,Laboratory Technician,2,Single,4425,15986,5,Y,No,11,3,4,80,0,10,5,3,6,2,1,2,Recruit.net
35,Current employee,Travel_Frequently,138,Research & Development,2,3,Life Sciences,1,3221,126676,2,Female,37,3,2,Laboratory Technician,2,Single,4425,15986,1,Y,No,11,3,4,80,0,10,5,3,6,2,1,2,Recruit.net
35,Current employee,Travel_Frequently,138,Research & Development,2,3,Medical,1,3223,126678,2,Female,37,3,2,Laboratory Technician,2,Single,4425,15986,5,Y,No,11,3,4,80,0,10,5,3,6,2,1,2,Recruit.net
35,Current employee,Travel_Frequently,138,Research & Development,2,3,Life Sciences,1,3224,126679,2,Female,37,3,2,Laboratory Technician,2,Single,4425,15986,1,Y,No,11,3,4,80,0,10,5,3,6,2,1,2,Recruit.net
35,Current employee,Travel_Frequently,138,Research & Development,2,3,Medical,1,3227,126682,2,Female,37,3,2,Laboratory Technician,2,Single,4425,15986,5,Y,No,11,3,4,80,0,10,5,3,6,2,1,2,Recruit.net
35,Current employee,Travel_Frequently,138,Research & Development,2,3,Life Sciences,1,3229,126684,2,Female,37,3,2,Laboratory Technician,2,Single,4425,15986,1,Y,No,11,3,4,80,0,10,5,3,6,2,1,2,Recruit.net
35,Current employee,Travel_Frequently,138,Research & Development,2,3,Medical,1,3231,126686,2,Female,37,3,2,Laboratory Technician,2,Single,4425,15986,5,Y,No,11,3,4,80,0,10,5,3,6,2,1,2,Recruit.net
35,Current employee,Travel_Frequently,138,Research & Development,2,3,Life Sciences,1,3232,126687,2,Female,37,3,2,Laboratory Technician,2,Single,4425,15986,1,Y,No,11,3,4,80,0,10,5,3,6,2,1,2,Recruit.net
35,Current employee,Travel_Rarely,144,Research & Development,22,3,Life Sciences,1,3300,126755,1,Male,46,3,2,Manufacturing Director,4,Divorced,6804,23793,1,Y,Yes,15,3,1,80,2,7,0,3,7,7,1,7,Adzuna
35,Current employee,Travel_Rarely,144,Research & Development,22,3,Other,1,3302,126757,1,Male,46,3,2,Manufacturing Director,4,Divorced,6804,23793,1,Y,Yes,15,3,1,80,2,7,0,3,7,7,1,7,Adzuna
35,Current employee,Travel_Rarely,144,Research & Development,22,3,Life Sciences,1,3303,126758,1,Male,46,3,2,Manufacturing Director,4,Divorced,6804,23793,1,Y,Yes,15,3,1,80,2,7,0,3,7,7,1,7,Adzuna
35,Current employee,Travel_Rarely,144,Research & Development,22,3,Other,1,3304,126759,1,Male,46,3,2,Manufacturing Director,4,Divorced,6804,23793,1,Y,Yes,15,3,1,80,2,7,0,3,7,7,1,7,Adzuna
35,Current employee,Travel_Rarely,144,Research & Development,22,3,Life Sciences,1,3308,126763,1,Male,46,3,2,Manufacturing Director,4,Divorced,6804,23793,1,Y,Yes,15,3,1,80,2,7,0,3,7,7,1,7,Adzuna
35,Current employee,Travel_Rarely,144,Research & Development,22,3,Other,1,3310,126765,1,Male,46,3,2,Manufacturing Director,4,Divorced,6804,23793,1,Y,Yes,15,3,1,80,2,7,0,3,7,7,1,7,Adzuna
35,Current employee,Travel_Rarely,144,Research & Development,22,3,Life Sciences,1,3311,126766,1,Male,46,3,2,Manufacturing Director,4,Divorced,6804,23793,1,Y,Yes,15,3,1,80,2,7,0,3,7,7,1,7,Adzuna
35,Current employee,Travel_Rarely,144,Research & Development,22,3,Other,1,3312,126767,1,Male,46,3,2,Manufacturing Director,4,Divorced,6804,23793,1,Y,Yes,15,3,1,80,2,7,0,3,7,7,1,7,Adzuna
35,Current employee,Travel_Rarely,1276,Research & Development,16,3,Life Sciences,1,3364,126819,1,Female,46,3,3,Sales Executive,4,Married,7639,24525,1,Y,No,22,4,4,80,3,10,3,2,10,4,1,9,Company Website
35,Current employee,Travel_Rarely,1276,Research & Development,16,3,Medical,1,3365,126820,1,Female,46,3,3,Sales Executive,4,Married,7639,24525,7,Y,No,22,3,4,80,3,10,3,2,10,4,1,9,Company Website
35,Current employee,Travel_Rarely,1276,Research & Development,16,3,Life Sciences,1,3369,126824,1,Female,46,3,3,Sales Executive,4,Married,7639,24525,1,Y,No,22,4,4,80,3,10,3,2,10,4,1,9,Company Website
35,Current employee,Travel_Rarely,1276,Research & Development,16,3,Medical,1,3370,126825,1,Female,46,3,3,Sales Executive,4,Married,7639,24525,7,Y,No,22,4,4,80,3,10,3,2,10,4,1,9,Company Website
35,Current employee,Travel_Rarely,1276,Research & Development,16,3,Life Sciences,1,3372,126827,1,Female,46,3,3,Sales Executive,4,Married,7639,24525,1,Y,No,22,4,4,80,3,10,3,2,10,4,1,9,Company Website
35,Current employee,Travel_Rarely,1276,Research & Development,16,3,Medical,1,3373,126828,1,Female,46,3,3,Sales Executive,4,Married,7639,24525,7,Y,No,22,3,4,80,3,10,3,2,10,4,1,9,Company Website
35,Current employee,Travel_Rarely,1276,Research & Development,16,3,Life Sciences,1,3377,126832,1,Female,46,3,3,Sales Executive,4,Married,7639,24525,1,Y,No,22,4,4,80,3,10,3,2,10,4,1,9,Company Website
35,Current employee,Travel_Rarely,1276,Research & Development,16,3,Medical,1,3378,126833,1,Female,46,3,3,Sales Executive,4,Married,7639,24525,7,Y,No,22,4,4,80,3,10,3,2,10,4,1,9,Company Website
35,Current employee,Travel_Frequently,944,Sales,1,3,Marketing,1,3733,127188,3,Female,92,3,3,Sales Executive,3,Single,8789,9096,1,Y,No,14,3,1,80,0,10,3,4,10,7,0,8,Jora
35,Current employee,Travel_Frequently,944,Sales,1,3,Human Resources,1,3735,127190,3,Female,92,3,3,Sales Executive,3,Single,8789,9096,4,Y,No,14,3,1,80,0,10,3,4,10,7,0,8,Jora
35,Current employee,Travel_Frequently,944,Sales,1,3,Marketing,1,3737,127192,3,Female,92,3,3,Sales Executive,3,Single,8789,9096,1,Y,No,14,3,1,80,0,10,3,4,10,7,0,8,Jora
35,Current employee,Travel_Frequently,944,Sales,1,3,Human Resources,1,3738,127193,3,Female,92,3,3,Sales Executive,3,Single,8789,9096,4,Y,No,14,3,1,80,0,10,3,4,10,7,0,8,Jora
35,Current employee,Travel_Frequently,944,Sales,1,3,Marketing,1,3741,127196,3,Female,92,3,3,Sales Executive,3,Single,8789,9096,1,Y,No,14,3,1,80,0,10,3,4,10,7,0,8,Jora
35,Current employee,Travel_Frequently,944,Sales,1,3,Human Resources,1,3743,127198,3,Female,92,3,3,Sales Executive,3,Single,8789,9096,4,Y,No,14,3,1,80,0,10,3,4,10,7,0,8,Jora
35,Current employee,Travel_Frequently,944,Sales,1,3,Marketing,1,3745,127200,3,Female,92,3,3,Sales Executive,3,Single,8789,9096,1,Y,No,14,3,1,80,0,10,3,4,10,7,0,8,Jora
35,Current employee,Travel_Frequently,944,Sales,1,3,Human Resources,1,3746,127201,3,Female,92,3,3,Sales Executive,3,Single,8789,9096,4,Y,No,14,3,1,80,0,10,3,4,10,7,0,8,Jora
35,Current employee,Travel_Rarely,1017,Research & Development,6,4,Life Sciences,1,3766,127221,1,Female,47,2,1,Laboratory Technician,4,Single,3212,3300,7,Y,No,15,4,2,80,0,6,3,2,2,2,2,2,Recruit.net
35,Current employee,Travel_Rarely,1017,Research & Development,6,4,Marketing,1,3768,127223,1,Female,47,2,1,Laboratory Technician,4,Single,3212,3300,1,Y,No,15,3,2,80,0,6,3,2,2,2,2,2,Recruit.net
35,Current employee,Travel_Rarely,1017,Research & Development,6,4,Life Sciences,1,3769,127224,1,Female,47,2,1,Laboratory Technician,4,Single,3212,3300,7,Y,No,15,3,2,80,0,6,3,2,2,2,2,2,Recruit.net
35,Current employee,Travel_Rarely,1017,Research & Development,6,4,Marketing,1,3770,127225,1,Female,47,2,1,Laboratory Technician,4,Single,3212,3300,1,Y,No,15,3,2,80,0,6,3,2,2,2,2,2,Recruit.net
35,Current employee,Travel_Rarely,1017,Research & Development,6,4,Life Sciences,1,3774,127229,1,Female,47,2,1,Laboratory Technician,4,Single,3212,3300,7,Y,No,15,4,2,80,0,6,3,2,2,2,2,2,Recruit.net
35,Current employee,Travel_Rarely,1017,Research & Development,6,4,Marketing,1,3776,127231,1,Female,47,2,1,Laboratory Technician,4,Single,3212,3300,1,Y,No,15,3,2,80,0,6,3,2,2,2,2,2,Recruit.net
35,Current employee,Travel_Rarely,1017,Research & Development,6,4,Life Sciences,1,3777,127232,1,Female,47,2,1,Laboratory Technician,4,Single,3212,3300,7,Y,No,15,3,2,80,0,6,3,2,2,2,2,2,Recruit.net
35,Current employee,Travel_Rarely,1017,Research & Development,6,4,Marketing,1,3778,127233,1,Female,47,2,1,Laboratory Technician,4,Single,3212,3300,1,Y,No,15,3,2,80,0,6,3,2,2,2,2,2,Recruit.net
35,Current employee,Non-Travel,727,Research & Development,3,3,Life Sciences,1,3814,127269,1,Female,47,3,5,Manager,4,Divorced,19517,24118,3,Y,No,11,3,3,80,1,32,3,2,7,0,0,6,LinkedIn
35,Current employee,Non-Travel,727,Research & Development,3,3,Life Sciences,1,3816,127271,1,Female,47,3,5,Manager,4,Divorced,19517,24118,1,Y,No,11,3,3,80,1,32,3,2,7,0,0,6,LinkedIn
35,Current employee,Non-Travel,727,Research & Development,3,3,Life Sciences,1,3817,127272,1,Female,47,3,5,Manager,4,Divorced,19517,24118,3,Y,No,11,3,3,80,1,32,3,2,7,0,0,6,LinkedIn
35,Current employee,Non-Travel,727,Research & Development,3,3,Life Sciences,1,3818,127273,1,Female,47,3,5,Manager,4,Divorced,19517,24118,1,Y,No,11,3,3,80,1,32,3,2,7,0,0,6,LinkedIn
35,Current employee,Non-Travel,727,Research & Development,3,3,Life Sciences,1,3822,127277,1,Female,47,3,5,Manager,4,Divorced,19517,24118,3,Y,No,11,3,3,80,1,32,3,2,7,0,0,6,LinkedIn
35,Current employee,Non-Travel,727,Research & Development,3,3,Life Sciences,1,3824,127279,1,Female,47,3,5,Manager,4,Divorced,19517,24118,1,Y,No,11,3,3,80,1,32,3,2,7,0,0,6,LinkedIn
35,Current employee,Non-Travel,727,Research & Development,3,3,Life Sciences,1,3825,127280,1,Female,47,3,5,Manager,4,Divorced,19517,24118,3,Y,No,11,3,3,80,1,32,3,2,7,0,0,6,LinkedIn
35,Current employee,Non-Travel,727,Research & Development,3,3,Life Sciences,1,3826,127281,1,Female,47,3,5,Manager,4,Divorced,19517,24118,1,Y,No,11,3,3,80,1,32,3,2,7,0,0,6,LinkedIn
35,Current employee,Non-Travel,1225,Research & Development,2,4,Life Sciences,1,4086,127541,1,Male,48,3,3,Manufacturing Director,3,Divorced,10048,22573,6,Y,No,11,3,2,80,2,17,5,3,1,0,0,0,Recruit.net
35,Current employee,Non-Travel,1225,Research & Development,2,4,Life Sciences,1,4087,127542,1,Male,48,3,3,Manufacturing Director,3,Divorced,10048,22573,1,Y,No,11,3,2,80,2,17,5,3,1,0,0,0,Recruit.net
35,Current employee,Non-Travel,1225,Research & Development,2,4,Life Sciences,1,4089,127544,1,Male,48,3,3,Manufacturing Director,3,Divorced,10048,22573,6,Y,No,11,3,2,80,2,17,5,3,1,0,0,0,Recruit.net
35,Current employee,Non-Travel,1225,Research & Development,2,4,Life Sciences,1,4090,127545,1,Male,48,3,3,Manufacturing Director,3,Divorced,10048,22573,1,Y,No,11,3,2,80,2,17,5,3,1,0,0,0,Recruit.net
35,Current employee,Non-Travel,1225,Research & Development,2,4,Life Sciences,1,4094,127549,1,Male,48,3,3,Manufacturing Director,3,Divorced,10048,22573,6,Y,No,11,3,2,80,2,17,5,3,1,0,0,0,Recruit.net
35,Current employee,Non-Travel,1225,Research & Development,2,4,Life Sciences,1,4095,127550,1,Male,48,3,3,Manufacturing Director,3,Divorced,10048,22573,1,Y,No,11,3,2,80,2,17,5,3,1,0,0,0,Recruit.net
35,Current employee,Non-Travel,1225,Research & Development,2,4,Life Sciences,1,4097,127552,1,Male,48,3,3,Manufacturing Director,3,Divorced,10048,22573,6,Y,No,11,3,2,80,2,17,5,3,1,0,0,0,Recruit.net
35,Current employee,Non-Travel,1225,Research & Development,2,4,Life Sciences,1,4098,127553,1,Male,48,3,3,Manufacturing Director,3,Divorced,10048,22573,1,Y,No,11,3,2,80,2,17,5,3,1,0,0,0,Recruit.net
35,Current employee,Travel_Rarely,384,Sales,8,4,Life Sciences,1,4229,127684,1,Male,48,2,1,Laboratory Technician,2,Single,3479,11652,0,Y,No,11,3,2,80,0,6,2,4,5,4,1,4,Referral
35,Current employee,Travel_Rarely,384,Sales,8,4,Medical,1,4230,127685,1,Male,48,2,1,Laboratory Technician,2,Single,3479,11652,1,Y,No,11,3,2,80,0,6,2,4,5,4,1,4,Referral
35,Current employee,Travel_Rarely,384,Sales,8,4,Life Sciences,1,4234,127689,1,Male,48,2,1,Laboratory Technician,2,Single,3479,11652,0,Y,No,11,3,2,80,0,6,2,4,5,4,1,4,Referral
35,Current employee,Travel_Rarely,384,Sales,8,4,Medical,1,4235,127690,1,Male,48,2,1,Laboratory Technician,2,Single,3479,11652,1,Y,No,11,3,2,80,0,6,2,4,5,4,1,4,Referral
35,Current employee,Travel_Rarely,384,Sales,8,4,Life Sciences,1,4237,127692,1,Male,48,2,1,Laboratory Technician,2,Single,3479,11652,0,Y,No,11,3,2,80,0,6,2,4,5,4,1,4,Referral
35,Current employee,Travel_Rarely,384,Sales,8,4,Medical,1,4238,127693,1,Male,48,2,1,Laboratory Technician,2,Single,3479,11652,1,Y,No,11,3,2,80,0,6,2,4,5,4,1,4,Referral
35,Current employee,Travel_Rarely,384,Sales,8,4,Life Sciences,1,4242,127697,1,Male,48,2,1,Laboratory Technician,2,Single,3479,11652,0,Y,No,11,3,2,80,0,6,2,4,5,4,1,4,Referral
35,Current employee,Travel_Rarely,384,Sales,8,4,Medical,1,4243,127698,1,Male,48,2,1,Laboratory Technician,2,Single,3479,11652,1,Y,No,11,3,2,80,0,6,2,4,5,4,1,4,Referral
35,Current employee,Travel_Rarely,1258,Research & Development,1,4,Life Sciences,1,4389,127844,1,Male,49,3,1,Laboratory Technician,4,Married,3210,20251,0,Y,No,11,3,3,80,1,16,4,3,15,13,10,11,Seek
35,Current employee,Travel_Rarely,1258,Research & Development,1,,Life Sciences,1,4390,127845,1,Male,49,3,1,Laboratory Technician,4,Married,3210,20251,1,Y,No,11,3,3,80,1,16,4,3,15,13,10,11,Seek
35,Current employee,Travel_Rarely,1258,Research & Development,1,4,Life Sciences,1,4392,127847,1,Male,49,3,1,Laboratory Technician,4,Married,3210,20251,0,Y,No,11,3,3,80,1,16,4,3,15,13,10,11,Seek
35,Current employee,Travel_Rarely,1258,Research & Development,1,4,Life Sciences,1,4393,127848,1,Male,49,3,1,Laboratory Technician,4,Married,3210,20251,1,Y,No,11,3,3,80,1,16,4,3,15,13,10,11,Seek
35,Current employee,Travel_Rarely,1258,Research & Development,1,4,Life Sciences,1,4397,127852,1,Male,49,3,1,Laboratory Technician,4,Married,3210,20251,0,Y,No,11,3,3,80,1,16,4,3,15,13,10,11,Seek
35,Current employee,Travel_Rarely,1258,Research & Development,1,4,Life Sciences,1,4398,127853,1,Male,49,3,1,Laboratory Technician,4,Married,3210,20251,1,Y,No,11,3,3,80,1,16,4,3,15,13,10,11,Seek
35,Current employee,Travel_Rarely,1258,Research & Development,1,4,Life Sciences,1,4400,127855,1,Male,49,3,1,Laboratory Technician,4,Married,3210,20251,0,Y,No,11,3,3,80,1,16,4,3,15,13,10,11,Seek
35,Current employee,Travel_Rarely,1258,Research & Development,1,4,Life Sciences,1,4401,127856,1,Male,49,3,1,Laboratory Technician,4,Married,3210,20251,1,Y,No,11,3,3,80,1,16,4,3,15,13,10,11,Seek
35,Current employee,Travel_Rarely,1315,Research & Development,22,3,Life Sciences,1,4506,127961,2,Female,71,4,3,Manager,2,Divorced,11996,19100,7,Y,No,18,3,2,80,1,10,6,2,7,7,6,2,Company Website
35,Current employee,Travel_Rarely,1315,Research & Development,22,3,Other,1,4509,127964,2,Female,71,4,3,Manager,2,Divorced,11996,19100,1,Y,No,18,3,2,80,1,10,6,2,7,7,6,2,Company Website
35,Current employee,Travel_Rarely,1315,Research & Development,22,3,Life Sciences,1,4510,127965,2,Female,71,4,3,Manager,2,Divorced,11996,19100,7,Y,No,18,3,2,80,1,10,6,2,7,7,6,2,Company Website
35,Current employee,Travel_Rarely,1315,Research & Development,22,3,Other,1,4511,127966,2,Female,71,4,3,Manager,2,Divorced,11996,19100,1,Y,No,18,3,2,80,1,10,6,2,7,7,6,2,Company Website
35,Current employee,Travel_Rarely,1315,Research & Development,22,3,Life Sciences,1,4514,127969,2,Female,71,4,3,Manager,2,Divorced,11996,19100,7,Y,No,18,3,2,80,1,10,6,2,7,7,6,2,Company Website
35,Current employee,Travel_Rarely,1315,Research & Development,22,3,Other,1,4517,127972,2,Female,71,4,3,Manager,2,Divorced,11996,19100,1,Y,No,18,3,2,80,1,10,6,2,7,7,6,2,Company Website
35,Current employee,Travel_Rarely,1315,Research & Development,22,3,Life Sciences,1,4518,127973,2,Female,71,4,3,Manager,2,Divorced,11996,19100,7,Y,No,18,3,2,80,1,10,6,2,7,7,6,2,Company Website
35,Current employee,Travel_Rarely,1315,Research & Development,22,3,Other,1,4519,127974,2,Female,71,4,3,Manager,2,Divorced,11996,19100,1,Y,No,18,3,2,80,1,10,6,2,7,7,6,2,Company Website
35,Current employee,Travel_Rarely,607,Research & Development,9,3,Life Sciences,1,4619,128074,1,Male,49,3,2,Laboratory Technician,4,Married,5415,15972,3,Y,Yes,19,3,4,80,1,12,4,3,10,7,0,8,LinkedIn
35,Current employee,Travel_Rarely,607,Research & Development,9,3,Medical,1,4620,128075,1,Male,49,3,2,Laboratory Technician,4,Married,5415,15972,1,Y,Yes,19,3,4,80,1,12,4,3,10,7,0,8,LinkedIn
35,Current employee,Travel_Rarely,607,Research & Development,9,3,Life Sciences,1,4622,128077,1,Male,49,3,2,Laboratory Technician,4,Married,5415,15972,3,Y,Yes,19,3,4,80,1,12,4,3,10,7,0,8,LinkedIn
35,Current employee,Travel_Rarely,607,Research & Development,9,3,Medical,1,4623,128078,1,Male,49,3,2,Laboratory Technician,4,Married,5415,15972,1,Y,Yes,19,3,4,80,1,12,4,3,10,7,0,8,LinkedIn
35,Current employee,Travel_Rarely,607,Research & Development,9,3,Life Sciences,1,4630,128085,1,Male,49,3,2,Laboratory Technician,4,Married,5415,15972,3,Y,Yes,19,3,4,80,1,12,4,3,10,7,0,8,LinkedIn
35,Current employee,Travel_Rarely,607,Research & Development,9,3,Medical,1,4631,128086,1,Male,49,3,2,Laboratory Technician,4,Married,5415,15972,1,Y,Yes,19,3,4,80,1,12,4,3,10,7,0,8,LinkedIn
35,Current employee,Travel_Rarely,607,Research & Development,9,3,Life Sciences,1,4633,128088,1,Male,49,3,2,Laboratory Technician,4,Married,5415,15972,3,Y,Yes,19,3,4,80,1,12,4,3,10,7,0,8,LinkedIn
35,Current employee,Travel_Rarely,607,Research & Development,9,3,Medical,1,4634,128089,1,Male,49,3,2,Laboratory Technician,4,Married,5415,15972,1,Y,Yes,19,3,4,80,1,12,4,3,10,7,0,8,LinkedIn
35,Current employee,Travel_Rarely,1232,Sales,16,3,Marketing,1,4838,128293,3,Male,96,3,3,Sales Executive,2,Married,8020,5100,0,Y,No,15,3,3,80,2,12,3,2,11,9,6,9,GlassDoor
35,Current employee,Travel_Rarely,1232,Sales,16,3,Medical,1,4841,128296,3,Male,96,3,3,Sales Executive,2,Married,8020,5100,7,Y,No,15,3,3,80,2,12,3,2,11,9,6,9,GlassDoor
35,Current employee,Travel_Rarely,1232,Sales,16,3,Marketing,1,4842,128297,3,Male,96,3,3,Sales Executive,2,Married,8020,5100,0,Y,No,15,3,3,80,2,12,3,2,11,9,6,9,GlassDoor
35,Current employee,Travel_Rarely,1232,Sales,16,3,Medical,1,4843,128298,3,Male,96,3,3,Sales Executive,2,Married,8020,5100,7,Y,No,15,3,3,80,2,12,3,2,11,9,6,9,GlassDoor
35,Current employee,Travel_Rarely,1232,Sales,16,3,Medical,1,4848,128303,3,Male,96,3,3,Sales Executive,2,Married,8020,5100,7,Y,No,15,3,3,80,2,12,3,2,11,9,6,9,GlassDoor
35,Current employee,Travel_Rarely,1232,Sales,16,3,Marketing,1,4849,128304,3,Male,96,3,3,Sales Executive,2,Married,8020,5100,0,Y,No,15,3,3,80,2,12,3,2,11,9,6,9,GlassDoor
35,Current employee,Travel_Rarely,1232,Sales,16,3,Medical,1,4850,128305,3,Male,96,3,3,Sales Executive,2,Married,8020,5100,7,Y,No,15,3,3,80,2,12,3,2,11,9,6,9,GlassDoor
35,Current employee,Travel_Rarely,1137,Research & Development,21,1,Life Sciences,1,4962,128417,2,Female,50,3,2,Laboratory Technician,2,Married,5674,6927,7,Y,No,15,3,3,80,1,11,3,3,9,8,0,8,LinkedIn
35,Current employee,Travel_Rarely,1137,Research & Development,21,1,Other,1,4963,128418,2,Female,50,3,2,Laboratory Technician,2,Married,5674,6927,1,Y,No,15,3,3,80,1,11,3,3,9,8,0,8,LinkedIn
35,Current employee,Travel_Rarely,1137,Research & Development,21,1,Life Sciences,1,4965,128420,2,Female,50,3,2,Laboratory Technician,2,Married,5674,6927,7,Y,No,15,3,3,80,1,11,3,3,9,8,0,8,LinkedIn
35,Current employee,Travel_Rarely,1137,Research & Development,21,1,Other,1,4966,128421,2,Female,50,3,2,Laboratory Technician,2,Married,5674,6927,1,Y,No,15,3,3,80,1,11,3,3,9,8,0,8,LinkedIn
35,Current employee,Travel_Rarely,1137,Research & Development,21,1,Life Sciences,1,4970,128425,2,Female,50,3,2,Laboratory Technician,2,Married,5674,6927,7,Y,No,15,3,3,80,1,11,3,3,9,8,0,8,LinkedIn
35,Current employee,Travel_Rarely,1137,Research & Development,21,1,Other,1,4971,128426,2,Female,50,3,2,Laboratory Technician,2,Married,5674,6927,1,Y,No,15,3,3,80,1,11,3,3,9,8,0,8,LinkedIn
35,Current employee,Travel_Rarely,1137,Research & Development,21,1,Life Sciences,1,4973,128428,2,Female,50,3,2,Laboratory Technician,2,Married,5674,6927,7,Y,No,15,3,3,80,1,11,3,3,9,8,0,8,LinkedIn
35,Current employee,Travel_Rarely,1137,Research & Development,21,1,Other,1,4974,128429,2,Female,50,3,2,Laboratory Technician,2,Married,5674,6927,1,Y,No,15,3,3,80,1,11,3,3,9,8,0,8,LinkedIn
35,Current employee,Travel_Rarely,882,Sales,3,4,Life Sciences,1,5074,128529,2,Male,51,3,1,Research Scientist,4,Divorced,2695,7747,0,Y,Yes,18,3,2,80,1,3,2,1,2,2,2,2,Company Website
35,Current employee,Travel_Rarely,882,Sales,3,4,Life Sciences,1,5076,128531,2,Male,51,3,1,Research Scientist,4,Divorced,2695,7747,3,Y,Yes,18,3,2,80,1,3,2,1,2,2,2,2,Company Website
35,Current employee,Travel_Rarely,882,Sales,3,4,Life Sciences,1,5079,128534,2,Male,51,3,1,Research Scientist,4,Divorced,2695,7747,0,Y,Yes,18,3,2,80,1,3,2,1,2,2,2,2,Company Website
35,Current employee,Travel_Rarely,882,Sales,3,4,Life Sciences,1,5080,128535,2,Male,51,3,1,Research Scientist,4,Divorced,2695,7747,3,Y,Yes,18,3,2,80,1,3,2,1,2,2,2,2,Company Website
35,Current employee,Travel_Rarely,882,Sales,3,4,Life Sciences,1,5082,128537,2,Male,51,3,1,Research Scientist,4,Divorced,2695,7747,0,Y,Yes,18,3,2,80,1,3,2,1,2,2,2,2,Company Website
35,Current employee,Travel_Rarely,882,Sales,3,4,Life Sciences,1,5084,128539,2,Male,51,3,1,Research Scientist,4,Divorced,2695,7747,3,Y,Yes,18,3,2,80,1,3,2,1,2,2,2,2,Company Website
35,Current employee,Travel_Rarely,882,Sales,3,4,Life Sciences,1,5087,128542,2,Male,51,3,1,Research Scientist,4,Divorced,2695,7747,0,Y,Yes,18,3,2,80,1,3,2,1,2,2,2,2,Company Website
35,Current employee,Travel_Rarely,882,Sales,3,4,Life Sciences,1,5088,128543,2,Male,51,3,1,Research Scientist,4,Divorced,2695,7747,3,Y,Yes,18,3,2,80,1,3,2,1,2,2,2,2,Company Website
35,Current employee,Travel_Rarely,1296,Research & Development,5,4,Technical Degree,1,5576,129031,3,Male,62,3,3,Manufacturing Director,2,Single,8095,18264,0,Y,No,13,4,4,80,0,17,5,3,16,6,0,13,Referral
35,Current employee,Travel_Rarely,1296,Research & Development,5,4,Life Sciences,1,5578,129033,3,Male,62,3,3,Manufacturing Director,2,Single,8095,18264,1,Y,No,13,3,4,80,0,17,5,3,16,6,0,13,Referral
35,Current employee,Travel_Rarely,1296,Research & Development,5,4,Technical Degree,1,5580,129035,3,Male,62,3,3,Manufacturing Director,2,Single,8095,18264,0,Y,No,13,3,4,80,0,17,5,3,16,6,0,13,Referral
35,Current employee,Travel_Rarely,1296,Research & Development,5,4,Life Sciences,1,5581,129036,3,Male,62,3,3,Manufacturing Director,2,Single,8095,18264,1,Y,No,13,3,4,80,0,17,5,3,16,6,0,13,Referral
35,Current employee,Travel_Rarely,1296,Research & Development,5,4,Technical Degree,1,5584,129039,3,Male,62,3,3,Manufacturing Director,2,Single,8095,18264,0,Y,No,13,4,4,80,0,17,5,3,16,6,0,13,Referral
35,Current employee,Travel_Rarely,1296,Research & Development,5,4,Life Sciences,1,5586,129041,3,Male,62,3,3,Manufacturing Director,2,Single,8095,18264,1,Y,No,13,3,4,80,0,17,5,3,16,6,0,13,Referral
35,Current employee,Travel_Rarely,1296,Research & Development,5,4,Technical Degree,1,5588,129043,3,Male,62,3,3,Manufacturing Director,2,Single,8095,18264,0,Y,No,13,3,4,80,0,17,5,3,16,6,0,13,Referral
35,Current employee,Travel_Rarely,1296,Research & Development,5,4,Life Sciences,1,5589,129044,3,Male,62,3,3,Manufacturing Director,2,Single,8095,18264,1,Y,No,13,3,4,80,0,17,5,3,16,6,0,13,Referral
35,Current employee,Travel_Rarely,819,Research & Development,2,3,Life Sciences,1,6004,129459,2,Male,54,3,1,Research Scientist,4,Single,2201,18168,9,Y,No,16,3,4,80,0,6,4,3,3,2,1,2,LinkedIn
35,Current employee,Travel_Rarely,819,Research & Development,2,3,Life Sciences,1,6005,129460,2,Male,54,3,1,Research Scientist,4,Single,2201,18168,2,Y,No,16,3,4,80,0,6,4,3,3,2,1,2,LinkedIn
35,Current employee,Travel_Rarely,819,Research & Development,2,3,Life Sciences,1,6009,129464,2,Male,54,3,1,Research Scientist,4,Single,2201,18168,9,Y,No,16,3,4,80,0,6,4,3,3,2,1,2,LinkedIn
35,Current employee,Travel_Rarely,819,Research & Development,2,3,Life Sciences,1,6010,129465,2,Male,54,3,1,Research Scientist,4,Single,2201,18168,2,Y,No,16,3,4,80,0,6,4,3,3,2,1,2,LinkedIn
35,Current employee,Travel_Rarely,819,Research & Development,2,3,Life Sciences,1,6012,129467,2,Male,54,3,1,Research Scientist,4,Single,2201,18168,9,Y,No,16,3,4,80,0,6,4,3,3,2,1,2,LinkedIn
35,Current employee,Travel_Rarely,819,Research & Development,2,3,Life Sciences,1,6013,129468,2,Male,54,3,1,Research Scientist,4,Single,2201,18168,2,Y,No,16,3,4,80,0,6,4,3,3,2,1,2,LinkedIn
35,Current employee,Travel_Rarely,819,Research & Development,2,3,Life Sciences,1,6017,129472,2,Male,54,3,1,Research Scientist,4,Single,2201,18168,9,Y,No,16,3,4,80,0,6,4,3,3,2,1,2,LinkedIn
35,Current employee,Travel_Rarely,819,Research & Development,2,3,Life Sciences,1,6018,129473,2,Male,54,3,1,Research Scientist,4,Single,2201,18168,2,Y,No,16,3,4,80,0,6,4,3,3,2,1,2,LinkedIn
35,Current employee,Travel_Rarely,755,Research & Development,9,4,Life Sciences,1,6019,129474,3,Male,97,2,2,Healthcare Representative,2,Single,6540,19394,9,Y,No,19,3,3,80,0,10,5,3,1,1,0,0,Recruit.net
35,Current employee,Travel_Rarely,755,Research & Development,9,4,Medical,1,6022,129477,3,Male,97,2,2,Healthcare Representative,2,Single,6540,19394,0,Y,No,19,3,3,80,0,10,5,3,1,1,0,0,Recruit.net
35,Current employee,Travel_Rarely,755,Research & Development,9,4,Life Sciences,1,6025,129480,3,Male,97,2,2,Healthcare Representative,2,Single,6540,19394,9,Y,No,19,3,3,80,0,10,5,3,1,1,0,0,Recruit.net
35,Current employee,Travel_Rarely,755,Research & Development,9,4,Medical,1,6026,129481,3,Male,97,2,2,Healthcare Representative,2,Single,6540,19394,0,Y,No,19,3,3,80,0,10,5,3,1,1,0,0,Recruit.net
35,Current employee,Travel_Rarely,755,Research & Development,9,4,Life Sciences,1,6027,129482,3,Male,97,2,2,Healthcare Representative,2,Single,6540,19394,9,Y,No,19,3,3,80,0,10,5,3,1,1,0,0,Recruit.net
35,Current employee,Travel_Rarely,755,Research & Development,9,4,Medical,1,6030,129485,3,Male,97,2,2,Healthcare Representative,2,Single,6540,19394,0,Y,No,19,3,3,80,0,10,5,3,1,1,0,0,Recruit.net
35,Current employee,Travel_Rarely,755,Research & Development,9,4,Life Sciences,1,6033,129488,3,Male,97,2,2,Healthcare Representative,2,Single,6540,19394,9,Y,No,19,3,3,80,0,10,5,3,1,1,0,0,Recruit.net
35,Current employee,Travel_Rarely,755,Research & Development,9,4,Medical,1,6034,129489,3,Male,97,2,2,Healthcare Representative,2,Single,6540,19394,0,Y,No,19,3,3,80,0,10,5,3,1,1,0,0,Recruit.net
35,Current employee,Travel_Rarely,1361,Sales,17,4,Life Sciences,1,6200,129655,2,Female,54,3,1,Research Scientist,2,Married,2244,24440,1,Y,No,13,4,4,80,1,2,1,3,2,1,1,2,Recruit.net
35,Current employee,Travel_Rarely,1361,Sales,17,4,Medical,1,6202,129657,2,Female,54,3,1,Research Scientist,2,Married,2244,24440,3,Y,No,13,3,4,80,1,2,1,3,2,1,1,2,Recruit.net
35,Current employee,Travel_Rarely,1361,Sales,17,4,Life Sciences,1,6205,129660,2,Female,54,3,1,Research Scientist,2,Married,2244,24440,1,Y,No,13,3,4,80,1,2,1,3,2,1,1,2,Recruit.net
35,Current employee,Travel_Rarely,1361,Sales,17,4,Medical,1,6206,129661,2,Female,54,3,1,Research Scientist,2,Married,2244,24440,3,Y,No,13,3,4,80,1,2,1,3,2,1,1,2,Recruit.net
35,Current employee,Travel_Rarely,1361,Sales,17,4,Life Sciences,1,6208,129663,2,Female,54,3,1,Research Scientist,2,Married,2244,24440,1,Y,No,13,4,4,80,1,2,1,3,2,1,1,2,Recruit.net
35,Current employee,Travel_Rarely,1361,Sales,17,4,Medical,1,6210,129665,2,Female,54,3,1,Research Scientist,2,Married,2244,24440,3,Y,No,13,3,4,80,1,2,1,3,2,1,1,2,Recruit.net
35,Current employee,Travel_Rarely,1361,Sales,17,4,Life Sciences,1,6213,129668,2,Female,54,3,1,Research Scientist,2,Married,2244,24440,1,Y,No,13,3,4,80,1,2,1,3,2,1,1,2,Recruit.net
35,Current employee,Travel_Rarely,1361,Sales,17,4,Medical,1,6214,129669,2,Female,54,3,1,Research Scientist,2,Married,2244,24440,3,Y,No,13,3,4,80,1,2,1,3,2,1,1,2,Recruit.net
35,Current employee,Travel_Rarely,735,Research & Development,6,1,Life Sciences,1,6594,130049,2,Female,55,3,4,Manager,4,Married,16555,10310,2,Y,No,13,3,4,80,0,31,2,1,5,2,1,4,Adzuna
35,Current employee,Travel_Rarely,735,Research & Development,6,1,Marketing,1,6596,130051,2,Female,55,3,4,Manager,4,Married,16555,10310,1,Y,No,13,4,4,80,0,31,2,1,5,2,1,4,Adzuna
35,Current employee,Travel_Rarely,735,Research & Development,6,1,Life Sciences,1,6597,130052,2,Female,55,3,4,Manager,4,Married,16555,10310,2,Y,No,13,3,4,80,0,31,2,1,5,2,1,4,Adzuna
35,Current employee,Travel_Rarely,735,Research & Development,6,1,Marketing,1,6598,130053,2,Female,55,3,4,Manager,4,Married,16555,10310,1,Y,No,13,3,4,80,0,31,2,1,5,2,1,4,Adzuna
35,Current employee,Travel_Rarely,735,Research & Development,6,1,Life Sciences,1,6602,130057,2,Female,55,3,4,Manager,4,Married,16555,10310,2,Y,No,13,3,4,80,0,31,2,1,5,2,1,4,Adzuna
35,Current employee,Travel_Rarely,735,Research & Development,6,1,Marketing,1,6604,130059,2,Female,55,3,4,Manager,4,Married,16555,10310,1,Y,No,13,4,4,80,0,31,2,1,5,2,1,4,Adzuna
35,Current employee,Travel_Rarely,735,Research & Development,6,1,Life Sciences,1,6605,130060,2,Female,55,3,4,Manager,4,Married,16555,10310,2,Y,No,13,3,4,80,0,31,2,1,5,2,1,4,Adzuna
35,Current employee,Travel_Rarely,735,Research & Development,6,1,Marketing,1,6606,130061,2,Female,55,3,4,Manager,4,Married,16555,10310,1,Y,No,13,3,4,80,0,31,2,1,5,2,1,4,Adzuna
35,Current employee,Travel_Frequently,482,Research & Development,4,4,Life Sciences,1,6867,130322,2,Female,56,3,1,Laboratory Technician,4,Single,2564,7181,0,Y,No,14,3,3,80,0,12,2,2,11,7,6,7,Recruit.net
35,Current employee,Travel_Frequently,482,Research & Development,4,4,Life Sciences,1,6869,130324,2,Female,56,3,1,Laboratory Technician,4,Single,2564,7181,1,Y,No,14,3,3,80,0,12,2,2,11,7,6,7,Recruit.net
35,Current employee,Travel_Frequently,482,Research & Development,4,4,Life Sciences,1,6872,130327,2,Female,56,3,1,Laboratory Technician,4,Single,2564,7181,0,Y,No,14,3,3,80,0,12,2,2,11,7,6,7,Recruit.net
35,Current employee,Travel_Frequently,482,Research & Development,4,4,Life Sciences,1,6873,130328,2,Female,56,3,1,Laboratory Technician,4,Single,2564,7181,1,Y,No,14,3,3,80,0,12,2,2,11,7,6,7,Recruit.net
35,Current employee,Travel_Frequently,482,Research & Development,4,4,Life Sciences,1,6874,130329,2,Female,56,3,1,Laboratory Technician,4,Single,2564,7181,0,Y,No,14,3,3,80,0,12,2,2,11,7,6,7,Recruit.net
35,Current employee,Travel_Frequently,482,Research & Development,4,4,Life Sciences,1,6876,130331,2,Female,56,3,1,Laboratory Technician,4,Single,2564,7181,1,Y,No,14,3,3,80,0,12,2,2,11,7,6,7,Recruit.net
35,Current employee,Travel_Frequently,482,Research & Development,4,4,Life Sciences,1,6879,130334,2,Female,56,3,1,Laboratory Technician,4,Single,2564,7181,0,Y,No,14,3,3,80,0,12,2,2,11,7,6,7,Recruit.net
35,Current employee,Travel_Frequently,482,Research & Development,4,4,Life Sciences,1,6880,130335,2,Female,56,3,1,Laboratory Technician,4,Single,2564,7181,1,Y,No,14,3,3,80,0,12,2,2,11,7,6,7,Recruit.net
35,Current employee,Travel_Rarely,144,Research & Development,22,3,Life Sciences,1,6926,130381,4,Male,46,1,1,Laboratory Technician,3,Single,4230,19225,0,Y,No,15,3,3,80,0,6,2,3,5,4,4,3,Indeed
35,Current employee,Travel_Rarely,144,Research & Development,22,3,Other,1,6929,130384,4,Male,46,1,1,Laboratory Technician,3,Single,4230,19225,1,Y,No,15,3,3,80,0,6,2,3,5,4,4,3,Indeed
35,Current employee,Travel_Rarely,144,Research & Development,22,3,Life Sciences,1,6930,130385,4,Male,46,1,1,Laboratory Technician,3,Single,4230,19225,0,Y,No,15,3,3,80,0,6,2,3,5,4,4,3,Indeed
35,Current employee,Travel_Rarely,144,Research & Development,22,3,Other,1,6931,130386,4,Male,46,1,1,Laboratory Technician,3,Single,4230,19225,1,Y,No,15,3,3,80,0,6,2,3,5,4,4,3,Indeed
35,Current employee,Travel_Rarely,144,Research & Development,22,3,Other,1,6936,130391,4,Male,46,1,1,Laboratory Technician,3,Single,4230,19225,1,Y,No,15,3,3,80,0,6,2,3,5,4,4,3,Indeed
35,Current employee,Travel_Rarely,144,Research & Development,22,3,Life Sciences,1,6937,130392,4,Male,46,1,1,Laboratory Technician,3,Single,4230,19225,0,Y,No,15,3,3,80,0,6,2,3,5,4,4,3,Indeed
35,Current employee,Travel_Rarely,144,Research & Development,22,3,Other,1,6938,130393,4,Male,46,1,1,Laboratory Technician,3,Single,4230,19225,1,Y,No,15,3,3,80,0,6,2,3,5,4,4,3,Indeed
35,Current employee,Travel_Rarely,1276,Research & Development,16,3,Life Sciences,1,7044,130499,4,Male,72,3,3,Healthcare Representative,3,Married,7632,14295,4,Y,Yes,12,3,3,80,0,10,2,3,8,7,0,0,Seek
35,Current employee,Travel_Rarely,1276,Research & Development,16,3,Medical,1,7046,130501,4,Male,72,3,3,Healthcare Representative,3,Married,7632,14295,0,Y,Yes,12,3,3,80,0,10,2,3,8,7,0,0,Seek
35,Current employee,Travel_Rarely,1276,Research & Development,16,3,Life Sciences,1,7048,130503,4,Male,72,3,3,Healthcare Representative,3,Married,7632,14295,4,Y,Yes,12,3,3,80,0,10,2,3,8,7,0,0,Seek
35,Current employee,Travel_Rarely,1276,Research & Development,16,3,Medical,1,7049,130504,4,Male,72,3,3,Healthcare Representative,3,Married,7632,14295,0,Y,Yes,12,3,3,80,0,10,2,3,8,7,0,0,Seek
35,Current employee,Travel_Rarely,1276,Research & Development,16,3,Medical,1,7053,130508,4,Male,72,3,3,Healthcare Representative,3,Married,7632,14295,0,Y,Yes,12,3,3,80,0,10,2,3,8,7,0,0,Seek
35,Current employee,Travel_Rarely,1276,Research & Development,16,3,Life Sciences,1,7055,130510,4,Male,72,3,3,Healthcare Representative,3,Married,7632,14295,4,Y,Yes,12,3,3,80,0,10,2,3,8,7,0,0,Seek
35,Current employee,Travel_Rarely,1276,Research & Development,16,3,Medical,1,7056,130511,4,Male,72,3,3,Healthcare Representative,3,Married,7632,14295,0,Y,Yes,12,3,3,80,0,10,2,3,8,7,0,0,Seek
35,Current employee,Travel_Frequently,200,Research & Development,18,2,Life Sciences,1,7137,130592,2,,57,3,2,Sales Executive,4,Married,4051,19658,2,Y,No,14,3,1,80,1,14,2,3,9,7,6,7,LinkedIn
35,Current employee,Travel_Frequently,200,Research & Development,18,2,Medical,1,7139,130594,2,Female,57,3,2,Sales Executive,4,Married,4051,19658,7,Y,No,14,3,1,80,1,14,2,3,9,7,6,7,LinkedIn
35,Current employee,Travel_Frequently,200,Research & Development,18,2,Life Sciences,1,7140,130595,2,Female,57,3,2,Sales Executive,4,Married,4051,19658,2,Y,No,14,3,1,80,1,14,2,3,9,7,6,7,LinkedIn
35,Current employee,Travel_Frequently,200,Research & Development,18,2,Medical,1,7141,130596,2,Female,57,3,2,Sales Executive,4,Married,4051,19658,7,Y,No,14,3,1,80,1,14,2,3,9,7,6,7,LinkedIn
35,Current employee,Travel_Frequently,200,Research & Development,18,2,Life Sciences,1,7145,130600,2,Female,57,3,2,Sales Executive,4,Married,4051,19658,2,Y,No,14,3,1,80,1,14,2,3,9,7,6,7,LinkedIn
35,Current employee,Travel_Frequently,200,Research & Development,18,2,Medical,1,7147,130602,2,Female,57,3,2,Sales Executive,4,Married,4051,19658,7,Y,No,14,3,1,80,1,14,2,3,9,7,6,7,LinkedIn
35,Current employee,Travel_Frequently,200,Research & Development,18,2,Life Sciences,1,7148,130603,2,Female,57,3,2,Sales Executive,4,Married,4051,19658,2,Y,No,14,3,1,80,1,14,2,3,9,7,6,7,LinkedIn
35,Current employee,Travel_Frequently,200,Research & Development,18,2,Medical,1,7149,130604,2,Female,57,3,2,Sales Executive,4,Married,4051,19658,7,Y,No,14,3,1,80,1,14,2,3,9,7,6,7,LinkedIn
35,Current employee,Travel_Rarely,619,Sales,1,3,Marketing,1,7190,130645,2,Male,85,3,2,Sales Executive,3,Married,4717,18659,9,Y,No,11,3,3,80,0,15,2,3,11,9,6,9,Jora
35,Current employee,Travel_Rarely,619,Sales,1,3,Life Sciences,1,7192,130647,2,Male,85,3,2,Sales Executive,3,Married,4717,18659,4,Y,No,11,3,3,80,0,15,2,3,11,9,6,9,Jora
35,Current employee,Travel_Rarely,619,Sales,1,3,Marketing,1,7196,130651,2,Male,85,3,2,Sales Executive,3,Married,4717,18659,9,Y,No,11,3,3,80,0,15,2,3,11,9,6,9,Jora
35,Current employee,Travel_Rarely,619,Sales,1,3,Life Sciences,1,7197,130652,2,Male,85,3,2,Sales Executive,3,Married,4717,18659,4,Y,No,11,3,3,80,0,15,2,3,11,9,6,9,Jora
35,Current employee,Travel_Rarely,619,Sales,1,3,Marketing,1,7198,130653,2,Male,85,3,2,Sales Executive,3,Married,4717,18659,9,Y,No,11,3,3,80,0,15,2,3,11,9,6,9,Jora
35,Current employee,Travel_Rarely,619,Sales,1,3,Life Sciences,1,7200,130655,2,Male,85,3,2,Sales Executive,3,Married,4717,18659,4,Y,No,11,3,3,80,0,15,2,3,11,9,6,9,Jora
35,Current employee,Travel_Rarely,619,Sales,1,3,Marketing,1,7204,130659,2,Male,85,3,2,Sales Executive,3,Married,4717,18659,9,Y,No,11,3,3,80,0,15,2,3,11,9,6,9,Jora
35,Current employee,Travel_Rarely,619,Sales,1,3,Life Sciences,1,7205,130660,2,Male,85,3,2,Sales Executive,3,Married,4717,18659,4,Y,No,11,3,3,80,0,15,2,3,11,9,6,9,Jora
35,Current employee,Travel_Rarely,195,Sales,1,3,Medical,1,7405,130860,1,Female,80,3,2,Sales Executive,3,Single,4859,6698,1,Y,No,16,4,4,80,0,5,3,3,5,4,0,3,Jora
35,Current employee,Travel_Rarely,195,Sales,1,3,Life Sciences,1,7407,130862,1,Female,80,3,2,Sales Executive,3,Single,4859,6698,4,Y,No,16,3,4,80,0,5,3,3,5,4,0,3,Jora
35,Current employee,Travel_Rarely,195,Sales,1,3,Medical,1,7409,130864,1,Female,80,3,2,Sales Executive,3,Single,4859,6698,1,Y,No,16,3,4,80,0,5,3,3,5,4,0,3,Jora
35,Current employee,Travel_Rarely,195,Sales,1,3,Life Sciences,1,7410,130865,1,Female,80,3,2,Sales Executive,3,Single,4859,6698,4,Y,No,16,3,4,80,0,5,3,3,5,4,0,3,Jora
35,Current employee,Travel_Rarely,195,Sales,1,3,Medical,1,7413,130868,1,Female,80,3,2,Sales Executive,3,Single,4859,6698,1,Y,No,16,4,4,80,0,5,3,3,5,4,0,3,Jora
35,Current employee,Travel_Rarely,195,Sales,1,3,Life Sciences,1,7414,130869,1,Female,80,3,2,Sales Executive,3,Single,4859,6698,4,Y,No,16,3,4,80,0,5,3,3,5,4,0,3,Jora
35,Current employee,Travel_Rarely,195,Sales,1,3,Medical,1,7416,130871,1,Female,80,3,2,Sales Executive,3,Single,4859,6698,1,Y,No,16,3,4,80,0,5,3,3,5,4,0,3,Jora
35,Current employee,Travel_Rarely,195,Sales,1,3,Life Sciences,1,7417,130872,1,Female,80,3,2,Sales Executive,3,Single,4859,6698,4,Y,No,16,3,4,80,0,5,3,3,5,4,0,3,Jora
35,Current employee,Travel_Rarely,660,Sales,7,1,Life Sciences,1,7436,130891,2,Male,57,1,1,Laboratory Technician,4,Single,2340,23213,1,Y,Yes,18,3,2,80,0,1,3,1,1,0,0,0,Recruit.net
35,Current employee,Travel_Rarely,660,Sales,7,1,Marketing,1,7437,130892,2,Male,57,1,1,Laboratory Technician,4,Single,2340,23213,1,Y,Yes,18,3,2,80,0,1,3,1,1,0,0,0,Recruit.net
35,Current employee,Travel_Rarely,660,Sales,7,1,Life Sciences,1,7441,130896,2,Male,57,1,1,Laboratory Technician,4,Single,2340,23213,1,Y,Yes,18,3,2,80,0,1,3,1,1,0,0,0,Recruit.net
35,Current employee,Travel_Rarely,660,Sales,7,1,Marketing,1,7442,130897,2,Male,57,1,1,Laboratory Technician,4,Single,2340,23213,1,Y,Yes,18,3,2,80,0,1,3,1,1,0,0,0,Recruit.net
35,Current employee,Travel_Rarely,660,Sales,7,1,Marketing,1,7444,130899,2,Male,57,1,1,Laboratory Technician,4,Single,2340,23213,1,Y,Yes,18,3,2,80,0,1,3,1,1,0,0,0,Recruit.net
35,Current employee,Travel_Rarely,660,Sales,7,1,Life Sciences,1,7448,130903,2,Male,57,1,1,Laboratory Technician,4,Single,2340,23213,1,Y,Yes,18,3,2,80,0,1,3,1,1,0,0,0,Recruit.net
35,Current employee,Travel_Rarely,660,Sales,7,1,Marketing,1,7449,130904,2,Male,57,1,1,Laboratory Technician,4,Single,2340,23213,1,Y,Yes,18,3,2,80,0,1,3,1,1,0,0,0,Recruit.net
35,Current employee,Travel_Rarely,1029,Research & Development,16,3,Life Sciences,1,7638,131093,2,Male,58,2,1,Laboratory Technician,2,Married,2127,9100,1,Y,No,21,3,4,80,1,1,2,3,1,0,0,0,GlassDoor
35,Current employee,Travel_Rarely,1029,Research & Development,16,3,Medical,1,7639,131094,2,Male,58,2,1,Laboratory Technician,2,Married,2127,9100,1,Y,No,21,3,4,80,1,1,2,3,1,0,0,0,GlassDoor
35,Current employee,Travel_Rarely,1029,Research & Development,16,3,Life Sciences,1,7643,131098,2,Male,58,2,1,Laboratory Technician,2,Married,2127,9100,1,Y,No,21,4,4,80,1,1,2,3,1,0,0,0,GlassDoor
35,Current employee,Travel_Rarely,1029,Research & Development,16,3,Medical,1,7644,131099,2,Male,58,2,1,Laboratory Technician,2,Married,2127,9100,1,Y,No,21,4,4,80,1,1,2,3,1,0,0,0,GlassDoor
35,Current employee,Travel_Rarely,1029,Research & Development,16,3,Life Sciences,1,7646,131101,2,Male,58,2,1,Laboratory Technician,2,Married,2127,9100,1,Y,No,21,3,4,80,1,1,2,3,1,0,0,0,GlassDoor
35,Current employee,Travel_Rarely,1029,Research & Development,16,3,Medical,1,7647,131102,2,Male,58,2,1,Laboratory Technician,2,Married,2127,9100,1,Y,No,21,3,4,80,1,1,2,3,1,0,0,0,GlassDoor
35,Current employee,Travel_Rarely,1029,Research & Development,16,3,Life Sciences,1,7651,131106,2,Male,58,2,1,Laboratory Technician,2,Married,2127,9100,1,Y,No,21,4,4,80,1,1,2,3,1,0,0,0,GlassDoor
35,Current employee,Travel_Rarely,1029,Research & Development,16,3,Medical,1,7652,131107,2,Male,58,2,1,Laboratory Technician,2,Married,2127,9100,1,Y,No,21,4,4,80,1,1,2,3,1,0,0,0,GlassDoor
35,Current employee,Travel_Rarely,538,Research & Development,25,2,Other,1,7744,131199,1,Male,54,2,2,Laboratory Technician,4,Single,3681,14004,4,Y,No,,3,4,80,0,9,3,3,3,2,0,2,Jora
35,Current employee,Travel_Rarely,538,Research & Development,25,2,Technical Degree,1,7747,131202,1,Male,54,2,2,Laboratory Technician,4,Single,3681,14004,1,Y,No,14,3,4,80,0,9,3,3,3,2,0,2,Jora
35,Current employee,Travel_Rarely,538,Research & Development,25,2,Other,1,7748,131203,1,Male,54,2,2,Laboratory Technician,4,Single,3681,14004,4,Y,No,14,3,4,80,0,9,3,3,3,2,0,2,Jora
35,Current employee,Travel_Rarely,538,Research & Development,25,2,Technical Degree,1,7749,131204,1,Male,54,2,2,Laboratory Technician,4,Single,3681,14004,1,Y,No,14,3,4,80,0,9,3,3,3,2,0,2,Jora
35,Current employee,Travel_Rarely,538,Research & Development,25,2,Technical Degree,1,7754,131209,1,Male,54,2,2,Laboratory Technician,4,Single,3681,14004,1,Y,No,14,3,4,80,0,9,3,3,3,2,0,2,Jora
35,Current employee,Travel_Rarely,538,Research & Development,25,2,Other,1,7755,131210,1,Male,54,2,2,Laboratory Technician,4,Single,3681,14004,4,Y,No,14,3,4,80,0,9,3,3,3,2,0,2,Jora
35,Current employee,Travel_Rarely,538,Research & Development,25,2,Technical Degree,1,7756,131211,1,Male,54,2,2,Laboratory Technician,4,Single,3681,14004,1,Y,No,14,3,4,80,0,9,3,3,3,2,0,2,Jora
35,Current employee,Travel_Rarely,1402,Sales,28,4,Life Sciences,1,7760,131215,2,Male,58,4,2,Sales Executive,4,Divorced,5460,6219,4,Y,No,22,3,4,80,2,13,4,4,7,7,5,7,LinkedIn
35,Current employee,Travel_Rarely,1402,Sales,28,4,Technical Degree,1,7762,131217,2,Male,58,4,2,Sales Executive,4,Divorced,5460,6219,8,Y,No,22,3,4,80,2,13,4,4,7,7,5,7,LinkedIn
35,Current employee,Travel_Rarely,1402,Sales,28,4,Life Sciences,1,7765,131220,2,Male,58,4,2,Sales Executive,4,Divorced,5460,6219,4,Y,No,22,4,4,80,2,13,4,4,7,7,5,7,LinkedIn
35,Current employee,Travel_Rarely,1402,Sales,28,4,Technical Degree,1,7766,131221,2,Male,58,4,2,Sales Executive,4,Divorced,5460,6219,8,Y,No,22,4,4,80,2,13,4,4,7,7,5,7,LinkedIn
35,Current employee,Travel_Rarely,1402,Sales,28,4,Life Sciences,1,7767,131222,2,Male,58,4,2,Sales Executive,4,Divorced,5460,6219,4,Y,No,22,3,4,80,2,13,4,4,7,7,5,7,LinkedIn
35,Current employee,Travel_Rarely,1402,Sales,28,4,Technical Degree,1,7769,131224,2,Male,58,4,2,Sales Executive,4,Divorced,5460,6219,8,Y,No,22,3,4,80,2,13,4,4,7,7,5,7,LinkedIn
35,Current employee,Travel_Rarely,1402,Sales,28,4,Life Sciences,1,7772,131227,2,Male,58,4,2,Sales Executive,4,Divorced,5460,6219,4,Y,No,22,4,4,80,2,13,4,4,7,7,5,7,LinkedIn
35,Current employee,Travel_Rarely,1402,Sales,28,4,Technical Degree,1,7773,131228,2,Male,58,4,2,Sales Executive,4,Divorced,5460,6219,8,Y,No,22,4,4,80,2,13,4,4,7,7,5,7,LinkedIn
35,Current employee,Travel_Rarely,750,Research & Development,28,3,Life Sciences,1,7992,131447,2,Male,59,3,2,Sales Executive,3,Divorced,7104,20431,0,Y,No,12,4,4,80,0,6,3,3,5,0,1,2,Company Website
35,Current employee,Travel_Rarely,750,Research & Development,28,3,Technical Degree,1,7994,131449,2,Male,59,3,2,Sales Executive,3,Divorced,7104,20431,8,Y,No,12,3,4,80,0,6,3,3,5,0,1,2,Company Website
35,Current employee,Travel_Rarely,750,Research & Development,28,3,Life Sciences,1,7997,131452,2,Male,59,3,2,Sales Executive,3,Divorced,7104,20431,0,Y,No,12,3,4,80,0,6,3,3,5,0,1,2,Company Website
35,Current employee,Travel_Rarely,750,Research & Development,28,3,Technical Degree,1,7998,131453,2,Male,59,3,2,Sales Executive,3,Divorced,7104,20431,8,Y,No,12,3,4,80,0,6,3,3,5,0,1,2,Company Website
35,Current employee,Travel_Rarely,750,Research & Development,28,3,Life Sciences,1,8000,131455,2,Male,59,3,2,Sales Executive,3,Divorced,7104,20431,0,Y,No,12,4,4,80,0,6,3,3,5,0,1,2,Company Website
35,Current employee,Travel_Rarely,750,Research & Development,28,3,Technical Degree,1,8002,131457,2,Male,59,3,2,Sales Executive,3,Divorced,7104,20431,8,Y,No,12,3,4,80,0,6,3,3,5,0,1,2,Company Website
35,Current employee,Travel_Rarely,750,Research & Development,28,3,Life Sciences,1,8005,131460,2,Male,59,3,2,Sales Executive,3,Divorced,7104,20431,0,Y,No,12,3,4,80,0,6,3,3,5,0,1,2,Company Website
35,Current employee,Travel_Rarely,750,Research & Development,28,3,Technical Degree,1,8006,131461,2,Male,59,3,2,Sales Executive,3,Divorced,7104,20431,8,Y,No,12,3,4,80,0,6,3,3,5,0,1,2,Company Website
35,Current employee,Travel_Rarely,1349,Research & Development,7,2,Life Sciences,1,8024,131479,2,Female,59,3,1,Research Scientist,3,Divorced,2083,22653,1,Y,No,20,4,3,80,1,1,2,3,1,0,0,0,Jora
35,Current employee,Travel_Rarely,1349,Research & Development,7,2,Marketing,1,8026,131481,2,Female,59,3,1,Research Scientist,3,Divorced,2083,22653,3,Y,No,20,3,3,80,1,1,2,3,1,0,0,0,Jora
35,Current employee,Travel_Rarely,1349,Research & Development,7,2,Life Sciences,1,8029,131484,2,Female,59,3,1,Research Scientist,3,Divorced,2083,22653,1,Y,No,20,4,3,80,1,1,2,3,1,0,0,0,Jora
35,Current employee,Travel_Rarely,1349,Research & Development,7,2,Marketing,1,8030,131485,2,Female,59,3,1,Research Scientist,3,Divorced,2083,22653,3,Y,No,20,4,3,80,1,1,2,3,1,0,0,0,Jora
35,Current employee,Travel_Rarely,1349,Research & Development,7,2,Life Sciences,1,8032,131487,2,Female,59,3,1,Research Scientist,3,Divorced,2083,22653,1,Y,No,20,4,3,80,1,1,2,3,1,0,0,0,Jora
35,Current employee,Travel_Rarely,1349,Research & Development,7,2,Marketing,1,8034,131489,2,Female,59,3,1,Research Scientist,3,Divorced,2083,22653,3,Y,No,20,3,3,80,1,1,2,3,1,0,0,0,Jora
35,Current employee,Travel_Rarely,1349,Research & Development,7,2,Life Sciences,1,8037,131492,2,Female,59,3,1,Research Scientist,3,Divorced,2083,22653,1,Y,No,20,4,3,80,1,1,2,3,1,0,0,0,Jora
35,Current employee,Travel_Rarely,1349,Research & Development,7,2,Marketing,1,8038,131493,2,Female,59,3,1,Research Scientist,3,Divorced,2083,22653,3,Y,No,20,4,3,80,1,1,2,3,1,0,0,0,Jora
35,Current employee,Travel_Rarely,819,Research & Development,18,5,Life Sciences,1,8104,131559,2,Male,59,3,3,Manufacturing Director,3,Married,9434,9606,1,Y,No,15,3,3,80,1,10,2,3,10,7,7,8,LinkedIn
35,Current employee,Travel_Rarely,819,Research & Development,18,5,Medical,1,8106,131561,2,Male,59,3,3,Manufacturing Director,3,Married,9434,9606,1,Y,No,15,3,3,80,1,10,2,3,10,7,7,8,LinkedIn
35,Current employee,Travel_Rarely,819,Research & Development,18,5,Life Sciences,1,8107,131562,2,Male,59,3,3,Manufacturing Director,3,Married,9434,9606,1,Y,No,15,3,3,80,1,10,2,3,10,7,7,8,LinkedIn
35,Current employee,Travel_Rarely,819,Research & Development,18,5,Medical,1,8108,131563,2,Male,59,3,3,Manufacturing Director,3,Married,9434,9606,1,Y,No,15,3,3,80,1,10,2,3,10,7,7,8,LinkedIn
35,Current employee,Travel_Rarely,819,Research & Development,18,5,Life Sciences,1,8112,131567,2,Male,59,3,3,Manufacturing Director,3,Married,9434,9606,1,Y,No,15,3,3,80,1,10,2,3,10,7,7,8,LinkedIn
35,Current employee,Travel_Rarely,819,Research & Development,18,5,Medical,1,8114,131569,2,Male,59,3,3,Manufacturing Director,3,Married,9434,9606,1,Y,No,15,3,3,80,1,10,2,3,10,7,7,8,LinkedIn
35,Current employee,Travel_Rarely,819,Research & Development,18,5,Life Sciences,1,8115,131570,2,Male,59,3,3,Manufacturing Director,3,Married,9434,9606,1,Y,No,15,3,3,80,1,10,2,3,10,7,7,8,LinkedIn
35,Current employee,Travel_Rarely,819,Research & Development,18,5,Medical,1,8116,131571,2,Male,59,3,3,Manufacturing Director,3,Married,9434,9606,1,Y,No,15,3,3,80,1,10,2,3,10,7,7,8,LinkedIn
35,Current employee,Travel_Rarely,1017,Research & Development,6,4,Life Sciences,1,8134,131589,2,Male,82,1,2,Research Scientist,4,Single,6646,19368,1,Y,No,13,3,2,80,0,17,3,3,17,11,11,8,Seek
35,Current employee,Travel_Rarely,1017,Research & Development,6,4,Marketing,1,8136,131591,2,Male,82,1,2,Research Scientist,4,Single,6646,19368,3,Y,No,13,4,2,80,0,17,3,3,17,11,11,8,Seek
35,Current employee,Travel_Rarely,1017,Research & Development,6,4,Life Sciences,1,8138,131593,2,Male,82,1,2,Research Scientist,4,Single,6646,19368,1,Y,No,13,3,2,80,0,17,3,3,17,11,11,8,Seek
35,Current employee,Travel_Rarely,1017,Research & Development,6,4,Marketing,1,8139,131594,2,Male,82,1,2,Research Scientist,4,Single,6646,19368,3,Y,No,13,3,2,80,0,17,3,3,17,11,11,8,Seek
35,Current employee,Travel_Rarely,1017,Research & Development,6,4,Life Sciences,1,8142,131597,2,Male,82,1,2,Research Scientist,4,Single,6646,19368,1,Y,No,13,3,2,80,0,17,3,3,17,11,11,8,Seek
35,Current employee,Travel_Rarely,1017,Research & Development,6,4,Marketing,1,8144,131599,2,Male,82,1,2,Research Scientist,4,Single,6646,19368,3,Y,No,13,4,2,80,0,17,3,3,17,11,11,8,Seek
35,Current employee,Travel_Rarely,1017,Research & Development,6,4,Life Sciences,1,8146,131601,2,Male,82,1,2,Research Scientist,4,Single,6646,19368,1,Y,No,13,3,2,80,0,17,3,3,17,11,11,8,Seek
35,Current employee,Travel_Rarely,1017,Research & Development,6,4,Marketing,1,8147,131602,2,Male,82,1,2,Research Scientist,4,Single,6646,19368,3,Y,No,13,3,2,80,0,17,3,3,17,11,11,8,Seek
35,Current employee,Non-Travel,208,Research & Development,8,4,Life Sciences,1,8151,131606,2,Male,59,3,2,Healthcare Representative,4,Divorced,7725,5335,3,Y,No,23,3,3,80,1,15,2,1,13,11,4,7,Jora
35,Current employee,Non-Travel,208,Research & Development,8,4,Medical,1,8153,131608,2,Male,59,3,2,Healthcare Representative,4,Divorced,7725,5335,0,Y,No,23,3,3,80,1,15,2,1,13,11,4,7,Jora
35,Current employee,Non-Travel,208,Research & Development,8,4,Life Sciences,1,8156,131611,2,Male,59,3,2,Healthcare Representative,4,Divorced,7725,5335,3,Y,No,23,4,3,80,1,15,2,1,13,11,4,7,Jora
35,Current employee,Non-Travel,208,Research & Development,8,4,Medical,1,8157,131612,2,Male,59,3,2,Healthcare Representative,4,Divorced,7725,5335,0,Y,No,23,4,3,80,1,15,2,1,13,11,4,7,Jora
35,Current employee,Non-Travel,208,Research & Development,8,4,Life Sciences,1,8159,131614,2,Male,59,3,2,Healthcare Representative,4,Divorced,7725,5335,3,Y,No,23,3,3,80,1,15,2,1,13,11,4,7,Jora
35,Current employee,Non-Travel,208,Research & Development,8,4,Medical,1,8161,131616,2,Male,59,3,2,Healthcare Representative,4,Divorced,7725,5335,0,Y,No,23,3,3,80,1,15,2,1,13,11,4,7,Jora
35,Current employee,Non-Travel,208,Research & Development,8,4,Life Sciences,1,8164,131619,2,Male,59,3,2,Healthcare Representative,4,Divorced,7725,5335,3,Y,No,23,4,3,80,1,15,2,1,13,11,4,7,Jora
35,Current employee,Non-Travel,208,Research & Development,8,4,Medical,1,8165,131620,2,Male,59,3,2,Healthcare Representative,4,Divorced,7725,5335,0,Y,No,23,4,3,80,1,15,2,1,13,11,4,7,Jora
35,Current employee,Non-Travel,727,Research & Development,3,3,Life Sciences,1,8246,131701,3,Male,41,2,1,Laboratory Technician,3,Married,1281,16900,1,Y,No,18,3,3,80,2,1,3,3,1,0,0,0,Recruit.net
35,Current employee,Non-Travel,727,Research & Development,3,3,Life Sciences,1,8248,131703,3,Male,41,2,1,Laboratory Technician,3,Married,1281,16900,1,Y,No,18,3,3,80,2,1,3,3,1,0,0,0,Recruit.net
35,Current employee,Non-Travel,727,Research & Development,3,3,Life Sciences,1,8250,131705,3,Male,41,2,1,Laboratory Technician,3,Married,1281,16900,1,Y,No,18,3,3,80,2,1,3,3,1,0,0,0,Recruit.net
35,Current employee,Non-Travel,727,Research & Development,3,3,Life Sciences,1,8251,131706,3,Male,41,2,1,Laboratory Technician,3,Married,1281,16900,1,Y,No,18,3,3,80,2,1,3,3,1,0,0,0,Recruit.net
35,Current employee,Non-Travel,727,Research & Development,3,3,Life Sciences,1,8254,131709,3,Male,41,2,1,Laboratory Technician,3,Married,1281,16900,1,Y,No,18,3,3,80,2,1,3,3,1,0,0,0,Recruit.net
35,Current employee,Non-Travel,727,Research & Development,3,3,Life Sciences,1,8256,131711,3,Male,41,2,1,Laboratory Technician,3,Married,1281,16900,1,Y,No,18,3,3,80,2,1,3,3,1,0,0,0,Recruit.net
35,Current employee,Non-Travel,727,Research & Development,3,3,Life Sciences,1,8258,131713,3,Male,41,2,1,Laboratory Technician,3,Married,1281,16900,1,Y,No,18,3,3,80,2,1,3,3,1,0,0,0,Recruit.net
35,Current employee,Non-Travel,727,Research & Development,3,3,Life Sciences,1,8259,131714,3,Male,41,2,1,Laboratory Technician,3,Married,1281,16900,1,Y,No,18,3,3,80,2,1,3,3,1,0,0,0,Recruit.net
35,Current employee,Travel_Rarely,1370,Research & Development,27,4,Life Sciences,1,8692,132147,2,Female,60,4,3,Research Director,1,Married,11713,20335,9,Y,No,14,3,1,80,1,10,2,3,8,7,0,5,Jora
35,Current employee,Travel_Rarely,1370,Research & Development,27,4,Technical Degree,1,8694,132149,2,Female,60,4,3,Research Director,1,Married,11713,20335,2,Y,No,14,3,1,80,1,10,2,3,8,7,0,5,Jora
35,Current employee,Travel_Rarely,1370,Research & Development,27,4,Life Sciences,1,8695,132150,2,Female,60,4,3,Research Director,1,Married,11713,20335,9,Y,No,14,3,1,80,1,10,2,3,8,7,0,5,Jora
35,Current employee,Travel_Rarely,1370,Research & Development,27,4,Technical Degree,1,8696,132151,2,Female,60,4,3,Research Director,1,Married,11713,20335,2,Y,No,14,3,1,80,1,10,2,3,8,7,0,5,Jora
35,Current employee,Travel_Rarely,1370,Research & Development,27,4,Life Sciences,1,8702,132157,2,Female,60,4,3,Research Director,1,Married,11713,20335,9,Y,No,14,3,1,80,1,10,2,3,8,7,0,5,Jora
35,Current employee,Travel_Rarely,1370,Research & Development,27,4,Technical Degree,1,8704,132159,2,Female,60,4,3,Research Director,1,Married,11713,20335,2,Y,No,14,3,1,80,1,10,2,3,8,7,0,5,Jora
35,Current employee,Travel_Rarely,1370,Research & Development,27,4,Life Sciences,1,8705,132160,2,Female,60,4,3,Research Director,1,Married,11713,20335,9,Y,No,14,3,1,80,1,10,2,3,8,7,0,5,Jora
35,Current employee,Travel_Rarely,1370,Research & Development,27,4,Technical Degree,1,8706,132161,2,Female,60,4,3,Research Director,1,Married,11713,20335,2,Y,No,14,3,1,80,1,10,2,3,8,7,0,5,Jora
35,Current employee,Non-Travel,1225,Research & Development,2,4,Life Sciences,1,8948,132403,4,Female,61,3,2,Healthcare Representative,1,Divorced,5093,4761,2,Y,No,11,3,1,80,1,16,2,4,1,0,0,0,GlassDoor
35,Current employee,Non-Travel,1225,Research & Development,2,4,Life Sciences,1,8950,132405,4,Female,61,3,2,Healthcare Representative,1,Divorced,5093,4761,0,Y,No,11,3,1,80,1,16,2,4,1,0,0,0,GlassDoor
35,Current employee,Non-Travel,1225,Research & Development,2,4,Life Sciences,1,8954,132409,4,Female,61,3,2,Healthcare Representative,1,Divorced,5093,4761,2,Y,No,11,3,1,80,1,16,2,4,1,0,0,0,GlassDoor
35,Current employee,Non-Travel,1225,Research & Development,2,4,Life Sciences,1,8955,132410,4,Female,61,3,2,Healthcare Representative,1,Divorced,5093,4761,0,Y,No,11,3,1,80,1,16,2,4,1,0,0,0,GlassDoor
35,Current employee,Non-Travel,1225,Research & Development,2,4,Life Sciences,1,8956,132411,4,Female,61,3,2,Healthcare Representative,1,Divorced,5093,4761,2,Y,No,11,3,1,80,1,16,2,4,1,0,0,0,GlassDoor
35,Current employee,Non-Travel,1225,Research & Development,2,4,Life Sciences,1,8958,132413,4,Female,61,3,2,Healthcare Representative,1,Divorced,5093,4761,0,Y,No,11,3,1,80,1,16,2,4,1,0,0,0,GlassDoor
35,Current employee,Non-Travel,1225,Research & Development,2,4,Life Sciences,1,8962,132417,4,Female,61,3,2,Healthcare Representative,1,Divorced,5093,4761,2,Y,No,11,3,1,80,1,16,2,4,1,0,0,0,GlassDoor
35,Current employee,Non-Travel,1225,Research & Development,2,4,Life Sciences,1,8963,132418,4,Female,61,3,2,Healthcare Representative,1,Divorced,5093,4761,0,Y,No,11,3,1,80,1,16,2,4,1,0,0,0,GlassDoor
35,Current employee,Travel_Rarely,384,Sales,8,4,Life Sciences,1,9316,132771,1,Female,72,3,1,Sales Representative,4,Married,2572,20317,1,Y,No,16,3,2,80,1,3,1,2,3,2,0,2,LinkedIn
35,Current employee,Travel_Rarely,384,Sales,8,4,Marketing,1,9318,132773,1,Female,72,3,1,Sales Representative,4,Married,2572,20317,9,Y,No,16,3,2,80,1,3,1,2,3,2,0,2,LinkedIn
35,Current employee,Travel_Rarely,384,Sales,8,4,Life Sciences,1,9322,132777,1,Female,72,3,1,Sales Representative,4,Married,2572,20317,1,Y,No,16,3,2,80,1,3,1,2,3,2,0,2,LinkedIn
35,Current employee,Travel_Rarely,384,Sales,8,4,Marketing,1,9323,132778,1,Female,72,3,1,Sales Representative,4,Married,2572,20317,9,Y,No,16,3,2,80,1,3,1,2,3,2,0,2,LinkedIn
35,Current employee,Travel_Rarely,384,Sales,8,4,Life Sciences,1,9324,132779,1,Female,72,3,1,Sales Representative,4,Married,2572,20317,1,Y,No,16,3,2,80,1,3,1,2,3,2,0,2,LinkedIn
35,Current employee,Travel_Rarely,384,Sales,8,4,Marketing,1,9326,132781,1,Female,72,3,1,Sales Representative,4,Married,2572,20317,9,Y,No,16,3,2,80,1,3,1,2,3,2,0,2,LinkedIn
35,Current employee,Travel_Rarely,384,Sales,8,4,Life Sciences,1,9330,132785,1,Female,72,3,1,Sales Representative,4,Married,2572,20317,1,Y,No,16,3,2,80,1,3,1,2,3,2,0,2,LinkedIn
35,Current employee,Travel_Rarely,384,Sales,8,4,Marketing,1,9331,132786,1,Female,72,3,1,Sales Representative,4,Married,2572,20317,9,Y,No,16,3,2,80,1,3,1,2,3,2,0,2,LinkedIn
35,Current employee,Travel_Rarely,1258,Research & Development,1,4,Life Sciences,1,9572,133027,4,Female,40,4,1,Research Scientist,3,Single,2506,13301,3,Y,No,13,4,3,80,0,7,0,3,2,2,2,2,LinkedIn
35,Current employee,Travel_Rarely,1258,Research & Development,1,4,Life Sciences,1,9574,133029,4,Female,40,4,1,Research Scientist,3,Single,2506,13301,2,Y,No,13,3,3,80,0,7,0,3,2,2,2,2,LinkedIn
35,Current employee,Travel_Rarely,1258,Research & Development,1,4,Life Sciences,1,9576,133031,4,Female,40,4,1,Research Scientist,3,Single,2506,13301,3,Y,No,13,3,3,80,0,7,0,3,2,2,2,2,LinkedIn
35,Current employee,Travel_Rarely,1258,Research & Development,1,4,Life Sciences,1,9577,133032,4,Female,40,4,1,Research Scientist,3,Single,2506,13301,2,Y,No,13,3,3,80,0,7,0,3,2,2,2,2,LinkedIn
35,Current employee,Travel_Rarely,1258,Research & Development,1,4,Life Sciences,1,9580,133035,4,Female,40,4,1,Research Scientist,3,Single,2506,13301,3,Y,No,13,4,3,80,0,7,0,3,2,2,2,2,LinkedIn
35,Current employee,Travel_Rarely,1258,Research & Development,1,4,Life Sciences,1,9582,133037,4,Female,40,4,1,Research Scientist,3,Single,2506,13301,2,Y,No,13,3,3,80,0,7,0,3,2,2,2,2,LinkedIn
35,Current employee,Travel_Rarely,1258,Research & Development,1,4,Life Sciences,1,9584,133039,4,Female,40,4,1,Research Scientist,3,Single,2506,13301,3,Y,No,13,3,3,80,0,7,0,3,2,2,2,2,LinkedIn
35,Current employee,Travel_Rarely,1258,Research & Development,1,4,Life Sciences,1,9585,133040,4,Female,40,4,1,Research Scientist,3,Single,2506,13301,2,Y,No,13,3,3,80,0,7,0,3,2,2,2,2,LinkedIn
35,Current employee,Travel_Rarely,1224,Sales,7,4,Life Sciences,1,9637,133092,3,Female,63,2,2,Manufacturing Director,3,Married,6162,19124,1,Y,No,12,3,3,80,1,14,3,3,14,13,6,8,Company Website
35,Current employee,Travel_Rarely,1224,Sales,7,4,Marketing,1,9639,133094,3,Female,63,2,2,Manufacturing Director,3,Married,6162,19124,1,Y,No,12,3,3,80,1,14,3,3,14,13,6,8,Company Website
35,Current employee,Travel_Rarely,1224,Sales,7,4,Life Sciences,1,9642,133097,3,Female,63,2,2,Manufacturing Director,3,Married,6162,19124,1,Y,No,12,3,3,80,1,14,3,3,14,13,6,8,Company Website
35,Current employee,Travel_Rarely,1224,Sales,7,4,Marketing,1,9643,133098,3,Female,63,2,2,Manufacturing Director,3,Married,6162,19124,1,Y,No,12,3,3,80,1,14,3,3,14,13,6,8,Company Website
35,Current employee,Travel_Rarely,1224,Sales,7,4,Life Sciences,1,9645,133100,3,Female,63,2,2,Manufacturing Director,3,Married,6162,19124,1,Y,No,12,3,3,80,1,14,3,3,14,13,6,8,Company Website
35,Current employee,Travel_Rarely,1224,Sales,7,4,Marketing,1,9647,133102,3,Female,63,2,2,Manufacturing Director,3,Married,6162,19124,1,Y,No,12,3,3,80,1,14,3,3,14,13,6,8,Company Website
35,Current employee,Travel_Rarely,1224,Sales,7,4,Life Sciences,1,9650,133105,3,Female,63,2,2,Manufacturing Director,3,Married,6162,19124,1,Y,No,12,3,3,80,1,14,3,3,14,13,6,8,Company Website
35,Current employee,Travel_Rarely,1224,Sales,7,4,Marketing,1,9651,133106,3,Female,63,2,2,Manufacturing Director,3,Married,6162,19124,1,Y,No,12,3,3,80,1,14,3,3,14,13,6,8,Company Website
35,Current employee,Travel_Rarely,950,Research & Development,7,3,Other,1,9812,133267,3,Male,59,3,3,Manufacturing Director,3,Single,10221,18869,3,Y,No,21,3,2,80,0,17,3,4,8,5,1,6,GlassDoor
35,Current employee,Travel_Rarely,950,Research & Development,7,3,Marketing,1,9814,133269,3,Male,59,3,3,Manufacturing Director,3,Single,10221,18869,1,Y,No,21,3,2,80,0,17,3,4,8,5,1,6,GlassDoor
35,Current employee,Travel_Rarely,950,Research & Development,7,3,Other,1,9816,133271,3,Male,59,3,3,Manufacturing Director,3,Single,10221,18869,3,Y,No,21,4,2,80,0,17,3,4,8,5,1,6,GlassDoor
35,Current employee,Travel_Rarely,950,Research & Development,7,3,Marketing,1,9817,133272,3,Male,59,3,3,Manufacturing Director,3,Single,10221,18869,1,Y,No,21,4,2,80,0,17,3,4,8,5,1,6,GlassDoor
35,Current employee,Travel_Rarely,950,Research & Development,7,3,Other,1,9820,133275,3,Male,59,3,3,Manufacturing Director,3,Single,10221,18869,3,Y,No,21,3,2,80,0,17,3,4,8,5,1,6,GlassDoor
35,Current employee,Travel_Rarely,950,Research & Development,7,3,Marketing,1,9822,133277,3,Male,59,3,3,Manufacturing Director,3,Single,10221,18869,1,Y,No,21,3,2,80,0,17,3,4,8,5,1,6,GlassDoor
35,Current employee,Travel_Rarely,950,Research & Development,7,3,Other,1,9824,133279,3,Male,59,3,3,Manufacturing Director,3,Single,10221,18869,3,Y,No,21,4,2,80,0,17,3,4,8,5,1,6,GlassDoor
35,Current employee,Travel_Rarely,950,Research & Development,7,3,Marketing,1,9825,133280,3,Male,59,3,3,Manufacturing Director,3,Single,10221,18869,1,Y,No,21,4,2,80,0,17,3,4,8,5,1,6,GlassDoor
35,Current employee,Travel_Rarely,1343,Research & Development,27,1,Medical,1,9954,133409,3,Female,53,2,1,Research Scientist,1,Single,2559,17852,1,Y,No,11,3,4,80,0,6,3,2,6,5,1,1,Indeed
35,Current employee,Travel_Rarely,1343,Research & Development,27,1,Technical Degree,1,9957,133412,3,Female,53,2,1,Research Scientist,1,Single,2559,17852,4,Y,No,11,3,4,80,0,6,3,2,6,5,1,1,Indeed
35,Current employee,Travel_Rarely,1343,Research & Development,27,1,Medical,1,9958,133413,3,Female,53,2,1,Research Scientist,1,Single,2559,17852,1,Y,No,11,3,4,80,0,6,3,2,6,5,1,1,Indeed
35,Current employee,Travel_Rarely,1343,Research & Development,27,1,Technical Degree,1,9959,133414,3,Female,53,2,1,Research Scientist,1,Single,2559,17852,4,Y,No,11,3,4,80,0,6,3,2,6,5,1,1,Indeed
35,Current employee,Travel_Rarely,1343,Research & Development,27,1,Medical,1,9962,133417,3,Female,53,2,1,Research Scientist,1,Single,2559,17852,1,Y,No,11,3,4,80,0,6,3,2,6,5,1,1,Indeed
35,Current employee,Travel_Rarely,1343,Research & Development,27,1,Technical Degree,1,9965,133420,3,Female,53,2,1,Research Scientist,1,Single,2559,17852,4,Y,No,11,3,4,80,0,6,3,2,6,5,1,1,Indeed
35,Current employee,Travel_Rarely,1343,Research & Development,27,1,Medical,1,9966,133421,3,Female,53,2,1,Research Scientist,1,Single,2559,17852,1,Y,No,11,3,4,80,0,6,3,2,6,5,1,1,Indeed
35,Current employee,Travel_Rarely,1343,Research & Development,27,1,Technical Degree,1,9967,133422,3,Female,53,2,1,Research Scientist,1,Single,2559,17852,4,Y,No,11,3,4,80,0,6,3,2,6,5,1,1,Indeed
35,Current employee,Travel_Rarely,1146,Human Resources,26,4,Life Sciences,1,10033,133488,3,Male,64,3,3,Sales Executive,1,Divorced,10761,19239,4,Y,Yes,12,3,3,80,1,18,2,3,5,4,0,2,Jora
35,Current employee,Travel_Rarely,1146,Human Resources,26,4,Technical Degree,1,10035,133490,3,Male,64,3,3,Sales Executive,1,Divorced,10761,19239,8,Y,Yes,12,4,3,80,1,18,2,3,5,4,0,2,Jora
35,Current employee,Travel_Rarely,1146,Human Resources,26,4,Life Sciences,1,10036,133491,3,Male,64,3,3,Sales Executive,1,Divorced,10761,19239,4,Y,Yes,12,3,3,80,1,18,2,3,5,4,0,2,Jora
35,Current employee,Travel_Rarely,1146,Human Resources,26,4,Technical Degree,1,10037,133492,3,Male,64,3,3,Sales Executive,1,Divorced,10761,19239,8,Y,Yes,12,3,3,80,1,18,2,3,5,4,0,2,Jora
35,Current employee,Travel_Rarely,1146,Human Resources,26,4,Life Sciences,1,10041,133496,3,Male,64,3,3,Sales Executive,1,Divorced,10761,19239,4,Y,Yes,12,3,3,80,1,18,2,3,5,4,0,2,Jora
35,Current employee,Travel_Rarely,1146,Human Resources,26,4,Technical Degree,1,10043,133498,3,Male,64,3,3,Sales Executive,1,Divorced,10761,19239,8,Y,Yes,12,4,3,80,1,18,2,3,5,4,0,2,Jora
35,Current employee,Travel_Rarely,1146,Human Resources,26,4,Life Sciences,1,10044,133499,3,Male,64,3,3,Sales Executive,1,Divorced,10761,19239,4,Y,Yes,12,3,3,80,1,18,2,3,5,4,0,2,Jora
35,Current employee,Travel_Rarely,1146,Human Resources,26,4,Technical Degree,1,10045,133500,3,Male,64,3,3,Sales Executive,1,Divorced,10761,19239,8,Y,Yes,12,3,3,80,1,18,2,3,5,4,0,2,Jora
35,Current employee,Travel_Frequently,1199,Research & Development,18,4,Life Sciences,1,10113,133568,3,Male,64,2,2,Manufacturing Director,4,Married,4775,19146,6,Y,No,22,3,1,80,2,4,2,1,2,2,2,2,LinkedIn
35,Current employee,Travel_Frequently,1199,Research & Development,18,4,Medical,1,10115,133570,3,Male,64,2,2,Manufacturing Director,4,Married,4775,19146,1,Y,No,22,4,1,80,2,4,2,1,2,2,2,2,LinkedIn
35,Current employee,Travel_Frequently,1199,Research & Development,18,4,Life Sciences,1,10118,133573,3,Male,64,2,2,Manufacturing Director,4,Married,4775,19146,6,Y,No,22,4,1,80,2,4,2,1,2,2,2,2,LinkedIn
35,Current employee,Travel_Frequently,1199,Research & Development,18,4,Medical,1,10119,133574,3,Male,64,2,2,Manufacturing Director,4,Married,4775,19146,1,Y,No,22,4,1,80,2,4,2,1,2,2,2,2,LinkedIn
35,Current employee,Travel_Frequently,1199,Research & Development,18,4,Life Sciences,1,10121,133576,3,Male,64,2,2,Manufacturing Director,4,Married,4775,19146,6,Y,No,22,3,1,80,2,4,2,1,2,2,2,2,LinkedIn
35,Current employee,Travel_Frequently,1199,Research & Development,18,4,Medical,1,10123,133578,3,Male,64,2,2,Manufacturing Director,4,Married,4775,19146,1,Y,No,22,4,1,80,2,4,2,1,2,2,2,2,LinkedIn
35,Current employee,Travel_Frequently,1199,Research & Development,18,4,Life Sciences,1,10126,133581,3,Male,64,2,2,Manufacturing Director,4,Married,4775,19146,6,Y,No,22,4,1,80,2,4,2,1,2,2,2,2,LinkedIn
35,Current employee,Travel_Frequently,1199,Research & Development,18,4,Medical,1,10127,133582,3,Male,64,2,2,Manufacturing Director,4,Married,4775,19146,1,Y,No,22,4,1,80,2,4,2,1,2,2,2,2,LinkedIn
35,Current employee,Travel_Rarely,287,Research & Development,1,4,Life Sciences,1,10129,133584,3,Male,64,4,1,Laboratory Technician,4,Married,2818,5044,2,Y,Yes,24,3,3,80,1,10,2,2,3,2,0,2,Recruit.net
35,Current employee,Travel_Rarely,287,Research & Development,1,4,Life Sciences,1,10130,133585,3,Male,64,4,1,Laboratory Technician,4,Married,2818,5044,1,Y,Yes,24,3,3,80,1,10,2,2,3,2,0,2,Recruit.net
35,Current employee,Travel_Rarely,287,Research & Development,1,4,Life Sciences,1,10132,133587,3,Male,64,4,1,Laboratory Technician,4,Married,2818,5044,2,Y,Yes,24,4,3,80,1,10,2,2,3,2,0,2,Recruit.net
35,Current employee,Travel_Rarely,287,Research & Development,1,4,Life Sciences,1,10133,133588,3,Male,64,4,1,Laboratory Technician,4,Married,2818,5044,1,Y,Yes,24,4,3,80,1,10,2,2,3,2,0,2,Recruit.net
35,Current employee,Travel_Rarely,287,Research & Development,1,4,Life Sciences,1,10137,133592,3,Male,64,4,1,Laboratory Technician,4,Married,2818,5044,2,Y,Yes,24,3,3,80,1,10,2,2,3,2,0,2,Recruit.net
35,Current employee,Travel_Rarely,287,Research & Development,1,4,Life Sciences,1,10138,133593,3,Male,64,4,1,Laboratory Technician,4,Married,2818,5044,1,Y,Yes,24,3,3,80,1,10,2,2,3,2,0,2,Recruit.net
35,Current employee,Travel_Rarely,287,Research & Development,1,4,Life Sciences,1,10140,133595,3,Male,64,4,1,Laboratory Technician,4,Married,2818,5044,2,Y,Yes,24,4,3,80,1,10,2,2,3,2,0,2,Recruit.net
35,Current employee,Travel_Rarely,287,Research & Development,1,4,Life Sciences,1,10141,133596,3,Male,64,4,1,Laboratory Technician,4,Married,2818,5044,1,Y,Yes,24,4,3,80,1,10,2,2,3,2,0,2,Recruit.net
35,Current employee,Travel_Rarely,607,Research & Development,9,3,Life Sciences,1,10191,133646,4,Female,66,2,3,Manufacturing Director,3,Married,10685,23457,1,Y,Yes,20,4,2,80,1,17,2,3,17,14,5,15,Recruit.net
35,Current employee,Travel_Rarely,607,Research & Development,9,3,Medical,1,10194,133649,4,Female,66,2,3,Manufacturing Director,3,Married,10685,23457,1,Y,Yes,20,3,2,80,1,17,2,3,17,14,5,15,Recruit.net
35,Current employee,Travel_Rarely,607,Research & Development,9,3,Life Sciences,1,10195,133650,4,Female,66,2,3,Manufacturing Director,3,Married,10685,23457,1,Y,Yes,20,4,2,80,1,17,2,3,17,14,5,15,Recruit.net
35,Current employee,Travel_Rarely,607,Research & Development,9,3,Medical,1,10196,133651,4,Female,66,2,3,Manufacturing Director,3,Married,10685,23457,1,Y,Yes,20,4,2,80,1,17,2,3,17,14,5,15,Recruit.net
35,Current employee,Travel_Rarely,607,Research & Development,9,3,Life Sciences,1,10199,133654,4,Female,66,2,3,Manufacturing Director,3,Married,10685,23457,1,Y,Yes,20,4,2,80,1,17,2,3,17,14,5,15,Recruit.net
35,Current employee,Travel_Rarely,607,Research & Development,9,3,Medical,1,10202,133657,4,Female,66,2,3,Manufacturing Director,3,Married,10685,23457,1,Y,Yes,20,3,2,80,1,17,2,3,17,14,5,15,Recruit.net
35,Current employee,Travel_Rarely,607,Research & Development,9,3,Life Sciences,1,10203,133658,4,Female,66,2,3,Manufacturing Director,3,Married,10685,23457,1,Y,Yes,20,4,2,80,1,17,2,3,17,14,5,15,Recruit.net
35,Current employee,Travel_Rarely,607,Research & Development,9,3,Medical,1,10204,133659,4,Female,66,2,3,Manufacturing Director,3,Married,10685,23457,1,Y,Yes,20,4,2,80,1,17,2,3,17,14,5,15,Recruit.net
35,Current employee,Travel_Rarely,890,Sales,2,3,Marketing,1,10208,133663,3,Female,65,3,1,Research Scientist,2,Divorced,2022,16612,1,Y,Yes,19,3,1,80,1,10,3,2,10,2,7,8,Seek
35,Current employee,Travel_Rarely,890,Sales,2,3,Life Sciences,1,10209,133664,3,Female,65,3,1,Research Scientist,2,Divorced,2022,16612,2,Y,Yes,19,3,1,80,1,10,3,2,10,2,7,8,Seek
35,Current employee,Travel_Rarely,890,Sales,2,3,Marketing,1,10212,133667,3,Female,65,3,1,Research Scientist,2,Divorced,2022,16612,1,Y,Yes,19,3,1,80,1,10,3,2,10,2,7,8,Seek
35,Current employee,Travel_Rarely,890,Sales,2,3,Life Sciences,1,10213,133668,3,Female,65,3,1,Research Scientist,2,Divorced,2022,16612,2,Y,Yes,19,3,1,80,1,10,3,2,10,2,7,8,Seek
35,Current employee,Travel_Rarely,890,Sales,2,3,Marketing,1,10216,133671,3,Female,65,3,1,Research Scientist,2,Divorced,2022,16612,1,Y,Yes,19,3,1,80,1,10,3,2,10,2,7,8,Seek
35,Current employee,Travel_Rarely,890,Sales,2,3,Life Sciences,1,10217,133672,3,Female,65,3,1,Research Scientist,2,Divorced,2022,16612,2,Y,Yes,19,3,1,80,1,10,3,2,10,2,7,8,Seek
35,Current employee,Travel_Rarely,890,Sales,2,3,Marketing,1,10220,133675,3,Female,65,3,1,Research Scientist,2,Divorced,2022,16612,1,Y,Yes,19,3,1,80,1,10,3,2,10,2,7,8,Seek
35,Current employee,Travel_Rarely,890,Sales,2,3,Life Sciences,1,10221,133676,3,Female,65,3,1,Research Scientist,2,Divorced,2022,16612,2,Y,Yes,19,3,1,80,1,10,3,2,10,2,7,8,Seek
35,Current employee,Travel_Rarely,776,,1,4,Marketing,1,10288,133743,3,Male,65,3,2,Sales Executive,2,Married,6524,8891,1,Y,No,14,3,4,80,1,10,3,3,10,8,5,3,
35,Current employee,Travel_Rarely,776,Sales,1,4,Life Sciences,1,10289,133744,3,Male,65,3,2,Sales Executive,2,Married,6524,8891,4,Y,No,14,3,4,80,1,10,3,3,10,8,5,3,Company Website
35,Current employee,Travel_Rarely,776,Sales,1,4,Marketing,1,10293,133748,3,Male,65,3,2,Sales Executive,2,Married,6524,8891,1,Y,No,14,3,4,80,1,10,3,3,10,8,5,3,Company Website
35,Current employee,Travel_Rarely,776,Sales,1,4,Life Sciences,1,10294,133749,3,Male,65,3,2,Sales Executive,2,Married,6524,8891,4,Y,No,14,3,4,80,1,10,3,3,10,8,5,3,Company Website
35,Current employee,Travel_Rarely,776,Sales,1,4,Marketing,1,10296,133751,3,Male,65,3,2,Sales Executive,2,Married,6524,8891,1,Y,No,14,3,4,80,1,10,3,3,10,8,5,3,Company Website
35,Current employee,Travel_Rarely,776,Sales,1,4,Life Sciences,1,10297,133752,3,Male,65,3,2,Sales Executive,2,Married,6524,8891,4,Y,No,14,3,4,80,1,10,3,3,10,8,5,3,Company Website
35,Current employee,Travel_Rarely,776,Sales,1,4,Marketing,1,10301,133756,3,Male,65,3,2,Sales Executive,2,Married,6524,8891,1,Y,No,14,3,4,80,1,10,3,3,10,8,5,3,Company Website
35,Current employee,Travel_Rarely,776,Sales,1,4,Life Sciences,1,10302,133757,3,Male,65,3,2,Sales Executive,2,Married,6524,8891,4,Y,No,14,3,4,80,1,10,3,3,10,8,5,3,Company Website
35,Current employee,Travel_Rarely,672,Research & Development,25,3,Technical Degree,1,10383,133838,4,Male,78,2,3,Manufacturing Director,2,Married,10903,9129,3,Y,No,16,3,1,80,0,16,2,3,13,10,4,8,Jora
35,Current employee,Travel_Rarely,662,Sales,1,5,Marketing,1,10384,133839,,Male,65,2,3,Manufacturing Director,2,Married,10903,9129,3,Y,No,16,3,1,80,0,16,2,3,13,10,4,8,Jora
35,Current employee,Travel_Rarely,662,Sales,1,5,Life Sciences,1,10385,133840,3,Male,65,2,3,Manufacturing Director,2,Married,10903,9129,1,Y,No,16,4,1,80,0,16,2,3,13,10,4,8,Jora
35,Current employee,Travel_Rarely,672,Research & Development,25,3,Technical Degree,1,10386,133841,4,Male,78,2,3,Manufacturing Director,2,Married,10903,9129,1,Y,No,16,3,1,80,0,16,2,3,13,10,4,8,Jora
35,Current employee,Travel_Rarely,672,Research & Development,25,3,Technical Degree,1,10387,133842,4,Male,78,2,3,Manufacturing Director,2,Married,10903,9129,3,Y,No,16,3,1,80,0,16,2,3,13,10,4,8,Jora
35,Current employee,Travel_Rarely,662,Sales,1,5,Marketing,1,10388,133843,3,Male,65,2,3,Manufacturing Director,2,Married,10903,9129,3,Y,No,16,3,1,80,0,16,2,3,13,10,4,8,Jora
35,Current employee,Travel_Rarely,662,Sales,1,5,Life Sciences,1,10389,133844,3,Male,65,2,3,Manufacturing Director,2,Married,10903,9129,1,Y,No,16,3,1,80,0,16,2,3,13,10,4,8,Jora
35,Current employee,Travel_Rarely,672,Research & Development,25,3,Technical Degree,1,10390,133845,4,Male,78,2,3,Manufacturing Director,2,Married,10903,9129,1,Y,No,16,3,1,80,0,16,2,3,13,10,4,8,Jora
35,Current employee,Travel_Rarely,672,Research & Development,25,3,Technical Degree,1,10391,133846,4,Male,78,2,3,Manufacturing Director,2,Married,10903,9129,3,Y,No,16,3,1,80,0,16,2,3,13,10,4,8,Jora
35,Current employee,Travel_Rarely,662,Sales,1,5,Marketing,1,10392,133847,3,Male,65,2,3,Manufacturing Director,2,Married,10903,9129,3,Y,No,16,3,1,80,0,16,2,3,13,10,4,8,Jora
35,Current employee,Travel_Rarely,662,Sales,1,5,Life Sciences,1,10393,133848,3,Male,65,2,3,Manufacturing Director,2,Married,10903,9129,1,Y,No,16,4,1,80,0,16,2,3,13,10,4,8,Jora
35,Current employee,Travel_Rarely,672,Research & Development,25,3,Technical Degree,1,10394,133849,4,Male,78,2,3,Manufacturing Director,2,Married,10903,9129,1,Y,No,16,3,1,80,0,16,2,3,13,10,4,8,Jora
35,Current employee,Travel_Rarely,672,Research & Development,25,3,Technical Degree,1,10395,133850,4,Male,78,2,3,Manufacturing Director,2,Married,10903,9129,3,Y,No,16,3,1,80,0,16,2,3,13,10,4,8,Jora
35,Current employee,Travel_Rarely,662,Sales,1,5,Marketing,1,10396,133851,3,Male,65,2,3,Manufacturing Director,2,Married,10903,9129,3,Y,No,16,3,1,80,0,16,2,3,13,10,4,8,Jora
35,Current employee,Travel_Rarely,662,Sales,1,5,Life Sciences,1,10397,133852,3,Male,65,2,3,Manufacturing Director,2,Married,10903,9129,1,Y,No,16,3,1,80,0,16,2,3,13,10,4,8,Jora
35,Current employee,Travel_Rarely,672,Research & Development,25,3,Technical Degree,1,10398,133853,4,Male,78,2,3,Manufacturing Director,2,Married,10903,9129,1,Y,No,16,3,1,80,0,16,2,3,13,10,4,8,Jora
35,Current employee,Travel_Frequently,944,Sales,1,3,Marketing,1,10562,134017,3,Male,66,3,1,Research Scientist,1,Married,2559,7508,1,Y,Yes,13,3,4,80,0,8,0,3,8,7,7,1,Seek
35,Current employee,Travel_Frequently,944,Sales,1,3,Life Sciences,1,10563,134018,3,Male,66,3,1,Research Scientist,1,Married,2559,7508,2,Y,Yes,13,3,4,80,0,8,0,3,8,7,7,1,Seek
35,Current employee,Travel_Frequently,944,Sales,1,3,Marketing,1,10565,134020,3,Male,66,3,1,Research Scientist,1,Married,2559,7508,1,Y,Yes,13,3,4,80,0,8,0,3,8,7,7,1,Seek
35,Current employee,Travel_Frequently,944,Sales,1,3,Life Sciences,1,10566,134021,3,Male,66,3,1,Research Scientist,1,Married,2559,7508,2,Y,Yes,13,3,4,80,0,8,0,3,8,7,7,1,Seek
35,Current employee,Travel_Frequently,944,Sales,1,3,Marketing,1,10570,134025,3,Male,66,3,1,Research Scientist,1,Married,2559,7508,1,Y,Yes,13,3,4,80,0,8,0,3,8,7,7,1,Seek
35,Current employee,Travel_Frequently,944,Sales,1,3,Marketing,1,10571,134026,3,Male,66,3,1,Research Scientist,1,Married,2559,7508,1,Y,Yes,13,3,4,80,1,10,3,2,8,2,7,6,Recruit.net
35,Current employee,Travel_Frequently,944,Sales,1,3,Life Sciences,1,10572,134027,3,Male,66,3,1,Research Scientist,1,Married,2559,7508,2,Y,Yes,13,3,4,80,0,8,0,3,8,7,7,1,Seek
35,Current employee,Travel_Frequently,944,Sales,1,3,Marketing,1,10574,134029,3,Male,66,3,1,Research Scientist,1,Married,2559,7508,1,Y,Yes,13,3,4,80,0,8,0,3,8,7,7,1,Seek
35,Current employee,Travel_Frequently,944,Sales,1,3,Life Sciences,1,10575,134030,3,Male,66,3,1,Research Scientist,1,Married,2559,7508,2,Y,Yes,13,3,4,80,0,8,0,3,8,7,7,1,Seek
35,Current employee,Travel_Rarely,1232,Sales,16,3,Marketing,1,10681,134136,3,Female,66,2,1,Sales Representative,4,Single,3294,13137,1,Y,Yes,18,3,1,80,0,3,3,2,3,2,1,2,Company Website
35,Current employee,Travel_Rarely,1232,Sales,16,3,Medical,1,10683,134138,3,Female,66,2,1,Sales Representative,4,Single,3294,13137,9,Y,Yes,18,4,1,80,0,3,3,2,3,2,1,2,Company Website
35,Current employee,Travel_Rarely,1232,Sales,16,3,Marketing,1,10684,134139,3,Female,66,2,1,Sales Representative,4,Single,3294,13137,1,Y,Yes,18,3,1,80,0,3,3,2,3,2,1,2,Company Website
35,Current employee,Travel_Rarely,1232,Sales,16,3,Medical,1,10685,134140,3,Female,66,2,1,Sales Representative,4,Single,3294,13137,9,Y,Yes,18,3,1,80,0,3,3,2,3,2,1,2,Company Website
35,Current employee,Travel_Rarely,1232,Sales,16,3,Marketing,1,10689,134144,3,Female,66,2,1,Sales Representative,4,Single,3294,13137,1,Y,Yes,18,3,1,80,0,3,3,2,3,2,1,2,Company Website
35,Current employee,Travel_Rarely,1232,Sales,16,3,Marketing,1,10690,134145,3,Female,66,2,1,Sales Representative,4,Single,3294,13137,1,Y,Yes,18,3,1,80,0,15,5,3,1,0,0,0,Company Website
35,Current employee,Travel_Rarely,1232,Sales,16,3,Medical,1,10692,134147,3,Female,66,2,1,Sales Representative,4,Single,3294,13137,9,Y,Yes,18,4,1,80,0,3,3,2,3,2,1,2,Company Website
35,Current employee,Travel_Rarely,1232,Sales,16,3,Marketing,1,10693,134148,3,Female,66,2,1,Sales Representative,4,Single,3294,13137,1,Y,Yes,18,3,1,80,0,3,3,2,3,2,1,2,Company Website
35,Current employee,Travel_Rarely,1232,Sales,16,3,Medical,1,10694,134149,3,Female,66,2,1,Sales Representative,4,Single,3294,13137,9,Y,Yes,18,3,1,80,0,3,3,2,3,2,1,2,Company Website
35,Current employee,Travel_Rarely,1137,Research & Development,21,1,Life Sciences,1,10859,134314,4,Female,51,3,2,Healthcare Representative,4,Married,4014,19170,1,Y,Yes,25,3,4,80,1,10,2,1,10,6,0,7,Company Website
35,Current employee,Travel_Rarely,1137,Research & Development,21,1,Other,1,10862,134317,4,Female,51,3,2,Healthcare Representative,4,Married,4014,19170,0,Y,Yes,25,3,4,80,1,10,2,1,10,6,0,7,Company Website
35,Current employee,Travel_Rarely,1137,Research & Development,21,1,Life Sciences,1,10865,134320,4,Female,51,3,2,Healthcare Representative,4,Married,4014,19170,1,Y,Yes,25,4,4,80,1,10,2,1,10,6,0,7,Company Website
35,Current employee,Travel_Rarely,1137,Research & Development,21,1,Other,1,10866,134321,4,Female,51,3,2,Healthcare Representative,4,Married,4014,19170,0,Y,Yes,25,4,4,80,1,10,2,1,10,6,0,7,Company Website
35,Current employee,Travel_Rarely,1137,Research & Development,21,1,Life Sciences,1,10867,134322,4,Female,51,3,2,Healthcare Representative,4,Married,4014,19170,1,Y,Yes,25,3,4,80,1,10,2,1,10,6,0,7,Company Website
35,Current employee,Travel_Rarely,1137,Research & Development,21,1,Other,1,10870,134325,4,Female,51,3,2,Healthcare Representative,4,Married,4014,19170,0,Y,Yes,25,3,4,80,1,10,2,1,10,6,0,7,Company Website
35,Current employee,Travel_Rarely,1137,Research & Development,21,1,Life Sciences,1,10873,134328,4,Female,51,3,2,Healthcare Representative,4,Married,4014,19170,1,Y,Yes,25,4,4,80,1,10,2,1,10,6,0,7,Company Website
35,Current employee,Travel_Rarely,1137,Research & Development,21,1,Other,1,10874,134329,4,Female,51,3,2,Healthcare Representative,4,Married,4014,19170,0,Y,Yes,25,4,4,80,1,10,2,1,10,6,0,7,Company Website
35,Current employee,Travel_Rarely,619,Sales,1,3,Marketing,1,11020,134475,3,Male,67,3,1,Laboratory Technician,1,Single,4721,3119,2,Y,Yes,13,3,3,80,0,20,3,3,18,13,2,17,GlassDoor
35,Current employee,Travel_Rarely,619,Sales,1,3,Life Sciences,1,11021,134476,3,Male,67,3,1,Laboratory Technician,1,Single,4721,3119,1,Y,Yes,13,3,3,80,0,20,3,3,18,13,2,17,GlassDoor
35,Current employee,Travel_Rarely,619,Sales,1,3,Marketing,1,11023,134478,3,Male,67,3,1,Laboratory Technician,1,Single,4721,3119,2,Y,Yes,13,3,3,80,0,20,3,3,18,13,2,17,GlassDoor
35,Current employee,Travel_Rarely,619,Sales,1,3,Life Sciences,1,11024,134479,3,Male,67,3,1,Laboratory Technician,1,Single,4721,3119,1,Y,Yes,13,3,3,80,0,20,3,3,18,13,2,17,GlassDoor
35,Current employee,Travel_Rarely,619,Sales,1,3,Marketing,1,11028,134483,3,Male,67,3,1,Laboratory Technician,1,Single,4721,3119,2,Y,Yes,13,3,3,80,0,20,3,3,18,13,2,17,GlassDoor
35,Current employee,Travel_Rarely,619,Sales,1,3,Life Sciences,1,11029,134484,3,Male,67,3,1,Laboratory Technician,1,Single,4721,3119,1,Y,Yes,13,3,3,80,0,20,3,3,18,13,2,17,GlassDoor
35,Current employee,Travel_Rarely,619,Sales,1,3,Marketing,1,11031,134486,3,Male,67,3,1,Laboratory Technician,1,Single,4721,3119,2,Y,Yes,13,3,3,80,0,20,3,3,18,13,2,17,GlassDoor
35,Current employee,Travel_Rarely,619,Sales,1,3,Life Sciences,1,11032,134487,3,Male,67,3,1,Laboratory Technician,1,Single,4721,3119,1,Y,Yes,13,3,3,80,0,20,3,3,18,13,2,17,GlassDoor
35,Current employee,Travel_Rarely,1219,Sales,18,3,Medical,1,11210,134665,3,Female,86,3,2,Sales Executive,3,Married,4601,6179,1,Y,No,16,3,2,80,0,5,3,3,5,2,1,0,Jora
35,Current employee,Travel_Rarely,1219,Sales,18,3,Medical,1,11212,134667,3,Female,86,3,2,Sales Executive,3,Married,4601,6179,7,Y,No,16,3,2,80,0,5,3,3,5,2,1,0,Jora
35,Current employee,Travel_Rarely,1219,Sales,18,3,Medical,1,11216,134671,3,Female,86,3,2,Sales Executive,3,Married,4601,6179,1,Y,No,16,3,2,80,0,5,3,3,5,2,1,0,Jora
35,Current employee,Travel_Rarely,1219,Sales,18,3,Medical,1,11217,134672,3,Female,86,3,2,Sales Executive,3,Married,4601,6179,7,Y,No,16,3,2,80,0,5,3,3,5,2,1,0,Jora
35,Current employee,Travel_Rarely,1219,Sales,18,3,Medical,1,11218,134673,3,Female,86,3,2,Sales Executive,3,Married,4601,6179,1,Y,No,16,3,2,80,0,5,3,3,5,2,1,0,Jora
35,Current employee,Travel_Rarely,1219,Sales,18,3,Medical,1,11220,134675,3,Female,86,3,2,Sales Executive,3,Married,4601,6179,7,Y,No,16,3,2,80,0,5,3,3,5,2,1,0,Jora
35,Current employee,Travel_Rarely,1219,Sales,18,3,Medical,1,11224,134679,3,Female,86,3,2,Sales Executive,3,Married,4601,6179,1,Y,No,16,3,2,80,0,5,3,3,5,2,1,0,Jora
35,Current employee,Travel_Rarely,1219,Sales,18,3,Medical,1,11225,134680,3,Female,86,3,2,Sales Executive,3,Married,4601,6179,7,Y,No,16,3,2,80,0,5,3,3,5,2,1,0,Jora
35,Current employee,Travel_Rarely,882,Sales,3,4,Life Sciences,1,11306,134761,4,Male,92,3,3,Sales Executive,4,Divorced,7823,6812,6,Y,No,13,3,2,80,1,12,2,3,10,9,0,8,Indeed
35,Current employee,Travel_Rarely,882,Sales,3,4,Life Sciences,1,11309,134764,4,Male,92,3,3,Sales Executive,4,Divorced,7823,6812,4,Y,No,13,3,2,80,1,12,2,3,10,9,0,8,Indeed
35,Current employee,Travel_Rarely,882,Sales,3,4,Life Sciences,1,11312,134767,4,Male,92,3,3,Sales Executive,4,Divorced,7823,6812,6,Y,No,13,3,2,80,1,12,2,3,10,9,0,8,Indeed
35,Current employee,Travel_Rarely,882,Sales,3,4,Life Sciences,1,11313,134768,4,Male,92,3,3,Sales Executive,4,Divorced,7823,6812,4,Y,No,13,3,2,80,1,12,2,3,10,9,0,8,Indeed
35,Current employee,Travel_Rarely,882,Sales,3,4,Life Sciences,1,11314,134769,4,Male,92,3,3,Sales Executive,4,Divorced,7823,6812,6,Y,No,13,3,2,80,1,12,2,3,10,9,0,8,Indeed
35,Current employee,Travel_Rarely,882,Sales,3,4,Life Sciences,1,11317,134772,4,Male,92,3,3,Sales Executive,4,Divorced,7823,6812,4,Y,No,13,3,2,80,1,12,2,3,10,9,0,8,Indeed
35,Current employee,Travel_Rarely,882,Sales,3,4,Life Sciences,1,11320,134775,4,Male,92,3,3,Sales Executive,4,Divorced,7823,6812,6,Y,No,13,3,2,80,1,12,2,3,10,9,0,8,Indeed
35,Current employee,Travel_Rarely,882,Sales,3,4,Life Sciences,1,11321,134776,4,Male,92,3,3,Sales Executive,4,Divorced,7823,6812,4,Y,No,13,3,2,80,1,12,2,3,10,9,0,8,Indeed
35,Current employee,Travel_Frequently,1182,Sales,11,2,Marketing,1,11624,135079,3,Male,69,2,1,Laboratory Technician,2,Divorced,3743,10074,1,Y,Yes,24,4,4,80,1,5,2,1,4,2,0,2,GlassDoor
35,Current employee,Travel_Frequently,1182,Sales,11,2,Medical,1,11625,135080,3,Male,69,2,1,Laboratory Technician,2,Divorced,3743,10074,1,Y,Yes,24,3,4,80,1,5,2,1,4,2,0,2,GlassDoor
35,Current employee,Travel_Frequently,1182,Sales,11,2,Marketing,1,11628,135083,3,Male,69,2,1,Laboratory Technician,2,Divorced,3743,10074,1,Y,Yes,24,4,4,80,1,5,2,1,4,2,0,2,GlassDoor
35,Current employee,Travel_Frequently,1182,Sales,11,2,Medical,1,11629,135084,3,Male,69,2,1,Laboratory Technician,2,Divorced,3743,10074,1,Y,Yes,24,4,4,80,1,5,2,1,4,2,0,2,GlassDoor
35,Current employee,Travel_Frequently,1182,Sales,11,2,Marketing,1,11631,135086,3,Male,69,2,1,Laboratory Technician,2,Divorced,3743,10074,1,Y,Yes,24,4,4,80,1,5,2,1,4,2,0,2,GlassDoor
35,Current employee,Travel_Frequently,1182,Sales,11,2,Medical,1,11632,135087,3,Male,69,2,1,Laboratory Technician,2,Divorced,3743,10074,1,Y,Yes,24,3,4,80,1,5,2,1,4,2,0,2,GlassDoor
35,Current employee,Travel_Frequently,1182,Sales,11,2,Marketing,1,11635,135090,3,Male,69,2,1,Laboratory Technician,2,Divorced,3743,10074,1,Y,Yes,24,4,4,80,1,5,2,1,4,2,0,2,GlassDoor
35,Current employee,Travel_Frequently,1182,Sales,11,2,Medical,1,11636,135091,3,Male,69,2,1,Laboratory Technician,2,Divorced,3743,10074,1,Y,Yes,24,4,4,80,1,5,2,1,4,2,0,2,GlassDoor
35,Current employee,Travel_Rarely,583,Research & Development,25,4,Medical,1,11681,135136,3,Female,57,3,3,Healthcare Representative,3,Divorced,10388,6975,1,Y,Yes,11,3,3,80,1,16,3,2,16,10,10,1,LinkedIn
35,Current employee,Travel_Rarely,583,Research & Development,25,4,Technical Degree,1,11684,135139,3,Female,57,3,3,Healthcare Representative,3,Divorced,10388,6975,0,Y,Yes,11,3,3,80,1,16,3,2,16,10,10,1,LinkedIn
35,Current employee,Travel_Rarely,583,Research & Development,25,4,Medical,1,11685,135140,3,Female,57,3,3,Healthcare Representative,3,Divorced,10388,6975,1,Y,Yes,11,3,3,80,1,16,3,2,16,10,10,1,LinkedIn
35,Current employee,Travel_Rarely,583,Research & Development,25,4,Technical Degree,1,11686,135141,3,Female,57,3,3,Healthcare Representative,3,Divorced,10388,6975,0,Y,Yes,11,3,3,80,1,16,3,2,16,10,10,1,LinkedIn
35,Current employee,Travel_Rarely,583,Research & Development,25,4,Technical Degree,1,11691,135146,3,Female,57,3,3,Healthcare Representative,3,Divorced,10388,6975,0,Y,Yes,11,3,3,80,1,16,3,2,16,10,10,1,LinkedIn
35,Current employee,Travel_Rarely,583,Research & Development,25,4,Medical,1,11692,135147,3,Female,57,3,3,Healthcare Representative,3,Divorced,10388,6975,1,Y,Yes,11,3,3,80,1,16,3,2,16,10,10,1,LinkedIn
35,Current employee,Travel_Rarely,583,Research & Development,25,4,Technical Degree,1,11693,135148,3,Female,57,3,3,Healthcare Representative,3,Divorced,10388,6975,0,Y,Yes,11,3,3,80,1,16,3,2,16,10,10,1,LinkedIn
35,Current employee,Non-Travel,1212,Sales,8,2,Marketing,1,11742,135197,3,Male,70,4,2,Manufacturing Director,4,Married,5472,3334,1,Y,No,12,4,2,80,0,8,2,3,8,7,1,3,LinkedIn
35,Current employee,Non-Travel,1212,Sales,8,2,Medical,1,11744,135199,3,Male,70,4,2,Manufacturing Director,4,Married,5472,3334,1,Y,No,12,3,2,80,0,8,2,3,8,7,1,3,LinkedIn
35,Current employee,Non-Travel,1212,Sales,8,2,Marketing,1,11747,135202,3,Male,70,4,2,Manufacturing Director,4,Married,5472,3334,1,Y,No,12,3,2,80,0,8,2,3,8,7,1,3,LinkedIn
35,Current employee,Non-Travel,1212,Sales,8,2,Medical,1,11748,135203,3,Male,70,4,2,Manufacturing Director,4,Married,5472,3334,1,Y,No,12,3,2,80,0,8,2,3,8,7,1,3,LinkedIn
35,Current employee,Non-Travel,1212,Sales,8,2,Marketing,1,11750,135205,3,Male,70,4,2,Manufacturing Director,4,Married,5472,3334,1,Y,No,12,4,2,80,0,8,2,3,8,7,1,3,LinkedIn
35,Current employee,Non-Travel,1212,Sales,8,2,Medical,1,11752,135207,3,Male,70,4,2,Manufacturing Director,4,Married,5472,3334,1,Y,No,12,3,2,80,0,8,2,3,8,7,1,3,LinkedIn
35,Current employee,Non-Travel,1212,Sales,8,2,Marketing,1,11755,135210,3,Male,70,4,2,Manufacturing Director,4,Married,5472,3334,1,Y,No,12,3,2,80,0,8,2,3,8,7,1,3,LinkedIn
35,Current employee,Non-Travel,1212,Sales,8,2,Medical,1,11756,135211,3,Male,70,4,2,Manufacturing Director,4,Married,5472,3334,1,Y,No,12,3,2,80,0,8,2,3,8,7,1,3,LinkedIn
35,Current employee,Travel_Rarely,802,Research & Development,10,3,Other,1,11858,135313,2,Male,45,3,1,Laboratory Technician,4,Divorced,3917,9541,1,Y,No,20,3,1,80,1,3,4,2,3,2,1,2,Jora
35,Current employee,Travel_Rarely,802,Research & Development,10,3,Medical,1,11860,135315,2,Male,45,3,1,Laboratory Technician,4,Divorced,3917,9541,1,Y,No,20,4,1,80,1,3,4,2,3,2,1,2,Jora
35,Current employee,Travel_Rarely,802,Research & Development,10,3,Other,1,11862,135317,2,Male,45,3,1,Laboratory Technician,4,Divorced,3917,9541,1,Y,No,20,4,1,80,1,3,4,2,3,2,1,2,Jora
35,Current employee,Travel_Rarely,802,Research & Development,10,3,Medical,1,11863,135318,2,Male,45,3,1,Laboratory Technician,4,Divorced,3917,9541,1,Y,No,20,4,1,80,1,3,4,2,3,2,1,2,Jora
35,Current employee,Travel_Rarely,802,Research & Development,10,3,Other,1,11866,135321,2,Male,45,3,1,Laboratory Technician,4,Divorced,3917,9541,1,Y,No,20,3,1,80,1,3,4,2,3,2,1,2,Jora
35,Current employee,Travel_Rarely,802,Research & Development,10,3,Medical,1,11868,135323,2,Male,45,3,1,Laboratory Technician,4,Divorced,3917,9541,1,Y,No,20,4,1,80,1,3,4,2,3,2,1,2,Jora
35,Current employee,Travel_Rarely,802,Research & Development,10,3,Other,1,11870,135325,2,Male,45,3,1,Laboratory Technician,4,Divorced,3917,9541,1,Y,No,20,4,1,80,1,3,4,2,3,2,1,2,Jora
35,Current employee,Travel_Rarely,802,Research & Development,10,3,Medical,1,11871,135326,2,Male,45,3,1,Laboratory Technician,4,Divorced,3917,9541,1,Y,No,20,4,1,80,1,3,4,2,3,2,1,2,Jora
35,Current employee,Travel_Rarely,809,Research & Development,16,3,Medical,1,12752,136207,3,Female,72,2,2,Sales Executive,4,Divorced,6694,24223,2,Y,Yes,14,3,3,80,3,8,5,3,1,0,0,0,LinkedIn
35,Current employee,Travel_Rarely,809,Research & Development,16,3,Medical,1,12754,136209,3,Female,72,2,2,Sales Executive,4,Divorced,6694,24223,7,Y,Yes,14,3,3,80,3,8,5,3,1,0,0,0,LinkedIn
35,Current employee,Travel_Rarely,809,Research & Development,16,3,Medical,1,12755,136210,3,Female,72,2,2,Sales Executive,4,Divorced,6694,24223,2,Y,Yes,14,3,3,80,3,8,5,3,1,0,0,0,LinkedIn
35,Current employee,Travel_Rarely,809,Research & Development,16,3,Medical,1,12756,136211,3,Female,72,2,2,Sales Executive,4,Divorced,6694,24223,7,Y,Yes,14,3,3,80,3,8,5,3,1,0,0,0,LinkedIn
35,Current employee,Travel_Rarely,809,Research & Development,16,3,Medical,1,12760,136215,3,Female,72,2,2,Sales Executive,4,Divorced,6694,24223,2,Y,Yes,14,3,3,80,3,8,5,3,1,0,0,0,LinkedIn
35,Current employee,Travel_Rarely,809,Research & Development,16,3,Medical,1,12762,136217,3,Female,72,2,2,Sales Executive,4,Divorced,6694,24223,7,Y,Yes,14,3,3,80,3,8,5,3,1,0,0,0,LinkedIn
35,Current employee,Travel_Rarely,809,Research & Development,16,3,Medical,1,12763,136218,3,Female,72,2,2,Sales Executive,4,Divorced,6694,24223,2,Y,Yes,14,3,3,80,3,8,5,3,1,0,0,0,LinkedIn
35,Current employee,Travel_Rarely,809,Research & Development,16,3,Medical,1,12764,136219,3,Female,72,2,2,Sales Executive,4,Divorced,6694,24223,7,Y,Yes,14,3,3,80,3,8,5,3,1,0,0,0,LinkedIn
35,Current employee,Non-Travel,1097,Research & Development,11,2,Medical,1,12912,136367,3,Female,73,2,2,Sales Executive,3,Married,5593,17970,1,Y,No,13,3,4,80,1,15,2,3,15,10,4,12,Company Website
35,Current employee,Non-Travel,1097,Research & Development,11,2,Medical,1,12914,136369,3,Female,73,2,2,Sales Executive,3,Married,5593,17970,6,Y,No,13,3,4,80,1,15,2,3,15,10,4,12,Company Website
35,Current employee,Non-Travel,1097,Research & Development,11,2,Medical,1,12915,136370,3,Female,73,2,2,Sales Executive,3,Married,5593,17970,1,Y,No,13,3,4,80,1,15,2,3,15,10,4,12,Company Website
35,Current employee,Non-Travel,1097,Research & Development,11,2,Medical,1,12916,136371,3,Female,73,2,2,Sales Executive,3,Married,5593,17970,6,Y,No,13,3,4,80,1,15,2,3,15,10,4,12,Company Website
35,Current employee,Non-Travel,1097,Research & Development,11,2,Medical,1,12920,136375,3,Female,73,2,2,Sales Executive,3,Married,5593,17970,1,Y,No,13,3,4,80,1,15,2,3,15,10,4,12,Company Website
35,Current employee,Non-Travel,1097,Research & Development,11,2,Medical,1,12922,136377,3,Female,73,2,2,Sales Executive,3,Married,5593,17970,6,Y,No,13,3,4,80,1,15,2,3,15,10,4,12,Company Website
35,Current employee,Non-Travel,1097,Research & Development,11,2,Medical,1,12923,136378,3,Female,73,2,2,Sales Executive,3,Married,4898,23300,0,Y,No,12,3,4,80,2,5,3,3,4,2,1,2,Adzuna
35,Current employee,Non-Travel,1097,Research & Development,11,2,Medical,1,12924,136379,3,Female,73,2,2,Sales Executive,3,Married,5593,17970,6,Y,No,13,3,4,80,1,15,2,3,15,10,4,12,Company Website
35,Current employee,Travel_Rarely,1142,Research & Development,23,4,Medical,1,12928,136383,3,Male,73,3,3,Healthcare Representative,2,Single,10445,15322,7,Y,No,19,3,4,80,0,18,4,3,8,6,4,0,Company Website
35,Current employee,Travel_Rarely,1142,Research & Development,23,4,Other,1,12930,136385,3,Male,73,3,3,Healthcare Representative,2,Single,10445,15322,0,Y,No,19,4,4,80,0,18,4,3,8,6,4,0,Company Website
35,Current employee,Travel_Rarely,1142,Research & Development,23,4,Medical,1,12931,136386,3,Male,73,3,3,Healthcare Representative,2,Single,10445,15322,7,Y,No,19,3,4,80,0,18,4,3,8,6,4,0,Company Website
35,Current employee,Travel_Rarely,1142,Research & Development,23,4,Other,1,12932,136387,3,Male,73,3,3,Healthcare Representative,2,Single,10445,15322,0,Y,No,19,3,4,80,0,18,4,3,8,6,4,0,Company Website
35,Current employee,Travel_Rarely,1142,Research & Development,23,4,Medical,1,12936,136391,3,Male,73,3,3,Healthcare Representative,2,Single,10445,15322,7,Y,No,19,3,4,80,0,18,4,3,8,6,4,0,Company Website
35,Current employee,Travel_Rarely,1142,Research & Development,23,4,Other,1,12938,136393,3,Male,73,3,3,Healthcare Representative,2,Single,10445,15322,0,Y,No,19,4,4,80,0,18,4,3,8,6,4,0,Company Website
35,Current employee,Travel_Rarely,1142,Research & Development,23,4,Medical,1,12939,136394,3,Male,73,3,3,Healthcare Representative,2,Single,6118,23300,1,Y,No,13,3,3,80,3,10,2,3,10,9,1,2,Company Website
35,Current employee,Travel_Rarely,1142,Research & Development,23,4,Other,1,12940,136395,3,Male,73,3,3,Healthcare Representative,2,Single,10445,15322,0,Y,No,19,3,4,80,0,18,4,3,8,6,4,0,Company Website
35,Current employee,Travel_Frequently,664,Research & Development,1,3,Medical,1,12992,136447,3,Male,73,3,4,Manager,3,Married,17465,15596,3,Y,No,12,3,4,80,1,23,3,3,12,9,4,9,Recruit.net
35,Current employee,Travel_Frequently,664,Research & Development,1,3,Life Sciences,1,12993,136448,3,Male,73,3,4,Manager,3,Married,17465,15596,1,Y,No,12,4,4,80,1,23,3,3,12,9,4,9,Recruit.net
35,Current employee,Travel_Frequently,664,Research & Development,1,3,Medical,1,12995,136450,3,Male,73,3,4,Manager,3,Married,17465,15596,3,Y,No,12,3,4,80,1,23,3,3,12,9,4,9,Recruit.net
35,Current employee,Travel_Frequently,664,Research & Development,1,3,Life Sciences,1,12996,136451,3,Male,73,3,4,Manager,3,Married,17465,15596,1,Y,No,12,3,4,80,1,23,3,3,12,9,4,9,Recruit.net
35,Current employee,Travel_Frequently,664,Research & Development,1,3,Medical,1,13000,136455,3,Male,73,3,4,Manager,3,Married,17465,15596,3,Y,No,12,3,4,80,1,23,3,3,12,9,4,9,Recruit.net
35,Current employee,Travel_Frequently,664,Research & Development,1,3,Life Sciences,1,13001,136456,3,Male,73,3,4,Manager,3,Married,17465,15596,1,Y,No,12,4,4,80,1,23,3,3,12,9,4,9,Recruit.net
35,Current employee,Travel_Frequently,664,Research & Development,1,3,Medical,1,13003,136458,3,Male,73,3,4,Manager,3,Married,8392,23343,1,Y,No,16,3,3,80,1,10,2,3,10,7,0,7,Company Website
35,Current employee,Travel_Frequently,664,Research & Development,1,3,Life Sciences,1,13004,136459,3,Male,73,3,4,Manager,3,Married,17465,15596,1,Y,No,12,3,4,80,1,23,3,3,12,9,4,9,Recruit.net
35,Current employee,Travel_Rarely,1214,Research & Development,1,3,Medical,1,13072,136527,3,Female,73,2,1,Research Scientist,2,Single,2070,25326,1,Y,Yes,11,3,3,80,0,2,6,4,2,2,2,2,Seek
35,Current employee,Travel_Rarely,1214,Research & Development,1,3,Life Sciences,1,13074,136529,3,Female,73,2,1,Research Scientist,2,Single,2070,25326,2,Y,Yes,11,3,3,80,0,2,6,4,2,2,2,2,Seek
35,Current employee,Travel_Rarely,1214,Research & Development,1,3,Medical,1,13077,136532,3,Female,73,2,1,Research Scientist,2,Single,2070,25326,1,Y,Yes,11,3,3,80,0,2,6,4,2,2,2,2,Seek
35,Current employee,Travel_Rarely,1214,Research & Development,1,3,Life Sciences,1,13078,136533,3,Female,73,2,1,Research Scientist,2,Single,2070,25326,2,Y,Yes,11,3,3,80,0,2,6,4,2,2,2,2,Seek
35,Current employee,Travel_Rarely,1214,Research & Development,1,3,Medical,1,13080,136535,3,Female,73,2,1,Research Scientist,2,Single,2070,25326,1,Y,Yes,11,3,3,80,0,2,6,4,2,2,2,2,Seek
35,Current employee,Travel_Rarely,1214,Research & Development,1,3,Life Sciences,1,13082,136537,3,Female,73,2,1,Research Scientist,2,Single,2070,25326,2,Y,Yes,11,3,3,80,0,2,6,4,2,2,2,2,Seek
35,Current employee,Travel_Rarely,1214,Research & Development,1,3,Medical,1,13085,136540,3,Female,73,2,1,Research Scientist,2,Single,5985,23352,4,Y,No,11,3,2,80,0,10,1,4,2,2,0,2,Recruit.net
35,Current employee,Travel_Rarely,1214,Research & Development,1,3,Life Sciences,1,13086,136541,3,Female,73,2,1,Research Scientist,2,Single,2070,25326,2,Y,Yes,11,3,3,80,0,2,6,4,2,2,2,2,Seek
35,Current employee,Travel_Frequently,1182,Sales,11,2,Marketing,1,13150,136605,4,Male,54,3,2,Sales Executive,4,Divorced,4968,18500,1,Y,No,11,3,4,80,1,5,3,3,5,2,0,2,Company Website
35,Current employee,Travel_Frequently,1182,Sales,11,2,Medical,1,13153,136608,4,Male,54,3,2,Sales Executive,4,Divorced,4968,18500,6,Y,No,11,3,4,80,1,5,3,3,5,2,0,2,Company Website
35,Current employee,Travel_Frequently,1182,Sales,11,2,Marketing,1,13154,136609,4,Male,54,3,2,Sales Executive,4,Divorced,4968,18500,1,Y,No,11,3,4,80,1,5,3,3,5,2,0,2,Company Website
35,Current employee,Travel_Frequently,1182,Sales,11,2,Medical,1,13155,136610,4,Male,54,3,2,Sales Executive,4,Divorced,4968,18500,6,Y,No,11,3,4,80,1,5,3,3,5,2,0,2,Company Website
35,Current employee,Travel_Frequently,1182,Sales,11,2,Marketing,1,13158,136613,4,Male,54,3,2,Sales Executive,4,Divorced,4968,18500,1,Y,No,11,3,4,80,1,5,3,3,5,2,0,2,Company Website
35,Current employee,Travel_Frequently,1182,Sales,11,2,Medical,1,13161,136616,4,Male,54,2,1,Laboratory Technician,4,Divorced,2532,6054,6,Y,No,14,3,2,80,1,9,3,2,6,5,1,2,Company Website
35,Current employee,Travel_Frequently,1182,Sales,11,2,Marketing,1,13162,136617,4,Male,54,3,2,Sales Executive,4,Divorced,4968,18500,1,Y,No,11,3,4,80,1,5,3,3,5,2,0,2,Company Website
35,Current employee,Travel_Frequently,1182,Sales,11,2,Medical,1,13163,136618,4,Male,54,3,2,Sales Executive,4,Divorced,4968,18500,6,Y,No,11,3,4,80,1,5,3,3,5,2,0,2,Company Website
35,Current employee,Travel_Rarely,528,Human Resources,,4,Technical Degree,1,13388,136843,3,Male,100,3,1,Human Resources,3,Single,4323,7108,1,,No,17,3,2,80,0,6,2,1,5,4,1,4,LinkedIn
35,Current employee,Travel_Rarely,528,Human Resources,8,4,Medical,1,13390,136845,3,Male,100,3,1,Human Resources,3,Single,4323,7108,0,Y,No,17,3,2,80,0,6,2,1,5,4,1,4,LinkedIn
35,Current employee,Travel_Rarely,528,Human Resources,8,4,Technical Degree,1,13394,136849,3,Male,100,3,1,Human Resources,3,Single,4323,7108,1,Y,No,17,3,2,80,0,6,2,1,5,4,1,4,LinkedIn
35,Current employee,Travel_Rarely,528,Human Resources,8,4,Medical,1,13395,136850,3,Male,100,3,1,Human Resources,3,Single,4323,7108,0,Y,No,17,3,2,80,0,6,2,1,5,4,1,4,LinkedIn
35,Current employee,Travel_Rarely,528,Human Resources,8,4,Technical Degree,1,13396,136851,3,Male,100,3,1,Human Resources,3,Single,4323,7108,1,Y,No,17,3,2,80,0,6,2,1,5,4,1,4,LinkedIn
35,Current employee,Travel_Rarely,528,Human Resources,8,4,Medical,1,13398,136853,3,Male,100,3,1,Human Resources,3,Single,4323,7108,0,Y,No,17,3,2,80,0,6,2,1,5,4,1,4,LinkedIn
35,Current employee,Travel_Rarely,528,Human Resources,8,4,Technical Degree,1,13402,136857,3,Male,100,3,1,Human Resources,3,Single,4323,7108,1,Y,No,17,3,2,80,0,6,2,1,5,4,1,4,LinkedIn
35,Current employee,Travel_Rarely,528,Human Resources,8,4,Medical,1,13403,136858,3,Male,100,3,1,Human Resources,3,Single,4323,7108,0,Y,No,17,3,2,80,0,6,2,1,5,4,1,4,LinkedIn
35,Current employee,Travel_Rarely,982,Research & Development,1,4,Medical,1,13468,136923,4,Male,58,2,1,Laboratory Technician,3,Married,2258,16340,6,Y,No,12,3,2,80,1,10,2,3,8,0,1,7,Recruit.net
35,Current employee,Travel_Rarely,982,Research & Development,1,4,Life Sciences,1,13470,136925,4,Male,58,2,1,Laboratory Technician,3,Married,2258,16340,0,Y,No,12,3,2,80,1,10,2,3,8,0,1,7,Recruit.net
35,Current employee,Travel_Rarely,982,Research & Development,1,4,Medical,1,13472,136927,4,Male,58,2,1,Laboratory Technician,3,Married,2258,16340,6,Y,No,12,3,2,80,1,10,2,3,8,0,1,7,Recruit.net
35,Current employee,Travel_Rarely,982,Research & Development,1,4,Life Sciences,1,13473,136928,4,Male,58,2,1,Laboratory Technician,3,Married,2258,16340,0,Y,No,12,3,2,80,1,10,2,3,8,0,1,7,Recruit.net
35,Current employee,Travel_Rarely,982,Research & Development,1,4,Medical,1,13476,136931,4,Male,58,2,1,Laboratory Technician,3,Married,2258,16340,6,Y,No,12,3,2,80,1,10,2,3,8,0,1,7,Recruit.net
35,Current employee,Travel_Rarely,982,Research & Development,1,4,Life Sciences,1,13478,136933,4,Male,58,2,1,Laboratory Technician,3,Married,2258,16340,0,Y,No,12,3,2,80,1,10,2,3,8,0,1,7,Recruit.net
35,Current employee,Travel_Rarely,982,Research & Development,1,4,Medical,1,13480,136935,4,Male,58,2,1,Laboratory Technician,3,Married,2258,16340,6,Y,No,12,3,2,80,1,10,2,3,8,0,1,7,Recruit.net
35,Current employee,Travel_Rarely,982,Research & Development,1,4,Life Sciences,1,13481,136936,4,Male,58,2,1,Laboratory Technician,3,Married,2258,16340,0,Y,No,12,3,2,80,1,10,2,3,8,0,1,7,Recruit.net
35,Current employee,Travel_Rarely,819,Research & Development,2,3,Life Sciences,1,13564,137019,3,Male,44,2,3,Manufacturing Director,2,Divorced,10274,19588,2,Y,No,18,3,2,80,1,15,2,4,7,7,6,4,Company Website
35,Current employee,Travel_Rarely,819,Research & Development,2,3,Life Sciences,1,13566,137021,3,Male,44,2,3,Manufacturing Director,2,Divorced,10274,19588,1,Y,No,18,3,2,80,1,15,2,4,7,7,6,4,Company Website
35,Current employee,Travel_Rarely,819,Research & Development,2,3,Life Sciences,1,13570,137025,3,Male,44,2,3,Manufacturing Director,2,Divorced,10274,19588,2,Y,No,18,3,2,80,1,15,2,4,7,7,6,4,Company Website
35,Current employee,Travel_Rarely,819,Research & Development,2,3,Life Sciences,1,13571,137026,3,Male,44,2,3,Manufacturing Director,2,Divorced,10274,19588,1,Y,No,18,3,2,80,1,15,2,4,7,7,6,4,Company Website
35,Current employee,Travel_Rarely,819,Research & Development,2,3,Life Sciences,1,13572,137027,3,Male,44,2,3,Manufacturing Director,2,Divorced,10274,19588,2,Y,No,18,3,2,80,1,15,2,4,7,7,6,4,Company Website
35,Current employee,Travel_Rarely,819,Research & Development,2,3,Life Sciences,1,13574,137029,3,Male,44,2,3,Manufacturing Director,2,Divorced,10274,19588,1,Y,No,18,3,2,80,1,15,2,4,7,7,6,4,Company Website
35,Current employee,Travel_Rarely,819,Research & Development,2,3,Life Sciences,1,13578,137033,3,Male,44,2,3,Manufacturing Director,2,Divorced,10274,19588,2,Y,No,18,3,2,80,1,15,2,4,7,7,6,4,Company Website
35,Current employee,Travel_Rarely,819,Research & Development,2,3,Life Sciences,1,13579,137034,3,Male,44,2,3,Manufacturing Director,2,Divorced,10274,19588,1,Y,No,18,3,2,80,1,15,2,4,7,7,6,4,Company Website
35,Current employee,Travel_Frequently,636,Research & Development,4,4,Other,1,13596,137051,4,Male,47,2,1,Laboratory Technician,4,Married,2376,26537,1,Y,No,13,3,2,80,1,2,2,4,2,2,2,2,Jora
35,Current employee,Travel_Frequently,636,Research & Development,4,4,Life Sciences,1,13598,137053,4,Male,47,2,1,Laboratory Technician,4,Married,2376,26537,1,Y,No,13,4,2,80,1,2,2,4,2,2,2,2,Jora
35,Current employee,Travel_Frequently,636,Research & Development,4,4,Other,1,13602,137057,4,Male,47,2,1,Laboratory Technician,4,Married,2376,26537,1,Y,No,13,3,2,80,1,2,2,4,2,2,2,2,Jora
35,Current employee,Travel_Frequently,636,Research & Development,4,4,Life Sciences,1,13603,137058,4,Male,47,2,1,Laboratory Technician,4,Married,2376,26537,1,Y,No,13,3,2,80,1,2,2,4,2,2,2,2,Jora
35,Current employee,Travel_Frequently,636,Research & Development,4,4,Other,1,13604,137059,4,Male,47,2,1,Laboratory Technician,4,Married,2376,26537,1,Y,No,13,3,2,80,1,2,2,4,2,2,2,2,Jora
35,Current employee,Travel_Frequently,636,Research & Development,4,4,Life Sciences,1,13606,137061,4,Male,47,2,1,Laboratory Technician,4,Married,2376,26537,1,Y,No,13,4,2,80,1,2,2,4,2,2,2,2,Jora
35,Current employee,Travel_Frequently,636,Research & Development,4,4,Other,1,13610,137065,4,Male,47,2,1,Laboratory Technician,4,Married,2376,26537,1,Y,No,13,3,2,80,1,2,2,4,2,2,2,2,Jora
35,Current employee,Travel_Frequently,636,Research & Development,4,4,Life Sciences,1,13611,137066,4,Male,47,2,1,Laboratory Technician,4,Married,2376,26537,1,Y,No,13,3,2,80,1,2,2,4,2,2,2,2,Jora
35,Current employee,Travel_Frequently,138,Research & Development,2,3,Medical,1,13753,137208,3,Female,75,3,5,Manager,3,Divorced,18606,18640,3,Y,No,18,4,2,80,1,26,6,3,7,7,4,7,Recruit.net
35,Current employee,Travel_Frequently,138,Research & Development,2,3,Life Sciences,1,13754,137209,3,Female,75,3,5,Manager,3,Divorced,18606,18640,1,Y,No,18,3,2,80,1,26,6,3,7,7,4,7,Recruit.net
35,Current employee,Travel_Frequently,138,Research & Development,2,3,Medical,1,13756,137211,3,Female,75,3,5,Manager,3,Divorced,18606,18640,3,Y,No,18,3,2,80,1,26,6,3,7,7,4,7,Recruit.net
35,Current employee,Travel_Frequently,138,Research & Development,2,3,Life Sciences,1,13757,137212,3,Female,75,3,5,Manager,3,Divorced,18606,18640,1,Y,No,18,3,2,80,1,26,6,3,7,7,4,7,Recruit.net
35,Current employee,Travel_Frequently,138,Research & Development,2,3,Medical,1,13761,137216,3,Female,75,3,5,Manager,3,Divorced,18606,18640,3,Y,No,18,4,2,80,1,26,6,3,7,7,4,7,Recruit.net
35,Current employee,Travel_Frequently,138,Research & Development,2,3,Life Sciences,1,13762,137217,3,Female,75,3,5,Manager,3,Divorced,18606,18640,1,Y,No,18,3,2,80,1,26,6,3,7,7,4,7,Recruit.net
35,Current employee,Travel_Frequently,138,Research & Development,2,3,Medical,1,13764,137219,3,Female,75,3,5,Manager,3,Divorced,3149,23352,8,Y,No,20,4,2,80,1,9,3,3,5,2,1,4,Adzuna
35,Current employee,Travel_Frequently,138,Research & Development,2,3,Life Sciences,1,13765,137220,3,Female,75,3,5,Manager,3,Divorced,18606,18640,1,Y,No,18,3,2,80,1,26,6,3,7,7,4,7,Recruit.net
35,Current employee,Travel_Rarely,1361,Sales,17,4,Life Sciences,1,13943,137398,3,Male,94,3,2,Sales Executive,1,Married,8966,21026,3,Y,Yes,15,3,4,80,3,15,2,3,7,7,1,7,Adzuna
35,Current employee,Travel_Rarely,1361,Sales,17,4,Medical,1,13945,137400,3,Male,94,3,2,Sales Executive,1,Married,8966,21026,7,Y,Yes,15,3,4,80,3,15,2,3,7,7,1,7,Adzuna
35,Current employee,Travel_Rarely,1361,Sales,17,4,Life Sciences,1,13949,137404,3,Male,94,3,2,Sales Executive,1,Married,8966,21026,3,Y,Yes,15,3,4,80,3,15,2,3,7,7,1,7,Adzuna
35,Current employee,Travel_Rarely,1361,Sales,17,4,Medical,1,13950,137405,3,Male,94,3,2,Sales Executive,1,Married,8966,21026,7,Y,Yes,15,3,4,80,3,15,2,3,7,7,1,7,Adzuna
35,Current employee,Travel_Rarely,1361,Sales,17,4,Life Sciences,1,13951,137406,3,Male,94,3,2,Sales Executive,1,Married,8966,21026,3,Y,Yes,15,3,4,80,3,15,2,3,7,7,1,7,Adzuna
35,Current employee,Travel_Rarely,1361,Sales,17,4,Medical,1,13953,137408,3,Male,94,3,2,Sales Executive,1,Married,8966,21026,7,Y,Yes,15,3,4,80,3,15,2,3,7,7,1,7,Adzuna
35,Current employee,Travel_Rarely,1361,Sales,17,4,Life Sciences,1,13957,137412,3,Male,94,3,2,Sales Executive,1,Married,8966,21026,3,Y,Yes,15,3,4,80,3,15,2,3,7,7,1,7,Adzuna
35,Current employee,Travel_Rarely,1361,Sales,17,4,Medical,1,13958,137413,3,Male,94,3,2,Sales Executive,1,Married,8966,21026,7,Y,Yes,15,3,4,80,3,15,2,3,7,7,1,7,Adzuna
35,Current employee,Non-Travel,1212,Sales,8,2,Marketing,1,14229,137684,3,Female,78,2,3,Sales Executive,4,Married,10377,13755,4,Y,Yes,11,3,2,80,1,16,6,2,13,2,4,12,Seek
35,Current employee,Non-Travel,1212,Sales,8,2,Medical,1,14232,137687,3,Female,78,2,3,Sales Executive,4,Married,10377,13755,6,Y,Yes,11,4,2,80,1,16,6,2,13,2,4,12,Seek
35,Current employee,Non-Travel,1212,Sales,8,2,Marketing,1,14233,137688,3,Female,78,2,3,Sales Executive,4,Married,10377,13755,4,Y,Yes,11,3,2,80,1,16,6,2,13,2,4,12,Seek
35,Current employee,Non-Travel,1212,Sales,8,2,Medical,1,14234,137689,3,Female,78,2,3,Sales Executive,4,Married,10377,13755,6,Y,Yes,11,3,2,80,1,16,6,2,13,2,4,12,Seek
35,Current employee,Non-Travel,1212,Sales,8,2,Marketing,1,14237,137692,3,Female,78,2,3,Sales Executive,4,Married,10377,13755,4,Y,Yes,11,3,2,80,1,16,6,2,13,2,4,12,Seek
35,Current employee,Non-Travel,1212,Sales,8,2,Medical,1,14240,137695,3,Female,78,2,3,Sales Executive,4,Married,10377,13755,6,Y,Yes,11,4,2,80,1,16,6,2,13,2,4,12,Seek
35,Current employee,Non-Travel,1212,Sales,8,2,Marketing,1,14241,137696,3,Female,78,2,3,Sales Executive,4,Married,10377,13755,4,Y,Yes,11,3,2,80,1,16,6,2,13,2,4,12,Seek
35,Current employee,Non-Travel,1212,Sales,8,2,Medical,1,14242,137697,3,Female,78,2,3,Sales Executive,4,Married,10377,13755,6,Y,Yes,11,3,2,80,1,16,6,2,13,2,4,12,Seek
35,Current employee,Travel_Rarely,735,Research & Development,6,1,Life Sciences,1,14800,138255,3,Male,66,3,1,Research Scientist,3,Married,3506,6020,0,Y,Yes,14,3,4,80,0,4,3,3,3,2,2,2,Adzuna
35,Current employee,Travel_Rarely,735,Research & Development,6,1,Marketing,1,14802,138257,3,Male,66,3,1,Research Scientist,3,Married,3506,6020,3,Y,Yes,14,4,4,80,0,4,3,3,3,2,2,2,Adzuna
35,Current employee,Travel_Rarely,735,Research & Development,6,1,Life Sciences,1,14806,138261,3,Male,66,3,1,Research Scientist,3,Married,3506,6020,0,Y,Yes,14,3,4,80,0,4,3,3,3,2,2,2,Adzuna
35,Current employee,Travel_Rarely,735,Research & Development,6,1,Marketing,1,14807,138262,3,Male,66,3,1,Research Scientist,3,Married,3506,6020,3,Y,Yes,14,3,4,80,0,4,3,3,3,2,2,2,Adzuna
35,Current employee,Travel_Rarely,735,Research & Development,6,1,Life Sciences,1,14808,138263,3,Male,66,3,1,Research Scientist,3,Married,3506,6020,0,Y,Yes,14,3,4,80,0,4,3,3,3,2,2,2,Adzuna
35,Current employee,Travel_Rarely,735,Research & Development,6,1,Marketing,1,14810,138265,3,Male,66,3,1,Research Scientist,3,Married,3506,6020,3,Y,Yes,14,4,4,80,0,4,3,3,3,2,2,2,Adzuna
35,Current employee,Travel_Rarely,735,Research & Development,6,1,Life Sciences,1,14814,138269,3,Male,66,3,1,Research Scientist,3,Married,3506,6020,0,Y,Yes,14,3,4,80,0,4,3,3,3,2,2,2,Adzuna
35,Current employee,Travel_Rarely,735,Research & Development,6,1,Marketing,1,14815,138270,3,Male,66,3,1,Research Scientist,3,Married,3506,6020,3,Y,Yes,14,3,4,80,0,4,3,3,3,2,2,2,Adzuna
35,Current employee,Travel_Rarely,195,Sales,1,3,Medical,1,15056,138511,3,Male,78,3,1,Research Scientist,1,Single,3904,22154,0,Y,No,13,3,1,80,0,6,2,3,5,2,0,3,LinkedIn
35,Current employee,Travel_Rarely,195,Sales,1,3,Life Sciences,1,15057,138512,3,Male,78,3,1,Research Scientist,1,Single,3904,22154,2,Y,No,13,3,1,80,0,6,2,3,5,2,0,3,LinkedIn
35,Current employee,Travel_Rarely,195,Sales,1,3,Medical,1,15059,138514,3,Male,78,3,1,Research Scientist,1,Single,3904,22154,0,Y,No,13,3,1,80,0,6,2,3,5,2,0,3,LinkedIn
35,Current employee,Travel_Rarely,195,Sales,1,3,Life Sciences,1,15060,138515,3,Male,78,3,1,Research Scientist,1,Single,3904,22154,2,Y,No,13,3,1,80,0,6,2,3,5,2,0,3,LinkedIn
35,Current employee,Travel_Rarely,195,Sales,1,3,Medical,1,15064,138519,3,Male,78,3,1,Research Scientist,1,Single,3904,22154,0,Y,No,13,3,1,80,0,6,2,3,5,2,0,3,LinkedIn
35,Current employee,Travel_Rarely,195,Sales,1,3,Life Sciences,1,15065,138520,3,Male,78,3,1,Research Scientist,1,Single,3904,22154,2,Y,No,13,3,1,80,0,6,2,3,5,2,0,3,LinkedIn
35,Current employee,Travel_Rarely,195,Sales,1,3,Medical,1,15067,138522,3,Male,78,3,1,Research Scientist,1,Single,3162,23428,0,Y,No,17,3,4,80,0,6,2,2,5,2,3,4,Seek
35,Current employee,Travel_Rarely,195,Sales,1,3,Life Sciences,1,15068,138523,3,Male,78,3,1,Research Scientist,1,Single,3904,22154,2,Y,No,13,3,1,80,0,6,2,3,5,2,0,3,LinkedIn
35,Current employee,Travel_Frequently,482,Research & Development,4,4,Life Sciences,1,15397,138852,3,Male,87,3,2,Research Scientist,3,Single,4249,2690,1,Y,Yes,11,3,2,80,0,9,3,3,9,6,1,1,Jora
35,Current employee,Travel_Frequently,482,Research & Development,4,4,Life Sciences,1,15400,138855,3,Male,87,3,2,Research Scientist,3,Single,4249,2690,3,Y,Yes,11,3,2,80,0,9,3,3,9,6,1,1,Jora
35,Current employee,Travel_Frequently,482,Research & Development,4,4,Life Sciences,1,15403,138858,3,Male,87,3,2,Research Scientist,3,Single,4249,2690,1,Y,Yes,11,3,2,80,0,9,3,3,9,6,1,1,Jora
35,Current employee,Travel_Frequently,482,Research & Development,4,4,Life Sciences,1,15404,138859,3,Male,87,3,2,Research Scientist,3,Single,4249,2690,3,Y,Yes,11,3,2,80,0,9,3,3,9,6,1,1,Jora
35,Current employee,Travel_Frequently,482,Research & Development,4,4,Life Sciences,1,15405,138860,3,Male,87,3,2,Research Scientist,3,Single,4249,2690,1,Y,Yes,11,3,2,80,0,9,3,3,9,6,1,1,Jora
35,Current employee,Travel_Frequently,482,Research & Development,4,4,Life Sciences,1,15408,138863,3,Male,87,3,2,Research Scientist,3,Single,4249,2690,3,Y,Yes,11,3,2,80,0,9,3,3,9,6,1,1,Jora
35,Current employee,Travel_Frequently,482,Research & Development,4,4,Life Sciences,1,15411,138866,3,Male,87,3,2,Research Scientist,3,Single,4249,2690,1,Y,Yes,11,3,2,80,0,9,3,3,9,6,1,1,Jora
35,Current employee,Travel_Frequently,482,Research & Development,4,4,Life Sciences,1,15412,138867,3,Male,87,3,2,Research Scientist,3,Single,4249,2690,3,Y,Yes,11,3,2,80,0,9,3,3,9,6,1,1,Jora
35,Current employee,Travel_Rarely,817,Research & Development,1,3,Medical,1,15587,139042,4,Female,60,2,2,Laboratory Technician,4,Married,5363,10846,0,Y,No,12,3,2,80,1,10,0,3,9,7,0,0,Jora
35,Current employee,Travel_Rarely,817,Research & Development,1,3,Life Sciences,1,15589,139044,4,Female,60,2,2,Laboratory Technician,4,Married,5363,10846,0,Y,No,12,3,2,80,1,10,0,3,9,7,0,0,Jora
35,Current employee,Travel_Rarely,817,Research & Development,1,3,Medical,1,15593,139048,4,Female,60,2,2,Laboratory Technician,4,Married,5363,10846,0,Y,No,12,3,2,80,1,10,0,3,9,7,0,0,Jora
35,Current employee,Travel_Rarely,817,Research & Development,1,3,Life Sciences,1,15594,139049,4,Female,60,2,2,Laboratory Technician,4,Married,5363,10846,0,Y,No,12,3,2,80,1,10,0,3,9,7,0,0,Jora
35,Current employee,Travel_Rarely,817,Research & Development,1,3,Medical,1,15595,139050,4,Female,60,2,2,Laboratory Technician,4,Married,5363,10846,0,Y,No,12,3,2,80,1,10,0,3,9,7,0,0,Jora
35,Current employee,Travel_Rarely,817,Research & Development,1,3,Life Sciences,1,15597,139052,4,Female,60,2,2,Laboratory Technician,4,Married,5363,10846,0,Y,No,12,3,2,80,1,10,0,3,9,7,0,0,Jora
35,Current employee,Travel_Rarely,817,Research & Development,1,3,Medical,1,15601,139056,4,Female,60,2,2,Laboratory Technician,4,Married,5363,10846,0,Y,No,12,3,2,80,1,10,0,3,9,7,0,0,Jora
35,Current employee,Travel_Rarely,817,Research & Development,1,3,Life Sciences,1,15602,139057,4,Female,60,2,2,Laboratory Technician,4,Married,5363,10846,0,Y,No,12,3,2,80,1,10,0,3,9,7,0,0,Jora
35,Current employee,Travel_Rarely,1343,Research & Development,27,1,Medical,1,15887,139342,3,Male,81,3,3,Healthcare Representative,3,Married,10920,3449,3,Y,No,21,3,2,80,1,13,2,3,6,4,0,5,LinkedIn
35,Current employee,Travel_Rarely,1343,Research & Development,27,1,Technical Degree,1,15889,139344,3,Male,81,3,3,Healthcare Representative,3,Married,10920,3449,0,Y,No,21,3,2,80,1,13,2,3,6,4,0,5,LinkedIn
35,Current employee,Travel_Rarely,1343,Research & Development,27,1,Medical,1,15890,139345,3,Male,81,3,3,Healthcare Representative,3,Married,10920,3449,3,Y,No,21,4,2,80,1,13,2,3,6,4,0,5,LinkedIn
35,Current employee,Travel_Rarely,1343,Research & Development,27,1,Technical Degree,1,15891,139346,3,Male,81,3,3,Healthcare Representative,3,Married,10920,3449,0,Y,No,21,4,2,80,1,13,2,3,6,4,0,5,LinkedIn
35,Current employee,Travel_Rarely,1343,Research & Development,27,1,Medical,1,15895,139350,3,Male,81,3,3,Healthcare Representative,3,Married,10920,3449,3,Y,No,21,3,2,80,1,13,2,3,6,4,0,5,LinkedIn
35,Current employee,Travel_Rarely,1343,Research & Development,27,1,Technical Degree,1,15897,139352,3,Male,81,3,3,Healthcare Representative,3,Married,10920,3449,0,Y,No,21,3,2,80,1,13,2,3,6,4,0,5,LinkedIn
35,Current employee,Travel_Rarely,1343,Research & Development,27,1,Medical,1,15898,139353,3,Male,81,3,3,Healthcare Representative,3,Married,2693,23428,1,Y,No,19,3,1,80,0,1,3,2,1,0,0,0,Company Website
35,Current employee,Travel_Rarely,1343,Research & Development,27,1,Technical Degree,1,15899,139354,3,Male,81,3,3,Healthcare Representative,3,Married,10920,3449,0,Y,No,21,4,2,80,1,13,2,3,6,4,0,5,LinkedIn
35,Current employee,Travel_Frequently,200,Research & Development,18,2,Life Sciences,1,16046,139501,3,Male,60,3,3,Manufacturing Director,4,Single,9362,19944,2,Y,No,11,3,3,80,0,10,2,3,2,2,2,2,GlassDoor
35,Current employee,Travel_Frequently,200,Research & Development,18,2,Medical,1,16049,139504,3,Male,60,3,3,Manufacturing Director,4,Single,9362,19944,1,Y,No,11,3,3,80,0,10,2,3,2,2,2,2,GlassDoor
35,Current employee,Travel_Frequently,200,Research & Development,18,2,Life Sciences,1,16052,139507,3,Male,60,3,3,Manufacturing Director,4,Single,9362,19944,2,Y,No,11,3,3,80,0,10,2,3,2,2,2,2,GlassDoor
35,Current employee,Travel_Frequently,200,Research & Development,18,2,Medical,1,16053,139508,3,Male,60,3,3,Manufacturing Director,4,Single,9362,19944,1,Y,No,11,3,3,80,0,10,2,3,2,2,2,2,GlassDoor
35,Current employee,Travel_Frequently,200,Research & Development,18,2,Life Sciences,1,16054,139509,3,Male,60,3,3,Manufacturing Director,4,Single,9362,19944,2,Y,No,11,3,3,80,0,10,2,3,2,2,2,2,GlassDoor
35,Current employee,Travel_Frequently,200,Research & Development,18,2,Medical,1,16057,139512,3,Male,60,3,3,Manufacturing Director,4,Single,9362,19944,1,Y,No,11,3,3,80,0,10,2,3,2,2,2,2,GlassDoor
35,Current employee,Travel_Frequently,200,Research & Development,18,2,Life Sciences,1,16060,139515,3,Male,60,3,3,Manufacturing Director,4,Single,9362,19944,2,Y,No,11,3,3,80,0,10,2,3,2,2,2,2,GlassDoor
35,Current employee,Travel_Frequently,200,Research & Development,18,2,Medical,1,16061,139516,3,Male,60,3,3,Manufacturing Director,4,Single,9362,19944,1,Y,No,11,3,3,80,0,10,2,3,2,2,2,2,GlassDoor
35,Current employee,Travel_Rarely,1219,Sales,18,3,Medical,1,16217,139672,3,Female,81,3,2,Sales Executive,1,Divorced,4779,12761,7,Y,No,14,3,2,80,2,8,3,3,3,2,0,2,Jora
35,Current employee,Travel_Rarely,1219,Sales,18,3,Medical,1,16219,139674,3,Female,81,3,2,Sales Executive,1,Divorced,4779,12761,7,Y,No,14,3,2,80,2,8,3,3,3,2,0,2,Jora
35,Current employee,Travel_Rarely,1219,Sales,18,3,Medical,1,16222,139677,3,Female,81,3,2,Sales Executive,1,Divorced,4779,12761,7,Y,No,14,3,2,80,2,8,3,3,3,2,0,2,Jora
35,Current employee,Travel_Rarely,1219,Sales,18,3,Medical,1,16223,139678,3,Female,81,3,2,Sales Executive,1,Divorced,4779,12761,7,Y,No,14,3,2,80,2,8,3,3,3,2,0,2,Jora
35,Current employee,Travel_Rarely,1219,Sales,18,3,Medical,1,16225,139680,3,Female,81,3,2,Sales Executive,1,Divorced,4779,12761,7,Y,No,14,3,2,80,2,8,3,3,3,2,0,2,Jora
