Age,Attrition,BusinessTravel,DailyRate,Department,DistanceFromHome,Education,EducationField,EmployeeCount,EmployeeNumber,Application ID,EnvironmentSatisfaction,Gender,HourlyRate,JobInvolvement,JobLevel,JobRole,JobSatisfaction,MaritalStatus,MonthlyIncome,MonthlyRate,NumCompaniesWorked,Over18,OverTime,PercentSalaryHike,PerformanceRating,RelationshipSatisfaction,StandardHours,StockOptionLevel,TotalWorkingYears,TrainingTimesLastYear,WorkLifeBalance,YearsAtCompany,YearsInCurrentRole,YearsSinceLastPromotion,YearsWithCurrManager,Employee Source
35,Current employee,Travel_Rarely,1219,Sales,18,3,Medical,1,16227,139682,3,Female,81,3,2,Sales Executive,1,Divorced,4779,12761,7,Y,No,14,3,2,80,2,8,3,3,3,2,0,2,Jora
35,Current employee,Travel_Rarely,1219,Sales,18,3,Medical,1,16230,139685,3,Female,81,3,2,Sales Executive,1,Divorced,2121,23522,1,Y,Yes,13,3,2,80,0,1,3,4,1,0,0,0,Indeed
35,Current employee,Travel_Rarely,1219,Sales,18,3,Medical,1,16231,139686,3,Female,81,3,2,Sales Executive,1,Divorced,4779,12761,7,Y,No,14,3,2,80,2,8,3,3,3,2,0,2,Jora
35,Current employee,Travel_Rarely,583,Research & Development,25,4,Medical,1,16374,139829,3,Female,82,3,1,Research Scientist,1,Married,2066,10494,2,Y,No,22,3,4,80,1,5,3,4,3,2,1,0,Company Website
35,Current employee,Travel_Rarely,583,Research & Development,25,4,Technical Degree,1,16376,139831,3,Female,82,3,1,Research Scientist,1,Married,2066,10494,4,Y,No,22,3,4,80,1,5,3,4,3,2,1,0,Company Website
35,Current employee,Travel_Rarely,583,Research & Development,25,4,Medical,1,16377,139832,3,Female,82,3,1,Research Scientist,1,Married,2066,10494,2,Y,No,22,4,4,80,1,5,3,4,3,2,1,0,Company Website
35,Current employee,Travel_Rarely,583,Research & Development,25,4,Technical Degree,1,16378,139833,3,Female,82,3,1,Research Scientist,1,Married,2066,10494,4,Y,No,22,4,4,80,1,5,3,4,3,2,1,0,Company Website
35,Current employee,Travel_Rarely,583,Research & Development,25,4,Medical,1,16382,139837,3,Female,82,3,1,Research Scientist,1,Married,2066,10494,2,Y,No,22,3,4,80,1,5,3,4,3,2,1,0,Company Website
35,Current employee,Travel_Rarely,583,Research & Development,25,4,Technical Degree,1,16384,139839,3,Female,82,3,1,Research Scientist,1,Married,2066,10494,4,Y,No,22,3,4,80,1,5,3,4,3,2,1,0,Company Website
35,Current employee,Travel_Rarely,583,Research & Development,25,4,Medical,1,16385,139840,3,Female,82,3,1,Research Scientist,1,Married,2011,23522,1,Y,No,13,3,4,80,1,10,5,3,10,5,7,7,Recruit.net
35,Current employee,Travel_Rarely,583,Research & Development,25,4,Technical Degree,1,16386,139841,3,Female,82,3,1,Research Scientist,1,Married,2066,10494,4,Y,No,22,4,4,80,1,5,3,4,3,2,1,0,Company Website
35,Current employee,Travel_Rarely,660,Sales,7,1,Life Sciences,1,16950,140405,4,Male,76,3,1,Sales Representative,3,Married,2404,16192,1,Y,No,13,4,1,80,1,1,3,3,1,0,0,0,LinkedIn
35,Current employee,Travel_Rarely,982,Research & Development,1,4,Medical,1,16951,140406,4,Male,83,3,1,Sales Representative,3,Married,2404,16192,1,Y,No,13,3,1,80,1,1,3,3,1,0,0,0,LinkedIn
35,Current employee,Travel_Rarely,982,Research & Development,1,4,Life Sciences,1,16952,140407,4,Male,83,3,1,Sales Representative,3,Married,2404,16192,8,Y,No,13,3,1,80,1,1,3,3,1,0,0,0,LinkedIn
35,Current employee,Travel_Rarely,660,Sales,7,1,Marketing,1,16953,140408,4,Male,76,3,1,Sales Representative,3,Married,2404,16192,9,Y,No,13,3,1,80,1,1,3,3,1,0,0,0,LinkedIn
35,Current employee,Travel_Rarely,660,Sales,7,1,Life Sciences,1,16954,140409,4,Male,76,3,1,Sales Representative,3,Married,2404,16192,1,Y,No,13,3,1,80,1,1,3,3,1,0,0,0,LinkedIn
35,Current employee,Travel_Rarely,982,Research & Development,1,4,Medical,1,16955,140410,4,Male,83,3,1,Sales Representative,3,Married,2404,16192,1,Y,No,13,3,1,80,1,1,3,3,1,0,0,0,LinkedIn
35,Current employee,Travel_Rarely,982,Research & Development,1,4,Life Sciences,1,16956,140411,4,Male,83,3,1,Sales Representative,3,Married,2404,16192,8,Y,No,13,3,1,80,1,1,3,3,1,0,0,0,LinkedIn
35,Current employee,Travel_Rarely,660,Sales,7,1,Marketing,1,16957,140412,4,Male,76,3,1,Sales Representative,3,Married,2404,16192,9,Y,No,13,3,1,80,1,1,3,3,1,0,0,0,LinkedIn
35,Current employee,Travel_Rarely,660,Sales,7,1,Life Sciences,1,16958,140413,4,Male,76,3,1,Sales Representative,3,Married,2404,16192,1,Y,No,13,4,1,80,1,1,3,3,1,0,0,0,LinkedIn
35,Current employee,Travel_Rarely,982,Research & Development,1,4,Medical,1,16959,140414,4,Male,83,3,1,Sales Representative,3,Married,2404,16192,1,Y,No,13,3,1,80,1,1,3,3,1,0,0,0,LinkedIn
35,Current employee,Travel_Rarely,982,Research & Development,1,4,Life Sciences,1,16960,140415,4,Male,83,3,1,Sales Representative,3,Married,2404,16192,8,Y,No,13,3,1,80,1,1,3,3,1,0,0,0,LinkedIn
35,Current employee,Travel_Rarely,660,Sales,7,1,Marketing,1,16961,140416,4,Male,76,3,1,Sales Representative,3,Married,2404,16192,9,Y,No,13,3,1,80,1,1,3,3,1,0,0,0,LinkedIn
35,Current employee,Travel_Rarely,660,Sales,7,1,Life Sciences,1,16962,140417,4,Male,76,3,1,Sales Representative,3,Married,2404,16192,1,Y,No,13,3,1,80,1,1,3,3,1,0,0,0,LinkedIn
35,Current employee,Travel_Rarely,982,Research & Development,1,4,Medical,1,16963,140418,4,Male,83,3,1,Sales Representative,3,Married,1859,23577,1,Y,Yes,25,4,2,80,0,1,2,4,1,1,0,0,Seek
35,Current employee,Travel_Rarely,982,Research & Development,1,4,Life Sciences,1,16964,140419,4,Male,83,3,1,Sales Representative,3,Married,2404,16192,8,Y,No,13,3,1,80,1,1,3,3,1,0,0,0,LinkedIn
35,Current employee,Travel_Rarely,660,Sales,7,1,Marketing,1,16965,140420,4,Male,76,3,1,Sales Representative,3,Married,2404,16192,9,Y,No,13,3,1,80,1,1,3,3,1,0,0,0,LinkedIn
35,Current employee,Travel_Rarely,1029,Research & Development,16,3,Life Sciences,1,17304,140759,4,Female,91,2,3,Healthcare Representative,2,Single,8606,21195,1,Y,No,19,3,4,80,0,11,3,1,11,8,3,3,GlassDoor
35,Current employee,Travel_Rarely,1029,Research & Development,16,3,Medical,1,17306,140761,4,Female,91,2,3,Healthcare Representative,2,Single,8606,21195,0,Y,No,19,3,4,80,0,11,3,1,11,8,3,3,GlassDoor
35,Current employee,Travel_Rarely,1029,Research & Development,16,3,Life Sciences,1,17310,140765,4,Female,91,2,3,Healthcare Representative,2,Single,8606,21195,1,Y,No,19,3,4,80,0,11,3,1,11,8,3,3,GlassDoor
35,Current employee,Travel_Rarely,1029,Research & Development,16,3,Medical,1,17311,140766,4,Female,91,2,3,Healthcare Representative,2,Single,8606,21195,0,Y,No,19,3,4,80,0,11,3,1,11,8,3,3,GlassDoor
35,Current employee,Travel_Rarely,1029,Research & Development,16,3,Life Sciences,1,17312,140767,4,Female,91,2,3,Healthcare Representative,2,Single,8606,21195,1,Y,No,19,3,4,80,0,11,3,1,11,8,3,3,GlassDoor
35,Current employee,Travel_Rarely,1029,Research & Development,16,3,Medical,1,17314,140769,4,Female,91,2,3,Healthcare Representative,2,Single,8606,21195,0,Y,No,19,3,4,80,0,11,3,1,11,8,3,3,GlassDoor
35,Current employee,Travel_Rarely,1029,Research & Development,16,3,Life Sciences,1,17318,140773,4,Female,91,2,3,Healthcare Representative,2,Single,8606,21195,1,Y,No,19,3,4,80,0,11,3,1,11,8,3,3,GlassDoor
35,Current employee,Travel_Rarely,1029,Research & Development,16,3,Medical,1,17319,140774,4,Female,91,2,3,Healthcare Representative,2,Single,8606,21195,0,Y,No,19,3,4,80,0,11,3,1,11,8,3,3,GlassDoor
35,Current employee,Travel_Rarely,817,Research & Development,1,3,Medical,1,17590,141045,4,Male,85,3,3,Healthcare Representative,2,Divorced,7441,20933,1,Y,No,12,3,1,80,3,10,4,3,10,8,7,7,Seek
35,Current employee,Travel_Rarely,817,Research & Development,1,3,Life Sciences,1,17592,141047,4,Male,85,3,3,Healthcare Representative,2,Divorced,7441,20933,0,Y,No,12,3,1,80,3,10,4,3,10,8,7,7,Seek
35,Current employee,Travel_Rarely,817,Research & Development,1,3,Medical,1,17593,141048,4,Male,85,3,3,Healthcare Representative,2,Divorced,7441,20933,1,Y,No,12,3,1,80,3,10,4,3,10,8,7,7,Seek
35,Current employee,Travel_Rarely,817,Research & Development,1,3,Life Sciences,1,17594,141049,4,Male,85,3,3,Healthcare Representative,2,Divorced,7441,20933,0,Y,No,12,3,1,80,3,10,4,3,10,8,7,7,Seek
35,Current employee,Travel_Rarely,817,Research & Development,1,3,Medical,1,17598,141053,4,Male,85,3,3,Healthcare Representative,2,Divorced,7441,20933,1,Y,No,12,3,1,80,3,10,4,3,10,8,7,7,Seek
35,Current employee,Travel_Rarely,817,Research & Development,1,3,Life Sciences,1,17600,141055,4,Male,85,3,3,Healthcare Representative,2,Divorced,7441,20933,0,Y,No,12,3,1,80,3,10,4,3,10,8,7,7,Seek
35,Current employee,Travel_Rarely,817,Research & Development,1,3,Medical,1,17601,141056,4,Male,85,3,3,Healthcare Representative,2,Divorced,17924,4544,1,Y,No,11,3,2,80,1,9,3,3,4,2,1,3,Jora
35,Current employee,Travel_Rarely,817,Research & Development,1,3,Life Sciences,1,17602,141057,4,Male,85,3,3,Healthcare Representative,2,Divorced,7441,20933,0,Y,No,12,3,1,80,3,10,4,3,10,8,7,7,Seek
35,Current employee,Travel_Rarely,1402,Sales,28,4,Life Sciences,1,17605,141060,2,Female,98,2,1,Sales Representative,3,Married,2430,26204,0,Y,No,23,3,1,80,2,6,5,3,5,3,4,2,Jora
35,Current employee,Travel_Rarely,1402,Sales,28,4,Technical Degree,1,17608,141063,2,Female,98,2,1,Sales Representative,3,Married,2430,26204,9,Y,No,23,3,1,80,2,6,5,3,5,3,4,2,Jora
35,Current employee,Travel_Rarely,1402,Sales,28,4,Life Sciences,1,17609,141064,2,Female,98,2,1,Sales Representative,3,Married,2430,26204,0,Y,No,23,4,1,80,2,6,5,3,5,3,4,2,Jora
35,Current employee,Travel_Rarely,1402,Sales,28,4,Technical Degree,1,17610,141065,2,Female,98,2,1,Sales Representative,3,Married,2430,26204,9,Y,No,23,4,1,80,2,6,5,3,5,3,4,2,Jora
35,Current employee,Travel_Rarely,1402,Sales,28,4,Life Sciences,1,17613,141068,2,Female,98,2,1,Sales Representative,3,Married,2430,26204,0,Y,No,23,3,1,80,2,6,5,3,5,3,4,2,Jora
35,Current employee,Travel_Rarely,1402,Sales,28,4,Technical Degree,1,17616,141071,2,Female,98,2,1,Sales Representative,3,Married,2430,26204,9,Y,No,23,3,1,80,2,6,5,3,5,3,4,2,Jora
35,Current employee,Travel_Rarely,1402,Sales,28,4,Life Sciences,1,17617,141072,2,Female,98,2,1,Sales Representative,3,Married,2430,26204,0,Y,No,23,4,1,80,2,6,5,3,5,3,4,2,Jora
35,Current employee,Travel_Rarely,1402,Sales,28,4,Technical Degree,1,17618,141073,2,Female,98,2,1,Sales Representative,3,Married,2430,26204,9,Y,No,23,4,1,80,2,6,5,3,5,3,4,2,Jora
35,Current employee,Travel_Rarely,992,Research & Development,1,3,Medical,1,17732,141187,4,Male,68,2,1,Laboratory Technician,1,Single,2450,21731,1,Y,No,19,4,2,80,0,3,3,3,3,0,1,2,Adzuna
35,Current employee,Travel_Rarely,992,Research & Development,1,3,Life Sciences,1,17734,141189,4,Male,68,2,1,Laboratory Technician,1,Single,2450,21731,0,Y,No,19,3,2,80,0,3,3,3,3,0,1,2,Adzuna
35,Current employee,Travel_Rarely,992,Research & Development,1,3,Medical,1,17736,141191,4,Male,68,2,1,Laboratory Technician,1,Single,2450,21731,1,Y,No,19,3,2,80,0,3,3,3,3,0,1,2,Adzuna
35,Current employee,Travel_Rarely,992,Research & Development,1,3,Life Sciences,1,17737,141192,4,Male,68,2,1,Laboratory Technician,1,Single,2450,21731,0,Y,No,19,3,2,80,0,3,3,3,3,0,1,2,Adzuna
35,Current employee,Travel_Rarely,992,Research & Development,1,3,Medical,1,17740,141195,4,Male,68,2,1,Laboratory Technician,1,Single,2450,21731,1,Y,No,19,4,2,80,0,3,3,3,3,0,1,2,Adzuna
35,Current employee,Travel_Rarely,992,Research & Development,1,3,Life Sciences,1,17742,141197,4,Male,68,2,1,Laboratory Technician,1,Single,2450,21731,0,Y,No,19,3,2,80,0,3,3,3,3,0,1,2,Adzuna
35,Current employee,Travel_Rarely,992,Research & Development,1,3,Medical,1,17744,141199,4,Male,68,2,1,Laboratory Technician,1,Single,2450,21731,1,Y,No,19,3,2,80,0,3,3,3,3,0,1,2,Adzuna
35,Current employee,Travel_Rarely,992,Research & Development,1,3,Life Sciences,1,17745,141200,4,Male,68,2,1,Laboratory Technician,1,Single,2450,21731,0,Y,No,19,3,2,80,0,3,3,3,3,0,1,2,Adzuna
35,Current employee,Travel_Rarely,670,Research & Development,10,4,Medical,1,17957,141412,1,Female,51,3,2,Healthcare Representative,3,Single,6142,4223,3,Y,Yes,16,3,3,80,0,10,4,3,5,2,0,4,Company Website
35,Current employee,Travel_Rarely,670,Research & Development,10,4,Medical,1,17960,141415,1,Female,51,3,2,Healthcare Representative,3,Single,6142,4223,0,Y,Yes,16,3,3,80,0,10,4,3,5,2,0,4,Company Website
35,Current employee,Travel_Rarely,670,Research & Development,10,4,Medical,1,17963,141418,1,Female,51,3,2,Healthcare Representative,3,Single,6142,4223,3,Y,Yes,16,3,3,80,0,10,4,3,5,2,0,4,Company Website
35,Current employee,Travel_Rarely,670,Research & Development,10,4,Medical,1,17964,141419,1,Female,51,3,2,Healthcare Representative,3,Single,6142,4223,0,Y,Yes,16,3,3,80,0,10,4,3,5,2,0,4,Company Website
35,Current employee,Travel_Rarely,670,Research & Development,10,4,Medical,1,17965,141420,1,Female,51,3,2,Healthcare Representative,3,Single,6142,4223,3,Y,Yes,16,3,3,80,0,10,4,3,5,2,0,4,Company Website
35,Current employee,Travel_Rarely,670,Research & Development,10,4,Medical,1,17967,141422,1,Female,51,3,2,Healthcare Representative,3,Single,6142,4223,0,Y,Yes,16,3,3,80,0,10,4,3,5,2,0,4,Company Website
35,Current employee,Travel_Rarely,670,Research & Development,10,4,Medical,1,17970,141425,1,Female,51,3,2,Healthcare Representative,3,Single,6142,4223,3,Y,Yes,16,3,3,80,0,10,4,3,5,2,0,4,Company Website
35,Current employee,Travel_Rarely,670,Research & Development,10,4,Medical,1,17971,141426,1,Female,51,3,2,Healthcare Representative,3,Single,6142,4223,0,Y,Yes,16,3,3,80,0,10,4,3,5,2,0,4,Company Website
35,Current employee,Travel_Rarely,750,Research & Development,28,3,Life Sciences,1,18065,141520,2,Male,46,4,2,Laboratory Technician,3,Married,3407,25348,1,Y,No,17,3,4,80,2,10,3,2,10,9,6,8,Indeed
35,Current employee,Travel_Rarely,750,Research & Development,28,3,Technical Degree,1,18068,141523,2,Male,46,4,2,Laboratory Technician,3,Married,3407,25348,1,Y,No,17,3,4,80,2,10,3,2,10,9,6,8,Indeed
35,Current employee,Travel_Rarely,750,Research & Development,28,3,Life Sciences,1,18069,141524,2,Male,46,4,2,Laboratory Technician,3,Married,3407,25348,1,Y,No,17,3,4,80,2,10,3,2,10,9,6,8,Indeed
35,Current employee,Travel_Rarely,750,Research & Development,28,3,Technical Degree,1,18070,141525,2,Male,46,4,2,Laboratory Technician,3,Married,3407,25348,1,Y,No,17,3,4,80,2,10,3,2,10,9,6,8,Indeed
35,Current employee,Travel_Rarely,750,Research & Development,28,3,Life Sciences,1,18072,141527,2,Male,46,4,2,Laboratory Technician,3,Married,3407,25348,1,Y,No,17,3,4,80,2,10,3,2,10,9,6,8,Indeed
35,Current employee,Travel_Rarely,750,Research & Development,28,3,Technical Degree,1,18075,141530,2,Male,46,4,2,Laboratory Technician,3,Married,3407,25348,1,Y,No,17,3,4,80,2,10,3,2,10,9,6,8,Indeed
35,Current employee,Travel_Rarely,750,Research & Development,28,3,Life Sciences,1,18076,141531,2,Male,46,4,2,Laboratory Technician,3,Married,3407,25348,1,Y,No,17,3,4,80,2,10,3,2,10,9,6,8,Indeed
35,Current employee,Travel_Rarely,750,Research & Development,28,3,Technical Degree,1,18077,141532,2,Male,46,4,2,Laboratory Technician,3,Married,3407,25348,1,Y,No,17,3,4,80,2,10,3,2,10,9,6,8,Indeed
35,Current employee,Travel_Rarely,1349,Research & Development,7,2,Life Sciences,1,18126,141581,3,Male,63,2,1,Laboratory Technician,4,Married,2690,7713,1,Y,No,18,3,4,80,1,1,5,2,1,0,0,1,Adzuna
35,Current employee,Travel_Rarely,1349,Research & Development,7,2,Marketing,1,18128,141583,3,Male,63,2,1,Laboratory Technician,4,Married,2690,7713,1,Y,No,18,3,4,80,1,1,5,2,1,0,0,1,Adzuna
35,Current employee,Travel_Rarely,1349,Research & Development,7,2,Life Sciences,1,18130,141585,3,Male,63,2,1,Laboratory Technician,4,Married,2690,7713,1,Y,No,18,3,4,80,1,1,5,2,1,0,0,1,Adzuna
35,Current employee,Travel_Rarely,1349,Research & Development,7,2,Marketing,1,18131,141586,3,Male,63,2,1,Laboratory Technician,4,Married,2690,7713,1,Y,No,18,3,4,80,1,1,5,2,1,0,0,1,Adzuna
35,Current employee,Travel_Rarely,1349,Research & Development,7,2,Marketing,1,18135,141590,3,Male,63,2,1,Laboratory Technician,4,Married,2690,7713,1,Y,No,18,3,4,80,1,1,5,2,1,0,0,1,Adzuna
35,Current employee,Travel_Rarely,1349,Research & Development,7,2,Life Sciences,1,18137,141592,3,Male,63,2,1,Laboratory Technician,4,Married,2690,7713,1,Y,No,18,3,4,80,1,1,5,2,1,0,0,1,Adzuna
35,Current employee,Travel_Rarely,1349,Research & Development,7,2,Marketing,1,18138,141593,3,Male,63,2,1,Laboratory Technician,4,Married,2690,7713,1,Y,No,18,3,4,80,1,1,5,2,1,0,0,1,Adzuna
35,Current employee,Travel_Rarely,992,Research & Development,1,3,Medical,1,18157,141612,4,Male,86,3,1,Laboratory Technician,2,Married,2408,7324,1,Y,Yes,17,3,3,80,3,1,3,3,1,1,0,0,Company Website
35,Current employee,Travel_Rarely,992,Research & Development,1,3,Life Sciences,1,18158,141613,4,Male,86,3,1,Laboratory Technician,2,Married,2408,7324,1,Y,Yes,17,3,3,80,3,1,3,3,1,1,,0,Company Website
35,Current employee,Travel_Rarely,992,Research & Development,1,3,Medical,1,18162,141617,4,Male,86,3,1,Laboratory Technician,2,Married,2408,7324,1,Y,Yes,17,3,3,80,3,1,3,3,1,1,0,0,Company Website
35,Current employee,Travel_Rarely,992,Research & Development,1,3,Life Sciences,1,18163,141618,4,Male,86,3,1,Laboratory Technician,2,Married,2408,7324,1,Y,Yes,17,3,3,80,3,1,3,3,1,1,0,0,Company Website
35,Current employee,Travel_Rarely,992,Research & Development,1,3,Medical,1,18164,141619,4,Male,86,3,1,Laboratory Technician,2,Married,2408,7324,1,Y,Yes,17,3,3,80,3,1,3,3,1,1,0,0,Company Website
35,Current employee,Travel_Rarely,992,Research & Development,1,3,Life Sciences,1,18165,141620,4,Male,86,3,1,Laboratory Technician,2,Married,2408,7324,1,Y,Yes,17,3,3,80,3,1,3,3,1,1,0,0,Company Website
35,Current employee,Travel_Rarely,992,Research & Development,1,3,Medical,1,18169,141624,4,Male,86,3,1,Laboratory Technician,2,Married,2408,7324,1,Y,Yes,17,3,3,80,3,1,3,3,1,1,0,0,Company Website
35,Current employee,Travel_Rarely,992,Research & Development,1,3,Life Sciences,1,18170,141625,4,Male,86,3,1,Laboratory Technician,2,Married,2408,7324,1,Y,Yes,17,3,3,80,3,1,3,3,1,1,0,0,Company Website
35,Current employee,Travel_Rarely,670,Research & Development,10,4,Medical,1,18216,141671,4,Female,87,3,5,Research Director,4,Divorced,19049,3549,0,Y,Yes,14,3,4,80,1,23,4,2,22,7,1,10,Company Website
35,Current employee,Travel_Rarely,670,Research & Development,10,4,Medical,1,18218,141673,4,Female,87,3,5,Research Director,4,Divorced,19049,3549,2,Y,Yes,14,3,4,80,1,23,4,2,22,7,1,10,Company Website
35,Current employee,Travel_Rarely,670,Research & Development,10,4,Medical,1,18219,141674,4,Female,87,3,5,Research Director,4,Divorced,19049,3549,0,Y,Yes,14,3,4,80,1,23,4,2,22,7,1,10,Company Website
35,Current employee,Travel_Rarely,670,Research & Development,10,4,Medical,1,18220,141675,4,Female,87,3,5,Research Director,4,Divorced,19049,3549,2,Y,Yes,14,3,4,80,1,23,4,2,22,7,1,10,Company Website
35,Current employee,Travel_Rarely,670,Research & Development,10,4,Medical,1,18223,141678,4,Female,87,3,5,Research Director,4,Divorced,19049,3549,0,Y,Yes,14,3,4,80,1,23,4,2,22,7,1,10,Company Website
35,Current employee,Travel_Rarely,670,Research & Development,10,4,Medical,1,18225,141680,4,Female,87,3,5,Research Director,4,Divorced,19049,3549,2,Y,Yes,14,3,4,80,1,23,4,2,22,7,1,10,Company Website
35,Current employee,Travel_Rarely,670,Research & Development,10,4,Medical,1,18226,141681,4,Female,87,3,5,Research Director,4,Divorced,19049,3549,0,Y,Yes,14,3,4,80,1,23,4,2,22,7,1,10,Company Website
35,Current employee,Travel_Rarely,670,Research & Development,10,4,Medical,1,18227,141682,4,Female,87,3,5,Research Director,4,Divorced,19049,3549,2,Y,Yes,14,3,4,80,1,23,4,2,22,7,1,10,Company Website
35,Current employee,Travel_Rarely,819,Research & Development,18,5,Life Sciences,1,18371,141826,2,Male,48,4,2,Research Scientist,1,Married,5208,26312,1,Y,No,11,4,4,80,0,16,2,3,16,15,1,10,Jora
35,Current employee,Travel_Rarely,819,Research & Development,18,5,Medical,1,18374,141829,2,Male,48,4,2,Research Scientist,1,Married,5208,26312,3,Y,No,11,4,4,80,0,16,2,3,16,15,1,10,Jora
35,Current employee,Travel_Rarely,819,Research & Development,18,5,Life Sciences,1,18377,141832,2,Male,48,4,2,Research Scientist,1,Married,5208,26312,1,Y,No,11,3,4,80,0,16,2,3,16,15,1,10,Jora
35,Current employee,Travel_Rarely,819,Research & Development,18,5,Medical,1,18378,141833,2,Male,48,4,2,Research Scientist,1,Married,5208,26312,3,Y,No,11,3,4,80,0,16,2,3,16,15,1,10,Jora
35,Current employee,Travel_Rarely,819,Research & Development,18,5,Medical,1,18381,141836,2,Male,48,4,2,Research Scientist,1,Married,5208,26312,3,Y,No,11,4,4,80,0,16,2,3,16,15,1,10,Jora
35,Current employee,Travel_Rarely,819,Research & Development,18,5,Life Sciences,1,18384,141839,2,Male,48,4,2,Research Scientist,1,Married,5208,26312,1,Y,No,11,3,4,80,0,16,2,3,16,15,1,10,Jora
35,Current employee,Travel_Rarely,819,Research & Development,18,5,Medical,1,18385,141840,2,Male,48,4,2,Research Scientist,1,Married,5208,26312,3,Y,No,11,3,4,80,0,16,2,3,16,15,1,10,Jora
35,Current employee,Non-Travel,208,Research & Development,8,4,Life Sciences,1,18488,141943,3,Female,52,3,2,Healthcare Representative,3,Married,4148,12250,1,Y,No,12,3,4,80,1,15,5,3,14,11,2,9,Company Website
35,Current employee,Non-Travel,208,Research & Development,8,4,Medical,1,18490,141945,3,Female,52,3,2,Healthcare Representative,3,Married,4148,12250,0,Y,No,12,3,4,80,1,15,5,3,14,11,2,9,Company Website
35,Current employee,Non-Travel,208,Research & Development,8,4,Life Sciences,1,18492,141947,3,Female,52,3,2,Healthcare Representative,3,Married,4148,12250,1,Y,No,12,3,4,80,1,15,5,3,14,11,2,9,Company Website
35,Current employee,Non-Travel,208,Research & Development,8,4,Medical,1,18494,141949,3,Female,52,3,2,Healthcare Representative,3,Married,4148,12250,0,Y,No,12,3,4,80,1,15,5,3,14,11,2,9,Company Website
35,Current employee,Non-Travel,208,Research & Development,8,4,Life Sciences,1,18496,141951,3,Female,52,3,2,Healthcare Representative,3,Married,4148,12250,1,Y,No,12,3,4,80,1,15,5,3,14,11,2,9,Company Website
35,Current employee,Non-Travel,208,Research & Development,8,4,Medical,1,18498,141953,3,Female,52,3,2,Healthcare Representative,3,Married,4148,12250,0,Y,No,12,3,4,80,1,15,5,3,14,11,2,9,Company Website
35,Current employee,Non-Travel,208,Research & Development,8,4,Life Sciences,1,18500,141955,3,Female,52,3,2,Healthcare Representative,3,Married,4148,12250,1,Y,No,12,3,4,80,1,15,5,3,14,11,2,9,Company Website
35,Current employee,Non-Travel,208,Research & Development,8,4,Medical,1,18502,141957,3,Female,52,3,2,Healthcare Representative,3,Married,4148,12250,0,Y,No,12,3,4,80,1,15,5,3,14,11,2,9,Company Website
35,Current employee,Travel_Frequently,146,Research & Development,2,4,Medical,1,18856,142311,4,Female,88,3,2,Research Scientist,2,Divorced,5433,19332,1,Y,No,12,3,3,80,1,11,2,3,11,8,7,9,Seek
35,Current employee,Travel_Frequently,146,Research & Development,2,4,Life Sciences,1,18857,142312,4,Female,88,3,2,Research Scientist,2,Divorced,5433,19332,2,Y,No,12,3,3,80,1,11,2,3,11,8,7,9,Seek
35,Current employee,Travel_Frequently,146,Research & Development,2,4,Medical,1,18861,142316,4,Female,88,3,2,Research Scientist,2,Divorced,5433,19332,1,Y,No,12,3,3,80,1,11,2,3,11,8,7,9,Seek
35,Current employee,Travel_Frequently,146,Research & Development,2,4,Life Sciences,1,18862,142317,4,Female,88,3,2,Research Scientist,2,Divorced,5433,19332,2,Y,No,12,3,3,80,1,11,2,3,11,8,7,9,Seek
35,Current employee,Travel_Frequently,146,Research & Development,2,4,Medical,1,18864,142319,4,Female,88,3,2,Research Scientist,2,Divorced,5433,19332,1,Y,No,12,3,3,80,1,11,2,3,11,8,7,9,Seek
35,Current employee,Travel_Frequently,146,Research & Development,2,4,Life Sciences,1,18865,142320,4,Female,88,3,2,Research Scientist,2,Divorced,5433,19332,2,Y,No,12,3,3,80,1,11,2,3,11,8,7,9,Seek
35,Current employee,Travel_Frequently,146,Research & Development,2,4,Medical,1,18869,142324,4,Female,88,3,2,Research Scientist,2,Divorced,5433,19332,1,Y,No,12,3,3,80,1,11,2,3,11,8,7,9,Seek
35,Current employee,Travel_Frequently,146,Research & Development,2,4,Life Sciences,1,18870,142325,4,Female,88,3,2,Research Scientist,2,Divorced,5433,19332,2,Y,No,12,3,3,80,1,11,2,3,11,8,7,9,Seek
35,Current employee,Non-Travel,1180,Research & Development,2,2,Medical,1,19192,142647,4,Female,89,3,1,Human Resources,4,Divorced,3195,4167,4,Y,Yes,18,3,1,80,3,8,2,3,2,2,2,2,LinkedIn
35,Current employee,Non-Travel,1180,Research & Development,2,2,Life Sciences,1,19194,142649,4,Female,89,3,1,Human Resources,4,Divorced,3195,4167,0,Y,Yes,18,3,1,80,3,8,2,3,2,2,2,2,LinkedIn
35,Current employee,Non-Travel,1180,Research & Development,2,2,Medical,1,19195,142650,4,Female,89,3,1,Human Resources,4,Divorced,3195,4167,4,Y,Yes,18,3,1,80,3,8,2,3,2,2,2,2,LinkedIn
35,Current employee,Non-Travel,1180,Research & Development,2,2,Life Sciences,1,19196,142651,4,Female,89,3,1,Human Resources,4,Divorced,3195,4167,0,Y,Yes,18,3,1,80,3,8,2,3,2,2,2,2,LinkedIn
35,Current employee,Non-Travel,1180,Research & Development,2,2,Medical,1,19200,142655,4,Female,89,3,1,Human Resources,4,Divorced,3195,4167,4,Y,Yes,18,3,1,80,3,8,2,3,2,2,2,2,LinkedIn
35,Current employee,Non-Travel,1180,Research & Development,2,2,Life Sciences,1,19202,142657,4,Female,89,3,1,Human Resources,4,Divorced,3195,4167,0,Y,Yes,18,3,1,80,3,8,2,3,2,2,2,2,LinkedIn
35,Current employee,Non-Travel,1180,Research & Development,2,2,Medical,1,19203,142658,4,Female,89,3,1,Human Resources,4,Divorced,3195,4167,4,Y,Yes,18,3,1,80,3,8,2,3,2,2,2,2,LinkedIn
35,Current employee,Non-Travel,1180,Research & Development,2,2,Life Sciences,1,19204,142659,4,Female,89,3,1,Human Resources,4,Divorced,3195,4167,0,Y,Yes,18,3,1,80,3,8,2,3,2,2,2,2,LinkedIn
35,Current employee,Travel_Rarely,185,Research & Development,23,4,Medical,1,19285,142740,4,Male,89,3,1,Laboratory Technician,4,Single,2570,11925,1,Y,No,20,3,3,80,0,7,5,3,7,7,5,7,Referral
35,Current employee,Travel_Rarely,185,Research & Development,23,4,Other,1,19287,142742,4,Male,89,3,1,Laboratory Technician,4,Single,2570,11925,1,Y,No,20,3,3,80,0,7,5,3,7,7,5,7,Referral
35,Current employee,Travel_Rarely,185,Research & Development,23,4,Medical,1,19290,142745,4,Male,89,3,1,Laboratory Technician,4,Single,2570,11925,1,Y,No,20,4,3,80,0,7,5,3,7,7,5,7,Referral
35,Current employee,Travel_Rarely,185,Research & Development,23,4,Other,1,19291,142746,4,Male,89,3,1,Laboratory Technician,4,Single,2570,11925,1,Y,No,20,4,3,80,0,7,5,3,7,7,5,7,Referral
35,Current employee,Travel_Rarely,185,Research & Development,23,4,Medical,1,19293,142748,4,Male,89,3,1,Laboratory Technician,4,Single,2570,11925,1,Y,No,20,3,3,80,0,7,5,3,7,7,5,7,Referral
35,Current employee,Travel_Rarely,185,Research & Development,23,4,Other,1,19295,142750,4,Male,89,3,1,Laboratory Technician,4,Single,2570,11925,1,Y,No,20,3,3,80,0,7,5,3,7,7,5,7,Referral
35,Current employee,Travel_Rarely,185,Research & Development,23,4,Medical,1,19298,142753,4,Male,89,3,1,Laboratory Technician,4,Single,2570,11925,1,Y,No,20,4,3,80,0,7,5,3,7,7,5,7,Referral
35,Current employee,Travel_Rarely,185,Research & Development,23,4,Other,1,19299,142754,4,Male,89,3,1,Laboratory Technician,4,Single,2570,11925,1,Y,No,20,4,3,80,0,7,5,3,7,7,5,7,Referral
35,Current employee,Travel_Frequently,146,Research & Development,2,4,Medical,1,19426,142881,1,Male,79,2,1,Research Scientist,4,Single,4930,13970,0,Y,Yes,14,3,3,80,0,6,2,4,5,4,1,4,Jora
35,Current employee,Travel_Frequently,146,Research & Development,2,4,Life Sciences,1,19428,142883,1,Male,79,2,1,Research Scientist,4,Single,4930,13970,2,Y,Yes,14,4,3,80,0,6,,4,5,4,1,4,Jora
35,Current employee,Travel_Frequently,146,Research & Development,2,4,Medical,1,19432,142887,1,Male,79,2,1,Research Scientist,4,Single,4930,13970,0,Y,Yes,14,3,3,80,0,6,2,4,5,4,1,4,Jora
35,Current employee,Travel_Frequently,146,Research & Development,2,4,Life Sciences,1,19433,142888,1,Male,79,2,1,Research Scientist,4,Single,4930,13970,2,Y,Yes,14,3,3,80,0,6,2,4,5,4,1,4,Jora
35,Current employee,Travel_Frequently,146,Research & Development,2,4,Medical,1,19434,142889,1,Male,79,2,1,Research Scientist,4,Single,4930,13970,0,Y,Yes,14,3,3,80,0,6,2,4,5,4,1,4,Jora
35,Current employee,Travel_Frequently,146,Research & Development,2,4,Life Sciences,1,19436,142891,1,Male,79,2,1,Research Scientist,4,Single,4930,13970,2,Y,Yes,14,4,3,80,0,6,2,4,5,4,1,4,Jora
35,Current employee,Travel_Frequently,146,Research & Development,2,4,Medical,1,19440,142895,1,Male,79,2,1,Research Scientist,4,Single,4930,13970,0,Y,Yes,14,3,3,80,0,6,2,4,5,4,1,4,Jora
35,Current employee,Travel_Frequently,146,Research & Development,2,4,Life Sciences,1,19441,142896,1,Male,79,2,1,Research Scientist,4,Single,4930,13970,2,Y,Yes,14,3,3,80,0,6,2,4,5,4,1,4,Jora
35,Current employee,Travel_Rarely,682,Sales,18,4,Medical,1,19619,143074,4,Male,90,3,1,Laboratory Technician,3,Married,3477,18103,1,Y,No,14,3,4,80,1,6,2,4,5,2,0,3,Seek
35,Current employee,Travel_Rarely,682,Sales,18,4,Medical,1,19621,143076,4,Male,90,3,1,Laboratory Technician,3,Married,3477,18103,1,Y,No,14,3,4,80,1,6,2,4,5,2,0,3,Seek
35,Current employee,Travel_Rarely,682,Sales,18,4,Medical,1,19624,143079,4,Male,90,3,1,Laboratory Technician,3,Married,3477,18103,1,Y,No,14,3,4,80,1,6,2,4,5,2,0,3,Seek
35,Current employee,Travel_Rarely,682,Sales,18,4,Medical,1,19625,143080,4,Male,90,3,1,Laboratory Technician,3,Married,3477,18103,1,Y,No,14,3,4,80,1,6,2,4,5,2,0,3,Seek
35,Current employee,Travel_Rarely,682,Sales,18,4,Medical,1,19627,143082,4,Male,90,3,1,Laboratory Technician,3,Married,3477,18103,1,Y,No,14,3,4,80,1,6,2,4,5,2,0,3,Seek
35,Current employee,Travel_Rarely,682,Sales,18,4,Medical,1,19629,143084,4,Male,90,3,1,Laboratory Technician,3,Married,3477,18103,1,Y,No,14,3,4,80,1,6,2,4,5,2,0,3,Seek
35,Current employee,Travel_Rarely,682,Sales,18,4,Medical,1,19632,143087,4,Male,90,3,1,Laboratory Technician,3,Married,3477,18103,1,Y,No,14,3,4,80,1,6,2,4,5,2,0,3,Seek
35,Current employee,Travel_Rarely,682,Sales,18,4,Medical,1,19633,143088,4,Male,90,3,1,Laboratory Technician,3,Married,3477,18103,1,Y,No,14,3,4,80,1,6,2,4,5,2,0,3,Seek
35,Current employee,Travel_Rarely,1370,Research & Development,27,4,Life Sciences,1,19050,143153,4,Male,49,3,2,Manufacturing Director,3,Married,6883,5151,2,Y,No,16,3,2,80,1,17,3,3,7,7,0,7,Company Website
35,Current employee,Travel_Rarely,1370,Research & Development,27,4,Technical Degree,1,19701,143156,4,Male,49,3,2,Manufacturing Director,3,Married,6883,5151,1,Y,No,16,4,2,80,1,17,3,3,7,7,0,7,Company Website
35,Current employee,Travel_Rarely,1370,Research & Development,27,4,Life Sciences,1,19704,143159,4,Male,49,3,2,Manufacturing Director,3,Married,6883,5151,2,Y,No,16,3,2,80,1,17,3,3,7,7,0,7,Company Website
35,Current employee,Travel_Rarely,1370,Research & Development,27,4,Technical Degree,1,19705,143160,4,Male,49,3,2,Manufacturing Director,3,Married,6883,5151,1,Y,No,16,3,2,80,1,17,3,3,7,7,0,7,Company Website
35,Current employee,Travel_Rarely,1370,Research & Development,27,4,Life Sciences,1,19706,143161,4,Male,49,3,2,Manufacturing Director,3,Married,6883,5151,2,Y,No,16,3,2,80,1,17,3,3,7,7,0,7,Company Website
35,Current employee,Travel_Rarely,1370,Research & Development,27,4,Technical Degree,1,19709,143164,4,Male,49,3,2,Manufacturing Director,3,Married,6883,5151,1,Y,No,16,4,2,80,1,17,3,3,7,7,0,7,Company Website
35,Current employee,Travel_Rarely,1370,Research & Development,27,4,Life Sciences,1,19712,143167,4,Male,49,3,2,Manufacturing Director,3,Married,6883,5151,2,Y,No,16,3,2,80,1,17,3,3,7,7,0,7,Company Website
35,Current employee,Travel_Rarely,1370,Research & Development,27,4,Technical Degree,1,19713,143168,4,Male,49,3,2,Manufacturing Director,3,Married,6883,5151,1,Y,No,16,3,2,80,1,17,3,3,7,7,0,7,Company Website
35,Current employee,Travel_Rarely,1490,Research & Development,11,4,Medical,1,19827,143282,4,Male,91,3,2,Laboratory Technician,4,Married,6472,8989,1,Y,Yes,15,3,4,80,1,9,2,3,9,8,5,8,Indeed
35,Current employee,Travel_Rarely,1490,Research & Development,11,4,Medical,1,19829,143284,4,Male,91,3,2,Laboratory Technician,4,Married,6472,8989,1,Y,Yes,15,3,4,80,1,9,2,3,9,8,5,8,Indeed
35,Current employee,Travel_Rarely,1490,Research & Development,11,4,Medical,1,19830,143285,4,Male,91,3,2,Laboratory Technician,4,Married,6472,8989,1,Y,Yes,15,3,4,80,1,9,2,3,9,8,5,8,Indeed
35,Current employee,Travel_Rarely,1490,Research & Development,11,4,Medical,1,19831,143286,4,Male,91,3,2,Laboratory Technician,4,Married,6472,8989,1,Y,Yes,15,3,4,80,1,9,2,3,9,8,5,8,Indeed
35,Current employee,Travel_Rarely,1490,Research & Development,11,4,Medical,1,19835,143290,4,Male,91,3,2,Laboratory Technician,4,Married,6472,8989,1,Y,Yes,15,3,4,80,1,9,2,3,9,8,5,8,Indeed
35,Current employee,Travel_Rarely,1490,Research & Development,11,4,Medical,1,19837,143292,4,Male,91,3,2,Laboratory Technician,4,Married,6472,8989,1,Y,Yes,15,3,4,80,1,9,2,3,9,8,5,8,Indeed
35,Current employee,Travel_Rarely,1490,Research & Development,11,4,Medical,1,19838,143293,4,Male,91,3,2,Laboratory Technician,4,Married,6472,8989,1,Y,Yes,15,3,4,80,1,9,2,3,9,8,5,8,Indeed
35,Current employee,Travel_Rarely,1490,Research & Development,11,4,Medical,1,19839,143294,4,Male,91,3,2,Laboratory Technician,4,Married,6472,8989,1,Y,Yes,15,3,4,80,1,9,2,3,9,8,5,8,Indeed
35,Current employee,Travel_Rarely,1395,Research & Development,9,4,Medical,1,19843,143298,4,Male,91,1,3,Sales Executive,3,Married,9610,3840,3,Y,No,13,3,3,80,1,10,2,1,4,3,0,2,Adzuna
35,Current employee,Travel_Rarely,1395,Research & Development,9,4,Medical,1,19844,143299,4,Male,91,1,3,Sales Executive,3,Married,9610,3840,6,Y,No,13,3,3,80,1,10,2,1,4,3,0,2,Adzuna
35,Current employee,Travel_Rarely,1395,Research & Development,9,4,Medical,1,19848,143303,4,Male,91,1,3,Sales Executive,3,Married,9610,3840,3,Y,No,13,3,3,80,1,10,2,1,4,3,0,2,Adzuna
35,Current employee,Travel_Rarely,1395,Research & Development,9,4,Medical,1,19849,143304,4,Male,91,1,3,Sales Executive,3,Married,9610,3840,6,Y,No,13,3,3,80,1,10,2,1,4,3,0,2,Adzuna
35,Current employee,Travel_Rarely,1395,Research & Development,9,4,Medical,1,19851,143306,4,Male,91,1,3,Sales Executive,3,Married,9610,3840,3,Y,No,13,3,3,80,1,10,2,1,4,3,0,2,Adzuna
35,Current employee,Travel_Rarely,1395,Research & Development,9,4,Medical,1,19852,143307,4,Male,91,1,3,Sales Executive,3,Married,9610,3840,6,Y,No,13,3,3,80,1,10,2,1,4,3,0,2,Adzuna
35,Current employee,Travel_Rarely,1395,Research & Development,9,4,Medical,1,19856,143311,4,Male,91,1,3,Sales Executive,3,Married,9610,3840,3,Y,No,13,3,3,80,1,10,2,1,4,3,0,2,Adzuna
35,Current employee,Travel_Rarely,1395,Research & Development,9,4,Medical,1,19857,143312,4,Male,91,1,3,Sales Executive,3,Married,9610,3840,6,Y,No,13,3,3,80,1,10,2,1,4,3,0,2,Adzuna
35,Current employee,Travel_Rarely,464,Research & Development,4,2,Other,1,20142,143597,4,Male,92,3,1,Research Scientist,2,Single,2718,17674,2,Y,No,14,3,2,80,0,12,3,3,7,7,0,7,Seek
35,Current employee,Travel_Rarely,464,Research & Development,4,2,Life Sciences,1,20143,143598,4,Male,92,3,1,Research Scientist,2,Single,2718,17674,3,Y,No,14,3,2,80,0,12,3,3,7,7,0,7,Seek
35,Current employee,Travel_Rarely,464,Research & Development,4,2,Other,1,20147,143602,4,Male,92,3,1,Research Scientist,2,Single,2718,17674,2,Y,No,14,3,2,80,0,12,3,3,7,7,0,7,Seek
35,Current employee,Travel_Rarely,464,Research & Development,4,2,Life Sciences,1,20148,143603,4,Male,92,3,1,Research Scientist,2,Single,2718,17674,3,Y,No,14,3,2,80,0,12,3,3,7,7,0,7,Seek
35,Current employee,Travel_Rarely,464,Research & Development,4,2,Other,1,20150,143605,4,Male,92,3,1,Research Scientist,2,Single,2718,17674,2,Y,No,14,3,2,80,0,12,3,3,7,7,0,7,Seek
35,Current employee,Travel_Rarely,464,Research & Development,4,2,Life Sciences,1,20151,143606,4,Male,92,3,1,Research Scientist,2,Single,2718,17674,3,Y,No,14,3,2,80,0,12,3,3,7,7,0,7,Seek
35,Current employee,Travel_Rarely,464,Research & Development,4,2,Other,1,20155,143610,4,Male,92,3,1,Research Scientist,2,Single,2718,17674,2,Y,No,14,3,2,80,0,12,3,3,7,7,0,7,Seek
35,Current employee,Travel_Rarely,464,Research & Development,4,2,Life Sciences,1,20156,143611,4,Male,92,3,1,Research Scientist,2,Single,2718,17674,3,Y,No,14,3,2,80,0,12,3,3,7,7,0,7,Seek
35,Current employee,Travel_Rarely,538,Research & Development,25,2,Other,1,20460,143915,4,Male,93,3,2,Human Resources,2,Divorced,4071,12832,2,Y,No,13,4,3,80,0,19,4,2,10,0,4,7,Adzuna
35,Current employee,Travel_Rarely,538,Research & Development,25,2,Technical Degree,1,20462,143917,4,Male,93,3,2,Human Resources,2,Divorced,4071,12832,0,Y,No,13,3,3,80,0,19,4,2,10,0,4,7,Adzuna
35,Current employee,Travel_Rarely,538,Research & Development,25,2,Other,1,20463,143918,4,Male,93,3,2,Human Resources,2,Divorced,4071,12832,2,Y,No,13,3,3,80,0,19,4,2,10,0,4,7,Adzuna
35,Current employee,Travel_Rarely,538,Research & Development,25,2,Technical Degree,1,20464,143919,4,Male,93,3,2,Human Resources,2,Divorced,4071,12832,0,Y,No,13,3,3,80,0,19,4,2,10,0,4,7,Adzuna
35,Current employee,Travel_Rarely,538,Research & Development,25,2,Other,1,20468,143923,4,Male,93,3,2,Human Resources,2,Divorced,4071,12832,2,Y,No,13,4,3,80,0,19,4,2,10,0,4,7,Adzuna
35,Current employee,Travel_Rarely,538,Research & Development,25,2,Technical Degree,1,20470,143925,4,Male,93,3,2,Human Resources,2,Divorced,4071,12832,0,Y,No,13,3,3,80,0,19,4,2,10,0,4,7,Adzuna
35,Current employee,Travel_Rarely,538,Research & Development,25,2,Other,1,20471,143926,4,Male,93,3,2,Human Resources,2,Divorced,4071,12832,2,Y,No,13,3,3,80,0,19,4,2,10,0,4,7,Adzuna
35,Current employee,Travel_Rarely,538,Research & Development,25,2,Technical Degree,1,20472,143927,4,Male,93,3,2,Human Resources,2,Divorced,4071,12832,0,Y,No,13,3,3,80,0,19,4,2,10,0,4,7,Adzuna
35,Current employee,Non-Travel,1180,Research & Development,2,2,Medical,1,20587,144042,2,Male,90,3,2,Manufacturing Director,4,Divorced,5762,24442,2,Y,No,14,3,3,80,1,15,6,3,7,7,1,7,Jora
35,Current employee,Travel_Rarely,950,Research & Development,7,3,Other,1,20588,144043,4,Male,93,3,2,Manufacturing Director,4,Divorced,5762,24442,2,Y,No,14,3,3,80,1,15,6,3,7,7,1,7,Jora
35,Current employee,Non-Travel,1180,Research & Development,2,2,Life Sciences,1,20589,144044,2,Male,90,3,2,Manufacturing Director,4,Divorced,5762,24442,1,Y,No,14,3,3,80,1,15,6,3,7,7,1,7,Jora
35,Current employee,Travel_Rarely,950,Research & Development,7,3,Marketing,1,20590,144045,4,Male,93,3,2,Manufacturing Director,4,Divorced,5762,24442,1,Y,No,14,3,3,80,1,15,6,3,7,7,1,7,Jora
35,Current employee,Non-Travel,1180,Research & Development,2,2,Medical,1,20591,144046,2,Male,90,3,2,Manufacturing Director,4,Divorced,5762,24442,2,Y,No,14,3,3,80,1,15,6,3,7,7,1,7,Jora
35,Current employee,Travel_Rarely,950,Research & Development,7,3,Other,1,20592,144047,4,Male,93,3,2,Manufacturing Director,4,Divorced,5762,24442,2,Y,No,14,3,3,80,1,15,6,3,7,7,1,7,Jora
35,Current employee,Non-Travel,1180,Research & Development,2,2,Life Sciences,1,20593,144048,2,Male,90,3,2,Manufacturing Director,4,Divorced,5762,24442,1,Y,No,14,3,3,80,1,15,6,3,7,7,1,7,Jora
35,Current employee,Travel_Rarely,950,Research & Development,7,3,Marketing,1,20594,144049,4,Male,93,3,2,Manufacturing Director,4,Divorced,5762,24442,1,Y,No,14,3,3,80,1,15,6,3,7,7,1,7,Jora
35,Current employee,Non-Travel,1180,Research & Development,2,2,Medical,1,20595,144050,2,Male,90,3,2,Manufacturing Director,4,Divorced,5762,24442,2,Y,No,14,3,3,80,1,15,6,3,7,7,1,7,Jora
35,Current employee,Travel_Rarely,950,Research & Development,7,3,Other,1,20596,144051,4,Male,93,3,2,Manufacturing Director,4,Divorced,5762,24442,2,Y,No,14,3,3,80,1,15,6,3,7,7,1,7,Jora
35,Current employee,Non-Travel,1180,Research & Development,2,2,Life Sciences,1,20597,144052,2,Male,90,3,2,Manufacturing Director,4,Divorced,5762,24442,1,Y,No,14,3,3,80,1,15,6,3,7,7,1,7,Jora
35,Current employee,Travel_Rarely,950,Research & Development,7,3,Marketing,1,20598,144053,4,Male,93,3,2,Manufacturing Director,4,Divorced,5762,24442,1,Y,No,14,3,3,80,1,15,6,3,7,7,1,7,Jora
35,Current employee,Non-Travel,1180,Research & Development,2,2,Medical,1,20599,144054,2,Male,90,3,2,Manufacturing Director,4,Divorced,5762,24442,2,Y,No,14,3,3,80,1,15,6,3,7,7,1,7,Jora
35,Current employee,Travel_Rarely,950,Research & Development,7,3,Other,1,20600,144055,4,Male,93,3,2,Manufacturing Director,4,Divorced,5762,24442,2,Y,No,14,3,3,80,1,15,6,3,7,7,1,7,Jora
35,Current employee,Non-Travel,1180,Research & Development,2,2,Life Sciences,1,20601,144056,2,Male,90,3,2,Manufacturing Director,4,Divorced,5762,24442,1,Y,No,14,3,3,80,1,15,6,3,7,7,1,7,Jora
35,Current employee,Travel_Rarely,950,Research & Development,7,3,Marketing,1,20602,144057,4,Male,93,3,2,Manufacturing Director,4,Divorced,5762,24442,1,Y,No,14,3,3,80,1,15,6,3,7,7,1,7,Jora
35,Current employee,Travel_Rarely,802,Research & Development,10,3,Other,1,20748,144203,4,Female,94,3,2,Healthcare Representative,2,Married,8926,10842,4,Y,No,22,4,4,80,1,13,2,4,9,7,3,7,Indeed
35,Current employee,Travel_Rarely,802,Research & Development,10,3,Medical,1,20749,144204,4,Female,94,3,2,Healthcare Representative,2,Married,8926,10842,0,Y,No,22,4,4,80,1,13,2,4,9,7,3,7,Indeed
35,Current employee,Travel_Rarely,802,Research & Development,10,3,Other,1,20751,144206,4,Female,94,3,2,Healthcare Representative,2,Married,8926,10842,4,Y,No,22,4,4,80,1,13,2,4,9,7,3,7,Indeed
35,Current employee,Travel_Rarely,802,Research & Development,10,3,Medical,1,20752,144207,4,Female,94,3,2,Healthcare Representative,2,Married,8926,10842,0,Y,No,22,4,4,80,1,13,2,4,9,7,3,7,Indeed
35,Current employee,Travel_Rarely,802,Research & Development,10,3,Other,1,20756,144211,4,Female,94,3,2,Healthcare Representative,2,Married,8926,10842,4,Y,No,22,4,4,80,1,13,2,4,9,7,3,7,Indeed
35,Current employee,Travel_Rarely,802,Research & Development,10,3,Medical,1,20757,144212,4,Female,94,3,2,Healthcare Representative,2,Married,8926,10842,0,Y,No,22,4,4,80,1,13,2,4,9,7,3,7,Indeed
35,Current employee,Travel_Rarely,802,Research & Development,10,3,Other,1,20759,144214,4,Female,94,3,2,Healthcare Representative,2,Married,8926,10842,4,Y,No,22,4,4,80,1,13,2,4,9,7,3,7,Indeed
35,Current employee,Travel_Rarely,802,Research & Development,10,3,Medical,1,20760,144215,4,Female,94,3,2,Healthcare Representative,2,Married,8926,10842,0,Y,No,22,4,4,80,1,13,2,4,9,7,3,7,Indeed
35,Current employee,Travel_Rarely,185,Research & Development,23,4,Medical,1,20811,144266,2,Male,91,1,1,Laboratory Technician,3,Married,2705,9696,0,Y,No,16,3,2,80,1,6,2,4,5,4,0,3,Seek
35,Current employee,Travel_Rarely,185,Research & Development,23,4,Other,1,20814,144269,2,Male,91,1,1,Laboratory Technician,3,Married,2705,9696,1,Y,No,16,3,2,80,1,6,2,4,5,4,0,3,Seek
35,Current employee,Travel_Rarely,185,Research & Development,23,4,Medical,1,20817,144272,2,Male,91,1,1,Laboratory Technician,3,Married,2705,9696,0,Y,No,16,3,2,80,1,6,2,4,5,4,0,3,Seek
35,Current employee,Travel_Rarely,185,Research & Development,23,4,Other,1,20818,144273,2,Male,91,1,1,Laboratory Technician,3,Married,2705,9696,1,Y,No,16,3,2,80,1,6,2,4,5,4,0,3,Seek
35,Current employee,Travel_Rarely,185,Research & Development,23,4,Medical,1,20819,144274,2,Male,91,1,1,Laboratory Technician,3,Married,2705,9696,0,Y,No,16,3,2,80,1,6,2,4,5,4,0,3,Seek
35,Current employee,Travel_Rarely,185,Research & Development,23,4,Other,1,20822,144277,2,Male,91,1,1,Laboratory Technician,3,Married,2705,9696,1,Y,No,16,3,2,80,1,6,2,4,5,4,0,3,Seek
35,Current employee,Travel_Rarely,185,Research & Development,23,4,Medical,1,20825,144280,2,Male,91,1,1,Laboratory Technician,3,Married,2705,9696,0,Y,No,16,3,2,80,1,6,2,4,5,4,0,3,Seek
35,Current employee,Travel_Rarely,185,Research & Development,23,4,Other,1,20826,144281,2,Male,91,1,1,Laboratory Technician,3,Married,2705,9696,1,Y,No,16,3,2,80,1,6,2,4,5,4,0,3,Seek
35,Current employee,Travel_Frequently,636,Research & Development,4,4,Other,1,20860,144315,4,Female,94,3,2,Research Scientist,4,Married,6854,15696,4,Y,No,15,3,2,80,1,14,2,2,7,1,1,7,Recruit.net
35,Current employee,Travel_Frequently,636,Research & Development,4,4,Life Sciences,1,20861,144316,4,Female,94,3,2,Research Scientist,4,Married,6854,15696,3,Y,No,15,3,2,80,1,14,2,2,7,1,1,7,Recruit.net
35,Current employee,Travel_Frequently,636,Research & Development,4,4,Other,1,20863,144318,4,Female,94,3,2,Research Scientist,4,Married,6854,15696,4,Y,No,15,3,2,80,1,14,2,2,7,1,1,7,Recruit.net
35,Current employee,Travel_Frequently,636,Research & Development,4,4,Life Sciences,1,20864,144319,4,Female,94,3,2,Research Scientist,4,Married,6854,15696,3,Y,No,15,3,2,80,1,14,2,2,7,1,1,7,Recruit.net
35,Current employee,Travel_Frequently,636,Research & Development,4,4,Other,1,20868,144323,4,Female,94,3,2,Research Scientist,4,Married,6854,15696,4,Y,No,15,3,2,80,1,14,2,2,7,1,1,7,Recruit.net
35,Current employee,Travel_Frequently,636,Research & Development,4,4,Life Sciences,1,20869,144324,4,Female,94,3,2,Research Scientist,4,Married,6854,15696,3,Y,No,15,3,2,80,1,14,2,2,7,1,1,7,Recruit.net
35,Current employee,Travel_Frequently,636,Research & Development,4,4,Other,1,20871,144326,4,Female,94,3,2,Research Scientist,4,Married,6854,15696,4,Y,No,15,3,2,80,1,14,2,2,7,1,1,7,Recruit.net
35,Current employee,Travel_Frequently,636,Research & Development,4,4,Life Sciences,1,20872,144327,4,Female,94,3,2,Research Scientist,4,Married,6854,15696,3,Y,No,15,3,2,80,1,14,2,2,7,1,1,7,Recruit.net
35,Current employee,Travel_Rarely,219,Research & Development,16,2,Other,1,21243,144698,4,Male,95,2,1,Human Resources,2,Married,2804,15434,1,Y,No,11,3,4,80,0,1,3,3,1,0,0,0,Jora
35,Current employee,Travel_Rarely,219,Research & Development,16,2,Medical,1,21245,144700,4,Male,95,2,1,Human Resources,2,Married,2804,15434,0,Y,No,11,3,4,80,0,1,3,3,1,0,0,0,Jora
35,Current employee,Travel_Rarely,219,Research & Development,16,2,Other,1,21248,144703,4,Male,95,2,1,Human Resources,2,Married,2804,15434,1,Y,No,11,3,4,80,0,1,3,3,1,0,0,0,Jora
35,Current employee,Travel_Rarely,219,Research & Development,16,2,Medical,1,21249,144704,4,Male,95,2,1,Human Resources,2,Married,2804,15434,0,Y,No,11,3,4,80,0,1,3,3,1,0,0,0,Jora
35,Current employee,Travel_Rarely,219,Research & Development,16,2,Other,1,21251,144706,4,Male,95,2,1,Human Resources,2,Married,2804,15434,1,Y,No,11,3,4,80,0,1,3,3,1,0,0,0,Jora
35,Current employee,Travel_Rarely,219,Research & Development,16,2,Medical,1,21253,144708,4,Male,95,2,1,Human Resources,2,Married,2804,15434,0,Y,No,11,3,4,80,0,1,3,3,1,0,0,0,Jora
35,Current employee,Travel_Rarely,219,Research & Development,16,2,Other,1,21256,144711,4,Male,95,2,1,Human Resources,2,Married,2804,15434,1,Y,No,11,3,4,80,0,1,3,3,1,0,0,0,Jora
35,Current employee,Travel_Rarely,219,Research & Development,16,2,Medical,1,21257,144712,4,Male,95,2,1,Human Resources,2,Married,2804,15434,0,Y,No,11,3,4,80,0,1,3,3,1,0,0,0,Jora
35,Current employee,Travel_Rarely,219,Research & Development,16,2,Other,1,21496,144951,4,Female,31,2,2,Manufacturing Director,2,Married,4788,25388,0,Y,Yes,11,3,4,80,0,4,2,3,3,2,0,2,Seek
35,Current employee,Travel_Rarely,219,Research & Development,16,2,Medical,1,21499,144954,4,Female,31,2,2,Manufacturing Director,2,Married,4788,25388,1,Y,Yes,11,3,4,80,0,4,2,3,3,2,0,2,Seek
35,Current employee,Travel_Rarely,219,Research & Development,16,2,Other,1,21502,144957,4,Female,31,2,2,Manufacturing Director,2,Married,4788,25388,0,Y,Yes,11,3,4,80,0,4,2,3,3,2,0,2,Seek
35,Current employee,Travel_Rarely,219,Research & Development,16,2,Medical,1,21503,144958,4,Female,31,2,2,Manufacturing Director,2,Married,4788,25388,1,Y,Yes,11,3,4,80,0,4,2,3,3,2,0,2,Seek
35,Current employee,Travel_Rarely,219,Research & Development,16,2,Other,1,21504,144959,4,Female,31,2,2,Manufacturing Director,2,Married,4788,25388,0,Y,Yes,11,3,4,80,0,4,2,3,3,2,0,2,Seek
35,Current employee,Travel_Rarely,219,Research & Development,16,2,Medical,1,21507,144962,4,Female,31,2,2,Manufacturing Director,2,Married,4788,25388,1,Y,Yes,11,3,4,80,0,4,2,3,3,2,0,2,Seek
35,Current employee,Travel_Rarely,219,Research & Development,16,2,Other,1,21510,144965,4,Female,31,2,2,Manufacturing Director,2,Married,4788,25388,0,Y,Yes,11,3,4,80,0,4,2,3,3,2,0,2,Seek
35,Current employee,Travel_Rarely,219,Research & Development,16,2,Medical,1,21511,144966,4,Female,31,2,2,Manufacturing Director,2,Married,4788,25388,1,Y,Yes,11,3,4,80,0,4,2,3,3,2,0,2,Seek
35,Current employee,Travel_Rarely,1296,Research & Development,5,4,Technical Degree,1,21839,145294,4,Female,96,1,2,Sales Executive,3,Married,5736,3987,6,Y,No,19,3,3,80,1,10,1,3,3,2,1,2,LinkedIn
35,Current employee,Travel_Rarely,1296,Research & Development,5,4,Life Sciences,1,21840,145295,4,Female,96,1,2,Sales Executive,3,Married,5736,3987,5,Y,No,19,3,3,80,1,10,1,3,3,2,1,2,LinkedIn
35,Current employee,Travel_Rarely,1296,Research & Development,5,4,Technical Degree,1,21842,145297,4,Female,96,1,2,Sales Executive,3,Married,5736,3987,6,Y,No,19,3,3,80,1,10,1,3,3,2,1,2,LinkedIn
35,Current employee,Travel_Rarely,1296,Research & Development,5,4,Life Sciences,1,21843,145298,4,Female,96,1,2,Sales Executive,3,Married,5736,3987,5,Y,No,19,3,3,80,1,10,1,3,3,2,1,2,LinkedIn
35,Current employee,Travel_Rarely,1296,Research & Development,5,4,Technical Degree,1,21847,145302,4,Female,96,1,2,Sales Executive,3,Married,5736,3987,6,Y,No,19,3,3,80,1,10,1,3,3,2,1,2,LinkedIn
35,Current employee,Travel_Rarely,1296,Research & Development,5,4,Life Sciences,1,21848,145303,4,Female,96,1,2,Sales Executive,3,Married,5736,3987,5,Y,No,19,3,3,80,1,10,1,3,3,2,1,2,LinkedIn
35,Current employee,Travel_Rarely,1296,Research & Development,5,4,Technical Degree,1,21850,145305,4,Female,96,1,2,Sales Executive,3,Married,5736,3987,6,Y,No,19,3,3,80,1,10,1,3,3,2,1,2,LinkedIn
35,Current employee,Travel_Rarely,1296,Research & Development,5,4,Life Sciences,1,21851,145306,4,Female,96,1,2,Sales Executive,3,Married,5736,3987,5,Y,No,19,3,3,80,1,10,1,3,3,2,1,2,LinkedIn
35,Current employee,Travel_Rarely,682,Sales,18,4,Medical,1,22069,145524,2,Male,32,3,2,Sales Executive,1,Married,5561,15975,0,Y,No,16,3,4,80,1,6,2,1,5,3,0,4,Seek
35,Current employee,Travel_Rarely,682,Sales,18,4,Medical,1,22071,145526,2,Male,32,3,2,Sales Executive,1,Married,5561,15975,7,Y,No,16,3,4,80,1,6,2,1,5,3,0,4,Seek
35,Current employee,Travel_Rarely,682,Sales,18,4,Medical,1,22075,145530,2,Male,32,3,2,Sales Executive,1,Married,5561,15975,0,Y,No,16,3,4,80,1,6,2,1,5,3,0,4,Seek
35,Current employee,Travel_Rarely,682,Sales,18,4,Medical,1,22076,145531,2,Male,32,3,2,Sales Executive,1,Married,5561,15975,7,Y,No,16,3,4,80,1,6,2,1,5,3,0,4,Seek
35,Current employee,Travel_Rarely,682,Sales,18,4,Medical,1,22077,145532,2,Male,32,3,2,Sales Executive,1,Married,5561,15975,0,Y,No,16,3,4,80,1,6,2,1,5,3,0,4,Seek
35,Current employee,Travel_Rarely,682,Sales,18,4,Medical,1,22079,145534,2,Male,32,3,2,Sales Executive,1,Married,5561,15975,7,Y,No,16,3,4,80,1,6,2,1,5,3,0,4,Seek
35,Current employee,Travel_Rarely,682,Sales,18,4,Medical,1,22083,145538,2,Male,32,3,2,Sales Executive,1,Married,5561,15975,0,Y,No,16,3,4,80,1,6,2,1,5,3,0,4,Seek
35,Current employee,Travel_Rarely,682,Sales,18,4,Medical,1,22084,145539,2,Male,32,3,2,Sales Executive,1,Married,5561,15975,7,Y,No,16,3,4,80,1,6,2,1,5,3,0,4,Seek
35,Current employee,Travel_Rarely,1224,Sales,7,4,Life Sciences,1,22261,145716,3,Female,33,3,2,Sales Executive,4,Married,5204,13586,1,Y,Yes,11,3,4,80,0,10,2,3,10,8,0,9,LinkedIn
35,Current employee,Travel_Rarely,672,Research & Development,25,3,Technical Degree,1,22262,145717,4,Female,97,3,2,Sales Executive,4,Married,5204,13586,1,Y,Yes,11,3,4,80,0,10,2,3,10,8,0,9,LinkedIn
35,Current employee,Travel_Rarely,1224,Sales,7,4,Marketing,1,22263,145718,3,Female,33,3,2,Sales Executive,4,Married,5204,13586,5,Y,Yes,11,3,4,80,0,10,2,3,10,8,0,9,LinkedIn
35,Current employee,Travel_Rarely,672,Research & Development,25,3,Technical Degree,1,22264,145719,4,Female,97,3,2,Sales Executive,4,Married,5204,13586,7,Y,Yes,11,3,4,80,0,10,2,3,10,8,0,9,LinkedIn
35,Current employee,Travel_Rarely,1224,Sales,7,4,Life Sciences,1,22265,145720,3,Female,33,3,2,Sales Executive,4,Married,5204,13586,1,Y,Yes,11,3,4,80,0,10,2,3,10,8,0,9,LinkedIn
35,Current employee,Travel_Rarely,672,Research & Development,25,3,Technical Degree,1,22266,145721,4,Female,97,3,2,Sales Executive,4,Married,5204,13586,1,Y,Yes,11,3,4,80,0,10,2,3,10,8,0,9,LinkedIn
35,Current employee,Travel_Rarely,1224,Sales,7,4,Marketing,1,22267,145722,3,Female,33,3,2,Sales Executive,4,Married,5204,13586,5,Y,Yes,11,3,4,80,0,10,2,3,10,8,0,9,LinkedIn
35,Current employee,Travel_Rarely,672,Research & Development,25,3,Technical Degree,1,22268,145723,4,Female,97,3,2,Sales Executive,4,Married,5204,13586,7,Y,Yes,11,3,4,80,0,10,2,3,10,8,0,9,LinkedIn
35,Current employee,Travel_Rarely,1224,Sales,7,4,Life Sciences,1,22269,145724,3,Female,33,3,2,Sales Executive,4,Married,5204,13586,1,Y,Yes,11,3,4,80,0,10,2,3,10,8,0,9,LinkedIn
35,Current employee,Travel_Rarely,672,Research & Development,25,3,Technical Degree,1,22270,145725,4,Female,97,3,2,Sales Executive,4,Married,5204,13586,1,Y,Yes,11,3,4,80,0,10,2,3,10,8,0,9,LinkedIn
35,Current employee,Travel_Rarely,1224,Sales,7,4,Marketing,1,22271,145726,3,Female,33,3,2,Sales Executive,4,Married,5204,13586,5,Y,Yes,11,3,4,80,0,10,2,3,10,8,0,9,LinkedIn
35,Current employee,Travel_Rarely,672,Research & Development,25,3,Technical Degree,1,22272,145727,4,Female,97,3,2,Sales Executive,4,Married,5204,13586,7,Y,Yes,11,3,4,80,0,10,2,3,10,8,0,9,LinkedIn
35,Current employee,Travel_Rarely,1224,Sales,7,4,Life Sciences,1,22273,145728,3,Female,33,3,2,Sales Executive,4,Married,5204,13586,1,Y,Yes,11,3,4,80,0,10,2,3,10,8,0,9,LinkedIn
35,Current employee,Travel_Rarely,672,Research & Development,25,3,Technical Degree,1,22274,145729,4,Female,97,3,2,Sales Executive,4,Married,5204,13586,1,Y,Yes,11,3,4,80,0,10,2,3,10,8,0,9,LinkedIn
35,Current employee,Travel_Rarely,1224,Sales,7,4,Marketing,1,22275,145730,3,Female,33,3,2,Sales Executive,4,Married,5204,13586,5,Y,Yes,11,3,4,80,0,10,2,3,10,8,0,9,LinkedIn
35,Current employee,Travel_Rarely,672,Research & Development,25,3,Technical Degree,1,22276,145731,4,Female,97,3,2,Sales Executive,4,Married,5204,13586,7,Y,Yes,11,3,4,80,0,10,2,3,10,8,0,9,LinkedIn
35,Current employee,Travel_Rarely,528,Human Resources,8,4,Technical Degree,1,22548,146003,4,Female,98,3,2,Sales Executive,2,Married,5677,4258,3,Y,No,14,3,3,80,1,15,4,3,11,8,5,10,Jora
35,Current employee,Travel_Rarely,528,Human Resources,8,4,Medical,1,22550,146005,4,Female,98,3,2,Sales Executive,2,Married,5677,4258,6,Y,No,14,3,3,80,1,15,4,3,11,8,5,10,Jora
35,Current employee,Travel_Rarely,528,Human Resources,8,4,Technical Degree,1,22551,146006,4,Female,98,3,2,Sales Executive,2,Married,5677,4258,3,Y,No,14,3,3,80,1,15,4,3,11,8,5,10,Jora
35,Current employee,Travel_Rarely,528,Human Resources,8,4,Medical,1,22552,146007,4,Female,98,3,2,Sales Executive,2,Married,5677,4258,6,Y,No,14,3,3,80,1,15,4,3,11,8,5,10,Jora
35,Current employee,Travel_Rarely,528,Human Resources,8,4,Technical Degree,1,22556,146011,4,Female,98,3,2,Sales Executive,2,Married,5677,4258,3,Y,No,14,3,3,80,1,15,4,3,11,8,5,10,Jora
35,Current employee,Travel_Rarely,528,Human Resources,8,4,Medical,1,22558,146013,4,Female,98,3,2,Sales Executive,2,Married,5677,4258,6,Y,No,14,3,3,80,1,15,4,3,11,8,5,10,Jora
35,Current employee,Travel_Rarely,528,Human Resources,8,4,Technical Degree,1,22559,146014,4,Female,98,3,2,Sales Executive,2,Married,5677,4258,3,Y,No,14,3,3,80,1,15,4,3,11,8,5,10,Jora
35,Current employee,Travel_Rarely,528,Human Resources,8,4,Medical,1,22560,146015,4,Female,98,3,2,Sales Executive,2,Married,5677,4258,6,Y,No,14,3,3,80,1,15,4,3,11,8,5,10,Jora
35,Current employee,Travel_Rarely,1490,Research & Development,11,4,Medical,1,22743,146198,4,Male,35,3,1,Laboratory Technician,3,Married,2660,20232,7,Y,Yes,11,3,3,80,1,5,3,3,2,2,2,2,Adzuna
35,Current employee,Travel_Rarely,1490,Research & Development,11,4,Medical,1,22745,146200,4,Male,35,3,1,Laboratory Technician,3,Married,2660,20232,1,Y,Yes,11,3,3,80,1,5,3,3,2,2,2,2,Adzuna
35,Current employee,Travel_Rarely,1490,Research & Development,11,4,Medical,1,22747,146202,4,Male,35,3,1,Laboratory Technician,3,Married,2660,20232,7,Y,Yes,11,3,3,80,1,5,3,3,2,2,2,2,Adzuna
35,Current employee,Travel_Rarely,1490,Research & Development,11,4,Medical,1,22748,146203,4,Male,35,3,1,Laboratory Technician,3,Married,2660,20232,1,Y,Yes,11,3,3,80,1,5,3,3,2,2,2,2,Adzuna
35,Current employee,Travel_Rarely,1490,Research & Development,11,4,Medical,1,22751,146206,4,Male,35,3,1,Laboratory Technician,3,Married,2660,20232,7,Y,Yes,11,3,3,80,1,5,3,3,2,2,2,2,Adzuna
35,Current employee,Travel_Rarely,1490,Research & Development,11,4,Medical,1,22753,146208,4,Male,35,3,1,Laboratory Technician,3,Married,2660,20232,1,Y,Yes,11,3,3,80,1,5,3,3,2,2,2,2,Adzuna
35,Current employee,Travel_Rarely,1490,Research & Development,11,4,Medical,1,22755,146210,4,Male,35,3,1,Laboratory Technician,3,Married,2660,20232,7,Y,Yes,11,3,3,80,1,5,3,3,2,2,2,2,Adzuna
35,Current employee,Travel_Rarely,1490,Research & Development,11,4,Medical,1,22756,146211,4,Male,35,3,1,Laboratory Technician,3,Married,2660,20232,1,Y,Yes,11,3,3,80,1,5,3,3,2,2,2,2,Adzuna
35,Current employee,Travel_Rarely,1395,Research & Development,9,4,Medical,1,22775,146230,2,Male,35,3,2,Research Scientist,3,Single,5098,18698,1,Y,No,19,3,2,80,0,10,5,3,10,7,0,8,Company Website
35,Current employee,Travel_Rarely,1395,Research & Development,9,4,Medical,1,22778,146233,2,Male,35,3,2,Research Scientist,3,Single,5098,18698,3,Y,No,19,3,2,80,0,10,5,3,10,7,0,8,Company Website
35,Current employee,Travel_Rarely,1395,Research & Development,9,4,Medical,1,22781,146236,2,Male,35,3,2,Research Scientist,3,Single,5098,18698,1,Y,No,19,3,2,80,0,10,5,3,10,7,0,8,Company Website
35,Current employee,Travel_Rarely,1395,Research & Development,9,4,Medical,1,22782,146237,2,Male,35,3,2,Research Scientist,3,Single,5098,18698,3,Y,No,19,3,2,80,0,10,5,3,10,7,0,8,Company Website
35,Current employee,Travel_Rarely,1395,Research & Development,9,4,Medical,1,22783,146238,2,Male,35,3,2,Research Scientist,3,Single,5098,18698,1,Y,No,19,3,2,80,0,10,5,3,10,7,0,8,Company Website
35,Current employee,Travel_Rarely,1395,Research & Development,9,4,Medical,1,22786,146241,2,Male,35,3,2,Research Scientist,3,Single,5098,18698,3,Y,No,19,3,2,80,0,10,5,3,10,7,0,8,Company Website
35,Current employee,Travel_Rarely,1395,Research & Development,9,4,Medical,1,22789,146244,2,Male,35,3,2,Research Scientist,3,Single,5098,18698,1,Y,No,19,3,2,80,0,10,5,3,10,7,0,8,Company Website
35,Current employee,Travel_Rarely,1395,Research & Development,9,4,Medical,1,22790,146245,2,Male,35,3,2,Research Scientist,3,Single,5098,18698,3,Y,No,19,3,2,80,0,10,5,3,10,7,0,8,Company Website
35,Current employee,Travel_Rarely,1146,Human Resources,26,4,Life Sciences,1,23186,146641,3,Female,36,3,3,Human Resources,4,Single,8837,16642,1,Y,Yes,16,3,3,80,0,9,2,3,9,0,1,7,Company Website
35,Current employee,Travel_Rarely,1146,Human Resources,26,4,Technical Degree,1,23189,146644,3,Female,36,3,3,Human Resources,4,Single,8837,16642,0,Y,Yes,16,4,3,80,0,9,2,3,9,0,1,7,Company Website
35,Current employee,Travel_Rarely,1146,Human Resources,26,4,Life Sciences,1,23192,146647,3,Female,36,3,3,Human Resources,4,Single,8837,16642,1,Y,Yes,16,3,3,80,0,9,2,3,9,0,1,7,Company Website
35,Current employee,Travel_Rarely,1146,Human Resources,26,4,Technical Degree,1,23193,146648,3,Female,36,3,3,Human Resources,4,Single,8837,16642,0,Y,Yes,16,3,3,80,0,9,2,3,9,0,1,7,Company Website
35,Current employee,Travel_Rarely,1146,Human Resources,26,4,Life Sciences,1,23194,146649,3,Female,36,3,3,Human Resources,4,Single,8837,16642,1,Y,Yes,16,3,3,80,0,9,2,3,9,0,1,7,Company Website
35,Current employee,Travel_Rarely,1146,Human Resources,26,4,Technical Degree,1,23197,146652,3,Female,36,3,3,Human Resources,4,Single,8837,16642,0,Y,Yes,16,4,3,80,0,9,2,3,9,0,1,7,Company Website
35,Current employee,Travel_Rarely,1146,Human Resources,26,4,Life Sciences,1,23200,146655,3,Female,36,3,3,Human Resources,4,Single,8837,16642,1,Y,Yes,16,3,3,80,0,9,2,3,9,0,1,7,Company Website
35,Current employee,Travel_Rarely,1146,Human Resources,26,4,Technical Degree,1,23201,146656,3,Female,36,3,3,Human Resources,4,Single,8837,16642,0,Y,Yes,16,3,3,80,0,9,2,3,9,0,1,7,Company Website
35,Current employee,Travel_Frequently,1199,Research & Development,18,4,Life Sciences,1,23284,146739,3,Male,36,3,2,Healthcare Representative,3,Married,5689,24594,1,Y,Yes,14,3,4,80,2,10,2,4,10,2,0,2,Jora
35,Current employee,Travel_Frequently,1199,Research & Development,18,4,Medical,1,23287,146742,3,Male,36,3,2,Healthcare Representative,3,Married,5689,24594,0,Y,Yes,14,3,4,80,2,10,2,4,10,2,0,2,Jora
35,Current employee,Travel_Frequently,1199,Research & Development,18,4,Life Sciences,1,23288,146743,3,Male,36,3,2,Healthcare Representative,3,Married,5689,24594,1,Y,Yes,14,3,4,80,2,10,2,4,10,2,0,2,Jora
35,Current employee,Travel_Frequently,1199,Research & Development,18,4,Medical,1,23289,146744,3,Male,36,3,2,Healthcare Representative,3,Married,5689,24594,0,Y,Yes,14,3,4,80,2,10,2,4,10,2,0,2,Jora
35,Current employee,Travel_Frequently,1199,Research & Development,18,4,Life Sciences,1,23292,146747,3,Male,36,3,2,Healthcare Representative,3,Married,5689,24594,1,Y,Yes,14,3,4,80,2,10,2,4,10,2,0,2,Jora
35,Current employee,Travel_Frequently,1199,Research & Development,18,4,Medical,1,23295,146750,3,Male,36,3,2,Healthcare Representative,3,Married,5689,24594,0,Y,Yes,14,3,4,80,2,10,2,4,10,2,0,2,Jora
35,Current employee,Travel_Frequently,1199,Research & Development,18,4,Life Sciences,1,23296,146751,3,Male,36,3,2,Healthcare Representative,3,Married,5689,24594,1,Y,Yes,14,3,4,80,2,10,2,4,10,2,0,2,Jora
35,Current employee,Travel_Frequently,1199,Research & Development,18,4,Medical,1,23297,146752,3,Male,36,3,2,Healthcare Representative,3,Married,5689,24594,0,Y,Yes,14,3,4,80,2,10,2,4,10,2,0,2,Jora
35,Current employee,Travel_Rarely,287,Research & Development,1,4,Life Sciences,1,23316,146771,3,Female,36,1,1,Research Scientist,4,Married,2977,8952,1,Y,No,12,3,4,80,1,4,5,3,4,3,1,1,Recruit.net
35,Current employee,Travel_Rarely,287,Research & Development,1,4,Life Sciences,1,23318,146773,3,Female,36,1,1,Research Scientist,4,Married,2977,8952,2,Y,No,12,3,4,80,1,4,5,3,4,3,1,1,Recruit.net
35,Current employee,Travel_Rarely,287,Research & Development,1,4,Life Sciences,1,23320,146775,3,Female,36,1,1,Research Scientist,4,Married,2977,8952,1,Y,No,12,3,4,80,1,4,5,3,4,3,1,1,Recruit.net
35,Current employee,Travel_Rarely,287,Research & Development,1,4,Life Sciences,1,23321,146776,3,Female,36,1,1,Research Scientist,4,Married,2977,8952,2,Y,No,12,3,4,80,1,4,5,3,4,3,1,1,Recruit.net
35,Current employee,Travel_Rarely,287,Research & Development,1,4,Life Sciences,1,23324,146779,3,Female,36,1,1,Research Scientist,4,Married,2977,8952,1,Y,No,12,3,4,80,1,4,5,3,4,3,1,1,Recruit.net
35,Current employee,Travel_Rarely,287,Research & Development,1,4,Life Sciences,1,23326,146781,3,Female,36,1,1,Research Scientist,4,Married,2977,8952,2,Y,No,12,3,4,80,1,4,5,3,4,3,1,1,Recruit.net
35,Current employee,Travel_Rarely,287,Research & Development,1,4,Life Sciences,1,23328,146783,3,Female,36,1,1,Research Scientist,4,Married,2977,8952,1,Y,No,12,3,4,80,1,4,5,3,4,3,1,1,Recruit.net
35,Current employee,Travel_Rarely,287,Research & Development,1,4,Life Sciences,1,23329,146784,3,Female,36,1,1,Research Scientist,4,Married,2977,8952,2,Y,No,12,3,4,80,1,4,5,3,4,3,1,1,Recruit.net
33,Voluntary Resignation,Travel_Rarely,465,Research & Development,2,2,Life Sciences,1,2049,125504,1,Female,43,3,1,Research Scientist,2,Married,4963,4510,9,Y,Yes,18,3,1,80,3,7,2,3,5,4,4,3,LinkedIn
33,Voluntary Resignation,Travel_Rarely,465,Research & Development,2,2,Life Sciences,1,2050,125505,1,Female,43,3,1,Research Scientist,2,Married,4963,4510,2,Y,Yes,18,3,1,80,3,7,2,3,5,4,4,3,LinkedIn
33,Voluntary Resignation,Travel_Rarely,465,Research & Development,2,2,Life Sciences,1,2052,125507,1,Female,43,3,1,Research Scientist,2,Married,4963,4510,9,Y,Yes,18,3,1,80,3,7,2,3,5,4,4,3,LinkedIn
33,Voluntary Resignation,Travel_Rarely,465,Research & Development,2,2,Life Sciences,1,2053,125508,1,Female,43,3,1,Research Scientist,2,Married,4963,4510,2,Y,Yes,18,3,1,80,3,7,2,3,5,4,4,3,LinkedIn
33,Voluntary Resignation,Travel_Rarely,465,Research & Development,2,2,Life Sciences,1,2057,125512,1,Female,43,3,1,Research Scientist,2,Married,4963,4510,9,Y,Yes,18,3,1,80,3,7,2,3,5,4,4,3,LinkedIn
33,Voluntary Resignation,Travel_Rarely,465,Research & Development,2,2,Life Sciences,1,2058,125513,1,Female,43,3,1,Research Scientist,2,Married,4963,4510,2,Y,Yes,18,3,1,80,3,7,2,3,5,4,4,3,LinkedIn
33,Voluntary Resignation,Travel_Rarely,465,Research & Development,2,2,Life Sciences,1,2060,125515,1,Female,43,3,1,Research Scientist,2,Married,1859,23577,1,Y,Yes,25,4,2,80,0,1,2,4,1,1,0,0,Seek
33,Voluntary Resignation,Travel_Rarely,465,Research & Development,2,2,Life Sciences,1,2061,125516,1,Female,43,3,1,Research Scientist,2,Married,4963,4510,2,Y,Yes,18,3,1,80,3,7,2,3,5,4,4,3,LinkedIn
33,Voluntary Resignation,Travel_Frequently,1076,Research & Development,3,3,Life Sciences,1,3798,127253,1,Male,47,3,1,Human Resources,3,Married,2267,25657,8,Y,No,17,3,4,80,0,7,2,2,2,2,2,2,Jora
33,Voluntary Resignation,Travel_Frequently,1076,Research & Development,3,3,Life Sciences,1,3799,127254,1,Male,47,3,1,Human Resources,3,Married,2267,25657,0,Y,No,17,3,4,80,0,7,2,2,2,2,2,2,Jora
33,Voluntary Resignation,Travel_Frequently,1076,Research & Development,3,3,Life Sciences,1,3801,127256,1,Male,47,3,1,Human Resources,3,Married,2267,25657,8,Y,No,17,3,4,80,0,7,2,2,2,2,2,2,Jora
33,Voluntary Resignation,Travel_Frequently,1076,Research & Development,3,3,Life Sciences,1,3802,127257,1,Male,47,3,1,Human Resources,3,Married,2267,25657,0,Y,No,17,3,4,80,0,7,2,2,2,2,2,2,Jora
33,Voluntary Resignation,Travel_Frequently,1076,Research & Development,3,3,Life Sciences,1,3806,127261,1,Male,47,3,1,Human Resources,3,Married,2267,25657,8,Y,No,17,3,4,80,0,7,2,2,2,2,2,2,Jora
33,Voluntary Resignation,Travel_Frequently,1076,Research & Development,3,3,Life Sciences,1,3807,127262,1,Male,47,3,1,Human Resources,3,Married,2267,25657,0,Y,No,17,3,4,80,0,7,2,2,2,2,2,2,Jora
33,Voluntary Resignation,Travel_Frequently,1076,Research & Development,3,3,Life Sciences,1,3809,127264,1,Male,47,3,1,Human Resources,3,Married,2267,25657,8,Y,No,17,3,4,80,0,7,2,2,2,2,2,2,Jora
33,Voluntary Resignation,Travel_Frequently,1076,Research & Development,3,3,Life Sciences,1,3810,127265,1,Male,47,3,1,Human Resources,3,Married,2267,25657,0,Y,No,17,3,4,80,0,7,2,2,2,2,2,2,Jora
33,Voluntary Resignation,Travel_Rarely,813,Research & Development,14,3,Medical,1,3829,127284,3,Male,58,3,1,Laboratory Technician,4,Married,2436,22149,5,Y,Yes,13,4,3,80,1,8,2,1,5,4,0,4,Recruit.net
33,Voluntary Resignation,Travel_Rarely,813,Research & Development,14,3,Medical,1,3832,127287,3,Male,58,3,1,Laboratory Technician,4,Married,2436,22149,1,Y,Yes,13,3,3,80,1,8,2,1,5,4,0,4,Recruit.net
33,Voluntary Resignation,Travel_Rarely,813,Research & Development,14,3,Medical,1,3835,127290,3,Male,58,3,1,Laboratory Technician,4,Married,2436,22149,5,Y,Yes,13,3,3,80,1,8,2,1,5,4,0,4,Recruit.net
33,Voluntary Resignation,Travel_Rarely,813,Research & Development,14,3,Medical,1,3836,127291,3,Male,58,3,1,Laboratory Technician,4,Married,2436,22149,1,Y,Yes,13,3,3,80,1,8,2,1,5,4,0,4,Recruit.net
33,Voluntary Resignation,Travel_Rarely,813,Research & Development,14,3,Medical,1,3837,127292,3,Male,58,3,1,Laboratory Technician,4,Married,2436,22149,5,Y,Yes,13,4,3,80,1,8,2,1,5,4,0,4,Recruit.net
33,Voluntary Resignation,Travel_Rarely,813,Research & Development,14,3,Medical,1,3840,127295,3,Male,58,3,1,Laboratory Technician,4,Married,2436,22149,1,Y,Yes,13,3,3,80,1,8,2,1,5,4,0,4,Recruit.net
33,Voluntary Resignation,Travel_Rarely,813,Research & Development,14,3,Medical,1,3843,127298,3,Male,58,3,1,Laboratory Technician,4,Married,2436,22149,5,Y,Yes,13,3,3,80,1,8,2,1,5,4,0,4,Recruit.net
33,Voluntary Resignation,Travel_Rarely,813,Research & Development,14,3,Medical,1,3844,127299,3,Male,58,3,1,Laboratory Technician,4,Married,2436,22149,1,Y,Yes,13,3,3,80,1,8,2,1,5,4,0,4,Recruit.net
33,Voluntary Resignation,Travel_Rarely,465,Research & Development,2,2,Life Sciences,1,3861,127316,1,Female,39,3,1,Laboratory Technician,1,Married,2707,21509,7,Y,No,20,3,1,80,0,13,3,4,9,7,1,7,Jora
33,Voluntary Resignation,Travel_Rarely,465,Research & Development,2,2,Life Sciences,1,3863,127318,1,Female,39,3,1,Laboratory Technician,1,Married,2707,21509,1,Y,No,20,3,1,80,0,13,3,4,9,7,1,7,Jora
33,Voluntary Resignation,Travel_Rarely,465,Research & Development,2,2,Life Sciences,1,3865,127320,1,Female,39,3,1,Laboratory Technician,1,Married,2707,21509,7,Y,No,20,4,1,80,0,13,3,4,9,7,1,7,Jora
33,Voluntary Resignation,Travel_Rarely,465,Research & Development,2,2,Life Sciences,1,3866,127321,1,Female,39,3,1,Laboratory Technician,1,Married,2707,21509,1,Y,No,20,4,1,80,0,13,3,4,9,7,1,7,Jora
33,Voluntary Resignation,Travel_Rarely,465,Research & Development,2,2,Life Sciences,1,3869,127324,1,Female,39,3,1,Laboratory Technician,1,Married,2707,21509,7,Y,No,20,3,1,80,0,13,3,4,9,7,1,7,Jora
33,Voluntary Resignation,Travel_Rarely,465,Research & Development,2,2,Life Sciences,1,3871,127326,1,Female,39,3,1,Laboratory Technician,1,Married,2707,21509,1,Y,No,20,3,1,80,0,13,3,4,9,7,1,7,Jora
33,Voluntary Resignation,Travel_Rarely,465,Research & Development,2,2,Life Sciences,1,3873,127328,1,Female,39,3,1,Laboratory Technician,1,Married,2707,21509,7,Y,No,20,4,1,80,0,13,3,4,9,7,1,7,Jora
33,Voluntary Resignation,Travel_Rarely,465,Research & Development,2,2,Life Sciences,1,3874,127329,1,Female,39,3,1,Laboratory Technician,1,Married,2707,21509,1,Y,No,20,4,1,80,0,13,3,4,9,7,1,7,Jora
33,Voluntary Resignation,Travel_Rarely,350,Sales,5,3,Marketing,1,5876,129331,4,Female,34,3,1,Sales Representative,3,Single,2851,9150,1,Y,Yes,13,3,2,80,0,1,2,3,1,0,0,0,GlassDoor
33,Voluntary Resignation,Travel_Rarely,350,Sales,5,3,Life Sciences,1,5878,129333,4,Female,34,3,1,Sales Representative,3,Single,2851,9150,8,Y,Yes,13,3,2,80,0,1,2,3,1,0,0,0,GlassDoor
33,Voluntary Resignation,Travel_Rarely,350,Sales,5,3,Marketing,1,5882,129337,4,Female,34,3,1,Sales Representative,3,Single,2851,9150,1,Y,Yes,13,3,2,80,0,1,2,3,1,0,0,0,GlassDoor
33,Voluntary Resignation,Travel_Rarely,350,Sales,5,3,Life Sciences,1,5883,129338,4,Female,34,3,1,Sales Representative,3,Single,2851,9150,8,Y,Yes,13,3,2,80,0,1,2,3,1,0,0,0,GlassDoor
33,Voluntary Resignation,Travel_Rarely,350,Sales,5,3,Marketing,1,5884,129339,4,Female,34,3,1,Sales Representative,3,Single,2851,9150,1,Y,Yes,13,3,2,80,0,1,2,3,1,0,0,0,GlassDoor
33,Voluntary Resignation,Travel_Rarely,350,Sales,5,3,Life Sciences,1,5886,129341,4,Female,34,3,1,Sales Representative,3,Single,2851,9150,8,Y,Yes,13,3,2,80,0,1,2,3,1,0,0,0,GlassDoor
33,Voluntary Resignation,Travel_Rarely,350,Sales,5,3,Marketing,1,5890,129345,4,Female,34,3,1,Sales Representative,3,Single,2851,9150,1,Y,Yes,13,3,2,80,0,1,2,3,1,0,0,0,GlassDoor
33,Voluntary Resignation,Travel_Rarely,350,Sales,5,3,Life Sciences,1,5891,129346,4,Female,34,3,1,Sales Representative,3,Single,2851,9150,8,Y,Yes,13,3,2,80,0,1,2,3,1,0,0,0,GlassDoor
33,Voluntary Resignation,Travel_Rarely,1277,Research & Development,15,1,Medical,1,6999,130454,2,Male,56,3,3,Manager,3,Married,13610,24619,7,Y,Yes,12,3,4,80,0,15,2,4,7,6,7,7,Jora
33,Voluntary Resignation,Travel_Rarely,1277,Research & Development,15,1,Medical,1,7002,130457,2,Male,56,3,3,Manager,3,Married,13610,24619,1,Y,Yes,12,3,4,80,0,15,2,4,7,6,7,7,Jora
33,Voluntary Resignation,Travel_Rarely,1277,Research & Development,15,1,Medical,1,7003,130458,2,Male,56,3,3,Manager,3,Married,13610,24619,7,Y,Yes,12,3,4,80,0,15,2,4,7,6,7,7,Jora
33,Voluntary Resignation,Travel_Rarely,1277,Research & Development,15,1,Medical,1,7004,130459,2,Male,56,3,3,Manager,3,Married,13610,24619,1,Y,Yes,12,3,4,80,0,15,2,4,7,6,7,7,Jora
33,Voluntary Resignation,Travel_Rarely,1277,Research & Development,15,1,Medical,1,7009,130464,2,Male,56,3,3,Manager,3,Married,13610,24619,1,Y,Yes,12,3,4,80,0,15,2,4,7,6,7,7,Jora
33,Voluntary Resignation,Travel_Rarely,1277,Research & Development,15,1,Medical,1,7010,130465,2,Male,56,3,3,Manager,3,Married,13610,24619,7,Y,Yes,12,3,4,80,0,15,2,4,7,6,7,7,Jora
33,Voluntary Resignation,Travel_Rarely,1277,Research & Development,15,1,Medical,1,7011,130466,2,Male,56,3,3,Manager,3,Married,13610,24619,1,Y,Yes,12,3,4,80,0,15,2,4,7,6,7,7,Jora
33,Voluntary Resignation,Travel_Rarely,587,Research & Development,10,1,Medical,1,7014,130469,1,Male,38,1,1,Laboratory Technician,4,Divorced,3408,6705,7,Y,No,13,3,1,80,3,8,2,3,4,3,1,3,LinkedIn
33,Voluntary Resignation,Travel_Rarely,587,Research & Development,10,1,Medical,1,7016,130471,1,Male,38,1,1,Laboratory Technician,4,Divorced,3408,6705,1,Y,No,13,3,1,80,3,8,2,3,4,3,1,3,LinkedIn
33,Voluntary Resignation,Travel_Rarely,587,Research & Development,10,1,Medical,1,7020,130475,1,Male,38,1,1,Laboratory Technician,4,Divorced,3408,6705,7,Y,No,13,3,1,80,3,8,2,3,4,3,1,3,LinkedIn
33,Voluntary Resignation,Travel_Rarely,587,Research & Development,10,1,Medical,1,7021,130476,1,Male,38,1,1,Laboratory Technician,4,Divorced,3408,6705,1,Y,No,13,3,1,80,3,8,2,3,4,3,1,3,LinkedIn
33,Voluntary Resignation,Travel_Rarely,587,Research & Development,10,1,Medical,1,7023,130478,1,Male,38,1,1,Laboratory Technician,4,Divorced,3408,6705,1,Y,No,13,3,1,80,3,8,2,3,4,3,1,3,LinkedIn
33,Voluntary Resignation,Travel_Rarely,587,Research & Development,10,1,Medical,1,7027,130482,1,Male,38,1,1,Laboratory Technician,4,Divorced,3408,6705,7,Y,No,13,3,1,80,3,8,2,3,4,3,1,3,LinkedIn
33,Voluntary Resignation,Travel_Rarely,587,Research & Development,10,1,Medical,1,7028,130483,1,Male,38,1,1,Laboratory Technician,4,Divorced,3408,6705,1,Y,No,13,3,1,80,3,8,2,3,4,3,1,3,LinkedIn
33,Voluntary Resignation,Travel_Frequently,1076,Research & Development,3,3,Life Sciences,1,8230,131685,1,Male,70,3,1,Research Scientist,1,Single,3348,3164,1,Y,Yes,11,3,1,80,0,10,3,3,10,8,9,7,LinkedIn
33,Voluntary Resignation,Travel_Frequently,1076,Research & Development,3,3,Life Sciences,1,8233,131688,1,Male,70,3,1,Research Scientist,1,Single,3348,3164,2,Y,Yes,11,3,1,80,0,10,3,3,10,8,9,7,LinkedIn
33,Voluntary Resignation,Travel_Frequently,1076,Research & Development,3,3,Life Sciences,1,8236,131691,1,Male,70,3,1,Research Scientist,1,Single,3348,3164,1,Y,Yes,11,3,1,80,0,10,3,3,10,8,9,7,LinkedIn
33,Voluntary Resignation,Travel_Frequently,1076,Research & Development,3,3,Life Sciences,1,8237,131692,1,Male,70,3,1,Research Scientist,1,Single,3348,3164,2,Y,Yes,11,3,1,80,0,10,3,3,10,8,9,7,LinkedIn
33,Voluntary Resignation,Travel_Frequently,1076,Research & Development,3,3,Life Sciences,1,8238,131693,1,Male,70,3,1,Research Scientist,1,Single,3348,3164,1,Y,Yes,11,3,1,80,0,10,3,3,10,8,9,7,LinkedIn
33,Voluntary Resignation,Travel_Frequently,1076,Research & Development,3,3,Life Sciences,1,8241,131696,1,Male,70,3,1,Research Scientist,1,Single,3348,3164,2,Y,Yes,11,3,1,80,0,10,3,3,10,8,9,7,LinkedIn
33,Voluntary Resignation,Travel_Frequently,1076,Research & Development,3,3,Life Sciences,1,8244,131699,1,Male,70,3,1,Research Scientist,1,Single,3348,3164,1,Y,Yes,11,3,1,80,0,10,3,3,10,8,9,7,LinkedIn
33,Voluntary Resignation,Travel_Frequently,1076,Research & Development,3,3,Life Sciences,1,8245,131700,1,Male,70,3,1,Research Scientist,1,Single,3348,3164,2,Y,Yes,11,3,1,80,0,10,3,3,10,8,9,7,LinkedIn
33,Voluntary Resignation,Travel_Rarely,211,Sales,16,3,Life Sciences,1,8824,132279,2,Female,61,3,2,Healthcare Representative,3,Single,6142,7360,3,Y,No,11,3,4,80,0,10,2,3,5,1,4,3,GlassDoor
33,Voluntary Resignation,Travel_Rarely,211,Sales,16,3,Medical,1,8826,132281,2,Female,61,3,2,Healthcare Representative,3,Single,6142,7360,0,Y,No,11,3,4,80,0,10,2,3,5,1,4,3,GlassDoor
33,Voluntary Resignation,Travel_Rarely,211,Sales,16,3,Life Sciences,1,8827,132282,2,Female,61,3,2,Healthcare Representative,3,Single,6142,7360,3,Y,No,11,3,4,80,0,10,2,3,5,1,4,3,GlassDoor
33,Voluntary Resignation,Travel_Rarely,211,Sales,16,3,Medical,1,8828,132283,2,Female,61,3,2,Healthcare Representative,3,Single,6142,7360,0,Y,No,11,3,4,80,0,10,2,3,5,1,4,3,GlassDoor
33,Voluntary Resignation,Travel_Rarely,211,Sales,16,3,Life Sciences,1,8832,132287,2,Female,61,3,2,Healthcare Representative,3,Single,6142,7360,3,Y,No,11,3,4,80,0,10,2,3,5,1,4,3,GlassDoor
33,Voluntary Resignation,Travel_Rarely,211,Sales,16,3,Medical,1,8834,132289,2,Female,61,3,2,Healthcare Representative,3,Single,6142,7360,0,Y,No,11,3,4,80,0,10,2,3,5,1,4,3,GlassDoor
33,Voluntary Resignation,Travel_Rarely,211,Sales,16,3,Life Sciences,1,8835,132290,2,Female,61,3,2,Healthcare Representative,3,Single,6142,7360,3,Y,No,11,3,4,80,0,10,2,3,5,1,4,3,GlassDoor
33,Voluntary Resignation,Travel_Rarely,211,Sales,16,3,Medical,1,8836,132291,2,Female,61,3,2,Healthcare Representative,3,Single,6142,7360,0,Y,No,11,3,4,80,0,10,2,3,5,1,4,3,GlassDoor
33,Voluntary Resignation,Travel_Rarely,527,Research & Development,1,4,Other,1,9027,132482,4,Male,63,3,1,Research Scientist,4,Single,2686,5207,1,Y,Yes,13,3,3,80,0,10,2,2,10,9,7,8,Recruit.net
33,Voluntary Resignation,Travel_Rarely,527,Research & Development,1,4,Life Sciences,1,9029,132484,4,Male,63,3,1,Research Scientist,4,Single,2686,5207,2,Y,Yes,13,3,3,80,0,10,2,2,10,9,7,8,Recruit.net
33,Voluntary Resignation,Travel_Rarely,527,Research & Development,1,4,Other,1,9031,132486,4,Male,63,3,1,Research Scientist,4,Single,2686,5207,1,Y,Yes,13,3,3,80,0,10,2,2,10,9,7,8,Recruit.net
33,Voluntary Resignation,Travel_Rarely,527,Research & Development,1,4,Life Sciences,1,9032,132487,4,Male,63,3,1,Research Scientist,4,Single,2686,5207,2,Y,Yes,13,3,3,80,0,10,2,2,10,9,7,8,Recruit.net
33,Voluntary Resignation,Travel_Rarely,527,Research & Development,1,4,Other,1,9035,132490,4,Male,63,3,1,Research Scientist,4,Single,2686,5207,1,Y,Yes,13,3,3,80,0,10,2,2,10,9,7,8,Recruit.net
33,Voluntary Resignation,Travel_Rarely,527,Research & Development,1,4,Life Sciences,1,9037,132492,4,Male,63,3,1,Research Scientist,4,Single,2686,5207,2,Y,Yes,13,3,3,80,0,10,2,2,10,9,7,8,Recruit.net
33,Voluntary Resignation,Travel_Rarely,527,Research & Development,1,4,Other,1,9039,132494,4,Male,63,3,1,Research Scientist,4,Single,2686,5207,1,Y,Yes,13,3,3,80,0,10,2,2,10,9,7,8,Recruit.net
33,Voluntary Resignation,Travel_Rarely,527,Research & Development,1,4,Life Sciences,1,9040,132495,4,Male,63,3,1,Research Scientist,4,Single,2686,5207,2,Y,Yes,13,3,3,80,0,10,2,2,10,9,7,8,Recruit.net
33,Voluntary Resignation,Travel_Rarely,118,Sales,16,3,Marketing,1,6325,132947,1,Female,69,3,2,Sales Executive,1,Single,5324,26507,5,Y,No,15,3,3,80,0,6,3,3,3,2,0,2,Adzuna
33,Voluntary Resignation,Travel_Rarely,118,Sales,16,3,Medical,1,9494,132949,1,Female,69,3,2,Sales Executive,1,Single,5324,26507,7,Y,No,15,3,3,80,0,6,3,3,3,2,0,2,Adzuna
33,Voluntary Resignation,Travel_Rarely,118,Sales,16,3,Marketing,1,9496,132951,1,Female,69,3,2,Sales Executive,1,Single,5324,26507,5,Y,No,15,3,3,80,0,6,3,3,3,2,0,2,Adzuna
33,Voluntary Resignation,Travel_Rarely,118,Sales,16,3,Medical,1,9497,132952,1,Female,69,3,2,Sales Executive,1,Single,5324,26507,7,Y,No,15,3,3,80,0,6,3,3,3,2,0,2,Adzuna
33,Voluntary Resignation,Travel_Rarely,118,Sales,16,3,Marketing,1,9500,132955,1,Female,69,3,2,Sales Executive,1,Single,5324,26507,5,Y,No,15,3,3,80,0,6,3,3,3,2,0,2,Adzuna
33,Voluntary Resignation,Travel_Rarely,118,Sales,16,3,Medical,1,9502,132957,1,Female,69,3,2,Sales Executive,1,Single,5324,26507,7,Y,No,15,3,3,80,0,6,3,3,3,2,0,2,Adzuna
33,Voluntary Resignation,Travel_Rarely,118,Sales,16,3,Marketing,1,9504,132959,1,Female,69,3,2,Sales Executive,1,Single,5324,26507,5,Y,No,15,3,3,80,0,6,3,3,3,2,0,2,Adzuna
33,Voluntary Resignation,Travel_Rarely,118,Sales,16,3,Medical,1,9505,132960,1,Female,69,3,2,Sales Executive,1,Single,5324,26507,7,Y,No,15,3,3,80,0,6,3,3,3,2,0,2,Adzuna
33,Voluntary Resignation,Travel_Rarely,350,Sales,5,3,Marketing,1,10796,134251,3,Female,66,2,2,Sales Executive,3,Single,6244,7824,7,Y,No,17,3,1,80,0,10,6,3,5,4,0,3,Seek
33,Voluntary Resignation,Travel_Rarely,350,Sales,5,3,Life Sciences,1,10797,134252,3,Female,66,2,2,Sales Executive,3,Single,6244,7824,5,Y,No,17,3,1,80,0,10,6,3,5,4,0,3,Seek
33,Voluntary Resignation,Travel_Rarely,350,Sales,5,3,Marketing,1,10799,134254,3,Female,66,2,2,Sales Executive,3,Single,6244,7824,7,Y,No,17,3,1,80,0,10,6,3,5,4,0,3,Seek
33,Voluntary Resignation,Travel_Rarely,350,Sales,5,3,Life Sciences,1,10800,134255,3,Female,66,2,2,Sales Executive,3,Single,6244,7824,5,Y,No,17,3,1,80,0,10,6,3,5,4,0,3,Seek
33,Voluntary Resignation,Travel_Rarely,350,Sales,5,3,Marketing,1,10804,134259,3,Female,66,2,2,Sales Executive,3,Single,6244,7824,7,Y,No,17,3,1,80,0,10,6,3,5,4,0,3,Seek
33,Voluntary Resignation,Travel_Rarely,350,Sales,5,3,Life Sciences,1,10805,134260,3,Female,66,2,2,Sales Executive,3,Single,6244,7824,5,Y,No,17,3,1,80,0,10,6,3,5,4,0,3,Seek
33,Voluntary Resignation,Travel_Rarely,350,Sales,5,3,Marketing,1,10807,134262,3,Female,66,2,2,Sales Executive,3,Single,6244,7824,7,Y,No,17,3,1,80,0,10,6,3,5,4,0,3,Seek
33,Voluntary Resignation,Travel_Rarely,350,Sales,5,3,Life Sciences,1,10808,134263,3,Female,66,2,2,Sales Executive,3,Single,6244,7824,5,Y,No,17,3,1,80,0,10,6,3,5,4,0,3,Seek
33,Voluntary Resignation,Travel_Rarely,118,Sales,16,3,Marketing,1,11275,134730,3,Male,68,3,3,Sales Executive,3,Divorced,7264,9977,5,Y,No,11,3,1,80,1,10,2,4,8,4,7,7,GlassDoor
33,Voluntary Resignation,Travel_Rarely,118,Sales,16,3,Medical,1,11277,134732,3,Male,68,3,3,Sales Executive,3,Divorced,7264,9977,7,Y,No,11,3,1,80,1,10,2,4,8,4,7,7,GlassDoor
33,Voluntary Resignation,Travel_Rarely,118,Sales,16,3,Marketing,1,11280,134735,3,Male,68,3,3,Sales Executive,3,Divorced,7264,9977,5,Y,No,11,3,1,80,1,10,2,4,8,4,7,7,GlassDoor
33,Voluntary Resignation,Travel_Rarely,118,Sales,16,3,Medical,1,11281,134736,3,Male,68,3,3,Sales Executive,3,Divorced,7264,9977,7,Y,No,11,3,1,80,1,10,2,4,8,4,7,7,GlassDoor
33,Voluntary Resignation,Travel_Rarely,118,Sales,16,3,Marketing,1,11283,134738,3,Male,68,3,3,Sales Executive,3,Divorced,7264,9977,5,Y,No,11,3,1,80,1,10,2,4,8,4,7,7,GlassDoor
33,Voluntary Resignation,Travel_Rarely,118,Sales,16,3,Medical,1,11285,134740,3,Male,68,3,3,Sales Executive,3,Divorced,7264,9977,7,Y,No,11,3,1,80,1,10,2,4,8,4,7,7,GlassDoor
33,Voluntary Resignation,Travel_Rarely,118,Sales,16,3,Marketing,1,11288,134743,3,Male,68,3,3,Sales Executive,3,Divorced,7264,9977,5,Y,No,11,3,1,80,1,10,2,4,8,4,7,7,GlassDoor
33,Voluntary Resignation,Travel_Rarely,118,Sales,16,3,Medical,1,11289,134744,3,Male,68,3,3,Sales Executive,3,Divorced,7264,9977,7,Y,No,11,3,1,80,1,10,2,4,8,4,7,7,GlassDoor
33,Voluntary Resignation,Travel_Rarely,603,Sales,9,4,Marketing,1,11639,135094,3,Female,69,3,2,Manufacturing Director,1,Married,4148,11275,1,Y,No,12,3,3,80,1,4,1,3,4,3,0,3,Company Website
33,Voluntary Resignation,Travel_Rarely,603,Sales,9,4,Medical,1,11641,135096,3,Female,69,3,2,Manufacturing Director,1,Married,4148,11275,1,Y,No,12,3,3,80,1,4,1,3,4,3,0,3,Company Website
33,Voluntary Resignation,Travel_Rarely,603,Sales,9,4,Marketing,1,11644,135099,3,Female,69,3,2,Manufacturing Director,1,Married,4148,11275,1,Y,No,12,3,3,80,1,4,1,3,4,3,0,3,Company Website
33,Voluntary Resignation,Travel_Rarely,603,Sales,9,4,Medical,1,11645,135100,3,Female,69,3,2,Manufacturing Director,1,Married,4148,11275,1,Y,No,12,3,3,80,1,4,1,3,4,3,0,3,Company Website
33,Voluntary Resignation,Travel_Rarely,603,Sales,9,4,Marketing,1,11646,135101,3,Female,69,3,2,Manufacturing Director,1,Married,4148,11275,1,Y,No,12,3,3,80,1,4,1,3,4,3,0,3,Company Website
33,Voluntary Resignation,Travel_Rarely,603,Sales,9,4,Medical,1,11648,135103,3,Female,69,3,2,Manufacturing Director,1,Married,4148,11275,1,Y,No,12,3,3,80,1,4,1,3,4,3,0,3,Company Website
33,Voluntary Resignation,Travel_Rarely,603,Sales,9,4,Marketing,1,11651,135106,3,Female,69,3,2,Manufacturing Director,1,Married,4148,11275,1,Y,No,12,3,3,80,1,4,1,3,4,3,0,3,Company Website
33,Voluntary Resignation,Travel_Rarely,603,Sales,9,4,Medical,1,11652,135107,3,Female,69,3,2,Manufacturing Director,1,Married,4148,11275,1,Y,No,12,3,3,80,1,4,1,3,4,3,0,3,Company Website
33,Voluntary Resignation,Travel_Frequently,827,Research & Development,29,4,Medical,1,12703,136158,1,Female,54,2,2,Research Scientist,3,Single,4508,3129,1,Y,No,22,3,2,80,0,14,4,3,13,7,3,8,Recruit.net
33,Voluntary Resignation,Travel_Frequently,827,Research & Development,29,4,Technical Degree,1,12706,136161,1,Female,54,2,2,Research Scientist,3,Single,4508,3129,4,Y,No,22,3,2,80,0,14,4,3,13,7,3,8,Recruit.net
33,Voluntary Resignation,Travel_Frequently,827,Research & Development,29,4,Medical,1,12709,136164,1,Female,54,2,2,Research Scientist,3,Single,4508,3129,1,Y,No,22,4,2,80,0,14,4,3,13,7,3,8,Recruit.net
33,Voluntary Resignation,Travel_Frequently,827,Research & Development,29,4,Technical Degree,1,12710,136165,1,Female,54,2,2,Research Scientist,3,Single,4508,3129,4,Y,No,22,4,2,80,0,14,4,3,13,7,3,8,Recruit.net
33,Voluntary Resignation,Travel_Frequently,827,Research & Development,29,4,Medical,1,12711,136166,1,Female,54,2,2,Research Scientist,3,Single,4508,3129,1,Y,No,22,3,2,80,0,14,4,3,13,7,3,8,Recruit.net
33,Voluntary Resignation,Travel_Frequently,827,Research & Development,29,4,Technical Degree,1,12714,136169,1,Female,54,2,2,Research Scientist,3,Single,4508,3129,4,Y,No,22,3,2,80,0,14,4,3,13,7,3,8,Recruit.net
33,Voluntary Resignation,Travel_Frequently,827,Research & Development,29,4,Medical,1,12717,136172,1,Female,54,2,2,Research Scientist,3,Single,4508,3129,1,Y,No,22,4,2,80,0,14,4,3,13,7,3,8,Recruit.net
33,Voluntary Resignation,Travel_Frequently,827,Research & Development,29,4,Technical Degree,1,12718,136173,1,Female,54,2,2,Research Scientist,3,Single,4508,3129,4,Y,No,22,4,2,80,0,14,4,3,13,7,3,8,Recruit.net
33,Voluntary Resignation,Travel_Rarely,1017,Research & Development,25,3,Medical,1,12799,136254,1,Male,55,2,1,Research Scientist,2,Single,2313,2993,4,Y,Yes,20,3,2,80,0,5,0,3,2,2,2,2,Company Website
33,Voluntary Resignation,Travel_Rarely,1017,Research & Development,25,3,Technical Degree,1,12802,136257,1,Male,55,2,1,Research Scientist,2,Single,2313,2993,4,Y,Yes,20,3,2,80,0,5,0,3,2,2,2,2,Company Website
33,Voluntary Resignation,Travel_Rarely,1017,Research & Development,25,3,Medical,1,12803,136258,1,Male,55,2,1,Research Scientist,2,Single,2313,2993,4,Y,Yes,20,4,2,80,0,5,0,3,2,2,2,2,Company Website
33,Voluntary Resignation,Travel_Rarely,1017,Research & Development,25,3,Technical Degree,1,12804,136259,1,Male,55,2,1,Research Scientist,2,Single,2313,2993,4,Y,Yes,20,4,2,80,0,5,0,3,2,2,2,2,Company Website
33,Voluntary Resignation,Travel_Rarely,1017,Research & Development,25,3,Medical,1,12807,136262,1,Male,55,2,1,Research Scientist,2,Single,2313,2993,4,Y,Yes,20,3,2,80,0,5,0,3,2,2,2,2,Company Website
33,Voluntary Resignation,Travel_Rarely,1017,Research & Development,25,3,Technical Degree,1,12810,136265,1,Male,55,2,1,Research Scientist,2,Single,2313,2993,4,Y,Yes,20,3,2,80,0,5,0,3,2,2,2,2,Company Website
33,Voluntary Resignation,Travel_Rarely,1017,Research & Development,25,3,Medical,1,12811,136266,1,Male,55,2,1,Research Scientist,2,Single,2313,2993,4,Y,Yes,20,4,2,80,0,5,0,3,2,2,2,2,Company Website
33,Voluntary Resignation,Travel_Rarely,1017,Research & Development,25,3,Technical Degree,1,12812,136267,1,Male,55,2,1,Research Scientist,2,Single,2313,2993,4,Y,Yes,20,4,2,80,0,5,0,3,2,2,2,2,Company Website
33,Voluntary Resignation,Travel_Rarely,603,Sales,9,4,Marketing,1,13293,136748,1,Female,77,3,2,Sales Executive,1,Single,8224,18385,0,Y,Yes,17,3,1,80,0,6,3,3,5,2,0,3,Seek
33,Voluntary Resignation,Travel_Rarely,603,Sales,9,4,Medical,1,13295,136750,1,Female,77,3,2,Sales Executive,1,Single,8224,18385,6,Y,Yes,17,3,1,80,0,6,3,3,5,2,0,3,Seek
33,Voluntary Resignation,Travel_Rarely,603,Sales,9,4,Marketing,1,13297,136752,1,Female,77,3,2,Sales Executive,1,Single,8224,18385,0,Y,Yes,17,3,1,80,0,6,3,3,5,2,0,3,Seek
33,Voluntary Resignation,Travel_Rarely,603,Sales,9,4,Medical,1,13298,136753,1,Female,77,3,2,Sales Executive,1,Single,8224,18385,6,Y,Yes,17,3,1,80,0,6,3,3,5,2,0,3,Seek
33,Voluntary Resignation,Travel_Rarely,603,Sales,9,4,Marketing,1,13301,136756,1,Female,77,3,2,Sales Executive,1,Single,8224,18385,0,Y,Yes,17,3,1,80,0,6,3,3,5,2,0,3,Seek
33,Voluntary Resignation,Travel_Rarely,603,Sales,9,4,Medical,1,13303,136758,1,Female,77,3,2,Sales Executive,1,Single,8224,18385,6,Y,Yes,17,3,1,80,0,6,3,3,5,2,0,3,Seek
33,Voluntary Resignation,Travel_Rarely,603,Sales,9,4,Marketing,1,13305,136760,1,Female,77,3,2,Sales Executive,1,Single,8224,18385,0,Y,Yes,17,3,1,80,0,6,3,3,5,2,0,3,Seek
33,Voluntary Resignation,Travel_Rarely,603,Sales,9,4,Medical,1,13306,136761,1,Female,77,3,2,Sales Executive,1,Single,8224,18385,6,Y,Yes,17,3,1,80,0,6,3,3,5,2,0,3,Seek
33,Voluntary Resignation,Travel_Rarely,813,Research & Development,14,3,Medical,1,13992,137447,3,Male,76,1,1,Laboratory Technician,3,Divorced,2741,6865,1,Y,No,14,3,3,80,1,7,4,3,7,7,1,7,Indeed
33,Voluntary Resignation,Travel_Rarely,813,Research & Development,14,3,Medical,1,13994,137449,3,Male,76,1,1,Laboratory Technician,3,Divorced,2741,6865,1,Y,No,14,3,3,80,1,7,4,3,7,7,1,7,Indeed
33,Voluntary Resignation,Travel_Rarely,813,Research & Development,14,3,Medical,1,13995,137450,3,Male,76,1,1,Laboratory Technician,3,Divorced,2741,6865,1,Y,No,14,3,3,80,1,7,4,3,7,7,1,7,Indeed
33,Voluntary Resignation,Travel_Rarely,813,Research & Development,14,3,Medical,1,13996,137451,3,Male,76,1,1,Laboratory Technician,3,Divorced,2741,6865,1,Y,No,14,3,3,80,1,7,4,3,7,7,1,7,Indeed
33,Voluntary Resignation,Travel_Rarely,813,Research & Development,14,3,Medical,1,14000,137455,3,Male,76,1,1,Laboratory Technician,3,Divorced,2741,6865,1,Y,No,14,3,3,80,1,7,4,3,7,7,1,7,Indeed
33,Voluntary Resignation,Travel_Rarely,813,Research & Development,14,3,Medical,1,14002,137457,3,Male,76,1,1,Laboratory Technician,3,Divorced,2741,6865,1,Y,No,14,3,3,80,1,7,4,3,7,7,1,7,Indeed
33,Voluntary Resignation,Travel_Rarely,813,Research & Development,14,3,Medical,1,14003,137458,3,Male,76,1,1,Laboratory Technician,3,Divorced,2741,6865,1,Y,No,14,3,3,80,1,7,4,3,7,7,1,7,Indeed
33,Voluntary Resignation,Travel_Rarely,813,Research & Development,14,3,Medical,1,14004,137459,3,Male,76,1,1,Laboratory Technician,3,Divorced,2741,6865,1,Y,No,14,3,3,80,1,7,4,3,7,7,1,7,Indeed
33,Voluntary Resignation,Travel_Rarely,1277,Research & Development,15,1,Medical,1,14960,138415,3,Female,78,3,1,Research Scientist,2,Single,2096,18830,1,Y,No,18,3,4,80,0,2,3,2,2,2,2,1,Indeed
33,Voluntary Resignation,Travel_Rarely,1277,Research & Development,15,1,Medical,1,14962,138417,3,Female,78,3,1,Research Scientist,2,Single,2096,18830,3,Y,No,18,3,4,80,0,2,3,2,2,2,2,1,Indeed
33,Voluntary Resignation,Travel_Rarely,1277,Research & Development,15,1,Medical,1,14965,138420,3,Female,78,3,1,Research Scientist,2,Single,2096,18830,1,Y,No,18,3,4,80,0,2,3,2,2,2,2,1,Indeed
33,Voluntary Resignation,Travel_Rarely,1277,Research & Development,15,1,Medical,1,14966,138421,3,Female,78,3,1,Research Scientist,2,Single,2096,18830,3,Y,No,18,3,4,80,0,2,3,2,2,2,2,1,Indeed
33,Voluntary Resignation,Travel_Rarely,1277,Research & Development,15,1,Medical,1,14968,138423,3,Female,78,3,1,Research Scientist,2,Single,2096,18830,1,Y,No,18,3,4,80,0,2,3,2,2,2,2,1,Indeed
33,Voluntary Resignation,Travel_Rarely,1277,Research & Development,15,1,Medical,1,14970,138425,3,Female,78,3,1,Research Scientist,2,Single,2096,18830,3,Y,No,18,3,4,80,0,2,3,2,2,2,2,1,Indeed
33,Voluntary Resignation,Travel_Rarely,1277,Research & Development,15,1,Medical,1,14973,138428,3,Female,78,3,1,Research Scientist,2,Single,2096,18830,1,Y,No,18,3,4,80,0,2,3,2,2,2,2,1,Indeed
33,Voluntary Resignation,Travel_Rarely,1277,Research & Development,15,1,Medical,1,14974,138429,3,Female,78,3,1,Research Scientist,2,Single,2096,18830,3,Y,No,18,3,4,80,0,2,3,2,2,2,2,1,Indeed
33,Voluntary Resignation,Travel_Rarely,587,Research & Development,10,1,Medical,1,14976,138431,3,Male,78,4,2,Sales Executive,4,Married,6209,11693,1,Y,No,15,3,3,80,2,10,4,4,10,7,0,8,Adzuna
33,Voluntary Resignation,Travel_Rarely,587,Research & Development,10,1,Medical,1,14978,138433,3,Male,78,4,2,Sales Executive,4,Married,6209,11693,6,Y,No,15,3,3,80,2,10,4,4,10,7,0,8,Adzuna
33,Voluntary Resignation,Travel_Rarely,587,Research & Development,10,1,Medical,1,14981,138436,3,Male,78,4,2,Sales Executive,4,Married,6209,11693,1,Y,No,15,3,3,80,2,10,4,4,10,7,0,8,Adzuna
33,Voluntary Resignation,Travel_Rarely,587,Research & Development,10,1,Medical,1,14982,138437,3,Male,78,4,2,Sales Executive,4,Married,6209,11693,6,Y,No,15,3,3,80,2,10,4,4,10,7,0,8,Adzuna
33,Voluntary Resignation,Travel_Rarely,587,Research & Development,10,1,Medical,1,14984,138439,3,Male,78,4,2,Sales Executive,4,Married,6209,11693,1,Y,No,15,3,3,80,2,10,4,4,10,7,0,8,Adzuna
33,Voluntary Resignation,Travel_Rarely,587,Research & Development,10,1,Medical,1,14986,138441,3,Male,78,4,2,Sales Executive,4,Married,6209,11693,6,Y,No,15,3,3,80,2,10,4,4,10,7,0,8,Adzuna
33,Voluntary Resignation,Travel_Rarely,587,Research & Development,10,1,Medical,1,14989,138444,3,Male,78,4,2,Sales Executive,4,Married,6209,11693,1,Y,No,15,3,3,80,2,10,4,4,10,7,0,8,Adzuna
33,Voluntary Resignation,Travel_Rarely,587,Research & Development,10,1,Medical,1,14990,138445,3,Male,78,4,2,Sales Executive,4,Married,6209,11693,6,Y,No,15,3,3,80,2,10,4,4,10,7,0,8,Adzuna
33,Voluntary Resignation,Travel_Frequently,827,Research & Development,29,4,Medical,1,16729,140184,4,Male,83,3,1,Research Scientist,3,Divorced,2345,8045,2,Y,No,14,3,3,80,1,8,3,4,3,1,1,2,Adzuna
33,Voluntary Resignation,Travel_Frequently,827,Research & Development,29,4,Technical Degree,1,16731,140186,4,Male,83,3,1,Research Scientist,3,Divorced,2345,8045,4,Y,No,14,3,3,80,1,8,3,4,3,1,1,2,Adzuna
33,Voluntary Resignation,Travel_Frequently,827,Research & Development,29,4,Medical,1,16732,140187,4,Male,83,3,1,Research Scientist,3,Divorced,2345,8045,2,Y,No,14,3,3,80,1,8,3,4,3,1,1,2,Adzuna
33,Voluntary Resignation,Travel_Frequently,827,Research & Development,29,4,Technical Degree,1,16733,140188,4,Male,83,3,1,Research Scientist,3,Divorced,2345,8045,4,Y,No,14,3,3,80,1,8,3,4,3,1,1,2,Adzuna
33,Voluntary Resignation,Travel_Frequently,827,Research & Development,29,4,Medical,1,16737,140192,4,Male,83,3,1,Research Scientist,3,Divorced,2345,8045,2,Y,No,14,3,3,80,1,8,3,4,3,1,1,2,Adzuna
33,Voluntary Resignation,Travel_Frequently,827,Research & Development,29,4,Technical Degree,1,16739,140194,4,Male,83,3,1,Research Scientist,3,Divorced,2345,8045,4,Y,No,14,3,3,80,1,8,3,4,3,1,1,2,Adzuna
33,Voluntary Resignation,Travel_Frequently,827,Research & Development,29,4,Medical,1,16740,140195,4,Male,83,3,1,Research Scientist,3,Divorced,2345,8045,2,Y,No,14,3,3,80,1,8,3,4,3,1,1,2,Adzuna
33,Voluntary Resignation,Travel_Frequently,827,Research & Development,29,4,Technical Degree,1,16741,140196,4,Male,83,3,1,Research Scientist,3,Divorced,2345,8045,4,Y,No,14,3,3,80,1,8,3,4,3,1,1,2,Adzuna
33,Voluntary Resignation,Travel_Rarely,1017,Research & Development,25,3,Medical,1,16761,140216,4,Male,83,3,2,Sales Executive,1,Married,4373,17456,0,Y,No,14,3,1,80,2,5,2,3,4,3,0,3,Company Website
33,Voluntary Resignation,Travel_Rarely,1017,Research & Development,25,3,Technical Degree,1,16763,140218,4,Male,83,3,2,Sales Executive,1,Married,4373,17456,7,Y,No,14,3,1,80,2,5,2,3,4,3,0,3,Company Website
33,Voluntary Resignation,Travel_Rarely,1017,Research & Development,25,3,Medical,1,16765,140220,4,Male,83,3,2,Sales Executive,1,Married,4373,17456,0,Y,No,14,3,1,80,2,5,2,3,4,3,0,3,Company Website
33,Voluntary Resignation,Travel_Rarely,1017,Research & Development,25,3,Technical Degree,1,16767,140222,4,Male,83,3,2,Sales Executive,1,Married,4373,17456,7,Y,No,14,3,1,80,2,5,2,3,4,3,0,3,Company Website
33,Voluntary Resignation,Travel_Rarely,1017,Research & Development,25,3,Medical,1,16769,140224,4,Male,83,3,2,Sales Executive,1,Married,4373,17456,0,Y,No,14,3,1,80,2,5,2,3,4,3,0,3,Company Website
33,Voluntary Resignation,Travel_Rarely,1017,Research & Development,25,3,Technical Degree,1,16771,140226,4,Male,83,3,2,Sales Executive,1,Married,4373,17456,7,Y,No,14,3,1,80,2,5,2,3,4,3,0,3,Company Website
33,Voluntary Resignation,Travel_Rarely,1017,Research & Development,25,3,Medical,1,16773,140228,4,Male,83,3,2,Sales Executive,1,Married,4373,17456,0,Y,No,14,3,1,80,2,5,2,3,4,3,0,3,Company Website
33,Voluntary Resignation,Travel_Rarely,1017,Research & Development,25,3,Technical Degree,1,16775,140230,4,Male,83,3,2,Sales Executive,1,Married,4373,17456,7,Y,No,14,3,1,80,2,5,2,3,4,3,0,3,Company Website
33,Voluntary Resignation,Travel_Rarely,211,Sales,16,3,Life Sciences,1,20063,143518,1,Female,74,3,3,Sales Executive,1,Single,8564,10092,2,Y,Yes,20,3,3,80,0,11,2,2,0,0,0,0,Recruit.net
33,Voluntary Resignation,Travel_Rarely,211,Sales,16,3,Medical,1,20066,143521,1,Female,74,3,3,Sales Executive,1,Single,8564,10092,7,Y,Yes,20,3,3,80,0,11,2,2,0,0,0,0,Recruit.net
33,Voluntary Resignation,Travel_Rarely,211,Sales,16,3,Life Sciences,1,20067,143522,1,Female,74,3,3,Sales Executive,1,Single,8564,10092,2,Y,Yes,20,4,3,80,0,11,2,2,0,0,0,0,Recruit.net
33,Voluntary Resignation,Travel_Rarely,211,Sales,16,3,Medical,1,20068,143523,1,Female,74,3,3,Sales Executive,1,Single,8564,10092,7,Y,Yes,20,4,3,80,0,11,2,2,0,0,0,0,Recruit.net
33,Voluntary Resignation,Travel_Rarely,211,Sales,16,3,Life Sciences,1,20071,143526,1,Female,74,3,3,Sales Executive,1,Single,8564,10092,2,Y,Yes,20,3,3,80,0,11,2,2,0,0,0,0,Recruit.net
33,Voluntary Resignation,Travel_Rarely,211,Sales,16,3,Medical,1,20074,143529,1,Female,74,3,3,Sales Executive,1,Single,8564,10092,7,Y,Yes,20,3,3,80,0,11,2,2,0,0,0,0,Recruit.net
33,Voluntary Resignation,Travel_Rarely,211,Sales,16,3,Life Sciences,1,20075,143530,1,Female,74,3,3,Sales Executive,1,Single,8564,10092,2,Y,Yes,20,4,3,80,0,11,2,2,0,0,0,0,Recruit.net
33,Voluntary Resignation,Travel_Rarely,211,Sales,16,3,Medical,1,20076,143531,1,Female,74,3,3,Sales Executive,1,Single,8564,10092,7,Y,Yes,20,4,3,80,0,11,2,2,0,0,0,0,Recruit.net
33,Voluntary Resignation,Travel_Rarely,527,Research & Development,1,4,Other,1,20524,143979,4,Male,93,3,3,Research Director,3,Single,13464,7914,7,Y,No,21,3,3,80,0,9,3,3,4,3,2,2,Company Website
33,Voluntary Resignation,Travel_Rarely,527,Research & Development,1,4,Life Sciences,1,20525,143980,4,Male,93,3,3,Research Director,3,Single,13464,7914,1,Y,No,21,4,3,80,0,9,3,3,4,3,2,2,Company Website
33,Voluntary Resignation,Travel_Rarely,527,Research & Development,1,4,Other,1,20527,143982,4,Male,93,3,3,Research Director,3,Single,13464,7914,7,Y,No,21,4,3,80,0,9,3,3,4,3,2,2,Company Website
33,Voluntary Resignation,Travel_Rarely,527,Research & Development,1,4,Life Sciences,1,20528,143983,4,Male,93,3,3,Research Director,3,Single,13464,7914,1,Y,No,21,4,3,80,0,9,3,3,4,3,2,2,Company Website
33,Voluntary Resignation,Travel_Rarely,527,Research & Development,1,4,Other,1,20532,143987,4,Male,93,3,3,Research Director,3,Single,13464,7914,7,Y,No,21,3,3,80,0,9,3,3,4,3,2,2,Company Website
33,Voluntary Resignation,Travel_Rarely,527,Research & Development,1,4,Life Sciences,1,20533,143988,4,Male,93,3,3,Research Director,3,Single,13464,7914,1,Y,No,21,4,3,80,0,9,3,3,4,3,2,2,Company Website
33,Voluntary Resignation,Travel_Rarely,527,Research & Development,1,4,Other,1,20535,143990,4,Male,93,3,3,Research Director,3,Single,13464,7914,7,Y,No,21,4,3,80,0,9,3,3,4,3,2,2,Company Website
33,Voluntary Resignation,Travel_Rarely,527,Research & Development,1,4,Life Sciences,1,20536,143991,4,Male,93,3,3,Research Director,3,Single,13464,7914,1,Y,No,21,4,3,80,0,9,3,3,4,3,2,2,Company Website
33,Current employee,Travel_Frequently,1392,Research & Development,3,4,Life Sciences,1,53,123508,4,Female,56,3,1,Research Scientist,3,Married,2909,23159,1,Y,Yes,11,3,3,80,0,8,3,3,8,7,3,0,Seek
33,Current employee,Travel_Frequently,1392,Research & Development,3,4,Life Sciences,1,35,123510,4,Female,56,3,1,Research Scientist,3,Married,2909,23159,2,Y,Yes,11,3,3,80,0,8,3,3,8,7,3,0,Seek
33,Current employee,Travel_Frequently,1392,Research & Development,3,4,Life Sciences,1,59,123514,4,Female,56,3,1,Research Scientist,3,Married,2909,23159,1,Y,Yes,11,3,3,80,0,8,3,3,8,7,3,0,Seek
33,Current employee,Travel_Frequently,1392,Research & Development,3,4,Life Sciences,1,60,123515,4,Female,56,3,1,Research Scientist,3,Married,2909,23159,2,Y,Yes,11,3,3,80,0,8,3,3,8,7,3,0,Seek
33,Current employee,Travel_Frequently,1392,Research & Development,3,4,Life Sciences,1,61,123516,4,Female,56,3,1,Research Scientist,3,Married,2909,23159,1,Y,Yes,11,3,3,80,0,8,3,3,8,7,3,0,Seek
33,Current employee,Travel_Frequently,1392,Research & Development,3,4,Life Sciences,1,62,123517,2,Male,79,3,1,Research Scientist,1,Married,2194,5868,4,Y,No,13,3,4,80,1,5,2,2,3,2,1,2,Company Website
33,Current employee,Travel_Frequently,1392,Research & Development,3,4,Life Sciences,1,63,123518,1,Female,62,3,1,Sales Representative,2,Single,3202,21972,1,Y,Yes,16,4,2,80,0,6,4,3,5,3,1,4,Company Website
33,Current employee,Travel_Frequently,1392,Research & Development,3,4,Life Sciences,1,65,123520,4,Female,56,3,1,Research Scientist,3,Married,2909,23159,2,Y,Yes,11,3,3,80,0,8,3,3,8,7,3,0,Seek
33,Current employee,Travel_Frequently,1392,Research & Development,3,4,Life Sciences,1,69,123524,4,Female,56,3,1,Research Scientist,3,Married,2909,23159,1,Y,Yes,11,3,3,80,0,8,3,3,8,7,3,0,Seek
33,Current employee,Travel_Frequently,1392,Research & Development,3,4,Life Sciences,1,70,123525,4,Female,56,3,1,Research Scientist,3,Married,2909,23159,2,Y,Yes,11,3,3,80,0,8,3,3,8,7,3,0,Seek
33,Current employee,Travel_Rarely,1075,Human Resources,3,2,Human Resources,1,240,123695,1,Female,38,2,2,Laboratory Technician,3,Single,4193,12682,0,Y,Yes,12,3,4,80,0,10,3,3,9,5,0,8,Seek
33,Current employee,Travel_Rarely,1075,Human Resources,3,2,Life Sciences,1,241,123696,1,Female,38,2,2,Laboratory Technician,3,Single,4193,12682,1,Y,Yes,12,3,4,80,0,10,3,3,9,5,0,8,Seek
33,Current employee,Travel_Rarely,1075,Human Resources,3,2,Human Resources,1,245,123700,1,Female,38,2,2,Laboratory Technician,3,Single,4193,12682,0,Y,Yes,12,3,4,80,0,10,3,3,9,5,0,8,Seek
33,Current employee,Travel_Rarely,1075,Human Resources,3,2,Life Sciences,1,246,123701,1,Female,38,2,2,Laboratory Technician,3,Single,4193,12682,1,Y,Yes,12,3,4,80,0,10,3,3,9,5,0,8,Seek
33,Current employee,Travel_Rarely,1075,Human Resources,3,2,Human Resources,1,253,123708,1,Female,38,2,2,Laboratory Technician,3,Single,4193,12682,0,Y,Yes,12,3,4,80,0,10,3,3,9,5,0,8,Seek
33,Current employee,Travel_Rarely,1075,Human Resources,3,2,Life Sciences,1,256,123711,1,Female,38,2,2,Laboratory Technician,3,Single,4193,12682,1,Y,Yes,12,3,4,80,0,10,3,3,9,5,0,8,Seek
33,Current employee,Travel_Rarely,1075,Human Resources,3,2,Human Resources,1,260,123715,1,Female,38,2,2,Laboratory Technician,3,Single,5985,23352,4,Y,No,11,3,2,80,0,10,1,4,2,2,0,2,Recruit.net
33,Current employee,Travel_Rarely,1075,Human Resources,3,2,Life Sciences,1,261,123716,1,Female,38,2,2,Laboratory Technician,3,Single,4193,12682,1,Y,Yes,12,3,4,80,0,10,3,3,9,5,0,8,Seek
33,Current employee,Travel_Rarely,147,Human Resources,2,3,Human Resources,1,288,123743,1,Male,38,3,1,Laboratory Technician,4,Divorced,2661,8758,0,Y,No,11,3,3,80,1,3,2,3,2,2,1,2,Seek
33,Current employee,Travel_Rarely,147,Human Resources,2,3,Life Sciences,1,289,123744,1,Male,38,3,1,Laboratory Technician,4,Divorced,2661,8758,1,Y,No,11,3,3,80,1,3,2,3,2,2,1,2,Seek
33,Current employee,Travel_Rarely,147,Human Resources,2,3,Human Resources,1,291,123746,1,Male,38,3,1,Laboratory Technician,4,Divorced,2661,8758,0,Y,No,11,3,3,80,1,3,2,3,2,2,1,2,Seek
33,Current employee,Travel_Rarely,147,Human Resources,2,3,Life Sciences,1,292,123747,1,Male,38,3,1,Laboratory Technician,4,Divorced,2661,8758,1,Y,No,11,3,3,80,1,3,2,3,2,2,1,2,Seek
33,Current employee,Travel_Rarely,147,Human Resources,2,3,Human Resources,1,301,123756,1,Male,38,3,1,Laboratory Technician,4,Divorced,2661,8758,0,Y,No,11,3,3,80,1,3,2,3,2,2,1,2,Seek
33,Current employee,Travel_Frequently,553,Research & Development,5,4,Life Sciences,1,302,123757,2,Male,93,3,1,Laboratory Technician,4,Divorced,2661,8758,6,Y,No,18,4,4,80,1,6,3,3,4,3,1,2,Seek
33,Current employee,Travel_Rarely,147,Human Resources,2,3,Life Sciences,1,304,123759,1,Male,38,3,1,Laboratory Technician,4,Divorced,2661,8758,1,Y,No,11,3,3,80,1,3,2,3,2,2,1,2,Seek
33,Current employee,Travel_Rarely,147,Human Resources,2,3,Human Resources,1,306,123761,1,Male,38,3,1,Laboratory Technician,4,Divorced,3149,23352,8,Y,No,20,4,2,80,1,9,3,3,5,2,1,4,Adzuna
33,Current employee,Travel_Rarely,147,Human Resources,2,3,Life Sciences,1,307,123762,1,Male,38,3,1,Laboratory Technician,4,Divorced,2661,8758,1,Y,No,11,3,3,80,1,3,2,3,2,2,1,2,Seek
33,Current employee,Travel_Frequently,1392,Research & Development,3,4,Life Sciences,1,596,124051,1,Female,39,3,5,Manager,1,Single,18947,22822,3,Y,No,12,3,4,80,0,22,2,2,2,2,2,1,Company Website
33,Current employee,Travel_Frequently,1392,Research & Development,3,4,Life Sciences,1,598,124053,1,Female,39,3,5,Manager,1,Single,18947,22822,1,Y,No,12,3,4,80,0,22,2,2,2,2,2,1,Company Website
33,Current employee,Travel_Frequently,1392,Research & Development,3,4,Life Sciences,1,599,124054,1,Female,39,3,5,Manager,1,Single,18947,22822,3,Y,No,12,3,4,80,0,22,2,2,2,2,2,1,Company Website
33,Current employee,Travel_Frequently,1392,Research & Development,3,4,Life Sciences,1,600,124055,1,Female,39,3,5,Manager,1,Single,18947,22822,1,Y,No,12,3,4,80,0,22,2,2,2,2,2,1,Company Website
33,Current employee,Travel_Frequently,1392,Research & Development,3,4,Life Sciences,1,604,124059,1,Female,39,3,5,Manager,1,Single,18947,22822,3,Y,No,12,3,4,80,0,22,2,2,2,2,2,1,Company Website
33,Current employee,Travel_Frequently,1392,Research & Development,3,4,Life Sciences,1,606,124061,1,Female,39,3,5,Manager,1,Single,18947,22822,1,Y,No,12,3,4,80,0,22,2,2,2,2,2,1,Company Website
33,Current employee,Travel_Frequently,1392,Research & Development,3,4,Life Sciences,1,607,124062,1,Female,39,3,5,Manager,1,Single,3162,23428,0,Y,No,17,3,4,80,0,6,2,2,5,2,3,4,Seek
33,Current employee,Travel_Frequently,1392,Research & Development,3,4,Life Sciences,1,608,124063,1,Female,39,3,5,Manager,1,Single,18947,22822,1,Y,No,12,3,4,80,0,22,2,2,2,2,2,1,Company Website
33,Current employee,Travel_Rarely,924,Research & Development,2,3,Medical,1,611,124066,3,Male,78,3,1,Laboratory Technician,4,Single,2496,6670,4,Y,No,11,3,4,80,0,7,3,3,1,1,0,0,Company Website
33,Current employee,Travel_Rarely,924,Research & Development,2,3,Life Sciences,1,613,124068,3,Male,78,3,1,Laboratory Technician,4,Single,2496,6670,1,Y,No,11,3,4,80,0,7,3,3,1,1,0,0,Company Website
33,Current employee,Travel_Rarely,924,Research & Development,2,3,Medical,1,617,124072,3,Male,78,3,1,Laboratory Technician,4,Single,2496,6670,4,Y,No,11,3,4,80,0,7,3,3,1,1,0,0,Company Website
33,Current employee,Travel_Rarely,924,Research & Development,2,3,Life Sciences,1,618,124073,3,Male,78,3,1,Laboratory Technician,4,Single,2496,6670,1,Y,No,11,3,4,80,0,7,3,3,1,1,0,0,Company Website
33,Current employee,Travel_Rarely,924,Research & Development,2,3,Medical,1,619,124074,3,Male,78,3,1,Laboratory Technician,4,Single,2496,6670,4,Y,No,11,3,4,80,0,7,3,3,1,1,0,0,Company Website
33,Current employee,Travel_Rarely,924,Research & Development,2,3,Life Sciences,1,621,124076,3,Male,78,3,1,Laboratory Technician,4,Single,2496,6670,1,Y,No,11,3,4,80,0,7,3,3,1,1,0,0,Company Website
33,Current employee,Travel_Rarely,924,Research & Development,2,3,Medical,1,625,124080,3,Male,78,3,1,Laboratory Technician,4,Single,2496,6670,4,Y,No,11,3,4,80,0,7,3,3,1,1,0,0,Company Website
33,Current employee,Travel_Rarely,924,Research & Development,2,3,Life Sciences,1,626,124081,3,Male,78,3,1,Laboratory Technician,4,Single,2496,6670,1,Y,No,11,3,4,80,0,7,3,3,1,1,0,0,Company Website
33,Current employee,Travel_Frequently,1141,Sales,1,3,Life Sciences,1,757,124212,3,Female,42,4,2,Sales Executive,1,Married,5376,3193,2,Y,No,19,4,1,80,2,10,3,3,5,3,1,3,Recruit.net
33,Current employee,Travel_Frequently,1141,Sales,1,3,Human Resources,1,759,124214,3,Female,42,4,2,Sales Executive,1,Married,5376,3193,4,Y,No,19,3,1,80,2,10,3,3,5,3,1,3,Recruit.net
33,Current employee,Travel_Frequently,1141,Sales,1,3,Life Sciences,1,761,124216,3,Female,42,4,2,Sales Executive,1,Married,5376,3193,2,Y,No,19,3,1,80,2,10,3,3,5,3,1,3,Recruit.net
33,Current employee,Travel_Frequently,1141,Sales,1,3,Human Resources,1,762,124217,3,Female,42,4,2,Sales Executive,1,Married,5376,3193,4,Y,No,19,3,1,80,2,10,3,3,5,3,1,3,Recruit.net
33,Current employee,Travel_Frequently,1141,Sales,1,3,Life Sciences,1,765,124220,3,Female,42,4,2,Sales Executive,1,Married,5376,3193,2,Y,No,19,4,1,80,2,10,3,3,5,3,1,3,Recruit.net
33,Current employee,Travel_Frequently,1141,Sales,1,3,Human Resources,1,767,124222,3,Female,42,4,2,Sales Executive,1,Married,5376,3193,4,Y,No,19,3,1,80,2,10,3,3,5,3,1,3,Recruit.net
33,Current employee,Travel_Frequently,1141,Sales,1,3,Life Sciences,1,769,124224,3,Female,42,4,2,Sales Executive,1,Married,5376,3193,2,Y,No,19,3,1,80,2,10,3,3,5,3,1,3,Recruit.net
33,Current employee,Travel_Frequently,1141,Sales,1,3,Human Resources,1,770,124225,3,Female,42,4,2,Sales Executive,1,Married,5376,3193,4,Y,No,19,3,1,80,2,10,3,3,5,3,1,3,Recruit.net
33,Current employee,Travel_Frequently,1141,Sales,1,3,Life Sciences,1,856,124311,1,Female,40,3,5,Research Director,3,Married,19545,16280,1,Y,No,12,3,4,80,0,23,0,3,22,15,15,8,GlassDoor
33,Current employee,Travel_Frequently,1141,Sales,1,3,Life Sciences,1,857,124312,1,Female,40,3,5,Research Director,3,Married,19545,16280,1,Y,No,12,3,4,80,0,23,0,3,22,15,15,8,GlassDoor
33,Current employee,Travel_Frequently,1141,Sales,1,3,Life Sciences,1,859,124314,1,Female,40,3,5,Research Director,3,Married,19545,16280,1,Y,No,12,3,4,80,0,23,0,3,22,15,15,8,GlassDoor
33,Current employee,Travel_Frequently,1141,Sales,1,3,Life Sciences,1,860,124315,1,Female,40,3,5,Research Director,3,Married,19545,16280,1,Y,No,12,3,4,80,0,23,0,3,22,15,15,8,GlassDoor
33,Current employee,Travel_Frequently,1141,Sales,1,3,Life Sciences,1,864,124319,1,Female,40,3,5,Research Director,3,Married,19545,16280,1,Y,No,12,3,4,80,0,23,0,3,22,15,15,8,GlassDoor
33,Current employee,Travel_Frequently,1141,Sales,1,3,Life Sciences,1,865,124320,1,Female,40,3,5,Research Director,3,Married,19545,16280,1,Y,No,12,3,4,80,0,23,0,3,22,15,15,8,GlassDoor
33,Current employee,Travel_Frequently,1141,Sales,1,3,Life Sciences,1,867,124322,1,Female,40,3,5,Research Director,3,Married,2693,23428,1,Y,No,19,3,1,80,0,1,3,2,1,0,0,0,Company Website
33,Current employee,Travel_Frequently,1141,Sales,1,3,Life Sciences,1,868,124323,1,Female,40,3,5,Research Director,3,Married,19545,16280,1,Y,No,12,3,4,80,0,23,0,3,22,15,15,8,GlassDoor
33,Current employee,Travel_Frequently,515,Research & Development,1,2,Life Sciences,1,968,124423,1,Female,40,3,2,Sales Executive,1,Divorced,5454,4009,5,Y,Yes,21,3,3,80,1,9,2,2,4,3,1,3,Seek
33,Current employee,Travel_Frequently,515,Research & Development,1,2,Life Sciences,1,970,124425,1,Female,40,3,2,Sales Executive,1,Divorced,5454,4009,4,Y,Yes,21,3,3,80,1,9,2,2,4,3,1,3,Seek
33,Current employee,Travel_Frequently,515,Research & Development,1,2,Life Sciences,1,971,124426,1,Female,40,3,2,Sales Executive,1,Divorced,5454,4009,5,Y,Yes,21,4,3,80,1,9,2,2,4,3,1,3,Seek
33,Current employee,Travel_Frequently,515,Research & Development,1,2,Life Sciences,1,972,124427,1,Female,40,3,2,Sales Executive,1,Divorced,5454,4009,4,Y,Yes,21,4,3,80,1,9,2,2,4,3,1,3,Seek
33,Current employee,Travel_Frequently,515,Research & Development,1,2,Life Sciences,1,976,124431,1,Female,40,3,2,Sales Executive,1,Divorced,5454,4009,5,Y,Yes,21,3,3,80,1,9,2,2,4,3,1,3,Seek
33,Current employee,Travel_Frequently,515,Research & Development,1,2,Life Sciences,1,978,124433,1,Female,40,3,2,Sales Executive,1,Divorced,5454,4009,4,Y,Yes,21,3,3,80,1,9,2,2,4,3,1,3,Seek
33,Current employee,Travel_Frequently,515,Research & Development,1,2,Life Sciences,1,979,124434,1,Female,40,3,2,Sales Executive,1,Divorced,2121,23522,1,Y,Yes,13,3,2,80,0,1,3,4,1,0,0,0,Indeed
33,Current employee,Travel_Frequently,515,Research & Development,1,2,Life Sciences,1,980,124435,1,Female,40,3,2,Sales Executive,1,Divorced,5454,4009,4,Y,Yes,21,4,3,80,1,9,2,2,4,3,1,3,Seek
33,Current employee,Travel_Frequently,515,Research & Development,1,2,Life Sciences,1,1015,124470,1,Female,98,3,3,Research Director,4,Single,13458,15146,1,Y,Yes,12,3,3,80,0,15,1,3,15,14,8,12,Seek
33,Current employee,Travel_Frequently,515,Research & Development,1,2,Human Resources,1,1017,124472,1,Female,98,3,3,Research Director,4,Single,13458,15146,1,Y,Yes,12,3,3,80,0,15,1,3,15,14,8,12,Seek
33,Current employee,Travel_Frequently,515,Research & Development,1,2,Life Sciences,1,1019,124474,1,Female,98,3,3,Research Director,4,Single,13458,15146,1,Y,Yes,12,3,3,80,0,15,1,3,15,14,8,12,Seek
33,Current employee,Travel_Frequently,515,Research & Development,1,2,Human Resources,1,1020,124475,1,Female,98,3,3,Research Director,4,Single,13458,15146,1,Y,Yes,12,3,3,80,0,15,1,3,15,14,8,12,Seek
33,Current employee,Travel_Frequently,515,Research & Development,1,2,Life Sciences,1,1023,124478,1,Female,98,3,3,Research Director,4,Single,13458,15146,1,Y,Yes,12,3,3,80,0,15,1,3,15,14,8,12,Seek
33,Current employee,Travel_Frequently,515,Research & Development,1,2,Human Resources,1,1025,124480,1,Female,98,3,3,Research Director,4,Single,13458,15146,1,Y,Yes,12,3,3,80,0,15,1,3,15,14,8,12,Seek
33,Current employee,Travel_Frequently,515,Research & Development,1,2,Life Sciences,1,1027,124482,1,Female,98,3,3,Research Director,4,Single,13458,15146,1,Y,Yes,12,3,3,80,0,15,1,3,15,14,8,12,Seek
33,Current employee,Travel_Frequently,515,Research & Development,1,2,Human Resources,1,1028,124483,1,Female,98,3,3,Research Director,4,Single,13458,15146,1,Y,Yes,12,3,3,80,0,15,1,3,15,14,8,12,Seek
33,Current employee,Travel_Rarely,134,Research & Development,2,3,Life Sciences,1,1753,125208,1,Female,42,3,2,Research Scientist,3,Single,4809,12482,1,Y,No,14,3,3,80,0,16,3,3,16,13,2,10,GlassDoor
33,Current employee,Travel_Rarely,134,Research & Development,2,3,Life Sciences,1,1754,125209,1,Female,42,3,2,Research Scientist,3,Single,4809,12482,2,Y,No,14,3,3,80,0,16,3,3,16,13,2,10,GlassDoor
33,Current employee,Travel_Rarely,134,Research & Development,2,3,Life Sciences,1,1756,125211,1,Female,42,3,2,Research Scientist,3,Single,4809,12482,1,Y,No,14,3,3,80,0,16,3,3,16,13,2,10,GlassDoor
33,Current employee,Travel_Rarely,134,Research & Development,2,3,Life Sciences,1,1757,125212,1,Female,42,3,2,Research Scientist,3,Single,4809,12482,2,Y,No,14,3,3,80,0,16,3,3,16,13,2,10,GlassDoor
33,Current employee,Travel_Rarely,134,Research & Development,2,3,Life Sciences,1,1760,125215,1,Female,42,3,2,Research Scientist,3,Single,4809,12482,1,Y,No,14,3,3,80,0,16,3,3,16,13,2,10,GlassDoor
33,Current employee,Travel_Rarely,134,Research & Development,2,3,Life Sciences,1,1761,125216,1,Female,42,3,2,Research Scientist,3,Single,4809,12482,2,Y,No,14,3,3,80,0,16,3,3,16,13,2,10,GlassDoor
33,Current employee,Travel_Rarely,134,Research & Development,2,3,Life Sciences,1,1763,125218,1,Female,42,3,2,Research Scientist,3,Single,2011,23522,1,Y,No,13,3,4,80,1,10,5,3,10,5,7,7,Recruit.net
33,Current employee,Travel_Rarely,134,Research & Development,2,3,Life Sciences,1,1764,125219,1,Female,42,3,2,Research Scientist,3,Single,4809,12482,2,Y,No,14,3,3,80,0,16,3,3,16,13,2,10,GlassDoor
33,Current employee,Non-Travel,750,Sales,22,2,Marketing,1,2032,125487,3,Male,95,3,2,Sales Executive,2,Married,6146,15480,0,Y,No,13,4,1,80,1,8,2,4,7,7,0,7,Company Website
33,Current employee,Non-Travel,750,Sales,22,2,Other,1,2035,125490,3,Male,95,3,2,Sales Executive,2,Married,6146,15480,7,Y,No,13,3,1,80,1,8,2,4,7,7,0,7,Company Website
33,Current employee,Non-Travel,750,Sales,22,2,Marketing,1,2036,125491,3,Male,95,3,2,Sales Executive,2,Married,6146,15480,0,Y,No,13,3,1,80,1,8,2,4,7,7,0,7,Company Website
33,Current employee,Non-Travel,750,Sales,22,2,Other,1,2037,125492,3,Male,95,3,2,Sales Executive,2,Married,6146,15480,7,Y,No,13,3,1,80,1,8,2,4,7,7,0,7,Company Website
33,Current employee,Non-Travel,750,Sales,22,2,Marketing,1,2040,125495,3,Male,95,3,2,Sales Executive,2,Married,6146,15480,0,Y,No,13,4,1,80,1,8,2,4,7,7,0,7,Company Website
33,Current employee,Non-Travel,750,Sales,22,2,Other,1,2043,125498,3,Male,95,3,2,Sales Executive,2,Married,6146,15480,7,Y,No,13,3,1,80,1,8,2,4,7,7,0,7,Company Website
33,Current employee,Non-Travel,750,Sales,22,2,Marketing,1,2044,125499,3,Male,95,3,2,Sales Executive,2,Married,6146,15480,0,Y,No,13,3,1,80,1,8,2,4,7,7,0,7,Company Website
33,Current employee,Non-Travel,750,Sales,22,2,Other,1,2045,125500,3,Male,95,3,2,Sales Executive,2,Married,6146,15480,7,Y,No,13,3,1,80,1,8,2,4,7,7,0,7,Company Website
33,Current employee,Travel_Rarely,832,Research & Development,5,4,Life Sciences,1,2129,125584,1,Male,43,3,1,Sales Representative,3,Single,1675,26820,1,Y,Yes,19,3,4,80,0,0,2,2,0,0,0,0,Recruit.net
33,Current employee,Travel_Rarely,832,Research & Development,5,4,Life Sciences,1,2130,125585,1,Male,43,3,1,Sales Representative,3,Single,1675,26820,9,Y,Yes,19,3,4,80,0,0,2,2,0,0,0,0,Recruit.net
33,Current employee,Travel_Rarely,832,Research & Development,5,4,Life Sciences,1,2134,125589,1,Male,43,3,1,Sales Representative,3,Single,1675,26820,1,Y,Yes,19,3,4,80,0,0,2,2,0,0,0,0,Recruit.net
33,Current employee,Travel_Rarely,832,Research & Development,5,4,Life Sciences,1,2135,125590,1,Male,43,3,1,Sales Representative,3,Single,1675,26820,9,Y,Yes,19,3,4,80,0,0,2,2,0,0,0,0,Recruit.net
33,Current employee,Travel_Rarely,832,Research & Development,5,4,Life Sciences,1,2137,125592,1,Male,43,3,1,Sales Representative,3,Single,1675,26820,1,Y,Yes,19,3,4,80,0,0,2,2,0,0,0,0,Recruit.net
33,Current employee,Travel_Rarely,832,Research & Development,5,4,Life Sciences,1,2138,125593,1,Male,43,3,1,Sales Representative,3,Single,1675,26820,9,Y,Yes,19,3,4,80,0,0,2,2,0,0,0,0,Recruit.net
33,Current employee,Travel_Rarely,832,Research & Development,5,4,Life Sciences,1,2142,125597,1,Male,43,3,1,Sales Representative,3,Single,17924,4544,1,Y,No,11,3,2,80,1,9,3,3,4,2,1,3,Jora
33,Current employee,Travel_Rarely,832,Research & Development,5,4,Life Sciences,1,2143,125598,1,Male,43,3,1,Sales Representative,3,Single,1675,26820,9,Y,Yes,19,3,4,80,0,0,2,2,0,0,0,0,Recruit.net
33,Current employee,Travel_Frequently,553,Research & Development,5,4,Life Sciences,1,2629,126084,1,Female,44,3,1,Sales Representative,3,Married,2231,11314,6,Y,No,18,4,4,80,1,6,3,3,4,3,1,2,Seek
33,Current employee,Travel_Frequently,553,Research & Development,5,4,Life Sciences,1,2631,126086,1,Female,44,3,1,Sales Representative,3,Married,2231,11314,9,Y,No,18,3,4,80,1,6,3,3,4,3,1,2,Seek
33,Current employee,Travel_Frequently,553,Research & Development,5,4,Life Sciences,1,2632,126087,1,Female,44,3,1,Sales Representative,3,Married,2231,11314,6,Y,No,18,3,4,80,1,6,3,3,4,3,1,2,Seek
33,Current employee,Travel_Frequently,553,Research & Development,5,4,Life Sciences,1,2633,126088,1,Female,44,3,1,Sales Representative,3,Married,2231,11314,9,Y,No,18,3,4,,1,6,3,3,4,3,1,2,Seek
33,Current employee,Travel_Frequently,553,Research & Development,5,4,Life Sciences,1,2638,126093,1,Female,44,3,1,Sales Representative,3,Married,2231,11314,9,Y,No,18,3,4,80,1,6,3,3,4,3,1,2,Seek
33,Current employee,Travel_Frequently,553,Research & Development,5,4,Life Sciences,1,2639,126094,1,Female,44,3,1,Sales Representative,3,Married,2231,11314,6,Y,No,18,3,4,80,1,6,3,3,4,3,1,2,Seek
33,Current employee,Travel_Frequently,553,Research & Development,5,4,Life Sciences,1,2640,126095,1,Female,44,3,1,Sales Representative,3,Married,2231,11314,9,Y,No,18,3,4,80,1,6,3,3,4,3,1,2,Seek
33,Current employee,Travel_Rarely,134,Research & Development,2,3,Life Sciences,1,2896,126351,3,Male,90,3,1,Research Scientist,4,Single,2500,10515,0,Y,No,14,3,1,80,0,4,2,4,3,1,0,2,Seek
33,Current employee,Travel_Rarely,134,Research & Development,2,3,Life Sciences,1,2898,126353,3,Male,90,3,1,Research Scientist,4,Single,2500,10515,2,Y,,14,3,1,80,0,4,2,4,3,1,0,2,Seek
33,Current employee,Travel_Rarely,134,Research & Development,2,3,Life Sciences,1,2902,126357,3,Male,90,3,1,Research Scientist,4,Single,2500,10515,0,Y,No,14,3,1,80,0,4,2,4,3,1,0,2,Seek
33,Current employee,Travel_Rarely,134,Research & Development,2,3,Life Sciences,1,2903,126358,3,Male,90,3,1,Research Scientist,4,Single,2500,10515,2,Y,No,14,3,1,80,0,4,2,4,3,1,0,2,Seek
33,Current employee,Travel_Rarely,134,Research & Development,2,3,Life Sciences,1,2904,126359,3,Male,90,3,1,Research Scientist,4,Single,2500,10515,0,Y,No,14,3,1,80,0,4,2,4,3,1,0,2,Seek
33,Current employee,Travel_Rarely,134,Research & Development,2,3,Life Sciences,1,2906,126361,3,Male,90,3,1,Research Scientist,4,Single,2500,10515,2,Y,No,14,3,1,80,0,4,2,4,3,1,0,2,Seek
33,Current employee,Travel_Rarely,134,Research & Development,2,3,Life Sciences,1,2910,126365,3,Male,90,3,1,Research Scientist,4,Single,2500,10515,0,Y,No,14,3,1,80,0,4,2,4,3,1,0,2,Seek
33,Current employee,Travel_Rarely,134,Research & Development,2,3,Life Sciences,1,2911,126366,3,Male,90,3,1,Research Scientist,4,Single,2500,10515,2,Y,No,14,3,1,80,0,4,2,4,3,1,0,2,Seek
33,Current employee,Travel_Rarely,931,Research & Development,14,3,Medical,1,3037,126492,4,Female,72,3,1,Research Scientist,2,Married,2756,4673,1,Y,No,13,4,4,80,1,8,5,3,8,7,1,6,Adzuna
33,Current employee,Travel_Rarely,931,Research & Development,14,3,Medical,1,3040,126495,4,Female,72,3,1,Research Scientist,2,Married,2756,4673,3,Y,No,13,3,4,80,1,8,5,3,8,7,1,6,Adzuna
33,Current employee,Travel_Rarely,931,Research & Development,14,3,Medical,1,3041,126496,4,Female,72,3,1,Research Scientist,2,Married,2756,4673,1,Y,No,13,3,4,80,1,8,5,3,8,7,1,6,Adzuna
33,Current employee,Travel_Rarely,931,Research & Development,14,3,Medical,1,3042,126497,4,Female,72,3,1,Research Scientist,2,Married,2756,4673,3,Y,No,13,3,4,80,1,8,5,3,8,7,1,6,Adzuna
33,Current employee,Travel_Rarely,931,Research & Development,14,3,Medical,1,3045,126500,4,Female,72,3,1,Research Scientist,2,Married,2756,4673,1,Y,No,13,4,4,80,1,8,5,3,8,7,1,6,Adzuna
33,Current employee,Travel_Rarely,931,Research & Development,14,3,Medical,1,3048,126503,4,Female,72,3,1,Research Scientist,2,Married,2756,4673,3,Y,No,13,3,4,80,1,8,5,3,8,7,1,6,Adzuna
33,Current employee,Travel_Rarely,931,Research & Development,14,3,Medical,1,3049,126504,4,Female,72,3,1,Research Scientist,2,Married,2756,4673,1,Y,No,13,3,4,80,1,8,5,3,8,7,1,6,Adzuna
33,Current employee,Travel_Rarely,931,Research & Development,14,3,Medical,1,3050,126505,4,Female,72,3,1,Research Scientist,2,Married,2756,4673,3,Y,No,13,3,4,80,1,8,5,3,8,7,1,6,Adzuna
33,Current employee,Travel_Rarely,147,Research & Development,4,4,Medical,1,3621,127076,3,Female,47,2,1,Research Scientist,2,Married,2622,13248,6,Y,No,21,4,4,80,0,7,3,3,3,2,1,1,GlassDoor
33,Current employee,Travel_Rarely,147,Research & Development,4,4,Life Sciences,1,3624,127079,3,Female,47,2,1,Research Scientist,2,Married,2622,13248,3,Y,No,21,3,4,80,0,7,3,3,3,2,1,1,GlassDoor
33,Current employee,Travel_Rarely,147,Research & Development,4,4,Medical,1,3627,127082,3,Female,47,2,1,Research Scientist,2,Married,2622,13248,6,Y,No,21,4,4,80,0,7,3,3,3,2,1,1,GlassDoor
33,Current employee,Travel_Rarely,147,Research & Development,4,4,Life Sciences,1,3628,127083,3,Female,47,2,1,Research Scientist,2,Married,2622,13248,3,Y,No,21,4,4,80,0,7,3,3,3,2,1,1,GlassDoor
33,Current employee,Travel_Rarely,147,Research & Development,4,4,Medical,1,3629,127084,3,Female,47,2,1,Research Scientist,2,Married,2622,13248,6,Y,No,21,4,4,80,0,7,3,3,3,2,1,1,GlassDoor
33,Current employee,Travel_Rarely,147,Research & Development,4,4,Life Sciences,1,3632,127087,3,Female,47,2,1,Research Scientist,2,Married,2622,13248,3,Y,No,21,3,4,80,0,7,3,3,3,2,1,1,GlassDoor
33,Current employee,Travel_Rarely,147,Research & Development,4,4,Medical,1,3635,127090,3,Female,47,2,1,Research Scientist,2,Married,2622,13248,6,Y,No,21,4,4,80,0,7,3,3,3,2,1,1,GlassDoor
33,Current employee,Travel_Rarely,147,Research & Development,4,4,Life Sciences,1,3636,127091,3,Female,47,2,1,Research Scientist,2,Married,2622,13248,3,Y,No,21,4,4,80,0,7,3,3,3,2,1,1,GlassDoor
33,Current employee,Travel_Frequently,1296,Research & Development,6,3,Life Sciences,1,3782,127237,1,Male,47,3,5,Manager,4,Married,19232,4933,1,Y,No,11,3,4,80,0,22,3,3,22,17,11,15,Seek
33,Current employee,Travel_Frequently,1296,Research & Development,6,3,Marketing,1,3784,127239,1,Male,47,3,5,Manager,4,Married,19232,4933,1,Y,No,11,3,4,80,0,22,3,3,22,17,11,15,Seek
33,Current employee,Travel_Frequently,1296,Research & Development,6,3,Life Sciences,1,3785,127240,1,Male,47,3,5,Manager,4,Married,19232,4933,1,Y,No,11,3,4,80,0,22,3,3,22,17,11,15,Seek
33,Current employee,Travel_Frequently,1296,Research & Development,6,3,Marketing,1,3786,127241,1,Male,47,3,5,Manager,4,Married,19232,4933,1,Y,No,11,3,4,80,0,22,3,3,22,17,11,15,Seek
33,Current employee,Travel_Frequently,1296,Research & Development,6,3,Life Sciences,1,3790,127245,1,Male,47,3,5,Manager,4,Married,19232,4933,1,Y,No,11,3,4,80,0,22,3,3,22,17,11,15,Seek
33,Current employee,Travel_Frequently,1296,Research & Development,6,3,Marketing,1,3792,127247,1,Male,47,3,5,Manager,4,Married,19232,4933,1,Y,No,11,3,4,80,0,22,3,3,22,17,11,15,Seek
33,Current employee,Travel_Frequently,1296,Research & Development,6,3,Life Sciences,1,3793,127248,1,Male,47,3,5,Manager,4,Married,19232,4933,1,Y,No,11,3,4,80,0,22,3,3,22,17,11,15,Seek
33,Current employee,Travel_Frequently,,1296,Research & Development,6,3,Marketing,1,3794,127249,1,Male,47,3,5,Manager,4,Married,19232,4933,1,Y,No,11,3,4,80,0,22,3,3,22,17,11,15
33,Current employee,Travel_Rarely,832,Research & Development,5,4,Life Sciences,1,4021,127476,3,,63,2,1,Research Scientist,4,Married,2911,14776,1,Y,No,13,3,3,80,1,2,2,2,2,2,0,2,Company Website
33,Current employee,Travel_Rarely,832,Research & Development,5,4,Life Sciences,1,4024,127479,3,Female,63,2,1,Research Scientist,4,Married,2911,14776,3,Y,No,13,4,3,80,1,2,2,2,2,2,0,2,Company Website
33,Current employee,Travel_Rarely,832,Research & Development,5,4,Life Sciences,1,4025,127480,3,Female,63,2,1,Research Scientist,4,Married,2911,14776,1,Y,No,13,3,3,80,1,2,2,2,2,2,0,2,Company Website
33,Current employee,Travel_Rarely,832,Research & Development,5,4,Life Sciences,1,4026,127481,3,Female,63,2,1,Research Scientist,4,Married,2911,14776,3,Y,No,13,3,3,80,1,2,2,2,2,2,0,2,Company Website
33,Current employee,Travel_Rarely,832,Research & Development,5,4,Life Sciences,1,4029,127484,3,Female,63,2,1,Research Scientist,4,Married,2911,14776,1,Y,No,13,3,3,80,1,2,2,2,2,2,0,2,Company Website
33,Current employee,Travel_Rarely,832,Research & Development,5,4,Life Sciences,1,4032,127487,3,Female,63,2,1,Research Scientist,4,Married,2911,14776,3,Y,No,13,4,3,80,1,2,2,2,2,2,0,2,Company Website
33,Current employee,Travel_Rarely,832,Research & Development,5,4,Life Sciences,1,4033,127488,3,Female,63,2,1,Research Scientist,4,Married,2911,14776,1,Y,No,13,3,3,80,1,2,2,2,2,2,0,2,Company Website
33,Current employee,Travel_Rarely,832,Research & Development,5,4,Life Sciences,1,4034,127489,3,Female,63,2,1,Research Scientist,4,Married,2911,14776,3,Y,No,13,3,3,80,1,2,2,2,2,2,0,2,Company Website
33,Current employee,Travel_Rarely,1069,Research & Development,1,3,Life Sciences,1,5010,128465,2,Male,51,1,2,Healthcare Representative,3,Divorced,5660,17056,2,Y,Yes,13,3,4,80,1,12,2,3,5,3,1,2,Jora
33,Current employee,Travel_Rarely,1069,Research & Development,1,3,Life Sciences,1,5012,128467,2,Male,51,1,2,Healthcare Representative,3,Divorced,5660,17056,0,Y,Yes,13,3,4,80,1,12,2,3,5,3,1,2,Jora
33,Current employee,Travel_Rarely,1069,Research & Development,1,3,Life Sciences,1,5013,128468,2,Male,51,1,2,Healthcare Representative,3,Divorced,5660,17056,2,Y,Yes,13,3,4,80,1,12,2,3,5,3,1,2,Jora
33,Current employee,Travel_Rarely,1069,Research & Development,1,3,Life Sciences,1,5014,128469,2,Male,51,1,2,Healthcare Representative,3,Divorced,5660,17056,0,Y,Yes,13,3,4,80,1,12,2,3,5,3,1,2,Jora
33,Current employee,Travel_Rarely,1069,Research & Development,1,3,Life Sciences,1,5018,128473,2,Male,51,1,2,Healthcare Representative,3,Divorced,5660,17056,2,Y,Yes,13,3,4,80,1,12,2,3,5,3,1,2,Jora
33,Current employee,Travel_Rarely,1069,Research & Development,1,3,Life Sciences,1,5020,128475,2,Male,51,1,2,Healthcare Representative,3,Divorced,5660,17056,0,Y,Yes,13,3,4,80,1,12,2,3,5,3,1,2,Jora
33,Current employee,Travel_Rarely,1069,Research & Development,1,3,Life Sciences,1,5021,128476,2,Male,51,1,2,Healthcare Representative,3,Divorced,5660,17056,2,Y,Yes,13,3,4,80,1,12,2,3,5,3,1,2,Jora
33,Current employee,Travel_Rarely,1069,Research & Development,1,3,Life Sciences,1,5022,128477,2,Male,51,1,2,Healthcare Representative,3,Divorced,5660,17056,0,Y,Yes,13,3,4,80,1,12,2,3,5,3,1,2,Jora
33,Current employee,Travel_Frequently,553,Research & Development,5,4,Life Sciences,1,5089,128544,4,Female,74,3,3,Manager,2,Married,11878,23364,6,Y,No,11,3,2,80,2,12,2,3,10,6,8,8,Company Website
33,Current employee,Travel_Frequently,553,Research & Development,5,4,Life Sciences,1,5092,128547,4,Female,74,3,3,Manager,2,Married,11878,23364,1,Y,No,11,3,2,80,2,12,2,3,10,6,8,8,Company Website
33,Current employee,Travel_Frequently,553,Research & Development,5,4,Life Sciences,1,5093,128548,4,Female,74,3,3,Manager,2,Married,11878,23364,6,Y,No,11,3,2,80,2,12,2,3,10,6,8,8,Company Website
33,Current employee,Travel_Frequently,553,Research & Development,5,4,Life Sciences,1,5094,128549,4,Female,74,3,3,Manager,2,Married,11878,23364,1,Y,No,11,3,2,80,2,12,2,3,10,6,8,8,Company Website
33,Current employee,Travel_Frequently,553,Research & Development,5,4,Life Sciences,1,5097,128552,4,Female,74,3,3,Manager,2,Married,11878,23364,6,Y,No,11,3,2,80,2,12,2,3,10,6,8,8,Company Website
33,Current employee,Travel_Frequently,553,Research & Development,5,4,Life Sciences,1,5100,128555,4,Female,74,3,3,Manager,2,Married,11878,23364,1,Y,No,11,3,2,80,2,12,2,3,10,6,8,8,Company Website
33,Current employee,Travel_Frequently,553,Research & Development,5,4,Life Sciences,1,5101,128556,4,Female,74,3,3,Manager,2,Married,11878,23364,6,Y,No,11,3,2,80,2,12,2,3,10,6,8,8,Company Website
33,Current employee,Travel_Frequently,553,Research & Development,5,4,Life Sciences,1,5102,128557,4,Female,74,3,3,Manager,2,Married,11878,23364,1,Y,No,11,3,2,80,2,12,2,3,10,6,8,8,Company Website
33,Current employee,Non-Travel,722,Sales,17,3,Life Sciences,1,5121,128576,2,Female,51,3,1,Laboratory Technician,4,Single,2455,10675,0,Y,No,19,3,1,80,0,9,5,3,8,7,1,7,Seek
33,Current employee,Non-Travel,722,Sales,17,3,Medical,1,5123,128578,2,Female,51,3,1,Laboratory Technician,4,Single,2455,10675,1,Y,No,19,3,1,80,0,9,5,3,8,7,1,7,Seek
33,Current employee,Non-Travel,722,Sales,17,3,Life Sciences,1,5124,128579,2,Female,51,3,1,Laboratory Technician,4,Single,2455,10675,0,Y,No,19,3,1,80,0,9,5,3,8,7,1,7,Seek
33,Current employee,Non-Travel,722,Sales,17,3,Medical,1,5125,128580,2,Female,51,3,1,Laboratory Technician,4,Single,2455,10675,1,Y,No,19,3,1,80,0,9,5,3,8,7,1,7,Seek
33,Current employee,Non-Travel,722,Sales,17,3,Life Sciences,1,5129,128584,2,Female,51,3,1,Laboratory Technician,4,Single,2455,10675,0,Y,No,19,3,1,80,0,9,5,3,8,7,1,7,Seek
33,Current employee,Non-Travel,722,Sales,17,3,Medical,1,5131,128586,2,Female,51,3,1,Laboratory Technician,4,Single,2455,10675,1,Y,No,19,3,1,80,0,9,5,3,8,7,1,7,Seek
33,Current employee,Non-Travel,722,Sales,17,3,Life Sciences,1,5132,128587,2,Female,51,3,1,Laboratory Technician,4,Single,2455,10675,0,Y,No,19,3,1,80,0,9,5,3,8,7,1,7,Seek
33,Current employee,Non-Travel,722,Sales,17,3,Medical,1,5133,128588,2,Female,51,3,1,Laboratory Technician,4,Single,2455,10675,1,Y,No,19,3,1,80,0,9,5,3,8,7,1,7,Seek
33,Current employee,Travel_Rarely,461,Research & Development,13,1,Life Sciences,1,5153,128608,2,Male,51,2,2,Research Scientist,2,Married,4941,17747,2,Y,No,15,3,1,80,0,11,3,2,8,2,7,7,Indeed
33,Current employee,Travel_Rarely,461,Research & Development,13,1,Medical,1,5155,128610,2,Male,51,2,2,Research Scientist,2,Married,4941,17747,3,Y,No,15,3,1,80,0,11,3,2,8,2,7,7,Indeed
33,Current employee,Travel_Rarely,461,Research & Development,13,1,Life Sciences,1,5156,128611,2,Male,51,2,2,Research Scientist,2,Married,4941,17747,2,Y,No,15,3,1,80,0,11,3,2,8,2,7,7,Indeed
33,Current employee,Travel_Rarely,461,Research & Development,13,1,Medical,1,5157,128612,2,Male,51,2,2,Research Scientist,2,Married,4941,17747,3,Y,No,15,3,1,80,0,11,3,2,8,2,7,7,Indeed
33,Current employee,Travel_Rarely,461,Research & Development,13,1,Life Sciences,1,5161,128616,2,Male,51,2,2,Research Scientist,2,Married,4941,17747,2,Y,No,15,3,1,80,0,11,3,2,8,2,7,7,Indeed
33,Current employee,Travel_Rarely,461,Research & Development,13,1,Medical,1,5163,128618,2,Male,51,2,2,Research Scientist,2,Married,4941,17747,3,Y,No,15,3,1,80,0,11,3,2,8,2,7,7,Indeed
33,Current employee,Travel_Rarely,461,Research & Development,13,1,Life Sciences,1,5164,128619,2,Male,51,2,2,Research Scientist,2,Married,4941,17747,2,Y,No,15,3,1,80,0,11,3,2,8,2,7,7,Indeed
33,Current employee,Travel_Rarely,461,Research & Development,13,1,Medical,1,5165,128620,2,Male,51,2,2,Research Scientist,2,Married,4941,17747,3,Y,No,15,3,1,80,0,11,3,2,8,2,7,7,Indeed
33,Current employee,Travel_Frequently,508,Sales,10,3,Marketing,1,5324,128779,2,Male,46,2,2,Sales Executive,4,Single,4682,4317,3,Y,No,14,4,3,80,0,9,6,2,7,7,0,1,Recruit.net
33,Current employee,Travel_Frequently,508,Sales,10,3,Medical,1,5327,128782,2,Male,46,2,2,Sales Executive,4,Single,4682,4317,6,Y,No,14,3,3,80,0,9,6,2,7,7,0,1,Recruit.net
33,Current employee,Travel_Frequently,508,Sales,10,3,Marketing,1,5328,128783,2,Male,46,2,2,Sales Executive,4,Single,4682,4317,3,Y,No,14,3,3,80,0,9,6,2,7,7,0,1,Recruit.net
33,Current employee,Travel_Frequently,508,Sales,10,3,Medical,1,5329,128784,2,Male,46,2,2,Sales Executive,4,Single,4682,4317,6,Y,No,14,3,3,80,0,9,6,2,7,7,0,1,Recruit.net
33,Current employee,Travel_Frequently,508,Sales,10,3,Marketing,1,5332,128787,2,Male,46,2,2,Sales Executive,4,Single,4682,4317,3,Y,No,14,4,3,80,0,9,6,2,7,7,0,1,Recruit.net
33,Current employee,Travel_Frequently,508,Sales,10,3,Medical,1,5335,128790,2,Male,46,2,2,Sales Executive,4,Single,4682,4317,6,Y,No,14,3,3,80,0,9,6,2,7,7,0,1,Recruit.net
33,Current employee,Travel_Frequently,508,Sales,10,3,Marketing,1,5336,128791,2,Male,46,2,2,Sales Executive,4,Single,4682,4317,3,Y,No,14,3,3,80,0,9,6,2,7,7,0,1,Recruit.net
33,Current employee,Travel_Frequently,508,Sales,10,3,Medical,1,5337,128792,2,Male,46,2,2,Sales Executive,4,Single,4682,4317,6,Y,No,14,3,3,80,0,9,6,2,7,7,0,1,Recruit.net
33,Current employee,Non-Travel,1038,Sales,8,1,Life Sciences,1,5451,128906,2,Male,52,1,1,Laboratory Technician,1,Married,2119,4759,1,Y,Yes,11,3,4,80,0,7,4,2,7,7,0,7,Recruit.net
33,Current employee,Non-Travel,1038,Sales,8,1,Medical,1,5453,128908,2,Male,52,1,1,Laboratory Technician,1,Married,2119,4759,1,Y,Yes,11,3,4,80,0,7,4,2,7,7,0,7,Recruit.net
33,Current employee,Non-Travel,1038,Sales,8,1,Life Sciences,1,5456,128911,2,Male,52,1,1,Laboratory Technician,1,Married,2119,4759,1,Y,Yes,11,3,4,80,0,7,4,2,7,7,0,7,Recruit.net
33,Current employee,Non-Travel,1038,Sales,8,1,Medical,1,5457,128912,2,Male,52,1,1,Laboratory Technician,1,Married,2119,4759,1,Y,Yes,11,3,4,80,0,7,4,2,7,7,0,7,Recruit.net
33,Current employee,Non-Travel,1038,Sales,8,1,Life Sciences,1,5459,128914,2,Male,52,1,1,Laboratory Technician,1,Married,2119,4759,1,Y,Yes,11,3,4,80,0,7,4,2,7,7,0,7,Recruit.net
33,Current employee,Non-Travel,1038,Sales,8,1,Medical,1,5461,128916,2,Male,52,1,1,Laboratory Technician,1,Married,2119,4759,1,Y,Yes,11,3,4,80,0,7,4,2,7,7,0,7,Recruit.net
33,Current employee,Non-Travel,1038,Sales,8,1,Life Sciences,1,5464,128919,2,Male,52,1,1,Laboratory Technician,1,Married,2119,4759,1,Y,Yes,11,3,4,80,0,7,4,2,7,7,0,7,Recruit.net
33,Current employee,Non-Travel,1038,Sales,8,1,Medical,1,5465,128920,2,Male,52,1,1,Laboratory Technician,1,Married,2119,4759,1,Y,Yes,11,3,4,80,0,7,4,2,7,7,0,7,Recruit.net
33,Current employee,Travel_Rarely,654,Research & Development,5,3,Life Sciences,1,5623,129078,2,Male,52,3,2,Sales Representative,3,Single,2976,25751,3,Y,No,19,3,1,80,0,5,3,3,0,0,0,0,Seek
33,Current employee,Travel_Rarely,654,Research & Development,5,3,Life Sciences,1,5625,129080,2,Male,52,3,2,Sales Representative,3,Single,2976,25751,9,Y,No,19,3,1,80,0,5,3,3,0,0,0,0,Seek
33,Current employee,Travel_Rarely,654,Research & Development,5,3,Life Sciences,1,5626,129081,2,Male,52,3,2,Sales Representative,3,Single,2976,25751,3,Y,No,19,3,1,80,0,5,3,3,0,0,0,0,Seek
33,Current employee,Travel_Rarely,654,Research & Development,5,3,Life Sciences,1,5627,129082,2,Male,52,3,2,Sales Representative,3,Single,2976,25751,9,Y,No,19,3,1,80,0,5,3,3,0,0,0,0,Seek
33,Current employee,Travel_Rarely,654,Research & Development,5,3,Life Sciences,1,5631,129086,2,Male,52,3,2,Sales Representative,3,Single,2976,25751,3,Y,No,19,3,1,80,0,5,3,3,0,0,0,0,Seek
33,Current employee,Travel_Rarely,654,Research & Development,5,3,Life Sciences,1,5633,129088,2,Male,52,3,2,Sales Representative,3,Single,2976,25751,9,Y,No,19,3,1,80,0,5,3,3,0,0,0,0,Seek
33,Current employee,Travel_Rarely,654,Research & Development,5,3,Life Sciences,1,5634,129089,2,Male,52,3,2,Sales Representative,3,Single,2976,25751,3,Y,No,19,3,1,80,0,5,3,3,0,0,0,0,Seek
33,Current employee,Travel_Rarely,654,Research & Development,5,3,Life Sciences,1,5635,129090,2,Male,52,3,2,Sales Representative,3,Single,2976,25751,9,Y,No,19,3,1,80,0,5,3,3,0,0,0,0,Seek
33,Current employee,Travel_Frequently,970,Sales,7,3,Life Sciences,1,5687,129142,2,Female,52,3,1,Laboratory Technician,2,Married,2370,3956,1,Y,No,13,3,3,80,1,8,4,3,8,0,0,7,Seek
33,Current employee,Travel_Frequently,970,Sales,7,3,Marketing,1,5689,129144,2,Female,52,3,1,Laboratory Technician,2,Married,2370,3956,1,Y,No,13,3,3,80,1,8,4,3,8,0,0,7,Seek
33,Current employee,Travel_Frequently,970,Sales,7,3,Life Sciences,1,5692,129147,2,Female,52,3,1,Laboratory Technician,2,Married,2370,3956,1,Y,No,13,3,3,80,1,8,4,3,8,0,0,7,Seek
33,Current employee,Travel_Frequently,970,Sales,7,3,Marketing,1,5693,129148,2,Female,52,3,1,Laboratory Technician,2,Married,2370,3956,1,Y,No,13,3,3,80,1,8,4,3,8,0,0,7,Seek
33,Current employee,Travel_Frequently,970,Sales,7,3,Life Sciences,1,5695,129150,2,Female,52,3,1,Laboratory Technician,2,Married,2370,3956,1,Y,No,13,3,3,80,1,8,4,3,8,0,0,7,Seek
33,Current employee,Travel_Frequently,970,Sales,7,3,Marketing,1,5697,129152,2,Female,52,3,1,Laboratory Technician,2,Married,2370,3956,1,Y,No,13,3,3,80,1,8,4,3,8,0,0,7,Seek
33,Current employee,Travel_Frequently,970,Sales,7,3,Life Sciences,1,5700,129155,2,Female,52,3,1,Laboratory Technician,2,Married,2370,3956,1,Y,No,13,3,3,80,1,8,4,3,8,0,0,7,Seek
33,Current employee,Travel_Frequently,970,Sales,7,3,Marketing,1,5701,129156,2,Female,52,3,1,Laboratory Technician,2,Married,2370,3956,1,Y,No,13,3,3,80,1,8,4,3,8,0,0,7,Seek
33,Current employee,Travel_Frequently,1111,Sales,5,1,Life Sciences,1,7074,130529,2,Female,56,3,3,,1,Divorced,9950,11533,9,Y,Yes,15,3,3,80,3,11,2,3,3,2,0,2,LinkedIn
33,Current employee,Travel_Frequently,1111,Sales,5,1,Life Sciences,1,7075,130530,2,Female,56,3,3,Human Resources,1,Divorced,9950,11533,0,Y,Yes,15,3,3,80,3,11,2,3,3,2,0,2,LinkedIn
33,Current employee,Travel_Frequently,1111,Sales,5,1,Life Sciences,1,7077,130532,2,Female,56,3,3,Human Resources,1,Divorced,9950,11533,9,Y,Yes,15,3,3,80,3,11,2,3,3,2,0,2,LinkedIn
33,Current employee,Travel_Frequently,1111,Sales,5,1,Life Sciences,1,7078,130533,2,Female,56,3,3,Human Resources,1,Divorced,9950,11533,0,Y,Yes,15,3,3,80,3,11,2,3,3,2,0,2,LinkedIn
33,Current employee,Travel_Frequently,1111,Sales,5,1,Life Sciences,1,7082,130537,2,Female,56,3,3,Human Resources,1,Divorced,9950,11533,9,Y,Yes,15,3,3,80,3,11,2,3,3,2,0,2,LinkedIn
33,Current employee,Travel_Frequently,1111,Sales,5,1,Life Sciences,1,7083,130538,2,Female,56,3,3,Human Resources,1,Divorced,9950,11533,0,Y,Yes,15,3,3,80,3,11,2,3,3,2,0,2,LinkedIn
33,Current employee,Travel_Frequently,1111,Sales,5,1,Life Sciences,1,7085,130540,2,Female,56,3,3,Human Resources,1,Divorced,9950,11533,9,Y,Yes,15,3,3,80,3,11,2,3,3,2,0,2,LinkedIn
33,Current employee,Travel_Frequently,1111,Sales,5,1,Life Sciences,1,7086,130541,2,Female,56,3,3,Human Resources,1,Divorced,9950,11533,0,Y,Yes,15,3,3,80,3,11,2,3,3,2,0,2,LinkedIn
33,Current employee,Travel_Rarely,922,Research & Development,1,5,Medical,1,7315,130770,1,Female,95,4,4,Research Director,3,Divorced,16184,22578,4,Y,No,19,3,3,80,1,10,2,3,6,1,0,5,Company Website
33,Current employee,Travel_Rarely,922,Research & Development,1,5,Life Sciences,1,7317,130772,1,Female,95,4,4,Research Director,3,Divorced,16184,22578,1,Y,No,19,3,3,80,1,10,2,3,6,1,0,5,Company Website
33,Current employee,Travel_Rarely,922,Research & Development,1,5,Medical,1,7319,130774,1,Female,95,4,4,Research Director,3,Divorced,16184,22578,4,Y,No,19,3,3,80,1,10,2,3,6,1,0,5,Company Website
33,Current employee,Travel_Rarely,922,Research & Development,1,5,Life Sciences,1,7320,130775,1,Female,95,4,4,Research Director,3,Divorced,16184,22578,1,Y,No,19,3,3,80,1,10,2,3,6,1,0,5,Company Website
33,Current employee,Travel_Rarely,922,Research & Development,1,5,Medical,1,7323,130778,1,Female,95,4,4,Research Director,3,Divorced,16184,22578,4,Y,No,19,3,3,80,1,10,2,3,6,1,0,5,Company Website
33,Current employee,Travel_Rarely,922,Research & Development,1,5,Life Sciences,1,7324,130779,1,Female,95,4,4,Research Director,3,Divorced,16184,22578,1,Y,No,19,3,3,80,1,10,2,3,6,1,0,5,Company Website
33,Current employee,Travel_Rarely,922,Research & Development,1,5,Medical,1,7326,130781,1,Female,95,4,4,Research Director,3,Divorced,16184,22578,4,Y,No,19,3,3,80,1,10,2,3,6,1,0,5,Company Website
33,Current employee,Travel_Rarely,922,Research & Development,1,5,Life Sciences,1,7327,130782,1,Female,95,4,4,Research Director,3,Divorced,16184,22578,1,Y,No,19,3,3,80,1,10,2,3,6,1,0,5,Company Website
33,Current employee,Travel_Rarely,516,Research & Development,8,5,Life Sciences,1,7574,131029,2,Female,57,3,2,Manufacturing Director,2,Married,6447,15701,6,Y,No,12,4,2,80,1,8,2,2,6,5,4,3,Seek
33,Current employee,Travel_Rarely,516,Research & Development,8,5,Medical,1,7576,131031,2,Female,57,3,2,Manufacturing Director,2,Married,6447,15701,1,Y,No,12,3,2,80,1,8,2,2,6,5,4,3,Seek
33,Current employee,Travel_Rarely,516,Research & Development,8,5,Life Sciences,1,7577,131032,2,Female,57,3,2,Manufacturing Director,2,Married,6447,15701,6,Y,No,12,3,2,80,1,8,2,2,6,5,4,3,Seek
33,Current employee,Travel_Rarely,516,Research & Development,8,5,Medical,1,7578,131033,2,Female,57,3,2,Manufacturing Director,2,Married,6447,15701,1,Y,No,12,3,2,80,1,8,2,2,6,5,4,3,Seek
33,Current employee,Travel_Rarely,516,Research & Development,8,5,Life Sciences,1,7582,131037,2,Female,57,3,2,Manufacturing Director,2,Married,6447,15701,6,Y,No,12,4,2,80,1,8,2,2,6,5,4,3,Seek
33,Current employee,Travel_Rarely,516,Research & Development,8,5,Medical,1,7584,131039,2,Female,57,3,2,Manufacturing Director,2,Married,6447,15701,1,Y,No,12,3,2,80,1,8,2,2,6,5,4,3,Seek
33,Current employee,Travel_Rarely,516,Research & Development,8,5,Life Sciences,1,7585,131040,2,Female,57,3,2,Manufacturing Director,2,Married,6447,15701,6,Y,No,12,3,2,80,1,8,2,2,6,5,4,3,Seek
33,Current employee,Travel_Rarely,516,Research & Development,8,5,Medical,1,7586,131041,2,Female,57,3,2,Manufacturing Director,2,Married,6447,15701,1,Y,No,12,3,2,80,1,8,2,2,6,5,4,3,Seek
33,Current employee,Travel_Rarely,575,Research & Development,25,3,Life Sciences,1,7700,131155,2,Male,58,2,1,Sales Representative,1,Married,2033,14470,1,Y,No,18,4,3,80,1,1,2,4,1,0,0,0,Company Website
33,Current employee,Travel_Rarely,575,Research & Development,25,3,Technical Degree,1,7702,131157,2,Male,58,2,1,Sales Representative,1,Married,2033,14470,9,Y,No,18,3,3,80,1,1,2,4,1,0,0,0,Company Website
33,Current employee,Travel_Rarely,575,Research & Development,25,3,Life Sciences,1,7705,131160,2,Male,58,2,1,Sales Representative,1,Married,2033,14470,1,Y,No,18,3,3,80,1,1,2,4,1,0,0,0,Company Website
33,Current employee,Travel_Rarely,575,Research & Development,25,3,Technical Degree,1,7706,131161,2,Male,58,2,1,Sales Representative,1,Married,2033,14470,9,Y,No,18,3,3,80,1,1,2,4,1,0,0,0,Company Website
33,Current employee,Travel_Rarely,575,Research & Development,25,3,Life Sciences,1,7707,131162,2,Male,58,2,1,Sales Representative,1,Married,2033,14470,1,Y,No,18,4,3,80,1,1,2,4,1,0,0,0,Company Website
33,Current employee,Travel_Rarely,575,Research & Development,25,3,Technical Degree,1,7709,131164,2,Male,58,2,1,Sales Representative,1,Married,2033,14470,9,Y,No,18,3,3,80,1,1,2,4,1,0,0,0,Company Website
33,Current employee,Travel_Rarely,575,Research & Development,25,3,Life Sciences,1,7712,131167,2,Male,58,2,1,Sales Representative,1,Married,2033,14470,1,Y,No,18,3,3,80,1,1,2,4,1,0,0,0,Company Website
33,Current employee,Travel_Rarely,575,Research & Development,25,3,Technical Degree,1,7713,131168,2,Male,58,2,1,Sales Representative,1,Married,2033,14470,9,Y,No,18,3,3,80,1,1,2,4,1,0,0,0,Company Website
33,Current employee,Travel_Rarely,589,Research & Development,28,4,Life Sciences,1,7730,131185,2,Male,58,3,2,Sales Executive,1,Divorced,4233,11512,2,Y,No,17,3,3,80,0,9,2,1,3,1,1,2,Seek
33,Current employee,Travel_Rarely,589,Research & Development,28,4,Technical Degree,1,7732,131187,2,Male,58,3,2,Sales Executive,1,Divorced,4233,11512,8,Y,No,17,4,3,80,0,9,2,1,3,1,1,2,Seek
33,Current employee,Travel_Rarely,589,Research & Development,28,4,Life Sciences,1,7735,131190,2,Male,58,3,2,Sales Executive,1,Divorced,4233,11512,2,Y,No,17,3,3,80,0,9,2,1,3,1,1,2,Seek
33,Current employee,Travel_Rarely,589,Research & Development,28,4,Technical Degree,1,7736,131191,2,Male,58,3,2,Sales Executive,1,Divorced,4233,11512,8,Y,No,17,3,3,80,0,9,2,1,3,1,1,2,Seek
33,Current employee,Travel_Rarely,589,Research & Development,28,4,Life Sciences,1,7737,131192,2,Male,58,3,2,Sales Executive,1,Divorced,4233,11512,2,Y,No,17,3,3,80,0,9,2,1,3,1,1,2,Seek
33,Current employee,Travel_Rarely,589,Research & Development,28,4,Technical Degree,1,7739,131194,2,Male,58,3,2,Sales Executive,1,Divorced,4233,11512,8,Y,No,17,4,3,80,0,9,2,1,3,1,1,2,Seek
33,Current employee,Travel_Rarely,589,Research & Development,28,4,Life Sciences,1,7742,131197,2,Male,58,3,2,Sales Executive,1,Divorced,4233,11512,2,Y,No,17,3,3,80,0,9,2,1,3,1,1,2,Seek
33,Current employee,Travel_Rarely,589,Research & Development,28,4,Technical Degree,1,7743,131198,2,Male,58,3,2,Sales Executive,1,Divorced,4233,11512,8,Y,No,17,3,3,80,0,9,2,1,3,1,1,2,Seek
33,Current employee,Travel_Rarely,1242,Sales,8,4,Life Sciences,1,7835,131290,2,Male,58,2,4,Research Director,4,Divorced,16627,2671,4,Y,Yes,14,3,3,80,1,21,3,2,1,0,0,0,Recruit.net
33,Current employee,Travel_Rarely,1242,Sales,8,4,Medical,1,7837,131292,2,Male,58,2,4,Research Director,4,Divorced,16627,2671,2,Y,Yes,14,3,3,80,1,21,3,2,1,0,0,0,Recruit.net
33,Current employee,Travel_Rarely,1242,Sales,8,4,Life Sciences,1,7838,131293,2,Male,58,2,4,Research Director,4,Divorced,16627,2671,4,Y,Yes,14,3,3,80,1,21,3,2,1,0,0,0,Recruit.net
33,Current employee,Travel_Rarely,1242,Sales,8,4,Medical,1,7839,131294,2,Male,58,2,4,Research Director,4,Divorced,16627,2671,2,Y,Yes,14,3,3,80,1,21,3,2,1,0,0,0,Recruit.net
33,Current employee,Travel_Rarely,1242,Sales,8,4,Life Sciences,1,7842,131297,2,Male,58,2,4,Research Director,4,Divorced,16627,2671,4,Y,Yes,14,3,3,80,1,21,3,2,1,0,0,0,Recruit.net
33,Current employee,Travel_Rarely,1242,Sales,8,4,Medical,1,7844,131299,2,Male,58,2,4,Research Director,4,Divorced,16627,2671,2,Y,Yes,14,3,3,80,1,21,3,2,1,0,0,0,Recruit.net
33,Current employee,Travel_Rarely,1242,Sales,8,4,Life Sciences,1,7845,131300,2,Male,58,2,4,Research Director,4,Divorced,16627,2671,4,Y,Yes,14,3,3,80,1,21,3,2,1,0,0,0,Recruit.net
33,Current employee,Travel_Rarely,1242,Sales,8,4,Medical,1,7846,131301,2,Male,58,2,4,Research Director,4,Divorced,16627,2671,2,Y,Yes,14,3,3,80,1,21,3,2,1,0,0,0,Recruit.net
33,Current employee,Travel_Rarely,1216,Sales,8,4,Marketing,1,7991,131446,3,Male,39,3,2,Sales Executive,3,Divorced,7104,20431,0,Y,No,12,3,4,80,0,6,3,3,5,0,1,2,Company Website
33,Current employee,Travel_Rarely,1216,Sales,8,4,Marketing,1,7993,131448,3,Male,39,3,2,Sales Executive,3,Divorced,7104,20431,6,Y,No,12,3,4,80,0,6,3,3,5,0,1,2,Company Website
33,Current employee,Travel_Rarely,1216,Sales,8,4,Marketing,1,7995,131450,3,Male,39,3,2,Sales Executive,3,Divorced,7104,20431,0,Y,No,12,3,4,80,0,6,3,3,5,0,1,2,Company Website
33,Current employee,Travel_Rarely,1216,Sales,8,4,Marketing,1,7996,131451,3,Male,39,3,2,Sales Executive,3,Divorced,7104,20431,6,Y,No,12,3,4,80,0,6,3,3,5,0,1,2,Company Website
33,Current employee,Travel_Rarely,1216,Sales,8,4,Marketing,1,7999,131454,3,Male,39,3,2,Sales Executive,3,Divorced,7104,20431,0,Y,No,12,3,4,80,0,6,3,3,5,0,1,2,Company Website
33,Current employee,Travel_Rarely,1216,Sales,8,4,Marketing,1,8001,131456,3,Male,39,3,2,Sales Executive,3,Divorced,7104,20431,6,Y,No,12,3,4,80,0,6,3,3,5,0,1,2,Company Website
33,Current employee,Travel_Rarely,1216,Sales,8,4,Marketing,1,8003,131458,3,Male,39,3,2,Sales Executive,3,Divorced,7104,20431,0,Y,No,12,3,4,80,0,6,3,3,5,0,1,2,Company Website
33,Current employee,Travel_Rarely,1216,Sales,8,4,Marketing,1,8004,131459,3,Male,39,3,2,Sales Executive,3,Divorced,7104,20431,6,Y,No,12,3,4,80,0,6,3,3,5,0,1,2,Company Website
33,Current employee,Travel_Frequently,1296,Research & Development,6,3,Life Sciences,1,8150,131605,3,Male,30,3,2,Healthcare Representative,4,Divorced,7725,5335,3,Y,No,23,3,3,80,1,15,2,1,13,11,4,7,Jora
33,Current employee,Travel_Frequently,1296,Research & Development,6,3,Marketing,1,8152,131607,3,Male,30,3,2,Healthcare Representative,4,Divorced,7725,5335,0,Y,No,23,3,3,80,1,15,2,1,13,11,4,7,Jora
33,Current employee,Travel_Frequently,1296,Research & Development,6,3,Life Sciences,1,8154,131609,3,Male,30,3,2,Healthcare Representative,4,Divorced,7725,5335,3,Y,No,23,4,3,80,1,15,2,1,13,11,4,7,Jora
33,Current employee,Travel_Frequently,1296,Research & Development,6,3,Marketing,1,8155,131610,3,Male,30,3,2,Healthcare Representative,4,Divorced,7725,5335,0,Y,No,23,4,3,80,1,15,2,1,13,11,4,7,Jora
33,Current employee,Travel_Frequently,1296,Research & Development,6,3,Life Sciences,1,8158,131613,3,Male,30,3,2,Healthcare Representative,4,Divorced,7725,5335,3,Y,No,23,3,3,80,1,15,2,1,13,11,4,7,Jora
33,Current employee,Travel_Frequently,1296,Research & Development,6,3,Marketing,1,8160,131615,3,Male,30,3,2,Healthcare Representative,4,Divorced,7725,5335,0,Y,No,23,3,3,80,1,15,2,1,13,11,4,7,Jora
33,Current employee,Travel_Frequently,1296,Research & Development,6,3,Life Sciences,1,8162,131617,3,Male,30,3,2,Healthcare Representative,4,Divorced,7725,5335,3,Y,No,23,4,3,80,1,15,2,1,13,11,4,7,Jora
33,Current employee,Travel_Frequently,1296,Research & Development,6,3,Marketing,1,8163,131618,3,Male,30,3,2,Healthcare Representative,4,Divorced,7725,5335,0,Y,No,23,4,3,80,1,15,2,1,13,11,4,7,Jora
33,Current employee,Non-Travel,530,Sales,16,3,Life Sciences,1,8441,131896,2,Male,60,3,2,Sales Executive,4,Single,5396,21703,1,Y,No,12,4,4,80,0,10,2,2,10,7,0,8,Recruit.net
33,Current employee,Non-Travel,530,Sales,16,3,Medical,1,8443,131898,2,Male,60,3,2,Sales Executive,4,Single,5396,21703,7,Y,No,12,3,4,80,0,10,2,2,10,7,0,8,Recruit.net
33,Current employee,Non-Travel,530,Sales,16,3,Life Sciences,1,8446,131901,2,Male,60,3,2,Sales Executive,4,Single,5396,21703,1,Y,No,12,3,4,80,0,10,2,2,10,7,0,8,Recruit.net
33,Current employee,Non-Travel,530,Sales,16,3,Medical,1,8447,131902,2,Male,60,3,2,Sales Executive,4,Single,5396,21703,7,Y,No,12,3,4,80,0,10,2,2,10,7,0,8,Recruit.net
33,Current employee,Non-Travel,530,Sales,16,3,Life Sciences,1,8451,131906,2,Male,60,3,2,Sales Executive,4,Single,5396,21703,1,Y,No,12,4,4,80,0,10,2,2,10,7,0,8,Recruit.net
33,Current employee,Non-Travel,530,Sales,16,3,Medical,1,8453,131908,2,Male,60,3,2,Sales Executive,4,Single,5396,21703,7,Y,No,12,3,4,80,0,10,2,2,10,7,0,8,Recruit.net
33,Current employee,Non-Travel,530,Sales,16,3,Life Sciences,1,8456,131911,2,Male,60,3,2,Sales Executive,4,Single,5396,21703,1,Y,No,12,3,4,80,0,10,2,2,10,7,0,8,Recruit.net
33,Current employee,Non-Travel,530,Sales,16,3,Medical,1,8457,131912,2,Male,60,3,2,Sales Executive,4,Single,5396,21703,7,Y,No,12,3,4,80,0,10,2,2,10,7,0,8,Recruit.net
33,Current employee,Travel_Rarely,867,Research & Development,8,4,Life Sciences,1,8949,132404,2,Female,61,3,2,Healthcare Representative,1,Divorced,5093,4761,2,Y,No,11,3,1,80,1,16,2,4,1,0,0,0,GlassDoor
33,Current employee,Travel_Rarely,867,Research & Development,8,4,Medical,1,8951,132406,2,Female,61,3,2,Healthcare Representative,1,Divorced,5093,4761,0,Y,No,11,3,1,80,1,16,2,4,1,0,0,0,GlassDoor
33,Current employee,Travel_Rarely,867,Research & Development,8,4,Life Sciences,1,8952,132407,2,Female,61,3,2,Healthcare Representative,1,Divorced,5093,4761,2,Y,No,11,3,1,80,1,16,2,4,1,0,0,0,GlassDoor
33,Current employee,Travel_Rarely,867,Research & Development,8,4,Medical,1,8953,132408,2,Female,61,3,2,Healthcare Representative,1,Divorced,5093,4761,0,Y,No,11,3,1,80,1,16,2,4,1,0,0,0,GlassDoor
33,Current employee,Travel_Rarely,867,Research & Development,8,4,Life Sciences,1,8957,132412,2,Female,61,3,2,Healthcare Representative,1,Divorced,5093,4761,2,Y,No,11,3,1,80,1,16,2,4,1,0,0,0,GlassDoor
33,Current employee,Travel_Rarely,867,Research & Development,8,4,Medical,1,8959,132414,2,Female,61,3,2,Healthcare Representative,1,Divorced,5093,4761,0,Y,No,11,3,1,80,1,16,2,4,1,0,0,0,GlassDoor
33,Current employee,Travel_Rarely,867,Research & Development,8,4,Life Sciences,1,8960,132415,2,Female,61,3,2,Healthcare Representative,1,Divorced,5093,4761,2,Y,No,11,3,1,80,1,16,2,4,1,0,0,0,GlassDoor
33,Current employee,Travel_Rarely,867,Research & Development,8,4,Medical,1,8961,132416,2,Female,61,3,2,Healthcare Representative,1,Divorced,5093,4761,0,Y,No,11,3,1,80,1,16,2,4,1,0,0,0,GlassDoor
33,Current employee,Travel_Rarely,213,Research & Development,7,3,Medical,1,9476,132931,3,Male,49,3,3,Research Director,3,Married,11691,25995,0,Y,No,11,3,4,80,0,14,3,4,13,9,3,7,Indeed
33,Current employee,Travel_Rarely,213,Research & Development,7,3,Marketing,1,9479,132934,3,Male,49,3,3,Research Director,3,Married,11691,25995,2,Y,No,11,3,4,80,0,14,3,4,13,9,3,7,Indeed
33,Current employee,Travel_Rarely,213,Research & Development,7,3,Medical,1,9482,132937,3,Male,49,3,3,Research Director,3,Married,11691,25995,0,Y,No,11,3,4,80,0,14,3,4,13,9,3,7,Indeed
33,Current employee,Travel_Rarely,213,Research & Development,7,3,Marketing,1,9483,132938,3,Male,49,3,3,Research Director,3,Married,11691,25995,2,Y,No,11,3,4,80,0,14,3,4,13,9,3,7,Indeed
33,Current employee,Travel_Rarely,213,Research & Development,7,3,Medical,1,9484,132939,3,Male,49,3,3,Research Director,3,Married,11691,25995,0,Y,No,11,3,4,80,0,14,3,4,13,9,3,7,Indeed
33,Current employee,Travel_Rarely,213,Research & Development,7,3,Marketing,1,9487,132942,3,Male,49,3,3,Research Director,3,Married,11691,25995,2,Y,No,11,3,4,80,0,14,3,4,13,9,3,7,Indeed
33,Current employee,Travel_Rarely,213,Research & Development,7,3,Medical,1,9490,132945,3,Male,49,3,3,Research Director,3,Married,11691,25995,0,Y,No,11,3,4,80,0,14,3,4,13,9,3,7,Indeed
33,Current employee,Travel_Rarely,213,Research & Development,7,3,Marketing,1,9491,132946,3,Male,49,3,3,Research Director,3,Married,11691,25995,2,Y,No,11,3,4,80,0,14,3,4,13,9,3,7,Indeed
33,Current employee,Travel_Frequently,1303,Research & Development,7,2,Life Sciences,1,9701,133156,3,Male,63,3,2,Manufacturing Director,2,Married,4434,11806,1,Y,No,13,3,4,80,1,10,3,2,9,8,7,8,Company Website
33,Current employee,Travel_Frequently,1303,Research & Development,7,2,Marketing,1,9702,133157,3,Male,63,3,2,Manufacturing Director,2,Married,4434,11806,1,Y,No,13,3,4,80,1,10,3,2,9,8,7,8,Company Website
33,Current employee,Travel_Frequently,1303,Research & Development,7,2,Life Sciences,1,9704,133159,3,Male,63,3,2,Manufacturing Director,2,Married,4434,11806,1,Y,No,13,3,4,80,1,10,3,2,9,8,7,8,Company Website
33,Current employee,Travel_Frequently,1303,Research & Development,7,2,Marketing,1,9705,133160,3,Male,63,3,2,Manufacturing Director,2,Married,4434,11806,1,Y,No,13,3,4,80,1,10,3,2,9,8,7,8,Company Website
33,Current employee,Travel_Frequently,1303,Research & Development,7,2,Life Sciences,1,9709,133164,3,Male,63,3,2,Manufacturing Director,2,Married,4434,11806,1,Y,No,13,3,4,80,1,10,3,2,9,8,7,8,Company Website
33,Current employee,Travel_Frequently,1303,Research & Development,7,2,Marketing,1,9710,133165,3,Male,63,3,2,Manufacturing Director,2,Married,4434,11806,1,Y,No,13,3,4,80,1,10,3,2,9,8,7,8,Company Website
33,Current employee,Travel_Frequently,1303,Research & Development,7,2,Life Sciences,1,9712,133167,3,Male,63,3,2,Manufacturing Director,2,Married,4434,11806,1,Y,No,13,3,4,80,1,10,3,2,9,8,7,8,Company Website
33,Current employee,Travel_Frequently,1303,Research & Development,7,2,Marketing,1,9713,133168,3,Male,63,3,2,Manufacturing Director,2,Married,4434,11806,1,Y,No,13,3,4,80,1,10,3,2,9,8,7,8,Company Website
33,Current employee,Travel_Rarely,586,Sales,1,3,Medical,1,9939,133394,1,Male,48,4,2,Sales Executive,1,Divorced,4037,21816,1,Y,No,22,3,1,80,1,9,5,3,9,8,0,8,Company Website
33,Current employee,Travel_Rarely,586,Sales,1,3,Life Sciences,1,9941,133396,1,Male,48,4,2,Sales Executive,1,Divorced,4037,21816,4,Y,No,22,3,1,80,1,9,5,3,9,8,0,8,Company Website
33,Current employee,Travel_Rarely,586,Sales,1,3,Medical,1,9943,133398,1,Male,48,4,2,Sales Executive,1,Divorced,4037,21816,1,Y,No,22,4,1,80,1,9,5,3,9,8,0,8,Company Website
33,Current employee,Travel_Rarely,586,Sales,1,3,Life Sciences,1,9944,133399,1,Male,48,4,2,Sales Executive,1,Divorced,4037,21816,4,Y,No,22,4,1,80,1,9,5,3,9,8,0,8,Company Website
33,Current employee,Travel_Rarely,586,Sales,1,3,Medical,1,9947,133402,1,Male,48,4,2,Sales Executive,1,Divorced,4037,21816,1,Y,No,22,3,1,80,1,9,5,3,9,8,0,8,Company Website
33,Current employee,Travel_Rarely,586,Sales,1,3,Life Sciences,1,9949,133404,1,Male,48,4,2,Sales Executive,1,Divorced,4037,21816,4,Y,No,22,3,1,80,1,9,5,3,9,8,0,8,Company Website
33,Current employee,Travel_Rarely,586,Sales,1,3,Medical,1,9951,133406,1,Male,48,4,2,Sales Executive,1,Divorced,4037,21816,1,Y,No,22,4,1,80,1,9,5,3,9,8,0,8,Company Website
33,Current employee,Travel_Rarely,586,Sales,1,3,Life Sciences,1,9952,133407,1,Male,48,4,2,Sales Executive,1,Divorced,4037,21816,4,Y,No,22,4,1,80,1,9,5,3,9,8,0,8,Company Website
33,Current employee,Non-Travel,750,Sales,22,2,Marketing,1,10336,133791,3,Male,65,3,1,Research Scientist,4,Married,2356,14871,3,,Yes,19,3,,80,1,8,2,3,6,4,0,2,GlassDoor
33,Current employee,Non-Travel,750,Sales,22,2,Other,1,10338,133793,3,Male,65,3,1,Research Scientist,4,Married,2356,14871,4,Y,Yes,19,3,2,80,1,8,2,3,6,4,0,2,GlassDoor
33,Current employee,Non-Travel,750,Sales,22,2,Marketing,1,10341,133796,3,Male,65,3,1,Research Scientist,4,Married,2356,14871,3,Y,Yes,19,3,2,80,1,8,2,3,6,4,0,2,GlassDoor
33,Current employee,Non-Travel,750,Sales,22,2,Other,1,10342,133797,3,Male,65,3,1,Research Scientist,4,Married,2356,14871,4,Y,Yes,19,3,2,80,1,8,2,3,6,4,0,2,GlassDoor
33,Current employee,Non-Travel,750,Sales,22,2,Marketing,1,10344,133799,3,Male,65,3,1,Research Scientist,4,Married,2356,14871,3,Y,Yes,19,3,2,80,1,8,2,3,6,4,0,2,GlassDoor
33,Current employee,Non-Travel,750,Sales,22,2,Other,1,10346,133801,3,Male,65,3,1,Research Scientist,4,Married,2356,14871,4,Y,Yes,19,3,2,80,1,8,2,3,6,4,0,2,GlassDoor
33,Current employee,Non-Travel,750,Sales,22,2,Marketing,1,10349,133804,3,Male,65,3,1,Research Scientist,4,Married,2356,14871,3,Y,Yes,19,3,2,80,1,8,2,3,6,4,0,2,GlassDoor
33,Current employee,Non-Travel,750,Sales,22,2,Other,1,10350,133805,3,Male,65,3,1,Research Scientist,4,Married,2356,14871,4,Y,Yes,19,3,2,80,1,8,2,3,6,4,0,2,GlassDoor
33,Current employee,Travel_Rarely,1075,Human Resources,3,2,Human Resources,1,10510,133965,4,Male,57,3,1,Human Resources,2,Divorced,2277,22650,3,Y,Yes,11,3,3,80,1,7,4,4,4,3,0,3,Jora
33,Current employee,Travel_Rarely,1075,Human Resources,3,2,Life Sciences,1,10512,133967,4,Male,57,3,1,Human Resources,2,Divorced,2277,22650,0,Y,Yes,11,3,3,80,1,7,4,4,4,3,0,3,Jora
33,Current employee,Travel_Rarely,1075,Human Resources,3,2,Human Resources,1,10516,133971,4,Male,57,3,1,Human Resources,2,Divorced,2277,22650,3,Y,Yes,11,3,3,80,1,7,4,4,4,3,0,3,Jora
33,Current employee,Travel_Rarely,1075,Human Resources,3,2,Life Sciences,1,10517,133972,4,Male,57,3,1,Human Resources,2,Divorced,2277,22650,0,Y,Yes,11,3,3,80,1,7,4,4,4,3,0,3,Jora
33,Current employee,Travel_Rarely,1075,Human Resources,3,2,Human Resources,1,10442,133973,4,Male,57,3,1,Human Resources,2,Divorced,2277,22650,3,Y,Yes,11,3,3,80,1,7,4,4,4,3,0,3,Jora
33,Current employee,Travel_Rarely,1075,Human Resources,3,2,Life Sciences,1,10521,133976,4,Male,57,3,1,Human Resources,2,Divorced,2277,22650,0,Y,Yes,11,3,3,80,1,7,4,4,4,3,0,3,Jora
33,Current employee,Travel_Rarely,1075,Human Resources,3,2,Human Resources,1,10525,133980,4,Male,57,3,1,Human Resources,2,Divorced,2277,22650,3,Y,Yes,11,3,3,80,1,7,4,4,4,3,0,3,Jora
33,Current employee,Travel_Rarely,1075,Human Resources,3,2,Life Sciences,1,10526,133981,4,Male,57,3,1,Human Resources,2,Divorced,2277,22650,0,Y,Yes,11,3,3,80,1,7,4,4,4,3,0,3,Jora
33,Current employee,Travel_Frequently,508,Sales,10,3,Marketing,1,10715,134170,3,Female,66,1,1,Laboratory Technician,4,Divorced,2778,17725,4,Y,Yes,13,3,3,80,1,10,1,2,7,7,1,0,Company Website
33,Current employee,Travel_Frequently,508,Sales,10,3,Medical,1,10717,134172,3,Female,66,1,1,Laboratory Technician,4,Divorced,2778,17725,1,Y,Yes,13,3,3,80,1,10,1,2,7,7,1,0,Company Website
33,Current employee,Travel_Frequently,508,Sales,10,3,Marketing,1,10718,134173,3,Female,66,1,1,Laboratory Technician,4,Divorced,2778,17725,4,Y,Yes,13,3,3,80,1,10,1,2,7,7,1,0,Company Website
33,Current employee,Travel_Frequently,508,Sales,10,3,Medical,1,10719,134174,3,Female,66,1,1,Laboratory Technician,4,Divorced,2778,17725,1,Y,Yes,13,3,3,80,1,10,1,2,7,7,1,0,Company Website
33,Current employee,Travel_Frequently,508,Sales,10,3,Marketing,1,10723,134178,3,Female,66,1,1,Laboratory Technician,4,Divorced,2778,17725,4,Y,Yes,13,3,3,80,1,10,1,2,7,7,1,0,Company Website
33,Current employee,Travel_Frequently,508,Sales,10,3,Marketing,1,10724,134179,3,Female,66,1,1,Laboratory Technician,4,Divorced,2778,17725,4,Y,Yes,13,3,3,80,0,10,4,3,5,2,0,4,Company Website
33,Current employee,Travel_Frequently,508,Sales,10,3,Medical,1,10726,134181,3,Female,66,1,1,Laboratory Technician,4,Divorced,2778,17725,1,Y,Yes,13,3,3,80,1,10,1,2,7,7,1,0,Company Website
33,Current employee,Travel_Frequently,508,Sales,10,3,Marketing,1,10727,134182,3,Female,66,1,1,Laboratory Technician,4,Divorced,2778,17725,4,Y,Yes,13,3,3,80,1,10,1,2,7,7,1,0,Company Website
33,Current employee,Travel_Frequently,508,Sales,10,3,Medical,1,10728,134183,3,Female,66,1,1,Laboratory Technician,4,Divorced,2778,17725,1,Y,Yes,13,3,3,80,1,10,1,2,7,7,1,0,Company Website
33,Current employee,Travel_Rarely,1198,Research & Development,1,4,Other,1,10811,134266,3,Male,100,2,1,Research Scientist,1,Single,2799,3339,3,Y,Yes,11,3,2,80,0,6,1,3,3,2,0,2,Jora
33,Current employee,Travel_Rarely,1198,Research & Development,1,4,Life Sciences,1,10813,134268,3,Male,100,2,1,Research Scientist,1,Single,2799,3339,2,Y,Yes,11,3,2,80,0,6,1,3,3,2,0,2,Jora
33,Current employee,Travel_Rarely,1198,Research & Development,1,4,Other,1,10815,134270,3,Male,100,2,1,Research Scientist,1,Single,2799,3339,3,Y,Yes,11,3,2,80,0,6,1,3,3,2,0,2,Jora
33,Current employee,Travel_Rarely,1198,Research & Development,1,4,Life Sciences,1,10816,134271,3,Male,100,2,1,Research Scientist,1,Single,2799,3339,2,Y,Yes,11,3,2,80,0,6,1,3,3,2,0,2,Jora
33,Current employee,Travel_Rarely,1198,Research & Development,1,4,Other,1,10819,134274,3,Male,100,2,1,Research Scientist,1,Single,2799,3339,3,Y,Yes,11,3,2,80,0,6,1,3,3,2,0,2,Jora
33,Current employee,Travel_Rarely,1198,Research & Development,1,4,Life Sciences,1,10821,134276,3,Male,100,2,1,Research Scientist,1,Single,2799,3339,2,Y,Yes,11,3,2,80,0,6,1,3,3,2,0,2,Jora
33,Current employee,Travel_Rarely,1198,Research & Development,1,4,Other,1,10823,134278,3,Male,100,2,1,Research Scientist,1,Single,2799,3339,3,Y,Yes,11,3,2,80,0,6,1,3,3,2,0,2,Jora
33,Current employee,Travel_Rarely,1198,Research & Development,1,4,Life Sciences,1,10824,134279,3,Male,100,2,1,Research Scientist,1,Single,2799,3339,2,Y,Yes,11,3,2,80,0,6,1,3,3,2,0,2,Jora
33,Current employee,Travel_Rarely,1216,Sales,8,4,Marketing,1,11100,134555,3,Male,67,3,1,Research Scientist,2,Divorced,3617,25063,8,Y,Yes,14,3,4,80,1,3,2,3,1,1,0,0,GlassDoor
33,Current employee,Travel_Rarely,1216,Sales,8,4,Medical,1,11101,134556,3,Male,67,3,1,Research Scientist,2,Divorced,3617,25063,3,Y,Yes,14,3,4,80,1,3,2,3,1,1,0,0,GlassDoor
33,Current employee,Travel_Rarely,1216,Sales,8,4,Marketing,1,11103,134558,3,Male,67,3,1,Research Scientist,2,Divorced,3617,25063,8,Y,Yes,14,3,4,80,1,3,2,3,1,1,0,0,GlassDoor
33,Current employee,Travel_Rarely,1216,Sales,8,4,Medical,1,11104,134559,3,Male,67,3,1,Research Scientist,2,Divorced,3617,25063,3,Y,Yes,14,3,4,80,1,3,2,3,1,1,0,0,GlassDoor
33,Current employee,Travel_Rarely,1216,Sales,8,4,Marketing,1,11108,134563,3,Male,67,3,1,Research Scientist,2,Divorced,3617,25063,8,Y,Yes,14,3,4,80,1,3,2,3,1,1,0,0,GlassDoor
33,Current employee,Travel_Rarely,1216,Sales,8,4,Medical,1,11109,134564,3,Male,67,3,1,Research Scientist,2,Divorced,3617,25063,3,Y,Yes,14,3,4,80,1,3,2,3,1,1,0,0,GlassDoor
33,Current employee,Travel_Rarely,1216,Sales,8,4,Marketing,1,11111,134566,3,Male,67,3,1,Research Scientist,2,Divorced,3617,25063,8,Y,Yes,14,3,4,80,1,3,2,3,1,1,0,0,GlassDoor
33,Current employee,Travel_Rarely,1216,Sales,8,4,Medical,1,11112,134567,3,Male,67,3,1,Research Scientist,2,Divorced,3617,25063,3,Y,Yes,14,3,4,80,1,3,2,3,1,1,0,0,GlassDoor
33,Current employee,Travel_Rarely,1069,Research & Development,1,3,Life Sciences,1,11147,134602,2,Female,42,2,2,Healthcare Representative,4,Single,6949,12291,0,Y,No,14,3,1,80,0,6,3,3,5,0,1,4,Adzuna
33,Current employee,Travel_Rarely,1069,Research & Development,1,3,Life Sciences,1,11149,134604,2,Female,42,2,2,Healthcare Representative,4,Single,6949,12291,0,Y,No,14,3,1,80,0,6,3,3,5,0,1,4,Adzuna
33,Current employee,Travel_Rarely,1069,Research & Development,1,3,Life Sciences,1,11153,134608,2,Female,42,2,2,Healthcare Representative,4,Single,6949,12291,0,Y,No,14,3,1,80,0,6,3,3,5,0,1,4,Adzuna
33,Current employee,Travel_Rarely,1069,Research & Development,1,3,Life Sciences,1,11154,134609,2,Female,42,2,2,Healthcare Representative,4,Single,6949,12291,0,Y,No,14,3,1,80,0,6,3,3,5,0,1,4,Adzuna
33,Current employee,Travel_Rarely,1069,Research & Development,1,3,Life Sciences,1,11155,134610,2,Female,42,2,2,Healthcare Representative,4,Single,6949,12291,0,Y,No,14,3,1,80,0,6,3,3,5,0,1,4,Adzuna
33,Current employee,Travel_Rarely,1069,Research & Development,1,3,Life Sciences,1,11157,134612,2,Female,42,2,2,Healthcare Representative,4,Single,6949,12291,0,Y,No,14,3,1,80,0,6,3,3,5,0,1,4,Adzuna
33,Current employee,Travel_Rarely,1069,Research & Development,1,3,Life Sciences,1,11161,134616,2,Female,42,2,2,Healthcare Representative,4,Single,6949,12291,0,Y,No,14,3,1,80,0,6,3,3,5,0,1,4,Adzuna
33,Current employee,Travel_Rarely,1069,Research & Development,1,3,Life Sciences,1,11162,134617,2,Female,42,2,2,Healthcare Representative,4,Single,6949,12291,0,Y,No,14,3,1,80,0,6,3,3,5,0,1,4,Adzuna
33,Current employee,Non-Travel,722,Sales,17,3,Life Sciences,1,11398,134853,4,Male,38,3,4,Manager,3,Single,17444,20489,1,Y,No,11,3,4,80,0,10,2,3,10,8,6,0,GlassDoor
33,Current employee,Non-Travel,722,Sales,17,3,Medical,1,11401,134856,4,Male,38,3,4,Manager,3,Single,17444,20489,1,Y,No,11,3,4,80,0,10,2,3,10,8,6,0,GlassDoor
33,Current employee,Non-Travel,722,Sales,17,3,Life Sciences,1,11402,134857,4,Male,38,3,4,Manager,3,Single,17444,20489,1,Y,No,11,3,4,80,0,10,2,3,10,8,6,0,GlassDoor
33,Current employee,Non-Travel,722,Sales,17,3,Medical,1,11403,134858,4,Male,38,3,4,Manager,3,Single,17444,20489,1,Y,No,11,3,4,80,0,10,2,3,10,8,6,0,GlassDoor
33,Current employee,Non-Travel,722,Sales,17,3,Life Sciences,1,11406,134861,4,Male,38,3,4,Manager,3,Single,17444,20489,1,Y,No,11,3,4,80,0,10,2,3,10,8,6,0,GlassDoor
33,Current employee,Non-Travel,722,Sales,17,3,Medical,1,11409,134864,4,Male,38,3,4,Manager,3,Single,17444,20489,1,Y,No,11,3,4,80,0,10,2,3,10,8,6,0,GlassDoor
33,Current employee,Non-Travel,722,Sales,17,3,Life Sciences,1,11410,134865,4,Male,38,3,4,Manager,3,Single,17444,20489,1,Y,No,11,3,4,80,0,10,2,3,10,8,6,0,GlassDoor
33,Current employee,Non-Travel,722,Sales,17,3,Medical,1,11411,134866,4,Male,38,3,4,Manager,3,Single,17444,20489,1,Y,No,11,3,4,80,0,10,2,3,10,8,6,0,GlassDoor
33,Current employee,Travel_Rarely,461,Research & Development,13,1,Life Sciences,1,11428,134883,2,Female,53,3,1,Research Scientist,4,Single,3452,17241,3,Y,No,18,3,1,80,0,5,4,3,3,2,0,2,Indeed
33,Current employee,Travel_Rarely,461,Research & Development,13,1,Medical,1,11431,134886,2,Female,53,3,1,Research Scientist,4,Single,3452,17241,3,Y,No,18,4,1,80,0,5,4,3,3,2,0,2,Indeed
33,Current employee,Travel_Rarely,461,Research & Development,13,1,Life Sciences,1,11432,134887,2,Female,53,3,1,Research Scientist,4,Single,3452,17241,3,Y,No,18,3,1,80,0,5,4,3,3,2,0,2,Indeed
33,Current employee,Travel_Rarely,461,Research & Development,13,1,Medical,1,11433,134888,2,Female,53,3,1,Research Scientist,4,Single,3452,17241,3,Y,No,18,3,1,80,0,5,4,3,3,2,0,2,Indeed
33,Current employee,Travel_Rarely,461,Research & Development,13,1,Life Sciences,1,11436,134891,2,Female,53,3,1,Research Scientist,4,Single,3452,17241,3,Y,No,18,3,1,80,0,5,4,3,3,2,0,2,Indeed
33,Current employee,Travel_Rarely,461,Research & Development,13,1,Medical,1,11439,134894,2,Female,53,3,1,Research Scientist,4,Single,3452,17241,3,Y,No,18,4,1,80,0,5,4,3,3,2,0,2,Indeed
33,Current employee,Travel_Rarely,461,Research & Development,13,1,Life Sciences,1,11440,134895,2,Female,53,3,1,Research Scientist,4,Single,3452,17241,3,Y,No,18,3,1,80,0,5,4,3,3,2,0,2,Indeed
33,Current employee,Travel_Rarely,461,Research & Development,13,1,Medical,1,11441,134896,2,Female,53,3,1,Research Scientist,4,Single,3452,17241,3,Y,No,18,3,1,80,0,5,4,3,3,2,0,2,Indeed
33,Current employee,Travel_Frequently,827,Research & Development,1,4,Other,1,11475,134930,3,Female,84,4,2,Healthcare Representative,2,Married,5488,20161,1,Y,Yes,13,3,1,80,1,6,2,3,6,5,1,2,Company Website
33,Current employee,Travel_Frequently,827,Research & Development,1,4,Life Sciences,1,11477,134932,3,Female,84,4,2,Healthcare Representative,2,Married,5488,20161,0,Y,Yes,13,4,1,80,1,6,2,3,6,5,1,2,Company Website
33,Current employee,Travel_Frequently,827,Research & Development,1,4,Other,1,11479,134934,3,Female,84,4,2,Healthcare Representative,2,Married,5488,20161,1,Y,Yes,13,3,1,80,1,6,2,3,6,5,1,2,Company Website
33,Current employee,Travel_Frequently,827,Research & Development,1,4,Life Sciences,1,11480,134935,3,Female,84,4,2,Healthcare Representative,2,Married,5488,20161,0,Y,Yes,13,3,1,80,1,6,2,3,6,5,1,2,Company Website
33,Current employee,Travel_Frequently,827,Research & Development,1,4,Life Sciences,1,11484,134939,3,Female,84,4,2,Healthcare Representative,2,Married,5488,20161,0,Y,Yes,13,4,1,80,1,6,2,3,6,5,1,2,Company Website
33,Current employee,Travel_Frequently,827,Research & Development,1,4,Other,1,11486,134941,3,Female,84,4,2,Healthcare Representative,2,Married,5488,20161,1,Y,Yes,13,3,1,80,1,6,2,3,6,5,1,2,Company Website
33,Current employee,Travel_Frequently,827,Research & Development,1,4,Life Sciences,1,11487,134942,3,Female,84,4,2,Healthcare Representative,2,Married,5488,20161,0,Y,Yes,13,3,1,80,1,6,2,3,6,5,1,2,Company Website
33,Current employee,Travel_Rarely,536,Sales,10,5,Marketing,1,11773,135228,3,Male,70,2,2,Healthcare Representative,3,Single,4240,13119,2,Y,No,13,4,4,80,0,19,0,3,2,2,2,2,Seek
33,Current employee,Travel_Rarely,536,Sales,10,5,Medical,1,11775,135230,3,Male,70,2,2,Healthcare Representative,3,Single,4240,13119,0,Y,No,13,3,4,80,0,19,0,3,2,2,2,2,Seek
33,Current employee,Travel_Rarely,536,Sales,10,5,Marketing,1,11776,135231,3,Male,70,2,2,Healthcare Representative,3,Single,4240,13119,2,Y,No,13,3,4,80,0,19,0,3,2,2,2,2,Seek
33,Current employee,Travel_Rarely,536,Sales,10,5,Medical,1,11777,135232,3,Male,70,2,2,Healthcare Representative,3,Single,4240,13119,0,Y,No,13,3,4,80,0,19,0,3,2,2,2,2,Seek
33,Current employee,Travel_Rarely,536,Sales,10,5,Marketing,1,11781,135236,3,Male,70,2,2,Healthcare Representative,3,Single,4240,13119,2,Y,No,13,4,4,80,0,19,0,3,2,2,2,2,Seek
33,Current employee,Travel_Rarely,536,Sales,10,5,Medical,1,11783,135238,3,Male,70,2,2,Healthcare Representative,3,Single,4240,13119,0,Y,No,13,3,4,80,0,19,0,3,2,2,2,2,Seek
33,Current employee,Travel_Rarely,536,Sales,10,5,Marketing,1,11784,135239,3,Male,70,2,2,Healthcare Representative,3,Single,4240,13119,2,Y,No,13,3,4,80,0,19,0,3,2,2,2,2,Seek
33,Current employee,Travel_Rarely,536,Sales,10,5,Medical,1,11785,135240,3,Male,70,2,2,Healthcare Representative,3,Single,4240,13119,0,Y,No,13,3,4,80,0,19,0,3,2,2,2,2,Seek
33,Current employee,Non-Travel,1038,Sales,8,1,Life Sciences,1,12095,135550,2,Female,88,2,1,Sales Representative,4,Single,2342,21437,0,Y,No,19,3,4,80,0,3,2,2,2,2,2,2,Recruit.net
33,Current employee,Non-Travel,1038,Sales,8,1,Medical,1,12098,135553,2,Female,88,2,1,Sales Representative,4,Single,2342,21437,9,Y,No,19,3,4,80,0,3,2,2,2,2,2,2,Recruit.net
33,Current employee,Non-Travel,1038,Sales,8,1,Life Sciences,1,12099,135554,2,Female,88,2,1,Sales Representative,4,Single,2342,21437,0,Y,No,19,3,4,80,0,3,2,2,2,2,2,2,Recruit.net
33,Current employee,Non-Travel,1038,Sales,8,1,Medical,1,12100,135555,2,Female,88,2,1,Sales Representative,4,Single,2342,21437,9,Y,No,19,3,4,80,0,3,2,2,2,2,2,2,Recruit.net
33,Current employee,Non-Travel,1038,Sales,8,1,Life Sciences,1,12103,135558,2,Female,88,2,1,Sales Representative,4,Single,2342,21437,0,Y,No,19,3,4,80,0,3,2,2,2,2,2,2,Recruit.net
33,Current employee,Non-Travel,1038,Sales,8,1,Medical,1,12106,135561,2,Female,88,2,1,Sales Representative,4,Single,2342,21437,9,Y,No,19,3,4,80,0,3,2,2,2,2,2,2,Recruit.net
33,Current employee,Non-Travel,1038,Sales,8,1,Life Sciences,1,12107,135562,2,Female,88,2,1,Sales Representative,4,Single,2342,21437,0,Y,No,19,3,4,80,0,3,2,2,2,2,2,2,Recruit.net
33,Current employee,Non-Travel,1038,Sales,8,1,Medical,1,12108,135563,2,Female,88,2,1,Sales Representative,4,Single,2342,21437,9,Y,No,19,3,4,80,0,3,2,2,2,2,2,2,Recruit.net
33,Current employee,Non-Travel,1283,Sales,2,3,Marketing,1,12238,135693,3,Female,71,3,1,Sales Representative,3,Married,2220,18410,1,Y,Yes,19,3,4,80,1,1,2,3,1,1,0,0,Adzuna
33,Current employee,Non-Travel,1283,Sales,2,3,Life Sciences,1,12239,135694,3,Female,71,3,1,Sales Representative,3,Married,2220,18410,8,Y,Yes,19,3,4,80,1,1,2,3,1,1,0,0,Adzuna
33,Current employee,Non-Travel,1283,Sales,2,3,Marketing,1,12241,135696,3,Female,71,3,1,Sales Representative,3,Married,2220,18410,1,Y,Yes,19,3,4,80,1,1,2,3,1,1,0,0,Adzuna
33,Current employee,Non-Travel,1283,Sales,2,3,Life Sciences,1,12242,135697,3,Female,71,3,1,Sales Representative,3,Married,2220,18410,8,Y,Yes,19,3,4,80,1,1,2,3,1,1,0,0,Adzuna
33,Current employee,Non-Travel,1283,Sales,2,3,Marketing,1,12246,135701,3,Female,71,3,1,Sales Representative,3,Married,2220,18410,1,Y,Yes,19,3,4,80,1,1,2,3,1,1,0,0,Adzuna
33,Current employee,Non-Travel,1283,Sales,2,3,Life Sciences,1,12247,135702,3,Female,71,3,1,Sales Representative,3,Married,2220,18410,8,Y,Yes,19,3,4,80,1,1,2,3,1,1,0,0,Adzuna
33,Current employee,Non-Travel,1283,Sales,2,3,Marketing,1,12249,135704,3,Female,71,3,1,Sales Representative,3,Married,2220,18410,1,Y,Yes,19,3,4,80,1,1,2,3,1,1,0,0,Adzuna
33,Current employee,Non-Travel,1283,Sales,2,3,Life Sciences,1,12250,135705,3,Female,71,3,1,Sales Representative,3,Married,2220,18410,8,Y,Yes,19,3,4,80,1,1,2,3,1,1,0,0,Adzuna
33,Current employee,Travel_Rarely,217,Sales,10,4,Marketing,1,12451,135906,3,Female,72,3,1,Sales Representative,4,Single,2323,17205,1,Y,Yes,14,3,2,80,0,2,3,3,2,2,0,2,Company Website
33,Current employee,Travel_Rarely,217,Sales,10,4,Medical,1,12453,135908,3,Female,72,3,1,Sales Representative,4,Single,2323,17205,9,Y,Yes,14,3,2,80,0,2,3,3,2,2,0,2,Company Website
33,Current employee,Travel_Rarely,217,Sales,10,4,Marketing,1,12456,135911,3,Female,72,3,1,Sales Representative,4,Single,2323,17205,1,Y,Yes,14,3,2,80,0,2,3,3,2,2,0,2,Company Website
33,Current employee,Travel_Rarely,217,Sales,10,4,Marketing,1,12459,135914,3,Female,72,3,1,Sales Representative,4,Single,2323,17205,1,Y,Yes,14,3,2,80,0,2,3,3,2,2,0,2,Company Website
33,Current employee,Travel_Rarely,217,Sales,10,4,Medical,1,12461,135916,3,Female,72,3,1,Sales Representative,4,Single,2323,17205,9,Y,Yes,14,3,2,80,0,2,3,3,2,2,0,2,Company Website
33,Current employee,Travel_Rarely,217,Sales,10,4,Marketing,1,12464,135919,3,Female,72,3,1,Sales Representative,4,Single,2323,17205,1,Y,Yes,14,3,2,80,0,2,3,3,2,2,0,2,Company Website
33,Current employee,Travel_Rarely,217,Sales,10,4,Medical,1,12465,135920,3,Female,72,3,1,Sales Representative,4,Single,2323,17205,9,Y,Yes,14,3,2,80,0,2,3,3,2,2,0,2,Company Website
33,Current employee,Travel_Rarely,654,Research & Development,5,3,Life Sciences,1,12671,136126,4,Male,34,2,3,Healthcare Representative,4,Divorced,7119,21214,4,Y,No,15,3,3,80,1,9,2,3,3,2,1,2,Jora
33,Current employee,Travel_Rarely,654,Research & Development,5,3,Life Sciences,1,12673,136128,4,Male,34,2,3,Healthcare Representative,4,Divorced,7119,21214,0,Y,No,15,3,3,80,1,9,2,3,3,2,1,2,Jora
33,Current employee,Travel_Rarely,654,Research & Development,5,3,Life Sciences,1,12675,136130,4,Male,34,2,3,Healthcare Representative,4,Divorced,7119,21214,4,Y,No,15,3,3,80,1,9,2,3,3,2,1,2,Jora
33,Current employee,Travel_Rarely,654,Research & Development,5,3,Life Sciences,1,12676,136131,4,Male,34,2,3,Healthcare Representative,4,Divorced,7119,21214,0,Y,No,15,3,3,80,1,9,2,3,3,2,1,2,Jora
33,Current employee,Travel_Rarely,654,Research & Development,5,3,Life Sciences,1,12679,136134,4,Male,34,2,3,Healthcare Representative,4,Divorced,7119,21214,4,Y,No,15,3,3,80,1,9,2,3,3,2,1,2,Jora
33,Current employee,Travel_Rarely,654,Research & Development,5,3,Life Sciences,1,12681,136136,4,Male,34,2,3,Healthcare Representative,4,Divorced,7119,21214,0,Y,No,15,3,3,80,1,9,2,3,3,2,1,2,Jora
33,Current employee,Travel_Rarely,654,Research & Development,5,3,Life Sciences,1,12683,136138,4,Male,34,2,3,Healthcare Representative,4,Divorced,7119,21214,4,Y,No,15,3,3,80,1,9,2,3,3,2,1,2,Jora
33,Current employee,Travel_Rarely,654,Research & Development,5,3,Life Sciences,1,12684,136139,4,Male,34,2,3,Healthcare Representative,4,Divorced,7119,21214,0,Y,No,15,3,3,80,1,9,2,3,3,2,1,2,Jora
33,Current employee,Travel_Rarely,924,Research & Development,2,3,Medical,1,12832,136287,3,Male,73,2,1,Laboratory Technician,2,Divorced,2596,7160,1,Y,No,15,3,1,80,2,1,2,3,1,0,0,0,Adzuna
33,Current employee,Travel_Rarely,924,Research & Development,2,3,Life Sciences,1,12834,136289,3,Male,73,2,1,Laboratory Technician,2,Divorced,2596,7160,1,Y,No,15,3,1,80,2,1,2,3,1,0,0,0,Adzuna
33,Current employee,Travel_Rarely,924,Research & Development,2,3,Medical,1,12837,136292,3,Male,73,2,1,Laboratory Technician,2,Divorced,2596,7160,1,Y,No,15,3,1,80,2,1,2,3,1,0,0,0,Adzuna
33,Current employee,Travel_Rarely,924,Research & Development,2,3,Life Sciences,1,12838,136293,3,Male,73,2,1,Laboratory Technician,2,Divorced,2596,7160,1,Y,No,15,3,1,80,2,1,2,3,1,0,0,0,Adzuna
33,Current employee,Travel_Rarely,924,Research & Development,2,3,Medical,1,12840,136295,3,Male,73,2,1,Laboratory Technician,2,Divorced,2596,7160,1,Y,No,15,3,1,80,2,1,2,3,1,0,0,0,Adzuna
33,Current employee,Travel_Rarely,924,Research & Development,2,3,Life Sciences,1,12842,136297,3,Male,73,2,1,Laboratory Technician,2,Divorced,2596,7160,1,Y,No,15,3,1,80,2,1,2,3,1,0,0,0,Adzuna
33,Current employee,Travel_Rarely,924,Research & Development,2,3,Medical,1,12845,136300,3,Male,73,2,1,Laboratory Technician,2,Divorced,2596,7160,1,Y,No,15,3,1,80,2,1,2,3,1,0,0,0,Adzuna
33,Current employee,Travel_Rarely,924,Research & Development,2,3,Life Sciences,1,12846,136301,3,Male,73,2,1,Laboratory Technician,2,Divorced,2596,7160,1,Y,No,15,3,1,80,2,1,2,3,1,0,0,0,Adzuna
33,Current employee,Travel_Frequently,970,Sales,7,3,Life Sciences,1,12863,136318,4,Female,30,3,2,Sales Executive,2,Married,4302,13401,0,Y,No,17,4,3,80,1,4,3,3,3,2,0,2,Company Website
33,Current employee,Travel_Frequently,970,Sales,7,3,Marketing,1,12866,136321,4,Female,30,3,2,Sales Executive,2,Married,4302,13401,5,Y,No,17,3,3,80,1,4,3,3,3,2,0,2,Company Website
33,Current employee,Travel_Frequently,970,Sales,7,3,Life Sciences,1,12869,136324,4,Female,30,3,2,Sales Executive,2,Married,4302,13401,0,Y,No,17,3,3,80,1,4,3,3,3,2,0,2,Company Website
33,Current employee,Travel_Frequently,970,Sales,7,3,Marketing,1,12870,136325,4,Female,30,3,2,Sales Executive,2,Married,4302,13401,5,Y,No,17,3,3,80,1,4,3,3,3,2,0,2,Company Website
33,Current employee,Travel_Frequently,970,Sales,7,3,Life Sciences,1,12871,136326,4,Female,30,3,2,Sales Executive,2,Married,4302,13401,0,Y,No,17,4,3,80,1,4,3,3,3,2,0,2,Company Website
33,Current employee,Travel_Frequently,970,Sales,7,3,Marketing,1,12874,136329,4,Female,30,3,2,Sales Executive,2,Married,4302,13401,5,Y,No,17,3,3,80,1,4,3,3,3,2,0,2,Company Website
33,Current employee,Travel_Frequently,970,Sales,7,3,Life Sciences,1,12877,136332,4,Female,30,3,2,Sales Executive,2,Married,4302,13401,0,Y,No,17,3,3,80,1,4,3,3,3,2,0,2,Company Website
33,Current employee,Travel_Frequently,970,Sales,7,3,Marketing,1,12878,136333,4,Female,30,3,2,Sales Executive,2,Married,4302,13401,5,Y,No,17,3,3,80,1,4,3,3,3,2,0,2,Company Website
33,Current employee,Travel_Rarely,931,Research & Development,14,3,Medical,1,13642,137097,3,Female,75,3,5,Manager,1,Divorced,19943,18575,4,Y,No,13,3,4,80,1,28,2,3,5,2,4,2,Company Website
33,Current employee,Travel_Rarely,931,Research & Development,14,3,Medical,1,13644,137099,3,Female,75,3,5,Manager,1,Divorced,19943,18575,1,Y,No,13,3,4,80,1,28,2,3,5,2,4,2,Company Website
33,Current employee,Travel_Rarely,931,Research & Development,14,3,Medical,1,13645,137100,3,Female,75,3,5,Manager,1,Divorced,19943,18575,4,Y,No,13,3,4,80,1,28,2,3,5,2,4,2,Company Website
33,Current employee,Travel_Rarely,931,Research & Development,14,3,Medical,1,13646,137101,3,Female,75,3,5,Manager,1,Divorced,19943,18575,1,Y,No,13,3,4,80,1,28,2,3,5,2,4,2,Company Website
33,Current employee,Travel_Rarely,931,Research & Development,14,3,Medical,1,13650,137105,3,Female,75,3,5,Manager,1,Divorced,19943,18575,4,Y,No,13,3,4,80,1,28,2,3,5,2,4,2,Company Website
33,Current employee,Travel_Rarely,931,Research & Development,14,3,Medical,1,13652,137107,3,Female,75,3,5,Manager,1,Divorced,19943,18575,1,Y,No,13,3,4,80,1,28,2,3,5,2,4,2,Company Website
33,Current employee,Travel_Rarely,931,Research & Development,14,3,Medical,1,13653,137108,3,Female,75,3,5,Manager,1,Divorced,19943,18575,4,Y,No,13,3,4,80,1,28,2,3,5,2,4,2,Company Website
33,Current employee,Travel_Rarely,931,Research & Development,14,3,Medical,1,13654,137109,3,Female,75,3,5,Manager,1,Divorced,19943,18575,1,Y,No,13,3,4,80,1,28,2,3,5,2,4,2,Company Website
33,Current employee,Travel_Rarely,147,Human Resources,2,3,Human Resources,1,13832,137287,2,Male,99,3,1,Human Resources,3,Married,3600,8429,1,Y,No,13,3,4,80,1,5,2,3,5,4,1,4,Seek
33,Current employee,Travel_Rarely,147,Human Resources,2,3,Life Sciences,1,13834,137289,2,Male,99,3,1,Human Resources,3,Married,3600,8429,0,Y,No,13,4,4,80,1,5,2,3,5,4,1,4,Seek
33,Current employee,Travel_Rarely,147,Human Resources,2,3,Human Resources,1,13836,137291,2,Male,99,3,1,Human Resources,3,Married,3600,8429,1,Y,No,13,3,4,80,1,5,2,3,5,4,1,4,Seek
33,Current employee,Travel_Rarely,147,Human Resources,2,3,Life Sciences,1,13837,137292,2,Male,99,3,1,Human Resources,3,Married,3600,8429,0,Y,No,13,3,4,80,1,5,2,3,5,4,1,4,Seek
33,Current employee,Travel_Rarely,147,Human Resources,2,3,Human Resources,1,13840,137295,2,Male,99,3,1,Human Resources,3,Married,3600,8429,1,Y,No,13,3,4,80,1,5,2,3,5,4,1,4,Seek
33,Current employee,Travel_Rarely,147,Human Resources,2,3,Life Sciences,1,13842,137297,2,Male,99,3,1,Human Resources,3,Married,3600,8429,0,Y,No,13,4,4,80,1,5,2,3,5,4,1,4,Seek
33,Current employee,Travel_Rarely,147,Human Resources,2,3,Human Resources,1,13844,137299,2,Male,99,3,1,Human Resources,3,Married,3600,8429,1,Y,No,13,3,4,80,1,5,2,3,5,4,1,4,Seek
33,Current employee,Travel_Rarely,147,Human Resources,2,3,Life Sciences,1,13845,137300,2,Male,99,3,1,Human Resources,3,Married,3600,8429,0,Y,No,13,3,4,80,1,5,2,3,5,4,1,4,Seek
33,Current employee,Travel_Rarely,147,Research & Development,4,4,Medical,1,13896,137351,3,Female,76,3,4,Manager,1,Married,17856,9490,2,Y,No,22,3,3,80,1,32,3,3,2,2,2,2,GlassDoor
33,Current employee,Travel_Rarely,147,Research & Development,4,4,Life Sciences,1,13898,137353,3,Female,76,3,4,Manager,1,Married,17856,9490,1,Y,No,22,3,3,80,1,32,3,3,2,2,2,2,GlassDoor
33,Current employee,Travel_Rarely,147,Research & Development,4,4,Medical,1,13899,137354,3,Female,76,3,4,Manager,1,Married,17856,9490,2,Y,No,22,4,3,80,1,32,3,3,2,2,2,2,GlassDoor
33,Current employee,Travel_Rarely,147,Research & Development,4,4,Life Sciences,1,13900,137355,3,Female,76,3,4,Manager,1,Married,17856,9490,1,Y,No,22,4,3,80,1,32,3,3,2,2,2,2,GlassDoor
33,Current employee,Travel_Rarely,147,Research & Development,4,4,Medical,1,13904,137359,3,Female,76,3,4,Manager,1,Married,17856,9490,2,Y,No,22,3,3,80,1,32,3,3,2,2,2,2,GlassDoor
33,Current employee,Travel_Rarely,147,Research & Development,4,4,Life Sciences,1,13906,137361,3,Female,76,3,4,Manager,1,Married,17856,9490,1,Y,No,22,3,3,80,1,32,3,3,2,2,2,2,GlassDoor
33,Current employee,Travel_Rarely,147,Research & Development,4,4,Medical,1,13907,137362,3,Female,76,3,4,Manager,1,Married,17856,9490,2,Y,No,22,4,3,80,1,32,3,3,2,2,2,2,GlassDoor
33,Current employee,Travel_Rarely,147,Research & Development,4,4,Life Sciences,1,13908,137363,3,Female,76,3,4,Manager,1,Married,17856,9490,1,Y,No,22,4,3,80,1,32,3,3,2,2,2,2,GlassDoor
33,Current employee,Travel_Frequently,1146,Sales,25,3,Medical,1,13975,137430,2,Female,82,3,2,Sales Executive,3,Married,4539,4905,1,Y,No,12,3,1,80,1,10,3,2,10,7,0,1,Company Website
33,Current employee,Travel_Frequently,1146,Sales,25,3,Technical Degree,1,13978,137433,2,Female,82,3,2,Sales Executive,3,Married,4539,4905,7,Y,No,12,4,1,80,1,10,3,2,10,7,0,1,Company Website
33,Current employee,Travel_Frequently,1146,Sales,25,3,Medical,1,13979,137434,2,Female,82,3,2,Sales Executive,3,Married,4539,4905,1,Y,No,12,3,1,80,1,10,3,2,10,7,0,1,Company Website
33,Current employee,Travel_Frequently,1146,Sales,25,3,Technical Degree,1,13980,137435,2,Female,82,3,2,Sales Executive,3,Married,4539,4905,7,Y,No,12,3,1,80,1,10,3,2,10,7,0,1,Company Website
33,Current employee,Travel_Frequently,1146,Sales,25,3,Medical,1,13983,137438,2,Female,82,3,2,Sales Executive,3,Married,4539,4905,1,Y,No,12,3,1,80,1,10,3,2,10,7,0,1,Company Website
33,Current employee,Travel_Frequently,1146,Sales,25,3,Technical Degree,1,13986,137441,2,Female,82,3,2,Sales Executive,3,Married,4539,4905,7,Y,No,12,4,1,80,1,10,3,2,10,7,0,1,Company Website
33,Current employee,Travel_Frequently,1146,Sales,25,3,Medical,1,13987,137442,2,Female,82,3,2,Sales Executive,3,Married,4539,4905,1,Y,No,12,3,1,80,1,10,3,2,10,7,0,1,Company Website
33,Current employee,Travel_Frequently,1146,Sales,25,3,Technical Degree,1,13988,137443,2,Female,82,3,2,Sales Executive,3,Married,4539,4905,7,Y,No,12,3,1,80,1,10,3,2,10,7,0,1,Company Website
33,Current employee,Travel_Rarely,117,Research & Development,9,3,Medical,1,14151,137606,1,Male,60,3,1,Research Scientist,4,Married,2781,6311,0,Y,No,13,3,2,80,1,15,5,3,14,10,4,10,Company Website
33,Current employee,Travel_Rarely,117,Research & Development,9,3,Medical,1,14153,137608,1,Male,60,3,1,Research Scientist,4,Married,2781,6311,3,Y,No,13,3,2,80,1,15,5,3,14,10,4,10,Company Website
33,Current employee,Travel_Rarely,117,Research & Development,9,3,Medical,1,14155,137610,1,Male,60,3,1,Research Scientist,4,Married,2781,6311,0,Y,No,13,3,2,80,1,15,5,3,14,10,4,10,Company Website
33,Current employee,Travel_Rarely,117,Research & Development,9,3,Medical,1,14156,137611,1,Male,60,3,1,Research Scientist,4,Married,2781,6311,3,Y,No,13,3,2,80,1,15,5,3,14,10,4,10,Company Website
33,Current employee,Travel_Rarely,117,Research & Development,9,3,Medical,1,14159,137614,1,Male,60,3,1,Research Scientist,4,Married,2781,6311,0,Y,No,13,3,2,80,1,15,5,3,14,10,4,10,Company Website
33,Current employee,Travel_Rarely,117,Research & Development,9,3,Medical,1,14161,137616,1,Male,60,3,1,Research Scientist,4,Married,2781,6311,3,Y,No,13,3,2,80,1,15,5,3,14,10,4,10,Company Website
33,Current employee,Travel_Rarely,117,Research & Development,9,3,Medical,1,14163,137618,1,Male,60,3,1,Research Scientist,4,Married,2781,6311,0,Y,No,13,3,2,80,1,15,5,3,14,10,4,10,Company Website
33,Current employee,Travel_Rarely,117,Research & Development,9,3,Medical,1,14164,137619,1,Male,60,3,1,Research Scientist,4,Married,2781,6311,3,Y,No,13,3,2,80,1,15,5,3,14,10,4,10,Company Website
33,Current employee,Travel_Rarely,536,Sales,10,5,Marketing,1,14542,137997,4,Male,82,4,3,Sales Executive,3,Divorced,8380,21708,0,Y,Yes,14,3,4,80,2,10,3,3,9,8,0,8,Indeed
33,Current employee,Travel_Rarely,536,Sales,10,5,Medical,1,14545,138000,4,Male,82,4,3,Sales Executive,3,Divorced,8380,21708,6,Y,Yes,14,3,4,80,2,10,3,3,9,8,0,8,Indeed
33,Current employee,Travel_Rarely,536,Sales,10,5,Marketing,1,14546,138001,4,Male,82,4,3,Sales Executive,3,Divorced,8380,21708,0,Y,Yes,14,3,4,80,2,10,3,3,9,8,0,8,Indeed
33,Current employee,Travel_Rarely,536,Sales,10,5,Medical,1,14547,138002,4,Male,82,4,3,Sales Executive,3,Divorced,8380,21708,6,Y,Yes,14,3,4,80,2,10,3,3,9,8,0,8,Indeed
33,Current employee,Travel_Rarely,536,Sales,10,5,Marketing,1,14550,138005,4,Male,82,4,3,Sales Executive,3,Divorced,8380,21708,0,Y,Yes,14,3,4,80,2,10,3,3,9,8,0,8,Indeed
33,Current employee,Travel_Rarely,536,Sales,10,5,Medical,1,14553,138008,4,Male,82,4,3,Sales Executive,3,Divorced,8380,21708,6,Y,Yes,14,3,4,80,2,10,3,3,9,8,0,8,Indeed
33,Current employee,Travel_Rarely,536,Sales,10,5,Marketing,1,14554,138009,4,Male,82,4,3,Sales Executive,3,Divorced,8380,21708,0,Y,Yes,14,3,4,80,2,10,3,3,9,8,0,8,Indeed
33,Current employee,Travel_Rarely,536,Sales,10,5,Medical,1,14555,138010,4,Male,82,4,3,Sales Executive,3,Divorced,8380,21708,6,Y,Yes,14,3,4,80,2,10,3,3,9,8,0,8,Indeed
33,Current employee,Travel_Rarely,922,Research & Development,1,5,Medical,1,15024,138479,3,Male,78,3,1,Research Scientist,3,Divorced,2372,26076,1,Y,No,12,3,4,80,2,2,3,3,2,2,2,2,Indeed
33,Current employee,Travel_Rarely,922,Research & Development,1,5,Life Sciences,1,15025,138480,3,Male,78,3,1,Research Scientist,3,Divorced,2372,26076,2,Y,No,12,3,4,80,2,2,3,3,2,2,2,2,Indeed
33,Current employee,Travel_Rarely,922,Research & Development,1,5,Medical,1,15027,138482,3,Male,78,3,1,Research Scientist,3,Divorced,2372,26076,1,Y,No,12,3,4,80,2,2,3,3,2,2,2,2,Indeed
33,Current employee,Travel_Rarely,922,Research & Development,1,5,Life Sciences,1,15028,138483,3,Male,78,3,1,Research Scientist,3,Divorced,2372,26076,2,Y,No,12,3,4,80,2,2,3,3,2,2,2,2,Indeed
33,Current employee,Travel_Rarely,922,Research & Development,1,5,Medical,1,15032,138487,3,Male,78,3,1,Research Scientist,3,Divorced,2372,26076,1,Y,No,12,3,4,80,2,2,3,3,2,2,2,2,Indeed
33,Current employee,Travel_Rarely,922,Research & Development,1,5,Life Sciences,1,15033,138488,3,Male,78,3,1,Research Scientist,3,Divorced,2372,26076,2,Y,No,12,3,4,80,2,2,3,3,2,2,2,2,Indeed
33,Current employee,Travel_Rarely,922,Research & Development,1,5,Medical,1,15035,138490,3,Male,78,3,1,Research Scientist,3,Divorced,2372,26076,1,Y,No,12,3,4,80,2,2,3,3,2,2,2,2,Indeed
33,Current employee,Travel_Rarely,922,Research & Development,1,5,Life Sciences,1,15036,138491,3,Male,78,3,1,Research Scientist,3,Divorced,2372,26076,2,Y,No,12,3,4,80,2,2,3,3,2,2,2,2,Indeed
33,Current employee,Travel_Rarely,213,Research & Development,7,3,Medical,1,15729,139184,3,Male,80,4,1,Research Scientist,3,Divorced,2610,15748,1,Y,No,11,3,4,80,3,4,2,3,4,2,0,3,Indeed
33,Current employee,Travel_Rarely,213,Research & Development,7,3,Marketing,1,15731,139186,3,Male,80,4,1,Research Scientist,3,Divorced,2610,15748,3,Y,No,11,3,4,80,3,4,2,3,4,2,0,3,Indeed
33,Current employee,Travel_Rarely,213,Research & Development,7,3,Medical,1,15732,139187,3,Male,80,4,1,Research Scientist,3,Divorced,2610,15748,1,Y,No,11,3,4,80,3,4,2,3,4,2,0,3,Indeed
33,Current employee,Travel_Rarely,213,Research & Development,7,3,Marketing,1,15733,139188,3,Male,80,4,1,Research Scientist,3,Divorced,2610,15748,3,Y,No,11,3,4,80,3,4,2,3,4,2,0,3,Indeed
33,Current employee,Travel_Rarely,213,Research & Development,7,3,Medical,1,15737,139192,3,Male,80,4,1,Research Scientist,3,Divorced,2610,15748,1,Y,No,11,3,4,80,3,4,2,3,4,2,0,3,Indeed
33,Current employee,Travel_Rarely,213,Research & Development,7,3,Marketing,1,15739,139194,3,Male,80,4,1,Research Scientist,3,Divorced,2610,15748,3,Y,No,11,3,4,80,3,4,2,3,4,2,0,3,Indeed
33,Current employee,Travel_Rarely,213,Research & Development,7,3,Medical,1,15740,139195,3,Male,80,4,1,Research Scientist,3,Divorced,2610,15748,1,Y,No,11,3,4,80,3,4,2,3,4,2,0,3,Indeed
33,Current employee,Travel_Rarely,213,Research & Development,7,3,Marketing,1,15741,139196,3,Male,80,4,1,Research Scientist,3,Divorced,2610,15748,3,Y,No,11,3,4,80,3,4,2,3,4,2,0,3,Indeed
33,Current employee,Travel_Frequently,1111,Sales,5,1,Life Sciences,1,15854,139309,2,Male,61,3,2,Sales Executive,4,Married,9998,19293,6,Y,No,13,3,1,80,0,8,2,4,5,4,1,2,Seek
33,Current employee,Travel_Frequently,1111,Sales,5,1,Life Sciences,1,15857,139312,2,Male,61,3,2,Sales Executive,4,Married,9998,19293,5,Y,No,13,3,1,80,0,8,2,4,5,4,1,2,Seek
33,Current employee,Travel_Frequently,1111,Sales,5,1,Life Sciences,1,15860,139315,2,Male,61,3,2,Sales Executive,4,Married,9998,19293,6,Y,No,13,3,1,80,0,8,2,4,5,4,1,2,Seek
33,Current employee,Travel_Frequently,1111,Sales,5,1,Life Sciences,1,15861,139316,2,Male,61,3,2,Sales Executive,4,Married,9998,19293,5,Y,No,13,3,1,80,0,8,2,4,5,4,1,2,Seek
33,Current employee,Travel_Frequently,1111,Sales,5,1,Life Sciences,1,15862,139317,2,Male,61,3,2,Sales Executive,4,Married,9998,19293,6,Y,No,13,3,1,80,0,8,2,4,5,4,1,2,Seek
33,Current employee,Travel_Frequently,1111,Sales,5,1,Life Sciences,1,15865,139320,2,Male,61,3,2,Sales Executive,4,Married,9998,19293,5,Y,No,13,3,1,80,0,8,2,4,5,4,1,2,Seek
33,Current employee,Travel_Frequently,1111,Sales,5,1,Life Sciences,1,15868,139323,2,Male,61,3,2,Sales Executive,4,Married,9998,19293,6,Y,No,13,3,1,80,0,8,2,4,5,4,1,2,Seek
33,Current employee,Travel_Frequently,1111,Sales,5,1,Life Sciences,1,15869,139324,2,Male,61,3,2,Sales Executive,4,Married,9998,19293,5,Y,No,13,3,1,80,0,8,2,4,5,4,1,2,Seek
33,Current employee,Travel_Rarely,586,Sales,1,3,Medical,1,15871,139326,3,Male,81,3,2,Sales Executive,2,Married,4078,20497,0,Y,Yes,13,4,1,80,3,4,3,2,3,2,1,2,Jora
33,Current employee,Travel_Rarely,586,Sales,1,3,Life Sciences,1,15872,139327,3,Male,,3,2,Sales Executive,2,Married,4078,20497,4,Y,Yes,13,3,1,80,3,4,3,2,3,2,1,2,Jora
33,Current employee,Travel_Rarely,586,Sales,1,3,Medical,1,15876,139331,3,Male,81,3,2,Sales Executive,2,Married,4078,20497,0,Y,Yes,13,3,1,80,3,4,3,2,3,2,1,2,Jora
33,Current employee,Travel_Rarely,586,Sales,1,3,Life Sciences,1,15877,139332,3,Male,81,3,2,Sales Executive,2,Married,4078,20497,4,Y,Yes,13,3,1,80,3,4,3,2,3,2,1,2,Jora
33,Current employee,Travel_Rarely,586,Sales,1,3,Medical,1,15879,139334,3,Male,81,3,2,Sales Executive,2,Married,4078,20497,0,Y,Yes,13,4,1,80,3,4,3,2,3,2,1,2,Jora
33,Current employee,Travel_Rarely,586,Sales,1,3,Life Sciences,1,15880,139335,3,Male,81,3,2,Sales Executive,2,Married,4078,20497,4,Y,Yes,13,3,1,80,3,4,3,2,3,2,1,2,Jora
33,Current employee,Travel_Rarely,586,Sales,1,3,Medical,1,15884,139339,3,Male,81,3,2,Sales Executive,2,Married,4078,20497,0,Y,Yes,13,3,1,80,3,4,3,2,3,2,1,2,Jora
33,Current employee,Travel_Rarely,586,Sales,1,3,Life Sciences,1,15885,139340,3,Male,81,3,2,Sales Executive,2,Married,4078,20497,4,Y,Yes,13,3,1,80,3,4,3,2,3,2,1,2,Jora
33,Current employee,Travel_Frequently,430,Sales,7,3,Medical,1,16760,140215,4,Male,54,3,2,Sales Executive,1,Married,4373,17456,0,Y,No,14,3,1,80,2,5,2,3,4,3,0,3,Company Website
33,Current employee,Travel_Frequently,430,Sales,7,3,Marketing,1,16762,140217,4,Male,54,3,2,Sales Executive,1,Married,4373,17456,5,Y,No,14,3,1,80,2,5,2,3,4,3,0,3,Company Website
33,Current employee,Travel_Frequently,430,Sales,7,3,Medical,1,16764,140219,4,Male,54,3,2,Sales Executive,1,Married,4373,17456,0,Y,No,14,3,1,80,2,5,2,3,4,3,0,3,Company Website
33,Current employee,Travel_Frequently,430,Sales,7,3,Marketing,1,16766,140221,4,Male,54,3,2,Sales Executive,1,Married,4373,17456,5,Y,No,14,3,1,80,2,5,2,3,4,3,0,3,Company Website
33,Current employee,Travel_Frequently,430,Sales,7,3,Medical,1,16768,140223,4,Male,54,3,2,Sales Executive,1,Married,4373,17456,0,Y,No,14,3,1,80,2,5,2,3,4,3,0,3,Company Website
33,Current employee,Travel_Frequently,430,Sales,7,3,Marketing,1,16770,140225,4,Male,54,3,2,Sales Executive,1,Married,4373,17456,5,Y,No,14,3,1,80,2,5,2,3,4,3,0,3,Company Website
33,Current employee,Travel_Frequently,430,Sales,7,3,Medical,1,16772,140227,4,Male,54,3,2,Sales Executive,1,Married,4373,17456,0,Y,No,14,3,1,80,2,5,2,3,4,3,0,3,Company Website
33,Current employee,Travel_Frequently,430,Sales,7,3,Marketing,1,16774,140229,4,Male,54,3,2,Sales Executive,1,Married,4373,17456,5,Y,No,14,3,1,80,2,5,2,3,4,3,0,3,Company Website
33,Current employee,Travel_Rarely,1099,Research & Development,4,4,Medical,1,17064,140519,1,Female,82,2,1,Laboratory Technician,,Married,3838,8192,8,Y,No,11,3,4,80,0,8,5,3,5,4,0,2,GlassDoor
33,Current employee,Travel_Rarely,1099,Research & Development,4,4,Life Sciences,1,17066,140521,1,Female,82,2,1,Laboratory Technician,2,Married,3838,8192,1,Y,No,11,3,4,80,0,8,5,3,5,4,0,2,GlassDoor
33,Current employee,Travel_Rarely,1099,Research & Development,4,4,Medical,1,17068,140523,1,Female,82,2,1,Laboratory Technician,2,Married,3838,8192,8,Y,No,11,3,4,80,0,8,5,3,5,4,0,2,GlassDoor
33,Current employee,Travel_Rarely,1099,Research & Development,4,4,Life Sciences,1,17069,140524,1,Female,82,2,1,Laboratory Technician,2,Married,3838,8192,1,Y,No,11,3,4,80,0,8,5,3,5,4,0,2,GlassDoor
33,Current employee,Travel_Rarely,1099,Research & Development,4,4,Medical,1,17071,140526,1,Female,82,2,1,Laboratory Technician,2,Married,3838,8192,8,Y,No,11,3,4,80,0,8,5,3,5,4,0,2,GlassDoor
33,Current employee,Travel_Rarely,1099,Research & Development,4,4,Life Sciences,1,17073,140528,1,Female,82,2,1,Laboratory Technician,2,Married,3838,8192,1,Y,No,11,3,4,80,0,8,5,3,5,4,0,2,GlassDoor
33,Current employee,Travel_Rarely,1099,Research & Development,4,4,Medical,1,17075,140530,1,Female,82,2,1,Laboratory Technician,2,Married,3838,8192,8,Y,No,11,3,4,80,0,8,5,3,5,4,0,2,GlassDoor
33,Current employee,Travel_Rarely,1099,Research & Development,4,4,Life Sciences,1,17076,140531,1,Female,82,2,1,Laboratory Technician,2,Married,3838,8192,1,Y,No,11,3,4,80,0,8,5,3,5,4,0,2,GlassDoor
33,Current employee,Travel_Frequently,1146,Sales,25,3,Medical,1,17126,140581,4,Male,84,3,2,Sales Executive,1,Single,4898,11827,0,Y,No,14,3,4,80,0,5,5,3,4,2,1,3,GlassDoor
33,Current employee,Travel_Frequently,1146,Sales,25,3,Technical Degree,1,17128,140583,4,Male,84,3,2,Sales Executive,1,Single,4898,11827,7,Y,No,14,3,4,80,0,5,5,3,4,2,1,3,GlassDoor
33,Current employee,Travel_Frequently,1146,Sales,25,3,Medical,1,17131,140586,4,Male,84,3,2,Sales Executive,1,Single,4898,11827,0,Y,No,14,3,4,80,0,5,5,3,4,2,1,3,GlassDoor
33,Current employee,Travel_Frequently,1146,Sales,25,3,Technical Degree,1,17132,140587,4,Male,84,3,2,Sales Executive,1,Single,4898,11827,7,Y,No,14,3,4,80,0,5,5,3,4,2,1,3,GlassDoor
33,Current employee,Travel_Frequently,1146,Sales,25,3,Medical,1,17134,140589,4,Male,84,3,2,Sales Executive,1,Single,4898,11827,0,Y,No,14,3,4,80,0,5,5,3,4,2,1,3,GlassDoor
33,Current employee,Travel_Frequently,1146,Sales,25,3,Technical Degree,1,17136,140591,4,Male,84,3,2,Sales Executive,1,Single,4898,11827,7,Y,No,14,3,4,80,0,5,5,3,4,2,1,3,GlassDoor
33,Current employee,Travel_Frequently,1146,Sales,25,3,Medical,1,17139,140594,4,Male,84,3,2,Sales Executive,1,Single,4898,11827,0,Y,No,14,3,4,80,0,5,5,3,4,2,1,3,GlassDoor
33,Current employee,Travel_Frequently,1146,Sales,25,3,Technical Degree,1,17140,140595,4,Male,84,3,2,Sales Executive,1,Single,4898,11827,7,Y,No,14,3,4,80,0,5,5,3,4,2,1,3,GlassDoor
33,Current employee,Travel_Rarely,117,Research & Development,9,3,Medical,1,17158,140613,4,Female,84,3,1,Laboratory Technician,2,Married,3180,4668,0,Y,No,13,3,3,80,3,4,3,3,3,2,0,2,Indeed
33,Current employee,Travel_Rarely,117,Research & Development,9,3,Medical,1,17160,140615,4,Female,84,3,1,Laboratory Technician,2,Married,3180,4668,1,Y,No,13,3,3,80,3,4,3,3,3,2,0,2,Indeed
33,Current employee,Travel_Rarely,117,Research & Development,9,3,Medical,1,17163,140618,4,Female,84,3,1,Laboratory Technician,2,Married,3180,4668,0,Y,No,13,3,3,80,3,4,3,3,3,2,0,2,Indeed
33,Current employee,Travel_Rarely,117,Research & Development,9,3,Medical,1,17164,140619,4,Female,84,3,1,Laboratory Technician,2,Married,3180,4668,1,Y,No,13,3,3,80,3,4,3,3,3,2,0,2,Indeed
33,Current employee,Travel_Rarely,117,Research & Development,9,3,Medical,1,17166,140621,4,Female,84,3,1,Laboratory Technician,2,Married,3180,4668,0,Y,No,13,3,3,80,3,4,3,3,3,2,0,2,Indeed
33,Current employee,Travel_Rarely,117,Research & Development,9,3,Medical,1,17168,140623,4,Female,84,3,1,Laboratory Technician,2,Married,3180,4668,1,Y,No,13,3,3,80,3,4,3,3,3,2,0,2,Indeed
33,Current employee,Travel_Rarely,117,Research & Development,9,3,Medical,1,17171,140626,4,Female,84,3,1,Laboratory Technician,2,Married,3180,4668,0,Y,No,13,3,3,80,3,4,3,3,3,2,0,2,Indeed
33,Current employee,Travel_Rarely,117,Research & Development,9,3,Medical,1,17172,140627,4,Female,84,3,1,Laboratory Technician,2,Married,3180,4668,1,Y,No,13,3,3,80,3,4,3,3,3,2,0,2,Indeed
33,Current employee,Travel_Rarely,516,Research & Development,8,5,Life Sciences,1,17189,140644,4,Male,69,3,2,Healthcare Representative,3,Single,6388,22049,2,Y,Yes,17,3,1,80,0,14,6,3,0,0,0,0,GlassDoor
33,Current employee,Travel_Rarely,516,Research & Development,8,5,Medical,1,17191,140646,4,Male,69,3,2,Healthcare Representative,3,Single,6388,22049,0,Y,Yes,17,3,1,80,0,14,6,3,0,0,0,0,GlassDoor
33,Current employee,Travel_Rarely,516,Research & Development,8,5,Life Sciences,1,17193,140648,4,Male,69,3,2,Healthcare Representative,3,Single,6388,22049,2,Y,Yes,17,3,1,80,0,14,6,3,0,0,0,0,GlassDoor
33,Current employee,Travel_Rarely,516,Research & Development,8,5,Medical,1,17194,140649,4,Male,69,3,2,Healthcare Representative,3,Single,6388,22049,0,Y,Yes,17,3,1,80,0,14,6,3,0,0,0,0,GlassDoor
33,Current employee,Travel_Rarely,516,Research & Development,8,5,Life Sciences,1,17197,140652,4,Male,69,3,2,Healthcare Representative,3,Single,6388,22049,2,Y,Yes,17,3,1,80,0,14,6,3,0,0,0,0,GlassDoor
33,Current employee,Travel_Rarely,516,Research & Development,8,5,Medical,1,17199,140654,4,Male,69,3,2,Healthcare Representative,3,Single,6388,22049,0,Y,Yes,17,3,1,80,0,14,6,3,0,0,0,0,GlassDoor
33,Current employee,Travel_Rarely,516,Research & Development,8,5,Life Sciences,1,17201,140656,4,Male,69,3,2,Healthcare Representative,3,Single,6388,22049,2,Y,Yes,17,3,1,80,0,14,6,3,0,0,0,0,GlassDoor
33,Current employee,Travel_Rarely,516,Research & Development,8,5,Medical,1,17202,140657,4,Male,69,3,2,Healthcare Representative,3,Single,6388,22049,0,Y,Yes,17,3,1,80,0,14,6,3,0,0,0,0,GlassDoor
33,Current employee,Travel_Rarely,575,Research & Development,25,3,Life Sciences,1,17462,140917,4,Male,44,2,2,Manufacturing Director,2,Single,4320,24152,1,Y,No,13,3,4,80,0,5,2,3,5,3,0,2,Company Website
33,Current employee,Travel_Rarely,575,Research & Development,25,3,Technical Degree,1,17465,140920,4,Male,44,2,2,Manufacturing Director,2,Single,4320,24152,1,Y,No,13,3,4,80,0,5,2,3,5,3,0,2,Company Website
33,Current employee,Travel_Rarely,575,Research & Development,25,3,Life Sciences,1,17466,140921,4,Male,44,2,2,Manufacturing Director,2,Single,4320,24152,1,Y,No,13,3,4,80,0,5,2,3,5,3,0,2,Company Website
33,Current employee,Travel_Rarely,575,Research & Development,25,3,Technical Degree,1,17467,140922,4,Male,44,2,2,Manufacturing Director,2,Single,4320,24152,1,Y,No,13,3,4,80,0,5,2,3,5,3,0,2,Company Website
33,Current employee,Travel_Rarely,575,Research & Development,25,3,Life Sciences,1,17470,140925,4,Male,44,2,2,Manufacturing Director,2,Single,4320,24152,1,Y,No,13,3,4,80,0,5,2,3,5,3,0,2,Company Website
33,Current employee,Travel_Rarely,575,Research & Development,25,3,Technical Degree,1,17473,140928,4,Male,44,2,2,Manufacturing Director,2,Single,4320,24152,1,Y,No,13,3,4,80,0,5,2,3,5,3,0,2,Company Website
33,Current employee,Travel_Rarely,575,Research & Development,25,3,Life Sciences,1,17474,140929,4,Male,44,2,2,Manufacturing Director,2,Single,4320,24152,1,Y,No,13,3,4,80,0,5,2,3,5,3,0,2,Company Website
33,Current employee,Travel_Rarely,575,Research & Development,25,3,Technical Degree,1,17475,140930,4,Male,44,2,2,Manufacturing Director,2,Single,4320,24152,1,Y,No,13,3,4,80,0,5,2,3,5,3,0,2,Company Website
33,Current employee,Travel_Rarely,589,Research & Development,28,4,Life Sciences,1,17525,140980,2,Male,79,3,2,Laboratory Technician,3,Married,5207,22949,1,Y,Yes,12,4,2,80,1,15,3,3,15,14,5,7,Seek
33,Current employee,Travel_Rarely,589,Research & Development,28,4,Technical Degree,1,17528,140983,2,Male,79,3,2,Laboratory Technician,3,Married,5207,22949,1,Y,Yes,12,3,2,80,1,15,3,3,15,14,5,7,Seek
33,Current employee,Travel_Rarely,589,Research & Development,28,4,Life Sciences,1,17529,140984,2,Male,79,3,2,Laboratory Technician,3,Married,5207,22949,1,Y,Yes,12,3,2,80,1,15,3,3,15,14,5,7,Seek
33,Current employee,Travel_Rarely,589,Research & Development,28,4,Technical Degree,1,17530,140985,2,Male,79,3,2,Laboratory Technician,3,Married,5207,22949,1,Y,Yes,12,3,2,80,1,15,3,3,15,14,5,7,Seek
33,Current employee,Travel_Rarely,589,Research & Development,28,4,Life Sciences,1,17533,140988,2,Male,79,3,2,Laboratory Technician,3,Married,5207,22949,1,Y,Yes,12,4,2,80,1,15,3,3,15,14,5,7,Seek
33,Current employee,Travel_Rarely,589,Research & Development,28,4,Technical Degree,1,17536,140991,2,Male,79,3,2,Laboratory Technician,3,Married,5207,22949,1,Y,Yes,12,3,2,80,1,15,3,3,15,14,5,7,Seek
33,Current employee,Travel_Rarely,589,Research & Development,28,4,Life Sciences,1,17537,140992,2,Male,79,3,2,Laboratory Technician,3,Married,5207,22949,1,Y,Yes,12,3,2,80,1,15,3,3,15,14,5,7,Seek
33,Current employee,Travel_Rarely,589,Research & Development,28,4,Technical Degree,1,17538,140993,2,Male,79,3,2,Laboratory Technician,3,Married,5207,22949,1,Y,Yes,12,3,2,80,1,15,3,3,15,14,5,7,Seek
33,Current employee,Travel_Rarely,1242,Sales,8,4,Life Sciences,1,17684,141139,1,Male,46,3,2,Sales Executive,1,Married,6392,10589,2,Y,No,13,4,4,80,1,8,6,1,2,2,2,2,GlassDoor
33,Current employee,Travel_Rarely,1242,Sales,8,4,Medical,1,17687,141142,1,Male,46,3,2,Sales Executive,1,Married,6392,10589,6,Y,No,13,3,4,80,1,8,6,1,2,2,2,2,GlassDoor
33,Current employee,Travel_Rarely,1242,Sales,8,4,Life Sciences,1,17690,141145,1,Male,46,3,2,Sales Executive,1,Married,6392,10589,2,Y,No,13,3,4,80,1,8,6,1,2,2,2,2,GlassDoor
33,Current employee,Travel_Rarely,1242,Sales,8,4,Medical,1,17691,141146,1,Male,46,3,2,Sales Executive,1,Married,6392,10589,6,Y,No,13,3,4,80,1,8,6,1,2,2,2,2,GlassDoor
33,Current employee,Travel_Rarely,1242,Sales,8,4,Life Sciences,1,17692,141147,1,Male,46,3,2,Sales Executive,1,Married,6392,10589,2,Y,No,13,4,4,80,1,8,6,1,2,2,2,2,GlassDoor
33,Current employee,Travel_Rarely,1242,Sales,8,4,Medical,1,17695,141150,1,Male,46,3,2,Sales Executive,1,Married,6392,10589,6,Y,No,13,3,4,80,1,8,6,1,2,2,2,2,GlassDoor
33,Current employee,Travel_Rarely,1242,Sales,8,4,Life Sciences,1,17698,141153,1,Male,46,3,2,Sales Executive,1,Married,6392,10589,2,Y,No,13,3,4,80,1,8,6,1,2,2,2,2,GlassDoor
33,Current employee,Travel_Rarely,1242,Sales,8,4,Medical,1,17699,141154,1,Male,46,3,2,Sales Executive,1,Married,6392,10589,6,Y,No,13,3,4,80,1,8,6,1,2,2,2,2,GlassDoor
33,Current employee,Travel_Frequently,430,Sales,7,3,Medical,1,17898,141353,4,Male,86,3,2,Sales Executive,2,Married,9924,12355,0,Y,No,11,3,4,80,1,10,3,3,9,8,7,7,Adzuna
33,Current employee,Travel_Frequently,430,Sales,7,3,Marketing,1,17899,141354,4,Male,86,3,2,Sales Executive,2,Married,9924,12355,5,Y,No,11,3,4,80,1,10,3,3,9,8,7,7,Adzuna
33,Current employee,Travel_Frequently,430,Sales,7,3,Medical,1,17901,141356,4,Male,86,3,2,Sales Executive,2,Married,9924,12355,0,Y,No,11,3,4,80,1,10,3,3,9,8,7,7,Adzuna
33,Current employee,Travel_Frequently,430,Sales,7,3,Marketing,1,17902,141357,4,Male,86,3,2,Sales Executive,2,Married,9924,12355,5,Y,No,11,3,4,80,1,10,3,3,9,8,7,7,Adzuna
33,Current employee,Travel_Frequently,430,Sales,7,3,Marketing,1,17906,141361,4,Male,86,3,2,Sales Executive,2,Married,9924,12355,5,Y,No,11,3,4,80,1,10,3,3,9,8,7,7,Adzuna
33,Current employee,Travel_Frequently,430,Sales,7,3,Medical,1,17908,141363,4,Male,86,3,2,Sales Executive,2,Married,9924,12355,0,Y,No,11,3,4,80,1,10,3,3,9,8,7,7,Adzuna
33,Current employee,Travel_Frequently,430,Sales,7,3,Marketing,1,17909,141364,4,Male,86,3,2,Sales Executive,2,Married,9924,12355,5,Y,No,11,3,4,80,1,10,3,3,9,8,7,7,Adzuna
33,Current employee,Travel_Rarely,1099,Research & Development,4,4,Life Sciences,1,17988,141443,4,Male,86,3,2,Healthcare Representative,4,Divorced,8853,24483,0,Y,No,19,3,4,80,1,6,0,4,6,4,1,3,Company Website
33,Current employee,Travel_Rarely,1099,Research & Development,4,4,Medical,1,17991,141446,4,Male,86,3,2,Healthcare Representative,4,Divorced,8853,24483,1,Y,No,19,3,4,80,1,6,0,4,6,4,1,3,Company Website
33,Current employee,Travel_Rarely,1099,Research & Development,4,4,Life Sciences,1,17992,141447,4,Male,86,3,2,Healthcare Representative,4,Divorced,8853,24483,0,Y,No,19,3,4,80,1,6,0,4,6,4,1,3,Company Website
33,Current employee,Travel_Rarely,1099,Research & Development,4,4,Medical,1,17994,141449,4,Male,86,3,2,Healthcare Representative,4,Divorced,8853,24483,1,Y,No,19,3,4,80,1,6,0,4,6,4,1,3,Company Website
33,Current employee,Travel_Rarely,1099,Research & Development,4,4,Life Sciences,1,17996,141451,4,Male,86,3,2,Healthcare Representative,4,Divorced,8853,24483,0,Y,No,19,3,4,80,1,6,0,4,6,4,1,3,Company Website
33,Current employee,Travel_Rarely,1099,Research & Development,4,4,Medical,1,17999,141454,4,Male,86,3,2,Healthcare Representative,4,Divorced,8853,24483,1,Y,No,19,3,4,80,1,6,0,4,6,4,1,3,Company Website
33,Current employee,Travel_Rarely,1099,Research & Development,4,4,Life Sciences,1,18000,141455,4,Male,86,3,2,Healthcare Representative,4,Divorced,8853,24483,0,Y,No,19,3,4,80,1,6,0,4,6,4,1,3,Company Website
33,Current employee,Travel_Rarely,392,Sales,2,4,Medical,1,18644,142099,4,Male,87,2,4,Manager,4,Married,15202,5602,2,Y,No,25,3,2,80,1,23,3,3,2,2,2,2,Recruit.net
33,Current employee,Travel_Rarely,392,Sales,2,4,Life Sciences,1,18645,142100,4,Male,87,2,4,Manager,4,Married,15202,5602,1,Y,No,25,3,2,80,1,23,3,3,2,2,2,2,Recruit.net
33,Current employee,Travel_Rarely,392,Sales,2,4,Medical,1,18647,142102,4,Male,87,2,4,Manager,4,Married,15202,5602,2,Y,No,25,4,2,80,1,23,3,3,2,2,2,2,Recruit.net
33,Current employee,Travel_Rarely,392,Sales,2,4,Life Sciences,1,18648,142103,4,Male,87,2,4,Manager,4,Married,15202,5602,1,Y,No,25,4,2,80,1,23,3,3,2,2,2,2,Recruit.net
33,Current employee,Travel_Rarely,392,Sales,2,4,Medical,1,18652,142107,4,Male,87,2,4,Manager,4,Married,15202,5602,2,Y,No,25,3,2,80,1,23,3,3,2,2,2,2,Recruit.net
33,Current employee,Travel_Rarely,392,Sales,2,4,Life Sciences,1,18653,142108,4,Male,87,2,4,Manager,4,Married,15202,5602,1,Y,No,25,3,2,80,1,23,3,3,2,2,2,2,Recruit.net
33,Current employee,Travel_Rarely,392,Sales,2,4,Medical,1,18655,142110,4,Male,87,2,4,Manager,4,Married,15202,5602,2,Y,No,25,4,2,80,1,23,3,3,2,2,2,2,Recruit.net
33,Current employee,Travel_Rarely,392,Sales,2,4,Life Sciences,1,18656,142111,4,Male,87,2,4,Manager,4,Married,15202,5602,1,Y,No,25,4,2,80,1,23,3,3,2,2,2,2,Recruit.net
33,Current employee,Travel_Rarely,267,Research & Development,21,3,Medical,1,18824,142279,4,Female,88,2,3,Research Director,1,Divorced,13269,21981,5,Y,No,15,3,3,80,3,19,3,3,14,11,1,11,LinkedIn
33,Current employee,Travel_Rarely,267,Research & Development,21,3,Other,1,18826,142281,4,Female,88,2,3,Research Director,1,Divorced,13269,21981,2,Y,No,15,3,3,80,3,19,3,3,14,11,1,11,LinkedIn
33,Current employee,Travel_Rarely,267,Research & Development,21,3,Medical,1,18827,142282,4,Female,88,2,3,Research Director,1,Divorced,13269,21981,5,Y,No,15,3,3,80,3,19,3,3,14,11,1,11,LinkedIn
33,Current employee,Travel_Rarely,267,Research & Development,21,3,Other,1,18828,142283,4,Female,88,2,3,Research Director,1,Divorced,13269,21981,2,Y,No,15,3,3,80,3,19,3,3,14,11,1,11,LinkedIn
33,Current employee,Travel_Rarely,267,Research & Development,21,3,Medical,1,18832,142287,4,Female,88,2,3,Research Director,1,Divorced,13269,21981,5,Y,No,15,3,3,80,3,19,3,3,14,11,1,11,LinkedIn
33,Current employee,Travel_Rarely,267,Research & Development,21,3,Other,1,18834,142289,4,Female,88,2,3,Research Director,1,Divorced,13269,21981,2,Y,No,15,3,3,80,3,19,3,3,14,11,1,11,LinkedIn
33,Current employee,Travel_Rarely,267,Research & Development,21,3,Medical,1,18835,142290,4,Female,88,2,3,Research Director,1,Divorced,13269,21981,5,Y,No,15,3,3,80,3,19,3,3,14,11,1,11,LinkedIn
33,Current employee,Travel_Rarely,267,Research & Development,21,3,Other,1,18836,142291,4,Female,88,2,3,Research Director,1,Divorced,13269,21981,2,Y,No,15,3,3,80,3,19,3,3,14,11,1,11,LinkedIn
33,Current employee,Travel_Rarely,392,Sales,2,4,Medical,1,19013,142468,4,Male,93,3,2,Sales Executive,4,Divorced,5505,3921,1,Y,No,14,3,3,80,2,6,5,3,6,2,0,4,Seek
33,Current employee,Travel_Rarely,392,Sales,2,4,Life Sciences,1,19015,142470,4,Male,93,3,2,Sales Executive,4,Divorced,5505,3921,4,Y,No,14,3,3,80,2,6,5,3,6,2,0,4,Seek
33,Current employee,Travel_Rarely,392,Sales,2,4,Medical,1,19017,142472,4,Male,93,3,2,Sales Executive,4,Divorced,5505,3921,1,Y,No,14,3,3,80,2,6,5,3,6,2,0,4,Seek
33,Current employee,Travel_Rarely,392,Sales,2,4,Life Sciences,1,19018,142473,4,Male,93,3,2,Sales Executive,4,Divorced,5505,3921,4,Y,No,14,3,3,80,2,6,5,3,6,2,0,4,Seek
33,Current employee,Travel_Rarely,392,Sales,2,4,Medical,1,19021,142476,4,Male,93,3,2,Sales Executive,4,Divorced,5505,3921,1,Y,No,14,3,3,80,2,6,5,3,6,2,0,4,Seek
33,Current employee,Travel_Rarely,392,Sales,2,4,Life Sciences,1,19023,142478,4,Male,93,3,2,Sales Executive,4,Divorced,5505,3921,4,Y,No,14,3,3,80,2,6,5,3,6,2,0,4,Seek
33,Current employee,Travel_Rarely,392,Sales,2,4,Medical,1,19025,142480,4,Male,93,3,2,Sales Executive,4,Divorced,5505,3921,1,Y,No,14,3,3,80,2,6,5,3,6,2,0,4,Seek
33,Current employee,Travel_Rarely,392,Sales,2,4,Life Sciences,1,19026,142481,4,Male,93,3,2,Sales Executive,4,Divorced,5505,3921,4,Y,No,14,3,3,80,2,6,5,3,6,2,0,4,Seek
33,Current employee,Non-Travel,530,Sales,16,3,Life Sciences,1,19160,142615,3,Female,36,3,2,Sales Executive,4,Divorced,5368,16130,1,Y,Yes,25,3,3,80,1,7,2,3,6,5,1,2,Indeed
33,Current employee,Non-Travel,530,Sales,16,3,Medical,1,19163,142618,3,Female,36,3,2,Sales Executive,4,Divorced,5368,16130,7,Y,Yes,25,3,3,80,1,7,2,3,6,5,1,2,Indeed
33,Current employee,Non-Travel,530,Sales,16,3,Life Sciences,1,19164,142619,3,Female,36,3,2,Sales Executive,4,Divorced,5368,16130,1,Y,Yes,25,4,3,80,1,7,2,3,6,5,1,2,Indeed
33,Current employee,Non-Travel,530,Sales,16,3,Medical,1,19165,142620,3,Female,36,3,2,Sales Executive,4,Divorced,5368,16130,7,Y,Yes,25,4,3,80,1,7,2,3,6,5,1,2,Indeed
33,Current employee,Non-Travel,530,Sales,16,3,Life Sciences,1,19168,142623,3,Female,36,3,2,Sales Executive,4,Divorced,5368,16130,1,Y,Yes,25,3,3,80,1,7,2,3,6,5,1,2,Indeed
33,Current employee,Non-Travel,530,Sales,16,3,Medical,1,19171,142626,3,Female,36,3,2,Sales Executive,4,Divorced,5368,16130,7,Y,Yes,25,3,3,80,1,7,2,3,6,5,1,2,Indeed
33,Current employee,Non-Travel,530,Sales,16,3,Life Sciences,1,19172,142627,3,Female,36,3,2,Sales Executive,4,Divorced,5368,16130,1,Y,Yes,25,4,3,80,1,7,2,3,6,5,1,2,Indeed
33,Current employee,Non-Travel,530,Sales,16,3,Medical,1,19173,142628,3,Female,36,3,2,Sales Executive,4,Divorced,5368,16130,7,Y,Yes,25,4,3,80,1,7,2,3,6,5,1,2,Indeed
33,Current employee,Travel_Rarely,267,Research & Development,21,3,Medical,1,19346,142801,2,Male,79,4,1,Laboratory Technician,2,Married,2028,13637,1,Y,No,18,3,4,80,3,14,6,3,14,11,2,13,Indeed
33,Current employee,Travel_Rarely,267,Research & Development,21,3,Other,1,19349,142804,2,Male,79,4,1,Laboratory Technician,2,Married,2028,13637,1,Y,No,18,3,4,80,3,14,6,3,14,11,2,13,Indeed
33,Current employee,Travel_Rarely,267,Research & Development,21,3,Medical,1,19352,142807,2,Male,79,4,1,Laboratory Technician,2,Married,2028,13637,1,Y,No,18,3,4,80,3,14,6,3,14,11,2,13,Indeed
33,Current employee,Travel_Rarely,267,Research & Development,21,3,Other,1,19353,142808,2,Male,79,4,1,Laboratory Technician,2,Married,2028,13637,1,Y,No,18,3,4,80,3,14,6,3,14,11,2,13,Indeed
33,Current employee,Travel_Rarely,267,Research & Development,21,3,Medical,1,19354,142809,2,Male,79,4,1,Laboratory Technician,2,Married,2028,13637,1,Y,No,18,3,4,80,3,14,6,3,14,11,2,13,Indeed
33,Current employee,Travel_Rarely,267,Research & Development,21,3,Other,1,19357,142812,2,Male,79,4,1,Laboratory Technician,2,Married,2028,13637,1,Y,No,18,3,4,80,3,14,6,3,14,11,2,13,Indeed
33,Current employee,Travel_Rarely,267,Research & Development,21,3,Medical,1,19360,142815,2,Male,79,4,1,Laboratory Technician,2,Married,2028,13637,1,Y,No,18,3,4,80,3,14,6,3,14,11,2,13,Indeed
33,Current employee,Travel_Rarely,267,Research & Development,21,3,Other,1,19361,142816,2,Male,79,4,1,Laboratory Technician,2,Married,2028,13637,1,Y,No,18,3,4,80,3,14,6,3,14,11,2,13,Indeed
33,Current employee,Non-Travel,1313,Research & Development,1,2,Medical,1,19795,143250,4,Female,91,3,1,Laboratory Technician,2,Single,3295,12862,1,Y,No,13,4,3,80,0,3,3,1,3,2,1,2,GlassDoor
33,Current employee,Non-Travel,1313,Research & Development,1,2,Life Sciences,1,19796,143251,4,Female,91,3,1,Laboratory Technician,2,Single,3295,12862,1,Y,No,13,3,3,80,0,3,3,1,3,2,1,2,GlassDoor
33,Current employee,Non-Travel,1313,Research & Development,1,2,Medical,1,19800,143255,4,Female,91,3,1,Laboratory Technician,2,Single,3295,12862,1,Y,No,13,3,3,80,0,3,3,1,3,2,1,2,GlassDoor
33,Current employee,Non-Travel,1313,Research & Development,1,2,Life Sciences,1,19801,143256,4,Female,91,3,1,Laboratory Technician,2,Single,3295,12862,1,Y,No,13,3,3,80,0,3,3,1,3,2,1,2,GlassDoor
33,Current employee,Non-Travel,1313,Research & Development,1,2,Medical,1,19803,143258,4,Female,91,3,1,Laboratory Technician,2,Single,3295,12862,1,Y,No,13,4,3,80,0,3,3,1,3,2,1,2,GlassDoor
33,Current employee,Non-Travel,1313,Research & Development,1,2,Life Sciences,1,19804,143259,4,Female,91,3,1,Laboratory Technician,2,Single,3295,12862,1,Y,No,13,3,3,80,0,3,3,1,3,2,1,2,GlassDoor
33,Current employee,Non-Travel,1313,Research & Development,1,2,Medical,1,19808,143263,4,Female,91,3,1,Laboratory Technician,2,Single,3295,12862,1,Y,No,13,3,3,80,0,3,3,1,3,2,1,2,GlassDoor
33,Current employee,Non-Travel,1313,Research & Development,1,2,Life Sciences,1,19809,143264,4,Female,91,3,1,Laboratory Technician,2,Single,3295,12862,1,Y,No,13,3,3,80,0,3,3,1,3,2,1,2,GlassDoor
33,Current employee,Travel_Rarely,501,Research & Development,15,2,Medical,1,19859,143314,4,Male,91,3,5,Manager,2,Single,19833,4349,1,Y,No,14,4,2,80,0,21,3,2,21,8,12,8,Referral
33,Current employee,Travel_Rarely,501,Research & Development,15,2,Medical,1,19861,143316,4,Male,91,3,5,Manager,2,Single,19833,4349,1,Y,No,14,3,2,80,0,21,3,2,21,8,12,8,Referral
33,Current employee,Travel_Rarely,501,Research & Development,15,2,Medical,1,19862,143317,4,Male,91,3,5,Manager,2,Single,19833,4349,1,Y,No,14,3,2,80,0,21,3,2,21,8,12,8,Referral
33,Current employee,Travel_Rarely,501,Research & Development,15,2,Medical,1,19863,143318,4,Male,91,3,5,Manager,2,Single,19833,4349,1,Y,No,14,3,2,80,0,21,3,2,21,8,12,8,Referral
33,Current employee,Travel_Rarely,501,Research & Development,15,2,Medical,1,19867,143322,4,Male,91,3,5,Manager,2,Single,19833,4349,1,Y,No,14,4,2,80,0,21,3,2,21,8,12,8,Referral
33,Current employee,Travel_Rarely,501,Research & Development,15,2,Medical,1,19869,143324,4,Male,91,3,5,Manager,2,Single,19833,4349,1,Y,No,14,3,2,80,0,21,3,2,21,8,12,8,Referral
33,Current employee,Travel_Rarely,501,Research & Development,15,2,Medical,1,19870,143325,4,Male,91,3,5,Manager,2,Single,19833,4349,1,Y,No,14,3,2,80,0,21,3,2,21,8,12,8,Referral
33,Current employee,Travel_Rarely,501,Research & Development,15,2,Medical,1,19871,143326,4,Male,91,3,5,Manager,2,Single,19833,4349,1,Y,No,14,3,2,80,0,21,3,2,21,8,12,8,Referral
33,Current employee,Non-Travel,1283,Sales,2,3,Marketing,1,20032,143487,4,Female,62,3,2,Sales Executive,2,Single,5147,10697,8,Y,No,15,3,4,80,0,13,2,2,11,7,1,7,Jora
33,Current employee,Non-Travel,1283,Sales,2,3,Life Sciences,1,20034,143489,4,Female,62,3,2,Sales Executive,2,Single,5147,10697,4,Y,No,15,3,4,80,0,13,2,2,11,7,1,7,Jora
33,Current employee,Non-Travel,1283,Sales,2,3,Marketing,1,20036,143491,4,Female,62,3,2,Sales Executive,2,Single,5147,10697,8,Y,No,15,3,4,80,0,13,2,2,11,7,1,7,Jora
33,Current employee,Non-Travel,1283,Sales,2,3,Life Sciences,1,20037,143492,4,Female,62,3,2,Sales Executive,2,Single,5147,10697,4,Y,No,15,3,4,80,0,13,2,2,11,7,1,7,Jora
33,Current employee,Non-Travel,1283,Sales,2,3,Marketing,1,20040,143495,4,Female,62,3,2,Sales Executive,2,Single,5147,10697,8,Y,No,15,3,4,80,0,13,2,2,11,7,1,7,Jora
33,Current employee,Non-Travel,1283,Sales,2,3,Life Sciences,1,20042,143497,4,Female,62,3,2,Sales Executive,2,Single,5147,10697,4,Y,No,15,3,4,80,0,13,2,2,11,7,1,7,Jora
33,Current employee,Non-Travel,1283,Sales,2,3,Marketing,1,20044,143499,4,Female,62,3,2,Sales Executive,2,Single,5147,10697,8,Y,No,15,3,4,80,0,13,2,2,11,7,1,7,Jora
33,Current employee,Non-Travel,1283,Sales,2,3,Life Sciences,1,20045,143500,4,Female,62,3,2,Sales Executive,2,Single,5147,10697,4,Y,No,15,3,4,80,0,13,2,2,11,7,1,7,Jora
33,Current employee,Non-Travel,775,Research & Development,4,3,Technical Degree,1,20219,143674,4,Male,90,3,2,Research Scientist,2,Divorced,3055,6194,5,Y,No,15,3,4,80,2,11,2,2,9,8,1,7,Adzuna
33,Current employee,Non-Travel,775,Research & Development,4,3,Life Sciences,1,20221,143676,4,Male,90,3,2,Research Scientist,2,Divorced,3055,6194,3,Y,No,15,3,4,80,2,11,2,2,9,8,1,7,Adzuna
33,Current employee,Non-Travel,775,Research & Development,4,3,Technical Degree,1,20223,143678,4,Male,90,3,2,Research Scientist,2,Divorced,3055,6194,5,Y,No,15,3,4,80,2,11,2,2,9,8,1,7,Adzuna
33,Current employee,Non-Travel,775,Research & Development,4,3,Life Sciences,1,20224,143679,4,Male,90,3,2,Research Scientist,2,Divorced,3055,6194,3,Y,No,15,3,4,80,2,11,2,2,9,8,1,7,Adzuna
33,Current employee,Non-Travel,775,Research & Development,4,3,Technical Degree,1,20227,143682,4,Male,90,3,2,Research Scientist,2,Divorced,3055,6194,5,Y,No,15,3,4,80,2,11,2,2,9,8,1,7,Adzuna
33,Current employee,Non-Travel,775,Research & Development,4,3,Life Sciences,1,20229,143684,4,Male,90,3,2,Research Scientist,2,Divorced,3055,6194,3,Y,No,15,3,4,80,2,11,2,2,9,8,1,7,Adzuna
33,Current employee,Non-Travel,775,Research & Development,4,3,Technical Degree,1,20231,143686,4,Male,90,3,2,Research Scientist,2,Divorced,3055,6194,5,Y,No,15,3,4,80,2,11,2,2,9,8,1,7,Adzuna
33,Current employee,Non-Travel,775,Research & Development,4,3,Life Sciences,1,20232,143687,4,Male,90,3,2,Research Scientist,2,Divorced,3055,6194,3,Y,No,15,3,4,80,2,11,2,2,9,8,1,7,Adzuna
33,Current employee,Travel_Rarely,867,Research & Development,8,4,Life Sciences,1,20491,143946,4,Male,90,4,1,Research Scientist,1,Married,3143,6076,6,Y,No,19,3,2,80,1,14,1,3,10,8,7,6,Company Website
33,Current employee,Travel_Rarely,867,Research & Development,8,4,Medical,1,20494,143949,4,Male,90,4,1,Research Scientist,1,Married,3143,6076,3,Y,No,19,3,2,80,1,14,1,3,10,8,7,6,Company Website
33,Current employee,Travel_Rarely,867,Research & Development,8,4,Life Sciences,1,20495,143950,4,Male,90,4,1,Research Scientist,1,Married,3143,6076,6,Y,No,19,3,2,80,1,14,1,3,10,8,7,6,Company Website
33,Current employee,Travel_Rarely,867,Research & Development,8,4,Medical,1,20496,143951,4,Male,90,4,1,Research Scientist,1,Married,3143,6076,3,Y,No,19,3,2,80,1,14,1,3,10,8,7,6,Company Website
33,Current employee,Travel_Rarely,867,Research & Development,8,4,Life Sciences,1,20499,143954,4,Male,90,4,1,Research Scientist,1,Married,3143,6076,6,Y,No,19,3,2,80,1,14,1,3,10,8,7,6,Company Website
33,Current employee,Travel_Rarely,867,Research & Development,8,4,Medical,1,20502,143957,4,Male,90,4,1,Research Scientist,1,Married,3143,6076,3,Y,No,19,3,2,80,1,14,1,3,10,8,7,6,Company Website
33,Current employee,Travel_Rarely,867,Research & Development,8,4,Life Sciences,1,20503,143958,4,Male,90,4,1,Research Scientist,1,Married,3143,6076,6,Y,No,19,3,2,80,1,14,1,3,10,8,7,6,Company Website
33,Current employee,Travel_Rarely,867,Research & Development,8,4,Medical,1,20504,143959,4,Male,90,4,1,Research Scientist,1,Married,3143,6076,3,Y,No,19,3,2,80,1,14,1,3,10,8,7,6,Company Website
33,Current employee,Travel_Rarely,1198,Research & Development,1,4,Other,1,20636,144091,4,Male,93,3,2,Manufacturing Director,1,Single,4213,4992,1,Y,No,15,3,2,80,0,10,4,1,10,3,0,8,Adzuna
33,Current employee,Travel_Rarely,1198,Research & Development,1,4,Life Sciences,1,20637,144092,4,Male,93,3,2,Manufacturing Director,1,Single,4213,4992,1,Y,No,15,3,2,80,0,10,4,1,10,3,0,8,Adzuna
33,Current employee,Travel_Rarely,1198,Research & Development,1,4,Other,1,20639,144094,4,Male,93,3,2,Manufacturing Director,1,Single,4213,4992,1,Y,No,15,3,2,80,0,10,4,1,10,3,0,8,Adzuna
33,Current employee,Travel_Rarely,1198,Research & Development,1,4,Life Sciences,1,20640,144095,4,Male,93,3,2,Manufacturing Director,1,Single,4213,4992,1,Y,No,15,3,2,80,0,10,4,1,10,3,0,8,Adzuna
33,Current employee,Travel_Rarely,1198,Research & Development,1,4,Other,1,20644,144099,4,Male,93,3,2,Manufacturing Director,1,Single,4213,4992,1,Y,No,15,3,2,80,0,10,4,1,10,3,0,8,Adzuna
33,Current employee,Travel_Rarely,1198,Research & Development,1,4,Life Sciences,1,20645,144100,4,Male,93,3,2,Manufacturing Director,1,Single,4213,4992,1,Y,No,15,3,2,80,0,10,4,1,10,3,0,8,Adzuna
33,Current employee,Travel_Rarely,1198,Research & Development,1,4,Other,1,20647,144102,4,Male,93,3,2,Manufacturing Director,1,Single,4213,4992,1,Y,No,15,3,2,80,0,10,4,1,10,3,0,8,Adzuna
33,Current employee,Travel_Rarely,1198,Research & Development,1,4,Life Sciences,1,20648,144103,4,Male,93,3,2,Manufacturing Director,1,Single,4213,4992,1,Y,No,15,3,2,80,0,10,4,1,10,3,0,8,Adzuna
33,Current employee,Travel_Frequently,827,Research & Development,1,4,Other,1,20716,144171,4,Female,94,3,3,Manufacturing Director,3,Single,9667,2739,9,Y,No,14,3,2,80,0,9,3,3,7,7,0,2,GlassDoor
33,Current employee,Travel_Frequently,827,Research & Development,1,4,Life Sciences,1,20717,144172,4,Female,94,3,3,Manufacturing Director,3,Single,9667,2739,1,Y,No,14,3,2,80,0,9,3,3,7,7,0,2,GlassDoor
33,Current employee,Travel_Frequently,827,Research & Development,1,4,Other,1,20721,144176,4,Female,94,3,3,Manufacturing Director,3,Single,9667,2739,9,Y,No,14,3,2,80,0,9,3,3,7,7,0,2,GlassDoor
33,Current employee,Travel_Frequently,827,Research & Development,1,4,Life Sciences,1,20722,144177,4,Female,94,3,3,Manufacturing Director,3,Single,9667,2739,1,Y,No,14,3,2,80,0,9,3,3,7,7,0,2,GlassDoor
33,Current employee,Travel_Frequently,827,Research & Development,1,4,Other,1,20724,144179,4,Female,94,3,3,Manufacturing Director,3,Single,9667,2739,9,Y,No,14,3,2,80,0,9,3,3,7,7,0,2,GlassDoor
33,Current employee,Travel_Frequently,827,Research & Development,1,4,Life Sciences,1,20725,144180,4,Female,94,3,3,Manufacturing Director,3,Single,9667,2739,1,Y,No,14,3,2,80,0,9,3,3,7,7,0,2,GlassDoor
33,Current employee,Travel_Frequently,827,Research & Development,1,4,Other,1,20729,144184,4,Female,94,3,3,Manufacturing Director,3,Single,9667,2739,9,Y,No,14,3,2,80,0,9,3,3,7,7,0,2,GlassDoor
33,Current employee,Travel_Frequently,827,Research & Development,1,4,Life Sciences,1,20730,144185,4,Female,94,3,3,Manufacturing Director,3,Single,9667,2739,1,Y,No,14,3,2,80,0,9,3,3,7,7,0,2,GlassDoor
33,Current employee,Travel_Rarely,217,Sales,10,4,Marketing,1,21790,145245,2,Male,32,3,2,Sales Executive,3,Single,5487,10410,1,Y,No,14,3,2,80,0,10,2,2,10,4,0,9,Company Website
33,Current employee,Travel_Rarely,217,Sales,10,4,Medical,1,21793,145248,2,Male,32,3,2,Sales Executive,3,Single,5487,10410,6,Y,No,14,3,2,80,0,10,2,2,10,4,0,9,Company Website
33,Current employee,Travel_Rarely,217,Sales,10,4,Marketing,1,21796,145251,2,Male,32,3,2,Sales Executive,3,Single,5487,10410,1,Y,No,14,3,2,80,0,10,2,2,10,4,0,9,Company Website
33,Current employee,Travel_Rarely,217,Sales,10,4,Medical,1,21797,145252,2,Male,32,3,2,Sales Executive,3,Single,5487,10410,6,Y,No,14,3,2,80,0,10,2,2,10,4,0,9,Company Website
33,Current employee,Travel_Rarely,217,Sales,10,4,Marketing,1,21798,145253,2,Male,32,3,2,Sales Executive,3,Single,5487,10410,1,Y,No,14,3,2,80,0,10,2,2,10,4,0,9,Company Website
33,Current employee,Travel_Rarely,217,Sales,10,4,Medical,1,21801,145256,2,Male,32,3,2,Sales Executive,3,Single,5487,10410,6,Y,No,14,3,2,80,0,10,2,2,10,4,0,9,Company Website
33,Current employee,Travel_Rarely,217,Sales,10,4,Marketing,1,21804,145259,2,Male,32,3,2,Sales Executive,3,Single,5487,10410,1,Y,No,14,3,2,80,0,10,2,2,10,4,0,9,Company Website
33,Current employee,Travel_Rarely,217,Sales,10,4,Medical,1,21805,145260,2,Male,32,3,2,Sales Executive,3,Single,5487,10410,6,Y,No,14,3,2,80,0,10,2,2,10,4,0,9,Company Website
33,Current employee,Travel_Frequently,1303,Research & Development,7,2,Life Sciences,1,22357,145812,4,Male,33,3,2,Healthcare Representative,3,Divorced,5968,18079,1,Y,No,20,3,3,80,3,9,2,3,9,7,2,8,Adzuna
33,Current employee,Travel_Frequently,1303,Research & Development,7,2,Marketing,1,22359,145814,4,Male,33,3,2,Healthcare Representative,3,Divorced,5968,18079,0,Y,No,20,3,3,80,3,9,2,3,9,7,2,8,Adzuna
33,Current employee,Travel_Frequently,1303,Research & Development,7,2,Life Sciences,1,22361,145816,4,Male,33,3,2,Healthcare Representative,3,Divorced,5968,18079,1,Y,No,20,4,3,80,3,9,2,3,9,7,2,8,Adzuna
33,Current employee,Travel_Frequently,1303,Research & Development,7,2,Marketing,1,22362,145817,4,Male,33,3,2,Healthcare Representative,3,Divorced,5968,18079,0,Y,No,20,4,3,80,3,9,2,3,9,7,2,8,Adzuna
33,Current employee,Travel_Frequently,1303,Research & Development,7,2,Life Sciences,1,22365,145820,4,Male,33,3,2,Healthcare Representative,3,Divorced,5968,18079,1,Y,No,20,3,3,80,3,9,2,3,9,7,2,8,Adzuna
33,Current employee,Travel_Frequently,1303,Research & Development,7,2,Marketing,1,22367,145822,4,Male,33,3,2,Healthcare Representative,3,Divorced,5968,18079,0,Y,No,20,3,3,80,3,9,2,3,9,7,2,8,Adzuna
33,Current employee,Travel_Frequently,1303,Research & Development,7,2,Life Sciences,1,22369,145824,4,Male,33,3,2,Healthcare Representative,3,Divorced,4898,23300,0,Y,No,12,3,4,80,2,5,3,3,4,2,1,2,Adzuna
33,Current employee,Travel_Frequently,1303,Research & Development,7,2,Marketing,1,22370,145825,4,Male,33,3,2,Healthcare Representative,3,Divorced,5968,18079,0,Y,No,20,4,3,80,3,9,2,3,9,7,2,8,Adzuna
33,Current employee,Non-Travel,1313,Research & Development,1,2,Medical,1,22627,146082,2,Male,34,2,1,Laboratory Technician,3,Divorced,2008,20439,1,Y,No,12,4,3,80,3,1,2,2,1,1,0,0,LinkedIn
33,Current employee,Non-Travel,1313,Research & Development,1,2,Life Sciences,1,22629,146084,2,Male,34,2,1,Laboratory Technician,3,Divorced,2008,20439,1,Y,No,12,3,3,80,3,1,2,2,1,1,0,0,LinkedIn
33,Current employee,Non-Travel,1313,Research & Development,1,2,Medical,1,22631,146086,2,Male,34,2,1,Laboratory Technician,3,Divorced,2008,20439,1,Y,No,12,3,3,80,3,1,2,2,1,1,0,0,LinkedIn
33,Current employee,Non-Travel,1313,Research & Development,1,2,Life Sciences,1,22632,146087,2,Male,34,2,1,Laboratory Technician,3,Divorced,2008,20439,1,Y,No,12,3,3,80,3,1,2,2,1,1,0,0,LinkedIn
33,Current employee,Non-Travel,1313,Research & Development,1,2,Medical,1,22635,146090,2,Male,34,2,1,Laboratory Technician,3,Divorced,2008,20439,1,Y,No,12,4,3,80,3,1,2,2,1,1,0,0,LinkedIn
33,Current employee,Non-Travel,1313,Research & Development,1,2,Life Sciences,1,22637,146092,2,Male,34,2,1,Laboratory Technician,3,Divorced,2008,20439,1,Y,No,12,3,3,80,3,1,2,2,1,1,0,0,LinkedIn
33,Current employee,Non-Travel,1313,Research & Development,1,2,Medical,1,22639,146094,2,Male,34,2,1,Laboratory Technician,3,Divorced,6118,23300,1,Y,No,13,3,3,80,3,10,2,3,10,9,1,2,Company Website
33,Current employee,Non-Travel,1313,Research & Development,1,2,Life Sciences,1,22640,146095,2,Male,34,2,1,Laboratory Technician,3,Divorced,2008,20439,1,Y,No,12,3,3,80,3,1,2,2,1,1,0,0,LinkedIn
33,Current employee,Travel_Rarely,501,Research & Development,15,2,Medical,1,22791,146246,2,Female,35,3,2,Healthcare Representative,4,Married,4878,21653,0,Y,Yes,13,3,1,80,1,10,6,3,9,7,8,1,Company Website
33,Current employee,Travel_Rarely,501,Research & Development,15,2,Medical,1,22794,146249,2,Female,35,3,2,Healthcare Representative,4,Married,4878,21653,0,Y,Yes,13,4,1,80,1,10,6,3,9,7,8,1,Company Website
33,Current employee,Travel_Rarely,501,Research & Development,15,2,Medical,1,22797,146252,2,Female,35,3,2,Healthcare Representative,4,Married,4878,21653,0,Y,Yes,13,3,1,80,1,10,6,3,9,7,8,1,Company Website
33,Current employee,Travel_Rarely,501,Research & Development,15,2,Medical,1,22798,146253,2,Female,35,3,2,Healthcare Representative,4,Married,4878,21653,0,Y,Yes,13,3,1,80,1,10,6,3,9,7,8,1,Company Website
33,Current employee,Travel_Rarely,501,Research & Development,15,2,Medical,1,22799,146254,2,Female,35,3,2,Healthcare Representative,4,Married,4878,21653,0,Y,Yes,13,3,1,80,1,10,6,3,9,7,8,1,Company Website
33,Current employee,Travel_Rarely,501,Research & Development,15,2,Medical,1,22802,146257,2,Female,35,3,2,Healthcare Representative,4,Married,4878,21653,0,Y,Yes,13,4,1,80,1,10,6,3,9,7,8,1,Company Website
33,Current employee,Travel_Rarely,501,Research & Development,15,2,Medical,1,22805,146260,2,Female,35,3,2,Healthcare Representative,4,Married,8392,23343,1,Y,No,16,3,3,80,1,10,2,3,10,7,0,7,Company Website
33,Current employee,Travel_Rarely,501,Research & Development,15,2,Medical,1,22806,146261,2,Female,35,3,2,Healthcare Representative,4,Married,4878,21653,0,Y,Yes,13,3,1,80,1,10,6,3,9,7,8,1,Company Website
33,Current employee,Non-Travel,775,Research & Development,4,3,Technical Degree,1,23269,146724,4,Male,100,2,1,Research Scientist,3,Single,2809,2725,2,Y,No,14,3,4,80,0,8,2,3,2,2,2,2,Indeed
33,Current employee,Non-Travel,775,Research & Development,4,3,Life Sciences,1,23271,146726,4,Male,100,2,1,Research Scientist,3,Single,2809,2725,3,Y,No,14,3,4,80,0,8,2,3,2,2,2,2,Indeed
33,Current employee,Non-Travel,775,Research & Development,4,3,Technical Degree,1,23272,146727,4,Male,100,2,1,Research Scientist,3,Single,2809,2725,2,Y,No,14,3,4,80,0,8,2,3,2,2,2,2,Indeed
33,Current employee,Non-Travel,775,Research & Development,4,3,Life Sciences,1,23273,146728,4,Male,100,2,1,Research Scientist,3,Single,2809,2725,3,Y,No,14,3,4,80,0,8,2,3,2,2,2,2,Indeed
33,Current employee,Non-Travel,775,Research & Development,4,3,Technical Degree,1,23277,146732,4,Male,100,2,1,Research Scientist,3,Single,2809,2725,2,Y,No,14,3,4,80,0,8,2,3,2,2,2,2,Indeed
33,Current employee,Non-Travel,775,Research & Development,4,3,Life Sciences,1,23279,146734,4,Male,100,2,1,Research Scientist,3,Single,2809,2725,3,Y,No,14,3,4,80,0,8,2,3,2,2,2,2,Indeed
33,Current employee,Non-Travel,775,Research & Development,4,3,Technical Degree,1,23280,146735,4,Male,100,2,1,Research Scientist,3,Single,2809,2725,2,Y,No,14,3,4,80,0,8,2,3,2,2,2,2,Indeed
33,Current employee,Non-Travel,775,Research & Development,4,3,Life Sciences,1,23281,146736,4,Male,100,2,1,Research Scientist,3,Single,2809,2725,3,Y,No,14,3,4,80,0,8,2,3,2,2,2,2,Indeed
33,,Travel_Rarely,217,Sales,10,4,Medical,1,12457,135912,3,Female,72,3,1,Sales Representative,4,Single,2323,17205,9,Y,Yes,14,3,2,80,0,2,3,3,2,2,0,2,Company Website
33,,Travel_Rarely,1099,Research & Development,4,4,Medical,1,17986,141441,4,Male,86,3,2,Healthcare Representative,4,Divorced,8853,24483,1,Y,No,19,3,4,80,1,6,0,4,6,4,1,3,Company Website
58,Voluntary Resignation,Travel_Rarely,147,Research & Development,23,4,Medical,1,2112,125567,4,Female,94,3,3,Healthcare Representative,4,Married,10312,3465,1,Y,No,12,3,4,80,1,40,3,2,40,10,15,6,Seek
58,Voluntary Resignation,Travel_Rarely,147,Research & Development,23,4,Other,1,2115,125570,4,Female,94,3,3,Healthcare Representative,4,Married,10312,3465,0,Y,No,12,3,4,80,1,40,3,2,40,10,15,6,Seek
58,Voluntary Resignation,Travel_Rarely,147,Research & Development,23,4,Medical,1,2118,125573,4,Female,94,3,3,Healthcare Representative,4,Married,10312,3465,1,Y,No,12,3,4,80,1,40,3,2,40,10,15,6,Seek
58,Voluntary Resignation,Travel_Rarely,147,Research & Development,23,4,Other,1,2119,125574,4,Female,94,3,3,Healthcare Representative,4,Married,10312,3465,0,Y,No,12,3,4,80,1,40,3,2,40,10,15,6,Seek
58,Voluntary Resignation,Travel_Rarely,147,Research & Development,23,4,Medical,1,2120,125575,4,Female,94,3,3,Healthcare Representative,4,Married,10312,3465,1,Y,No,12,3,4,80,1,40,3,2,40,10,15,6,Seek
58,Voluntary Resignation,Travel_Rarely,147,Research & Development,23,4,Other,1,2123,125578,4,Female,94,3,3,Healthcare Representative,4,Married,10312,3465,0,Y,No,12,3,4,80,1,40,3,2,40,10,15,6,Seek
58,Voluntary Resignation,Travel_Rarely,147,Research & Development,23,4,Medical,1,2126,125581,4,Female,94,3,3,Healthcare Representative,4,Married,10312,3465,1,Y,No,12,3,4,80,1,40,3,2,40,10,15,6,Seek
58,Voluntary Resignation,Travel_Rarely,147,Research & Development,23,4,Other,1,2127,125582,4,Female,94,3,3,Healthcare Representative,4,Married,10312,3465,0,Y,No,12,3,4,80,1,40,3,2,40,10,15,6,Seek
58,Voluntary Resignation,Travel_Rarely,286,Research & Development,2,4,Life Sciences,1,4373,127828,1,Male,48,3,4,Healthcare Representative,4,Married,13496,7501,0,Y,Yes,14,3,2,80,0,21,2,3,20,7,4,10,Seek
58,Voluntary Resignation,Travel_Rarely,286,Research & Development,2,4,Life Sciences,1,4374,127829,1,Male,48,3,4,Healthcare Representative,4,Married,13496,7501,0,Y,Yes,14,3,2,80,0,21,2,3,20,7,4,10,Seek
58,Voluntary Resignation,Travel_Rarely,286,Research & Development,2,4,Life Sciences,1,4378,127833,1,Male,48,3,4,Healthcare Representative,4,Married,13496,7501,0,Y,Yes,14,3,2,80,0,21,2,3,20,7,4,10,Seek
58,Voluntary Resignation,Travel_Rarely,286,Research & Development,2,4,Life Sciences,1,4379,127834,1,Male,48,3,4,Healthcare Representative,4,Married,13496,7501,0,Y,Yes,14,3,2,80,0,21,2,3,20,7,4,10,Seek
58,Voluntary Resignation,Travel_Rarely,286,Research & Development,2,4,Life Sciences,1,4381,127836,1,Male,48,3,4,Healthcare Representative,4,Married,13496,7501,0,Y,Yes,14,3,2,80,0,21,2,3,20,7,4,10,Seek
58,Voluntary Resignation,Travel_Rarely,286,Research & Development,2,4,Life Sciences,1,4382,127837,1,Male,48,3,4,Healthcare Representative,4,Married,13496,7501,0,Y,Yes,14,3,2,80,0,21,2,3,20,7,4,10,Seek
58,Voluntary Resignation,Travel_Rarely,286,Research & Development,2,4,Life Sciences,1,4386,127841,1,Male,48,3,4,Healthcare Representative,4,Married,13496,7501,0,Y,Yes,14,3,2,80,0,21,2,3,20,7,4,10,Seek
58,Voluntary Resignation,Travel_Rarely,286,Research & Development,2,4,Life Sciences,1,4387,127842,1,Male,48,3,4,Healthcare Representative,4,Married,13496,7501,0,Y,Yes,14,3,2,80,0,21,2,3,20,7,4,10,Seek
58,Voluntary Resignation,Travel_Frequently,781,Research & Development,2,1,Life Sciences,1,4824,128279,2,Male,50,3,1,Laboratory Technician,3,Single,1420,25233,1,Y,No,13,3,3,80,0,0,2,3,0,0,0,0,Adzuna
58,Voluntary Resignation,Travel_Frequently,781,Research & Development,2,1,Life Sciences,1,4825,128280,2,Male,50,3,1,Laboratory Technician,3,Single,1420,25233,1,Y,No,13,3,3,80,0,0,2,3,0,0,0,0,Adzuna
58,Voluntary Resignation,Travel_Frequently,781,Research & Development,2,1,Life Sciences,1,4829,128284,2,Male,50,3,1,Laboratory Technician,3,Single,1420,25233,1,Y,No,13,3,3,80,0,0,2,3,0,0,0,0,Adzuna
58,Voluntary Resignation,Travel_Frequently,781,Research & Development,2,1,Life Sciences,1,4830,128285,2,Male,50,3,1,Laboratory Technician,3,Single,1420,25233,1,Y,No,13,3,3,80,0,0,2,3,0,0,0,0,Adzuna
58,Voluntary Resignation,Travel_Frequently,781,Research & Development,2,1,Life Sciences,1,4831,128286,2,Male,50,3,1,Laboratory Technician,3,Single,1420,25233,1,Y,No,13,3,3,80,0,0,2,3,0,0,0,0,Adzuna
58,Voluntary Resignation,Travel_Frequently,781,Research & Development,2,1,Life Sciences,1,4832,128287,2,Male,50,3,1,Laboratory Technician,3,Single,1420,25233,1,Y,No,13,3,3,80,0,0,2,3,0,0,0,0,Adzuna
58,Voluntary Resignation,Travel_Frequently,781,Research & Development,2,1,Life Sciences,1,4836,128291,2,Male,50,3,1,Laboratory Technician,3,Single,1420,25233,1,Y,No,13,3,3,80,0,0,2,3,0,0,0,0,Adzuna
58,Voluntary Resignation,Travel_Frequently,781,Research & Development,2,1,Life Sciences,1,4837,128292,2,Male,50,3,1,Laboratory Technician,3,Single,1420,25233,1,Y,No,13,3,3,80,0,0,2,3,0,0,0,0,Adzuna
58,Voluntary Resignation,Travel_Rarely,286,Research & Development,2,4,Life Sciences,1,9556,133011,4,Male,31,3,5,Research Director,2,Single,19246,25761,7,Y,Yes,12,4,4,80,0,40,2,3,31,15,13,8,Jora
58,Voluntary Resignation,Travel_Rarely,286,Research & Development,2,4,Life Sciences,1,9558,133013,4,Male,31,3,5,Research Director,2,Single,19246,25761,1,Y,Yes,12,3,4,80,0,40,2,3,31,15,13,8,Jora
58,Voluntary Resignation,Travel_Rarely,286,Research & Development,2,4,Life Sciences,1,9562,133017,4,Male,31,3,5,Research Director,2,Single,19246,25761,7,Y,Yes,12,3,4,80,0,40,2,3,31,15,13,8,Jora
58,Voluntary Resignation,Travel_Rarely,286,Research & Development,2,4,Life Sciences,1,9563,133018,4,Male,31,3,5,Research Director,2,Single,19246,25761,1,Y,Yes,12,3,4,80,0,40,2,3,31,15,13,8,Jora
58,Voluntary Resignation,Travel_Rarely,286,Research & Development,2,4,Life Sciences,1,9564,133019,4,Male,31,3,5,Research Director,2,Single,19246,25761,7,Y,Yes,12,4,4,80,0,40,2,3,31,15,13,8,Jora
58,Voluntary Resignation,Travel_Rarely,286,Research & Development,2,4,Life Sciences,1,9566,133021,4,Male,31,3,5,Research Director,2,Single,19246,25761,1,Y,Yes,12,3,4,80,0,40,2,3,31,15,13,8,Jora
58,Voluntary Resignation,Travel_Rarely,286,Research & Development,2,4,Life Sciences,1,9570,133025,4,Male,31,3,5,Research Director,2,Single,19246,25761,7,Y,Yes,12,3,4,80,0,40,2,3,31,15,13,8,Jora
58,Voluntary Resignation,Travel_Rarely,286,Research & Development,2,4,Life Sciences,1,9571,133026,4,Male,31,3,5,Research Director,2,Single,19246,25761,1,Y,Yes,12,3,4,80,0,40,2,3,31,15,13,8,Jora
58,Voluntary Resignation,Travel_Frequently,781,Research & Development,2,1,Life Sciences,1,10595,134050,4,Male,57,2,1,Laboratory Technician,4,Divorced,2380,13384,9,Y,Yes,14,3,4,80,1,3,3,2,1,0,0,0,LinkedIn
58,Voluntary Resignation,Travel_Frequently,781,Research & Development,2,1,Life Sciences,1,10597,134052,4,Male,57,2,1,Laboratory Technician,4,Divorced,2380,13384,1,Y,Yes,14,3,4,80,1,3,3,2,1,0,0,0,LinkedIn
58,Voluntary Resignation,Travel_Frequently,781,Research & Development,2,1,Life Sciences,1,10601,134056,4,Male,57,2,1,Laboratory Technician,4,Divorced,2380,13384,9,Y,Yes,14,3,4,80,1,3,3,2,1,0,0,0,LinkedIn
58,Voluntary Resignation,Travel_Frequently,781,Research & Development,2,1,Life Sciences,1,10602,134057,4,Male,57,2,1,Laboratory Technician,4,Divorced,2380,13384,1,Y,Yes,14,3,4,80,1,3,3,2,1,0,0,0,LinkedIn
58,Voluntary Resignation,Travel_Frequently,781,Research & Development,2,1,Life Sciences,1,10603,134058,4,Male,57,2,1,Laboratory Technician,4,Divorced,2380,13384,9,Y,Yes,14,3,4,80,1,3,3,2,1,0,0,0,LinkedIn
58,Voluntary Resignation,Travel_Frequently,781,Research & Development,2,1,Life Sciences,1,10606,134061,4,Male,57,2,1,Laboratory Technician,4,Divorced,2380,13384,1,Y,Yes,14,3,4,80,1,3,3,2,1,0,0,0,LinkedIn
58,Voluntary Resignation,Travel_Frequently,781,Research & Development,2,1,Life Sciences,1,10610,134065,4,Male,57,2,1,Laboratory Technician,4,Divorced,2380,13384,9,Y,Yes,14,3,4,80,1,3,3,2,1,0,0,0,LinkedIn
58,Voluntary Resignation,Travel_Frequently,781,Research & Development,2,1,Life Sciences,1,10611,134066,4,Male,57,2,1,Laboratory Technician,4,Divorced,2380,13384,1,Y,Yes,14,3,4,80,1,3,3,2,1,0,0,0,LinkedIn
58,Voluntary Resignation,Travel_Rarely,289,Research & Development,2,3,Technical Degree,1,11242,134697,4,Male,51,3,1,Research Scientist,3,Single,2479,26227,4,Y,No,24,3,1,80,0,7,4,3,1,0,0,0,Recruit.net
58,Voluntary Resignation,Travel_Rarely,289,Research & Development,2,3,Life Sciences,1,11244,134699,4,Male,51,3,1,Research Scientist,3,Single,2479,26227,2,Y,No,24,3,1,80,0,7,4,3,1,,0,0,Recruit.net
58,Voluntary Resignation,Travel_Rarely,289,Research & Development,2,3,Technical Degree,1,11248,134703,4,Male,51,3,1,Research Scientist,3,Single,2479,26227,4,Y,No,24,4,1,80,0,7,4,3,1,0,0,0,Recruit.net
58,Voluntary Resignation,Travel_Rarely,289,Research & Development,2,3,Life Sciences,1,11249,134704,4,Male,51,3,1,Research Scientist,3,Single,2479,26227,2,Y,No,24,4,1,80,0,7,4,3,1,0,0,0,Recruit.net
58,Voluntary Resignation,Travel_Rarely,289,Research & Development,2,3,Technical Degree,1,11250,134705,4,Male,51,3,1,Research Scientist,3,Single,2479,26227,4,Y,No,24,3,1,80,0,7,4,3,1,0,0,0,Recruit.net
58,Voluntary Resignation,Travel_Rarely,289,Research & Development,2,3,Life Sciences,1,11252,134707,4,Male,51,3,1,Research Scientist,3,Single,2479,26227,2,Y,No,24,3,1,80,0,7,4,3,1,0,0,0,Recruit.net
58,Voluntary Resignation,Travel_Rarely,289,Research & Development,2,3,Technical Degree,1,11256,134711,4,Male,51,3,1,Research Scientist,3,Single,2479,26227,4,Y,No,24,4,1,80,0,7,4,3,1,0,0,0,Recruit.net
58,Voluntary Resignation,Travel_Rarely,289,Research & Development,2,3,Life Sciences,1,11257,134712,4,Male,51,3,1,Research Scientist,3,Single,2479,26227,2,Y,No,24,4,1,80,0,7,4,3,1,0,0,0,Recruit.net
58,Voluntary Resignation,Travel_Rarely,147,Research & Development,23,4,Medical,1,13294,136749,3,Female,74,3,2,Sales Executive,1,Single,8224,18385,0,Y,Yes,17,3,1,80,0,6,3,3,5,2,0,3,Seek
58,Voluntary Resignation,Travel_Rarely,147,Research & Development,23,4,Other,1,13296,136751,3,Female,74,3,2,Sales Executive,1,Single,8224,18385,7,Y,Yes,17,3,1,80,0,6,3,3,5,2,0,3,Seek
58,Voluntary Resignation,Travel_Rarely,147,Research & Development,23,4,Medical,1,13299,136754,3,Female,74,3,2,Sales Executive,1,Single,8224,18385,0,Y,Yes,17,3,1,80,0,6,3,3,5,2,0,3,Seek
58,Voluntary Resignation,Travel_Rarely,147,Research & Development,23,4,Other,1,13300,136755,3,Female,74,3,2,Sales Executive,1,Single,8224,18385,7,Y,Yes,17,3,1,80,0,6,3,3,5,2,0,3,Seek
58,Voluntary Resignation,Travel_Rarely,147,Research & Development,23,4,Medical,1,13302,136757,3,Female,74,3,2,Sales Executive,1,Single,8224,18385,0,Y,Yes,17,3,1,80,0,6,3,3,5,2,0,3,Seek
58,Voluntary Resignation,Travel_Rarely,147,Research & Development,23,4,Other,1,13304,136759,3,Female,74,3,2,Sales Executive,1,Single,8224,18385,7,Y,Yes,17,3,1,80,0,6,3,3,5,2,0,3,Seek
58,Voluntary Resignation,Travel_Rarely,147,Research & Development,23,4,Medical,1,13307,136762,3,Female,74,3,2,Sales Executive,1,Single,8224,18385,0,Y,Yes,17,3,1,80,0,6,3,3,5,2,0,3,Seek
58,Voluntary Resignation,Travel_Rarely,147,Research & Development,23,4,Other,1,13308,136763,3,Female,74,3,2,Sales Executive,1,Single,8224,18385,7,Y,Yes,17,3,1,80,0,6,3,3,5,2,0,3,Seek
58,Voluntary Resignation,Travel_Rarely,601,Research & Development,7,4,Medical,1,15476,138931,3,Female,53,2,3,Manufacturing Director,1,Married,10008,12023,7,Y,Yes,14,3,4,80,0,31,0,2,10,9,5,9,LinkedIn
58,Voluntary Resignation,Travel_Rarely,601,Research & Development,7,4,Marketing,1,15478,138933,3,Female,53,2,3,Manufacturing Director,1,Married,10008,12023,1,Y,Yes,14,3,4,80,0,31,0,2,10,9,5,9,LinkedIn
58,Voluntary Resignation,Travel_Rarely,601,Research & Development,7,4,Medical,1,15482,138937,3,Female,53,2,3,Manufacturing Director,1,Married,10008,12023,7,Y,Yes,14,3,4,80,0,31,0,2,10,9,5,9,LinkedIn
58,Voluntary Resignation,Travel_Rarely,601,Research & Development,7,4,Marketing,1,15483,138938,3,Female,53,2,3,Manufacturing Director,1,Married,10008,12023,1,Y,Yes,14,3,4,80,0,31,0,2,10,9,5,9,LinkedIn
58,Voluntary Resignation,Travel_Rarely,601,Research & Development,7,4,Medical,1,15484,138939,3,Female,53,2,3,Manufacturing Director,1,Married,10008,12023,7,Y,Yes,14,3,4,80,0,31,0,2,10,9,5,9,LinkedIn
58,Voluntary Resignation,Travel_Rarely,601,Research & Development,7,4,Marketing,1,15486,138941,3,Female,53,2,3,Manufacturing Director,1,Married,10008,12023,1,Y,Yes,14,3,4,80,0,31,0,2,10,9,5,9,LinkedIn
58,Voluntary Resignation,Travel_Rarely,601,Research & Development,7,4,Medical,1,15490,138945,3,Female,53,2,3,Manufacturing Director,1,Married,10008,12023,7,Y,Yes,14,3,4,80,0,31,0,2,10,9,5,9,LinkedIn
58,Voluntary Resignation,Travel_Rarely,601,Research & Development,7,4,Marketing,1,15491,138946,3,Female,53,2,3,Manufacturing Director,1,Married,10008,12023,1,Y,Yes,14,3,4,80,0,31,0,2,10,9,5,9,LinkedIn
58,Voluntary Resignation,Travel_Rarely,601,Research & Development,7,4,Medical,1,17558,141013,4,Male,85,2,1,Laboratory Technician,1,Divorced,2296,10036,0,Y,No,14,3,2,80,3,2,3,3,1,1,0,0,Referral
58,Voluntary Resignation,Travel_Rarely,601,Research & Development,7,4,Marketing,1,17559,141014,4,Male,85,2,1,Laboratory Technician,1,Divorced,2296,10036,1,Y,No,14,3,2,80,3,2,3,3,1,1,0,0,Referral
58,Voluntary Resignation,Travel_Rarely,601,Research & Development,7,4,Medical,1,17563,141018,4,Male,85,2,1,Laboratory Technician,1,Divorced,2296,10036,0,Y,No,14,3,2,80,3,2,3,3,1,1,0,0,Referral
58,Voluntary Resignation,Travel_Rarely,601,Research & Development,7,4,Marketing,1,17564,141019,4,Male,85,2,1,Laboratory Technician,1,Divorced,2296,10036,1,Y,No,14,3,2,80,3,2,3,3,1,1,0,0,Referral
58,Voluntary Resignation,Travel_Rarely,601,Research & Development,7,4,Medical,1,17566,141021,4,Male,85,2,1,Laboratory Technician,1,Divorced,2296,10036,0,Y,No,14,3,2,80,3,2,3,3,1,1,0,0,Referral
58,Voluntary Resignation,Travel_Rarely,601,Research & Development,7,4,Marketing,1,17567,141022,4,Male,85,2,1,Laboratory Technician,1,Divorced,2296,10036,1,Y,No,14,3,2,80,3,2,3,3,1,1,0,0,Referral
58,Voluntary Resignation,Travel_Rarely,601,Research & Development,7,4,Medical,1,17571,141026,4,Male,85,2,1,Laboratory Technician,1,Divorced,2296,10036,0,Y,No,14,3,2,80,3,2,3,3,1,1,0,0,Referral
58,Voluntary Resignation,Travel_Rarely,601,Research & Development,7,4,Marketing,1,17572,141027,4,Male,85,2,1,Laboratory Technician,1,Divorced,2296,10036,1,Y,No,14,3,2,80,3,2,3,3,1,1,0,0,Referral
58,Voluntary Resignation,Travel_Rarely,289,Research & Development,2,3,Technical Degree,1,22342,145797,4,Female,98,3,2,Research Scientist,3,Married,2897,22474,3,Y,No,11,3,3,80,2,9,6,2,4,3,2,3,Indeed
58,Voluntary Resignation,Travel_Rarely,289,Research & Development,2,3,Life Sciences,1,22343,145798,4,Female,98,3,2,Research Scientist,3,Married,2897,22474,2,Y,No,11,4,3,80,2,9,6,2,4,3,2,3,Indeed
58,Voluntary Resignation,Travel_Rarely,289,Research & Development,2,3,Technical Degree,1,22347,145802,4,Female,98,3,2,Research Scientist,3,Married,2897,22474,3,Y,No,11,3,3,80,2,9,6,2,4,3,2,3,Indeed
58,Voluntary Resignation,Travel_Rarely,289,Research & Development,2,3,Life Sciences,1,22348,145803,4,Female,98,3,2,Research Scientist,3,Married,2897,22474,2,Y,No,11,3,3,80,2,9,6,2,4,3,2,3,Indeed
58,Voluntary Resignation,Travel_Rarely,289,Research & Development,2,3,Technical Degree,1,22350,145805,4,Female,98,3,2,Research Scientist,3,Married,2897,22474,3,Y,No,11,3,3,80,2,9,6,2,4,3,2,3,Indeed
58,Voluntary Resignation,Travel_Rarely,289,Research & Development,2,3,Life Sciences,1,22351,145806,4,Female,98,3,2,Research Scientist,3,Married,2897,22474,2,Y,No,11,4,3,80,2,9,6,2,4,3,2,3,Indeed
58,Voluntary Resignation,Travel_Rarely,289,Research & Development,2,3,Technical Degree,1,22355,145810,4,Female,98,3,2,Research Scientist,3,Married,2897,22474,3,Y,No,11,3,3,80,2,9,6,2,4,3,2,3,Indeed
58,Voluntary Resignation,Travel_Rarely,289,Research & Development,2,3,Life Sciences,1,22356,145811,4,Female,98,3,2,Research Scientist,3,Married,2897,22474,2,Y,No,11,3,3,80,2,9,6,2,4,3,2,3,Indeed
58,Current employee,Travel_Rarely,682,Sales,10,4,Medical,1,81,123536,1,Male,40,3,1,Laboratory Technician,2,Married,3468,16632,0,Y,No,13,3,3,80,0,38,1,2,37,10,1,8,Adzuna
58,Current employee,Non-Travel,390,Research & Development,1,4,Life Sciences,1,231,123686,1,Male,84,4,1,Laboratory Technician,2,Married,2426,16479,2,Y,No,17,3,3,80,0,10,2,3,1,0,0,0,Company Website
58,Current employee,Travel_Rarely,682,Sales,10,4,Medical,1,1676,125131,4,Male,37,3,4,Sales Executive,3,Single,13872,24409,0,Y,No,13,3,3,80,0,38,1,2,37,10,1,8,Adzuna
58,Current employee,Travel_Rarely,682,Sales,10,4,Medical,1,1679,125134,4,Male,37,3,4,Sales Executive,3,Single,13872,24409,6,Y,No,13,3,3,80,0,38,1,2,37,10,1,8,Adzuna
58,Current employee,Travel_Rarely,682,Sales,10,4,Medical,1,1682,125137,4,Male,37,3,4,Sales Executive,3,Single,13872,24409,0,Y,No,13,3,3,80,0,38,1,2,37,10,1,8,Adzuna
58,Current employee,Travel_Rarely,682,Sales,10,4,Medical,1,1683,125138,4,Male,37,3,4,Sales Executive,3,Single,13872,24409,6,Y,No,13,3,3,80,0,38,1,2,37,10,1,8,Adzuna
58,Current employee,Travel_Rarely,682,Sales,10,4,Medical,1,1686,125141,4,Male,37,3,4,Sales Executive,3,Single,13872,24409,6,Y,No,13,3,3,80,0,38,1,2,37,10,1,8,Adzuna
58,Current employee,Travel_Rarely,682,Sales,10,4,Medical,1,1689,125144,4,Male,37,3,4,Sales Executive,3,Single,13872,24409,0,Y,No,13,3,3,80,0,38,1,2,37,10,1,8,Adzuna
58,Current employee,Travel_Rarely,682,Sales,10,4,Medical,1,1690,125145,4,Male,37,3,4,Sales Executive,3,Single,13872,24409,6,Y,No,13,3,3,80,0,38,1,2,37,10,1,8,Adzuna
58,Current employee,Non-Travel,390,Research & Development,1,4,Life Sciences,1,2584,126039,1,Male,44,2,2,Manufacturing Director,3,Married,6132,13983,2,Y,No,17,3,3,80,0,10,2,3,1,0,0,0,Company Website
58,Current employee,Non-Travel,390,Research & Development,1,4,Life Sciences,1,2585,126040,1,Male,44,2,2,Manufacturing Director,3,Married,6132,13983,1,Y,No,17,3,3,80,0,10,2,3,1,0,0,0,Company Website
58,Current employee,Non-Travel,390,Research & Development,1,4,Life Sciences,1,2589,126044,1,Male,44,2,2,Manufacturing Director,3,Married,6132,13983,2,Y,No,17,3,3,80,0,10,2,3,1,0,0,0,Company Website
58,Current employee,Non-Travel,390,Research & Development,1,4,Life Sciences,1,2590,126045,1,Male,44,2,2,Manufacturing Director,3,Married,6132,13983,1,Y,No,17,3,3,80,0,10,2,3,1,0,0,0,Company Website
58,Current employee,Non-Travel,390,Research & Development,1,4,Life Sciences,1,2592,126047,1,Male,44,2,2,Manufacturing Director,3,Married,6132,13983,1,Y,No,17,3,3,80,0,10,2,3,1,0,0,0,Company Website
58,Current employee,Non-Travel,390,Research & Development,1,4,Life Sciences,1,2596,126051,1,Male,44,2,2,Manufacturing Director,3,Married,6132,13983,2,Y,No,17,3,3,80,0,10,2,3,1,0,0,0,Company Website
58,Current employee,Non-Travel,390,Research & Development,1,4,Life Sciences,1,2597,126052,1,Male,44,2,2,Manufacturing Director,3,Married,6132,13983,1,Y,No,17,3,3,80,0,10,2,3,1,0,0,0,Company Website
58,Current employee,Travel_Rarely,1145,Research & Development,9,3,Medical,1,2598,126053,2,Female,75,2,1,Research Scientist,2,Married,3346,11873,4,Y,Yes,20,3,2,80,1,9,3,2,1,0,0,0,Company Website
58,Current employee,Travel_Rarely,1145,Research & Development,9,3,Medical,1,2601,126056,2,Female,75,2,1,Research Scientist,2,Married,3346,11873,3,Y,Yes,20,3,2,80,1,9,3,2,1,0,0,0,Company Website
58,Current employee,Travel_Rarely,1145,Research & Development,9,3,Medical,1,2604,126059,2,Female,75,2,1,Research Scientist,2,Married,3346,11873,4,Y,Yes,20,4,2,80,1,9,3,2,1,0,0,0,Company Website
58,Current employee,Travel_Rarely,1145,Research & Development,9,3,Medical,1,2605,126060,2,Female,75,2,1,Research Scientist,2,Married,3346,11873,3,Y,Yes,20,4,2,80,1,9,3,2,1,0,0,0,Company Website
58,Current employee,Travel_Rarely,1145,Research & Development,9,3,Medical,1,2606,126061,2,Female,75,2,1,Research Scientist,2,Married,3346,11873,4,Y,Yes,20,3,2,80,1,9,3,2,1,0,0,0,Company Website
58,Current employee,Travel_Rarely,1145,Research & Development,9,3,Medical,1,2608,126063,2,Female,75,3,1,Human Resources,2,Divorced,2277,22650,3,Y,Yes,11,3,2,80,1,34,4,3,33,7,1,9,Company Website
58,Current employee,Travel_Rarely,1145,Research & Development,9,3,Medical,1,2611,126066,2,Female,75,2,1,Research Scientist,2,Married,3346,11873,4,Y,Yes,20,4,2,80,1,9,3,2,1,0,0,0,Company Website
58,Current employee,Travel_Rarely,1145,Research & Development,9,3,Medical,1,2612,126067,2,Female,75,2,1,Research Scientist,2,Married,3346,11873,3,Y,Yes,20,4,2,80,1,9,3,2,1,0,0,0,Company Website
58,Current employee,Non-Travel,390,Research & Development,1,4,Life Sciences,1,5009,128464,4,Male,32,1,2,Healthcare Representative,3,Divorced,5660,17056,2,Y,Yes,13,3,4,80,1,12,2,3,5,3,1,2,Jora
58,Current employee,Non-Travel,390,Research & Development,1,4,Human Resources,1,5011,128466,4,Male,32,1,2,Healthcare Representative,3,Divorced,5660,17056,0,Y,Yes,13,3,4,80,1,12,2,3,5,3,1,2,Jora
58,Current employee,Non-Travel,390,Research & Development,1,4,Life Sciences,1,5015,128470,4,Male,32,1,2,Healthcare Representative,3,Divorced,5660,17056,2,Y,Yes,13,3,4,80,1,12,2,3,5,3,1,2,Jora
58,Current employee,Non-Travel,390,Research & Development,1,4,Human Resources,1,5016,128471,4,Male,32,1,2,Healthcare Representative,3,Divorced,5660,17056,0,Y,Yes,13,3,4,80,1,12,2,3,5,3,1,2,Jora
58,Current employee,Non-Travel,390,Research & Development,1,4,Life Sciences,1,5017,128472,4,Male,32,1,2,Healthcare Representative,3,Divorced,5660,17056,2,Y,Yes,13,3,4,80,1,12,2,3,5,3,1,2,Jora
58,Current employee,Non-Travel,390,Research & Development,1,4,Human Resources,1,5019,128474,4,Male,32,1,2,Healthcare Representative,3,Divorced,5660,17056,0,Y,Yes,13,3,4,80,1,12,2,3,5,3,1,2,Jora
58,Current employee,Non-Travel,390,Research & Development,1,4,Life Sciences,1,5023,128478,4,Male,32,1,2,Healthcare Representative,3,Divorced,5660,17056,2,Y,Yes,13,3,4,80,1,12,2,3,5,3,1,2,Jora
58,Current employee,Non-Travel,390,Research & Development,1,4,Human Resources,1,5024,128479,4,Male,32,1,2,Healthcare Representative,3,Divorced,5660,17056,0,Y,Yes,13,3,4,80,1,12,2,3,5,3,1,2,Jora
58,Current employee,Travel_Rarely,848,Research & Development,23,4,Life Sciences,1,6642,130097,2,Female,55,3,5,Manager,1,Married,19566,3854,5,Y,No,11,4,4,80,0,33,5,1,29,8,11,10,Indeed
58,Current employee,Travel_Rarely,848,Research & Development,23,4,Other,1,6644,130099,2,Female,55,3,5,Manager,1,Married,19566,3854,1,Y,No,11,3,4,80,0,33,5,1,29,8,11,10,Indeed
58,Current employee,Travel_Rarely,848,Research & Development,23,4,Life Sciences,1,6645,130100,2,Female,55,3,5,Manager,1,Married,19566,3854,5,Y,No,11,3,4,80,0,33,5,1,29,8,11,10,Indeed
58,Current employee,Travel_Rarely,848,Research & Development,23,4,Other,1,6646,130101,2,Female,55,3,5,Manager,1,Married,19566,3854,1,Y,No,11,3,4,80,0,33,5,1,29,8,11,10,Indeed
58,Current employee,Travel_Rarely,848,Research & Development,23,4,Life Sciences,1,6649,130104,2,Female,55,3,5,Manager,1,Married,19566,3854,5,Y,No,11,4,4,80,0,33,5,1,29,8,11,10,Indeed
58,Current employee,Travel_Rarely,848,Research & Development,23,4,Other,1,6651,130106,2,Female,55,3,5,Manager,1,Married,19566,3854,1,Y,No,11,3,4,80,0,33,5,1,29,8,11,10,Indeed
58,Current employee,Travel_Rarely,848,Research & Development,23,4,Life Sciences,1,6652,130107,2,Female,55,3,5,Manager,1,Married,19566,3854,5,Y,No,11,3,4,80,0,33,5,1,29,8,11,10,Indeed
58,Current employee,Travel_Rarely,848,Research & Development,23,4,Other,1,6653,130108,2,Female,55,3,5,Manager,1,Married,19566,3854,1,Y,No,11,3,4,80,0,33,5,1,29,8,11,10,Indeed
58,Current employee,Travel_Frequently,1216,Research & Development,15,4,Life Sciences,1,9122,132577,2,Male,62,3,5,Manager,1,Married,19859,21199,5,Y,Yes,13,3,4,80,1,24,2,3,5,2,1,4,GlassDoor
58,Current employee,Travel_Frequently,1216,Research & Development,15,4,Medical,1,9124,132579,2,Male,62,3,5,Manager,1,Married,19859,21199,1,Y,Yes,13,3,4,80,1,24,2,3,5,2,1,4,GlassDoor
58,Current employee,Travel_Frequently,1216,Research & Development,15,4,Life Sciences,1,9130,132585,2,Male,62,3,5,Manager,1,Married,19859,21199,5,Y,Yes,13,3,4,80,1,24,2,3,5,2,1,4,GlassDoor
58,Current employee,Travel_Frequently,1216,Research & Development,15,4,Medical,1,9131,132586,2,Male,62,3,5,Manager,1,Married,19859,21199,1,Y,Yes,13,3,4,80,1,24,2,3,5,2,1,4,GlassDoor
58,Current employee,Travel_Frequently,1216,Research & Development,15,4,Life Sciences,1,9133,132588,2,Male,62,3,5,Manager,1,Married,19859,21199,5,Y,Yes,13,3,4,80,1,24,2,3,5,2,1,4,GlassDoor
58,Current employee,Travel_Frequently,1216,Research & Development,15,4,Medical,1,9135,132590,2,Male,62,3,5,Manager,1,Married,19859,21199,1,Y,Yes,13,3,4,80,1,24,2,3,5,2,1,4,GlassDoor
58,Current employee,Travel_Frequently,1216,Research & Development,15,4,Life Sciences,1,9141,132596,2,Male,62,3,5,Manager,1,Married,19859,21199,5,Y,Yes,13,3,4,80,1,24,2,3,5,2,1,4,GlassDoor
58,Current employee,Travel_Frequently,1216,Research & Development,15,4,Medical,1,9142,132597,2,Male,62,3,5,Manager,1,Married,19859,21199,1,Y,Yes,13,3,4,80,1,24,2,3,5,2,1,4,GlassDoor
58,Current employee,Travel_Rarely,605,Sales,21,3,Life Sciences,1,9509,132964,3,Female,63,3,4,Manager,4,Married,16752,12982,1,Y,Yes,11,3,3,80,1,26,3,2,26,14,3,0,Referral
58,Current employee,Travel_Rarely,605,Sales,21,3,Other,1,9511,132966,3,Female,63,3,4,Manager,4,Married,16752,12982,1,Y,Yes,11,3,3,80,1,26,3,2,26,14,3,0,Referral
58,Current employee,Travel_Rarely,605,Sales,21,3,Life Sciences,1,9514,132969,3,Female,63,3,4,Manager,4,Married,16752,12982,1,Y,Yes,11,3,3,80,1,26,3,2,26,14,3,0,Referral
58,Current employee,Travel_Rarely,605,Sales,21,3,Other,1,9515,132970,3,Female,63,3,4,Manager,4,Married,16752,12982,1,Y,Yes,11,3,3,80,1,26,3,2,26,14,3,0,Referral
58,Current employee,Travel_Rarely,605,Sales,21,3,Life Sciences,1,9517,132972,3,Female,63,3,4,Manager,4,Married,16752,12982,1,Y,Yes,11,3,3,80,1,26,3,2,26,14,3,0,Referral
58,Current employee,Travel_Rarely,605,Sales,21,3,Other,1,9519,132974,3,Female,63,3,4,Manager,4,Married,16752,12982,1,Y,Yes,11,3,3,80,1,26,3,2,26,14,3,0,Referral
58,Current employee,Travel_Rarely,605,Sales,21,3,Life Sciences,1,9522,132977,3,Female,63,3,4,Manager,4,Married,16752,12982,1,Y,Yes,11,3,3,80,1,26,3,2,26,14,3,0,Referral
58,Current employee,Travel_Rarely,605,Sales,21,3,Other,1,9523,132978,3,Female,63,3,4,Manager,4,Married,16752,12982,1,Y,Yes,11,3,3,80,1,26,3,2,26,14,3,0,Referral
58,Current employee,Travel_Rarely,1272,Research & Development,5,3,Technical Degree,1,10827,134282,3,Female,37,2,3,Healthcare Representative,2,Divorced,10552,9255,2,Y,Yes,13,3,4,80,1,24,3,3,6,0,0,4,Adzuna
58,Current employee,Travel_Rarely,1272,Research & Development,5,3,Life Sciences,1,10829,134284,3,Female,37,2,3,Healthcare Representative,2,Divorced,10552,9255,0,Y,Yes,13,3,4,80,1,24,3,3,6,0,0,4,Adzuna
58,Current employee,Travel_Rarely,1272,Research & Development,5,3,Technical Degree,1,10833,134288,3,Female,37,2,3,Healthcare Representative,2,Divorced,10552,9255,2,Y,Yes,13,3,4,80,1,24,3,3,6,0,0,4,Adzuna
58,Current employee,Travel_Rarely,1272,Research & Development,5,3,Life Sciences,1,10834,134289,3,Female,37,2,3,Healthcare Representative,2,Divorced,10552,9255,0,Y,Yes,13,3,4,80,1,24,3,3,6,0,0,4,Adzuna
58,Current employee,Travel_Rarely,1272,Research & Development,5,3,Technical Degree,1,10835,134290,3,Female,37,2,3,Healthcare Representative,2,Divorced,10552,9255,2,Y,Yes,13,3,4,80,1,24,3,3,6,0,0,4,Adzuna
58,Current employee,Travel_Rarely,1272,Research & Development,5,3,Life Sciences,1,10837,134292,3,Female,37,2,3,Healthcare Representative,2,Divorced,10552,9255,0,Y,Yes,13,3,4,80,1,24,3,3,6,0,0,4,Adzuna
58,Current employee,Travel_Rarely,1272,Research & Development,5,3,Technical Degree,1,10841,134296,3,Female,37,2,3,Healthcare Representative,2,Divorced,10552,9255,2,Y,Yes,13,3,4,80,1,24,3,3,6,0,0,4,Adzuna
58,Current employee,Travel_Rarely,1272,Research & Development,5,3,Life Sciences,1,10842,134297,3,Female,37,2,3,Healthcare Representative,2,Divorced,10552,9255,0,Y,Yes,13,3,4,80,1,24,3,3,6,0,0,4,Adzuna
58,Current employee,Travel_Rarely,682,Sales,10,4,Medical,1,13199,136654,3,Female,73,3,1,Research Scientist,2,Divorced,3291,17940,0,Y,No,14,4,4,80,2,8,2,2,7,5,1,1,GlassDoor
58,Current employee,Travel_Rarely,682,Sales,10,4,Medical,1,13201,136656,3,Female,73,3,1,Research Scientist,2,Divorced,3291,17940,3,Y,No,14,3,4,80,2,8,2,2,7,5,1,1,GlassDoor
58,Current employee,Travel_Rarely,682,Sales,10,4,Medical,1,13204,136659,3,Female,73,3,1,Research Scientist,2,Divorced,3291,17940,0,Y,No,14,3,4,80,2,8,2,2,7,5,1,1,GlassDoor
58,Current employee,Travel_Rarely,682,Sales,10,4,Medical,1,13205,136660,3,Female,73,3,1,Research Scientist,2,Divorced,3291,17940,3,Y,No,14,3,4,80,2,8,2,2,7,5,1,1,GlassDoor
58,Current employee,Travel_Rarely,682,Sales,10,4,Medical,1,13207,136662,3,Female,73,3,1,Research Scientist,2,Divorced,3291,17940,0,Y,No,14,4,4,80,2,8,2,2,7,5,1,1,GlassDoor
58,Current employee,Travel_Rarely,682,Sales,10,4,Medical,1,13209,136664,3,Female,73,3,1,Research Scientist,2,Divorced,3291,17940,3,Y,No,14,3,4,80,2,8,2,2,7,5,1,1,GlassDoor
58,Current employee,Travel_Rarely,682,Sales,10,4,Medical,1,13212,136667,3,Female,73,3,1,Research Scientist,2,Divorced,3291,17940,0,Y,No,14,3,4,80,2,8,2,2,7,5,1,1,GlassDoor
58,Current employee,Travel_Rarely,682,Sales,10,4,Medical,1,13213,136668,3,Female,73,3,1,Research Scientist,2,Divorced,3291,17940,3,Y,No,14,3,4,80,2,8,2,2,7,5,1,1,GlassDoor
58,Current employee,Travel_Rarely,1145,Research & Development,9,3,Medical,1,13469,136924,3,Male,74,2,1,Laboratory Technician,3,Married,2258,16340,6,Y,No,12,3,2,80,1,10,2,3,8,0,1,7,Recruit.net
58,Current employee,Travel_Rarely,1145,Research & Development,9,3,Medical,1,13471,136926,3,Male,74,2,1,Laboratory Technician,3,Married,2258,16340,1,Y,No,12,3,2,80,1,10,2,3,8,0,1,7,Recruit.net
58,Current employee,Travel_Rarely,1145,Research & Development,9,3,Medical,1,13474,136929,3,Male,74,2,1,Laboratory Technician,3,Married,2258,16340,6,Y,No,12,3,2,80,1,10,2,3,8,0,1,7,Recruit.net
58,Current employee,Travel_Rarely,1145,Research & Development,9,3,Medical,1,13475,136930,3,Male,74,2,1,Laboratory Technician,3,Married,2258,16340,1,Y,No,12,3,2,80,1,10,2,3,8,0,1,7,Recruit.net
58,Current employee,Travel_Rarely,1145,Research & Development,9,3,Medical,1,13477,136932,3,Male,74,2,1,Laboratory Technician,3,Married,2258,16340,6,Y,No,12,3,2,80,1,10,2,3,8,0,1,7,Recruit.net
58,Current employee,Travel_Rarely,1145,Research & Development,9,3,Medical,1,13479,136934,3,Male,74,2,1,Laboratory Technician,3,Married,2258,16340,1,Y,No,12,3,2,80,1,10,2,3,8,0,1,7,Recruit.net
58,Current employee,Travel_Rarely,1145,Research & Development,9,3,Medical,1,13482,136937,3,Male,74,2,1,Laboratory Technician,3,Married,2258,16340,6,Y,No,12,3,2,80,1,10,2,3,8,0,1,7,Recruit.net
58,Current employee,Travel_Rarely,1145,Research & Development,9,3,Medical,1,13483,136938,3,Male,74,2,1,Laboratory Technician,3,Married,2258,16340,1,Y,No,12,3,2,80,1,10,2,3,8,0,1,7,Recruit.net
58,Current employee,Travel_Rarely,848,Research & Development,23,4,Life Sciences,1,15023,138478,1,Male,88,3,1,Research Scientist,3,Divorced,2372,26076,1,Y,No,12,3,4,80,2,2,3,3,2,2,2,2,Indeed
58,Current employee,Travel_Rarely,848,Research & Development,23,4,Other,1,15026,138481,1,Male,88,3,1,Research Scientist,3,Divorced,2372,26076,4,Y,No,12,4,4,80,2,2,3,3,2,2,2,2,Indeed
58,Current employee,Travel_Rarely,848,Research & Development,23,4,Life Sciences,1,15029,138484,1,Male,88,3,1,Research Scientist,3,Divorced,2372,26076,1,Y,No,12,3,4,80,2,2,3,3,2,2,2,2,Indeed
58,Current employee,Travel_Rarely,848,Research & Development,23,4,Other,1,15030,138485,1,Male,88,3,1,Research Scientist,3,Divorced,2372,26076,4,Y,No,12,3,4,80,2,2,3,3,2,2,2,2,Indeed
58,Current employee,Travel_Rarely,848,Research & Development,23,4,Life Sciences,1,15031,138486,1,Male,88,3,1,Research Scientist,3,Divorced,2372,26076,1,Y,No,12,3,4,80,2,2,3,3,2,2,2,2,Indeed
58,Current employee,Travel_Rarely,848,Research & Development,23,4,Other,1,15034,138489,1,Male,88,3,1,Research Scientist,3,Divorced,2372,26076,4,Y,No,12,4,4,80,2,2,3,3,2,2,2,2,Indeed
58,Current employee,Travel_Rarely,848,Research & Development,23,4,Life Sciences,1,15037,138492,1,Male,88,3,1,Research Scientist,3,Divorced,2372,26076,1,Y,No,12,3,4,80,2,2,3,3,2,2,2,2,Indeed
58,Current employee,Travel_Rarely,848,Research & Development,23,4,Other,1,15038,138493,1,Male,88,3,1,Research Scientist,3,Divorced,2372,26076,4,Y,No,12,3,4,80,2,2,3,3,2,2,2,2,Indeed
58,Current employee,Travel_Rarely,1055,Research & Development,1,3,Medical,1,16155,139610,4,Female,76,3,5,Research Director,1,Married,19701,22456,3,Y,Yes,21,3,3,80,1,32,3,3,9,8,1,5,Jora
58,Current employee,Travel_Rarely,1055,Research & Development,1,3,Life Sciences,1,16157,139612,4,Female,76,3,5,Research Director,1,Married,19701,22456,1,Y,Yes,21,4,3,80,1,32,3,3,9,8,1,5,Jora
58,Current employee,Travel_Rarely,1055,Research & Development,1,3,Medical,1,16161,139616,4,Female,76,3,5,Research Director,1,Married,19701,22456,3,Y,Yes,21,4,3,80,1,32,3,3,9,8,1,5,Jora
58,Current employee,Travel_Rarely,1055,Research & Development,1,3,Life Sciences,1,16162,139617,4,Female,76,3,5,Research Director,1,Married,19701,22456,1,Y,Yes,21,4,3,80,1,32,3,3,9,8,1,5,Jora
58,Current employee,Travel_Rarely,1055,Research & Development,1,3,Medical,1,16163,139618,4,Female,76,3,5,Research Director,1,Married,19701,22456,3,Y,Yes,21,3,3,80,1,32,3,3,9,8,1,5,Jora
58,Current employee,Travel_Rarely,1055,Research & Development,1,3,Life Sciences,1,16165,139620,4,Female,76,3,5,Research Director,1,Married,19701,22456,1,Y,Yes,21,4,3,80,1,32,3,3,9,8,1,5,Jora
58,Current employee,Travel_Rarely,1055,Research & Development,1,3,Medical,1,16169,139624,4,Female,76,3,5,Research Director,1,Married,19701,22456,3,Y,Yes,21,4,3,80,1,32,3,3,9,8,1,5,Jora
58,Current employee,Travel_Rarely,1055,Research & Development,1,3,Life Sciences,1,16170,139625,4,Female,76,3,5,Research Director,1,Married,19701,22456,1,Y,Yes,21,4,3,80,1,32,3,3,9,8,1,5,Jora
58,Current employee,Travel_Rarely,1055,Research & Development,1,3,Medical,1,17733,141188,4,Male,85,2,1,Laboratory Technician,1,Single,2450,21731,1,Y,No,19,3,2,80,0,3,3,3,3,0,1,2,Adzuna
58,Current employee,Travel_Rarely,1055,Research & Development,1,3,Life Sciences,1,17735,141190,4,Male,85,2,1,Laboratory Technician,1,Single,2450,21731,1,Y,No,19,3,2,80,0,3,3,3,3,0,1,2,Adzuna
58,Current employee,Travel_Rarely,1055,Research & Development,1,3,Medical,1,17738,141193,4,Male,85,2,1,Laboratory Technician,1,Single,2450,21731,1,Y,No,19,3,2,80,0,3,3,3,3,0,1,2,Adzuna
58,Current employee,Travel_Rarely,1055,Research & Development,1,3,Life Sciences,1,17739,141194,4,Male,85,2,1,Laboratory Technician,1,Single,2450,21731,1,Y,No,19,3,2,80,0,3,3,3,3,0,1,2,Adzuna
58,Current employee,Travel_Rarely,1055,Research & Development,1,3,Medical,1,17741,141196,4,Male,85,2,1,Laboratory Technician,1,Single,2450,21731,1,Y,No,19,3,2,80,0,3,3,3,3,0,1,2,Adzuna
58,Current employee,Travel_Rarely,1055,Research & Development,1,3,Life Sciences,1,17743,141198,4,Male,85,2,1,Laboratory Technician,1,Single,2450,21731,1,Y,No,19,3,2,80,0,3,3,3,3,0,1,2,Adzuna
58,Current employee,Travel_Rarely,1055,Research & Development,1,3,Medical,1,17746,141201,4,Male,85,2,1,Laboratory Technician,1,Single,2450,21731,1,Y,No,19,3,2,80,0,3,3,3,3,0,1,2,Adzuna
58,Current employee,Travel_Rarely,1055,Research & Development,1,3,Life Sciences,1,17747,141202,4,Male,85,2,1,Laboratory Technician,1,Single,2450,21731,1,Y,No,19,3,2,80,0,3,3,3,3,0,1,2,Adzuna
58,Current employee,Non-Travel,350,Sales,2,3,Medical,1,19269,142724,4,Male,89,3,1,Laboratory Technician,2,Single,1393,24852,1,Y,No,12,3,1,80,0,1,2,3,1,0,0,0,Indeed
58,Current employee,Non-Travel,350,Sales,2,3,Life Sciences,1,19271,142726,4,Male,89,3,1,Laboratory Technician,2,Single,1393,24852,1,Y,No,12,3,1,80,0,1,2,3,1,0,0,0,Indeed
58,Current employee,Non-Travel,350,Sales,2,3,Medical,1,19274,142729,4,Male,89,3,1,Laboratory Technician,2,Single,1393,24852,1,Y,No,12,3,1,80,0,1,2,3,1,0,0,0,Indeed
58,Current employee,Non-Travel,350,Sales,2,3,Life Sciences,1,19275,142730,4,Male,89,3,1,Laboratory Technician,2,Single,1393,24852,1,Y,No,12,3,1,80,0,1,2,3,1,0,0,0,Indeed
58,Current employee,Non-Travel,350,Sales,2,3,Medical,1,19277,142732,4,Male,89,3,1,Laboratory Technician,2,Single,1393,24852,1,Y,No,12,3,1,80,0,1,2,3,1,0,0,0,Indeed
58,Current employee,Non-Travel,350,Sales,2,3,Life Sciences,1,19279,142734,4,Male,89,3,1,Laboratory Technician,2,Single,1393,24852,1,Y,No,12,3,1,80,0,1,2,3,1,0,0,0,Indeed
58,Current employee,Non-Travel,350,Sales,2,3,Medical,1,19282,142737,4,Male,89,3,1,Laboratory Technician,2,Single,1393,24852,1,Y,No,12,3,1,80,0,1,2,3,1,0,0,0,Indeed
58,Current employee,Non-Travel,350,Sales,2,3,Life Sciences,1,19283,142738,4,Male,89,3,1,Laboratory Technician,2,Single,1393,24852,1,Y,No,12,3,1,80,0,1,2,3,1,0,0,0,Indeed
58,Current employee,Non-Travel,350,Sales,2,3,Medical,1,20795,144250,2,Male,52,3,4,Manager,2,Divorced,16291,22577,4,Y,No,22,3,4,80,1,37,0,2,16,9,14,14,Recruit.net
58,Current employee,Non-Travel,350,Sales,2,3,Life Sciences,1,20797,144252,2,Male,52,3,4,Manager,2,Divorced,16291,22577,1,Y,No,22,3,4,80,1,37,0,2,16,9,14,14,Recruit.net
58,Current employee,Non-Travel,350,Sales,2,3,Medical,1,20801,144256,2,Male,52,3,4,Manager,2,Divorced,16291,22577,4,Y,No,22,4,4,80,1,37,0,2,16,9,14,14,Recruit.net
58,Current employee,Non-Travel,350,Sales,2,3,Life Sciences,1,20802,144257,2,Male,52,3,4,Manager,2,Divorced,16291,22577,1,Y,No,22,4,4,80,1,37,0,2,16,9,14,14,Recruit.net
58,Current employee,Non-Travel,350,Sales,2,3,Medical,1,20803,144258,2,Male,52,3,4,Manager,2,Divorced,16291,22577,4,Y,No,22,3,4,80,1,37,0,2,16,9,14,14,Recruit.net
58,Current employee,Non-Travel,350,Sales,2,3,Life Sciences,1,20805,144260,2,Male,52,3,4,Manager,2,Divorced,16291,22577,1,Y,No,22,3,4,80,1,37,0,2,16,9,14,14,Recruit.net
58,Current employee,Non-Travel,350,Sales,2,3,Medical,1,20809,144264,2,Male,52,3,4,Manager,2,Divorced,16291,22577,4,Y,No,22,4,4,80,1,37,0,2,16,9,14,14,Recruit.net
58,Current employee,Non-Travel,350,Sales,2,3,Life Sciences,1,20810,144265,2,Male,52,3,4,Manager,2,Divorced,16291,22577,1,Y,No,22,4,4,80,1,37,0,2,16,9,14,14,Recruit.net
58,Current employee,Travel_Frequently,1216,Research & Development,15,4,Life Sciences,1,20939,144394,1,Male,87,3,4,Research Director,3,Married,15787,21624,2,Y,Yes,14,3,2,80,0,23,3,3,2,2,2,2,Seek
58,Current employee,Travel_Frequently,1216,Research & Development,15,4,Medical,1,20941,144396,1,Male,87,3,4,Research Director,3,Married,15787,21624,2,Y,Yes,14,3,2,80,0,23,3,3,2,2,2,2,Seek
58,Current employee,Travel_Frequently,1216,Research & Development,15,4,Life Sciences,1,20945,144400,1,Male,87,3,4,Research Director,3,Married,15787,21624,2,Y,Yes,14,3,2,80,0,23,3,3,2,2,2,2,Seek
58,Current employee,Travel_Frequently,1216,Research & Development,15,4,Medical,1,20946,144401,1,Male,87,3,4,Research Director,3,Married,15787,21624,2,Y,Yes,14,3,2,80,0,23,3,3,2,2,2,2,Seek
58,Current employee,Travel_Frequently,1216,Research & Development,15,4,Life Sciences,1,20947,144402,1,Male,87,3,4,Research Director,3,Married,15787,21624,2,Y,Yes,14,3,2,80,0,23,3,3,2,2,2,2,Seek
58,Current employee,Travel_Frequently,1216,Research & Development,15,4,Medical,1,20949,144404,1,Male,87,3,4,Research Director,3,Married,15787,21624,2,Y,Yes,14,3,2,80,0,23,3,3,2,2,2,2,Seek
58,Current employee,Travel_Frequently,1216,Research & Development,15,4,Life Sciences,1,20953,144408,1,Male,87,3,4,Research Director,3,Married,15787,21624,2,Y,Yes,14,3,2,80,0,23,3,3,2,2,2,2,Seek
58,Current employee,Travel_Frequently,1216,Research & Development,15,4,Medical,1,20954,144409,1,Male,87,3,4,Research Director,3,Married,15787,21624,2,Y,Yes,14,3,2,80,0,23,3,3,2,2,2,2,Seek
58,Current employee,Travel_Rarely,605,Sales,21,3,Life Sciences,1,21973,145428,4,Female,32,3,4,Manager,4,Married,17875,11761,4,Y,Yes,13,3,3,80,1,29,2,2,1,0,0,0,LinkedIn
58,Current employee,Travel_Rarely,605,Sales,21,3,Other,1,21976,145431,4,Female,32,3,4,Manager,4,Married,17875,11761,1,Y,Yes,13,4,3,80,1,29,2,2,1,0,0,0,LinkedIn
58,Current employee,Travel_Rarely,605,Sales,21,3,Life Sciences,1,21979,145434,4,Female,32,3,4,Manager,4,Married,17875,11761,4,Y,Yes,13,3,3,80,1,29,2,2,1,0,0,0,LinkedIn
58,Current employee,Travel_Rarely,605,Sales,21,3,Other,1,21980,145435,4,Female,32,3,4,Manager,4,Married,17875,11761,1,Y,Yes,13,3,3,80,1,29,2,2,1,0,0,0,LinkedIn
58,Current employee,Travel_Rarely,605,Sales,21,3,Life Sciences,1,21981,145436,4,Female,32,3,4,Manager,4,Married,17875,11761,4,Y,Yes,13,3,3,80,1,29,2,2,1,0,0,0,LinkedIn
58,Current employee,Travel_Rarely,605,Sales,21,3,Other,1,21984,145439,4,Female,32,3,4,Manager,4,Married,17875,11761,1,Y,Yes,13,4,3,80,1,29,2,2,1,0,0,0,LinkedIn
58,Current employee,Travel_Rarely,605,Sales,21,3,Life Sciences,1,21987,145442,4,Female,32,3,4,Manager,4,Married,17875,11761,4,Y,Yes,13,3,3,80,1,29,2,2,1,0,0,0,LinkedIn
58,Current employee,Travel_Rarely,605,Sales,21,3,Other,1,21988,145443,4,Female,32,3,4,Manager,4,Married,17875,11761,1,Y,Yes,13,3,3,80,1,29,2,2,1,0,0,0,LinkedIn
58,Current employee,Travel_Rarely,1272,Research & Development,5,3,Technical Degree,1,22278,145733,4,Male,97,3,2,Sales Executive,4,Single,4105,5099,1,Y,No,14,3,1,80,0,7,5,3,7,7,0,7,Recruit.net
58,Current employee,Travel_Rarely,1272,Research & Development,5,3,Life Sciences,1,22279,145734,4,Male,97,3,2,Sales Executive,4,Single,4105,5099,5,Y,No,14,3,1,80,0,7,5,3,7,7,0,7,Recruit.net
58,Current employee,Travel_Rarely,1272,Research & Development,5,3,Technical Degree,1,22283,145738,4,Male,97,3,2,Sales Executive,4,Single,4105,5099,1,Y,No,14,3,1,80,0,7,5,3,7,7,0,7,Recruit.net
58,Current employee,Travel_Rarely,1272,Research & Development,5,3,Life Sciences,1,22284,145739,4,Male,97,3,2,Sales Executive,4,Single,4105,5099,5,Y,No,14,3,1,80,0,7,5,3,7,7,0,7,Recruit.net
58,Current employee,Travel_Rarely,1272,Research & Development,5,3,Technical Degree,1,22286,145741,4,Male,97,3,2,Sales Executive,4,Single,4105,5099,1,Y,No,14,3,1,80,0,7,5,3,7,7,0,7,Recruit.net
58,Current employee,Travel_Rarely,1272,Research & Development,5,3,Life Sciences,1,22287,145742,4,Male,97,3,2,Sales Executive,4,Single,4105,5099,5,Y,No,14,3,1,80,0,7,5,3,7,7,0,7,Recruit.net
58,Current employee,Travel_Rarely,1272,Research & Development,5,3,Technical Degree,1,22291,145746,4,Male,97,3,2,Sales Executive,4,Single,4105,5099,1,Y,No,14,3,1,80,0,7,5,3,7,7,0,7,Recruit.net
58,Current employee,Travel_Rarely,1272,Research & Development,5,3,Life Sciences,1,22292,145747,4,Male,97,3,2,Sales Executive,4,Single,4105,5099,5,Y,No,14,3,1,80,0,7,5,3,7,7,0,7,Recruit.net
47,Voluntary Resignation,Non-Travel,666,Research & Development,29,4,Life Sciences,1,2320,125775,1,Male,43,3,2,Human Resources,4,Married,6347,13982,0,Y,Yes,19,3,4,80,0,12,2,1,11,9,4,7,Seek
47,Voluntary Resignation,Non-Travel,666,Research & Development,29,4,Technical Degree,1,2322,125777,1,Male,43,3,2,Human Resources,4,Married,6347,13982,0,Y,Yes,19,3,4,80,0,12,2,1,11,9,4,7,Seek
47,Voluntary Resignation,Non-Travel,666,Research & Development,29,4,Life Sciences,1,2325,125780,1,Male,43,3,2,Human Resources,4,Married,6347,13982,0,Y,Yes,19,3,4,80,0,12,2,1,11,9,4,7,Seek
47,Voluntary Resignation,Non-Travel,666,Research & Development,29,4,Technical Degree,1,2326,125781,1,Male,43,3,2,Human Resources,4,Married,6347,13982,0,Y,Yes,19,3,4,80,0,12,2,1,11,9,4,7,Seek
47,Voluntary Resignation,Non-Travel,666,Research & Development,29,4,Life Sciences,1,2328,125783,1,Male,43,3,2,Human Resources,4,Married,6347,13982,0,Y,Yes,19,3,4,80,0,12,2,1,11,9,4,7,Seek
47,Voluntary Resignation,Non-Travel,666,Research & Development,29,4,Technical Degree,1,2330,125785,1,Male,43,3,2,Human Resources,4,Married,6347,13982,0,Y,Yes,19,3,4,80,0,12,2,1,11,9,4,7,Seek
47,Voluntary Resignation,Non-Travel,666,Research & Development,29,4,Life Sciences,1,2333,125788,1,Male,43,3,2,Human Resources,4,Married,6347,13982,0,Y,Yes,19,3,4,80,0,12,2,1,11,9,4,7,Seek
47,Voluntary Resignation,Non-Travel,666,Research & Development,29,4,Technical Degree,1,2334,125789,1,Male,43,3,2,Human Resources,4,Married,6347,13982,0,Y,Yes,19,3,4,80,0,12,2,1,11,9,4,7,Seek
47,Voluntary Resignation,Travel_Frequently,719,Sales,27,2,Life Sciences,1,4134,127589,1,Female,48,4,2,Research Scientist,1,Single,6545,23016,3,Y,Yes,13,3,3,80,0,10,1,3,3,2,0,2,Company Website
47,Voluntary Resignation,Travel_Frequently,719,Sales,27,2,Technical Degree,1,4136,127591,1,Female,48,4,2,Research Scientist,1,Single,6545,23016,4,Y,Yes,13,3,3,80,0,10,1,3,3,2,0,2,Company Website
47,Voluntary Resignation,Travel_Frequently,719,Sales,27,2,Life Sciences,1,4139,127594,1,Female,48,4,2,Research Scientist,1,Single,6545,23016,3,Y,Yes,13,3,3,80,0,10,1,3,3,2,0,2,Company Website
47,Voluntary Resignation,Travel_Frequently,719,Sales,27,2,Technical Degree,1,4140,127595,1,Female,48,4,2,Research Scientist,1,Single,6545,23016,4,Y,Yes,13,3,3,80,0,10,1,3,3,2,0,2,Company Website
47,Voluntary Resignation,Travel_Frequently,719,Sales,27,2,Life Sciences,1,4142,127597,1,Female,48,4,2,Research Scientist,1,Single,6545,23016,3,Y,Yes,13,3,3,80,0,10,1,3,3,2,0,2,Company Website
47,Voluntary Resignation,Travel_Frequently,719,Sales,27,2,Technical Degree,1,4144,127599,1,Female,48,4,2,Research Scientist,1,Single,6545,23016,4,Y,Yes,13,3,3,80,0,10,1,3,3,2,0,2,Company Website
47,Voluntary Resignation,Travel_Frequently,719,Sales,27,2,Life Sciences,1,4147,127602,1,Female,48,4,2,Research Scientist,1,Single,6545,23016,3,Y,Yes,13,3,3,80,0,10,1,3,3,2,0,2,Company Website
47,Voluntary Resignation,Travel_Frequently,719,Sales,27,2,Technical Degree,1,4148,127603,1,Female,48,4,2,Research Scientist,1,Single,6545,23016,4,Y,Yes,13,3,3,80,0,10,1,3,3,2,0,2,Company Website
47,Voluntary Resignation,Non-Travel,666,Research & Development,29,4,Life Sciences,1,4426,127881,1,Male,88,3,3,Manager,2,Married,11849,10268,1,Y,Yes,12,3,4,80,1,10,2,2,10,7,9,9,GlassDoor
47,Voluntary Resignation,Non-Travel,666,Research & Development,29,4,Technical Degree,1,4429,127884,1,Male,88,3,3,Manager,2,Married,11849,10268,1,Y,Yes,12,3,4,80,1,10,2,2,10,7,9,9,GlassDoor
47,Voluntary Resignation,Non-Travel,666,Research & Development,29,4,Life Sciences,1,4432,127887,1,Male,88,3,3,Manager,2,Married,11849,10268,1,Y,Yes,12,3,4,80,1,10,2,2,10,7,9,9,GlassDoor
47,Voluntary Resignation,Non-Travel,666,Research & Development,29,4,Technical Degree,1,4433,127888,1,Male,88,3,3,Manager,2,Married,11849,10268,1,Y,Yes,12,3,4,80,1,10,2,2,10,7,9,9,GlassDoor
47,Voluntary Resignation,Non-Travel,666,Research & Development,29,4,Life Sciences,1,4434,127889,1,Male,88,3,3,Manager,2,Married,11849,10268,1,Y,Yes,12,3,4,80,1,10,2,2,10,7,9,9,GlassDoor
47,Voluntary Resignation,Non-Travel,666,Research & Development,29,4,Technical Degree,1,4437,127892,1,Male,88,3,3,Manager,2,Married,11849,10268,1,Y,Yes,12,3,4,80,1,10,2,2,10,7,9,9,GlassDoor
47,Voluntary Resignation,Non-Travel,666,Research & Development,29,4,Life Sciences,1,4440,127895,1,Male,88,3,3,Manager,2,Married,11849,10268,1,Y,Yes,12,3,4,80,1,10,2,2,10,7,9,9,GlassDoor
47,Voluntary Resignation,Non-Travel,666,Research & Development,29,4,Technical Degree,1,4441,127896,1,Male,88,3,3,Manager,2,Married,11849,10268,1,Y,Yes,12,3,4,80,1,10,2,2,10,7,9,9,GlassDoor
47,Voluntary Resignation,Travel_Frequently,1093,Sales,9,3,Life Sciences,1,8603,132058,2,Male,60,3,2,Sales Executive,1,Single,5405,11924,8,Y,No,14,3,4,80,0,10,1,3,2,2,2,2,Indeed
47,Voluntary Resignation,Travel_Frequently,1093,Sales,9,3,Medical,1,8604,132059,2,Male,60,3,2,Sales Executive,1,Single,5405,11924,6,Y,No,14,3,4,80,0,10,1,3,2,2,2,2,Indeed
47,Voluntary Resignation,Travel_Frequently,1093,Sales,9,3,Life Sciences,1,8606,132061,2,Male,60,3,2,Sales Executive,1,Single,5405,11924,8,Y,No,14,3,4,80,0,10,1,3,2,2,2,2,Indeed
47,Voluntary Resignation,Travel_Frequently,1093,Sales,9,3,Medical,1,8607,132062,2,Male,60,3,2,Sales Executive,1,Single,5405,11924,6,Y,No,14,3,4,80,0,10,1,3,2,2,2,2,Indeed
47,Voluntary Resignation,Travel_Frequently,1093,Sales,9,3,Life Sciences,1,8613,132068,2,Male,60,3,2,Sales Executive,1,Single,5405,11924,8,Y,No,14,3,4,80,0,10,1,3,2,2,2,2,Indeed
47,Voluntary Resignation,Travel_Frequently,1093,Sales,9,3,Medical,1,8614,132069,2,Male,60,3,2,Sales Executive,1,Single,5405,11924,6,Y,No,14,3,4,80,0,10,1,3,2,2,2,2,Indeed
47,Voluntary Resignation,Travel_Frequently,1093,Sales,9,3,Medical,1,8616,132071,2,Male,60,3,2,Sales Executive,1,Single,5405,11924,6,Y,No,14,3,4,80,0,10,1,3,2,2,2,2,Indeed
47,Voluntary Resignation,Travel_Frequently,719,Sales,27,2,Life Sciences,1,9090,132545,2,Female,77,4,2,Sales Executive,3,Single,6397,10339,4,Y,Yes,12,3,4,80,0,8,2,3,5,4,1,3,Indeed
47,Voluntary Resignation,Travel_Frequently,719,Sales,27,2,Technical Degree,1,9093,132548,2,Female,77,4,2,Sales Executive,3,Single,6397,10339,8,Y,Yes,12,3,4,80,0,8,2,3,5,4,1,3,Indeed
47,Voluntary Resignation,Travel_Frequently,719,Sales,27,2,Life Sciences,1,9094,132549,2,Female,77,4,2,Sales Executive,3,Single,6397,10339,4,Y,Yes,12,3,4,80,0,8,2,3,5,4,1,3,Indeed
47,Voluntary Resignation,Travel_Frequently,719,Sales,27,2,Technical Degree,1,9097,132552,2,Female,77,4,2,Sales Executive,3,Single,6397,10339,8,Y,Yes,12,3,4,80,0,8,2,3,5,4,1,3,Indeed
47,Voluntary Resignation,Travel_Frequently,719,Sales,27,2,Life Sciences,1,9098,132553,2,Female,77,4,2,Sales Executive,3,Single,6397,10339,4,Y,Yes,12,3,4,80,0,8,2,3,5,4,1,3,Indeed
47,Voluntary Resignation,Travel_Frequently,719,Sales,27,2,Technical Degree,1,9101,132556,2,Female,77,4,2,Sales Executive,3,Single,6397,10339,8,Y,Yes,12,3,4,80,0,8,2,3,5,4,1,3,Indeed
47,Voluntary Resignation,Travel_Frequently,719,Sales,27,2,Life Sciences,1,9102,132557,2,Female,77,4,2,Sales Executive,3,Single,6397,10339,4,Y,Yes,12,3,4,80,0,8,2,3,5,4,1,3,Indeed
47,Voluntary Resignation,Travel_Frequently,719,Sales,27,2,Technical Degree,1,9104,132559,2,Female,77,4,2,Sales Executive,3,Single,6397,10339,8,Y,Yes,12,3,4,80,0,8,2,3,5,4,1,3,Indeed
47,Voluntary Resignation,Travel_Frequently,1093,Sales,3,2,Life Sciences,1,18408,141863,4,Female,87,1,2,Manufacturing Director,1,Divorced,4877,20460,8,Y,No,14,3,4,80,0,10,1,3,2,2,2,2,Indeed
47,Voluntary Resignation,Travel_Frequently,1093,Sales,9,3,Life Sciences,1,19554,143009,3,Male,82,1,4,Sales Executive,3,Married,12936,24164,7,Y,No,11,3,3,80,0,25,3,1,23,5,14,10,GlassDoor
47,Voluntary Resignation,Travel_Frequently,1093,Sales,9,3,Medical,1,19557,143012,3,Male,82,1,4,Sales Executive,3,Married,12936,24164,6,Y,No,11,3,3,80,0,25,3,1,23,5,14,10,GlassDoor
47,Voluntary Resignation,Travel_Frequently,1093,Sales,9,3,Life Sciences,1,19560,143015,3,Male,82,1,4,Sales Executive,3,Married,12936,24164,7,Y,No,11,3,3,80,0,25,3,1,23,5,14,10,GlassDoor
47,Voluntary Resignation,Travel_Frequently,1093,Sales,9,3,Medical,1,19561,143016,3,Male,82,1,4,Sales Executive,3,Married,12936,24164,6,Y,No,11,3,3,80,0,25,3,1,23,5,14,10,GlassDoor
47,Voluntary Resignation,Travel_Frequently,1093,Sales,9,3,Life Sciences,1,19562,143017,3,Male,82,1,4,Sales Executive,3,Married,12936,24164,7,Y,No,11,3,3,80,0,25,3,1,23,5,14,10,GlassDoor
47,Voluntary Resignation,Travel_Frequently,1093,Sales,9,3,Medical,1,19565,143020,3,Male,82,1,4,Sales Executive,3,Married,12936,24164,6,Y,No,11,3,3,80,0,25,3,1,23,5,14,10,GlassDoor
47,Voluntary Resignation,Travel_Frequently,1093,Sales,9,3,Life Sciences,1,19568,143023,3,Male,82,1,4,Sales Executive,3,Married,12936,24164,7,Y,No,11,3,3,80,0,25,3,1,23,5,14,10,GlassDoor
47,Voluntary Resignation,Travel_Frequently,1093,Sales,9,3,Medical,1,19569,143024,3,Male,82,1,4,Sales Executive,3,Married,12936,24164,6,Y,No,11,3,3,80,0,25,3,1,23,5,14,10,GlassDoor
47,Current employee,Travel_Rarely,1225,Sales,3,3,Life Sciences,1,192,123647,1,Male,37,2,3,Manufacturing Director,3,Single,9526,8787,1,Y,Yes,11,3,3,80,3,20,3,3,20,8,3,8,Company Website
47,Current employee,Travel_Rarely,1482,Research & Development,5,5,Life Sciences,1,2705,126160,1,Male,44,2,1,Research Scientist,3,Divorced,2566,25326,1,Y,Yes,15,3,4,80,1,1,2,2,1,1,0,1,Indeed
47,Current employee,Travel_Rarely,1482,Research & Development,5,5,Life Sciences,1,2707,126162,1,Male,44,2,1,Research Scientist,3,Divorced,2566,25326,3,Y,Yes,15,3,4,80,1,1,2,2,1,1,0,1,Indeed
47,Current employee,Travel_Rarely,1482,Research & Development,5,5,Life Sciences,1,2710,126165,1,Male,44,2,1,Research Scientist,3,Divorced,2566,25326,1,Y,Yes,15,3,4,80,1,1,2,2,1,1,0,1,Indeed
47,Current employee,Travel_Rarely,1482,Research & Development,5,5,Life Sciences,1,2711,126166,1,Male,44,2,1,Research Scientist,3,Divorced,2566,25326,3,Y,Yes,15,3,4,80,1,1,2,2,1,1,0,1,Indeed
47,Current employee,Travel_Rarely,1482,Research & Development,5,5,Life Sciences,1,2713,126168,1,Male,44,2,1,Research Scientist,3,Divorced,2566,25326,1,Y,Yes,15,3,4,80,1,1,2,2,1,1,0,1,Indeed
47,Current employee,Travel_Rarely,1482,Research & Development,5,5,Life Sciences,1,2715,126170,1,Male,44,2,1,Research Scientist,3,Divorced,2566,25326,3,Y,Yes,15,3,4,80,1,1,2,2,1,1,0,1,Indeed
47,Current employee,Travel_Rarely,1482,Research & Development,5,5,Life Sciences,1,2718,126173,1,Male,44,2,1,Research Scientist,3,Divorced,2566,25326,1,Y,Yes,15,3,4,80,1,1,2,2,1,1,0,1,Indeed
47,Current employee,Travel_Rarely,1482,Research & Development,5,5,Life Sciences,1,2719,126174,1,Male,44,2,1,Research Scientist,3,Divorced,2566,25326,3,Y,Yes,15,3,4,80,1,1,2,2,1,1,0,1,Indeed
47,Current employee,Travel_Rarely,1176,Human Resources,1,1,Life Sciences,1,3107,126562,1,Male,45,2,2,Manufacturing Director,3,Married,9547,14074,1,Y,No,14,3,1,80,1,6,5,2,6,0,1,2,Recruit.net
47,Current employee,Travel_Rarely,1454,Sales,2,4,Life Sciences,1,4869,128324,2,Male,50,1,2,Manufacturing Director,2,Divorced,5482,16321,5,Y,No,18,3,4,80,1,13,3,3,4,1,1,2,Indeed
47,Current employee,Travel_Rarely,1454,Sales,2,4,Life Sciences,1,4871,128326,2,Male,50,1,2,Manufacturing Director,2,Divorced,5482,16321,1,Y,No,18,3,4,80,1,13,3,3,4,1,1,2,Indeed
47,Current employee,Travel_Rarely,1454,Sales,2,4,Life Sciences,1,4872,128327,2,Male,50,1,2,Manufacturing Director,2,Divorced,5482,16321,5,Y,No,18,3,4,80,1,13,3,3,4,1,1,2,Indeed
47,Current employee,Travel_Rarely,1454,Sales,2,4,Life Sciences,1,4873,128328,2,Male,50,1,2,Manufacturing Director,2,Divorced,5482,16321,1,Y,No,18,3,4,80,1,13,3,3,4,1,1,2,Indeed
47,Current employee,Travel_Rarely,1454,Sales,2,4,Life Sciences,1,4876,128331,2,Male,50,1,2,Manufacturing Director,2,Divorced,5482,16321,5,Y,No,18,3,4,80,1,13,3,3,4,1,1,2,Indeed
47,Current employee,Travel_Rarely,1454,Sales,2,4,Life Sciences,1,4878,128333,2,Male,50,1,2,Manufacturing Director,2,Divorced,5482,16321,1,Y,No,18,3,4,80,1,13,3,3,4,1,1,2,Indeed
47,Current employee,Travel_Rarely,1454,Sales,2,4,Life Sciences,1,4879,128334,2,Male,50,1,2,Manufacturing Director,2,Divorced,5482,16321,5,Y,No,18,3,4,80,1,13,3,3,4,1,1,2,Indeed
47,Current employee,Travel_Rarely,1454,Sales,2,4,Life Sciences,1,4880,128335,2,Male,50,1,2,Manufacturing Director,2,Divorced,5482,16321,1,Y,No,18,3,4,80,1,13,3,3,4,1,1,2,Indeed
47,Current employee,Travel_Rarely,955,Sales,4,2,Life Sciences,1,5184,128639,2,Female,51,2,2,Sales Executive,2,Married,5228,24624,1,Y,Yes,11,3,4,80,0,13,2,3,13,12,11,9,GlassDoor
47,Current employee,Travel_Rarely,955,Sales,4,2,Life Sciences,1,5185,128640,2,Female,51,2,2,Sales Executive,2,Married,5228,24624,5,Y,Yes,11,4,4,80,0,13,2,3,13,12,11,9,GlassDoor
47,Current employee,Travel_Rarely,955,Sales,4,2,Life Sciences,1,5189,128644,2,Female,51,2,2,Sales Executive,2,Married,5228,24624,1,Y,Yes,11,3,4,80,0,13,2,3,13,12,11,9,GlassDoor
47,Current employee,Travel_Rarely,955,Sales,4,2,Life Sciences,1,5190,128645,2,Female,51,2,2,Sales Executive,2,Married,5228,24624,5,Y,Yes,11,3,4,80,0,13,2,3,13,12,11,9,GlassDoor
47,Current employee,Travel_Rarely,955,Sales,4,2,Life Sciences,1,5192,128647,2,Female,51,2,2,Sales Executive,2,Married,5228,24624,1,Y,Yes,11,3,4,80,0,13,2,3,13,12,11,9,GlassDoor
47,Current employee,Travel_Rarely,955,Sales,4,2,Life Sciences,1,5193,128648,2,Female,51,2,2,Sales Executive,2,Married,5228,24624,5,Y,Yes,11,4,4,80,0,13,2,3,13,12,11,9,GlassDoor
47,Current employee,Travel_Rarely,955,Sales,4,2,Life Sciences,1,5197,128652,2,Female,51,2,2,Sales Executive,2,Married,5228,24624,5,Y,Yes,11,3,4,80,0,13,2,3,13,12,11,9,GlassDoor
47,Current employee,Travel_Rarely,1482,Research & Development,5,5,Life Sciences,1,5340,128795,4,Male,42,3,5,Research Director,3,Married,18300,16375,4,Y,No,11,3,2,80,1,21,2,3,3,2,1,1,Seek
47,Current employee,Travel_Rarely,1482,Research & Development,5,5,Life Sciences,1,5343,128798,4,Male,42,3,5,Research Director,3,Married,18300,16375,2,Y,No,11,3,2,80,1,21,2,3,3,2,1,1,Seek
47,Current employee,Travel_Rarely,1482,Research & Development,5,5,Life Sciences,1,5346,128801,4,Male,42,3,5,Research Director,3,Married,18300,16375,4,Y,No,11,3,2,80,1,21,2,3,3,2,1,1,Seek
47,Current employee,Travel_Rarely,1482,Research & Development,5,5,Life Sciences,1,5347,128802,4,Male,42,3,5,Research Director,3,Married,18300,16375,2,Y,No,11,3,2,80,1,21,2,3,3,2,1,1,Seek
47,Current employee,Travel_Rarely,1482,Research & Development,5,5,Life Sciences,1,5348,128803,4,Male,42,3,5,Research Director,3,Married,18300,16375,4,Y,No,11,3,2,80,1,21,2,3,3,2,1,1,Seek
47,Current employee,Travel_Rarely,1482,Research & Development,5,5,Life Sciences,1,5351,128806,4,Male,42,3,5,Research Director,3,Married,18300,16375,2,Y,No,11,3,2,80,1,21,2,3,3,2,1,1,Seek
47,Current employee,Travel_Rarely,1482,Research & Development,5,5,Life Sciences,1,5354,128809,4,Male,42,3,5,Research Director,3,Married,18300,16375,4,Y,No,11,3,2,80,1,21,2,3,3,2,1,1,Seek
47,Current employee,Travel_Rarely,1482,Research & Development,5,5,Life Sciences,1,5355,128810,4,Male,42,3,5,Research Director,3,Married,18300,16375,2,Y,No,11,3,2,80,1,21,2,3,3,2,1,1,Seek
47,Current employee,Travel_Frequently,1309,Sales,4,1,Medical,1,5622,129077,2,Male,99,3,2,Sales Representative,3,Single,2976,25751,3,Y,No,19,3,1,80,0,5,3,3,0,0,0,0,Seek
47,Current employee,Travel_Frequently,1309,Sales,4,1,Life Sciences,1,5624,129079,2,Male,99,3,2,Sales Representative,3,Single,2976,25751,8,Y,No,19,3,1,80,0,5,3,3,0,0,0,0,Seek
47,Current employee,Travel_Frequently,1309,Sales,4,1,Medical,1,5628,129083,2,Male,99,3,2,Sales Representative,3,Single,2976,25751,3,Y,No,19,3,1,80,0,5,3,3,0,0,0,0,Seek
47,Current employee,Travel_Frequently,1309,Sales,4,1,Life Sciences,1,5629,129084,2,Male,99,3,2,Sales Representative,3,Single,2976,25751,8,Y,No,19,3,1,80,0,5,3,3,0,0,0,0,Seek
47,Current employee,Travel_Frequently,1309,Sales,4,1,Medical,1,5630,129085,2,Male,99,3,2,Sales Representative,3,Single,2976,25751,3,Y,No,19,3,1,80,0,5,3,3,0,0,0,0,Seek
47,Current employee,Travel_Frequently,1309,Sales,4,1,Life Sciences,1,5632,129087,2,Male,99,3,2,Sales Representative,3,Single,2976,25751,8,Y,No,19,3,1,80,0,5,3,3,0,0,0,0,Seek
47,Current employee,Travel_Frequently,1309,Sales,4,1,Medical,1,5636,129091,2,Male,99,3,2,Sales Representative,3,Single,2976,25751,3,Y,No,19,3,1,80,0,5,3,3,0,0,0,0,Seek
47,Current employee,Travel_Frequently,1309,Sales,4,1,Life Sciences,1,5637,129092,2,Male,99,3,2,Sales Representative,3,Single,2976,25751,8,Y,No,19,3,1,80,0,5,3,3,0,0,0,0,Seek
47,Current employee,Travel_Rarely,983,Research & Development,2,2,Medical,1,6896,130351,1,Female,65,3,2,Manufacturing Director,4,Divorced,5070,7389,5,Y,No,13,3,3,80,3,20,2,3,5,0,0,4,GlassDoor
47,Current employee,Travel_Rarely,983,Research & Development,2,2,Life Sciences,1,6898,130353,1,Female,65,3,2,Manufacturing Director,4,Divorced,5070,7389,1,Y,No,13,4,3,80,3,20,2,3,5,0,0,4,GlassDoor
47,Current employee,Travel_Rarely,983,Research & Development,2,2,Medical,1,6902,130357,1,Female,65,3,2,Manufacturing Director,4,Divorced,5070,7389,5,Y,No,13,3,3,80,3,20,2,3,5,0,0,4,GlassDoor
47,Current employee,Travel_Rarely,983,Research & Development,2,2,Life Sciences,1,6903,130358,1,Female,65,3,2,Manufacturing Director,4,Divorced,5070,7389,1,Y,No,13,3,3,80,3,20,2,3,5,0,0,4,GlassDoor
47,Current employee,Travel_Rarely,983,Research & Development,2,2,Life Sciences,1,6905,130360,1,Female,65,3,2,Manufacturing Director,4,Divorced,5070,7389,1,Y,No,13,4,3,80,3,20,2,3,5,0,0,4,GlassDoor
47,Current employee,Travel_Rarely,983,Research & Development,2,2,Medical,1,6909,130364,1,Female,65,3,2,Manufacturing Director,4,Divorced,5070,7389,5,Y,No,13,3,3,80,3,20,2,3,5,0,0,4,GlassDoor
47,Current employee,Travel_Rarely,983,Research & Development,2,2,Life Sciences,1,6910,130365,1,Female,65,3,2,Manufacturing Director,4,Divorced,5070,7389,1,Y,No,13,3,3,80,3,20,2,3,5,0,0,4,GlassDoor
47,Current employee,Travel_Rarely,1176,Human Resources,26,4,Life Sciences,1,8120,131575,2,Female,59,3,2,Sales Executive,3,Married,5561,3487,1,Y,No,14,3,1,80,1,6,5,2,6,0,1,2,Recruit.net
47,Current employee,Travel_Rarely,1176,Human Resources,26,4,Technical Degree,1,8122,131577,2,Female,59,3,2,Sales Executive,3,Married,5561,3487,8,Y,No,14,3,1,80,1,6,5,2,6,0,1,2,Recruit.net
47,Current employee,Travel_Rarely,1176,Human Resources,26,4,Life Sciences,1,8125,131580,2,Female,59,3,2,Sales Executive,3,Married,5561,3487,1,Y,No,14,3,1,80,1,6,5,2,6,0,1,2,Recruit.net
47,Current employee,Travel_Rarely,1176,Human Resources,26,4,Technical Degree,1,8126,131581,2,Female,59,3,2,Sales Executive,3,Married,5561,3487,8,Y,No,14,3,1,80,1,6,5,2,6,0,1,2,Recruit.net
47,Current employee,Travel_Rarely,1176,Human Resources,26,4,Life Sciences,1,8128,131583,2,Female,59,3,2,Sales Executive,3,Married,5561,3487,1,Y,No,14,3,1,80,1,6,5,2,6,0,1,2,Recruit.net
47,Current employee,Travel_Rarely,1176,Human Resources,26,4,Technical Degree,1,8130,131585,2,Female,59,3,2,Sales Executive,3,Married,5561,3487,8,Y,No,14,3,1,80,1,6,5,2,6,0,1,2,Recruit.net
47,Current employee,Travel_Rarely,1176,Human Resources,26,4,Technical Degree,1,8133,131588,2,Female,59,3,2,Sales Executive,3,Married,5561,3487,8,Y,No,14,3,1,80,1,6,5,2,6,0,1,2,Recruit.net
47,Current employee,Travel_Rarely,1225,Sales,2,4,Life Sciences,1,8375,131830,2,Male,60,4,1,Laboratory Technician,3,Married,3221,3297,1,Y,Yes,11,4,3,80,3,20,3,3,20,8,3,8,Company Website
47,Current employee,Travel_Rarely,1225,Sales,2,4,Life Sciences,1,8376,131831,2,Male,60,4,1,Laboratory Technician,3,Married,3221,3297,1,Y,Yes,11,3,3,80,3,20,3,3,20,8,3,8,Company Website
47,Current employee,Travel_Rarely,1225,Sales,2,4,Life Sciences,1,8378,131833,2,Male,60,4,1,Laboratory Technician,3,Married,3221,3297,1,Y,Yes,11,3,3,80,3,20,3,3,20,8,3,8,Company Website
47,Current employee,Travel_Rarely,1225,Sales,2,4,Life Sciences,1,8379,131834,2,Male,60,4,1,Laboratory Technician,3,Married,3221,3297,1,Y,Yes,11,3,3,80,3,20,3,3,20,8,3,8,Company Website
47,Current employee,Travel_Rarely,1225,Sales,2,4,Life Sciences,1,8383,131838,2,Male,60,4,1,Laboratory Technician,3,Married,3221,3297,1,Y,Yes,11,4,3,80,3,20,3,3,20,8,3,8,Company Website
47,Current employee,Travel_Rarely,1225,Sales,2,4,Life Sciences,1,8384,131839,2,Male,60,4,1,Laboratory Technician,3,Married,3221,3297,1,Y,Yes,11,3,3,80,3,20,3,3,20,8,3,8,Company Website
47,Current employee,Travel_Rarely,1225,Sales,2,4,Life Sciences,1,8386,131841,2,Male,60,4,1,Laboratory Technician,3,Married,3221,3297,1,Y,Yes,11,3,3,80,3,20,3,3,20,8,3,8,Company Website
47,Current employee,Travel_Rarely,703,Sales,14,4,Marketing,1,8530,131985,4,Male,42,3,2,Sales Executive,1,Single,4960,11825,2,Y,No,12,4,4,80,0,20,2,3,7,7,1,7,Seek
47,Current employee,Travel_Rarely,703,Sales,14,4,Medical,1,8533,131988,4,Male,42,3,2,Sales Executive,1,Single,4960,11825,7,Y,No,12,3,4,80,0,20,2,3,7,7,1,7,Seek
47,Current employee,Travel_Rarely,703,Sales,14,4,Marketing,1,8536,131991,4,Male,42,3,2,Sales Executive,1,Single,4960,11825,2,Y,No,12,3,4,80,0,20,2,3,7,7,1,7,Seek
47,Current employee,Travel_Rarely,703,Sales,14,4,Medical,1,8537,131992,4,Male,42,3,2,Sales Executive,1,Single,4960,11825,7,Y,No,12,3,4,80,0,20,2,3,7,7,1,7,Seek
47,Current employee,Travel_Rarely,703,Sales,14,4,Marketing,1,8538,131993,4,Male,42,3,2,Sales Executive,1,Single,4960,11825,2,Y,No,12,4,4,80,0,20,2,3,7,7,1,7,Seek
47,Current employee,Travel_Rarely,703,Sales,14,4,Marketing,1,8539,131994,4,Male,42,3,2,Sales Executive,1,Single,4960,11825,0,Y,No,17,3,2,80,1,3,0,2,2,1,0,2,Company Website
47,Current employee,Travel_Rarely,703,Sales,14,4,Marketing,1,8540,131995,4,Male,42,3,2,Sales Executive,1,Single,4960,11825,0,Y,Yes,14,3,4,80,1,23,4,2,22,7,1,10,Company Website
47,Current employee,Travel_Rarely,703,Sales,14,4,Medical,1,8543,131998,4,Male,42,3,2,Sales Executive,1,Single,4960,11825,7,Y,No,12,3,4,80,0,20,2,3,7,7,1,7,Seek
47,Current employee,Travel_Rarely,703,Sales,14,4,Marketing,1,8546,132001,4,Male,42,3,2,Sales Executive,1,Single,4960,11825,2,Y,No,12,3,4,80,0,20,2,3,7,7,1,7,Seek
47,Current employee,Travel_Rarely,703,Sales,14,4,Medical,1,8547,132002,4,Male,42,3,2,Sales Executive,1,Single,4960,11825,7,Y,No,12,3,4,80,0,20,2,3,7,7,1,7,Seek
47,Current employee,Travel_Frequently,217,Sales,3,3,Medical,1,8743,132198,4,Female,49,3,4,Sales Executive,3,Divorced,13770,10225,9,Y,Yes,12,3,4,80,2,28,2,2,22,2,11,13,Adzuna
47,Current employee,Travel_Frequently,217,Sales,3,3,Life Sciences,1,8746,132201,4,Female,49,3,4,Sales Executive,3,Divorced,13770,10225,4,Y,Yes,12,3,4,80,2,28,2,2,22,2,11,13,Adzuna
47,Current employee,Travel_Frequently,217,Sales,3,3,Medical,1,8749,132204,4,Female,49,3,4,Sales Executive,3,Divorced,13770,10225,9,Y,Yes,12,3,4,80,2,28,2,2,22,2,11,13,Adzuna
47,Current employee,Travel_Frequently,217,Sales,3,3,Life Sciences,1,8750,132205,4,Female,49,3,4,Sales Executive,3,Divorced,13770,10225,4,Y,Yes,12,3,4,80,2,28,2,2,22,2,11,13,Adzuna
47,Current employee,Travel_Frequently,217,Sales,3,3,Medical,1,8751,132206,4,Female,49,3,4,Sales Executive,3,Divorced,13770,10225,9,Y,Yes,12,3,4,80,2,28,2,2,22,2,11,13,Adzuna
47,Current employee,Travel_Frequently,217,Sales,3,3,Life Sciences,1,8754,132209,4,Female,49,3,4,Sales Executive,3,Divorced,13770,10225,4,Y,Yes,12,3,4,80,2,28,2,2,22,2,11,13,Adzuna
47,Current employee,Travel_Frequently,217,Sales,3,3,Medical,1,8757,132212,4,Female,49,3,4,Sales Executive,3,Divorced,13770,10225,9,Y,Yes,12,3,4,80,2,28,2,2,22,2,11,13,Adzuna
47,Current employee,Travel_Frequently,217,Sales,3,3,Life Sciences,1,8758,132213,4,Female,49,3,4,Sales Executive,3,Divorced,13770,10225,4,Y,Yes,12,3,4,80,2,28,2,2,22,2,11,13,Adzuna
47,Current employee,Travel_Rarely,1001,Research & Development,4,3,Life Sciences,1,9091,132546,2,Female,62,4,2,Sales Executive,3,Single,6397,10339,4,Y,Yes,12,4,4,80,0,8,2,3,5,4,1,3,Indeed
47,Current employee,Travel_Rarely,1001,Research & Development,4,3,Life Sciences,1,9092,132547,2,Female,62,4,2,Sales Executive,3,Single,6397,10339,5,Y,Yes,12,3,4,80,0,8,2,3,5,4,1,3,Indeed
47,Current employee,Travel_Rarely,1001,Research & Development,4,3,Life Sciences,1,9095,132550,2,Female,62,4,2,Sales Executive,3,Single,6397,10339,4,Y,Yes,12,3,4,80,0,8,2,3,5,4,1,3,Indeed
47,Current employee,Travel_Rarely,1001,Research & Development,4,3,Life Sciences,1,9096,132551,2,Female,62,4,2,Sales Executive,3,Single,6397,10339,5,Y,Yes,12,3,4,80,0,8,2,3,5,4,1,3,Indeed
47,Current employee,Travel_Rarely,1001,Research & Development,4,3,Life Sciences,1,9099,132554,2,Female,62,4,2,Sales Executive,3,Single,6397,10339,4,Y,Yes,12,4,4,80,0,8,2,3,5,4,1,3,Indeed
47,Current employee,Travel_Rarely,1001,Research & Development,4,3,Life Sciences,1,9100,132555,2,Female,62,4,2,Sales Executive,3,Single,6397,10339,5,Y,Yes,12,3,4,80,0,8,2,3,5,4,1,3,Indeed
47,Current employee,Travel_Rarely,1001,Research & Development,4,3,Life Sciences,1,9103,132558,2,Female,62,4,2,Sales Executive,3,Single,6397,10339,5,Y,Yes,12,3,4,80,0,8,2,3,5,4,1,3,Indeed
47,Current employee,Travel_Rarely,207,Research & Development,9,4,Life Sciences,1,9192,132647,3,Female,62,3,2,Healthcare Representative,3,Married,4335,25549,4,Y,No,12,3,1,80,1,11,3,2,8,7,1,1,LinkedIn
47,Current employee,Travel_Rarely,207,Research & Development,9,4,Medical,1,9193,132648,3,Female,62,3,2,Healthcare Representative,3,Married,4335,25549,0,Y,No,12,4,1,80,1,11,3,2,8,7,1,1,LinkedIn
47,Current employee,Travel_Rarely,207,Research & Development,9,4,Life Sciences,1,9197,132652,3,Female,62,3,2,Healthcare Representative,3,Married,4335,25549,4,Y,No,12,3,1,80,1,11,3,2,8,7,1,1,LinkedIn
47,Current employee,Travel_Rarely,207,Research & Development,9,4,Medical,1,9198,132653,3,Female,62,3,2,Healthcare Representative,3,Married,4335,25549,0,Y,No,12,3,1,80,1,11,3,2,8,7,1,1,LinkedIn
47,Current employee,Travel_Rarely,207,Research & Development,9,4,Life Sciences,1,9200,132655,3,Female,62,3,2,Healthcare Representative,3,Married,4335,25549,4,Y,No,12,3,1,80,1,11,3,2,8,7,1,1,LinkedIn
47,Current employee,Travel_Rarely,207,Research & Development,9,4,Medical,1,9201,132656,3,Female,62,3,2,Healthcare Representative,3,Married,4335,25549,0,Y,No,12,4,1,80,1,11,3,2,8,7,1,1,LinkedIn
47,Current employee,Travel_Rarely,207,Research & Development,9,4,Medical,1,9205,132660,3,Female,62,3,2,Healthcare Representative,3,Married,4335,25549,0,Y,No,12,3,1,80,1,11,3,2,8,7,1,1,LinkedIn
47,Current employee,Travel_Rarely,202,Research & Development,2,2,Other,1,9508,132963,3,Female,33,3,4,Manager,4,Married,16752,12982,1,Y,Yes,11,4,3,80,1,26,3,2,26,14,3,0,Referral
47,Current employee,Travel_Rarely,202,Research & Development,2,2,Life Sciences,1,9510,132965,3,Female,33,3,4,Manager,4,Married,16752,12982,1,Y,Yes,11,3,3,80,1,26,3,2,26,14,3,0,Referral
47,Current employee,Travel_Rarely,202,Research & Development,2,2,Other,1,9512,132967,3,Female,33,3,4,Manager,4,Married,16752,12982,1,Y,Yes,11,3,3,80,1,26,3,2,26,14,3,0,Referral
47,Current employee,Travel_Rarely,202,Research & Development,2,2,Life Sciences,1,9513,132968,3,Female,33,3,4,Manager,4,Married,16752,12982,1,Y,Yes,11,3,3,80,1,26,3,2,26,14,3,0,Referral
47,Current employee,Travel_Rarely,202,Research & Development,2,2,Other,1,9516,132971,3,Female,33,3,4,Manager,4,Married,16752,12982,1,Y,Yes,11,4,3,80,1,26,3,2,26,14,3,0,Referral
47,Current employee,Travel_Rarely,202,Research & Development,2,2,Life Sciences,1,9518,132973,3,Female,33,3,4,Manager,4,Married,16752,12982,1,Y,Yes,11,3,3,80,1,26,3,2,26,14,3,0,Referral
47,Current employee,Travel_Rarely,202,Research & Development,2,2,Other,1,9520,132975,3,Female,33,3,4,Manager,4,Married,16752,12982,1,Y,Yes,11,3,3,80,1,26,3,2,26,14,3,0,Referral
47,Current employee,Travel_Rarely,202,Research & Development,2,2,Life Sciences,1,9521,132976,3,Female,33,3,4,Manager,4,Married,16752,12982,1,Y,Yes,11,3,3,80,1,26,3,2,26,14,3,0,Referral
47,Current employee,Travel_Rarely,249,Sales,2,2,Marketing,1,10445,133900,3,Female,35,3,2,Sales Executive,4,Married,4537,17783,0,Y,Yes,22,4,1,80,1,8,2,3,7,6,7,7,Jora
47,Current employee,Travel_Rarely,249,Sales,2,2,Life Sciences,1,10447,133902,3,Female,35,3,2,Sales Executive,4,Married,4537,17783,4,Y,Yes,22,3,1,80,1,8,2,3,7,6,7,7,Jora
47,Current employee,Travel_Rarely,249,Sales,2,2,Marketing,1,10451,133906,3,Female,35,3,2,Sales Executive,4,Married,4537,17783,0,Y,Yes,22,4,1,80,1,8,2,3,7,6,7,7,Jora
47,Current employee,Travel_Rarely,249,Sales,2,2,Life Sciences,1,10452,133907,3,Female,35,3,2,Sales Executive,4,Married,4537,17783,4,Y,Yes,22,4,1,80,1,8,2,3,7,6,7,7,Jora
47,Current employee,Travel_Rarely,249,Sales,2,2,Marketing,1,10453,133908,3,Female,35,3,2,Sales Executive,4,Married,4537,17783,0,Y,Yes,22,4,1,80,1,8,2,3,7,6,7,7,Jora
47,Current employee,Travel_Rarely,249,Sales,2,2,Life Sciences,1,10455,133910,3,Female,35,3,2,Sales Executive,4,Married,4537,17783,4,Y,Yes,22,3,1,80,1,8,2,3,7,6,7,7,Jora
47,Current employee,Travel_Rarely,249,Sales,2,2,Marketing,1,10459,133914,3,Female,35,3,2,Sales Executive,4,Married,4537,17783,0,Y,Yes,22,4,1,80,1,8,2,3,7,6,7,7,Jora
47,Current employee,Travel_Rarely,249,Sales,2,2,Life Sciences,1,10460,133915,3,Female,35,3,2,Sales Executive,4,Married,4537,17783,4,Y,Yes,22,4,1,80,1,8,2,3,7,6,7,7,Jora
47,Current employee,Travel_Rarely,1454,Sales,2,4,Life Sciences,1,10680,134135,4,Female,65,2,1,Sales Representative,4,Single,3294,13137,1,Y,Yes,18,3,1,80,0,3,3,2,3,2,1,2,Company Website
47,Current employee,Travel_Rarely,1454,Sales,2,4,Life Sciences,1,10682,134137,4,Female,65,2,1,Sales Representative,4,Single,3294,13137,8,Y,Yes,18,3,1,80,0,3,3,2,3,2,1,2,Company Website
47,Current employee,Travel_Rarely,1454,Sales,2,4,Life Sciences,1,10686,134141,4,Female,65,2,1,Sales Representative,4,Single,3294,13137,1,Y,Yes,18,3,1,80,0,3,3,2,3,2,1,2,Company Website
47,Current employee,Travel_Rarely,1454,Sales,2,4,Life Sciences,1,10687,134142,4,Female,65,2,1,Sales Representative,4,Single,3294,13137,8,Y,Yes,18,3,1,80,0,3,3,2,3,2,1,2,Company Website
47,Current employee,Travel_Rarely,1454,Sales,2,4,Life Sciences,1,10688,134143,4,Female,65,2,1,Sales Representative,4,Single,3294,13137,1,Y,Yes,18,3,1,80,0,3,3,2,3,2,1,2,Company Website
47,Current employee,Travel_Rarely,1454,Sales,2,4,Life Sciences,1,10691,134146,4,Female,65,2,1,Sales Representative,4,Single,3294,13137,8,Y,Yes,18,3,1,80,0,3,3,2,3,2,1,2,Company Website
47,Current employee,Travel_Rarely,1454,Sales,2,4,Life Sciences,1,10695,134150,4,Female,65,2,1,Sales Representative,4,Single,3294,13137,1,Y,Yes,18,3,1,80,0,3,3,2,3,2,1,2,Company Website
47,Current employee,Travel_Rarely,1454,Sales,2,4,Life Sciences,1,10696,134151,4,Female,65,2,1,Sales Representative,4,Single,3294,13137,8,Y,Yes,18,3,1,80,0,3,3,2,3,2,1,2,Company Website
47,Current employee,Travel_Rarely,703,Sales,14,4,Marketing,1,11164,134619,3,Male,67,2,3,Sales Executive,3,Married,10609,14922,5,Y,No,11,3,3,80,0,17,2,1,14,1,11,7,GlassDoor
47,Current employee,Travel_Rarely,703,Sales,14,4,Medical,1,11166,134621,3,Male,67,2,3,Sales Executive,3,Married,10609,14922,7,Y,No,11,4,3,80,0,17,2,1,14,1,11,7,GlassDoor
47,Current employee,Travel_Rarely,703,Sales,14,4,Marketing,1,11169,134624,3,Male,67,2,3,Sales Executive,3,Married,10609,14922,5,Y,No,11,3,3,80,0,17,2,1,14,1,11,7,GlassDoor
47,Current employee,Travel_Rarely,703,Sales,14,4,Medical,1,11170,134625,3,Male,67,2,3,Sales Executive,3,Married,10609,14922,7,Y,No,11,3,3,80,0,17,2,1,14,1,11,7,GlassDoor
47,Current employee,Travel_Rarely,703,Sales,14,4,Marketing,1,11172,134627,3,Male,67,2,3,Sales Executive,3,Married,10609,14922,5,Y,No,11,3,3,80,0,17,2,1,14,1,11,7,GlassDoor
47,Current employee,Travel_Rarely,703,Sales,14,4,Medical,1,11174,134629,3,Male,67,2,3,Sales Executive,3,Married,10609,14922,7,Y,No,11,4,3,80,0,17,2,1,14,1,11,7,GlassDoor
47,Current employee,Travel_Rarely,703,Sales,14,4,Medical,1,11177,134632,3,Male,67,2,3,Sales Executive,3,Married,10609,14922,7,Y,No,11,3,3,80,0,17,2,1,14,1,11,7,GlassDoor
47,Current employee,Travel_Frequently,1379,Research & Development,16,4,Medical,1,11351,134806,3,Male,64,4,2,Manufacturing Director,3,Divorced,5067,6759,1,Y,Yes,19,4,3,80,0,20,3,4,19,10,2,7,Company Website
47,Current employee,Travel_Frequently,1379,Research & Development,16,4,Medical,1,11354,134809,3,Male,64,4,2,Manufacturing Director,3,Divorced,5067,6759,1,Y,Yes,19,3,3,80,0,20,3,4,19,10,2,7,Company Website
47,Current employee,Travel_Frequently,1379,Research & Development,16,4,Medical,1,11357,134812,3,Male,64,4,2,Manufacturing Director,3,Divorced,5067,6759,1,Y,Yes,19,3,3,80,0,20,3,4,19,10,2,7,Company Website
47,Current employee,Travel_Frequently,1379,Research & Development,16,4,Medical,1,11358,134813,3,Male,64,4,2,Manufacturing Director,3,Divorced,5067,6759,1,Y,Yes,19,3,3,80,0,20,3,4,19,10,2,7,Company Website
47,Current employee,Travel_Frequently,1379,Research & Development,16,4,Medical,1,11359,134814,3,Male,64,4,2,Manufacturing Director,3,Divorced,5067,6759,1,Y,Yes,19,4,3,80,0,20,3,4,19,10,2,7,Company Website
47,Current employee,Travel_Frequently,1379,Research & Development,16,4,Medical,1,11362,134817,3,Male,64,4,2,Manufacturing Director,3,Divorced,5067,6759,1,Y,Yes,19,3,3,80,0,20,3,4,19,10,2,7,Company Website
47,Current employee,Travel_Frequently,1379,Research & Development,16,4,Medical,1,11364,134819,3,Male,64,4,2,Manufacturing Director,3,Divorced,5067,6759,1,Y,Yes,19,3,3,80,0,20,3,4,19,10,2,7,Company Website
47,Current employee,Travel_Frequently,1379,Research & Development,16,4,Medical,1,11365,134820,3,Male,64,4,2,Manufacturing Director,3,Divorced,5067,6759,1,Y,Yes,19,3,3,80,0,20,3,4,19,10,2,7,Company Website
47,Current employee,Travel_Rarely,249,Sales,2,2,Marketing,1,11429,134884,3,Female,68,3,1,Research Scientist,4,Single,3452,17241,3,Y,No,18,4,1,80,0,5,4,3,3,2,0,2,Indeed
47,Current employee,Travel_Rarely,249,Sales,2,2,Life Sciences,1,11430,134885,3,Female,68,3,1,Research Scientist,4,Single,3452,17241,2,Y,No,18,3,1,80,0,5,4,3,3,2,0,2,Indeed
47,Current employee,Travel_Rarely,249,Sales,2,2,Marketing,1,11434,134889,3,Female,68,3,1,Research Scientist,4,Single,3452,17241,3,Y,No,18,3,1,80,0,5,4,3,3,2,0,2,Indeed
47,Current employee,Travel_Rarely,249,Sales,2,2,Life Sciences,1,11435,134890,3,Female,68,3,1,Research Scientist,4,Single,3452,17241,2,Y,No,18,3,1,80,0,5,4,3,3,2,0,2,Indeed
47,Current employee,Travel_Rarely,249,Sales,2,2,Marketing,1,11437,134892,3,Female,68,3,1,Research Scientist,4,Single,3452,17241,3,Y,No,18,4,1,80,0,5,4,3,3,2,0,2,Indeed
47,Current employee,Travel_Rarely,249,Sales,2,2,Life Sciences,1,11438,134893,3,Female,68,3,1,Research Scientist,4,Single,3452,17241,2,Y,No,18,3,1,80,0,5,4,3,3,2,0,2,Indeed
47,Current employee,Travel_Rarely,249,Sales,2,2,Life Sciences,1,11442,134897,3,Female,68,3,1,Research Scientist,4,Single,3452,17241,2,Y,No,18,3,1,80,0,5,4,3,3,2,0,2,Indeed
47,Current employee,Travel_Rarely,955,Sales,4,2,Life Sciences,1,11535,134990,4,Female,83,3,2,Sales Executive,4,Single,4163,8571,1,Y,Yes,17,4,3,80,0,9,0,3,9,0,0,7,Recruit.net
47,Current employee,Travel_Rarely,955,Sales,4,2,Life Sciences,1,11538,134993,4,Female,83,3,2,Sales Executive,4,Single,4163,8571,5,Y,Yes,17,3,3,80,0,9,0,3,9,0,0,7,Recruit.net
47,Current employee,Travel_Rarely,955,Sales,4,2,Life Sciences,1,11539,134994,4,Female,83,3,2,Sales Executive,4,Single,4163,8571,1,Y,Yes,17,3,3,80,0,9,0,3,9,0,0,7,Recruit.net
47,Current employee,Travel_Rarely,955,Sales,4,2,Life Sciences,1,11540,134995,4,Female,83,3,2,Sales Executive,4,Single,4163,8571,5,Y,Yes,17,3,3,80,0,9,0,3,9,0,0,7,Recruit.net
47,Current employee,Travel_Rarely,955,Sales,4,2,Life Sciences,1,11544,134999,4,Female,83,3,2,Sales Executive,4,Single,4163,8571,5,Y,Yes,17,3,3,80,0,9,0,3,9,0,0,7,Recruit.net
47,Current employee,Travel_Rarely,955,Sales,4,2,Life Sciences,1,11545,135000,4,Female,83,3,2,Sales Executive,4,Single,4163,8571,1,Y,Yes,17,3,3,80,0,9,0,3,9,0,0,7,Recruit.net
47,Current employee,Travel_Rarely,955,Sales,4,2,Life Sciences,1,11546,135001,4,Female,83,3,2,Sales Executive,4,Single,4163,8571,5,Y,Yes,17,3,3,80,0,9,0,3,9,0,0,7,Recruit.net
47,Current employee,Travel_Rarely,955,Sales,1,1,Life Sciences,1,11841,135296,4,Female,65,2,4,Manufacturing Director,4,Married,12742,7060,1,Y,Yes,11,3,4,80,0,13,2,3,13,12,11,9,GlassDoor
47,Current employee,Travel_Frequently,217,Sales,22,3,Other,1,12092,135547,4,Female,82,3,3,Manufacturing Director,1,Single,10880,5083,3,Y,No,11,3,3,80,3,7,6,2,3,2,1,2,Seek
47,Current employee,Non-Travel,543,Sales,2,4,Marketing,1,12175,135630,3,Male,71,3,1,Human Resources,2,Single,2177,8318,1,Y,No,16,4,1,80,0,6,3,3,6,3,0,4,Company Website
47,Current employee,Non-Travel,543,Sales,2,4,Life Sciences,1,12176,135631,3,Male,71,3,1,Human Resources,2,Single,2177,8318,0,Y,No,16,3,1,80,0,6,3,3,6,3,0,4,Company Website
47,Current employee,Non-Travel,543,Sales,2,4,Marketing,1,12180,135635,3,Male,71,3,1,Human Resources,2,Single,2177,8318,1,Y,No,16,3,1,80,0,6,3,3,6,3,0,4,Company Website
47,Current employee,Non-Travel,543,Sales,2,4,Life Sciences,1,12181,135636,3,Male,71,3,1,Human Resources,2,Single,2177,8318,0,Y,No,16,3,1,80,0,6,3,3,6,3,0,4,Company Website
47,Current employee,Non-Travel,543,Sales,2,4,Marketing,1,12183,135638,3,Male,71,3,1,Human Resources,2,Single,2177,8318,1,Y,No,16,4,1,80,0,6,3,3,6,3,0,4,Company Website
47,Current employee,Non-Travel,543,Sales,2,4,Life Sciences,1,12184,135639,3,Male,71,3,1,Human Resources,2,Single,2177,8318,0,Y,No,16,3,1,80,0,6,3,3,6,3,0,4,Company Website
47,Current employee,Non-Travel,543,Sales,2,4,Life Sciences,1,12188,135643,3,Male,71,3,1,Human Resources,2,Single,2177,8318,0,Y,No,16,3,1,80,0,6,3,3,6,3,0,4,Company Website
47,Current employee,Travel_Frequently,1309,Sales,4,1,Medical,1,14559,138014,3,Female,77,4,1,Research Scientist,4,Single,2994,21221,1,Y,Yes,12,3,4,80,0,1,2,3,1,0,0,1,Jora
47,Current employee,Travel_Frequently,1309,Sales,4,1,Life Sciences,1,14560,138015,3,Female,77,4,1,Research Scientist,4,Single,2994,21221,3,Y,Yes,12,3,4,80,0,1,2,3,1,0,0,1,Jora
47,Current employee,Travel_Frequently,1309,Sales,4,1,Medical,1,14564,138019,3,Female,77,4,1,Research Scientist,4,Single,2994,21221,1,Y,Yes,12,3,4,80,0,1,2,3,1,0,0,1,Jora
47,Current employee,Travel_Frequently,1309,Sales,4,1,Life Sciences,1,14565,138020,3,Female,77,4,1,Research Scientist,4,Single,2994,21221,3,Y,Yes,12,3,4,80,0,1,2,3,1,0,0,1,Jora
47,Current employee,Travel_Frequently,1309,Sales,4,1,Medical,1,14567,138022,3,Female,77,4,1,Research Scientist,4,Single,2994,21221,1,Y,Yes,12,3,4,80,0,1,2,3,1,0,0,1,Jora
47,Current employee,Travel_Frequently,1309,Sales,4,1,Life Sciences,1,14568,138023,3,Female,77,4,1,Research Scientist,4,Single,2994,21221,3,Y,Yes,12,3,4,80,0,1,2,3,1,0,0,1,Jora
47,Current employee,Travel_Frequently,1309,Sales,4,1,Life Sciences,1,14572,138027,3,Female,77,4,1,Research Scientist,4,Single,2994,21221,3,Y,Yes,12,3,4,80,0,1,2,3,1,0,0,1,Jora
47,Current employee,Travel_Rarely,983,Research & Development,2,2,Medical,1,14945,138400,3,Male,78,3,1,Research Scientist,1,Single,2080,4732,2,Y,No,11,3,2,80,0,5,2,2,3,2,1,2,Company Website
47,Current employee,Travel_Rarely,983,Research & Development,2,2,Life Sciences,1,14947,138402,3,Male,78,3,1,Research Scientist,1,Single,2080,4732,2,Y,No,11,3,2,80,0,5,2,2,3,2,1,2,Company Website
47,Current employee,Travel_Rarely,983,Research & Development,2,2,Medical,1,14950,138405,3,Male,78,3,1,Research Scientist,1,Single,2080,4732,2,Y,No,11,3,2,80,0,5,2,2,3,2,1,2,Company Website
47,Current employee,Travel_Rarely,983,Research & Development,2,2,Life Sciences,1,14951,138406,3,Male,78,3,1,Research Scientist,1,Single,2080,4732,2,Y,No,11,3,2,80,0,5,2,2,3,2,1,2,Company Website
47,Current employee,Travel_Rarely,983,Research & Development,2,2,Medical,1,14953,138408,3,Male,78,3,1,Research Scientist,1,Single,2080,4732,2,Y,No,11,3,2,80,0,5,2,2,3,2,1,2,Company Website
47,Current employee,Travel_Rarely,983,Research & Development,2,2,Life Sciences,1,14955,138410,3,Male,78,3,1,Research Scientist,1,Single,2080,4732,2,Y,No,11,3,2,80,0,5,2,2,3,2,1,2,Company Website
47,Current employee,Travel_Rarely,983,Research & Development,2,2,Life Sciences,1,14958,138413,3,Male,78,3,1,Research Scientist,1,Single,2080,4732,2,Y,No,11,3,2,80,0,5,2,2,3,2,1,2,Company Website
47,Current employee,Travel_Rarely,983,Research & Development,18,2,Medical,1,15221,138676,1,Male,32,3,2,Manufacturing Director,3,Single,4534,13352,2,Y,No,11,3,2,80,0,5,2,2,3,2,1,2,Company Website
47,Current employee,Travel_Frequently,217,Sales,3,3,Medical,1,15462,138917,3,Male,79,3,1,Laboratory Technician,4,Married,3669,9075,3,Y,No,11,3,3,80,3,7,6,2,3,2,1,2,Seek
47,Current employee,Travel_Frequently,217,Sales,3,3,Life Sciences,1,15463,138918,3,Male,79,3,1,Laboratory Technician,4,Married,3669,9075,1,Y,No,11,3,3,80,3,7,6,2,3,2,1,2,Seek
47,Current employee,Travel_Frequently,217,Sales,3,3,Medical,1,15467,138922,3,Male,79,3,1,Laboratory Technician,4,Married,3669,9075,3,Y,No,11,3,3,80,3,7,6,2,3,2,1,2,Seek
47,Current employee,Travel_Frequently,217,Sales,3,3,Life Sciences,1,15468,138923,3,Male,79,3,1,Laboratory Technician,4,Married,3669,9075,1,Y,No,11,3,3,80,3,7,6,2,3,2,1,2,Seek
47,Current employee,Travel_Frequently,217,Sales,3,3,Medical,1,15470,138925,3,Male,79,3,1,Laboratory Technician,4,Married,3669,9075,3,Y,No,11,3,3,80,3,7,6,2,3,2,1,2,Seek
47,Current employee,Travel_Frequently,217,Sales,3,3,Life Sciences,1,15471,138926,3,Male,79,3,1,Laboratory Technician,4,Married,3669,9075,1,Y,No,11,3,3,80,3,7,6,2,3,2,1,2,Seek
47,Current employee,Travel_Frequently,217,Sales,3,3,Life Sciences,1,15475,138930,3,Male,79,3,1,Laboratory Technician,4,Married,3669,9075,1,Y,No,11,3,3,80,3,7,6,2,3,2,1,2,Seek
47,Current employee,Travel_Frequently,1379,Research & Development,16,4,Medical,1,16247,139702,3,Male,82,3,1,Research Scientist,1,Divorced,2996,20284,5,Y,No,14,4,3,80,2,10,2,3,4,3,1,3,Recruit.net
47,Current employee,Travel_Frequently,1379,Research & Development,16,4,Medical,1,16249,139704,3,Male,82,3,1,Research Scientist,1,Divorced,2996,20284,3,Y,No,14,3,3,80,2,10,2,3,4,3,1,3,Recruit.net
47,Current employee,Travel_Frequently,1379,Research & Development,16,4,Medical,1,16252,139707,3,Male,82,3,1,Research Scientist,1,Divorced,2996,20284,5,Y,No,14,3,3,80,2,10,2,3,4,3,1,3,Recruit.net
47,Current employee,Travel_Frequently,1379,Research & Development,16,4,Medical,1,16253,139708,3,Male,82,3,1,Research Scientist,1,Divorced,2996,20284,3,Y,No,14,3,3,80,2,10,2,3,4,3,1,3,Recruit.net
47,Current employee,Travel_Frequently,1379,Research & Development,16,4,Medical,1,16255,139710,3,Male,82,3,1,Research Scientist,1,Divorced,2996,20284,5,Y,No,14,4,3,80,2,10,2,3,4,3,1,3,Recruit.net
47,Current employee,Travel_Frequently,1379,Research & Development,16,4,Medical,1,16257,139712,3,Male,82,3,1,Research Scientist,1,Divorced,2996,20284,3,Y,No,14,3,3,80,2,10,2,3,4,3,1,3,Recruit.net
47,Current employee,Travel_Frequently,1379,Research & Development,16,4,Medical,1,16260,139715,3,Male,82,3,1,Research Scientist,1,Divorced,2996,20284,5,Y,No,14,3,3,80,2,10,2,3,4,3,1,3,Recruit.net
47,Current employee,Travel_Frequently,1379,Research & Development,16,4,Medical,1,16261,139716,3,Male,82,3,1,Research Scientist,1,Divorced,2996,20284,3,Y,No,14,3,3,80,2,10,2,3,4,3,1,3,Recruit.net
47,Current employee,Travel_Rarely,465,Research & Development,1,3,Technical Degree,1,16325,139780,1,Male,74,3,1,Research Scientist,4,Married,3420,10205,7,Y,No,12,3,3,80,1,17,2,2,6,5,1,2,Company Website
47,Current employee,Travel_Rarely,465,Research & Development,1,3,Life Sciences,1,16327,139782,1,Male,74,3,1,Research Scientist,4,Married,3420,10205,2,Y,No,12,3,3,80,1,17,2,2,6,5,1,2,Company Website
47,Current employee,Travel_Rarely,465,Research & Development,1,3,Technical Degree,1,16331,139786,1,Male,74,3,1,Research Scientist,4,Married,3420,10205,7,Y,No,12,3,3,80,1,17,2,2,6,5,1,2,Company Website
47,Current employee,Travel_Rarely,465,Research & Development,1,3,Life Sciences,1,16332,139787,1,Male,74,3,1,Research Scientist,4,Married,3420,10205,2,Y,No,12,3,3,80,1,17,2,2,6,5,1,2,Company Website
47,Current employee,Travel_Rarely,465,Research & Development,1,3,Technical Degree,1,16333,139788,1,Male,74,3,1,Research Scientist,4,Married,3420,10205,7,Y,No,12,3,3,80,1,17,2,2,6,5,1,2,Company Website
47,Current employee,Travel_Rarely,465,Research & Development,1,3,Life Sciences,1,16335,139790,1,Male,74,3,1,Research Scientist,4,Married,3420,10205,2,Y,No,12,3,3,80,1,17,2,2,6,5,1,2,Company Website
47,Current employee,Travel_Rarely,465,Research & Development,1,3,Technical Degree,1,16339,139794,1,Male,74,3,1,Research Scientist,4,Married,3420,10205,7,Y,No,12,3,3,80,1,17,2,2,6,5,1,2,Company Website
47,Current employee,Travel_Rarely,465,Research & Development,1,3,Life Sciences,1,16340,139795,1,Male,74,3,1,Research Scientist,4,Married,3420,10205,2,Y,No,12,3,3,80,1,17,2,2,6,5,1,2,Company Website
47,Current employee,Travel_Rarely,359,Research & Development,2,4,Medical,1,16389,139844,1,Female,82,3,4,Research Director,3,Married,17169,26703,3,Y,No,19,3,2,80,2,26,2,4,20,17,5,6,Indeed
47,Current employee,Travel_Rarely,359,Research & Development,2,4,Life Sciences,1,16391,139846,1,Female,82,3,4,Research Director,3,Married,17169,26703,1,Y,No,19,3,2,80,2,26,2,4,20,17,5,6,Indeed
47,Current employee,Travel_Rarely,359,Research & Development,2,4,Medical,1,16395,139850,1,Female,82,3,4,Research Director,3,Married,17169,26703,3,Y,No,19,3,2,80,2,26,2,4,20,17,5,6,Indeed
47,Current employee,Travel_Rarely,359,Research & Development,2,4,Life Sciences,1,16396,139851,1,Female,82,3,4,Research Director,3,Married,17169,26703,1,Y,No,19,3,2,80,2,26,2,4,20,17,5,6,Indeed
47,Current employee,Travel_Rarely,359,Research & Development,2,4,Medical,1,16397,139852,1,Female,82,3,4,Research Director,3,Married,17169,26703,3,Y,No,19,3,2,80,2,26,2,4,20,17,5,6,Indeed
47,Current employee,Travel_Rarely,359,Research & Development,2,4,Life Sciences,1,16399,139854,1,Female,82,3,4,Research Director,3,Married,17169,26703,1,Y,No,19,3,2,80,2,26,2,4,20,17,5,6,Indeed
47,Current employee,Travel_Rarely,359,Research & Development,2,4,Medical,1,16403,139858,1,Female,82,3,4,Research Director,3,Married,17169,26703,3,Y,No,19,3,2,80,2,26,2,4,20,17,5,6,Indeed
47,Current employee,Travel_Rarely,359,Research & Development,2,4,Life Sciences,1,16404,139859,1,Female,82,3,4,Research Director,3,Married,17169,26703,1,Y,No,19,3,2,80,2,26,2,4,20,17,5,6,Indeed
47,Current employee,Travel_Rarely,571,Sales,14,3,Medical,1,17078,140533,3,Female,78,3,2,Sales Executive,3,Married,4591,24200,3,Y,Yes,17,4,3,80,1,11,4,2,5,4,1,2,Company Website
47,Current employee,Travel_Rarely,571,Sales,14,3,Medical,1,17081,140536,3,Female,78,3,2,Sales Executive,3,Married,4591,24200,7,Y,Yes,17,3,3,80,1,11,4,2,5,4,1,2,Company Website
47,Current employee,Travel_Rarely,571,Sales,14,3,Medical,1,17084,140539,3,Female,78,3,2,Sales Executive,3,Married,4591,24200,3,Y,Yes,17,3,3,80,1,11,4,2,5,4,1,2,Company Website
47,Current employee,Travel_Rarely,571,Sales,14,3,Medical,1,17085,140540,3,Female,78,3,2,Sales Executive,3,Married,4591,24200,7,Y,Yes,17,3,3,80,1,11,4,2,5,4,1,2,Company Website
47,Current employee,Travel_Rarely,571,Sales,14,3,Medical,1,17086,140541,3,Female,78,3,2,Sales Executive,3,Married,4591,24200,3,Y,Yes,17,4,3,80,1,11,4,2,5,4,1,2,Company Website
47,Current employee,Travel_Rarely,571,Sales,14,3,Medical,1,17089,140544,3,Female,78,3,2,Sales Executive,3,Married,4591,24200,7,Y,Yes,17,3,3,80,1,11,4,2,5,4,1,2,Company Website
47,Current employee,Travel_Rarely,571,Sales,14,3,Medical,1,17091,140546,3,Female,78,3,2,Sales Executive,3,Married,4591,24200,3,Y,Yes,17,3,3,80,1,11,4,2,5,4,1,2,Company Website
47,Current employee,Travel_Rarely,571,Sales,14,3,Medical,1,17092,140547,3,Female,78,3,2,Sales Executive,3,Married,4591,24200,7,Y,Yes,17,3,3,80,1,11,4,2,5,4,1,2,Company Website
47,Current employee,Travel_Rarely,207,Research & Development,6,3,Marketing,1,17285,140740,2,Female,32,3,3,Manufacturing Director,2,Single,8376,9150,4,Y,No,12,3,1,80,1,11,3,2,8,7,1,1,LinkedIn
47,Current employee,Travel_Rarely,359,Research & Development,2,4,Medical,1,17764,141219,4,Female,85,3,1,Laboratory Technician,1,Divorced,2074,26619,1,Y,Yes,12,3,4,80,1,1,2,3,1,0,0,0,Company Website
47,Current employee,Travel_Rarely,359,Research & Development,2,4,Life Sciences,1,17766,141221,4,Female,85,3,1,Laboratory Technician,1,Divorced,2074,26619,1,Y,Yes,12,3,4,80,1,1,2,3,1,0,0,0,Company Website
47,Current employee,Travel_Rarely,359,Research & Development,2,4,Medical,1,17769,141224,4,Female,85,3,1,Laboratory Technician,1,Divorced,2074,26619,1,Y,Yes,12,3,4,80,1,1,2,3,1,0,0,0,Company Website
47,Current employee,Travel_Rarely,359,Research & Development,2,4,Life Sciences,1,17770,141225,4,Female,85,3,1,Laboratory Technician,1,Divorced,2074,26619,1,Y,Yes,12,3,4,80,1,1,2,3,1,0,0,0,Company Website
47,Current employee,Travel_Rarely,359,Research & Development,2,4,Life Sciences,1,17773,141228,4,Female,85,3,1,Laboratory Technician,1,Divorced,2074,26619,1,Y,Yes,12,3,4,80,1,1,2,3,1,0,0,0,Company Website
47,Current employee,Travel_Rarely,359,Research & Development,2,4,Medical,1,17776,141231,4,Female,85,3,1,Laboratory Technician,1,Divorced,2074,26619,1,Y,Yes,12,3,4,80,1,1,2,3,1,0,0,0,Company Website
47,Current employee,Travel_Rarely,359,Research & Development,2,4,Life Sciences,1,17777,141232,4,Female,85,3,1,Laboratory Technician,1,Divorced,2074,26619,1,Y,Yes,12,3,4,80,1,1,2,3,1,0,0,0,Company Website
47,Current employee,Travel_Rarely,571,Sales,14,3,Medical,1,18002,141457,4,Male,86,3,5,Manager,3,Married,19331,19519,4,Y,Yes,16,3,3,80,1,27,2,3,1,0,0,0,Company Website
47,Current employee,Travel_Rarely,571,Sales,14,3,Medical,1,18004,141459,4,Male,86,3,5,Manager,3,Married,19331,19519,1,Y,Yes,16,3,3,80,1,27,2,3,1,0,0,0,Company Website
47,Current employee,Travel_Rarely,571,Sales,14,3,Medical,1,18005,141460,4,Male,86,3,5,Manager,3,Married,19331,19519,4,Y,Yes,16,3,3,80,1,27,2,3,1,0,0,0,Company Website
47,Current employee,Travel_Rarely,571,Sales,14,3,Medical,1,18006,141461,4,Male,86,3,5,Manager,3,Married,19331,19519,1,Y,Yes,16,3,3,80,1,27,2,3,1,0,0,0,Company Website
47,Current employee,Travel_Rarely,571,Sales,14,3,Medical,1,18010,141465,4,Male,86,3,5,Manager,3,Married,19331,19519,4,Y,Yes,16,3,3,80,1,27,2,3,1,0,0,0,Company Website
47,Current employee,Travel_Rarely,571,Sales,14,3,Medical,1,18012,141467,4,Male,86,3,5,Manager,3,Married,19331,19519,1,Y,Yes,16,3,3,80,1,27,2,3,1,0,0,0,Company Website
47,Current employee,Travel_Rarely,571,Sales,14,3,Medical,1,18013,141468,4,Male,86,3,5,Manager,3,Married,19331,19519,4,Y,Yes,16,3,3,80,1,27,2,3,1,0,0,0,Company Website
47,Current employee,Travel_Rarely,571,Sales,14,3,Medical,1,18014,141469,4,Male,86,3,5,Manager,3,Married,19331,19519,1,Y,Yes,16,3,3,80,1,27,2,3,1,0,0,0,Company Website
47,Current employee,Travel_Rarely,249,Sales,10,5,Medical,1,18355,141810,2,Male,76,3,2,Manufacturing Director,1,Married,5377,3835,3,Y,No,18,3,1,80,0,5,4,3,3,2,0,2,Indeed
47,Current employee,Travel_Rarely,1176,Human Resources,26,4,Life Sciences,1,18441,141896,4,Female,98,3,5,Manager,3,Married,19658,5220,3,Y,No,11,3,3,80,1,27,2,3,5,2,1,0,Jora
47,Current employee,Travel_Rarely,1176,Human Resources,26,4,Technical Degree,1,18444,141899,4,Female,98,3,5,Manager,3,Married,19658,5220,1,Y,No,11,3,3,80,1,27,2,3,5,2,1,0,Jora
47,Current employee,Travel_Rarely,1176,Human Resources,26,4,Life Sciences,1,18447,141902,4,Female,98,3,5,Manager,3,Married,19658,5220,3,Y,No,11,3,3,80,1,27,2,3,5,2,1,0,Jora
47,Current employee,Travel_Rarely,1176,Human Resources,26,4,Technical Degree,1,18448,141903,4,Female,98,3,5,Manager,3,Married,19658,5220,1,Y,No,11,3,3,80,1,27,2,3,5,2,1,0,Jora
47,Current employee,Travel_Rarely,1176,Human Resources,26,4,Life Sciences,1,18449,141904,4,Female,98,3,5,Manager,3,Married,19658,5220,3,Y,No,11,3,3,80,1,27,2,3,5,2,1,0,Jora
47,Current employee,Travel_Rarely,1176,Human Resources,26,4,Technical Degree,1,18452,141907,4,Female,98,3,5,Manager,3,Married,19658,5220,1,Y,No,11,3,3,80,1,27,2,3,5,2,1,0,Jora
47,Current employee,Travel_Rarely,1176,Human Resources,26,4,Life Sciences,1,18455,141910,4,Female,98,3,5,Manager,3,Married,19658,5220,3,Y,No,11,3,3,80,1,27,2,3,5,2,1,0,Jora
47,Current employee,Travel_Rarely,1176,Human Resources,26,4,Technical Degree,1,18456,141911,4,Female,98,3,5,Manager,3,Married,19658,5220,1,Y,No,11,3,3,80,1,27,2,3,5,2,1,0,Jora
47,Current employee,Travel_Rarely,1001,Research & Development,4,3,Life Sciences,1,18542,141997,1,Female,81,3,2,Manufacturing Director,3,Single,5042,3140,4,Y,Yes,12,3,4,80,0,8,2,3,5,4,1,3,Indeed
47,Current employee,Travel_Frequently,1309,Sales,12,3,Medical,1,18581,142036,4,Female,87,2,3,Manufacturing Director,3,Married,7756,14199,1,Y,Yes,12,3,4,80,0,1,2,3,1,0,0,1,Jora
47,Current employee,Non-Travel,543,Sales,12,3,Medical,1,18806,142261,4,Male,66,3,2,Manufacturing Director,2,Married,5295,7693,1,Y,No,16,3,1,80,0,6,3,3,6,3,0,4,Company Website
47,Current employee,Travel_Rarely,1225,Sales,2,4,Life Sciences,1,19098,142553,2,Female,47,4,4,Manager,2,Divorced,15972,21086,6,Y,No,14,3,3,80,3,29,2,3,3,2,1,2,Company Website
47,Current employee,Travel_Rarely,1225,Sales,2,4,Life Sciences,1,19101,142556,2,Female,47,4,4,Manager,2,Divorced,15972,21086,1,Y,No,14,3,3,80,3,29,2,3,3,2,1,2,Company Website
47,Current employee,Travel_Rarely,1225,Sales,2,4,Life Sciences,1,19102,142557,2,Female,47,4,4,Manager,2,Divorced,15972,21086,6,Y,No,14,3,3,80,3,29,2,3,3,2,1,2,Company Website
47,Current employee,Travel_Rarely,1225,Sales,2,4,Life Sciences,1,19103,142558,2,Female,47,4,4,Manager,2,Divorced,15972,21086,1,Y,No,14,3,3,80,3,29,2,3,3,2,1,2,Company Website
47,Current employee,Travel_Rarely,1225,Sales,2,4,Life Sciences,1,19105,142560,2,Female,47,4,4,Manager,2,Divorced,15972,21086,6,Y,No,14,3,3,80,3,29,2,3,3,2,1,2,Company Website
47,Current employee,Travel_Rarely,1225,Sales,2,4,Life Sciences,1,19108,142563,2,Female,47,4,4,Manager,2,Divorced,15972,21086,1,Y,No,14,3,3,80,3,29,2,3,3,2,1,2,Company Website
47,Current employee,Travel_Rarely,1225,Sales,2,4,Life Sciences,1,19109,142564,2,Female,47,4,4,Manager,2,Divorced,15972,21086,6,Y,No,14,3,3,80,3,29,2,3,3,2,1,2,Company Website
47,Current employee,Travel_Rarely,1225,Sales,2,4,Life Sciences,1,19110,142565,2,Female,47,4,4,Manager,2,Divorced,15972,21086,1,Y,No,14,3,3,80,3,29,2,3,3,2,1,2,Company Website
47,Current employee,Non-Travel,543,Sales,2,4,Marketing,1,19730,143185,3,Male,87,3,2,Sales Executive,2,Married,4978,3536,7,Y,No,11,4,4,80,1,4,3,1,1,0,0,0,Jora
47,Current employee,Non-Travel,543,Sales,2,4,Life Sciences,1,19732,143187,3,Male,87,3,2,Sales Executive,2,Married,4978,3536,4,Y,No,11,3,4,80,1,4,3,1,1,0,0,0,Jora
47,Current employee,Non-Travel,543,Sales,2,4,Marketing,1,19736,143191,3,Male,87,3,2,Sales Executive,2,Married,4978,3536,7,Y,No,11,3,4,80,1,4,3,1,1,0,0,0,Jora
47,Current employee,Non-Travel,543,Sales,2,4,Life Sciences,1,19737,143192,3,Male,87,3,2,Sales Executive,2,Married,4978,3536,4,Y,No,11,3,4,80,1,4,3,1,1,0,0,0,Jora
47,Current employee,Non-Travel,543,Sales,2,4,Marketing,1,19738,143193,3,Male,87,3,2,Sales Executive,2,Married,4978,3536,7,Y,No,11,4,4,80,1,4,3,1,1,0,0,0,Jora
47,Current employee,Non-Travel,543,Sales,2,4,Life Sciences,1,19740,143195,3,Male,87,3,2,Sales Executive,2,Married,4978,3536,4,Y,No,11,3,4,80,1,4,3,1,1,0,0,0,Jora
47,Current employee,Non-Travel,543,Sales,2,4,Marketing,1,19744,143199,3,Male,87,3,2,Sales Executive,2,Married,4978,3536,7,Y,No,11,3,4,80,1,4,3,1,1,0,0,0,Jora
47,Current employee,Non-Travel,543,Sales,2,4,Life Sciences,1,19745,143200,3,Male,87,3,2,Sales Executive,2,Married,4978,3536,4,Y,No,11,3,4,80,1,4,3,1,1,0,0,0,Jora
47,Current employee,Travel_Rarely,1180,Research & Development,25,3,Medical,1,19779,143234,4,Male,91,1,2,Sales Executive,2,Single,6735,12147,6,Y,No,15,3,2,80,0,10,2,3,0,0,0,0,Seek
47,Current employee,Travel_Rarely,1180,Research & Development,25,3,Technical Degree,1,19781,143236,4,Male,91,1,2,Sales Executive,2,Single,6735,12147,7,Y,No,15,3,2,80,0,10,2,3,0,0,0,0,Seek
47,Current employee,Travel_Rarely,1180,Research & Development,25,3,Medical,1,19784,143239,4,Male,91,1,2,Sales Executive,2,Single,6735,12147,6,Y,No,15,3,2,80,0,10,2,3,0,0,0,0,Seek
47,Current employee,Travel_Rarely,1180,Research & Development,25,3,Technical Degree,1,19785,143240,4,Male,91,1,2,Sales Executive,2,Single,6735,12147,7,Y,No,15,3,2,80,0,10,2,3,0,0,0,0,Seek
47,Current employee,Travel_Rarely,1180,Research & Development,25,3,Medical,1,19787,143242,4,Male,91,1,2,Sales Executive,2,Single,6735,12147,6,Y,No,15,3,2,80,0,10,2,3,0,0,0,0,Seek
47,Current employee,Travel_Rarely,1180,Research & Development,25,3,Technical Degree,1,19789,143244,4,Male,91,1,2,Sales Executive,2,Single,6735,12147,7,Y,No,15,3,2,80,0,10,2,3,0,0,0,0,Seek
47,Current employee,Travel_Rarely,1180,Research & Development,25,3,Medical,1,19792,143247,4,Male,91,1,2,Sales Executive,2,Single,6735,12147,6,Y,No,15,3,2,80,0,10,2,3,0,0,0,0,Seek
47,Current employee,Travel_Rarely,1180,Research & Development,25,3,Technical Degree,1,19793,143248,4,Male,91,1,2,Sales Executive,2,Single,6735,12147,7,Y,No,15,3,2,80,0,10,2,3,0,0,0,0,Seek
47,Current employee,Non-Travel,1162,Research & Development,1,1,Medical,1,19811,143266,4,Female,91,3,2,Manufacturing Director,4,Single,5238,6670,2,Y,No,20,3,4,80,0,9,3,2,5,4,1,4,Company Website
47,Current employee,Non-Travel,1162,Research & Development,1,1,Life Sciences,1,19812,143267,4,Female,91,3,2,Manufacturing Director,4,Single,5238,6670,1,Y,No,20,3,4,80,0,9,3,2,5,4,1,4,Company Website
47,Current employee,Non-Travel,1162,Research & Development,1,1,Medical,1,19816,143271,4,Female,91,3,2,Manufacturing Director,4,Single,5238,6670,2,Y,No,20,4,4,80,0,9,3,2,5,4,1,4,Company Website
47,Current employee,Non-Travel,1162,Research & Development,1,1,Life Sciences,1,19817,143272,4,Female,91,3,2,Manufacturing Director,4,Single,5238,6670,1,Y,No,20,4,4,80,0,9,3,2,5,4,1,4,Company Website
47,Current employee,Non-Travel,1162,Research & Development,1,1,Medical,1,19819,143274,4,Female,91,3,2,Manufacturing Director,4,Single,5238,6670,2,Y,No,20,3,4,80,0,9,3,2,5,4,1,4,Company Website
47,Current employee,Non-Travel,1162,Research & Development,1,1,Life Sciences,1,19820,143275,4,Female,91,3,2,Manufacturing Director,4,Single,5238,6670,1,Y,No,20,3,4,80,0,9,3,2,5,4,1,4,Company Website
47,Current employee,Non-Travel,1162,Research & Development,1,1,Medical,1,19824,143279,4,Female,91,3,2,Manufacturing Director,4,Single,5238,6670,2,Y,No,20,4,4,80,0,9,3,2,5,4,1,4,Company Website
47,Current employee,Non-Travel,1162,Research & Development,1,1,Life Sciences,1,19825,143280,4,Female,91,3,2,Manufacturing Director,4,Single,5238,6670,1,Y,No,20,4,4,80,0,9,3,2,5,4,1,4,Company Website
47,Current employee,Travel_Rarely,202,Research & Development,2,2,Other,1,20556,144011,4,Female,93,3,1,Laboratory Technician,1,Married,3377,25605,4,Y,No,17,3,4,80,1,7,5,2,4,3,0,2,Company Website
47,Current employee,Travel_Rarely,202,Research & Development,2,2,Life Sciences,1,20558,144013,4,Female,93,3,1,Laboratory Technician,1,Married,3377,25605,1,Y,No,17,3,4,80,1,7,5,2,4,3,0,2,Company Website
47,Current employee,Travel_Rarely,202,Research & Development,2,2,Other,1,20561,144016,4,Female,93,3,1,Laboratory Technician,1,Married,3377,25605,4,Y,No,17,3,4,80,1,7,5,2,4,3,0,2,Company Website
47,Current employee,Travel_Rarely,202,Research & Development,2,2,Life Sciences,1,20562,144017,4,Female,93,3,1,Laboratory Technician,1,Married,3377,25605,1,Y,No,17,3,4,80,1,7,5,2,4,3,0,2,Company Website
47,Current employee,Travel_Rarely,202,Research & Development,2,2,Other,1,20564,144019,4,Female,93,3,1,Laboratory Technician,1,Married,3377,25605,4,Y,No,17,3,4,80,1,7,5,2,4,3,0,2,Company Website
47,Current employee,Travel_Rarely,202,Research & Development,2,2,Life Sciences,1,20566,144021,4,Female,93,3,1,Laboratory Technician,1,Married,3377,25605,1,Y,No,17,3,4,80,1,7,5,2,4,3,0,2,Company Website
47,Current employee,Travel_Rarely,202,Research & Development,2,2,Other,1,20569,144024,4,Female,93,3,1,Laboratory Technician,1,Married,3377,25605,4,Y,No,17,3,4,80,1,7,5,2,4,3,0,2,Company Website
47,Current employee,Travel_Rarely,202,Research & Development,2,2,Life Sciences,1,20570,144025,4,Female,93,3,1,Laboratory Technician,1,Married,3377,25605,1,Y,No,17,3,4,80,1,7,5,2,4,3,0,2,Company Website
47,Current employee,Travel_Rarely,1001,Research & Development,4,3,Life Sciences,1,20827,144282,3,Female,92,2,3,Manufacturing Director,2,Divorced,10333,19271,8,Y,Yes,12,3,3,80,1,28,4,3,22,11,14,10,Jora
47,Current employee,Travel_Rarely,1001,Research & Development,4,3,Life Sciences,1,20829,144284,3,Female,92,2,3,Manufacturing Director,2,Divorced,10333,19271,1,Y,Yes,12,3,3,80,1,28,4,3,22,11,14,10,Jora
47,Current employee,Travel_Rarely,1001,Research & Development,4,3,Life Sciences,1,20833,144288,3,Female,92,2,3,Manufacturing Director,2,Divorced,10333,19271,8,Y,Yes,12,3,3,80,1,28,4,3,22,11,14,10,Jora
47,Current employee,Travel_Rarely,1001,Research & Development,4,3,Life Sciences,1,20834,144289,3,Female,92,2,3,Manufacturing Director,2,Divorced,10333,19271,1,Y,Yes,12,3,3,80,1,28,4,3,22,11,14,10,Jora
47,Current employee,Travel_Rarely,1001,Research & Development,4,3,Life Sciences,1,20835,144290,3,Female,92,2,3,Manufacturing Director,2,Divorced,10333,19271,8,Y,Yes,12,3,3,80,1,28,4,3,22,11,14,10,Jora
47,Current employee,Travel_Rarely,1001,Research & Development,4,3,Life Sciences,1,20837,144292,3,Female,92,2,3,Manufacturing Director,2,Divorced,10333,19271,1,Y,Yes,12,3,3,80,1,28,4,3,22,11,14,10,Jora
47,Current employee,Travel_Rarely,1001,Research & Development,4,3,Life Sciences,1,20841,144296,3,Female,92,2,3,Manufacturing Director,2,Divorced,10333,19271,8,Y,Yes,12,3,3,80,1,28,4,3,22,11,14,10,Jora
47,Current employee,Travel_Rarely,1001,Research & Development,4,3,Life Sciences,1,20308,144297,3,Female,92,2,3,Manufacturing Director,2,Divorced,10333,19271,1,Y,Yes,12,3,3,80,1,28,4,3,22,11,14,10,Jora
47,Current employee,Travel_Rarely,207,Research & Development,9,4,Life Sciences,1,21114,144569,2,Female,64,3,1,Laboratory Technician,3,Single,2105,5411,4,Y,No,12,3,3,80,0,7,2,3,2,2,2,0,Jora
47,Current employee,Travel_Rarely,207,Research & Development,9,4,Medical,1,21116,144571,2,Female,64,3,1,Laboratory Technician,3,Single,2105,5411,1,Y,No,12,3,3,80,0,7,2,3,2,2,2,0,Jora
47,Current employee,Travel_Rarely,207,Research & Development,9,4,Life Sciences,1,21120,144575,2,Female,64,3,1,Laboratory Technician,3,Single,2105,5411,4,Y,No,12,3,3,80,0,7,2,3,2,2,2,0,Jora
47,Current employee,Travel_Rarely,207,Research & Development,9,4,Medical,1,21121,144576,2,Female,64,3,1,Laboratory Technician,3,Single,2105,5411,1,Y,No,12,3,3,80,0,7,2,3,2,2,2,0,Jora
47,Current employee,Travel_Rarely,207,Research & Development,9,4,Life Sciences,1,21122,144577,2,Female,64,3,1,Laboratory Technician,3,Single,2105,5411,4,Y,No,12,3,3,80,0,7,2,3,2,2,2,0,Jora
47,Current employee,Travel_Rarely,207,Research & Development,9,4,Medical,1,21124,144579,2,Female,64,3,1,Laboratory Technician,3,Single,2105,5411,1,Y,No,12,3,3,80,0,7,2,3,2,2,2,0,Jora
47,Current employee,Travel_Rarely,207,Research & Development,9,4,Life Sciences,1,21128,144583,2,Female,64,3,1,Laboratory Technician,3,Single,2105,5411,4,Y,No,12,3,3,80,0,7,2,3,2,2,2,0,Jora
47,Current employee,Travel_Rarely,207,Research & Development,9,4,Medical,1,21129,144584,2,Female,64,3,1,Laboratory Technician,3,Single,2105,5411,1,Y,No,12,3,3,80,0,7,2,3,2,2,2,0,Jora
47,Current employee,Non-Travel,1169,Research & Development,14,4,Technical Degree,1,21902,145357,3,Male,32,3,2,Research Scientist,2,Married,5467,2125,8,Y,No,18,3,3,80,1,16,4,4,8,7,1,7,LinkedIn
47,Current employee,Non-Travel,1169,Research & Development,14,4,Medical,1,21905,145360,3,Male,32,3,2,Research Scientist,2,Married,5467,2125,3,Y,No,18,3,3,80,1,16,4,4,8,7,1,7,LinkedIn
47,Current employee,Non-Travel,1169,Research & Development,14,4,Technical Degree,1,21906,145361,3,Male,32,3,2,Research Scientist,2,Married,5467,2125,8,Y,No,18,3,3,80,1,16,4,4,8,7,1,7,LinkedIn
47,Current employee,Non-Travel,1169,Research & Development,14,4,Medical,1,21907,145362,3,Male,32,3,2,Research Scientist,2,Married,5467,2125,3,Y,No,18,3,3,80,1,16,4,4,8,7,1,7,LinkedIn
47,Current employee,Non-Travel,1169,Research & Development,14,4,Technical Degree,1,21910,145365,3,Male,32,3,2,Research Scientist,2,Married,5467,2125,8,Y,No,18,3,3,80,1,16,4,4,8,7,1,7,LinkedIn
47,Current employee,Non-Travel,1169,Research & Development,14,4,Medical,1,21913,145368,3,Male,32,3,2,Research Scientist,2,Married,5467,2125,3,Y,No,18,3,3,80,1,16,4,4,8,7,1,7,LinkedIn
47,Current employee,Non-Travel,1169,Research & Development,14,4,Technical Degree,1,21914,145369,3,Male,32,3,2,Research Scientist,2,Married,5467,2125,8,Y,No,18,3,3,80,1,16,4,4,8,7,1,7,LinkedIn
47,Current employee,Non-Travel,1169,Research & Development,14,4,Medical,1,21915,145370,3,Male,32,3,2,Research Scientist,2,Married,5467,2125,3,Y,No,18,3,3,80,1,16,4,4,8,7,1,7,LinkedIn
47,Current employee,Travel_Rarely,703,Sales,9,2,Medical,1,21956,145411,1,Male,32,3,2,Manufacturing Director,1,Married,5151,12315,5,Y,No,11,3,3,80,0,17,2,1,14,1,11,7,GlassDoor
47,Current employee,Travel_Rarely,1180,Research & Development,25,3,Medical,1,22611,146066,1,Male,34,3,3,Healthcare Representative,3,Single,8633,13084,2,Y,No,23,3,2,80,0,25,3,3,17,14,12,11,Jora
47,Current employee,Travel_Rarely,1180,Research & Development,25,3,Technical Degree,1,22614,146069,1,Male,34,3,3,Healthcare Representative,3,Single,8633,13084,0,Y,No,23,3,2,80,0,25,3,3,17,14,12,11,Jora
47,Current employee,Travel_Rarely,1180,Research & Development,25,3,Medical,1,22617,146072,1,Male,34,3,3,Healthcare Representative,3,Single,8633,13084,2,Y,No,23,4,2,80,0,25,3,3,17,14,12,11,Jora
47,Current employee,Travel_Rarely,1180,Research & Development,25,3,Technical Degree,1,22618,146073,1,Male,34,3,3,Healthcare Representative,3,Single,8633,13084,0,Y,No,23,4,2,80,0,25,3,3,17,14,12,11,Jora
47,Current employee,Travel_Rarely,1180,Research & Development,25,3,Medical,1,22619,146074,1,Male,34,3,3,Healthcare Representative,3,Single,8633,13084,2,Y,No,23,3,2,80,0,25,3,3,17,14,12,11,Jora
47,Current employee,Travel_Rarely,1180,Research & Development,25,3,Technical Degree,1,22622,146077,1,Male,34,3,3,Healthcare Representative,3,Single,8633,13084,0,Y,No,23,3,2,80,0,25,3,3,17,14,12,11,Jora
47,Current employee,Travel_Rarely,1180,Research & Development,25,3,Medical,1,22625,146080,1,Male,34,3,3,Healthcare Representative,3,Single,8633,13084,2,Y,No,23,4,2,80,0,25,3,3,17,14,12,11,Jora
47,Current employee,Travel_Rarely,1180,Research & Development,25,3,Technical Degree,1,22626,146081,1,Male,34,3,3,Healthcare Representative,3,Single,8633,13084,0,Y,No,23,4,2,80,0,25,3,3,17,14,12,11,Jora
47,Current employee,Non-Travel,1162,Research & Development,1,1,Medical,1,22727,146182,3,Female,34,3,3,Research Director,2,Married,11957,17231,0,Y,No,18,3,1,80,2,14,3,1,13,8,5,12,Indeed
47,Current employee,Non-Travel,1162,Research & Development,1,1,Life Sciences,1,22729,146184,3,Female,34,3,3,Research Director,2,Married,11957,17231,1,Y,No,18,3,1,80,2,14,3,1,13,8,5,12,Indeed
47,Current employee,Non-Travel,1162,Research & Development,1,1,Medical,1,22733,146188,3,Female,34,3,3,Research Director,2,Married,11957,17231,0,Y,No,18,3,1,80,2,14,3,1,13,8,5,12,Indeed
47,Current employee,Non-Travel,1162,Research & Development,1,1,Life Sciences,1,22734,146189,3,Female,34,3,3,Research Director,2,Married,11957,17231,1,Y,No,18,3,1,80,2,14,3,1,13,8,5,12,Indeed
47,Current employee,Non-Travel,1162,Research & Development,1,1,Medical,1,22735,146190,3,Female,34,3,3,Research Director,2,Married,11957,17231,0,Y,No,18,3,1,80,2,14,3,1,13,8,5,12,Indeed
47,Current employee,Non-Travel,1162,Research & Development,1,1,Life Sciences,1,22737,146192,3,Female,34,3,3,Research Director,2,Married,11957,17231,1,Y,No,18,3,1,80,2,14,3,1,13,8,5,12,Indeed
47,Current employee,Non-Travel,1162,Research & Development,1,1,Medical,1,22741,146196,3,Female,34,3,3,Research Director,2,Married,11957,17231,0,Y,No,18,3,1,80,2,14,3,1,13,8,5,12,Indeed
47,Current employee,Non-Travel,1162,Research & Development,1,1,Life Sciences,1,22742,146197,3,Female,34,3,3,Research Director,2,Married,11957,17231,1,Y,No,18,3,1,80,2,14,3,1,13,8,5,12,Indeed
47,Current employee,Travel_Rarely,465,Research & Development,1,3,Technical Degree,1,22808,146263,4,Female,98,2,1,Laboratory Technician,2,Single,2837,15919,1,Y,No,13,3,3,80,0,6,3,3,6,2,4,1,Jora
47,Current employee,Travel_Rarely,465,Research & Development,1,3,Technical Degree,1,22812,146267,4,Female,98,2,1,Laboratory Technician,2,Single,2837,15919,1,Y,No,13,3,3,80,0,6,3,3,6,2,4,1,Jora
47,Current employee,Travel_Rarely,465,Research & Development,1,3,Life Sciences,1,22813,146268,4,Female,98,2,1,Laboratory Technician,2,Single,2837,15919,1,Y,No,13,3,3,80,0,6,3,3,6,2,4,1,Jora
47,Current employee,Travel_Rarely,465,Research & Development,1,3,Technical Degree,1,22815,146270,4,Female,98,2,1,Laboratory Technician,2,Single,2837,15919,1,Y,No,13,3,3,80,0,6,3,3,6,2,4,1,Jora
47,Current employee,Travel_Rarely,465,Research & Development,1,3,Life Sciences,1,22816,146271,4,Female,98,2,1,Laboratory Technician,2,Single,2837,15919,1,Y,No,13,3,3,80,0,6,3,3,6,2,4,1,Jora
47,Current employee,Travel_Rarely,465,Research & Development,1,3,Technical Degree,1,22820,146275,4,Female,98,2,1,Laboratory Technician,2,Single,2837,15919,1,Y,No,13,3,3,80,0,6,3,3,6,2,4,1,Jora
47,Current employee,Travel_Rarely,465,Research & Development,1,3,Life Sciences,1,22821,146276,4,Female,98,2,1,Laboratory Technician,2,Single,2837,15919,1,Y,No,13,3,3,80,0,6,3,3,6,2,4,1,Jora
47,Current employee,Non-Travel,1169,Research & Development,14,4,Technical Degree,1,23429,146884,4,Male,100,4,2,Laboratory Technician,4,Married,2571,12290,4,Y,No,17,3,3,80,1,17,3,3,5,2,0,3,Company Website
47,Current employee,Non-Travel,1169,Research & Development,14,4,Medical,1,23430,146885,4,Male,100,4,2,Laboratory Technician,4,Married,2571,12290,1,Y,No,17,3,3,80,1,17,3,3,5,2,0,3,Company Website
47,Current employee,Non-Travel,1169,Research & Development,14,4,Technical Degree,1,23434,146889,4,Male,100,4,2,Laboratory Technician,4,Married,2571,12290,4,Y,No,17,3,3,80,1,17,3,3,5,2,0,3,Company Website
47,Current employee,Non-Travel,1169,Research & Development,14,4,Medical,1,23435,146890,4,Male,100,4,2,Laboratory Technician,4,Married,2571,12290,1,Y,No,17,3,3,80,1,17,3,3,5,2,0,3,Company Website
47,Current employee,Non-Travel,1169,Research & Development,14,4,Technical Degree,1,23437,146892,4,Male,100,4,2,Laboratory Technician,4,Married,2571,12290,4,Y,No,17,3,3,80,1,17,3,3,5,2,0,3,Company Website
47,Current employee,Non-Travel,1169,Research & Development,14,4,Medical,1,23438,146893,4,Male,100,4,2,Laboratory Technician,4,Married,2571,12290,1,Y,No,17,3,3,80,1,17,3,3,5,2,0,3,Company Website
47,Current employee,Non-Travel,1169,Research & Development,14,4,Technical Degree,1,23442,146897,4,Male,100,4,2,Laboratory Technician,4,Married,2571,12290,4,Y,No,17,3,3,80,1,17,3,3,5,2,0,3,Company Website
47,Current employee,Non-Travel,1169,Research & Development,14,4,Medical,1,23443,146898,4,Male,100,4,2,Laboratory Technician,4,Married,2571,12290,1,Y,No,17,3,3,80,1,17,3,3,5,2,0,3,Company Website
47,Current employee,Travel_Rarely,465,Research & Development,1,3,Life Sciences,1,23510,146965,4,Female,98,2,1,Laboratory Technician,2,Single,2837,15919,1,Y,No,13,3,3,80,0,6,3,3,6,2,4,1,Jora
44,Voluntary Resignation,Travel_Frequently,920,Research & Development,24,3,Life Sciences,1,2430,125885,1,Male,44,2,1,Laboratory Technician,4,Single,2720,11162,0,Y,No,13,3,4,80,0,6,3,3,5,3,1,2,Seek
44,Voluntary Resignation,Travel_Frequently,920,Research & Development,24,3,Technical Degree,1,2432,125887,1,Male,44,2,1,Laboratory Technician,4,Single,2720,11162,1,Y,No,13,3,4,80,0,6,3,3,5,3,1,2,Seek
44,Voluntary Resignation,Travel_Frequently,920,Research & Development,24,3,Life Sciences,1,2435,125890,1,Male,44,2,1,Laboratory Technician,4,Single,2720,11162,0,Y,No,13,3,4,80,0,6,3,3,5,3,1,2,Seek
44,Voluntary Resignation,Travel_Frequently,920,Research & Development,24,3,Technical Degree,1,2436,125891,1,Male,44,2,1,Laboratory Technician,4,Single,2720,11162,1,Y,No,13,3,4,80,0,6,3,3,5,3,1,2,Seek
44,Voluntary Resignation,Travel_Frequently,920,Research & Development,24,3,Life Sciences,1,2438,125893,1,Male,44,2,1,Laboratory Technician,4,Single,2720,11162,0,Y,No,13,3,4,80,0,6,3,3,5,3,1,2,Seek
44,Voluntary Resignation,Travel_Frequently,920,Research & Development,24,3,Technical Degree,1,2440,125895,1,Male,44,2,1,Laboratory Technician,4,Single,2720,11162,1,Y,No,13,3,4,80,0,6,3,3,5,3,1,2,Seek
44,Voluntary Resignation,Travel_Frequently,920,Research & Development,24,3,Life Sciences,1,2443,125898,1,Male,44,2,1,Laboratory Technician,4,Single,2720,11162,0,Y,No,13,3,4,80,0,6,3,3,5,3,1,2,Seek
44,Voluntary Resignation,Travel_Frequently,920,Research & Development,24,3,Technical Degree,1,2444,125899,1,Male,44,2,1,Laboratory Technician,4,Single,2720,11162,1,Y,No,13,3,4,80,0,6,3,3,5,3,1,2,Seek
44,Voluntary Resignation,Travel_Rarely,1376,Human Resources,1,1,Life Sciences,1,3104,126559,1,Male,45,2,2,Manufacturing Director,3,Married,9547,14074,0,Y,No,14,3,4,80,1,24,1,3,20,6,3,6,Seek
44,Voluntary Resignation,Travel_Frequently,920,Research & Development,24,3,Life Sciences,1,4672,128127,4,Male,43,3,1,Laboratory Technician,3,Divorced,3161,19920,3,Y,Yes,22,4,4,80,1,19,0,1,1,0,0,0,Jora
44,Voluntary Resignation,Travel_Frequently,920,Research & Development,24,3,Other,1,4675,128130,4,Male,43,3,1,Laboratory Technician,3,Divorced,3161,19920,1,Y,Yes,22,3,4,80,1,19,0,1,1,0,0,0,Jora
44,Voluntary Resignation,Travel_Frequently,920,Research & Development,24,3,Life Sciences,1,4678,128133,4,Male,43,3,1,Laboratory Technician,3,Divorced,3161,19920,3,Y,Yes,22,4,4,80,1,19,0,1,1,0,0,0,Jora
44,Voluntary Resignation,Travel_Frequently,920,Research & Development,24,3,Other,1,4679,128134,4,Male,43,3,1,Laboratory Technician,3,Divorced,3161,19920,1,Y,Yes,22,4,4,80,1,19,0,1,1,0,0,0,Jora
44,Voluntary Resignation,Travel_Frequently,920,Research & Development,24,3,Life Sciences,1,4680,128135,4,Male,43,3,1,Laboratory Technician,3,Divorced,3161,19920,3,Y,Yes,22,4,4,80,1,19,0,1,1,0,0,0,Jora
44,Voluntary Resignation,Travel_Frequently,920,Research & Development,24,3,Other,1,4683,128138,4,Male,43,3,1,Laboratory Technician,3,Divorced,3161,19920,1,Y,Yes,22,3,4,80,1,19,0,1,1,0,0,0,Jora
44,Voluntary Resignation,Travel_Frequently,920,Research & Development,24,3,Life Sciences,1,4686,128141,4,Male,43,3,1,Laboratory Technician,3,Divorced,3161,19920,3,Y,Yes,22,4,4,80,1,19,0,1,1,0,0,0,Jora
44,Voluntary Resignation,Travel_Frequently,920,Research & Development,24,3,Other,1,4687,128142,4,Male,43,3,1,Laboratory Technician,3,Divorced,3161,19920,1,Y,Yes,22,4,4,80,1,19,0,1,1,0,0,0,Jora
44,Voluntary Resignation,Travel_Rarely,1097,Research & Development,10,4,Life Sciences,1,6084,129539,2,Female,54,3,2,Sales Executive,4,Married,4936,14862,4,Y,No,11,4,3,80,1,18,2,2,7,7,0,7,Company Website
44,Voluntary Resignation,Travel_Rarely,1097,Research & Development,10,4,Medical,1,6085,129540,2,Female,54,3,2,Sales Executive,4,Married,4936,14862,6,Y,No,11,3,3,80,1,18,2,2,7,7,0,7,Company Website
44,Voluntary Resignation,Travel_Rarely,1097,Research & Development,10,4,Life Sciences,1,6087,129542,2,Female,54,3,2,Sales Executive,4,Married,4936,14862,4,Y,No,11,3,3,80,1,18,2,2,7,7,0,7,Company Website
44,Voluntary Resignation,Travel_Rarely,1097,Research & Development,10,4,Medical,1,6088,129543,2,Female,54,3,2,Sales Executive,4,Married,4936,14862,6,Y,No,11,3,3,80,1,18,2,2,7,7,0,7,Company Website
44,Voluntary Resignation,Travel_Rarely,1097,Research & Development,10,4,Life Sciences,1,6092,129547,2,Female,54,3,2,Sales Executive,4,Married,4936,14862,4,Y,No,11,4,3,80,1,18,2,2,7,7,0,7,Company Website
44,Voluntary Resignation,Travel_Rarely,1097,Research & Development,10,4,Medical,1,6093,129548,2,Female,54,3,2,Sales Executive,4,Married,4936,14862,6,Y,No,11,3,3,80,1,18,2,2,7,7,0,7,Company Website
44,Voluntary Resignation,Travel_Rarely,1097,Research & Development,10,4,Life Sciences,1,6095,129550,2,Female,54,3,2,Sales Executive,4,Married,4936,14862,4,Y,No,11,3,3,80,1,18,2,2,7,7,0,7,Company Website
44,Voluntary Resignation,Travel_Rarely,1097,Research & Development,10,4,Medical,1,6096,129551,2,Female,54,3,2,Sales Executive,4,Married,4936,14862,6,Y,No,11,3,3,80,1,18,2,2,7,7,0,7,Company Website
44,Voluntary Resignation,Travel_Rarely,935,Research & Development,3,3,Life Sciences,1,6777,130232,2,Male,56,2,3,Research Director,3,Married,11935,21526,1,Y,No,18,3,3,80,0,10,2,3,10,2,0,7,Adzuna
44,Voluntary Resignation,Travel_Rarely,935,Research & Development,3,3,Life Sciences,1,6779,130234,2,Male,56,2,3,Research Director,3,Married,11935,21526,2,Y,No,18,3,3,80,0,10,2,3,10,2,0,7,Adzuna
44,Voluntary Resignation,Travel_Rarely,935,Research & Development,3,3,Life Sciences,1,6782,130237,2,Male,56,2,3,Research Director,3,Married,11935,21526,1,Y,No,18,3,3,80,0,10,2,3,10,2,0,7,Adzuna
44,Voluntary Resignation,Travel_Rarely,935,Research & Development,3,3,Life Sciences,1,6783,130238,2,Male,56,2,3,Research Director,3,Married,11935,21526,2,Y,No,18,3,3,80,0,10,2,3,10,2,0,7,Adzuna
44,Voluntary Resignation,Travel_Rarely,935,Research & Development,3,3,Life Sciences,1,6784,130239,2,Male,56,2,3,Research Director,3,Married,11935,21526,1,Y,No,18,3,3,80,0,10,2,3,10,2,0,7,Adzuna
44,Voluntary Resignation,Travel_Rarely,935,Research & Development,3,3,Life Sciences,1,6786,130241,2,Male,56,2,3,Research Director,3,Married,11935,21526,2,Y,No,18,3,3,80,0,10,2,3,10,2,0,7,Adzuna
44,Voluntary Resignation,Travel_Rarely,935,Research & Development,3,3,Life Sciences,1,6789,130244,2,Male,56,2,3,Research Director,3,Married,11935,21526,1,Y,No,18,3,3,80,0,10,2,3,10,2,0,7,Adzuna
44,Voluntary Resignation,Travel_Rarely,935,Research & Development,3,3,Life Sciences,1,6790,130245,2,Male,56,2,3,Research Director,3,Married,11935,21526,2,Y,No,18,3,3,80,0,10,2,3,10,2,0,7,Adzuna
44,Voluntary Resignation,Travel_Rarely,1376,Human Resources,1,2,Medical,1,12656,136111,2,Male,91,2,3,Human Resources,1,Married,10482,2326,9,Y,No,14,4,4,80,1,24,1,3,20,6,3,6,Seek
44,Voluntary Resignation,Travel_Rarely,1376,Human Resources,1,2,Life Sciences,1,12658,136113,2,Male,91,2,3,Human Resources,1,Married,10482,2326,0,Y,No,14,3,4,80,1,24,1,3,20,6,3,6,Seek
44,Voluntary Resignation,Travel_Rarely,1376,Human Resources,1,2,Medical,1,12662,136117,2,Male,91,2,3,Human Resources,1,Married,10482,2326,9,Y,No,14,3,4,80,1,24,1,3,20,6,3,6,Seek
44,Voluntary Resignation,Travel_Rarely,1376,Human Resources,1,2,Life Sciences,1,12663,136118,2,Male,91,2,3,Human Resources,1,Married,10482,2326,0,Y,No,14,3,4,80,1,24,1,3,20,6,3,6,Seek
44,Voluntary Resignation,Travel_Rarely,1376,Human Resources,1,2,Medical,1,12664,136119,2,Male,91,2,3,Human Resources,1,Married,10482,2326,9,Y,No,14,4,4,80,1,24,1,3,20,6,3,6,Seek
44,Voluntary Resignation,Travel_Rarely,1376,Human Resources,1,2,Life Sciences,1,12666,136121,2,Male,91,2,3,Human Resources,1,Married,10482,2326,0,Y,No,14,3,4,80,1,24,1,3,20,6,3,6,Seek
44,Voluntary Resignation,Travel_Rarely,1376,Human Resources,1,2,Medical,1,12670,136125,2,Male,91,2,3,Human Resources,1,Married,10482,2326,9,Y,No,14,3,4,80,1,24,1,3,20,6,3,6,Seek
44,Voluntary Resignation,Travel_Rarely,1097,Research & Development,10,4,Life Sciences,1,13737,137192,3,Male,96,3,1,Research Scientist,3,Single,2936,10826,1,Y,Yes,11,3,3,80,0,6,4,3,6,4,0,2,LinkedIn
44,Voluntary Resignation,Travel_Rarely,1097,Research & Development,10,4,Medical,1,13740,137195,3,Male,96,3,1,Research Scientist,3,Single,2936,10826,3,Y,Yes,11,3,3,80,0,6,4,3,6,4,0,2,LinkedIn
44,Voluntary Resignation,Travel_Rarely,1097,Research & Development,10,4,Life Sciences,1,13741,137196,3,Male,96,3,1,Research Scientist,3,Single,2936,10826,1,Y,Yes,11,3,3,80,0,6,4,3,6,4,0,2,LinkedIn
44,Voluntary Resignation,Travel_Rarely,1097,Research & Development,10,4,Medical,1,13742,137197,3,Male,96,3,1,Research Scientist,3,Single,2936,10826,3,Y,Yes,11,3,3,80,0,6,4,3,6,4,0,2,LinkedIn
44,Voluntary Resignation,Travel_Rarely,1097,Research & Development,10,4,Life Sciences,1,13745,137200,3,Male,96,3,1,Research Scientist,3,Single,2936,10826,1,Y,Yes,11,3,3,80,0,6,4,3,6,4,0,2,LinkedIn
44,Voluntary Resignation,Travel_Rarely,1097,Research & Development,10,4,Medical,1,13748,137203,3,Male,96,3,1,Research Scientist,3,Single,2936,10826,3,Y,Yes,11,3,3,80,0,6,4,3,6,4,0,2,LinkedIn
44,Voluntary Resignation,Travel_Rarely,1097,Research & Development,10,4,Life Sciences,1,13749,137204,3,Male,96,3,1,Research Scientist,3,Single,2936,10826,1,Y,Yes,11,3,3,80,0,6,4,3,6,4,0,2,LinkedIn
44,Voluntary Resignation,Travel_Rarely,1097,Research & Development,10,4,Medical,1,13750,137205,3,Male,96,3,1,Research Scientist,3,Single,2936,10826,3,Y,Yes,11,3,3,80,0,6,4,3,6,4,0,2,LinkedIn
44,Voluntary Resignation,Travel_Rarely,621,Research & Development,15,3,Medical,1,14864,138319,1,Female,73,3,3,Healthcare Representative,4,Married,7978,14075,1,Y,No,11,3,4,80,1,10,2,3,10,7,0,5,Jora
44,Voluntary Resignation,Travel_Rarely,621,Research & Development,15,3,Medical,1,14867,138322,1,Female,73,3,3,Healthcare Representative,4,Married,7978,14075,0,Y,No,11,4,4,80,1,10,2,3,10,7,0,5,Jora
44,Voluntary Resignation,Travel_Rarely,621,Research & Development,15,3,Medical,1,14870,138325,1,Female,73,3,3,Healthcare Representative,4,Married,7978,14075,1,Y,No,11,3,4,80,1,10,2,3,10,7,0,5,Jora
44,Voluntary Resignation,Travel_Rarely,621,Research & Development,15,3,Medical,1,14871,138326,1,Female,73,3,3,Healthcare Representative,4,Married,7978,14075,0,Y,No,11,3,4,80,1,10,2,3,10,7,0,5,Jora
44,Voluntary Resignation,Travel_Rarely,621,Research & Development,15,3,Medical,1,14872,138327,1,Female,73,3,3,Healthcare Representative,4,Married,7978,14075,1,Y,No,11,3,4,80,1,10,2,3,10,7,0,5,Jora
44,Voluntary Resignation,Travel_Rarely,621,Research & Development,15,3,Medical,1,14875,138330,1,Female,73,3,3,Healthcare Representative,4,Married,7978,14075,0,Y,No,11,4,4,80,1,10,2,3,10,7,0,5,Jora
44,Voluntary Resignation,Travel_Rarely,621,Research & Development,15,3,Medical,1,14878,138333,1,Female,73,3,3,Healthcare Representative,4,Married,7978,14075,1,Y,No,11,3,4,80,1,10,2,3,10,7,0,5,Jora
44,Voluntary Resignation,Travel_Rarely,621,Research & Development,15,3,Medical,1,14879,138334,1,Female,73,3,3,Healthcare Representative,4,Married,7978,14075,0,Y,No,11,3,4,80,1,10,2,3,10,7,0,5,Jora
44,Voluntary Resignation,Travel_Rarely,935,Research & Development,3,3,Life Sciences,1,15270,138725,1,Male,89,3,1,Laboratory Technician,1,Married,2362,14669,4,Y,No,12,3,3,80,0,10,4,4,3,2,1,2,Recruit.net
44,Voluntary Resignation,Travel_Rarely,935,Research & Development,3,3,Life Sciences,1,15272,138727,1,Male,89,3,1,Laboratory Technician,1,Married,2362,14669,1,Y,No,12,3,3,80,0,10,4,4,3,2,1,2,Recruit.net
44,Voluntary Resignation,Travel_Rarely,935,Research & Development,3,3,Life Sciences,1,15276,138731,1,Male,89,3,1,Laboratory Technician,1,Married,2362,14669,4,Y,No,12,3,3,80,0,10,4,4,3,2,1,2,Recruit.net
44,Voluntary Resignation,Travel_Rarely,935,Research & Development,3,3,Life Sciences,1,15277,138732,1,Male,89,3,1,Laboratory Technician,1,Married,2362,14669,1,Y,No,12,3,3,80,0,10,4,4,3,2,1,2,Recruit.net
44,Voluntary Resignation,Travel_Rarely,935,Research & Development,3,3,Life Sciences,1,15278,138733,1,Male,89,3,1,Laboratory Technician,1,Married,2362,14669,4,Y,No,12,3,3,80,0,10,4,4,3,2,1,2,Recruit.net
44,Voluntary Resignation,Travel_Rarely,935,Research & Development,3,3,Life Sciences,1,15280,138735,1,Male,89,3,1,Laboratory Technician,1,Married,2362,14669,1,Y,No,12,3,3,80,0,10,4,4,3,2,1,2,Recruit.net
44,Voluntary Resignation,Travel_Rarely,935,Research & Development,3,3,Life Sciences,1,15284,138739,1,Male,89,3,1,Laboratory Technician,1,Married,2362,14669,4,Y,No,12,3,3,80,0,10,4,4,3,2,1,2,Recruit.net
44,Voluntary Resignation,Travel_Rarely,1376,Human Resources,1,2,Medical,1,16713,140168,4,Male,83,3,2,Healthcare Representative,3,Married,6651,21534,2,Y,No,14,3,2,80,1,20,0,2,3,2,1,2,Recruit.net
44,Voluntary Resignation,Travel_Rarely,1376,Human Resources,1,2,Life Sciences,1,16714,140169,4,Male,83,3,2,Healthcare Representative,3,Married,6651,21534,0,Y,No,14,4,2,80,1,20,0,2,3,2,1,2,Recruit.net
44,Voluntary Resignation,Travel_Rarely,1376,Human Resources,1,2,Medical,1,16716,140171,4,Male,83,3,2,Healthcare Representative,3,Married,6651,21534,2,Y,No,14,3,2,80,1,20,0,2,3,2,1,2,Recruit.net
44,Voluntary Resignation,Travel_Rarely,1376,Human Resources,1,2,Life Sciences,1,16717,140172,4,Male,83,3,2,Healthcare Representative,3,Married,6651,21534,0,Y,No,14,3,2,80,1,20,0,2,3,2,1,2,Recruit.net
44,Voluntary Resignation,Travel_Rarely,1376,Human Resources,1,2,Medical,1,16721,140176,4,Male,83,3,2,Healthcare Representative,3,Married,6651,21534,2,Y,No,14,3,2,80,1,20,0,2,3,2,1,2,Recruit.net
44,Voluntary Resignation,Travel_Rarely,1376,Human Resources,1,2,Life Sciences,1,16722,140177,4,Male,83,3,2,Healthcare Representative,3,Married,6651,21534,0,Y,No,14,4,2,80,1,20,0,2,3,2,1,2,Recruit.net
44,Voluntary Resignation,Travel_Rarely,1376,Human Resources,1,2,Medical,1,16724,140179,4,Male,83,3,2,Healthcare Representative,3,Married,6651,21534,2,Y,No,14,3,2,80,1,20,0,2,3,2,1,2,Recruit.net
44,Voluntary Resignation,Travel_Rarely,1376,Human Resources,1,2,Life Sciences,1,16725,140180,4,Male,83,3,2,Healthcare Representative,3,Married,6651,21534,0,Y,No,14,3,2,80,1,20,0,2,3,2,1,2,Recruit.net
44,Voluntary Resignation,Travel_Rarely,621,Research & Development,15,3,Medical,1,17353,140808,4,Male,84,2,3,Sales Executive,3,Married,7083,12288,1,Y,Yes,14,4,4,80,0,10,3,3,10,9,8,6,Adzuna
44,Voluntary Resignation,Travel_Rarely,621,Research & Development,15,3,Medical,1,17355,140810,4,Male,84,2,3,Sales Executive,3,Married,7083,12288,7,Y,Yes,14,3,4,80,0,10,3,3,10,9,8,6,Adzuna
44,Voluntary Resignation,Travel_Rarely,621,Research & Development,15,3,Medical,1,17358,140813,4,Male,84,2,3,Sales Executive,3,Married,7083,12288,1,Y,Yes,14,3,4,80,0,10,3,3,10,9,8,6,Adzuna
44,Voluntary Resignation,Travel_Rarely,621,Research & Development,15,3,Medical,1,17359,140814,4,Male,84,2,3,Sales Executive,3,Married,7083,12288,7,Y,Yes,14,3,4,80,0,10,3,3,10,9,8,6,Adzuna
44,Voluntary Resignation,Travel_Rarely,621,Research & Development,15,3,Medical,1,17361,140816,4,Male,84,2,3,Sales Executive,3,Married,7083,12288,1,Y,Yes,14,4,4,80,0,10,3,3,10,9,8,6,Adzuna
44,Voluntary Resignation,Travel_Rarely,621,Research & Development,15,3,Medical,1,17363,140818,4,Male,84,2,3,Sales Executive,3,Married,7083,12288,7,Y,Yes,14,3,4,80,0,10,3,3,10,9,8,6,Adzuna
44,Voluntary Resignation,Travel_Rarely,621,Research & Development,15,3,Medical,1,17366,140821,4,Male,84,2,3,Sales Executive,3,Married,7083,12288,1,Y,Yes,14,3,4,80,0,10,3,3,10,9,8,6,Adzuna
44,Voluntary Resignation,Travel_Rarely,621,Research & Development,15,3,Medical,1,17367,140822,4,Male,84,2,3,Sales Executive,3,Married,7083,12288,7,Y,Yes,14,3,4,80,0,10,3,3,10,9,8,6,Adzuna
44,Voluntary Resignation,Travel_Frequently,429,Research & Development,1,2,Medical,1,19145,142600,4,Male,89,3,1,Sales Representative,1,Single,2728,21082,1,Y,No,11,3,1,80,0,2,3,3,2,2,0,2,Company Website
44,Voluntary Resignation,Travel_Frequently,429,Research & Development,1,2,Life Sciences,1,19146,142601,4,Male,89,3,1,Sales Representative,1,Single,2728,21082,8,Y,No,11,3,1,80,0,2,3,3,2,2,0,2,Company Website
44,Voluntary Resignation,Travel_Frequently,429,Research & Development,1,2,Medical,1,19150,142605,4,Male,89,3,1,Sales Representative,1,Single,2728,21082,1,Y,No,11,3,1,80,0,2,3,3,2,2,0,2,Company Website
44,Voluntary Resignation,Travel_Frequently,429,Research & Development,1,2,Life Sciences,1,19151,142606,4,Male,89,3,1,Sales Representative,1,Single,2728,21082,8,Y,No,11,3,1,80,0,2,3,3,2,2,0,2,Company Website
44,Voluntary Resignation,Travel_Frequently,429,Research & Development,1,2,Medical,1,19153,142608,4,Male,89,3,1,Sales Representative,1,Single,2728,21082,1,Y,No,11,3,1,80,0,2,3,3,2,2,0,2,Company Website
44,Voluntary Resignation,Travel_Frequently,429,Research & Development,1,2,Life Sciences,1,19154,142609,4,Male,89,3,1,Sales Representative,1,Single,2728,21082,8,Y,No,11,3,1,80,0,2,3,3,2,2,0,2,Company Website
44,Voluntary Resignation,Travel_Frequently,429,Research & Development,1,2,Medical,1,19158,142613,4,Male,89,3,1,Sales Representative,1,Single,2728,21082,1,Y,No,11,3,1,80,0,2,3,3,2,2,0,2,Company Website
44,Voluntary Resignation,Travel_Frequently,429,Research & Development,1,2,Life Sciences,1,19159,142614,4,Male,89,3,1,Sales Representative,1,Single,2728,21082,8,Y,No,11,3,1,80,0,2,3,3,2,2,0,2,Company Website
44,Voluntary Resignation,Travel_Frequently,429,Research & Development,1,2,Medical,1,20443,143898,3,Male,99,3,1,Research Scientist,2,Divorced,2342,11092,1,Y,Yes,12,3,3,80,3,6,2,2,5,3,2,3,Referral
44,Voluntary Resignation,Travel_Frequently,429,Research & Development,1,2,Life Sciences,1,20445,143900,3,Male,99,3,1,Research Scientist,2,Divorced,2342,11092,2,Y,Yes,12,3,3,80,3,6,2,2,5,3,2,3,Referral
44,Voluntary Resignation,Travel_Frequently,429,Research & Development,1,2,Medical,1,20449,143904,3,Male,99,3,1,Research Scientist,2,Divorced,2342,11092,1,Y,Yes,12,3,3,80,3,6,2,2,5,3,2,3,Referral
44,Voluntary Resignation,Travel_Frequently,429,Research & Development,1,2,Life Sciences,1,20450,143905,3,Male,99,3,1,Research Scientist,2,Divorced,2342,11092,2,Y,Yes,12,3,3,80,3,6,2,2,5,3,2,3,Referral
44,Voluntary Resignation,Travel_Frequently,429,Research & Development,1,2,Medical,1,20451,143906,3,Male,99,3,1,Research Scientist,2,Divorced,2342,11092,1,Y,Yes,12,3,3,80,3,6,2,2,5,3,2,3,Referral
44,Voluntary Resignation,Travel_Frequently,429,Research & Development,1,2,Life Sciences,1,20453,143908,3,Male,99,3,1,Research Scientist,2,Divorced,2342,11092,2,Y,Yes,12,3,3,80,3,6,2,2,5,3,2,3,Referral
44,Voluntary Resignation,Travel_Frequently,429,Research & Development,1,2,Medical,1,20457,143912,3,Male,99,3,1,Research Scientist,2,Divorced,2342,11092,1,Y,Yes,12,3,3,80,3,6,2,2,5,3,2,3,Referral
44,Voluntary Resignation,Travel_Frequently,429,Research & Development,1,2,Life Sciences,1,20458,143913,3,Male,99,3,1,Research Scientist,2,Divorced,2342,11092,2,Y,Yes,12,3,3,80,3,6,2,2,5,3,2,3,Referral
44,Voluntary Resignation,Travel_Rarely,935,Research & Development,9,2,Medical,1,21953,145408,1,Male,32,3,2,Manufacturing Director,1,Married,5151,12315,1,Y,No,12,3,3,80,0,10,4,4,3,2,1,2,Recruit.net
44,Current employee,Non-Travel,489,Research & Development,23,3,Medical,1,104,123559,4,Male,79,3,1,Laboratory Technician,4,Single,3068,11864,4,Y,No,12,4,3,80,1,17,3,4,3,2,1,2,Seek
44,Current employee,Non-Travel,981,Research & Development,5,3,Life Sciences,1,179,123634,4,Male,44,2,3,Manufacturing Director,3,Single,9526,8787,3,Y,No,15,3,3,80,1,20,2,3,1,0,0,1,LinkedIn
44,Current employee,Travel_Frequently,602,Human Resources,3,3,Life Sciences,1,189,123644,1,Male,37,2,3,Manufacturing Director,3,Single,9526,8787,0,Y,Yes,11,3,3,80,0,14,3,3,10,7,0,2,Seek
44,Current employee,Travel_Rarely,1467,Research & Development,20,3,Life Sciences,1,209,123664,3,Male,94,3,2,Healthcare Representative,3,Married,5237,16577,2,Y,Yes,17,3,1,80,0,10,3,3,8,7,0,7,Recruit.net
44,Current employee,Travel_Frequently,602,Human Resources,1,5,Human Resources,1,359,123814,1,Male,38,4,1,Research Scientist,2,Divorced,3298,15053,0,Y,Yes,12,3,4,80,2,7,5,2,6,2,0,5,Indeed
44,Current employee,Travel_Frequently,602,Human Resources,1,5,Life Sciences,1,360,123815,1,Male,38,4,1,Research Scientist,2,Divorced,3298,15053,2,Y,Yes,12,3,4,80,2,7,5,2,6,2,0,5,Indeed
44,Current employee,Travel_Frequently,602,Human Resources,1,5,Human Resources,1,364,123819,1,Male,38,4,1,Research Scientist,2,Divorced,3298,15053,0,Y,Yes,12,3,4,80,2,7,5,2,6,2,0,5,Indeed
44,Current employee,Travel_Frequently,602,Human Resources,1,5,Life Sciences,1,365,123820,1,Male,38,4,1,Research Scientist,2,Divorced,3298,15053,2,Y,Yes,12,3,4,80,2,7,5,2,6,2,0,5,Indeed
44,Current employee,Travel_Frequently,602,Human Resources,1,5,Human Resources,1,372,123827,1,Male,38,4,1,Research Scientist,2,Divorced,3298,15053,0,Y,Yes,12,3,4,80,2,7,5,2,6,2,0,5,Indeed
44,Current employee,Travel_Frequently,602,Human Resources,1,5,Life Sciences,1,375,123830,1,Male,38,4,1,Research Scientist,2,Divorced,3298,15053,2,Y,Yes,12,3,4,80,2,7,5,2,6,2,0,5,Indeed
44,Current employee,Travel_Frequently,602,Human Resources,1,5,Human Resources,1,379,123834,1,Male,38,4,1,Research Scientist,2,Divorced,3298,15053,0,Y,Yes,12,3,4,80,2,7,5,2,6,2,0,5,Indeed
44,Current employee,Travel_Frequently,602,Human Resources,1,5,Life Sciences,1,380,123835,1,Male,38,4,1,Research Scientist,2,Divorced,3298,15053,2,Y,Yes,12,3,4,80,2,7,5,2,6,2,0,5,Indeed
44,Current employee,Travel_Rarely,477,Research & Development,7,4,Medical,1,577,124032,1,Female,42,2,3,Healthcare Representative,4,Married,10248,2094,3,Y,No,14,3,4,80,1,24,4,3,22,6,5,17,Company Website
44,Current employee,Travel_Rarely,477,Research & Development,7,4,Marketing,1,579,124034,1,Female,42,2,3,Healthcare Representative,4,Married,10248,2094,0,Y,No,14,4,4,80,1,24,4,3,22,6,5,17,Company Website
44,Current employee,Travel_Rarely,477,Research & Development,7,4,Medical,1,581,124036,1,Female,42,2,3,Healthcare Representative,4,Married,10248,2094,3,Y,No,14,3,4,80,1,24,4,3,22,6,5,17,Company Website
44,Current employee,Travel_Rarely,477,Research & Development,7,4,Marketing,1,582,124037,1,Female,42,2,3,Healthcare Representative,4,Married,10248,2094,0,Y,No,14,3,4,80,1,24,4,3,22,6,5,17,Company Website
44,Current employee,Travel_Rarely,477,Research & Development,7,4,Medical,1,585,124040,1,Female,42,2,3,Healthcare Representative,4,Married,10248,2094,3,Y,No,14,3,4,80,1,24,4,3,22,6,5,17,Company Website
44,Current employee,Travel_Rarely,477,Research & Development,7,4,Medical,1,586,124041,3,Male,40,2,3,Healthcare Representative,1,Married,10673,3142,2,Y,Yes,13,3,3,80,1,21,5,2,10,9,9,5,Seek
44,Current employee,Travel_Rarely,477,Research & Development,7,4,Medical,1,587,124042,1,Male,66,3,3,Healthcare Representative,3,Married,9824,22908,3,Y,No,12,3,1,80,0,12,2,3,1,0,0,0,Jora
44,Current employee,Travel_Rarely,477,Research & Development,7,4,Marketing,1,589,124044,1,Female,42,2,3,Healthcare Representative,4,Married,10248,2094,0,Y,No,14,4,4,80,1,24,4,3,22,6,5,17,Company Website
44,Current employee,Travel_Rarely,477,Research & Development,7,4,Medical,1,591,124046,1,Female,42,2,3,Healthcare Representative,4,Married,10248,2094,3,Y,No,14,3,4,80,1,24,4,3,22,6,5,17,Company Website
44,Current employee,Travel_Rarely,477,Research & Development,7,4,Marketing,1,592,124047,1,Female,42,2,3,Healthcare Representative,4,Married,10248,2094,0,Y,No,14,3,4,80,1,24,4,3,22,6,5,17,Company Website
44,Current employee,Travel_Rarely,1459,Research & Development,10,4,Other,1,627,124082,4,Male,41,3,2,Healthcare Representative,4,Married,6465,19121,2,Y,Yes,13,3,4,80,0,9,5,4,4,2,1,3,Company Website
44,Current employee,Travel_Rarely,1459,Research & Development,10,4,Medical,1,629,124084,4,Male,41,3,2,Healthcare Representative,4,Married,6465,19121,0,Y,Yes,13,3,4,80,0,9,5,4,4,2,1,3,Company Website
44,Current employee,Travel_Rarely,1459,Research & Development,10,4,Other,1,633,124088,4,Male,41,3,2,Healthcare Representative,4,Married,6465,19121,2,Y,Yes,13,3,4,80,0,9,5,4,4,2,1,3,Company Website
44,Current employee,Travel_Rarely,1459,Research & Development,10,4,Medical,1,634,124089,4,Male,41,3,2,Healthcare Representative,4,Married,6465,19121,0,Y,Yes,13,3,4,80,0,9,5,4,4,2,1,3,Company Website
44,Current employee,Travel_Rarely,1459,Research & Development,10,4,Other,1,635,124090,4,Male,41,3,2,Healthcare Representative,4,Married,6465,19121,2,Y,Yes,13,3,4,80,0,9,5,4,4,2,1,3,Company Website
44,Current employee,Travel_Rarely,1459,Research & Development,10,4,Medical,1,637,124092,4,Male,41,3,2,Healthcare Representative,4,Married,6465,19121,0,Y,Yes,13,3,4,80,0,9,5,4,4,2,1,3,Company Website
44,Current employee,Travel_Rarely,1459,Research & Development,10,4,Other,1,641,124096,4,Male,41,3,2,Healthcare Representative,4,Married,6465,19121,2,Y,Yes,13,3,4,80,0,9,5,4,4,2,1,3,Company Website
44,Current employee,Travel_Rarely,1459,Research & Development,10,4,Medical,1,642,124097,4,Male,41,3,2,Healthcare Representative,4,Married,6465,19121,0,Y,Yes,13,3,4,80,0,9,5,4,4,2,1,3,Company Website
44,Current employee,Travel_Rarely,1488,Sales,1,5,Marketing,1,967,124422,2,Female,75,3,2,Sales Executive,1,Divorced,5454,4009,5,Y,Yes,21,3,3,80,1,9,2,2,4,3,1,3,Seek
44,Current employee,Travel_Rarely,1488,Sales,1,5,Human Resources,1,969,124424,2,Female,75,3,2,Sales Executive,1,Divorced,5454,4009,4,Y,Yes,21,4,3,80,1,9,2,2,4,3,1,3,Seek
44,Current employee,Travel_Rarely,1488,Sales,1,5,Marketing,1,973,124428,2,Female,75,3,2,Sales Executive,1,Divorced,5454,4009,5,Y,Yes,21,4,3,80,1,9,2,2,4,3,1,3,Seek
44,Current employee,Travel_Rarely,1488,Sales,1,5,Human Resources,1,974,124429,2,Female,75,3,2,Sales Executive,1,Divorced,5454,4009,4,Y,Yes,21,4,3,80,1,9,2,2,4,3,1,3,Seek
44,Current employee,Travel_Rarely,1488,Sales,1,5,Marketing,1,975,124430,2,Female,75,3,2,Sales Executive,1,Divorced,5454,4009,5,Y,Yes,21,3,3,80,1,9,2,2,4,3,1,3,Seek
44,Current employee,Travel_Rarely,1488,Sales,1,5,Human Resources,1,977,124432,2,Female,75,3,2,Sales Executive,1,Divorced,5454,4009,4,Y,Yes,21,4,3,80,1,9,2,2,4,3,1,3,Seek
44,Current employee,Travel_Rarely,1488,Sales,1,5,Marketing,1,981,124436,2,Female,75,3,2,Sales Executive,1,Divorced,5454,4009,5,Y,Yes,21,4,3,80,1,9,2,2,4,3,1,3,Seek
44,Current employee,Travel_Rarely,1488,Sales,1,5,Human Resources,1,982,124437,2,Female,75,3,2,Sales Executive,1,Divorced,5454,4009,4,Y,Yes,21,4,3,80,1,9,2,2,4,3,1,3,Seek
44,Current employee,Non-Travel,489,Research & Development,23,3,Medical,1,1691,125146,2,Male,67,3,2,Laboratory Technician,2,Married,2042,25043,4,Y,No,12,4,3,80,1,17,3,4,3,2,1,2,Seek
44,Current employee,Non-Travel,489,Research & Development,23,3,Other,1,1694,125149,2,Male,67,3,2,Laboratory Technician,2,Married,2042,25043,1,Y,No,12,3,3,80,1,17,3,4,3,2,1,2,Seek
44,Current employee,Non-Travel,489,Research & Development,23,3,Medical,1,1697,125152,2,Male,67,3,2,Laboratory Technician,2,Married,2042,25043,4,Y,No,12,3,3,80,1,17,3,4,3,2,1,2,Seek
44,Current employee,Non-Travel,489,Research & Development,23,3,Other,1,1698,125153,2,Male,67,3,2,Laboratory Technician,2,Married,2042,25043,1,Y,No,12,3,3,80,1,17,3,4,3,2,1,2,Seek
44,Current employee,Non-Travel,489,Research & Development,23,3,Other,1,1701,125156,2,Male,67,3,2,Laboratory Technician,2,Married,2042,25043,1,Y,No,12,3,3,80,1,17,3,4,3,2,1,2,Seek
44,Current employee,Non-Travel,489,Research & Development,23,3,Medical,1,1706,125161,2,Male,67,3,2,Laboratory Technician,2,Married,2042,25043,4,Y,No,12,3,3,80,1,17,3,4,3,2,1,2,Seek
44,Current employee,Travel_Rarely,1112,Human Resources,1,4,Life Sciences,1,3686,127141,1,Male,47,2,1,Research Scientist,4,Married,2177,8456,3,Y,No,17,3,1,80,1,7,6,3,1,0,0,0,Company Website
44,Current employee,Travel_Rarely,1112,Human Resources,1,4,Life Sciences,1,3687,127142,1,Male,47,2,1,Research Scientist,4,Married,2177,8456,2,Y,No,17,3,1,80,1,7,6,3,1,0,0,0,Company Website
44,Current employee,Travel_Rarely,1112,Human Resources,1,4,Life Sciences,1,3689,127144,1,Male,47,2,1,Research Scientist,4,Married,2177,8456,3,Y,No,17,3,1,80,1,7,6,3,1,0,0,0,Company Website
44,Current employee,Travel_Rarely,1112,Human Resources,1,4,Life Sciences,1,3690,127145,1,Male,47,2,1,Research Scientist,4,Married,2177,8456,2,Y,No,17,3,1,80,1,7,6,3,1,0,0,0,Company Website
44,Current employee,Travel_Rarely,1112,Human Resources,1,4,Life Sciences,1,3694,127149,1,Male,47,2,1,Research Scientist,4,Married,2177,8456,3,Y,No,17,3,1,80,1,7,6,3,1,0,0,0,Company Website
44,Current employee,Travel_Rarely,1112,Human Resources,1,4,Life Sciences,1,3695,127150,1,Male,47,2,1,Research Scientist,4,Married,2177,8456,2,Y,No,17,3,1,80,1,7,6,3,1,0,0,0,Company Website
44,Current employee,Travel_Rarely,1112,Human Resources,1,4,Life Sciences,1,3697,127152,1,Male,47,2,1,Research Scientist,4,Married,2177,8456,3,Y,No,17,3,1,80,1,7,6,3,1,0,0,0,Company Website
44,Current employee,Travel_Rarely,1112,Human Resources,1,4,Life Sciences,1,3698,127153,1,Male,47,2,1,Research Scientist,4,Married,2177,8456,2,Y,No,17,3,1,80,1,7,6,3,1,0,0,0,Company Website
44,Current employee,Travel_Rarely,986,Research & Development,8,4,Life Sciences,1,4587,128042,1,Male,49,3,2,Sales Executive,3,Married,4907,24532,1,Y,No,25,3,3,80,0,20,3,3,20,16,11,6,Seek
44,Current employee,Travel_Rarely,986,Research & Development,8,4,Medical,1,4589,128044,1,Male,49,3,2,Sales Executive,3,Married,4907,24532,6,Y,No,25,3,3,80,0,20,3,3,20,16,11,6,Seek
44,Current employee,Travel_Rarely,986,Research & Development,8,4,Life Sciences,1,4592,128047,1,Male,49,3,2,Sales Executive,3,Married,4907,24532,1,Y,No,25,4,3,80,0,20,3,3,20,16,11,6,Seek
44,Current employee,Travel_Rarely,986,Research & Development,8,4,Medical,1,4593,128048,1,Male,49,3,2,Sales Executive,3,Married,4907,24532,6,Y,No,25,4,3,80,0,20,3,3,20,16,11,6,Seek
44,Current employee,Travel_Rarely,986,Research & Development,8,4,Life Sciences,1,4595,128050,1,Male,49,3,2,Sales Executive,3,Married,4907,24532,1,Y,No,25,3,3,80,0,20,3,3,20,16,11,6,Seek
44,Current employee,Travel_Rarely,986,Research & Development,8,4,Medical,1,4597,128052,1,Male,49,3,2,Sales Executive,3,Married,4907,24532,6,Y,No,25,3,3,80,0,20,3,3,20,16,11,6,Seek
44,Current employee,Travel_Rarely,986,Research & Development,8,4,Life Sciences,1,4600,128055,1,Male,49,3,2,Sales Executive,3,Married,4907,24532,1,Y,No,25,4,3,80,0,20,3,3,20,16,11,6,Seek
44,Current employee,Travel_Rarely,986,Research & Development,8,4,Medical,1,4601,128056,1,Male,49,3,2,Sales Executive,3,Married,4907,24532,6,Y,No,25,4,3,80,0,20,3,3,20,16,11,6,Seek
44,Current employee,Travel_Rarely,661,Research & Development,9,2,Life Sciences,1,4809,128264,2,Female,50,3,4,Sales Executive,2,Married,13525,14864,5,Y,No,14,3,4,80,1,23,2,4,20,4,4,8,Company Website
44,Current employee,Travel_Rarely,661,Research & Development,9,2,Medical,1,4810,128265,2,Female,50,3,4,Sales Executive,2,Married,13525,14864,6,Y,No,14,3,4,80,1,23,2,4,20,4,4,8,Company Website
44,Current employee,Travel_Rarely,661,Research & Development,9,2,Life Sciences,1,4814,128269,2,Female,50,3,4,Sales Executive,2,Married,13525,14864,5,Y,No,14,3,4,80,1,23,2,4,20,4,4,8,Company Website
44,Current employee,Travel_Rarely,661,Research & Development,9,2,Medical,1,4815,128270,2,Female,50,3,4,Sales Executive,2,Married,13525,14864,6,Y,No,14,3,4,80,1,23,2,4,20,4,4,8,Company Website
44,Current employee,Travel_Rarely,661,Research & Development,9,2,Life Sciences,1,4816,128271,2,Female,50,3,4,Sales Executive,2,Married,13525,14864,5,Y,No,14,3,4,80,1,23,2,4,20,4,4,8,Company Website
44,Current employee,Travel_Rarely,661,Research & Development,9,2,Medical,1,4817,128272,2,Female,50,3,4,Sales Executive,2,Married,13525,14864,6,Y,No,14,3,4,80,1,23,2,4,20,4,4,8,Company Website
44,Current employee,Travel_Rarely,661,Research & Development,9,2,Life Sciences,1,4821,128276,2,Female,50,3,4,Sales Executive,2,Married,13525,14864,5,Y,No,14,3,4,80,1,23,2,4,20,4,4,8,Company Website
44,Current employee,Travel_Rarely,661,Research & Development,9,2,Medical,1,4822,128277,2,Female,50,3,4,Sales Executive,2,Married,13525,14864,6,Y,No,14,3,4,80,1,23,2,4,20,4,4,8,Company Website
44,Current employee,Non-Travel,111,Research & Development,17,3,Life Sciences,1,6131,129586,2,Female,54,3,4,Manager,4,Single,16659,23258,2,Y,Yes,13,3,3,80,0,30,2,3,5,4,1,2,Seek
44,Current employee,Non-Travel,111,Research & Development,17,3,Medical,1,,6133,129588,2,Female,54,3,4,Manager,4,Single,16659,23258,1,Y,Yes,13,3,3,80,0,30,2,3,5,4,1,2
44,Current employee,Non-Travel,111,Research & Development,17,3,Life Sciences,1,6134,129589,2,Female,54,3,4,Manager,4,Single,16659,23258,2,Y,Yes,13,3,3,80,0,30,2,3,5,4,1,2,Seek
44,Current employee,Non-Travel,111,Research & Development,17,3,Medical,1,6135,129590,2,Female,54,3,4,Manager,4,Single,16659,23258,1,Y,Yes,13,3,3,80,0,30,2,3,5,4,1,2,Seek
44,Current employee,Non-Travel,111,Research & Development,17,3,Life Sciences,1,6142,129597,2,Female,54,3,4,Manager,4,Single,16659,23258,2,Y,Yes,13,3,3,80,0,30,2,3,5,4,1,2,Seek
44,Current employee,Non-Travel,111,Research & Development,17,3,Medical,1,6144,129599,2,Female,54,3,4,Manager,4,Single,16659,23258,1,Y,Yes,13,3,3,80,0,30,2,3,5,4,1,2,Seek
44,Current employee,Non-Travel,111,Research & Development,17,3,Life Sciences,1,6145,129600,2,Female,54,3,4,Manager,4,Single,16659,23258,2,Y,Yes,13,3,3,80,0,30,2,3,5,4,1,2,Seek
44,Current employee,Non-Travel,111,Research & Development,17,3,Medical,1,6146,129601,2,Female,54,3,4,Manager,4,Single,16659,23258,1,Y,Yes,13,3,3,80,0,30,2,3,5,4,1,2,Seek
44,Current employee,Travel_Rarely,1117,Research & Development,2,1,Life Sciences,1,6326,129781,2,Female,54,2,2,Laboratory Technician,3,Married,3448,13436,6,Y,No,22,3,2,80,1,20,3,3,1,0,0,0,Recruit.net
44,Current employee,Travel_Rarely,1117,Research & Development,2,1,Life Sciences,1,6328,129783,2,Female,54,2,2,Laboratory Technician,3,Married,3448,13436,1,Y,No,22,3,2,80,1,20,3,3,1,0,0,0,Recruit.net
44,Current employee,Travel_Rarely,1117,Research & Development,2,1,Life Sciences,1,6331,129786,2,Female,54,2,2,Laboratory Technician,3,Married,3448,13436,6,Y,No,22,4,2,80,1,20,3,3,1,0,0,0,Recruit.net
44,Current employee,Travel_Rarely,1117,Research & Development,2,1,Life Sciences,1,6332,129787,2,Female,54,2,2,Laboratory Technician,3,Married,3448,13436,1,Y,No,22,4,2,80,1,20,3,3,1,0,0,0,Recruit.net
44,Current employee,Travel_Rarely,1117,Research & Development,2,1,Life Sciences,1,6334,129789,2,Female,54,2,2,Laboratory Technician,3,Married,3448,13436,6,Y,No,22,3,2,80,1,20,3,3,1,0,0,0,Recruit.net
44,Current employee,Travel_Rarely,1117,Research & Development,2,1,Life Sciences,1,6336,129791,2,Female,54,2,2,Laboratory Technician,3,Married,3448,13436,1,Y,No,22,3,2,80,1,20,3,3,1,0,0,0,Recruit.net
44,Current employee,Travel_Rarely,1117,Research & Development,2,1,Life Sciences,1,6339,129794,2,Female,54,2,2,Laboratory Technician,3,Married,3448,13436,6,Y,No,22,4,2,80,1,20,3,3,1,0,0,0,Recruit.net
44,Current employee,Travel_Rarely,1199,Research & Development,4,2,Life Sciences,1,6563,130018,2,Male,55,2,3,Manufacturing Director,3,Married,7969,19609,2,Y,Yes,14,3,3,80,0,28,4,3,5,4,0,4,LinkedIn
44,Current employee,Travel_Rarely,1199,Research & Development,4,2,Life Sciences,1,6565,130020,2,Male,55,2,3,Manufacturing Director,3,Married,7969,19609,1,Y,Yes,14,3,3,80,0,28,4,3,5,4,0,4,LinkedIn
44,Current employee,Travel_Rarely,1199,Research & Development,4,2,Life Sciences,1,6566,130021,2,Male,55,2,3,Manufacturing Director,3,Married,7969,19609,2,Y,Yes,14,3,3,80,0,28,4,3,5,4,0,4,LinkedIn
44,Current employee,Travel_Rarely,1199,Research & Development,4,2,Life Sciences,1,6567,130022,2,Male,55,2,3,Manufacturing Director,3,Married,7969,19609,1,Y,Yes,14,3,3,80,0,28,4,3,5,4,0,4,LinkedIn
44,Current employee,Travel_Rarely,1199,Research & Development,4,2,Life Sciences,1,6571,130026,2,Male,55,2,3,Manufacturing Director,3,Married,7969,19609,2,Y,Yes,14,3,3,80,0,28,4,3,5,4,0,4,LinkedIn
44,Current employee,Travel_Rarely,1199,Research & Development,4,2,Life Sciences,1,6573,130028,2,Male,55,2,3,Manufacturing Director,3,Married,7969,19609,1,Y,Yes,14,3,3,80,0,28,4,3,5,4,0,4,LinkedIn
44,Current employee,Travel_Rarely,1199,Research & Development,4,2,Life Sciences,1,6574,130029,2,Male,55,2,3,Manufacturing Director,3,Married,7969,19609,2,Y,Yes,14,3,3,80,0,28,4,3,5,4,0,4,LinkedIn
44,Current employee,Travel_Rarely,1199,Research & Development,4,2,Life Sciences,1,6575,130030,2,Male,55,2,3,Manufacturing Director,3,Married,7969,19609,1,Y,Yes,14,3,3,80,0,28,4,3,5,4,0,4,LinkedIn
44,Current employee,Non-Travel,981,Research & Development,5,3,Life Sciences,1,7361,130816,2,Male,57,,3,Sales Executive,1,Divorced,10932,11373,3,Y,No,15,3,3,80,1,20,2,3,1,0,0,1,LinkedIn
44,Current employee,Non-Travel,981,Research & Development,5,3,Life Sciences,1,7362,130817,2,Male,57,1,3,Sales Executive,1,Divorced,10932,11373,5,Y,No,15,4,3,80,1,20,2,3,1,0,0,1,LinkedIn
44,Current employee,Non-Travel,981,Research & Development,5,3,Life Sciences,1,7366,130821,2,Male,57,1,3,Sales Executive,1,Divorced,10932,11373,3,Y,No,15,3,3,80,1,20,2,3,1,0,0,1,LinkedIn
44,Current employee,Non-Travel,981,Research & Development,5,3,Life Sciences,1,7367,130822,2,Male,57,1,3,Sales Executive,1,Divorced,10932,11373,5,Y,No,15,3,3,80,1,20,2,3,1,0,0,1,LinkedIn
44,Current employee,Non-Travel,981,Research & Development,5,3,Life Sciences,1,7369,130824,2,Male,57,1,3,Sales Executive,1,Divorced,10932,11373,5,Y,No,15,4,3,80,1,20,2,3,1,0,0,1,LinkedIn
44,Current employee,Non-Travel,981,Research & Development,5,3,Life Sciences,1,7373,130828,2,Male,57,1,3,Sales Executive,1,Divorced,10932,11373,3,Y,No,15,3,3,80,1,20,2,3,1,0,0,1,LinkedIn
44,Current employee,Non-Travel,981,Research & Development,5,3,Life Sciences,1,7374,130829,2,Male,57,1,3,Sales Executive,1,Divorced,10932,11373,5,Y,No,15,3,3,80,1,20,2,3,1,0,0,1,LinkedIn
44,Current employee,Travel_Rarely,1467,Research & Development,20,3,Life Sciences,1,7376,130831,2,Female,57,2,2,Healthcare Representative,3,Single,6811,2112,2,Y,Yes,17,3,1,80,0,10,3,3,8,7,0,7,Recruit.net
44,Current employee,Travel_Rarely,1467,Research & Development,20,3,Other,1,7378,130833,2,Female,57,2,2,Healthcare Representative,3,Single,6811,2112,0,Y,Yes,17,3,1,80,0,10,3,3,8,7,0,7,Recruit.net
44,Current employee,Travel_Rarely,1467,Research & Development,20,3,Life Sciences,1,7381,130836,2,Female,57,2,2,Healthcare Representative,3,Single,6811,2112,2,Y,Yes,17,3,1,80,0,10,3,3,8,7,0,7,Recruit.net
44,Current employee,Travel_Rarely,1467,Research & Development,20,3,Other,1,7382,130837,2,Female,57,2,2,Healthcare Representative,3,Single,6811,2112,0,Y,Yes,17,3,1,80,0,10,3,3,8,7,0,7,Recruit.net
44,Current employee,Travel_Rarely,1467,Research & Development,20,3,Other,1,7385,130840,2,Female,57,2,2,Healthcare Representative,3,Single,6811,2112,0,Y,Yes,17,3,1,80,0,10,3,3,8,7,0,7,Recruit.net
44,Current employee,Travel_Rarely,1467,Research & Development,20,3,Life Sciences,1,7388,130843,2,Female,57,2,2,Healthcare Representative,3,Single,6811,2112,2,Y,Yes,17,3,1,80,0,10,3,3,8,7,0,7,Recruit.net
44,Current employee,Travel_Rarely,1467,Research & Development,20,3,Other,1,7389,130844,2,Female,57,2,2,Healthcare Representative,3,Single,6811,2112,0,Y,Yes,17,3,1,80,0,10,3,3,8,7,0,7,Recruit.net
44,Current employee,Travel_Rarely,136,Research & Development,28,3,Life Sciences,1,7590,131045,2,Male,58,2,5,Research Director,3,Divorced,19502,2125,1,Y,Yes,17,3,3,80,1,31,5,3,31,9,0,9,Company Website
44,Current employee,Travel_Rarely,136,Research & Development,28,3,Technical Degree,1,7592,131047,2,Male,58,2,5,Research Director,3,Divorced,19502,2125,2,Y,Yes,17,3,3,80,1,31,5,3,31,9,0,9,Company Website
44,Current employee,Travel_Rarely,136,Research & Development,28,3,Life Sciences,1,7593,131048,2,Male,58,2,5,Research Director,3,Divorced,19502,2125,1,Y,Yes,17,3,3,80,1,31,5,3,31,9,0,9,Company Website
44,Current employee,Travel_Rarely,136,Research & Development,28,3,Technical Degree,1,7594,131049,2,Male,58,2,5,Research Director,3,Divorced,19502,2125,2,Y,Yes,17,3,3,80,1,31,5,3,31,9,0,9,Company Website
44,Current employee,Travel_Rarely,136,Research & Development,28,3,Life Sciences,1,7598,131053,2,Male,58,2,5,Research Director,3,Divorced,19502,2125,1,Y,Yes,17,3,3,80,1,31,5,3,31,9,0,9,Company Website
44,Current employee,Travel_Rarely,136,Research & Development,28,3,Technical Degree,1,7600,131055,2,Male,58,2,5,Research Director,3,Divorced,19502,2125,2,Y,Yes,17,3,3,80,1,31,5,3,31,9,0,9,Company Website
44,Current employee,Travel_Rarely,136,Research & Development,28,3,Life Sciences,1,7601,131056,2,Male,58,2,5,Research Director,3,Divorced,19502,2125,1,Y,Yes,17,3,3,80,1,31,5,3,31,9,0,9,Company Website
44,Current employee,Travel_Rarely,136,Research & Development,28,3,Technical Degree,1,7602,131057,2,Male,58,2,5,Research Director,3,Divorced,19502,2125,2,Y,Yes,17,3,3,80,1,31,5,3,31,9,0,9,Company Website
44,Current employee,Travel_Rarely,1112,Human Resources,1,4,Life Sciences,1,7896,131351,1,Female,50,2,2,Human Resources,3,Single,5985,26894,4,Y,No,11,3,2,80,0,10,1,4,2,2,0,2,Recruit.net
44,Current employee,Travel_Rarely,1112,Human Resources,1,4,Life Sciences,1,7898,131353,1,Female,50,2,2,Human Resources,3,Single,5985,26894,0,Y,No,11,3,2,80,0,10,1,4,2,2,0,2,Recruit.net
44,Current employee,Travel_Rarely,1112,Human Resources,1,4,Life Sciences,1,7902,131357,1,Female,50,2,2,Human Resources,3,Single,5985,26894,4,Y,No,11,3,2,80,0,10,1,4,2,2,0,2,Recruit.net
44,Current employee,Travel_Rarely,1112,Human Resources,1,4,Life Sciences,1,7903,131358,1,Female,50,2,2,Human Resources,3,Single,5985,26894,0,Y,No,11,3,2,80,0,10,1,4,2,2,0,2,Recruit.net
44,Current employee,Travel_Rarely,1112,Human Resources,1,4,Life Sciences,1,7904,131359,1,Female,50,2,2,Human Resources,3,Single,5985,26894,4,Y,No,11,3,2,80,0,10,1,4,2,2,0,2,Recruit.net
44,Current employee,Travel_Rarely,1112,Human Resources,1,4,Life Sciences,1,7906,131361,1,Female,50,2,2,Human Resources,3,Single,5985,26894,0,Y,No,11,3,2,80,0,10,1,4,2,2,0,2,Recruit.net
44,Current employee,Travel_Rarely,1112,Human Resources,1,4,Life Sciences,1,7910,131365,1,Female,50,2,2,Human Resources,3,Single,5985,26894,4,Y,No,11,3,2,80,0,10,1,4,2,2,0,2,Recruit.net
44,Current employee,Travel_Rarely,1315,Research & Development,3,4,Other,1,7959,131414,4,Male,35,3,5,Manager,4,Married,19513,9358,4,Y,Yes,12,3,1,80,1,26,2,4,2,2,0,1,Adzuna
44,Current employee,Travel_Rarely,1315,Research & Development,3,4,Life Sciences,1,7962,131417,4,Male,35,3,5,Manager,4,Married,19513,9358,1,Y,Yes,12,4,1,80,1,26,2,4,2,2,0,1,Adzuna
44,Current employee,Travel_Rarely,1315,Research & Development,3,4,Other,1,7965,131420,4,Male,35,3,5,Manager,4,Married,19513,9358,4,Y,Yes,12,3,1,80,1,26,2,4,2,2,0,1,Adzuna
44,Current employee,Travel_Rarely,1315,Research & Development,3,4,Life Sciences,1,7966,131421,4,Male,35,3,5,Manager,4,Married,19513,9358,1,Y,Yes,12,3,1,80,1,26,2,4,2,2,0,1,Adzuna
44,Current employee,Travel_Rarely,1315,Research & Development,3,4,Other,1,7967,131422,4,Male,35,3,5,Manager,4,Married,19513,9358,4,Y,Yes,12,3,1,80,1,26,2,4,2,2,0,1,Adzuna
44,Current employee,Travel_Rarely,1315,Research & Development,3,4,Life Sciences,1,7970,131425,4,Male,35,3,5,Manager,4,Married,19513,9358,1,Y,Yes,12,4,1,80,1,26,2,4,2,2,0,1,Adzuna
44,Current employee,Travel_Rarely,1315,Research & Development,3,4,Other,1,7973,131428,4,Male,35,3,5,Manager,4,Married,19513,9358,4,Y,Yes,12,3,1,80,1,26,2,4,2,2,0,1,Adzuna
44,Current employee,Travel_Rarely,1315,Research & Development,3,4,Life Sciences,1,7974,131429,4,Male,35,3,5,Manager,4,Married,19513,9358,1,Y,Yes,12,3,1,80,1,26,2,4,2,2,0,1,Adzuna
44,Current employee,Travel_Rarely,528,Human Resources,1,3,Life Sciences,1,8477,131932,2,Female,60,4,2,Healthcare Representative,4,Single,7625,19383,0,Y,No,13,4,3,80,0,10,4,2,9,7,1,8,GlassDoor
44,Current employee,Travel_Rarely,528,Human Resources,1,3,Life Sciences,1,8479,131934,2,Female,60,4,2,Healthcare Representative,4,Single,7625,19383,0,Y,No,13,3,3,80,0,10,4,2,9,7,1,8,GlassDoor
44,Current employee,Travel_Rarely,528,Human Resources,1,3,Life Sciences,1,8482,131937,2,Female,60,4,2,Healthcare Representative,4,Single,7625,19383,0,Y,No,13,3,3,80,0,10,4,2,9,7,1,8,GlassDoor
44,Current employee,Travel_Rarely,528,Human Resources,1,3,Life Sciences,1,8483,131938,2,Female,60,4,2,Healthcare Representative,4,Single,7625,19383,0,Y,No,13,3,3,80,0,10,4,2,9,7,1,8,GlassDoor
44,Current employee,Travel_Rarely,528,Human Resources,1,3,Life Sciences,1,8487,131942,2,Female,60,4,2,Healthcare Representative,4,Single,7625,19383,0,Y,No,13,4,3,80,0,10,4,2,9,7,1,8,GlassDoor
44,Current employee,Travel_Rarely,528,Human Resources,1,3,Life Sciences,1,8489,131944,2,Female,60,4,2,Healthcare Representative,4,Single,7625,19383,0,Y,No,13,3,3,80,0,10,4,2,9,7,1,8,GlassDoor
44,Current employee,Travel_Rarely,528,Human Resources,1,3,Life Sciences,1,8492,131947,2,Female,60,4,2,Healthcare Representative,4,Single,7625,19383,0,Y,No,13,3,3,80,0,10,4,2,9,7,1,8,GlassDoor
44,Current employee,Travel_Rarely,528,Human Resources,1,3,Life Sciences,1,8493,131948,2,Female,60,4,2,Healthcare Representative,4,Single,7625,19383,0,Y,No,13,3,3,80,0,10,4,2,9,7,1,8,GlassDoor
44,Current employee,Travel_Rarely,921,Research & Development,2,3,Life Sciences,1,8549,132004,2,Male,60,2,3,Sales Executive,1,Married,10475,23772,5,Y,Yes,21,3,3,80,1,20,2,3,18,13,1,12,Seek
44,Current employee,Travel_Rarely,921,Research & Development,2,3,Life Sciences,1,8550,132005,2,Male,60,2,3,Sales Executive,1,Married,10475,23772,4,Y,Yes,21,4,3,80,1,20,2,3,18,13,1,12,Seek
44,Current employee,Travel_Rarely,921,Research & Development,2,3,Life Sciences,1,8554,132009,2,Male,60,2,3,Sales Executive,1,Married,10475,23772,5,Y,Yes,21,4,3,80,1,20,2,3,18,13,1,12,Seek
44,Current employee,Travel_Rarely,921,Research & Development,2,3,Life Sciences,1,8555,132010,2,Male,60,2,3,Sales Executive,1,Married,10475,23772,4,Y,Yes,21,4,3,80,1,20,2,3,18,13,1,12,Seek
44,Current employee,Travel_Rarely,921,Research & Development,2,3,Life Sciences,1,8559,132014,2,Male,60,2,3,Sales Executive,1,Married,10475,23772,5,Y,Yes,21,3,3,80,1,20,2,3,18,13,1,12,Seek
44,Current employee,Travel_Rarely,921,Research & Development,2,3,Life Sciences,1,8560,132015,2,Male,60,2,3,Sales Executive,1,Married,10475,23772,4,Y,Yes,21,4,3,80,1,20,2,3,18,13,1,12,Seek
44,Current employee,Travel_Rarely,921,Research & Development,2,3,Life Sciences,1,8564,132019,2,Male,60,2,3,Sales Executive,1,Married,10475,23772,5,Y,Yes,21,4,3,80,1,20,2,3,18,13,1,12,Seek
44,Current employee,Travel_Rarely,921,Research & Development,2,3,Life Sciences,1,8565,132020,2,Male,60,2,3,Sales Executive,1,Married,10475,23772,4,Y,Yes,21,4,3,80,1,20,2,3,18,13,1,12,Seek
44,Current employee,Non-Travel,381,Research & Development,24,3,Medical,1,8727,132182,1,Male,49,1,1,Laboratory Technician,3,Single,3708,2104,2,Y,No,14,3,3,80,0,9,5,3,5,2,1,4,Recruit.net
44,Current employee,Non-Travel,381,Research & Development,24,3,Other,1,8730,132185,1,Male,49,1,1,Laboratory Technician,3,Single,3708,2104,1,Y,No,14,3,3,80,0,9,5,3,5,2,1,4,Recruit.net
44,Current employee,Non-Travel,381,Research & Development,24,3,Medical,1,8731,132186,1,Male,49,1,1,Laboratory Technician,3,Single,3708,2104,2,Y,No,14,3,3,80,0,9,5,3,5,2,1,4,Recruit.net
44,Current employee,Non-Travel,381,Research & Development,24,3,Other,1,8732,132187,1,Male,49,1,1,Laboratory Technician,3,Single,3708,2104,1,Y,No,14,3,3,80,0,9,5,3,5,2,1,4,Recruit.net
44,Current employee,Non-Travel,381,Research & Development,24,3,Medical,1,8735,132190,1,Male,49,1,1,Laboratory Technician,3,Single,3708,2104,2,Y,No,14,3,3,80,0,9,5,3,5,2,1,4,Recruit.net
44,Current employee,Non-Travel,381,Research & Development,24,3,Other,1,8738,132193,1,Male,49,1,1,Laboratory Technician,3,Single,3708,2104,1,Y,No,14,3,3,80,0,9,5,3,5,2,1,4,Recruit.net
44,Current employee,Non-Travel,381,Research & Development,24,3,Medical,1,8739,132194,1,Male,49,1,1,Laboratory Technician,3,Single,3708,2104,2,Y,No,14,3,3,80,0,9,5,3,5,2,1,4,Recruit.net
44,Current employee,Non-Travel,381,Research & Development,24,3,Other,1,8740,132195,1,Male,49,1,1,Laboratory Technician,3,Single,3708,2104,1,Y,No,14,3,3,80,0,9,5,3,5,2,1,4,Recruit.net
44,Current employee,Travel_Rarely,170,Research & Development,1,4,Life Sciences,1,9445,132900,3,Male,62,3,4,Research Director,3,Married,17639,6881,5,Y,No,16,3,4,80,0,30,3,3,4,3,0,3,GlassDoor
44,Current employee,Travel_Rarely,170,Research & Development,1,4,Life Sciences,1,9446,132901,3,Male,62,3,4,Research Director,3,Married,17639,6881,1,Y,No,16,3,4,80,0,30,3,3,4,3,0,3,GlassDoor
44,Current employee,Travel_Rarely,170,Research & Development,1,4,Life Sciences,1,9448,132903,3,Male,62,3,4,Research Director,3,Married,17639,6881,5,Y,No,16,3,4,80,0,30,3,3,4,3,0,3,GlassDoor
44,Current employee,Travel_Rarely,170,Research & Development,1,4,Life Sciences,1,9449,132904,3,Male,62,3,4,Research Director,3,Married,17639,6881,1,Y,No,16,3,4,80,0,30,3,3,4,3,0,3,GlassDoor
44,Current employee,Travel_Rarely,170,Research & Development,1,4,Life Sciences,1,9453,132908,3,Male,62,3,4,Research Director,3,Married,17639,6881,5,Y,No,16,3,4,80,0,30,3,3,4,3,0,3,GlassDoor
44,Current employee,Travel_Rarely,170,Research & Development,1,4,Life Sciences,1,9454,132909,3,Male,62,3,4,Research Director,3,Married,17639,6881,1,Y,No,16,3,4,80,0,30,3,3,4,3,0,3,GlassDoor
44,Current employee,Travel_Rarely,170,Research & Development,1,4,Life Sciences,1,9456,132911,3,Male,62,3,4,Research Director,3,Married,17639,6881,5,Y,No,16,3,4,80,0,30,3,3,4,3,0,3,GlassDoor
44,Current employee,Travel_Rarely,170,Research & Development,1,4,Life Sciences,1,9457,132912,3,Male,62,3,4,Research Director,3,Married,17639,6881,1,Y,No,16,3,4,80,0,30,3,3,4,3,0,3,GlassDoor
44,Current employee,Travel_Rarely,625,Research & Development,4,3,Medical,1,9907,133362,4,Male,50,3,2,Healthcare Representative,2,Single,5933,5197,9,Y,No,12,4,4,80,0,10,2,2,5,2,2,3,Adzuna
44,Current employee,Travel_Rarely,625,Research & Development,4,3,Life Sciences,1,9909,133364,4,Male,50,3,2,Healthcare Representative,2,Single,5933,5197,0,Y,No,12,3,4,80,0,10,2,2,5,2,2,3,Adzuna
44,Current employee,Travel_Rarely,625,Research & Development,4,3,Medical,1,9913,133368,4,Male,50,3,2,Healthcare Representative,2,Single,5933,5197,9,Y,No,12,3,4,80,0,10,2,2,5,2,2,3,Adzuna
44,Current employee,Travel_Rarely,625,Research & Development,4,3,Life Sciences,1,9914,133369,4,Male,50,3,2,Healthcare Representative,2,Single,5933,5197,0,Y,No,12,3,4,80,0,10,2,2,5,2,2,3,Adzuna
44,Current employee,Travel_Rarely,625,Research & Development,4,3,Medical,1,9915,133370,4,Male,50,3,2,Healthcare Representative,2,Single,5933,5197,9,Y,No,12,4,4,80,0,10,2,2,5,2,2,3,Adzuna
44,Current employee,Travel_Rarely,625,Research & Development,4,3,Life Sciences,1,9917,133372,4,Male,50,3,2,Healthcare Representative,2,Single,5933,5197,0,Y,No,12,3,4,80,0,10,2,2,5,2,2,3,Adzuna
44,Current employee,Travel_Rarely,625,Research & Development,4,3,Medical,1,9921,133376,4,Male,50,3,2,Healthcare Representative,2,Single,5933,5197,9,Y,No,12,3,4,80,0,10,2,2,5,2,2,3,Adzuna
44,Current employee,Travel_Rarely,625,Research & Development,4,3,Life Sciences,1,9922,133377,4,Male,50,3,2,Healthcare Representative,2,Single,5933,5197,0,Y,No,12,3,4,80,0,10,2,2,5,2,2,3,Adzuna
44,Current employee,Travel_Rarely,986,Research & Development,8,4,Life Sciences,1,10128,133583,1,Male,62,4,1,Laboratory Technician,4,Married,2818,5044,2,Y,Yes,24,3,3,80,1,10,2,2,3,2,0,2,Recruit.net
44,Current employee,Travel_Rarely,986,Research & Development,8,4,Medical,1,10131,133586,1,Male,62,4,1,Laboratory Technician,4,Married,2818,5044,1,Y,Yes,24,3,3,80,1,10,2,2,3,2,0,2,Recruit.net
44,Current employee,Travel_Rarely,986,Research & Development,8,4,Life Sciences,1,10134,133589,1,Male,62,4,1,Laboratory Technician,4,Married,2818,5044,2,Y,Yes,24,4,3,80,1,10,2,2,3,2,0,2,Recruit.net
44,Current employee,Travel_Rarely,986,Research & Development,8,4,Medical,1,10135,133590,1,Male,62,4,1,Laboratory Technician,4,Married,2818,5044,1,Y,Yes,24,4,3,80,1,10,2,2,3,2,0,2,Recruit.net
44,Current employee,Travel_Rarely,986,Research & Development,8,4,Life Sciences,1,10136,133591,1,Male,62,4,1,Laboratory Technician,4,Married,2818,5044,2,Y,Yes,24,3,3,80,1,10,2,2,3,2,0,2,Recruit.net
44,Current employee,Travel_Rarely,986,Research & Development,8,4,Medical,1,10139,133594,1,Male,62,4,1,Laboratory Technician,4,Married,2818,5044,1,Y,Yes,24,3,3,80,1,10,2,2,3,2,0,2,Recruit.net
44,Current employee,Travel_Rarely,986,Research & Development,8,4,Life Sciences,1,10142,133597,1,Male,62,4,1,Laboratory Technician,4,Married,2818,5044,2,Y,Yes,24,4,3,80,1,10,2,2,3,2,0,2,Recruit.net
44,Current employee,Travel_Rarely,1488,,1,5,Marketing,1,10256,133711,3,Female,65,3,1,Research Scientist,1,Married,3580,10554,2,Y,No,16,3,2,80,1,7,2,3,4,2,0,2,Seek
44,Current employee,Travel_Rarely,1488,Sales,1,5,Life Sciences,1,10258,133713,3,Female,65,3,1,Research Scientist,1,Married,3580,10554,2,Y,No,16,3,2,80,1,7,2,3,4,2,0,2,Seek
44,Current employee,Travel_Rarely,1488,Sales,1,5,Marketing,1,10259,133714,3,Female,65,3,1,Research Scientist,1,Married,3580,10554,2,Y,No,16,3,2,80,1,7,2,3,4,2,0,2,Seek
44,Current employee,Travel_Rarely,1488,Sales,1,5,Life Sciences,1,10260,133715,3,Female,65,3,1,Research Scientist,1,Married,3580,10554,2,Y,No,16,3,2,80,1,7,2,3,4,2,0,2,Seek
44,Current employee,Travel_Rarely,1488,Sales,1,5,Marketing,1,10264,133719,3,Female,65,3,1,Research Scientist,1,Married,3580,10554,2,Y,No,16,3,2,80,1,7,2,3,4,2,0,2,Seek
44,Current employee,Travel_Rarely,1488,Sales,1,5,Life Sciences,1,10266,133721,3,Female,65,3,1,Research Scientist,1,Married,3580,10554,2,Y,No,16,3,2,80,1,7,2,3,4,2,0,2,Seek
44,Current employee,Travel_Rarely,1488,Sales,1,5,Marketing,1,10267,133722,3,Female,65,3,1,Research Scientist,1,Married,3580,10554,2,Y,No,16,3,2,80,1,7,2,3,4,2,0,2,Seek
44,Current employee,Travel_Rarely,1488,Sales,1,5,Life Sciences,1,10268,133723,3,Female,65,3,1,Research Scientist,1,Married,3580,10554,2,Y,No,16,3,2,80,1,7,2,3,4,2,0,2,Seek
44,Current employee,Travel_Rarely,661,Research & Development,9,2,Life Sciences,1,10561,134016,2,Male,61,3,1,Research Scientist,1,Married,2559,7508,1,Y,Yes,13,3,4,80,0,8,0,3,8,7,7,1,Seek
44,Current employee,Travel_Rarely,661,Research & Development,9,2,Medical,1,10564,134019,2,Male,61,3,1,Research Scientist,1,Married,2559,7508,3,Y,Yes,13,3,4,80,0,8,0,3,8,7,7,1,Seek
44,Current employee,Travel_Rarely,661,Research & Development,9,2,Life Sciences,1,10567,134022,2,Male,61,3,1,Research Scientist,1,Married,2559,7508,1,Y,Yes,13,3,4,80,0,8,0,3,8,7,7,1,Seek
44,Current employee,Travel_Rarely,661,Research & Development,9,2,Medical,1,10568,134023,2,Male,61,3,1,Research Scientist,1,Married,2559,7508,3,Y,Yes,13,3,4,80,0,8,0,3,8,7,7,1,Seek
44,Current employee,Travel_Rarely,661,Research & Development,9,2,Life Sciences,1,10569,134024,2,Male,61,3,1,Research Scientist,1,Married,2559,7508,1,Y,Yes,13,3,4,80,0,8,0,3,8,7,7,1,Seek
44,Current employee,Travel_Rarely,661,Research & Development,9,2,Medical,1,10573,134028,2,Male,61,3,1,Research Scientist,1,Married,2559,7508,3,Y,Yes,13,3,4,80,0,8,0,3,8,7,7,1,Seek
44,Current employee,Travel_Rarely,661,Research & Development,9,2,Life Sciences,1,10576,134031,2,Male,61,3,1,Research Scientist,1,Married,2559,7508,1,Y,Yes,13,3,4,80,0,8,0,3,8,7,7,1,Seek
44,Current employee,Travel_Rarely,661,Research & Development,9,2,Medical,1,10577,134032,2,Male,61,3,1,Research Scientist,1,Married,2559,7508,3,Y,Yes,13,3,4,80,0,8,0,3,8,7,7,1,Seek
44,Current employee,Travel_Rarely,1099,Sales,5,3,Marketing,1,11758,135213,3,Male,70,1,1,Laboratory Technician,1,Married,2451,6881,1,Y,No,15,3,1,80,1,4,3,2,4,3,1,1,Recruit.net
44,Current employee,Travel_Rarely,1099,Sales,5,3,Life Sciences,1,11759,135214,3,Male,70,1,1,Laboratory Technician,1,Married,2451,6881,1,Y,No,15,3,1,80,1,4,3,2,4,3,1,1,Recruit.net
44,Current employee,Travel_Rarely,1099,Sales,5,3,Marketing,1,11763,135218,3,Male,70,1,1,Laboratory Technician,1,Married,2451,6881,1,Y,No,15,3,1,80,1,4,3,2,4,3,1,1,Recruit.net
44,Current employee,Travel_Rarely,1099,Sales,5,3,Life Sciences,1,11764,135219,3,Male,70,1,1,Laboratory Technician,1,Married,2451,6881,1,Y,No,15,3,1,80,1,4,3,2,4,3,1,1,Recruit.net
44,Current employee,Travel_Rarely,1099,Sales,5,3,Marketing,1,11766,135221,3,Male,70,1,1,Laboratory Technician,1,Married,2451,6881,1,Y,No,15,3,1,80,1,4,3,2,4,3,1,1,Recruit.net
44,Current employee,Travel_Rarely,1099,Sales,5,3,Life Sciences,1,11767,135222,3,Male,70,1,1,Laboratory Technician,1,Married,2451,6881,1,Y,No,15,3,1,80,1,4,3,2,4,3,1,1,Recruit.net
44,Current employee,Travel_Rarely,1099,Sales,5,3,Marketing,1,11771,135226,3,Male,70,1,1,Laboratory Technician,1,Married,2451,6881,1,Y,No,15,3,1,80,1,4,3,2,4,3,1,1,Recruit.net
44,Current employee,Travel_Rarely,1112,Human Resources,1,1,Life Sciences,1,11838,135293,4,Female,65,2,4,Manufacturing Director,4,Married,12742,7060,0,Y,No,11,3,2,80,0,10,1,4,2,2,0,2,Recruit.net
44,Current employee,Travel_Rarely,1448,Sales,28,3,Medical,1,12024,135479,4,Female,53,4,4,Sales Executive,4,Married,13320,11737,3,Y,Yes,18,3,3,80,1,23,2,3,12,11,11,11,Company Website
44,Current employee,Travel_Rarely,1448,Sales,28,3,Technical Degree,1,12027,135482,4,Female,53,4,4,Sales Executive,4,Married,13320,11737,8,Y,Yes,18,3,3,80,1,23,2,3,12,11,11,11,Company Website
44,Current employee,Travel_Rarely,1448,Sales,28,3,Medical,1,12030,135485,4,Female,53,4,4,Sales Executive,4,Married,13320,11737,3,Y,Yes,18,3,3,80,1,23,2,3,12,11,11,11,Company Website
44,Current employee,Travel_Rarely,1448,Sales,28,3,Technical Degree,1,12031,135486,4,Female,53,4,4,Sales Executive,4,Married,13320,11737,8,Y,Yes,18,3,3,80,1,23,2,3,12,11,11,11,Company Website
44,Current employee,Travel_Rarely,1448,Sales,28,3,Medical,1,12032,135487,4,Female,53,4,4,Sales Executive,4,Married,13320,11737,3,Y,Yes,18,3,3,80,1,23,2,3,12,11,11,11,Company Website
44,Current employee,Travel_Rarely,1448,Sales,28,3,Technical Degree,1,12035,135490,4,Female,53,4,4,Sales Executive,4,Married,13320,11737,8,Y,Yes,18,3,3,80,1,23,2,3,12,11,11,11,Company Website
44,Current employee,Travel_Rarely,1448,Sales,28,3,Medical,1,12038,135493,4,Female,53,4,4,Sales Executive,4,Married,13320,11737,3,Y,Yes,18,3,3,80,1,23,2,3,12,11,11,11,Company Website
44,Current employee,Travel_Rarely,1448,Sales,28,3,Technical Degree,1,12039,135494,4,Female,53,4,4,Sales Executive,4,Married,13320,11737,8,Y,Yes,18,3,3,80,1,23,2,3,12,11,11,11,Company Website
44,Current employee,Non-Travel,489,Research & Development,22,3,Other,1,12089,135544,4,Female,82,3,3,Manufacturing Director,1,Single,10880,5083,1,Y,No,19,3,1,80,0,16,3,3,1,0,0,0,Company Website
44,Current employee,Travel_Frequently,383,Sales,1,5,Marketing,1,12096,135551,3,Female,71,2,1,Sales Representative,4,Single,2342,21437,0,Y,No,19,3,4,80,0,3,2,2,2,2,2,2,Recruit.net
44,Current employee,Travel_Frequently,383,Sales,1,5,Life Sciences,1,12097,135552,3,Female,71,2,1,Sales Representative,4,Single,2342,21437,8,Y,No,19,3,4,80,0,3,2,2,2,2,2,2,Recruit.net
44,Current employee,Travel_Frequently,383,Sales,1,5,Marketing,1,12101,135556,3,Female,71,2,1,Sales Representative,4,Single,2342,21437,0,Y,No,19,3,4,80,0,3,2,2,2,2,2,2,Recruit.net
44,Current employee,Travel_Frequently,383,Sales,1,5,Life Sciences,1,12102,135557,3,Female,71,2,1,Sales Representative,4,Single,2342,21437,8,Y,No,19,3,4,80,0,3,2,2,2,2,2,2,Recruit.net
44,Current employee,Travel_Frequently,383,Sales,1,5,Marketing,1,12104,135559,3,Female,71,2,1,Sales Representative,4,Single,2342,21437,0,Y,No,19,3,4,80,0,3,2,2,2,2,2,2,Recruit.net
44,Current employee,Travel_Frequently,383,Sales,1,5,Life Sciences,1,12105,135560,3,Female,71,2,1,Sales Representative,4,Single,2342,21437,8,Y,No,19,3,4,80,0,3,2,2,2,2,2,2,Recruit.net
44,Current employee,Travel_Frequently,383,Sales,1,5,Marketing,1,12109,135564,3,Female,71,2,1,Sales Representative,4,Single,2342,21437,0,Y,No,19,3,4,80,0,3,2,2,2,2,2,2,Recruit.net
44,Current employee,Travel_Frequently,383,Sales,1,5,Life Sciences,1,12110,135565,3,Female,71,2,1,Sales Representative,4,Single,2342,21437,8,Y,No,19,3,4,80,0,3,2,2,2,2,2,2,Recruit.net
44,Current employee,Travel_Rarely,477,Research & Development,7,4,Medical,1,12816,136271,3,Male,73,3,4,Manager,1,Married,17665,14399,0,Y,No,17,3,4,80,1,23,3,3,22,6,13,7,Indeed
44,Current employee,Travel_Rarely,477,Research & Development,7,4,Marketing,1,12818,136273,3,Male,73,3,4,Manager,1,Married,17665,14399,1,Y,No,17,3,4,80,1,23,3,3,22,6,13,7,Indeed
44,Current employee,Travel_Rarely,477,Research & Development,7,4,Medical,1,12821,136276,3,Male,73,3,4,Manager,1,Married,17665,14399,0,Y,No,17,3,4,80,1,23,3,3,22,6,13,7,Indeed
44,Current employee,Travel_Rarely,477,Research & Development,7,4,Marketing,1,12822,136277,3,Male,73,3,4,Manager,1,Married,17665,14399,1,Y,No,17,3,4,80,1,23,3,3,22,6,13,7,Indeed
44,Current employee,Travel_Rarely,477,Research & Development,7,4,Medical,1,12824,136279,3,Male,73,3,4,Manager,1,Married,17665,14399,0,Y,No,17,3,4,80,1,23,3,3,22,6,13,7,Indeed
44,Current employee,Travel_Rarely,477,Research & Development,7,4,Marketing,1,12826,136281,3,Male,73,3,4,Manager,1,Married,17665,14399,1,Y,No,17,3,4,80,1,23,3,3,22,6,13,7,Indeed
44,Current employee,Travel_Rarely,477,Research & Development,7,4,Medical,1,12829,136284,3,Male,73,3,4,Manager,1,Married,17665,14399,0,Y,No,17,3,4,80,1,23,3,3,22,6,13,7,Indeed
44,Current employee,Travel_Rarely,477,Research & Development,7,4,Marketing,1,12830,136285,3,Male,73,3,4,Manager,1,Married,17665,14399,1,Y,No,17,3,4,80,1,23,3,3,22,6,13,7,Indeed
44,Current employee,Non-Travel,489,Research & Development,23,3,Medical,1,13215,136670,3,Male,74,1,2,Laboratory Technician,4,Single,4272,9558,4,Y,No,19,3,1,80,0,16,3,3,1,0,0,0,Company Website
44,Current employee,Non-Travel,489,Research & Development,23,3,Other,1,13216,136671,3,Male,74,1,2,Laboratory Technician,4,Single,4272,9558,1,Y,No,19,3,1,80,0,16,3,3,1,0,0,0,Company Website
44,Current employee,Non-Travel,489,Research & Development,23,3,Medical,1,13220,136675,3,Male,74,1,2,Laboratory Technician,4,Single,4272,9558,4,Y,No,19,3,1,80,0,16,3,3,1,0,0,0,Company Website
44,Current employee,Non-Travel,489,Research & Development,23,3,Other,1,13221,136676,3,Male,74,1,2,Laboratory Technician,4,Single,4272,9558,1,Y,No,19,3,1,80,0,16,3,3,1,0,0,0,Company Website
44,Current employee,Non-Travel,489,Research & Development,23,3,Medical,1,13223,136678,3,Male,74,1,2,Laboratory Technician,4,Single,4272,9558,4,Y,No,19,3,1,80,0,16,3,3,1,0,0,0,Company Website
44,Current employee,Non-Travel,489,Research & Development,23,3,Other,1,13224,136679,3,Male,74,1,2,Laboratory Technician,4,Single,4272,9558,1,Y,No,19,3,1,80,0,16,3,3,1,0,0,0,Company Website
44,Current employee,Non-Travel,489,Research & Development,23,3,Medical,1,13228,136683,3,Male,74,1,2,Laboratory Technician,4,Single,4272,9558,4,Y,No,19,3,1,80,0,16,3,3,1,0,0,0,Company Website
44,Current employee,Non-Travel,111,Research & Development,17,3,Life Sciences,1,13816,137271,4,Male,74,1,1,Research Scientist,3,Single,2290,4279,2,Y,No,13,3,4,80,0,6,3,3,0,0,0,0,Recruit.net
44,Current employee,Non-Travel,111,Research & Development,17,3,Medical,1,13818,137273,4,Male,74,1,1,Research Scientist,3,Single,2290,4279,3,Y,No,13,3,4,80,0,6,3,3,0,0,0,0,Recruit.net
44,Current employee,Non-Travel,111,Research & Development,17,3,Life Sciences,1,13822,137277,4,Male,74,1,1,Research Scientist,3,Single,2290,4279,2,Y,No,13,3,4,80,0,6,3,3,0,0,0,0,Recruit.net
44,Current employee,Non-Travel,111,Research & Development,17,3,Medical,1,13823,137278,4,Male,74,1,1,Research Scientist,3,Single,2290,4279,3,Y,No,13,3,4,80,0,6,3,3,0,0,0,0,Recruit.net
44,Current employee,Non-Travel,111,Research & Development,17,3,Life Sciences,1,13824,137279,4,Male,74,1,1,Research Scientist,3,Single,2290,4279,2,Y,No,13,3,4,80,0,6,3,3,0,0,0,0,Recruit.net
44,Current employee,Non-Travel,111,Research & Development,17,3,Medical,1,13826,137281,4,Male,74,1,1,Research Scientist,3,Single,2290,4279,3,Y,No,13,3,4,80,0,6,3,3,0,0,0,0,Recruit.net
44,Current employee,Non-Travel,111,Research & Development,17,3,Life Sciences,1,13830,137285,4,Male,74,1,1,Research Scientist,3,Single,2290,4279,2,Y,No,13,3,4,80,0,6,3,3,0,0,0,0,Recruit.net
44,Current employee,Non-Travel,111,Research & Development,17,3,Medical,1,13831,137286,4,Male,74,1,1,Research Scientist,3,Single,2290,4279,3,Y,No,13,3,4,80,0,6,3,3,0,0,0,0,Recruit.net
44,Current employee,Travel_Rarely,200,Research & Development,29,4,Other,1,14023,137478,4,Male,32,3,2,Research Scientist,4,Single,4541,7744,1,Y,No,25,4,2,80,0,20,3,3,20,11,13,17,LinkedIn
44,Current employee,Travel_Rarely,200,Research & Development,29,4,Technical Degree,1,14026,137481,4,Male,32,3,2,Research Scientist,4,Single,4541,7744,4,Y,No,25,3,2,80,0,20,3,3,20,11,13,17,LinkedIn
44,Current employee,Travel_Rarely,200,Research & Development,29,4,Other,1,14029,137484,4,Male,32,3,2,Research Scientist,4,Single,4541,7744,1,Y,No,25,4,2,80,0,20,3,3,20,11,13,17,LinkedIn
44,Current employee,Travel_Rarely,200,Research & Development,29,4,Technical Degree,1,14030,137485,4,Male,32,3,2,Research Scientist,4,Single,4541,7744,4,Y,No,25,4,2,80,0,20,3,3,20,11,13,17,LinkedIn
44,Current employee,Travel_Rarely,200,Research & Development,29,4,Other,1,14031,137486,4,Male,32,3,2,Research Scientist,4,Single,4541,7744,1,Y,No,25,4,2,80,0,20,3,3,20,11,13,17,LinkedIn
44,Current employee,Travel_Rarely,200,Research & Development,29,4,Technical Degree,1,14034,137489,4,Male,32,3,2,Research Scientist,4,Single,4541,7744,4,Y,No,25,3,2,80,0,20,3,3,20,11,13,17,LinkedIn
44,Current employee,Travel_Rarely,200,Research & Development,29,4,Other,1,14037,137492,4,Male,32,3,2,Research Scientist,4,Single,4541,7744,1,Y,No,25,4,2,80,0,20,3,3,20,11,13,17,LinkedIn
44,Current employee,Travel_Rarely,200,Research & Development,29,4,Technical Degree,1,14038,137493,4,Male,32,3,2,Research Scientist,4,Single,4541,7744,4,Y,No,25,4,2,80,0,20,3,3,20,11,13,17,LinkedIn
44,Current employee,Travel_Rarely,1117,Research & Development,2,1,Life Sciences,1,14272,137727,1,Female,72,4,1,Research Scientist,4,Married,2011,19982,1,Y,No,13,4,4,80,1,10,5,3,10,5,7,7,Recruit.net
44,Current employee,Travel_Rarely,1117,Research & Development,2,1,Life Sciences,1,14274,137729,1,Female,72,4,1,Research Scientist,4,Married,2011,19982,2,Y,No,13,3,4,80,1,10,5,3,10,5,7,7,Recruit.net
44,Current employee,Travel_Rarely,1117,Research & Development,2,1,Life Sciences,1,14278,137733,1,Female,72,4,1,Research Scientist,4,Married,2011,19982,1,Y,No,13,3,4,80,1,10,5,3,10,5,7,7,Recruit.net
44,Current employee,Travel_Rarely,1117,Research & Development,2,1,Life Sciences,1,14279,137734,1,Female,72,4,1,Research Scientist,4,Married,2011,19982,2,Y,No,13,3,4,80,1,10,5,3,10,5,7,7,Recruit.net
44,Current employee,Travel_Rarely,1117,Research & Development,2,1,Life Sciences,1,14280,137735,1,Female,72,4,1,Research Scientist,4,Married,2011,19982,1,Y,No,13,4,4,80,1,10,5,3,10,5,7,7,Recruit.net
44,Current employee,Travel_Rarely,1117,Research & Development,2,1,Life Sciences,1,14282,137737,1,Female,72,4,1,Research Scientist,4,Married,2011,19982,2,Y,No,13,3,4,80,1,10,5,3,10,5,7,7,Recruit.net
44,Current employee,Travel_Rarely,1117,Research & Development,2,1,Life Sciences,1,14286,137741,1,Female,72,4,1,Research Scientist,4,Married,2011,19982,1,Y,No,13,3,4,80,1,10,5,3,10,5,7,7,Recruit.net
44,Current employee,Travel_Rarely,1117,Research & Development,2,1,Life Sciences,1,14287,137742,1,Female,72,4,1,Research Scientist,4,Married,2011,19982,2,Y,No,13,3,4,80,1,10,5,3,10,5,7,7,Recruit.net
44,Current employee,Travel_Rarely,1099,Sales,5,3,Marketing,1,14526,137981,2,Male,88,3,5,Manager,2,Married,18213,8751,7,Y,No,11,3,3,80,1,26,5,3,22,9,3,10,Company Website
44,Current employee,Travel_Rarely,1099,Sales,5,3,Life Sciences,1,14528,137983,2,Male,88,3,5,Manager,2,Married,18213,8751,1,Y,No,11,3,3,80,1,26,5,3,22,9,3,10,Company Website
44,Current employee,Travel_Rarely,1099,Sales,5,3,Marketing,1,14532,137987,2,Male,88,3,5,Manager,2,Married,18213,8751,7,Y,No,11,3,3,80,1,26,5,3,22,9,3,10,Company Website
44,Current employee,Travel_Rarely,1099,Sales,5,3,Life Sciences,1,14533,137988,2,Male,88,3,5,Manager,2,Married,18213,8751,1,Y,No,11,3,3,80,1,26,5,3,22,9,3,10,Company Website
44,Current employee,Travel_Rarely,1099,Sales,5,3,Marketing,1,14534,137989,2,Male,88,3,5,Manager,2,Married,18213,8751,7,Y,No,11,3,3,80,1,26,5,3,22,9,3,10,Company Website
44,Current employee,Travel_Rarely,1099,Sales,5,3,Life Sciences,1,14536,137991,2,Male,88,3,5,Manager,2,Married,18213,8751,1,Y,No,11,3,3,80,1,26,5,3,22,9,3,10,Company Website
44,Current employee,Travel_Rarely,1099,Sales,5,3,Marketing,1,14540,137995,2,Male,88,3,5,Manager,2,Married,18213,8751,7,Y,No,11,3,3,80,1,26,5,3,22,9,3,10,Company Website
44,Current employee,Travel_Rarely,1099,Sales,5,3,Life Sciences,1,14541,137996,2,Male,88,3,5,Manager,2,Married,18213,8751,1,Y,No,11,3,3,80,1,26,5,3,22,9,3,10,Company Website
44,Current employee,Travel_Rarely,1199,Research & Development,4,2,Life Sciences,1,14769,138224,3,Male,92,4,5,Manager,1,Divorced,19190,17477,1,Y,No,14,3,4,80,2,26,4,2,25,9,14,13,Company Website
44,Current employee,Travel_Rarely,1199,Research & Development,4,2,Life Sciences,1,14772,138227,3,Male,92,4,5,Manager,1,Divorced,19190,17477,1,Y,No,14,3,4,80,2,26,4,2,25,9,14,13,Company Website
44,Current employee,Travel_Rarely,1199,Research & Development,4,2,Life Sciences,1,14775,138230,3,Male,92,4,5,Manager,1,Divorced,19190,17477,1,Y,No,14,3,4,80,2,26,4,2,25,9,14,13,Company Website
44,Current employee,Travel_Rarely,1199,Research & Development,4,2,Life Sciences,1,14776,138231,3,Male,92,4,5,Manager,1,Divorced,19190,17477,1,Y,No,14,3,4,80,2,26,4,2,25,9,14,13,Company Website
44,Current employee,Travel_Rarely,1199,Research & Development,4,2,Life Sciences,1,14777,138232,3,Male,92,4,5,Manager,1,Divorced,19190,17477,1,Y,No,14,3,4,80,2,26,4,2,25,9,14,13,Company Website
44,Current employee,Travel_Rarely,1199,Research & Development,4,2,Life Sciences,1,14780,138235,3,Male,92,4,5,Manager,1,Divorced,19190,17477,1,Y,No,14,3,4,80,2,26,4,2,25,9,14,13,Company Website
44,Current employee,Travel_Rarely,1199,Research & Development,4,2,Life Sciences,1,14782,138237,3,Male,92,4,5,Manager,1,Divorced,19190,17477,1,Y,No,14,3,4,80,2,26,4,2,25,9,14,13,Company Website
44,Current employee,Travel_Rarely,1199,Research & Development,4,2,Life Sciences,1,14783,138238,3,Male,92,4,5,Manager,1,Divorced,19190,17477,1,Y,No,14,3,4,80,2,26,4,2,25,9,14,13,Company Website
44,Current employee,Non-Travel,489,Research & Development,18,2,Medical,1,15218,138673,1,Male,32,3,2,Manufacturing Director,3,Single,4534,13352,1,Y,No,12,3,3,80,1,17,3,4,3,2,1,2,Seek
44,Current employee,Non-Travel,381,Research & Development,24,3,Medical,1,15446,138901,3,Female,79,3,2,Sales Executive,1,Single,6125,23553,1,Y,No,12,3,4,80,0,10,6,4,10,8,9,6,Seek
44,Current employee,Non-Travel,381,Research & Development,24,3,Technical Degree,1,15448,138903,3,Female,79,3,2,Sales Executive,1,Single,6125,23553,7,Y,No,12,3,4,80,0,10,6,4,10,8,9,6,Seek
44,Current employee,Non-Travel,381,Research & Development,24,3,Medical,1,15451,138906,3,Female,79,3,2,Sales Executive,1,Single,6125,23553,1,Y,No,12,3,4,80,0,10,6,4,10,8,9,6,Seek
44,Current employee,Non-Travel,381,Research & Development,24,3,Technical Degree,1,15452,138907,3,Female,79,3,2,Sales Executive,1,Single,6125,23553,7,Y,No,12,3,4,80,0,10,6,4,10,8,9,6,Seek
44,Current employee,Non-Travel,381,Research & Development,24,3,Medical,1,15454,138909,3,Female,79,3,2,Sales Executive,1,Single,6125,23553,1,Y,No,12,3,4,80,0,10,6,4,10,8,9,6,Seek
44,Current employee,Non-Travel,381,Research & Development,24,3,Technical Degree,1,15456,138911,3,Female,79,3,2,Sales Executive,1,Single,6125,23553,7,Y,No,12,3,4,80,0,10,6,4,10,8,9,6,Seek
44,Current employee,Non-Travel,381,Research & Development,24,3,Medical,1,15459,138914,3,Female,79,3,2,Sales Executive,1,Single,6125,23553,1,Y,No,12,3,4,80,0,10,6,4,10,8,9,6,Seek
44,Current employee,Non-Travel,381,Research & Development,24,3,Technical Degree,1,15460,138915,3,Female,79,3,2,Sales Executive,1,Single,6125,23553,7,Y,No,12,3,4,80,0,10,6,4,10,8,9,6,Seek
44,Current employee,Travel_Rarely,625,Research & Development,4,3,Medical,1,15839,139294,3,Male,80,3,1,Research Scientist,3,Married,2996,5182,7,Y,Yes,15,3,4,80,0,8,2,3,6,4,1,3,Recruit.net
44,Current employee,Travel_Rarely,625,Research & Development,4,3,Life Sciences,1,15841,139296,3,Male,80,3,1,Research Scientist,3,Married,2996,5182,3,Y,Yes,15,4,4,80,0,8,2,3,6,4,1,3,Recruit.net
44,Current employee,Travel_Rarely,625,Research & Development,4,3,Medical,1,15844,139299,3,Male,80,3,1,Research Scientist,3,Married,2996,5182,7,Y,Yes,15,3,4,80,0,8,2,3,6,4,1,3,Recruit.net
44,Current employee,Travel_Rarely,625,Research & Development,4,3,Life Sciences,1,15845,139300,3,Male,80,3,1,Research Scientist,3,Married,2996,5182,3,Y,Yes,15,3,4,80,0,8,2,3,6,4,1,3,Recruit.net
44,Current employee,Travel_Rarely,625,Research & Development,4,3,Medical,1,15847,139302,3,Male,80,3,1,Research Scientist,3,Married,2996,5182,7,Y,Yes,15,3,4,80,0,8,2,3,6,4,1,3,Recruit.net
44,Current employee,Travel_Rarely,625,Research & Development,4,3,Life Sciences,1,15849,139304,3,Male,80,3,1,Research Scientist,3,Married,2996,5182,3,Y,Yes,15,4,4,80,0,8,2,3,6,4,1,3,Recruit.net
44,Current employee,Travel_Rarely,625,Research & Development,4,3,Medical,1,15852,139307,3,Male,80,3,1,Research Scientist,3,Married,2996,5182,7,Y,Yes,15,3,4,80,0,8,2,3,6,4,1,3,Recruit.net
44,Current employee,Travel_Rarely,625,Research & Development,4,3,Life Sciences,1,15853,139308,3,Male,80,3,1,Research Scientist,3,Married,2996,5182,3,Y,Yes,15,3,4,80,0,8,2,3,6,4,1,3,Recruit.net
44,Current employee,Travel_Rarely,1448,Sales,28,3,Medical,1,16508,139963,4,Male,82,3,3,Sales Executive,4,Divorced,10096,15986,4,Y,No,11,3,1,80,1,28,1,4,7,7,4,3,Recruit.net
44,Current employee,Travel_Rarely,1448,Sales,28,3,Technical Degree,1,16510,139965,4,Male,82,3,3,Sales Executive,4,Divorced,10096,15986,8,Y,No,11,3,1,80,1,28,1,4,7,7,4,3,Recruit.net
44,Current employee,Travel_Rarely,1448,Sales,28,3,Medical,1,16511,139966,4,Male,82,3,3,Sales Executive,4,Divorced,10096,15986,4,Y,No,11,3,1,80,1,28,1,4,7,7,4,3,Recruit.net
44,Current employee,Travel_Rarely,1448,Sales,28,3,Technical Degree,1,16512,139967,4,Male,82,3,3,Sales Executive,4,Divorced,10096,15986,8,Y,No,11,3,1,80,1,28,1,4,7,7,4,3,Recruit.net
44,Current employee,Travel_Rarely,1448,Sales,28,3,Medical,1,16516,139971,4,Male,82,3,3,Sales Executive,4,Divorced,10096,15986,4,Y,No,11,3,1,80,1,28,1,4,7,7,4,3,Recruit.net
44,Current employee,Travel_Rarely,1448,Sales,28,3,Technical Degree,1,16518,139973,4,Male,82,3,3,Sales Executive,4,Divorced,10096,15986,8,Y,No,11,3,1,80,1,28,1,4,7,7,4,3,Recruit.net
44,Current employee,Travel_Rarely,1448,Sales,28,3,Medical,1,16519,139974,4,Male,82,3,3,Sales Executive,4,Divorced,10096,15986,4,Y,No,11,3,1,80,1,28,1,4,7,7,4,3,Recruit.net
44,Current employee,Travel_Rarely,1448,Sales,28,3,Technical Degree,1,16520,139975,4,Male,82,3,3,Sales Executive,4,Divorced,10096,15986,8,Y,No,11,3,1,80,1,28,1,4,7,7,4,3,Recruit.net
44,Current employee,Non-Travel,981,Research & Development,5,3,Life Sciences,1,16681,140136,3,Male,90,2,1,Laboratory Technician,3,Single,3162,7973,3,Y,No,14,4,4,80,0,7,5,3,5,2,0,3,Jora
44,Current employee,Non-Travel,981,Research & Development,5,3,Life Sciences,1,16683,140138,3,Male,90,2,1,Laboratory Technician,3,Single,3162,7973,1,Y,No,14,3,4,80,0,7,5,3,5,2,0,3,Jora
44,Current employee,Non-Travel,981,Research & Development,5,3,Life Sciences,1,16687,140142,3,Male,90,2,1,Laboratory Technician,3,Single,3162,7973,3,Y,No,14,3,4,80,0,7,5,3,5,2,0,3,Jora
44,Current employee,Non-Travel,981,Research & Development,5,3,Life Sciences,1,16688,140143,3,Male,90,2,1,Laboratory Technician,3,Single,3162,7973,1,Y,No,14,3,4,80,0,7,5,3,5,2,0,3,Jora
44,Current employee,Non-Travel,981,Research & Development,5,3,Life Sciences,1,16689,140144,3,Male,90,2,1,Laboratory Technician,3,Single,3162,7973,3,Y,No,14,4,4,80,0,7,5,3,5,2,0,3,Jora
44,Current employee,Non-Travel,981,Research & Development,5,3,Life Sciences,1,16691,140146,3,Male,90,2,1,Laboratory Technician,3,Single,3162,7973,1,Y,No,14,3,4,80,0,7,5,3,5,2,0,3,Jora
44,Current employee,Non-Travel,981,Research & Development,5,3,Life Sciences,1,16695,140150,3,Male,90,2,1,Laboratory Technician,3,Single,3162,7973,3,Y,No,14,3,4,80,0,7,5,3,5,2,0,3,Jora
44,Current employee,Travel_Rarely,1467,Research & Development,20,3,Life Sciences,1,16744,140199,4,Male,49,3,1,Research Scientist,2,Single,3420,21158,1,Y,No,13,3,3,80,0,6,3,2,5,2,1,3,GlassDoor
44,Current employee,Travel_Rarely,1467,Research & Development,20,3,Medical,1,16746,140201,4,Male,49,3,1,Research Scientist,2,Single,3420,21158,3,Y,No,13,3,3,80,0,6,3,2,5,2,1,3,GlassDoor
44,Current employee,Travel_Rarely,1467,Research & Development,20,3,Life Sciences,1,16750,140205,4,Male,49,3,1,Research Scientist,2,Single,3420,21158,1,Y,No,13,3,3,80,0,6,3,2,5,2,1,3,GlassDoor
44,Current employee,Travel_Rarely,1467,Research & Development,20,3,Medical,1,16751,140206,4,Male,49,3,1,Research Scientist,2,Single,3420,21158,3,Y,No,13,3,3,80,0,6,3,2,5,2,1,3,GlassDoor
44,Current employee,Travel_Rarely,1467,Research & Development,20,3,Life Sciences,1,16752,140207,4,Male,49,3,1,Research Scientist,2,Single,3420,21158,1,Y,No,13,3,3,80,0,6,3,2,5,2,1,3,GlassDoor
44,Current employee,Travel_Rarely,1467,Research & Development,20,3,Medical,1,16754,140209,4,Male,49,3,1,Research Scientist,2,Single,3420,21158,3,Y,No,13,3,3,80,0,6,3,2,5,2,1,3,GlassDoor
44,Current employee,Travel_Rarely,1467,Research & Development,20,3,Life Sciences,1,16758,140213,4,Male,49,3,1,Research Scientist,2,Single,3420,21158,1,Y,No,13,3,3,80,0,6,3,2,5,2,1,3,GlassDoor
44,Current employee,Travel_Rarely,1467,Research & Development,20,3,Medical,1,16759,140214,4,Male,49,3,1,Research Scientist,2,Single,3420,21158,3,Y,No,13,3,3,80,0,6,3,2,5,2,1,3,GlassDoor
44,Current employee,Travel_Frequently,383,Sales,1,5,Marketing,1,16824,140279,1,Female,79,3,2,Sales Executive,3,Married,4768,9282,7,Y,No,12,3,3,80,1,11,4,2,1,0,0,0,GlassDoor
44,Current employee,Travel_Frequently,383,Sales,1,5,Life Sciences,1,16826,140281,1,Female,79,3,2,Sales Executive,3,Married,4768,9282,4,Y,No,12,3,3,80,1,11,4,2,1,0,0,0,GlassDoor
44,Current employee,Travel_Frequently,383,Sales,1,5,Marketing,1,16830,140285,1,Female,79,3,2,Sales Executive,3,Married,4768,9282,7,Y,No,12,3,3,80,1,11,4,2,1,0,0,0,GlassDoor
44,Current employee,Travel_Frequently,383,Sales,1,5,Life Sciences,1,16831,140286,1,Female,79,3,2,Sales Executive,3,Married,4768,9282,4,Y,No,12,3,3,80,1,11,4,2,1,0,0,0,GlassDoor
44,Current employee,Travel_Frequently,383,Sales,1,5,Marketing,1,16832,140287,1,Female,79,3,2,Sales Executive,3,Married,4768,9282,7,Y,No,12,3,3,80,1,11,4,2,1,0,0,0,GlassDoor
44,Current employee,Travel_Frequently,383,Sales,1,5,Life Sciences,1,16834,140289,1,Female,79,3,2,Sales Executive,3,Married,4768,9282,4,Y,No,12,3,3,80,1,11,4,2,1,0,0,0,GlassDoor
44,Current employee,Travel_Frequently,383,Sales,1,5,Marketing,1,16838,140293,1,Female,79,3,2,Sales Executive,3,Married,4768,9282,7,Y,No,12,3,3,80,1,11,4,2,1,0,0,0,GlassDoor
44,Current employee,Travel_Frequently,383,Sales,1,5,Life Sciences,1,16839,140294,1,Female,79,3,2,Sales Executive,3,Married,4768,9282,4,Y,No,12,3,3,80,1,11,4,2,1,0,0,0,GlassDoor
44,Current employee,Travel_Frequently,1193,Research & Development,2,1,Medical,1,16998,140453,2,Male,86,3,3,Manufacturing Director,3,Single,10209,19719,5,Y,Yes,18,3,2,80,0,16,2,2,2,2,2,2,GlassDoor
44,Current employee,Travel_Frequently,1193,Research & Development,2,1,Life Sciences,1,17000,140455,2,Male,86,3,3,Manufacturing Director,3,Single,10209,19719,1,Y,Yes,18,4,2,80,0,16,2,2,2,2,2,2,GlassDoor
44,Current employee,Travel_Frequently,1193,Research & Development,2,1,Medical,1,17004,140459,2,Male,86,3,3,Manufacturing Director,3,Single,10209,19719,5,Y,Yes,18,3,2,80,0,16,2,2,2,2,2,2,GlassDoor
44,Current employee,Travel_Frequently,1193,Research & Development,2,1,Life Sciences,1,17005,140460,2,Male,86,3,3,Manufacturing Director,3,Single,10209,19719,1,Y,Yes,18,3,2,80,0,16,2,2,2,2,2,2,GlassDoor
44,Current employee,Travel_Frequently,1193,Research & Development,2,1,Medical,1,17006,140461,2,Male,86,3,3,Manufacturing Director,3,Single,10209,19719,5,Y,Yes,18,3,2,80,0,16,2,2,2,2,2,2,GlassDoor
44,Current employee,Travel_Frequently,1193,Research & Development,2,1,Life Sciences,1,17008,140463,2,Male,86,3,3,Manufacturing Director,3,Single,10209,19719,1,Y,Yes,18,4,2,80,0,16,2,2,2,2,2,2,GlassDoor
44,Current employee,Travel_Frequently,1193,Research & Development,2,1,Medical,1,17011,140466,2,Male,86,3,3,Manufacturing Director,3,Single,10209,19719,5,Y,Yes,18,3,2,80,0,16,2,2,2,2,2,2,GlassDoor
44,Current employee,Travel_Frequently,1193,Research & Development,2,1,Life Sciences,1,17012,140467,2,Male,86,3,3,Manufacturing Director,3,Single,10209,19719,1,Y,Yes,18,3,2,80,0,16,2,2,2,2,2,2,GlassDoor
44,Current employee,Travel_Rarely,136,Research & Development,28,3,Life Sciences,1,17250,140705,4,Male,32,3,4,Research Director,1,Married,16328,22074,3,Y,No,13,4,3,80,1,24,1,4,20,6,14,17,LinkedIn
44,Current employee,Travel_Rarely,136,Research & Development,28,3,Technical Degree,1,17253,140708,4,Male,32,3,4,Research Director,1,Married,16328,22074,2,Y,No,13,3,3,80,1,24,1,4,20,6,14,17,LinkedIn
44,Current employee,Travel_Rarely,136,Research & Development,28,3,Life Sciences,1,17254,140709,4,Male,32,3,4,Research Director,1,Married,16328,22074,3,Y,No,13,3,3,80,1,24,1,4,20,6,14,17,LinkedIn
44,Current employee,Travel_Rarely,136,Research & Development,28,3,Technical Degree,1,17255,140710,4,Male,32,3,4,Research Director,1,Married,16328,22074,2,Y,No,13,3,3,80,1,24,1,4,20,6,14,17,LinkedIn
44,Current employee,Travel_Rarely,136,Research & Development,28,3,Life Sciences,1,17258,140713,4,Male,32,3,4,Research Director,1,Married,16328,22074,3,Y,No,13,4,3,80,1,24,1,4,20,6,14,17,LinkedIn
44,Current employee,Travel_Rarely,136,Research & Development,28,3,Technical Degree,1,17261,140716,4,Male,32,3,4,Research Director,1,Married,16328,22074,2,Y,No,13,3,3,80,1,24,1,4,20,6,14,17,LinkedIn
44,Current employee,Travel_Rarely,136,Research & Development,28,3,Life Sciences,1,17262,140717,4,Male,32,3,4,Research Director,1,Married,16328,22074,3,Y,No,13,3,3,80,1,24,1,4,20,6,14,17,LinkedIn
44,Current employee,Travel_Rarely,136,Research & Development,28,3,Technical Degree,1,17263,140718,4,Male,32,3,4,Research Director,1,Married,16328,22074,2,Y,No,13,3,3,80,1,24,1,4,20,6,14,17,LinkedIn
44,Current employee,Travel_Rarely,1117,Research & Development,6,3,Marketing,1,17282,140737,2,Female,32,3,3,Manufacturing Director,2,Single,8376,9150,1,Y,No,22,4,2,80,1,20,3,3,1,0,0,0,Recruit.net
44,Current employee,Travel_Frequently,1193,Research & Development,2,1,Life Sciences,1,17973,141428,4,Male,86,4,3,Sales Executive,3,Married,8237,4658,4,Y,No,11,4,1,80,1,11,3,3,7,6,7,6,Company Website
44,Current employee,Travel_Frequently,1193,Research & Development,2,1,Medical,1,17977,141432,4,Male,86,4,3,Sales Executive,3,Married,8237,4658,2,Y,No,11,3,1,80,1,11,3,3,7,6,7,6,Company Website
44,Current employee,Travel_Frequently,1193,Research & Development,2,1,Life Sciences,1,17978,141433,4,Male,86,4,3,Sales Executive,3,Married,8237,4658,4,Y,No,11,3,1,80,1,11,3,3,7,6,7,6,Company Website
44,Current employee,Travel_Frequently,1193,Research & Development,2,1,Life Sciences,1,17980,141435,4,Male,86,4,3,Sales Executive,3,Married,8237,4658,4,Y,No,11,4,1,80,1,11,3,3,7,6,7,6,Company Website
44,Current employee,Travel_Frequently,1193,Research & Development,2,1,Medical,1,17983,141438,4,Male,86,4,3,Sales Executive,3,Married,8237,4658,2,Y,No,11,3,1,80,1,11,3,3,7,6,7,6,Company Website
44,Current employee,Travel_Frequently,1193,Research & Development,2,1,Life Sciences,1,17984,141439,4,Male,86,4,3,Sales Executive,3,Married,8237,4658,4,Y,No,11,3,1,80,1,11,3,3,7,6,7,6,Company Website
44,Current employee,Travel_Rarely,1313,Research & Development,7,3,Medical,1,18215,141670,2,Female,31,3,5,Research Director,4,Divorced,19049,3549,0,Y,Yes,14,3,4,80,1,23,4,2,22,7,1,10,Company Website
44,Current employee,Travel_Rarely,1313,Research & Development,7,3,Marketing,1,18217,141672,2,Female,31,3,5,Research Director,4,Divorced,19049,3549,2,Y,Yes,14,3,4,80,1,23,4,2,22,7,1,10,Company Website
44,Current employee,Travel_Rarely,1313,Research & Development,7,3,Medical,1,18221,141676,2,Female,31,3,5,Research Director,4,Divorced,19049,3549,0,Y,Yes,14,3,4,80,1,23,4,2,22,7,1,10,Company Website
44,Current employee,Travel_Rarely,1313,Research & Development,7,3,Marketing,1,18222,141677,2,Female,31,3,5,Research Director,4,Divorced,19049,3549,2,Y,Yes,14,3,4,80,1,23,4,2,22,7,1,10,Company Website
44,Current employee,Travel_Rarely,1313,Research & Development,7,3,Marketing,1,18224,141679,2,Female,31,3,5,Research Director,4,Divorced,19049,3549,2,Y,Yes,14,3,4,80,1,23,4,2,22,7,1,10,Company Website
44,Current employee,Travel_Rarely,1313,Research & Development,7,3,Medical,1,18228,141683,2,Female,31,3,5,Research Director,4,Divorced,19049,3549,0,Y,Yes,14,3,4,80,1,23,4,2,22,7,1,10,Company Website
44,Current employee,Travel_Rarely,1313,Research & Development,7,3,Marketing,1,18229,141684,2,Female,31,3,5,Research Director,4,Divorced,19049,3549,2,Y,Yes,14,3,4,80,1,23,4,2,22,7,1,10,Company Website
44,Current employee,Travel_Rarely,1313,Research & Development,7,3,Medical,1,18276,141731,4,Male,87,3,2,Sales Executive,1,Single,5332,21602,7,Y,No,13,3,4,80,0,10,3,3,5,2,0,3,Recruit.net
44,Current employee,Travel_Rarely,1313,Research & Development,7,3,Marketing,1,18278,141733,4,Male,87,3,2,Sales Executive,1,Single,5332,21602,6,Y,No,13,3,4,80,0,10,3,3,5,2,0,3,Recruit.net
44,Current employee,Travel_Rarely,1313,Research & Development,7,3,Medical,1,18281,141736,4,Male,87,3,2,Sales Executive,1,Single,5332,21602,7,Y,No,13,3,4,80,0,10,3,3,5,2,0,3,Recruit.net
44,Current employee,Travel_Rarely,1313,Research & Development,7,3,Marketing,1,18282,141737,4,Male,87,3,2,Sales Executive,1,Single,5332,21602,6,Y,No,13,3,4,80,0,10,3,3,5,2,0,3,Recruit.net
44,Current employee,Travel_Rarely,1313,Research & Development,7,3,Medical,1,18283,141738,4,Male,87,3,2,Sales Executive,1,Single,5332,21602,7,Y,No,13,3,4,80,0,10,3,3,5,2,0,3,Recruit.net
44,Current employee,Travel_Rarely,1313,Research & Development,7,3,Marketing,1,18285,141740,4,Male,87,3,2,Sales Executive,1,Single,5332,21602,6,Y,No,13,3,4,80,0,10,3,3,5,2,0,3,Recruit.net
44,Current employee,Travel_Rarely,1313,Research & Development,7,3,Medical,1,18288,141743,4,Male,87,3,2,Sales Executive,1,Single,5332,21602,7,Y,No,13,3,4,80,0,10,3,3,5,2,0,3,Recruit.net
44,Current employee,Travel_Rarely,1313,Research & Development,7,3,Marketing,1,18289,141744,4,Male,87,3,2,Sales Executive,1,Single,5332,21602,6,Y,No,13,3,4,80,0,10,3,3,5,2,0,3,Recruit.net
44,Current employee,Non-Travel,981,Research & Development,10,5,Medical,1,18352,141807,2,Male,76,3,2,Manufacturing Director,1,Married,5377,3835,1,Y,No,14,3,4,80,0,7,5,3,5,2,0,3,Jora
44,Current employee,Travel_Rarely,528,Human Resources,3,2,Life Sciences,1,18405,141860,4,Female,87,1,2,Manufacturing Director,1,Divorced,4877,20460,0,Y,Yes,18,3,1,80,3,8,2,3,2,2,2,2,LinkedIn
44,Current employee,Travel_Rarely,1037,Research & Development,4,3,Life Sciences,1,18539,141994,1,Female,81,3,2,Manufacturing Director,3,Single,5042,3140,0,Y,No,14,3,4,80,1,3,2,3,2,2,2,1,Jora
44,Current employee,Travel_Rarely,986,Research & Development,12,3,Medical,1,18578,142033,4,Female,87,2,3,Manufacturing Director,3,Married,7756,14199,1,Y,Yes,24,4,3,80,1,10,2,2,3,2,0,2,Recruit.net
44,Current employee,Travel_Frequently,602,Human Resources,1,5,Human Resources,1,18628,142083,1,Male,37,3,2,Human Resources,4,Married,5743,10503,4,Y,Yes,11,3,3,80,0,14,3,3,10,7,0,2,Seek
44,Current employee,Travel_Frequently,602,Human Resources,1,5,Life Sciences,1,18630,142085,1,Male,37,3,2,Human Resources,4,Married,5743,10503,0,Y,Yes,11,3,3,80,0,14,3,3,10,7,0,2,Seek
44,Current employee,Travel_Frequently,602,Human Resources,1,5,Human Resources,1,18634,142089,1,Male,37,3,2,Human Resources,4,Married,5743,10503,4,Y,Yes,11,3,3,80,0,14,3,3,10,7,0,2,Seek
44,Current employee,Travel_Frequently,602,Human Resources,1,5,Life Sciences,1,18635,142090,1,Male,37,3,2,Human Resources,4,Married,5743,10503,0,Y,Yes,11,3,3,80,0,14,3,3,10,7,0,2,Seek
44,Current employee,Travel_Frequently,602,Human Resources,1,5,Human Resources,1,18636,142091,1,Male,37,3,2,Human Resources,4,Married,5743,10503,4,Y,Yes,11,3,3,80,0,14,3,3,10,7,0,2,Seek
44,Current employee,Travel_Frequently,602,Human Resources,1,5,Life Sciences,1,18638,142093,1,Male,37,3,2,Human Resources,4,Married,5743,10503,0,Y,Yes,11,3,3,80,0,14,3,3,10,7,0,2,Seek
44,Current employee,Travel_Frequently,602,Human Resources,1,5,Human Resources,1,18642,142097,1,Male,37,3,2,Human Resources,4,Married,5743,10503,4,Y,Yes,11,3,3,80,0,14,3,3,10,7,0,2,Seek
44,Current employee,Travel_Rarely,1099,Sales,12,3,Medical,1,18803,142258,4,Male,66,3,2,Manufacturing Director,2,Married,5295,7693,1,Y,No,15,3,1,80,1,4,3,2,4,3,1,1,Recruit.net
44,Current employee,Travel_Rarely,528,Human Resources,1,3,Life Sciences,1,19191,142646,3,Female,44,3,1,Human Resources,4,Divorced,3195,4167,4,Y,Yes,18,3,1,80,3,8,2,3,2,2,2,2,LinkedIn
44,Current employee,Travel_Rarely,528,Human Resources,1,3,Life Sciences,1,19193,142648,3,Female,44,3,1,Human Resources,4,Divorced,3195,4167,0,Y,Yes,18,3,1,80,3,8,2,3,2,2,2,2,LinkedIn
44,Current employee,Travel_Rarely,528,Human Resources,1,3,Life Sciences,1,19197,142652,3,Female,44,3,1,Human Resources,4,Divorced,3195,4167,4,Y,Yes,18,3,1,80,3,8,2,3,2,2,2,2,LinkedIn
44,Current employee,Travel_Rarely,528,Human Resources,1,3,Life Sciences,1,19198,142653,3,Female,44,3,1,Human Resources,4,Divorced,3195,4167,0,Y,Yes,18,3,1,80,3,8,2,3,2,2,2,2,LinkedIn
44,Current employee,Travel_Rarely,528,Human Resources,1,3,Life Sciences,1,19199,142654,3,Female,44,3,1,Human Resources,4,Divorced,3195,4167,4,Y,Yes,18,3,1,80,3,8,2,3,2,2,2,2,LinkedIn
44,Current employee,Travel_Rarely,528,Human Resources,1,3,Life Sciences,1,19201,142656,3,Female,44,3,1,Human Resources,4,Divorced,3195,4167,0,Y,Yes,18,3,1,80,3,8,2,3,2,2,2,2,LinkedIn
44,Current employee,Travel_Rarely,528,Human Resources,1,3,Life Sciences,1,19205,142660,3,Female,44,3,1,Human Resources,4,Divorced,3195,4167,4,Y,Yes,18,3,1,80,3,8,2,3,2,2,2,2,LinkedIn
44,Current employee,Travel_Rarely,921,Research & Development,2,3,Life Sciences,1,19410,142865,3,Female,96,4,3,Healthcare Representative,4,Married,7879,14810,1,Y,Yes,19,3,2,80,1,9,2,3,8,7,6,7,Indeed
44,Current employee,Travel_Rarely,921,Research & Development,2,3,Life Sciences,1,19412,142867,3,Female,96,4,3,Healthcare Representative,4,Married,7879,14810,0,Y,Yes,19,3,2,80,1,9,2,3,8,7,6,7,Indeed
44,Current employee,Travel_Rarely,921,Research & Development,2,3,Life Sciences,1,19416,142871,3,Female,96,4,3,Healthcare Representative,4,Married,7879,14810,1,Y,Yes,19,3,2,80,1,9,2,3,8,7,6,7,Indeed
44,Current employee,Travel_Rarely,921,Research & Development,2,3,Life Sciences,1,19417,142872,3,Female,96,4,3,Healthcare Representative,4,Married,7879,14810,0,Y,Yes,19,3,2,80,1,9,2,3,8,7,6,7,Indeed
44,Current employee,Travel_Rarely,921,Research & Development,2,3,Life Sciences,1,19418,142873,3,Female,96,4,3,Healthcare Representative,4,Married,7879,14810,1,Y,Yes,19,3,2,80,1,9,2,3,8,7,6,7,Indeed
44,Current employee,Travel_Rarely,921,Research & Development,2,3,Life Sciences,1,19420,142875,3,Female,96,4,3,Healthcare Representative,4,Married,7879,14810,0,Y,Yes,19,3,2,80,1,9,2,3,8,7,6,7,Indeed
44,Current employee,Travel_Rarely,921,Research & Development,2,3,Life Sciences,1,19424,142879,3,Female,96,4,3,Healthcare Representative,4,Married,7879,14810,1,Y,Yes,19,3,2,80,1,9,2,3,8,7,6,7,Indeed
44,Current employee,Travel_Rarely,921,Research & Development,2,3,Life Sciences,1,19425,142880,3,Female,96,4,3,Healthcare Representative,4,Married,7879,14810,0,Y,Yes,19,3,2,80,1,9,2,3,8,7,6,7,Indeed
44,Current employee,Travel_Rarely,1037,Research & Development,1,3,Medical,1,19906,143361,4,Male,91,3,1,Human Resources,4,Married,2145,2097,0,Y,No,14,3,4,80,1,3,2,3,2,2,2,1,Jora
44,Current employee,Travel_Rarely,1037,Research & Development,1,3,Life Sciences,1,19907,143362,4,Male,91,3,1,Human Resources,4,Married,2145,2097,0,Y,No,14,3,4,80,1,3,2,3,2,2,2,1,Jora
44,Current employee,Travel_Rarely,1037,Research & Development,1,3,Medical,1,19911,143366,4,Male,91,3,1,Human Resources,4,Married,2145,2097,0,Y,No,14,3,4,80,1,3,2,3,2,2,2,1,Jora
44,Current employee,Travel_Rarely,1037,Research & Development,1,3,Life Sciences,1,19912,143367,4,Male,91,3,1,Human Resources,4,Married,2145,2097,0,Y,No,14,3,4,80,1,3,2,3,2,2,2,1,Jora
44,Current employee,Travel_Rarely,1037,Research & Development,1,3,Medical,1,19914,143369,4,Male,91,3,1,Human Resources,4,Married,2145,2097,0,Y,No,14,3,4,80,1,3,2,3,2,2,2,1,Jora
44,Current employee,Travel_Rarely,1037,Research & Development,1,3,Life Sciences,1,19915,143370,4,Male,91,3,1,Human Resources,4,Married,2145,2097,0,Y,No,14,3,4,80,1,3,2,3,2,2,2,1,Jora
44,Current employee,Travel_Rarely,1037,Research & Development,1,3,Medical,1,19919,143374,4,Male,91,3,1,Human Resources,4,Married,2145,2097,0,Y,No,14,3,4,80,1,3,2,3,2,2,2,1,Jora
44,Current employee,Travel_Rarely,1459,Research & Development,10,4,Other,1,20126,143581,4,Male,92,4,2,Healthcare Representative,3,Married,5294,9128,3,Y,No,16,3,3,80,1,10,3,3,7,0,1,7,Recruit.net
44,Current employee,Travel_Rarely,1459,Research & Development,10,4,Medical,1,20127,143582,4,Male,92,4,2,Healthcare Representative,3,Married,5294,9128,0,Y,No,16,3,3,80,1,10,3,3,7,0,1,7,Recruit.net
44,Current employee,Travel_Rarely,1459,Research & Development,10,4,Other,1,20131,143586,4,Male,92,4,2,Healthcare Representative,3,Married,5294,9128,3,Y,No,16,3,3,80,1,10,3,3,7,0,1,7,Recruit.net
44,Current employee,Travel_Rarely,1459,Research & Development,10,4,Medical,1,20132,143587,4,Male,92,4,2,Healthcare Representative,3,Married,5294,9128,0,Y,No,16,3,3,80,1,10,3,3,7,0,1,7,Recruit.net
44,Current employee,Travel_Rarely,1459,Research & Development,10,4,Other,1,20134,143589,4,Male,92,4,2,Healthcare Representative,3,Married,5294,9128,3,Y,No,16,3,3,80,1,10,3,3,7,0,1,7,Recruit.net
44,Current employee,Travel_Rarely,1459,Research & Development,10,4,Medical,1,20135,143590,4,Male,92,4,2,Healthcare Representative,3,Married,5294,9128,0,Y,No,16,3,3,80,1,10,3,3,7,0,1,7,Recruit.net
44,Current employee,Travel_Rarely,1459,Research & Development,10,4,Other,1,20139,143594,4,Male,92,4,2,Healthcare Representative,3,Married,5294,9128,3,Y,No,16,3,3,80,1,10,3,3,7,0,1,7,Recruit.net
44,Current employee,Travel_Rarely,1459,Research & Development,10,4,Medical,1,20140,143595,4,Male,92,4,2,Healthcare Representative,3,Married,5294,9128,0,Y,No,16,3,3,80,1,10,3,3,7,0,1,7,Recruit.net
44,Current employee,Travel_Rarely,1315,Research & Development,3,4,Other,1,20492,143947,4,Male,93,4,1,Research Scientist,1,Married,3143,6076,6,Y,No,19,4,2,80,1,14,1,3,10,8,7,6,Company Website
44,Current employee,Travel_Rarely,1315,Research & Development,3,4,Life Sciences,1,20493,143948,4,Male,93,4,1,Research Scientist,1,Married,3143,6076,3,Y,No,19,3,2,80,1,14,1,3,10,8,7,6,Company Website
44,Current employee,Travel_Rarely,1315,Research & Development,3,4,Other,1,20497,143952,4,Male,93,4,1,Research Scientist,1,Married,3143,6076,6,Y,No,19,3,2,80,1,14,1,3,10,8,7,6,Company Website
44,Current employee,Travel_Rarely,1315,Research & Development,3,4,Life Sciences,1,20498,143953,4,Male,93,4,1,Research Scientist,1,Married,3143,6076,3,Y,No,19,3,2,80,1,14,1,3,10,8,7,6,Company Website
44,Current employee,Travel_Rarely,1315,Research & Development,3,4,Other,1,20500,143955,4,Male,93,4,1,Research Scientist,1,Married,3143,6076,6,Y,No,19,4,2,80,1,14,1,3,10,8,7,6,Company Website
44,Current employee,Travel_Rarely,1315,Research & Development,3,4,Life Sciences,1,20501,143956,4,Male,93,4,1,Research Scientist,1,Married,3143,6076,3,Y,No,19,3,2,80,1,14,1,3,10,8,7,6,Company Website
44,Current employee,Travel_Rarely,1315,Research & Development,3,4,Other,1,20505,143960,4,Male,93,4,1,Research Scientist,1,Married,3143,6076,6,Y,No,19,3,2,80,1,14,1,3,10,8,7,6,Company Website
44,Current employee,Travel_Rarely,1315,Research & Development,3,4,Life Sciences,1,20506,143961,4,Male,93,4,1,Research Scientist,1,Married,3143,6076,3,Y,No,19,3,2,80,1,14,1,3,10,8,7,6,Company Website
44,Current employee,Travel_Rarely,200,Research & Development,29,4,Other,1,20876,144331,4,Female,94,3,3,Sales Executive,1,Married,9637,8277,2,Y,No,14,3,4,80,2,9,3,3,3,2,2,2,Company Website
44,Current employee,Travel_Rarely,200,Research & Development,29,4,Technical Degree,1,20878,144333,4,Female,94,3,3,Sales Executive,1,Married,9637,8277,8,Y,No,14,3,4,80,2,9,3,3,3,2,2,2,Company Website
44,Current employee,Travel_Rarely,200,Research & Development,29,4,Other,1,20881,144336,4,Female,94,3,3,Sales Executive,1,Married,9637,8277,2,Y,No,14,3,4,80,2,9,3,3,3,2,2,2,Company Website
44,Current employee,Travel_Rarely,200,Research & Development,29,4,Technical Degree,1,20882,144337,4,Female,94,3,3,Sales Executive,1,Married,9637,8277,8,Y,No,14,3,4,80,2,9,3,3,3,2,2,2,Company Website
44,Current employee,Travel_Rarely,200,Research & Development,29,4,Other,1,20884,144339,4,Female,94,3,3,Sales Executive,1,Married,9637,8277,2,Y,No,14,3,4,80,2,9,3,3,3,2,2,2,Company Website
44,Current employee,Travel_Rarely,200,Research & Development,29,4,Technical Degree,1,20886,144341,4,Female,94,3,3,Sales Executive,1,Married,9637,8277,8,Y,No,14,3,4,80,2,9,3,3,3,2,2,2,Company Website
44,Current employee,Travel_Rarely,200,Research & Development,29,4,Other,1,20889,144344,4,Female,94,3,3,Sales Executive,1,Married,9637,8277,2,Y,No,14,3,4,80,2,9,3,3,3,2,2,2,Company Website
44,Current employee,Travel_Rarely,200,Research & Development,29,4,Technical Degree,1,20890,144345,4,Female,94,3,3,Sales Executive,1,Married,9637,8277,8,Y,No,14,3,4,80,2,9,3,3,3,2,2,2,Company Website
44,Current employee,Travel_Rarely,170,Research & Development,1,4,Life Sciences,1,21608,145063,2,Male,31,4,2,Healthcare Representative,1,Married,5033,9364,2,Y,No,15,3,4,80,1,10,5,3,2,0,2,2,LinkedIn
44,Current employee,Travel_Rarely,170,Research & Development,1,4,Life Sciences,1,21610,145065,2,Male,31,4,2,Healthcare Representative,1,Married,5033,9364,0,Y,No,15,3,4,80,1,10,5,3,2,0,2,2,LinkedIn
44,Current employee,Travel_Rarely,170,Research & Development,1,4,Life Sciences,1,21614,145069,2,Male,31,4,2,Healthcare Representative,1,Married,5033,9364,2,Y,No,15,3,4,80,1,10,5,3,2,0,2,2,LinkedIn
44,Current employee,Travel_Rarely,170,Research & Development,1,4,Life Sciences,1,21615,145070,2,Male,31,4,2,Healthcare Representative,1,Married,5033,9364,0,Y,No,15,3,4,80,1,10,5,3,2,0,2,2,LinkedIn
44,Current employee,Travel_Rarely,170,Research & Development,1,4,Life Sciences,1,21616,145071,2,Male,31,4,2,Healthcare Representative,1,Married,5033,9364,2,Y,No,15,3,4,80,1,10,5,3,2,0,2,2,LinkedIn
44,Current employee,Travel_Rarely,170,Research & Development,1,4,Life Sciences,1,21618,145073,2,Male,31,4,2,Healthcare Representative,1,Married,5033,9364,0,Y,No,15,3,4,80,1,10,5,3,2,0,2,2,LinkedIn
44,Current employee,Travel_Rarely,170,Research & Development,1,4,Life Sciences,1,21622,145077,2,Male,31,4,2,Healthcare Representative,1,Married,5033,9364,2,Y,No,15,3,4,80,1,10,5,3,2,0,2,2,LinkedIn
44,Current employee,Travel_Rarely,170,Research & Development,1,4,Life Sciences,1,21623,145078,2,Male,31,4,2,Healthcare Representative,1,Married,5033,9364,0,Y,No,15,3,4,80,1,10,5,3,2,0,2,2,LinkedIn
44,Current employee,Travel_Rarely,1037,Research & Development,1,3,Medical,1,22952,146407,2,Male,35,3,1,Research Scientist,4,Single,2436,13422,6,Y,Yes,12,3,3,80,0,6,2,3,4,3,1,2,Company Website
44,Current employee,Travel_Rarely,1037,Research & Development,1,3,Life Sciences,1,22954,146409,2,Male,35,3,1,Research Scientist,4,Single,2436,13422,2,Y,Yes,12,4,3,80,0,6,2,3,4,3,1,2,Company Website
44,Current employee,Travel_Rarely,1037,Research & Development,1,3,Medical,1,22958,146413,2,Male,35,3,1,Research Scientist,4,Single,2436,13422,6,Y,Yes,12,3,3,80,0,6,2,3,4,3,1,2,Company Website
44,Current employee,Travel_Rarely,1037,Research & Development,1,3,Life Sciences,1,22959,146414,2,Male,35,3,1,Research Scientist,4,Single,2436,13422,2,Y,Yes,12,3,3,80,0,6,2,3,4,3,1,2,Company Website
44,Current employee,Travel_Rarely,1037,Research & Development,1,3,Medical,1,22960,146415,2,Male,35,3,1,Research Scientist,4,Single,2436,13422,6,Y,Yes,12,3,3,80,0,6,2,3,4,3,1,2,Company Website
44,Current employee,Travel_Rarely,1037,Research & Development,1,3,Life Sciences,1,22962,146417,2,Male,35,3,1,Research Scientist,4,Single,2436,13422,2,Y,Yes,12,4,3,80,0,6,2,3,4,3,1,2,Company Website
44,Current employee,Travel_Rarely,1037,Research & Development,1,3,Medical,1,22966,146421,2,Male,35,3,1,Research Scientist,4,Single,2436,13422,6,Y,Yes,12,3,3,80,0,6,2,3,4,3,1,2,Company Website
44,Current employee,Travel_Rarely,1037,Research & Development,1,3,Life Sciences,1,22967,146422,2,Male,35,3,1,Research Scientist,4,Single,2436,13422,2,Y,Yes,12,3,3,80,0,6,2,3,4,3,1,2,Company Website
44,Current employee,Travel_Frequently,1193,Research & Development,2,1,Medical,1,23509,146964,4,Male,86,4,3,Sales Executive,3,Married,8237,4658,2,Y,No,11,3,1,80,1,11,3,3,7,6,7,6,Company Website
21,Voluntary Resignation,Travel_Rarely,156,Sales,12,3,Life Sciences,1,2881,126336,1,Female,45,3,1,Research Scientist,1,Divorced,4257,13939,4,Y,Yes,18,3,3,80,1,19,3,3,2,2,2,2,Seek
21,Voluntary Resignation,Travel_Rarely,156,Sales,12,3,Medical,1,2883,126338,1,Female,45,3,1,Research Scientist,1,Divorced,4257,13939,3,Y,Yes,18,3,3,80,1,19,3,3,2,2,2,2,Seek
21,Voluntary Resignation,Travel_Rarely,156,Sales,12,3,Life Sciences,1,2884,126339,3,Female,45,3,1,Research Director,1,Divorced,4257,7324,4,Y,Yes,18,3,3,80,0,19,3,3,2,2,2,2,Seek
21,Voluntary Resignation,Travel_Rarely,156,Sales,12,3,Medical,1,2885,126340,4,Female,45,3,1,Research Scientist,1,Divorced,4257,8870,3,Y,Yes,18,3,3,80,0,19,3,3,2,2,2,2,Seek
21,Voluntary Resignation,Travel_Rarely,156,Sales,12,3,Life Sciences,1,2889,126344,1,Female,45,3,1,Research Scientist,1,Divorced,4257,13939,4,Y,Yes,18,3,3,80,1,19,3,3,2,2,2,2,Seek
21,Voluntary Resignation,Travel_Rarely,156,Sales,12,3,Medical,1,2396,126346,1,Female,45,3,1,Research Scientist,1,Divorced,4257,13939,3,Y,Yes,18,3,3,80,1,19,3,3,2,2,2,2,Seek
21,Voluntary Resignation,Travel_Rarely,156,Sales,12,3,Life Sciences,1,2892,126347,3,Female,45,3,1,Research Director,1,Divorced,4257,7324,4,Y,Yes,18,3,3,80,0,19,3,3,2,2,2,2,Seek
21,Voluntary Resignation,Travel_Rarely,156,Sales,12,3,Medical,1,2893,126348,4,Female,45,3,1,Research Scientist,1,Divorced,4257,8870,3,Y,Yes,18,3,3,80,0,19,3,3,2,2,2,2,Seek
21,Voluntary Resignation,Travel_Rarely,1334,Research & Development,10,3,Life Sciences,1,5529,128984,2,Male,52,2,3,Research Director,4,Divorced,11510,15682,0,Y,Yes,14,3,2,80,1,12,3,3,11,10,2,9,GlassDoor
21,Voluntary Resignation,Travel_Rarely,1334,Research & Development,10,3,Medical,1,5530,128985,2,Male,52,2,3,Research Director,4,Divorced,11510,15682,2,Y,Yes,14,3,2,80,1,12,3,3,11,10,2,9,GlassDoor
21,Voluntary Resignation,Travel_Rarely,1334,Research & Development,10,3,Life Sciences,1,5532,128987,3,Male,52,2,3,Research Scientist,4,Divorced,11510,7324,0,Y,Yes,14,3,2,80,0,12,3,3,11,10,2,9,GlassDoor
21,Voluntary Resignation,Travel_Rarely,1334,Research & Development,10,3,Medical,1,5533,128988,4,Male,52,2,3,Research Director,4,Divorced,11510,8504,2,Y,Yes,14,3,2,80,0,12,3,3,11,10,2,9,GlassDoor
21,Voluntary Resignation,Travel_Rarely,1334,Research & Development,10,3,Life Sciences,1,5537,128992,2,Male,52,2,3,Research Director,4,Divorced,11510,15682,0,Y,Yes,14,3,2,80,1,12,3,3,11,10,2,9,GlassDoor
21,Voluntary Resignation,Travel_Rarely,1334,Research & Development,10,3,Medical,1,5538,128993,2,Male,52,2,3,Research Director,4,Divorced,11510,15682,2,Y,Yes,14,3,2,80,1,12,3,3,11,10,2,9,GlassDoor
21,Voluntary Resignation,Travel_Rarely,1334,Research & Development,10,3,Life Sciences,1,5540,128995,3,Male,52,2,3,Research Scientist,4,Divorced,11510,7324,0,Y,Yes,14,3,2,80,0,12,3,3,11,10,2,9,GlassDoor
21,Voluntary Resignation,Travel_Rarely,1334,Research & Development,10,3,Medical,1,5541,128996,4,Male,52,2,3,Research Director,4,Divorced,11510,8504,2,Y,Yes,14,3,2,80,0,12,3,3,11,10,2,9,GlassDoor
21,Voluntary Resignation,Travel_Frequently,756,Sales,1,1,Technical Degree,1,5781,129236,1,Female,99,2,1,Sales Representative,2,Single,2174,9150,1,Y,Yes,11,3,3,80,0,3,3,3,3,2,1,2,LinkedIn
21,Voluntary Resignation,Travel_Frequently,756,Sales,1,1,Life Sciences,1,5783,129238,1,Female,99,2,1,Sales Representative,2,Single,2174,9150,8,Y,Yes,11,3,3,80,0,3,3,3,3,2,1,2,LinkedIn
21,Voluntary Resignation,Travel_Frequently,756,Sales,1,1,Technical Degree,1,5785,129240,3,Female,99,2,1,Laboratory Technician,2,Single,2174,7102,1,Y,Yes,11,3,3,80,0,3,3,3,3,2,1,2,LinkedIn
21,Voluntary Resignation,Travel_Frequently,756,Sales,1,1,Life Sciences,1,5786,129241,4,Female,99,2,1,Sales Representative,2,Single,2174,8978,8,Y,Yes,11,3,3,80,0,3,3,3,3,2,1,2,LinkedIn
21,Voluntary Resignation,Travel_Frequently,756,Sales,1,1,Technical Degree,1,5789,129244,1,Female,99,2,1,Sales Representative,2,Single,2174,9150,1,Y,Yes,11,3,3,80,0,3,3,3,3,2,1,2,LinkedIn
21,Voluntary Resignation,Travel_Frequently,756,Sales,1,1,Life Sciences,1,5791,129246,1,Female,99,2,1,Sales Representative,2,Single,2174,9150,8,Y,Yes,11,3,3,80,0,3,3,3,3,2,1,2,LinkedIn
21,Voluntary Resignation,Travel_Frequently,756,Sales,1,1,Technical Degree,1,5793,129248,3,Female,99,2,1,Laboratory Technician,2,Single,2174,7102,1,Y,Yes,11,3,3,80,0,3,3,3,3,2,1,2,LinkedIn
21,Voluntary Resignation,Travel_Frequently,756,Sales,1,1,Life Sciences,1,5794,129249,4,Female,99,2,1,Sales Representative,2,Single,2174,8978,8,Y,Yes,11,3,3,80,0,3,3,3,3,2,1,2,LinkedIn
21,Voluntary Resignation,Travel_Rarely,156,Sales,12,3,Life Sciences,1,5987,129442,3,Female,90,4,1,Sales Representative,2,Single,2716,25422,1,Y,No,15,3,4,80,0,1,0,3,1,0,0,0,Jora
21,Voluntary Resignation,Travel_Rarely,156,Sales,12,3,Medical,1,5989,129444,3,Female,90,4,1,Sales Representative,2,Single,2716,25422,9,Y,No,15,4,4,80,0,1,0,3,1,0,0,0,Jora
21,Voluntary Resignation,Travel_Rarely,156,Sales,12,3,Life Sciences,1,5991,129446,3,Female,90,4,1,Research Director,2,Single,2716,7103,1,Y,No,15,3,4,80,0,1,0,3,1,0,0,0,Jora
21,Voluntary Resignation,Travel_Rarely,156,Sales,12,3,Medical,1,5992,129447,4,Female,90,4,1,Sales Representative,2,Single,2716,9100,9,Y,No,15,3,4,80,0,1,0,3,1,0,0,0,Jora
21,Voluntary Resignation,Travel_Rarely,156,Sales,12,3,Life Sciences,1,5995,129450,3,Female,90,4,1,Sales Representative,2,Single,2716,25422,1,Y,No,15,3,4,80,0,1,0,3,1,0,0,0,Jora
21,Voluntary Resignation,Travel_Rarely,156,Sales,12,3,Medical,1,5997,129452,3,Female,90,4,1,Sales Representative,2,Single,2716,25422,9,Y,No,15,4,4,80,0,1,0,3,1,0,0,0,Jora
21,Voluntary Resignation,Travel_Rarely,156,Sales,12,3,Life Sciences,1,5999,129454,3,Female,90,4,1,Research Director,2,Single,2716,7103,1,Y,No,15,3,4,80,0,1,0,3,1,0,0,0,Jora
21,Voluntary Resignation,Travel_Rarely,156,Sales,12,3,Medical,1,6000,129455,4,Female,90,4,1,Sales Representative,2,Single,2716,9100,9,Y,No,15,3,4,80,0,1,0,3,1,0,0,0,Jora
21,Voluntary Resignation,Travel_Frequently,251,Research & Development,10,2,Life Sciences,1,6531,129986,2,Male,55,3,2,Laboratory Technician,1,Divorced,4558,13535,1,Y,No,12,3,4,80,1,10,2,3,10,0,1,8,Indeed
21,Voluntary Resignation,Travel_Frequently,251,Research & Development,10,2,Medical,1,6532,129987,2,Male,55,3,2,Laboratory Technician,1,Divorced,4558,13535,1,Y,No,12,4,4,80,1,10,2,3,10,0,1,8,Indeed
21,Voluntary Resignation,Travel_Frequently,251,Research & Development,10,2,Life Sciences,1,6534,129989,3,Male,55,3,2,Research Scientist,1,Divorced,4558,7428,1,Y,No,12,3,4,80,0,10,2,3,10,0,1,8,Indeed
21,Voluntary Resignation,Travel_Frequently,251,Research & Development,10,2,Medical,1,6535,129990,3,Male,55,3,2,Laboratory Technician,1,Divorced,4558,8232,1,Y,No,12,3,4,80,0,10,2,3,10,0,1,8,Indeed
21,Voluntary Resignation,Travel_Frequently,251,Research & Development,10,2,Life Sciences,1,6539,129994,2,Male,55,3,2,Laboratory Technician,1,Divorced,4558,13535,1,Y,No,12,3,4,80,1,10,2,3,10,0,1,8,Indeed
21,Voluntary Resignation,Travel_Frequently,251,Research & Development,10,2,Medical,1,6540,129995,2,Male,55,3,2,Laboratory Technician,1,Divorced,4558,13535,1,Y,No,12,4,4,80,1,10,2,3,10,0,1,8,Indeed
21,Voluntary Resignation,Travel_Frequently,251,Research & Development,10,2,Life Sciences,1,6542,129997,3,Male,55,3,2,Research Scientist,1,Divorced,4558,7428,1,Y,No,12,3,4,80,0,10,2,3,10,0,1,8,Indeed
21,Voluntary Resignation,Travel_Frequently,251,Research & Development,10,2,Medical,1,6543,129998,3,Male,55,3,2,Laboratory Technician,1,Divorced,4558,8232,1,Y,No,12,3,4,80,0,10,2,3,10,0,1,8,Indeed
21,Voluntary Resignation,Travel_Rarely,1427,Research & Development,18,1,Other,1,10646,134101,4,Female,65,3,1,Research Scientist,4,Single,2693,8870,1,Y,No,19,3,1,80,0,1,3,2,1,0,0,0,Company Website
21,Voluntary Resignation,Travel_Rarely,1427,Research & Development,18,1,Medical,1,10649,134104,4,Female,65,3,1,Research Scientist,4,Single,2693,8870,3,Y,No,19,3,1,80,0,1,3,2,1,0,0,0,Company Website
21,Voluntary Resignation,Travel_Rarely,1427,Research & Development,18,1,Other,1,10650,134105,3,Female,65,3,1,Laboratory Technician,4,Single,2693,7129,1,Y,No,19,3,1,80,0,1,3,2,1,0,0,0,Company Website
21,Voluntary Resignation,Travel_Rarely,1427,Research & Development,18,1,Medical,1,10651,134106,4,Female,65,3,1,Research Scientist,4,Single,2693,8870,3,Y,No,19,3,1,80,0,1,3,2,1,0,0,0,Company Website
21,Voluntary Resignation,Travel_Rarely,1427,Research & Development,18,1,Other,1,10654,134109,4,Female,65,3,1,Research Scientist,4,Single,2693,8870,1,Y,No,19,3,1,80,0,1,3,2,1,0,0,0,Company Website
21,Voluntary Resignation,Travel_Rarely,1427,Research & Development,18,1,Medical,1,10658,134113,4,Female,65,3,1,Research Scientist,4,Single,2693,8870,3,Y,No,19,3,1,80,0,1,3,2,1,0,0,0,Company Website
21,Voluntary Resignation,Travel_Rarely,1427,Research & Development,18,1,Other,1,10659,134114,3,Female,65,3,1,Laboratory Technician,4,Single,2693,7129,1,Y,No,19,3,1,80,0,1,3,2,1,0,0,0,Company Website
21,Voluntary Resignation,Travel_Rarely,1427,Research & Development,18,1,Medical,1,10660,134115,4,Female,65,3,1,Research Scientist,4,Single,2693,8870,3,Y,No,19,3,1,80,0,1,3,2,1,0,0,0,Company Website
21,Voluntary Resignation,Travel_Rarely,337,Sales,7,1,Marketing,1,12285,135740,3,Male,71,3,5,Research Director,3,Married,19237,12853,2,Y,Yes,11,3,4,80,1,29,2,2,8,1,7,7,Indeed
21,Voluntary Resignation,Travel_Rarely,337,Sales,7,1,Marketing,1,12287,135742,3,Male,71,3,5,Research Director,3,Married,19237,12853,2,Y,Yes,11,3,4,80,1,29,2,2,8,1,7,7,Indeed
21,Voluntary Resignation,Travel_Rarely,337,Sales,7,1,Marketing,1,12288,135743,3,Male,71,3,5,Research Scientist,3,Married,19237,7505,2,Y,Yes,11,3,4,80,0,29,2,2,8,1,7,7,Indeed
21,Voluntary Resignation,Travel_Rarely,337,Sales,7,1,Marketing,1,12289,135744,4,Male,71,3,5,Research Director,3,Married,19237,8504,2,Y,Yes,11,3,4,80,0,29,2,2,8,1,7,7,Indeed
21,Voluntary Resignation,Travel_Rarely,337,Sales,7,1,Marketing,1,12293,135748,3,Male,71,3,5,Research Director,3,Married,19237,12853,2,Y,Yes,11,3,4,80,1,29,2,2,8,1,7,7,Indeed
21,Voluntary Resignation,Travel_Rarely,337,Sales,7,1,Marketing,1,12295,135750,3,Male,71,3,5,Research Director,3,Married,19237,12853,2,Y,Yes,11,3,4,80,1,29,2,2,8,1,7,7,Indeed
21,Voluntary Resignation,Travel_Rarely,337,Sales,7,1,Marketing,1,12296,135751,3,Male,71,3,5,Research Scientist,3,Married,19237,7505,2,Y,Yes,11,3,4,80,0,29,2,2,8,1,7,7,Indeed
21,Voluntary Resignation,Travel_Rarely,337,Sales,7,1,Marketing,1,12297,135752,4,Male,71,3,5,Research Director,3,Married,19237,8504,2,Y,Yes,11,3,4,80,0,29,2,2,8,1,7,7,Indeed
21,Voluntary Resignation,Travel_Rarely,1334,Research & Development,10,3,Life Sciences,1,12466,135921,3,Female,36,2,1,Laboratory Technician,1,Single,1416,17258,1,Y,No,13,3,1,80,0,1,6,2,1,0,1,0,Indeed
21,Voluntary Resignation,Travel_Rarely,1334,Research & Development,10,3,Medical,1,12468,135923,3,Female,36,2,1,Laboratory Technician,1,Single,1416,17258,1,Y,No,13,3,1,80,0,1,6,2,1,0,1,0,Indeed
21,Voluntary Resignation,Travel_Rarely,1334,Research & Development,10,3,Life Sciences,1,12470,135925,3,Female,36,2,1,Healthcare Representative,1,Single,1416,7129,1,Y,No,13,3,1,80,0,1,6,2,1,0,1,0,Indeed
21,Voluntary Resignation,Travel_Rarely,1334,Research & Development,10,3,Medical,1,12471,135926,3,Female,36,2,1,Laboratory Technician,1,Single,1416,8213,1,Y,No,13,3,1,80,0,1,6,2,1,0,1,0,Indeed
21,Voluntary Resignation,Travel_Rarely,1334,Research & Development,10,3,Life Sciences,1,12474,135929,3,Female,36,2,1,Laboratory Technician,1,Single,1416,17258,1,Y,No,13,3,1,80,0,1,6,2,1,0,1,0,Indeed
21,Voluntary Resignation,Travel_Rarely,1334,Research & Development,10,3,Medical,1,12476,135931,3,Female,36,2,1,Laboratory Technician,1,Single,1416,17258,1,Y,No,13,3,1,80,0,1,6,2,1,0,1,0,Indeed
21,Voluntary Resignation,Travel_Rarely,1334,Research & Development,10,3,Life Sciences,1,12478,135933,3,Female,36,2,1,Healthcare Representative,1,Single,1416,7129,1,Y,No,13,3,1,80,0,1,6,2,1,0,1,0,Indeed
21,Voluntary Resignation,Travel_Rarely,1334,Research & Development,10,3,Medical,1,12479,135934,3,Female,36,2,1,Laboratory Technician,1,Single,1416,8213,1,Y,No,13,3,1,80,0,1,6,2,1,0,1,0,Indeed
21,Voluntary Resignation,Travel_Frequently,251,Research & Development,10,2,Life Sciences,1,14657,138112,1,Female,45,2,1,Laboratory Technician,3,Single,2625,25308,1,Y,No,20,3,3,80,0,2,2,1,2,2,2,2,Indeed
21,Voluntary Resignation,Travel_Frequently,251,Research & Development,10,2,Medical,1,14660,138115,1,Female,45,2,1,Laboratory Technician,3,Single,2625,25308,1,Y,No,20,3,3,80,0,2,2,1,2,2,2,2,Indeed
21,Voluntary Resignation,Travel_Frequently,251,Research & Development,10,2,Life Sciences,1,14661,138116,3,Female,45,2,1,Laboratory Technician,3,Single,2625,7172,1,Y,No,20,4,3,80,0,2,2,1,2,2,2,2,Indeed
21,Voluntary Resignation,Travel_Frequently,251,Research & Development,10,2,Medical,1,14662,138117,3,Female,45,2,1,Laboratory Technician,3,Single,2625,8232,1,Y,No,20,4,3,80,0,2,2,1,2,2,2,2,Indeed
21,Voluntary Resignation,Travel_Frequently,251,Research & Development,10,2,Life Sciences,1,14665,138120,1,Female,45,2,1,Laboratory Technician,3,Single,2625,25308,1,Y,No,20,3,3,80,0,2,2,1,2,2,2,2,Indeed
21,Voluntary Resignation,Travel_Frequently,251,Research & Development,10,2,Medical,1,14668,138123,1,Female,45,2,1,Laboratory Technician,3,Single,2625,25308,1,Y,No,20,3,3,80,0,2,2,1,2,2,2,2,Indeed
21,Voluntary Resignation,Travel_Frequently,251,Research & Development,10,2,Life Sciences,1,14669,138124,3,Female,45,2,1,Laboratory Technician,3,Single,2625,7172,1,Y,No,20,4,3,80,0,2,2,1,2,2,2,2,Indeed
21,Voluntary Resignation,Travel_Frequently,251,Research & Development,10,2,Medical,1,14670,138125,3,Female,45,2,1,Laboratory Technician,3,Single,2625,8232,1,Y,No,20,4,3,80,0,2,2,1,2,2,2,2,Indeed
21,Voluntary Resignation,Travel_Rarely,337,Sales,7,1,Marketing,1,20315,143770,2,Male,31,3,1,Sales Representative,2,Single,2679,4567,1,Y,No,13,3,2,80,0,1,3,3,1,0,1,0,Recruit.net
21,Voluntary Resignation,Travel_Rarely,337,Sales,7,1,Marketing,1,20317,143772,2,Male,31,3,1,Sales Representative,2,Single,2679,4567,9,Y,No,13,3,2,80,0,1,3,3,1,0,1,0,Recruit.net
21,Voluntary Resignation,Travel_Rarely,337,Sales,7,1,Marketing,1,20319,143774,3,Male,31,3,1,Laboratory Technician,2,Single,2679,7298,1,Y,No,13,3,2,80,0,1,3,3,1,0,1,0,Recruit.net
21,Voluntary Resignation,Travel_Rarely,337,Sales,7,1,Marketing,1,20320,143775,4,Male,31,3,1,Sales Representative,2,Single,2679,9075,9,Y,No,13,3,2,80,0,1,3,3,1,0,1,0,Recruit.net
21,Voluntary Resignation,Travel_Rarely,337,Sales,7,1,Marketing,1,20323,143778,2,Male,31,3,1,Sales Representative,2,Single,2679,4567,1,Y,No,13,3,2,80,0,1,3,3,1,0,1,0,Recruit.net
21,Voluntary Resignation,Travel_Rarely,337,Sales,7,1,Marketing,1,20325,143780,2,Male,31,3,1,Sales Representative,2,Single,2679,4567,9,Y,No,13,3,2,80,0,1,3,3,1,0,1,0,Recruit.net
21,Voluntary Resignation,Travel_Rarely,337,Sales,7,1,Marketing,1,20327,143782,3,Male,31,3,1,Laboratory Technician,2,Single,2679,7298,1,Y,No,13,3,2,80,0,1,3,3,1,0,1,0,Recruit.net
21,Voluntary Resignation,Travel_Rarely,337,Sales,7,1,Marketing,1,20328,143783,4,Male,31,3,1,Sales Representative,2,Single,2679,9075,9,Y,No,13,3,2,80,0,1,3,3,1,0,1,0,Recruit.net
21,Voluntary Resignation,Travel_Rarely,1427,Research & Development,18,1,Other,1,20620,144075,4,Male,93,3,2,Laboratory Technician,1,Married,5346,6208,4,Y,No,17,3,3,80,1,11,3,2,7,1,0,7,Recruit.net
21,Voluntary Resignation,Travel_Rarely,1427,Research & Development,18,1,Medical,1,20622,144077,4,Male,93,3,2,Laboratory Technician,1,Married,5346,6208,1,Y,No,17,4,3,80,1,11,3,2,7,1,0,7,Recruit.net
21,Voluntary Resignation,Travel_Rarely,1427,Research & Development,18,1,Other,1,20623,144078,3,Male,93,3,2,Sales Representative,1,Married,5346,7999,4,Y,No,17,3,3,80,0,11,3,2,7,1,0,7,Recruit.net
21,Voluntary Resignation,Travel_Rarely,1427,Research & Development,18,1,Medical,1,20624,144079,4,Male,93,3,2,Laboratory Technician,1,Married,5346,8319,1,Y,No,17,3,3,80,0,11,3,2,7,1,0,7,Recruit.net
21,Voluntary Resignation,Travel_Rarely,1427,Research & Development,18,1,Other,1,20628,144083,4,Male,93,3,2,Laboratory Technician,1,Married,5346,6208,4,Y,No,17,3,3,80,1,11,3,2,7,1,0,7,Recruit.net
21,Voluntary Resignation,Travel_Rarely,1427,Research & Development,18,1,Medical,1,20630,144085,4,Male,93,3,2,Laboratory Technician,1,Married,5346,6208,1,Y,No,17,4,3,80,1,11,3,2,7,1,0,7,Recruit.net
21,Voluntary Resignation,Travel_Rarely,1427,Research & Development,18,1,Other,1,20631,144086,3,Male,93,3,2,Sales Representative,1,Married,5346,7999,4,Y,No,17,3,3,80,0,11,3,2,7,1,0,7,Recruit.net
21,Voluntary Resignation,Travel_Rarely,1427,Research & Development,18,1,Medical,1,20632,144087,4,Male,93,3,2,Laboratory Technician,1,Married,5346,8319,1,Y,No,17,3,3,80,0,11,3,2,7,1,0,7,Recruit.net
21,Voluntary Resignation,Travel_Frequently,756,Sales,1,1,Technical Degree,1,21887,145342,4,Female,96,3,2,Sales Executive,3,Single,9854,23352,3,Y,Yes,11,3,4,80,0,6,0,3,2,0,2,2,Jora
21,Voluntary Resignation,Travel_Frequently,756,Sales,1,1,Life Sciences,1,21888,145343,4,Female,96,3,2,Sales Executive,3,Single,9854,23352,4,Y,Yes,11,4,4,80,0,6,0,3,2,0,2,2,Jora
21,Voluntary Resignation,Travel_Frequently,756,Sales,1,1,Technical Degree,1,21890,145345,3,Female,96,3,2,Sales Representative,3,Single,9854,8018,3,Y,Yes,11,3,4,80,0,6,0,3,2,0,2,2,Jora
21,Voluntary Resignation,Travel_Frequently,756,Sales,1,1,Life Sciences,1,21891,145346,4,Female,96,3,2,Sales Executive,3,Single,9854,8916,4,Y,Yes,11,3,4,80,0,6,0,3,2,0,2,2,Jora
21,Voluntary Resignation,Travel_Frequently,756,Sales,1,1,Technical Degree,1,21895,145350,4,Female,96,3,2,Sales Executive,3,Single,9854,23352,3,Y,Yes,11,3,4,80,0,6,0,3,2,0,2,2,Jora
21,Voluntary Resignation,Travel_Frequently,756,Sales,1,1,Life Sciences,1,21896,145351,4,Female,96,3,2,Sales Executive,3,Single,9854,23352,4,Y,Yes,11,4,4,80,0,6,0,3,2,0,2,2,Jora
21,Voluntary Resignation,Travel_Frequently,756,Sales,1,1,Technical Degree,1,21898,145353,3,Female,96,3,2,Sales Representative,3,Single,9854,8018,3,Y,Yes,11,3,4,80,0,6,0,3,2,0,2,2,Jora
21,Voluntary Resignation,Travel_Frequently,756,Sales,1,1,Life Sciences,1,21899,145354,4,Female,96,3,2,Sales Executive,3,Single,9854,8916,4,Y,Yes,11,3,4,80,0,6,0,3,2,0,2,2,Jora
21,Current employee,Travel_Rarely,391,Research & Development,15,2,Life Sciences,1,489,123944,3,Male,96,3,1,Research Scientist,4,Single,1232,19281,1,Y,No,14,3,4,80,0,0,6,3,0,0,0,0,Company Website
21,Current employee,Travel_Rarely,391,Research & Development,15,2,Medical,1,492,123947,3,Male,96,3,1,Research Scientist,4,Single,1232,19281,3,Y,No,14,3,4,80,0,0,6,3,0,0,0,0,Company Website
21,Current employee,Travel_Rarely,391,Research & Development,15,2,Life Sciences,1,493,123948,3,Male,96,3,1,Research Scientist,4,Single,1232,7003,1,Y,No,14,3,4,80,0,0,6,3,0,0,0,0,Company Website
21,Current employee,Travel_Rarely,391,Research & Development,15,2,Medical,1,494,123949,4,Male,96,3,1,Research Scientist,4,Single,1232,8870,3,Y,No,14,3,4,80,0,0,6,3,0,0,0,0,Company Website
21,Current employee,Travel_Rarely,391,Research & Development,15,2,Life Sciences,1,497,123952,3,Male,96,3,1,Research Scientist,4,Single,1232,19281,1,Y,No,14,3,4,80,0,0,6,3,0,0,0,0,Company Website
21,Current employee,Travel_Rarely,391,Research & Development,15,2,Life Sciences,1,498,123953,3,Male,99,2,2,Healthcare Representative,4,Married,4152,15830,1,Y,No,19,3,1,80,3,11,3,3,11,10,10,8,Company Website
21,Current employee,Travel_Rarely,391,Research & Development,15,2,Life Sciences,1,499,123954,3,Male,33,3,3,Manufacturing Director,2,Divorced,10648,14394,1,Y,No,25,4,4,80,1,13,6,4,13,8,0,8,Indeed
21,Current employee,Travel_Rarely,391,Research & Development,15,2,Medical,1,502,123957,3,Male,96,3,1,Research Scientist,4,Single,1232,19281,3,Y,No,14,3,4,80,0,0,6,3,0,0,0,0,Company Website
21,Current employee,Travel_Rarely,391,Research & Development,15,2,Life Sciences,1,503,123958,3,Male,96,3,1,Research Scientist,4,Single,1232,7003,1,Y,No,14,3,4,80,0,0,6,3,0,0,0,0,Company Website
21,Current employee,Travel_Rarely,391,Research & Development,15,2,Medical,1,504,123959,4,Male,96,3,1,Research Scientist,4,Single,1232,8870,3,Y,No,14,3,4,80,0,0,6,3,0,0,0,0,Company Website
21,Current employee,Travel_Rarely,391,Research & Development,15,2,Life Sciences,1,808,124263,1,Male,39,1,1,Laboratory Technician,3,Single,2293,10558,1,Y,No,12,4,3,80,0,1,2,2,1,0,0,1,Seek
21,Current employee,Travel_Rarely,391,Research & Development,15,2,Medical,1,809,124264,1,Male,39,1,1,Laboratory Technician,3,Single,2293,10558,1,Y,No,12,3,3,80,0,1,2,2,1,0,0,1,Seek
21,Current employee,Travel_Rarely,391,Research & Development,15,2,Life Sciences,1,811,124266,3,Male,39,1,1,Laboratory Technician,3,Single,2293,7324,1,Y,No,12,3,3,80,0,1,2,2,1,0,0,1,Seek
21,Current employee,Travel_Rarely,391,Research & Development,15,2,Medical,1,812,124267,4,Male,39,1,1,Laboratory Technician,3,Single,2293,8319,1,Y,No,12,3,3,80,0,1,2,2,1,0,0,1,Seek
21,Current employee,Travel_Rarely,391,Research & Development,15,2,Life Sciences,1,816,124271,1,Male,39,1,1,Laboratory Technician,3,Single,2293,10558,1,Y,No,12,4,3,80,0,1,2,2,1,0,0,1,Seek
21,Current employee,Travel_Rarely,391,Research & Development,15,2,Medical,1,817,124272,1,Male,39,1,1,Laboratory Technician,3,Single,2293,10558,1,Y,No,12,3,3,80,0,1,2,2,1,0,0,1,Seek
21,Current employee,Travel_Rarely,391,Research & Development,15,2,Life Sciences,1,819,124274,3,Male,39,1,1,Laboratory Technician,3,Single,2293,7324,1,Y,No,12,3,3,80,0,1,2,2,1,0,0,1,Seek
21,Current employee,Travel_Rarely,391,Research & Development,15,2,Medical,1,820,124275,4,Male,39,1,1,Laboratory Technician,3,Single,2293,8319,1,Y,No,12,3,3,80,0,1,2,2,1,0,0,1,Seek
21,Current employee,Travel_Rarely,391,Research & Development,15,2,Life Sciences,1,816,124271,1,Male,39,1,1,Laboratory Technician,3,Single,2293,10558,1,Y,No,12,4,3,80,0,1,2,2,1,0,0,1,Seek
21,Current employee,Travel_Rarely,391,Research & Development,15,2,Medical,1,817,124272,1,Male,39,1,1,Laboratory Technician,3,Single,2293,10558,1,Y,No,12,3,3,80,0,1,2,2,1,0,0,1,Seek
21,Current employee,Travel_Rarely,391,Research & Development,15,2,Life Sciences,1,819,124274,3,Male,39,1,1,Laboratory Technician,3,Single,2293,7324,1,Y,No,12,3,3,80,0,1,2,2,1,0,0,1,Seek
21,Current employee,Travel_Rarely,996,Research & Development,3,2,Medical,1,4474,127929,4,Male,100,2,1,Research Scientist,3,Single,3230,10531,1,Y,No,17,3,1,80,0,3,4,4,3,2,1,0,Adzuna
21,Current employee,Travel_Rarely,996,Research & Development,3,2,Life Sciences,1,4476,127931,4,Male,100,2,1,Research Scientist,3,Single,3230,10531,2,Y,No,17,3,1,80,0,3,4,4,3,2,1,0,Adzuna
21,Current employee,Travel_Rarely,996,Research & Development,3,2,Medical,1,4478,127933,3,Male,100,2,1,Laboratory Technician,3,Single,3230,7102,1,Y,No,17,3,1,80,0,3,4,4,3,2,1,0,Adzuna
21,Current employee,Travel_Rarely,996,Research & Development,3,2,Life Sciences,1,4479,127934,4,Male,100,2,1,Research Scientist,3,Single,3230,8544,2,Y,No,17,3,1,80,0,3,4,4,3,2,1,0,Adzuna
21,Current employee,Travel_Rarely,996,Research & Development,3,2,Medical,1,4482,127937,4,Male,100,2,1,Research Scientist,3,Single,3230,10531,1,Y,No,17,3,1,80,0,3,4,4,3,2,1,0,Adzuna
21,Current employee,Travel_Rarely,996,Research & Development,3,2,Life Sciences,1,4484,127939,4,Male,100,2,1,Research Scientist,3,Single,3230,10531,2,Y,No,17,3,1,80,0,3,4,4,3,2,1,0,Adzuna
21,Current employee,Travel_Rarely,996,Research & Development,3,2,Medical,1,4486,127941,3,Male,100,2,1,Laboratory Technician,3,Single,3230,7102,1,Y,No,17,3,1,80,0,3,4,4,3,2,1,0,Adzuna
21,Current employee,Travel_Rarely,996,Research & Development,3,2,Life Sciences,1,4487,127942,4,Male,100,2,1,Research Scientist,3,Single,3230,8544,2,Y,No,17,3,1,80,0,3,4,4,3,2,1,0,Adzuna
21,Current employee,Non-Travel,895,Sales,9,2,Medical,1,5860,129315,1,Male,39,3,1,Sales Representative,4,Single,2610,2851,1,Y,No,24,3,3,80,0,3,3,2,3,2,2,2,Adzuna
21,Current employee,Non-Travel,895,Sales,9,2,Medical,1,5863,129318,1,Male,39,3,1,Sales Representative,4,Single,2610,2851,9,Y,No,24,3,3,80,0,3,3,2,3,2,2,2,Adzuna
21,Current employee,Non-Travel,895,Sales,9,2,Medical,1,5864,129319,3,Male,39,3,1,Healthcare Representative,4,Single,2610,7103,1,Y,No,24,4,3,80,0,3,3,2,3,2,2,2,Adzuna
21,Current employee,Non-Travel,895,Sales,9,2,Medical,1,5865,129320,4,Male,39,3,1,Sales Representative,4,Single,2610,9075,9,Y,No,24,4,3,80,0,3,3,2,3,2,2,2,Adzuna
21,Current employee,Non-Travel,895,Sales,9,2,Medical,1,5868,129323,1,Male,39,3,1,Sales Representative,4,Single,2610,2851,1,Y,No,24,3,3,80,0,3,3,2,3,2,2,2,Adzuna
21,Current employee,Non-Travel,895,Sales,9,2,Medical,1,5871,129326,1,Male,39,3,1,Sales Representative,4,Single,2610,2851,9,Y,No,24,3,3,80,0,3,3,2,3,2,2,2,Adzuna
21,Current employee,Non-Travel,895,Sales,9,2,Medical,1,5872,129327,3,Male,39,3,1,Healthcare Representative,4,Single,2610,7103,1,Y,No,24,4,3,80,0,3,3,2,3,2,2,2,Adzuna
21,Current employee,Non-Travel,895,Sales,9,2,Medical,1,5873,129328,4,Male,39,3,1,Sales Representative,4,Single,2610,9075,9,Y,No,24,4,3,80,0,3,3,2,3,2,2,2,Adzuna
21,Current employee,Travel_Rarely,1343,Sales,22,1,Technical Degree,1,7943,131398,3,Male,49,3,1,Sales Representative,3,Single,3447,24444,1,Y,No,11,4,3,80,0,3,2,3,3,2,1,2,Indeed
21,Current employee,Travel_Rarely,1343,Sales,22,1,Other,1,7946,131401,3,Male,49,3,1,Sales Representative,3,Single,3447,24444,9,Y,No,11,3,3,80,0,3,2,3,3,2,1,2,Indeed
21,Current employee,Travel_Rarely,1343,Sales,22,1,Technical Degree,1,7947,131402,3,Male,49,3,1,Research Scientist,3,Single,3447,7103,1,Y,No,11,3,3,80,0,3,2,3,3,2,1,2,Indeed
21,Current employee,Travel_Rarely,1343,Sales,22,1,Other,1,7948,131403,4,Male,49,3,1,Sales Representative,3,Single,3447,9100,9,Y,No,11,3,3,80,0,3,2,3,3,2,1,2,Indeed
21,Current employee,Travel_Rarely,1343,Sales,22,1,Technical Degree,1,7951,131406,3,Male,49,3,1,Sales Representative,3,Single,3447,24444,1,Y,No,11,4,3,80,0,3,2,3,3,2,1,2,Indeed
21,Current employee,Travel_Rarely,1343,Sales,22,1,Other,1,7954,131409,3,Male,49,3,1,Sales Representative,3,Single,3447,24444,9,Y,No,11,3,3,80,0,3,2,3,3,2,1,2,Indeed
21,Current employee,Travel_Rarely,1343,Sales,22,1,Technical Degree,1,7955,131410,3,Male,49,3,1,Research Scientist,3,Single,3447,7103,1,Y,No,11,3,3,80,0,3,2,3,3,2,1,2,Indeed
21,Current employee,Travel_Rarely,1343,Sales,22,1,Other,1,7956,131411,4,Male,49,3,1,Sales Representative,3,Single,3447,9100,9,Y,No,11,3,3,80,0,3,2,3,3,2,1,2,Indeed
21,Current employee,Travel_Rarely,984,Research & Development,1,1,Technical Degree,1,13071,136526,4,Female,70,2,1,Research Scientist,2,Single,2070,25326,1,Y,Yes,11,4,3,80,0,2,6,4,2,2,2,2,Seek
21,Current employee,Travel_Rarely,984,Research & Development,1,1,Life Sciences,1,13073,136528,4,Female,70,2,1,Research Scientist,2,Single,2070,25326,2,Y,Yes,11,3,3,80,0,2,6,4,2,2,2,2,Seek
21,Current employee,Travel_Rarely,984,Research & Development,1,1,Technical Degree,1,13075,136530,3,Female,70,2,1,Laboratory Technician,2,Single,2070,7172,1,Y,Yes,11,3,3,80,0,2,6,4,2,2,2,2,Seek
21,Current employee,Travel_Rarely,984,Research & Development,1,1,Life Sciences,1,13076,136531,4,Female,70,2,1,Research Scientist,2,Single,2070,8544,2,Y,Yes,11,3,3,80,0,2,6,4,2,2,2,2,Seek
21,Current employee,Travel_Rarely,984,Research & Development,1,1,Technical Degree,1,13079,136534,4,Female,70,2,1,Research Scientist,2,Single,2070,25326,1,Y,Yes,11,4,3,80,0,2,6,4,2,2,2,2,Seek
21,Current employee,Travel_Rarely,984,Research & Development,1,1,Life Sciences,1,13081,136536,4,Female,70,2,1,Research Scientist,2,Single,2070,25326,2,Y,Yes,11,3,3,80,0,2,6,4,2,2,2,2,Seek
21,Current employee,Travel_Rarely,984,Research & Development,1,1,Technical Degree,1,13083,136538,3,Female,70,2,1,Laboratory Technician,2,Single,2070,7172,1,Y,Yes,11,3,3,80,0,2,6,4,2,2,2,2,Seek
21,Current employee,Travel_Rarely,984,Research & Development,1,1,Life Sciences,1,13084,136539,4,Female,70,2,1,Research Scientist,2,Single,2070,8544,2,Y,Yes,11,3,3,80,0,2,6,4,2,2,2,2,Seek
21,Current employee,Travel_Rarely,996,Research & Development,3,2,Medical,1,14214,137669,3,Female,76,3,3,Research Director,1,Married,13191,23281,3,Y,Yes,17,3,3,80,0,20,6,3,1,0,0,0,Recruit.net
21,Current employee,Travel_Rarely,996,Research & Development,3,2,Life Sciences,1,14215,137670,3,Female,76,3,3,Research Director,1,Married,13191,23281,2,Y,Yes,17,3,3,80,0,20,6,3,1,0,0,0,Recruit.net
21,Current employee,Travel_Rarely,996,Research & Development,3,2,Medical,1,14217,137672,3,Female,76,3,3,Research Scientist,1,Married,13191,7505,3,Y,Yes,17,3,3,80,0,20,6,3,1,0,0,0,Recruit.net
21,Current employee,Travel_Rarely,996,Research & Development,3,2,Life Sciences,1,14218,137673,4,Female,76,3,3,Research Director,1,Married,13191,8450,2,Y,Yes,17,3,3,80,0,20,6,3,1,0,0,0,Recruit.net
21,Current employee,Travel_Rarely,996,Research & Development,3,2,Medical,1,14222,137677,3,Female,76,3,3,Research Director,1,Married,13191,23281,3,Y,Yes,17,3,3,80,0,20,6,3,1,0,0,0,Recruit.net
21,Current employee,Travel_Rarely,996,Research & Development,3,2,Life Sciences,1,14223,137678,3,Female,76,3,3,Research Director,1,Married,13191,23281,2,Y,Yes,17,3,3,80,0,20,6,3,1,0,0,0,Recruit.net
21,Current employee,Travel_Rarely,996,Research & Development,3,2,Medical,1,14225,137680,3,Female,76,3,3,Research Scientist,1,Married,13191,7505,3,Y,Yes,17,3,3,80,0,20,6,3,1,0,0,0,Recruit.net
21,Current employee,Travel_Rarely,996,Research & Development,3,2,Life Sciences,1,14226,137681,4,Female,76,3,3,Research Director,1,Married,13191,8450,2,Y,Yes,17,3,3,80,0,20,6,3,1,0,0,0,Recruit.net
21,Current employee,Non-Travel,895,Sales,9,2,Medical,1,14674,138129,3,Female,78,2,5,Manager,2,Married,18789,9946,2,Y,No,14,3,3,80,1,26,2,3,11,4,0,8,Adzuna
21,Current employee,Non-Travel,895,Sales,9,2,Medical,1,14676,138131,3,Female,78,2,5,Manager,2,Married,18789,9946,1,Y,No,14,3,3,80,1,26,2,3,11,4,0,8,Adzuna
21,Current employee,Non-Travel,895,Sales,9,2,Medical,1,14677,138132,3,Female,78,2,5,Research Scientist,2,Married,18789,7505,2,Y,No,14,3,3,80,0,26,2,3,11,4,0,8,Adzuna
21,Current employee,Non-Travel,895,Sales,9,2,Medical,1,14678,138133,4,Female,78,2,5,Manager,2,Married,18789,8386,1,Y,No,14,3,3,80,0,26,2,3,11,4,0,8,Adzuna
21,Current employee,Non-Travel,895,Sales,9,2,Medical,1,14682,138137,3,Female,78,2,5,Manager,2,Married,18789,9946,2,Y,No,14,3,3,80,1,26,2,3,11,4,0,8,Adzuna
21,Current employee,Non-Travel,895,Sales,9,2,Medical,1,14684,138139,3,Female,78,2,5,Manager,2,Married,18789,9946,1,Y,No,14,3,3,80,1,26,2,3,11,4,0,8,Adzuna
21,Current employee,Non-Travel,895,Sales,9,2,Medical,1,14685,138140,3,Female,78,2,5,Research Scientist,2,Married,18789,7505,2,Y,No,14,3,3,80,0,26,2,3,11,4,0,8,Adzuna
21,Current employee,Non-Travel,895,Sales,9,2,Medical,1,14686,138141,4,Female,78,2,5,Manager,2,Married,18789,8386,1,Y,No,14,3,3,80,0,26,2,3,11,4,0,8,Adzuna
21,Current employee,Travel_Rarely,546,Research & Development,5,1,Medical,1,18357,141812,4,Male,87,2,1,Laboratory Technician,1,Divorced,4066,16290,1,Y,No,11,3,1,80,2,7,3,3,7,7,0,7,Seek
21,Current employee,Travel_Rarely,546,Research & Development,5,1,Life Sciences,1,18358,141813,4,Male,87,2,1,Laboratory Technician,1,Divorced,4066,16290,1,Y,No,11,4,1,80,2,7,3,3,7,7,0,7,Seek
21,Current employee,Travel_Rarely,546,Research & Development,5,1,Medical,1,18360,141815,3,Male,87,2,1,Sales Representative,1,Divorced,4066,7505,1,Y,No,11,3,1,80,0,7,3,3,7,7,0,7,Seek
21,Current employee,Travel_Rarely,546,Research & Development,5,1,Life Sciences,1,18361,141816,3,Male,87,2,1,Laboratory Technician,1,Divorced,4066,8213,1,Y,No,11,3,1,80,0,7,3,3,7,7,0,7,Seek
21,Current employee,Travel_Rarely,546,Research & Development,5,1,Medical,1,18364,141819,4,Male,87,2,1,Laboratory Technician,1,Divorced,4066,16290,1,Y,No,11,3,1,80,2,7,3,3,7,7,0,7,Seek
21,Current employee,Travel_Rarely,546,Research & Development,5,1,Life Sciences,1,18365,141820,4,Male,87,2,1,Laboratory Technician,1,Divorced,4066,16290,1,Y,No,11,4,1,80,2,7,3,3,7,7,0,7,Seek
21,Current employee,Travel_Rarely,546,Research & Development,5,1,Medical,1,18367,141822,3,Male,87,2,1,Sales Representative,1,Divorced,4066,7505,1,Y,No,11,3,1,80,0,7,3,3,7,7,0,7,Seek
21,Current employee,Travel_Rarely,546,Research & Development,5,1,Life Sciences,1,18368,141823,3,Male,87,2,1,Laboratory Technician,1,Divorced,4066,8213,1,Y,No,11,3,1,80,0,7,3,3,7,7,0,7,Seek
21,Current employee,Travel_Rarely,546,Research & Development,5,1,Medical,1,18409,141864,3,Male,97,3,1,Research Scientist,4,Single,3117,26009,1,Y,No,18,3,3,80,0,3,2,3,2,2,2,2,Recruit.net
21,Current employee,Travel_Rarely,546,Research & Development,5,1,Life Sciences,1,18412,141867,3,Male,97,3,1,Research Scientist,4,Single,3117,26009,3,Y,No,18,3,3,80,0,3,2,3,2,2,2,2,Recruit.net
21,Current employee,Travel_Rarely,546,Research & Development,5,1,Medical,1,18413,141868,3,Male,97,3,1,Laboratory Technician,4,Single,3117,7298,1,Y,No,18,3,3,80,0,3,2,3,2,2,2,2,Recruit.net
21,Current employee,Travel_Rarely,546,Research & Development,5,1,Life Sciences,1,18414,141869,4,Male,97,3,1,Research Scientist,4,Single,3117,8870,3,Y,No,18,3,3,80,0,3,2,3,2,2,2,2,Recruit.net
21,Current employee,Travel_Rarely,546,Research & Development,5,1,Medical,1,18417,141872,3,Male,97,3,1,Research Scientist,4,Single,3117,26009,1,Y,No,18,3,3,80,0,3,2,3,2,2,2,2,Recruit.net
21,Current employee,Travel_Rarely,546,Research & Development,5,1,Life Sciences,1,18420,141875,3,Male,97,3,1,Research Scientist,4,Single,3117,26009,3,Y,No,18,3,3,80,0,3,2,3,2,2,2,2,Recruit.net
21,Current employee,Travel_Rarely,546,Research & Development,5,1,Medical,1,18421,141876,3,Male,97,3,1,Laboratory Technician,4,Single,3117,7298,1,Y,No,18,3,3,80,0,3,2,3,2,2,2,2,Recruit.net
21,Current employee,Travel_Rarely,546,Research & Development,5,1,Life Sciences,1,18422,141877,4,Male,97,3,1,Research Scientist,4,Single,3117,8870,3,Y,No,18,3,3,80,0,3,2,3,2,2,2,2,Recruit.net
21,Current employee,Travel_Rarely,501,Sales,5,1,Medical,1,19921,143376,4,Female,91,2,1,Human Resources,4,Divorced,2180,9732,6,Y,No,11,3,3,80,1,6,0,2,4,2,1,2,Company Website
21,Current employee,Travel_Rarely,501,Sales,5,1,Life Sciences,1,19922,143377,4,Female,91,2,1,Human Resources,4,Divorced,2180,9732,0,Y,No,11,3,3,80,1,6,0,2,4,2,1,2,Company Website
21,Current employee,Travel_Rarely,501,Sales,5,1,Medical,1,19924,143379,3,Female,91,2,1,Sales Representative,4,Divorced,2180,7999,6,Y,No,11,3,3,80,0,6,0,2,4,2,1,2,Company Website
21,Current employee,Travel_Rarely,501,Sales,5,1,Life Sciences,1,19925,143380,3,Female,91,2,1,Laboratory Technician,4,Divorced,2180,8040,0,Y,No,11,3,3,80,0,6,0,2,4,2,1,2,Company Website
21,Current employee,Travel_Rarely,501,Sales,5,1,Medical,1,19929,143384,4,Female,91,2,1,Human Resources,4,Divorced,2180,9732,6,Y,No,11,3,3,80,1,6,0,2,4,2,1,2,Company Website
21,Current employee,Travel_Rarely,501,Sales,5,1,Life Sciences,1,19930,143385,4,Female,91,2,1,Human Resources,4,Divorced,2180,9732,0,Y,No,11,3,3,80,1,6,0,2,4,2,1,2,Company Website
21,Current employee,Travel_Rarely,501,Sales,5,1,Medical,1,19932,143387,3,Female,91,2,1,Sales Representative,4,Divorced,2180,7999,6,Y,No,11,3,3,80,0,6,0,2,4,2,1,2,Company Website
21,Current employee,Travel_Rarely,501,Sales,5,1,Life Sciences,1,19933,143388,3,Female,91,2,1,Laboratory Technician,4,Divorced,2180,8040,0,Y,No,11,3,3,80,0,6,0,2,4,2,1,2,Company Website
21,Current employee,Travel_Rarely,1343,Sales,22,1,Technical Degree,1,22150,145605,4,Male,97,3,3,Sales Executive,3,Divorced,8628,22914,1,Y,No,18,3,3,80,1,9,2,2,8,7,1,1,Company Website
21,Current employee,Travel_Rarely,1343,Sales,22,1,Other,1,22152,145607,4,Male,97,3,3,Sales Executive,3,Divorced,8628,22914,7,Y,No,18,3,3,80,1,9,2,2,8,7,1,1,Company Website
21,Current employee,Travel_Rarely,1343,Sales,22,1,Technical Degree,1,22153,145608,3,Male,97,3,3,Laboratory Technician,3,Divorced,8628,8018,1,Y,No,18,3,3,80,0,9,2,2,8,7,1,1,Company Website
21,Current employee,Travel_Rarely,1343,Sales,22,1,Other,1,22154,145609,4,Male,97,3,3,Sales Executive,3,Divorced,8628,8916,7,Y,No,18,3,3,80,0,9,2,2,8,7,1,1,Company Website
21,Current employee,Travel_Rarely,1343,Sales,22,1,Technical Degree,1,22158,145613,4,Male,97,3,3,Sales Executive,3,Divorced,8628,22914,1,Y,No,18,3,3,80,1,9,2,2,8,7,1,1,Company Website
21,Current employee,Travel_Rarely,1343,Sales,22,1,Other,1,22160,145615,4,Male,97,3,3,Sales Executive,3,Divorced,8628,22914,7,Y,No,18,3,3,80,1,9,2,2,8,7,1,1,Company Website
21,Current employee,Travel_Rarely,1343,Sales,22,1,Technical Degree,1,22161,145616,3,Male,97,3,3,Laboratory Technician,3,Divorced,8628,8018,1,Y,No,18,3,3,80,0,9,2,2,8,7,1,1,Company Website
21,Current employee,Travel_Rarely,1343,Sales,22,1,Other,1,22162,145617,4,Male,97,3,3,Sales Executive,3,Divorced,8628,8916,7,Y,No,18,3,3,80,0,9,2,2,8,7,1,1,Company Website
21,Current employee,Travel_Rarely,984,Research & Development,1,1,Technical Degree,1,22516,145971,4,Male,98,3,1,Laboratory Technician,4,Single,2647,13672,1,Y,No,13,4,3,80,0,5,6,4,5,2,1,4,Recruit.net
21,Current employee,Travel_Rarely,984,Research & Development,1,1,Technical Degree,1,22519,145974,3,Male,98,3,1,Sales Representative,4,Single,2647,8040,1,Y,No,13,3,3,80,0,5,6,4,5,2,1,4,Recruit.net
21,Current employee,Travel_Rarely,984,Research & Development,1,1,Life Sciences,1,22520,145975,3,Male,98,3,1,Human Resources,4,Single,2647,8059,1,Y,No,13,3,3,80,0,5,6,4,5,2,1,4,Recruit.net
21,Current employee,Travel_Rarely,984,Research & Development,,1,Technical Degree,1,22524,145979,4,Male,98,3,1,Laboratory Technician,4,Single,2647,13672,1,Y,No,13,4,3,80,0,5,6,4,5,,1,4,Recruit.net
21,Current employee,Travel_Rarely,984,Research & Development,1,1,Life Sciences,1,22525,145980,4,Male,98,3,1,Laboratory Technician,4,Single,2647,13672,1,Y,No,13,4,3,80,0,5,6,4,5,2,1,4,Recruit.net
21,Current employee,Travel_Rarely,984,Research & Development,1,1,Technical Degree,1,22527,145982,3,Male,98,3,1,Sales Representative,4,Single,2647,8040,1,Y,No,13,3,3,80,0,5,6,4,5,2,1,4,Recruit.net
21,Current employee,Travel_Rarely,984,Research & Development,1,1,Life Sciences,1,22528,145983,3,Male,98,3,1,Human Resources,4,Single,2647,8059,1,Y,No,13,3,3,80,0,5,6,4,5,2,1,4,Recruit.net
21,Current employee,Travel_Rarely,501,Sales,5,1,Medical,1,22968,146423,3,Male,35,3,1,Sales Representative,1,Single,2380,25479,1,Y,Yes,11,3,4,80,0,2,6,3,2,2,1,2,Indeed
21,Current employee,Travel_Rarely,501,Sales,5,1,Life Sciences,1,22970,146425,3,Male,35,3,1,Sales Representative,1,Single,2380,25479,9,Y,Yes,11,3,4,80,0,2,6,3,2,2,1,2,Indeed
21,Current employee,Travel_Rarely,501,Sales,5,1,Medical,1,22972,146427,3,Male,35,3,1,Laboratory Technician,1,Single,2380,7324,1,Y,Yes,11,3,4,80,0,2,6,3,2,2,1,2,Indeed
21,Current employee,Travel_Rarely,501,Sales,5,1,Life Sciences,1,22973,146428,4,Male,35,3,1,Sales Representative,1,Single,2380,8978,9,Y,Yes,11,3,4,80,0,2,6,3,2,2,1,2,Indeed
21,Current employee,Travel_Rarely,501,Sales,5,1,Medical,1,22976,146431,3,Male,35,3,1,Sales Representative,1,Single,2380,25479,1,Y,Yes,11,3,4,80,0,2,6,3,2,2,1,2,Indeed
21,Current employee,Travel_Rarely,501,Sales,5,1,Life Sciences,1,22978,146433,3,Male,35,3,1,Sales Representative,1,Single,2380,25479,9,Y,Yes,11,3,4,80,0,2,6,3,2,2,1,2,Indeed
21,Current employee,Travel_Rarely,501,Sales,5,1,Medical,1,22980,146435,3,Male,35,3,1,Laboratory Technician,1,Single,2380,7324,1,Y,Yes,11,3,4,80,0,2,6,3,2,2,1,2,Indeed
21,Current employee,Travel_Rarely,501,Sales,5,1,Life Sciences,1,22981,146436,4,Male,35,3,1,Sales Representative,1,Single,2380,8978,9,Y,Yes,11,3,4,80,0,2,6,3,2,2,1,2,Indeed
21,,Travel_Rarely,984,Research & Development,1,1,Life Sciences,1,22517,145972,4,Male,98,3,1,Laboratory Technician,4,Single,2647,13672,1,Y,No,13,4,,80,0,5,6,4,5,2,1,4,Recruit.net
45,Voluntary Resignation,Travel_Rarely,1449,Sales,1,1,Life Sciences,1,3105,126560,1,Male,45,2,2,Manufacturing Director,3,Married,9547,14074,7,Y,No,14,3,2,80,0,27,3,3,15,11,4,8,Jora
45,Voluntary Resignation,Travel_Frequently,306,Sales,26,4,Life Sciences,1,3734,127189,1,Female,47,3,3,Sales Executive,3,Single,8789,9096,1,Y,No,14,3,1,80,0,10,3,4,10,7,0,8,Jora
45,Voluntary Resignation,Travel_Frequently,306,Sales,26,4,Technical Degree,1,3736,127191,1,Female,47,3,3,Sales Executive,3,Single,8789,9096,7,Y,No,14,3,1,80,0,10,3,4,10,7,0,8,Jora
45,Voluntary Resignation,Travel_Frequently,306,Sales,26,4,Life Sciences,1,3739,127194,1,Female,47,3,3,Sales Executive,3,Single,8789,9096,1,Y,No,14,3,1,80,0,10,3,4,10,7,0,8,Jora
45,Voluntary Resignation,Travel_Frequently,306,Sales,26,4,Technical Degree,1,3740,127195,1,Female,47,3,3,Sales Executive,3,Single,8789,9096,7,Y,No,14,3,1,80,0,10,3,4,10,7,0,8,Jora
45,Voluntary Resignation,Travel_Frequently,306,Sales,26,4,Life Sciences,1,3742,127197,1,Female,47,3,3,Sales Executive,3,Single,8789,9096,1,Y,No,14,3,1,80,0,10,3,4,10,7,0,8,Jora
45,Voluntary Resignation,Travel_Frequently,306,Sales,26,4,Technical Degree,1,3744,127199,1,Female,47,3,3,Sales Executive,3,Single,8789,9096,7,Y,No,14,3,1,80,0,10,3,4,10,7,0,8,Jora
45,Voluntary Resignation,Travel_Frequently,306,Sales,26,4,Life Sciences,1,3747,127202,1,Female,47,3,3,Sales Executive,3,Single,8789,9096,1,Y,No,14,3,1,80,0,10,3,4,10,7,0,8,Jora
45,Voluntary Resignation,Travel_Frequently,306,Sales,26,4,Technical Degree,1,3748,127203,1,Female,47,3,3,Sales Executive,3,Single,8789,9096,7,Y,No,14,3,1,80,0,10,3,4,10,7,0,8,Jora
45,Voluntary Resignation,Travel_Frequently,306,Sales,26,4,Life Sciences,1,8071,131526,1,Female,100,3,2,Sales Executive,1,Married,4286,5630,2,Y,No,14,3,4,80,2,5,4,3,1,1,0,0,Company Website
45,Voluntary Resignation,Travel_Frequently,306,Sales,26,4,Technical Degree,1,8074,131529,1,Female,100,3,2,Sales Executive,1,Married,4286,5630,7,Y,No,14,3,4,80,2,5,4,3,1,1,0,0,Company Website
45,Voluntary Resignation,Travel_Frequently,306,Sales,26,4,Life Sciences,1,8077,131532,1,Female,100,3,2,Sales Executive,1,Married,4286,5630,2,Y,No,14,3,4,80,2,5,4,3,1,1,0,0,Company Website
45,Voluntary Resignation,Travel_Frequently,306,Sales,26,4,Technical Degree,1,8078,131533,1,Female,100,3,2,Sales Executive,1,Married,4286,5630,7,Y,No,14,3,4,80,2,5,4,3,1,1,0,0,Company Website
45,Voluntary Resignation,Travel_Frequently,306,Sales,26,4,Life Sciences,1,8079,131534,1,Female,100,3,2,Sales Executive,1,Married,4286,5630,2,Y,No,14,3,4,80,2,5,4,3,1,1,0,0,Company Website
45,Voluntary Resignation,Travel_Frequently,306,Sales,26,4,Technical Degree,1,8082,131537,1,Female,100,3,2,Sales Executive,1,Married,4286,5630,7,Y,No,14,3,4,80,2,5,4,3,1,1,0,0,Company Website
45,Voluntary Resignation,Travel_Frequently,306,Sales,26,4,Life Sciences,1,8085,131540,1,Female,100,3,2,Sales Executive,1,Married,4286,5630,2,Y,No,14,3,4,80,2,5,4,3,1,1,0,0,Company Website
45,Voluntary Resignation,Travel_Frequently,306,Sales,26,4,Technical Degree,1,8086,131541,1,Female,100,3,2,Sales Executive,1,Married,4286,5630,7,Y,No,14,3,4,80,2,5,4,3,1,1,0,0,Company Website
45,Voluntary Resignation,Travel_Rarely,1449,Sales,2,3,Marketing,1,11789,135244,3,Male,70,2,3,Healthcare Representative,3,Single,10999,22245,7,Y,No,14,3,2,80,0,27,3,3,15,11,4,8,Jora
45,Voluntary Resignation,Travel_Rarely,1449,Sales,2,3,Life Sciences,1,11790,135245,3,Male,70,2,3,Healthcare Representative,3,Single,10999,22245,0,Y,No,14,3,2,80,0,27,3,3,15,11,4,8,Jora
45,Voluntary Resignation,Travel_Rarely,1449,Sales,2,3,Marketing,1,11792,135247,3,Male,70,2,3,Healthcare Representative,3,Single,10999,22245,7,Y,No,14,3,2,80,0,27,3,3,15,11,4,8,Jora
45,Voluntary Resignation,Travel_Rarely,1449,Sales,2,3,Life Sciences,1,11793,135248,3,Male,70,2,3,Healthcare Representative,3,Single,10999,22245,0,Y,No,14,3,2,80,0,27,3,3,15,11,4,8,Jora
45,Voluntary Resignation,Travel_Rarely,1449,Sales,2,3,Marketing,1,11797,135252,3,Male,70,2,3,Healthcare Representative,3,Single,10999,22245,7,Y,No,14,3,2,80,0,27,3,3,15,11,4,8,Jora
45,Voluntary Resignation,Travel_Rarely,1449,Sales,2,3,Life Sciences,1,11798,135253,3,Male,70,2,3,Healthcare Representative,3,Single,10999,22245,0,Y,No,14,3,2,80,0,27,3,3,15,11,4,8,Jora
45,Voluntary Resignation,Travel_Rarely,1449,Sales,2,3,Life Sciences,1,11800,135255,3,Male,70,2,3,Healthcare Representative,3,Single,10999,22245,0,Y,No,14,3,2,80,0,27,3,3,15,11,4,8,Jora
45,Voluntary Resignation,Travel_Rarely,1449,Sales,2,3,Marketing,1,14621,138076,1,Female,94,1,5,Manager,2,Single,18824,2493,2,Y,Yes,16,3,1,80,0,26,2,3,24,10,1,11,GlassDoor
45,Voluntary Resignation,Travel_Rarely,1449,Sales,2,3,Life Sciences,1,14624,138079,1,Female,94,1,5,Manager,2,Single,18824,2493,1,Y,Yes,16,3,1,80,0,26,2,3,24,10,1,11,GlassDoor
45,Voluntary Resignation,Travel_Rarely,1449,Sales,2,3,Marketing,1,14627,138082,1,Female,94,1,5,Manager,2,Single,18824,2493,2,Y,Yes,16,3,1,80,0,26,2,3,24,10,1,11,GlassDoor
45,Voluntary Resignation,Travel_Rarely,1449,Sales,2,3,Life Sciences,1,14628,138083,1,Female,94,1,5,Manager,2,Single,18824,2493,1,Y,Yes,16,3,1,80,0,26,2,3,24,10,1,11,GlassDoor
45,Voluntary Resignation,Travel_Rarely,1449,Sales,2,3,Marketing,1,14629,138084,1,Female,94,1,5,Manager,2,Single,18824,2493,2,Y,Yes,16,3,1,80,0,26,2,3,24,10,1,11,GlassDoor
45,Voluntary Resignation,Travel_Rarely,1449,Sales,2,3,Life Sciences,1,14632,138087,1,Female,94,1,5,Manager,2,Single,18824,2493,1,Y,Yes,16,3,1,80,0,26,2,3,24,10,1,11,GlassDoor
45,Voluntary Resignation,Travel_Rarely,1449,Sales,2,3,Marketing,1,14635,138090,1,Female,94,1,5,Manager,2,Single,18824,2493,2,Y,Yes,16,3,1,80,0,26,2,3,24,10,1,11,GlassDoor
45,Voluntary Resignation,Travel_Rarely,1449,Sales,2,3,Life Sciences,1,14636,138091,1,Female,94,1,5,Manager,2,Single,18824,2493,1,Y,Yes,16,3,1,80,0,26,2,3,24,10,1,11,GlassDoor
45,Current employee,Non-Travel,336,Sales,3,3,Life Sciences,1,190,123645,1,Male,37,2,3,Manufacturing Director,3,Single,9526,8787,0,Y,No,11,3,4,80,1,16,2,2,15,1,0,9,Company Website
45,Current employee,Travel_Rarely,192,Research & Development,3,3,Life Sciences,1,191,123646,1,Male,37,2,3,Manufacturing Director,3,Single,9526,8787,3,Y,No,21,4,4,80,2,8,3,2,2,2,0,2,Recruit.net
45,Current employee,Travel_Frequently,1249,Research & Development,7,3,Life Sciences,1,254,123709,4,Female,49,2,2,Laboratory Technician,3,Single,4193,12682,4,Y,Yes,20,3,2,80,1,9,3,2,1,0,0,0,Company Website
45,Current employee,Travel_Rarely,1339,Research & Development,7,3,Life Sciences,1,1082,124537,1,Male,40,2,2,Manufacturing Director,3,Divorced,5993,2689,1,Y,No,18,3,3,80,1,7,2,4,7,5,0,7,Adzuna
45,Current employee,Travel_Rarely,1339,Research & Development,7,3,Marketing,1,1084,124539,1,Male,40,2,2,Manufacturing Director,3,Divorced,5993,2689,1,Y,No,18,3,3,80,1,7,2,4,7,5,0,7,Adzuna
45,Current employee,Travel_Rarely,1339,Research & Development,7,3,Life Sciences,1,1087,124542,1,Male,40,2,2,Manufacturing Director,3,Divorced,5993,2689,1,Y,No,18,3,3,80,1,7,2,4,7,5,0,7,Adzuna
45,Current employee,Travel_Rarely,1339,Research & Development,7,3,Marketing,1,1088,124543,1,Male,40,2,2,Manufacturing Director,3,Divorced,5993,2689,1,Y,No,18,3,3,80,1,7,2,4,7,5,0,7,Adzuna
45,Current employee,Travel_Rarely,1339,Research & Development,7,3,Life Sciences,1,1090,124545,1,Male,40,2,2,Manufacturing Director,3,Divorced,5993,2689,1,Y,No,18,3,3,80,1,7,2,4,7,5,0,7,Adzuna
45,Current employee,Travel_Rarely,1339,Research & Development,7,3,Marketing,1,1092,124547,1,Male,40,2,2,Manufacturing Director,3,Divorced,5993,2689,1,Y,No,18,3,3,80,1,7,2,4,7,5,0,7,Adzuna
45,Current employee,Travel_Rarely,1339,Research & Development,7,3,Life Sciences,1,1095,124550,1,Male,40,2,2,Manufacturing Director,3,Divorced,5993,2689,1,Y,No,18,3,3,80,1,7,2,4,7,5,0,7,Adzuna
45,Current employee,Travel_Rarely,1339,Research & Development,7,3,Marketing,1,1096,124551,1,Male,40,2,2,Manufacturing Director,3,Divorced,5993,2689,1,Y,No,18,3,3,80,1,7,2,4,7,5,0,7,Adzuna
45,Current employee,Travel_Rarely,1339,Research & Development,7,3,Life Sciences,1,1211,124666,2,Male,59,3,3,Research Scientist,1,Divorced,9724,18787,2,Y,No,17,3,3,80,1,25,2,3,1,0,0,0,Company Website
45,Current employee,Travel_Rarely,1339,Research & Development,7,3,Marketing,1,1213,124668,2,Male,59,3,3,Research Scientist,1,Divorced,9724,18787,3,Y,No,17,3,3,80,1,25,2,3,1,0,0,0,Company Website
45,Current employee,Travel_Rarely,1339,Research & Development,7,3,Life Sciences,1,1215,124670,2,Male,59,3,3,Research Scientist,1,Divorced,9724,18787,2,Y,No,17,3,3,80,1,25,2,3,1,0,0,0,Company Website
45,Current employee,Travel_Rarely,1339,Research & Development,7,3,Marketing,1,1216,124671,2,Male,59,3,3,Research Scientist,1,Divorced,9724,18787,3,Y,No,17,3,3,80,1,25,2,3,1,0,0,0,Company Website
45,Current employee,Travel_Rarely,1339,Research & Development,7,3,Marketing,1,1220,124675,2,Male,59,3,3,Research Scientist,1,Divorced,9724,18787,3,Y,No,17,3,3,80,1,25,2,3,1,0,0,0,Company Website
45,Current employee,Travel_Rarely,1339,Research & Development,7,3,Life Sciences,1,1222,124677,2,Male,59,3,3,Research Scientist,1,Divorced,9724,18787,2,Y,No,17,3,3,80,1,25,2,3,1,0,0,0,Company Website
45,Current employee,Travel_Rarely,1339,Research & Development,7,3,Marketing,1,1223,124678,2,Male,59,3,3,Research Scientist,1,Divorced,9724,18787,3,Y,No,17,3,3,80,1,25,2,3,1,0,0,0,Company Website
45,Current employee,Travel_Rarely,193,Research & Development,6,4,Other,1,1361,124816,4,Male,52,3,3,Research Director,1,Married,13245,15067,4,Y,Yes,14,3,2,80,0,17,3,4,0,0,0,0,Referral
45,Current employee,Travel_Rarely,193,Research & Development,6,4,Marketing,1,1363,124818,4,Male,52,3,3,Research Director,1,Married,13245,15067,2,Y,Yes,14,3,2,80,0,17,3,4,0,0,0,0,Referral
45,Current employee,Travel_Rarely,193,Research & Development,6,4,Other,1,1367,124822,4,Male,52,3,3,Research Director,1,Married,13245,15067,4,Y,Yes,14,3,2,80,0,17,3,4,0,0,0,0,Referral
45,Current employee,Travel_Rarely,193,Research & Development,6,4,Marketing,1,1368,124823,4,Male,52,3,3,Research Director,1,Married,13245,15067,2,Y,Yes,14,3,2,80,0,17,3,4,0,0,0,0,Referral
45,Current employee,Travel_Rarely,193,Research & Development,6,4,Marketing,1,1370,124825,4,Male,52,3,3,Research Director,1,Married,13245,15067,2,Y,Yes,14,3,2,80,0,17,3,4,0,0,0,0,Referral
45,Current employee,Travel_Rarely,193,Research & Development,6,4,Other,1,1374,124829,4,Male,52,3,3,Research Director,1,Married,13245,15067,4,Y,Yes,14,3,2,80,0,17,3,4,0,0,0,0,Referral
45,Current employee,Travel_Rarely,193,Research & Development,6,4,Marketing,1,1375,124830,4,Male,52,3,3,Research Director,1,Married,13245,15067,2,Y,Yes,14,3,2,80,0,17,3,4,0,0,0,0,Referral
45,Current employee,Travel_Rarely,194,Research & Development,9,3,Life Sciences,1,1615,125070,1,Male,42,3,2,Sales Executive,3,Single,5010,24301,1,Y,No,16,3,1,80,0,12,0,3,11,8,5,7,Seek
45,Current employee,Travel_Rarely,194,Research & Development,9,3,Medical,1,1617,125072,1,Male,42,3,2,Sales Executive,3,Single,5010,24301,6,Y,No,16,3,1,80,0,12,0,3,11,8,5,7,Seek
45,Current employee,Travel_Rarely,194,Research & Development,9,3,Life Sciences,1,1620,125075,1,Male,42,3,2,Sales Executive,3,Single,5010,24301,1,Y,No,16,3,1,80,0,12,0,3,11,8,5,7,Seek
45,Current employee,Travel_Rarely,194,Research & Development,9,3,Medical,1,1621,125076,1,Male,42,3,2,Sales Executive,3,Single,5010,24301,6,Y,No,16,3,1,80,0,12,0,3,11,8,5,7,Seek
45,Current employee,Travel_Rarely,194,Research & Development,9,3,Life Sciences,1,1623,125078,1,Male,42,3,2,Sales Executive,3,Single,5010,24301,1,Y,No,16,3,1,80,0,12,0,3,11,8,5,7,Seek
45,Current employee,Travel_Rarely,194,Research & Development,9,3,Medical,1,1625,125080,1,Male,42,3,2,Sales Executive,3,Single,5010,24301,6,Y,No,16,3,1,80,0,12,0,3,11,8,5,7,Seek
45,Current employee,Travel_Rarely,194,Research & Development,9,3,Life Sciences,1,1628,125083,1,Male,42,3,2,Sales Executive,3,Single,5010,24301,1,Y,No,16,3,1,80,0,12,0,3,11,8,5,7,Seek
45,Current employee,Travel_Rarely,194,Research & Development,9,3,Medical,1,1629,125084,1,Male,42,3,2,Sales Executive,3,Single,5010,24301,6,Y,No,16,3,1,80,0,12,0,3,11,8,5,7,Seek
45,Current employee,Travel_Rarely,1268,Sales,4,2,Life Sciences,1,1723,125178,1,Male,42,3,1,Research Scientist,1,Single,2956,15178,1,Y,No,13,3,4,80,0,1,2,3,1,0,0,0,Indeed
45,Current employee,Travel_Rarely,1268,Sales,4,2,Life Sciences,1,1725,125180,1,Male,42,3,1,Research Scientist,1,Single,2956,15178,3,Y,No,13,3,4,80,0,1,2,3,1,0,0,0,Indeed
45,Current employee,Travel_Rarely,1268,Sales,4,2,Life Sciences,1,1728,125183,1,Male,42,3,1,Research Scientist,1,Single,2956,15178,1,Y,No,13,3,4,80,0,1,2,3,1,0,0,0,Indeed
45,Current employee,Travel_Rarely,1268,Sales,4,2,Life Sciences,1,1729,125184,1,Male,42,3,1,Research Scientist,1,Single,2956,15178,3,Y,No,13,3,4,80,0,1,2,3,1,0,0,0,Indeed
45,Current employee,Travel_Rarely,1268,Sales,4,2,Life Sciences,1,1730,125185,1,Male,42,3,1,Research Scientist,1,Single,2956,15178,1,Y,No,13,3,4,80,0,1,2,3,1,0,0,0,Indeed
45,Current employee,Travel_Rarely,1268,Sales,4,2,Life Sciences,1,1732,125187,1,Male,42,3,1,Research Scientist,1,Single,2956,15178,3,Y,No,13,3,4,80,0,1,2,3,1,0,0,0,Indeed
45,Current employee,Travel_Rarely,1268,Sales,4,2,Life Sciences,1,1735,125190,1,Male,42,3,1,Research Scientist,1,Single,2956,15178,1,Y,No,13,3,4,80,0,1,2,3,1,0,0,0,Indeed
45,Current employee,Travel_Rarely,1268,Sales,4,2,Life Sciences,1,1736,125191,1,Male,42,3,1,Research Scientist,1,Single,2956,15178,3,Y,No,13,3,4,80,0,1,2,3,1,0,0,0,Indeed
45,Current employee,Travel_Frequently,1199,Research & Development,7,4,Life Sciences,1,2161,125616,1,Female,43,3,2,Manufacturing Director,1,Married,6567,5549,1,Y,No,14,4,3,80,0,16,2,2,15,11,5,11,Jora
45,Current employee,Travel_Frequently,1199,Research & Development,7,4,Marketing,1,2162,125617,1,Female,43,3,2,Manufacturing Director,1,Married,6567,5549,1,Y,No,14,3,3,80,0,16,2,2,15,11,5,11,Jora
45,Current employee,Travel_Frequently,1199,Research & Development,7,4,Life Sciences,1,2164,125619,1,Female,43,3,2,Manufacturing Director,1,Married,6567,5549,1,Y,No,14,3,3,80,0,16,2,2,15,11,5,11,Jora
45,Current employee,Travel_Frequently,1199,Research & Development,7,4,Marketing,1,2165,125620,1,Female,43,3,2,Manufacturing Director,1,Married,6567,5549,1,Y,No,14,3,3,80,0,16,2,2,15,11,5,11,Jora
45,Current employee,Travel_Frequently,1199,Research & Development,7,4,Life Sciences,1,2169,125624,1,Female,43,3,2,Manufacturing Director,1,Married,6567,5549,1,Y,No,14,4,3,80,0,16,2,2,15,11,5,11,Jora
45,Current employee,Travel_Frequently,1199,Research & Development,7,4,Marketing,1,2170,125625,1,Female,43,3,2,Manufacturing Director,1,Married,6567,5549,1,Y,No,14,3,3,80,0,16,2,2,15,11,5,11,Jora
45,Current employee,Travel_Frequently,1199,Research & Development,7,4,Life Sciences,1,2172,125627,1,Female,43,3,2,Manufacturing Director,1,Married,6567,5549,1,Y,No,14,3,3,80,0,16,2,2,15,11,5,11,Jora
45,Current employee,Travel_Frequently,1199,Research & Development,7,4,Marketing,1,2173,125628,1,Female,43,3,2,Manufacturing Director,1,Married,6567,5549,1,Y,No,14,3,3,80,0,16,2,2,15,11,5,11,Jora
45,Current employee,Travel_Rarely,1316,Research & Development,29,3,Medical,1,2351,125806,3,Male,83,3,1,Research Scientist,4,Single,3452,9752,5,Y,No,13,3,2,80,0,9,2,2,6,5,0,3,Company Website
45,Current employee,Travel_Rarely,1316,Research & Development,29,3,Technical Degree,1,2354,125809,3,Male,83,3,1,Research Scientist,4,Single,3452,9752,4,Y,No,13,3,2,80,0,9,2,2,6,5,0,3,Company Website
45,Current employee,Travel_Rarely,1316,Research & Development,29,3,Medical,1,2357,125812,3,Male,83,3,1,Research Scientist,4,Single,3452,9752,5,Y,No,13,3,2,80,0,9,2,2,6,5,0,3,Company Website
45,Current employee,Travel_Rarely,1316,Research & Development,29,3,Technical Degree,1,2358,125813,3,Male,83,3,1,Research Scientist,4,Single,3452,9752,4,Y,No,13,3,2,80,0,9,2,2,6,5,0,3,Company Website
45,Current employee,Travel_Rarely,1316,Research & Development,29,3,Medical,1,2359,125814,3,Male,83,3,1,Research Scientist,4,Single,3452,9752,5,Y,No,13,3,2,80,0,9,2,2,6,5,0,3,Company Website
45,Current employee,Travel_Rarely,1316,Research & Development,29,3,Technical Degree,1,2362,125817,3,Male,83,3,1,Research Scientist,4,Single,3452,9752,4,Y,No,13,3,2,80,0,9,2,2,6,5,0,3,Company Website
45,Current employee,Travel_Rarely,1316,Research & Development,29,3,Medical,1,2365,125820,3,Male,83,3,1,Research Scientist,4,Single,3452,9752,5,Y,No,13,3,2,80,0,9,2,2,6,5,0,3,Company Website
45,Current employee,Travel_Rarely,194,Research & Development,9,3,Life Sciences,1,2538,125993,2,Male,60,3,2,Laboratory Technician,2,Divorced,2348,10901,8,Y,No,18,3,3,80,1,20,2,1,17,9,0,15,Recruit.net
45,Current employee,Travel_Rarely,194,Research & Development,9,3,Medical,1,2540,125995,2,Male,60,3,2,Laboratory Technician,2,Divorced,2348,10901,1,Y,No,18,3,3,80,1,20,2,1,17,9,0,15,Recruit.net
45,Current employee,Travel_Rarely,194,Research & Development,9,3,Life Sciences,1,2544,125999,2,Male,60,3,2,Laboratory Technician,2,Divorced,2348,10901,8,Y,No,18,3,3,80,1,20,2,1,17,9,0,15,Recruit.net
45,Current employee,Travel_Rarely,194,Research & Development,9,3,Medical,1,2545,126000,2,Male,60,3,2,Laboratory Technician,2,Divorced,2348,10901,1,Y,No,18,3,3,80,1,20,2,1,17,9,0,15,Recruit.net
45,Current employee,Travel_Rarely,194,Research & Development,9,3,Life Sciences,1,2546,126001,2,Male,60,3,2,Laboratory Technician,2,Divorced,2348,10901,8,Y,No,18,3,3,80,1,20,2,1,17,9,0,15,Recruit.net
45,Current employee,Travel_Rarely,194,Research & Development,9,3,Medical,1,2547,126002,2,Male,60,3,2,Laboratory Technician,2,Divorced,2348,10901,1,Y,No,18,3,3,80,1,20,2,1,17,9,0,15,Recruit.net
45,Current employee,Travel_Rarely,194,Research & Development,9,3,Life Sciences,1,2551,126006,2,Male,60,3,2,Laboratory Technician,2,Divorced,2348,10901,8,Y,No,18,3,3,80,1,20,2,1,17,9,0,15,Recruit.net
45,Current employee,Travel_Rarely,194,Research & Development,9,3,Medical,1,2552,126007,2,Male,60,3,2,Laboratory Technician,2,Divorced,2348,10901,1,Y,No,18,3,3,80,1,20,2,1,17,9,0,15,Recruit.net
45,Current employee,Travel_Frequently,1249,Research & Development,7,3,Life Sciences,1,2599,126054,1,Female,44,2,1,Research Scientist,2,Married,3346,11873,4,Y,Yes,20,3,2,80,1,9,3,2,1,0,0,0,Company Website
45,Current employee,Travel_Frequently,1249,Research & Development,7,3,Marketing,1,2600,126055,1,Female,44,2,1,Research Scientist,2,Married,3346,11873,3,Y,Yes,20,3,2,80,1,9,3,2,1,0,0,0,Company Website
45,Current employee,Travel_Frequently,1249,Research & Development,7,3,Life Sciences,1,2602,126057,1,Female,44,2,1,Research Scientist,2,Married,3346,11873,4,Y,Yes,20,4,2,80,1,9,3,2,1,0,0,0,Company Website
45,Current employee,Travel_Frequently,1249,Research & Development,7,3,Marketing,1,2603,126058,1,Female,44,2,1,Research Scientist,2,Married,3346,11873,3,Y,Yes,20,4,2,80,1,9,3,2,1,0,0,0,Company Website
45,Current employee,Travel_Frequently,1249,Research & Development,7,3,Marketing,1,2607,126062,1,Female,44,2,1,Research Scientist,2,Married,3346,11873,3,Y,Yes,20,3,2,80,1,9,3,2,1,0,0,0,Company Website
45,Current employee,Travel_Frequently,1249,Research & Development,7,3,Life Sciences,1,2609,126064,1,Female,44,2,1,Research Scientist,2,Married,3346,11873,4,Y,Yes,20,4,2,80,1,9,3,2,1,0,0,0,Company Website
45,Current employee,Travel_Frequently,1249,Research & Development,7,3,Marketing,1,2610,126065,1,Female,44,2,1,Research Scientist,2,Married,3346,11873,3,Y,Yes,20,4,2,80,1,9,3,2,1,0,0,0,Company Website
45,Current employee,Travel_Rarely,1268,Sales,4,2,Life Sciences,1,2864,126319,3,Female,30,3,2,Sales Executive,1,Divorced,5006,6319,4,Y,Yes,11,3,1,80,1,9,3,4,5,4,0,3,Seek
45,Current employee,Travel_Rarely,1268,Sales,4,2,Life Sciences,1,2866,126321,3,Female,30,3,2,Sales Executive,1,Divorced,5006,6319,5,Y,Yes,11,3,1,80,1,9,3,4,5,4,0,3,Seek
45,Current employee,Travel_Rarely,1268,Sales,4,2,Life Sciences,1,2870,126325,3,Female,30,3,2,Sales Executive,1,Divorced,5006,6319,4,Y,Yes,11,3,1,80,1,9,3,4,5,4,0,3,Seek
45,Current employee,Travel_Rarely,1268,Sales,4,2,Life Sciences,1,2871,126326,3,Female,30,3,2,Sales Executive,1,Divorced,5006,6319,5,Y,Yes,11,3,1,80,1,9,3,4,5,4,0,3,Seek
45,Current employee,Travel_Rarely,1268,Sales,4,2,Life Sciences,1,2872,126327,3,Female,30,3,2,Sales Executive,1,Divorced,5006,6319,4,Y,Yes,11,3,1,80,1,9,3,4,5,4,0,3,Seek
45,Current employee,Travel_Rarely,1268,Sales,4,2,Life Sciences,1,2874,126329,3,Female,30,3,2,Sales Executive,1,Divorced,5006,6319,5,Y,Yes,11,3,1,80,1,9,3,4,5,4,0,3,Seek
45,Current employee,Travel_Rarely,1268,Sales,4,2,Life Sciences,1,2878,126333,3,Female,30,3,2,Sales Executive,1,Divorced,5006,6319,4,Y,Yes,11,3,1,80,1,9,3,4,5,4,0,3,Seek
45,Current employee,Travel_Rarely,1268,Sales,4,2,Life Sciences,1,2879,126334,3,Female,30,3,2,Sales Executive,1,Divorced,5006,6319,5,Y,Yes,11,3,1,80,1,9,3,4,5,4,0,3,Seek
45,Current employee,Non-Travel,1050,Sales,1,1,Life Sciences,1,3106,126561,1,Male,45,2,2,Manufacturing Director,3,Married,9547,14074,3,Y,Yes,13,3,1,80,2,13,2,3,7,7,6,7,Company Website
45,Current employee,Travel_Rarely,192,Research & Development,10,2,Life Sciences,1,3125,126580,1,Male,45,2,5,Manager,3,Married,19999,5678,0,Y,No,14,3,1,80,1,34,5,3,33,18,11,9,Adzuna
45,Current employee,Travel_Rarely,192,Research & Development,10,2,Medical,1,3127,126582,1,Male,45,2,5,Manager,3,Married,19999,5678,1,Y,No,14,3,1,80,1,34,5,3,33,18,11,9,Adzuna
45,Current employee,Travel_Rarely,192,Research & Development,10,2,Life Sciences,1,3128,126583,1,Male,45,2,5,Manager,3,Married,19999,5678,0,Y,No,14,3,1,80,1,34,5,3,33,18,11,9,Adzuna
45,Current employee,Travel_Rarely,192,Research & Development,10,2,Medical,1,3129,126584,1,Male,45,2,5,Manager,3,Married,19999,5678,1,Y,No,14,3,1,80,1,34,5,3,33,18,11,9,Adzuna
45,Current employee,Travel_Rarely,192,Research & Development,10,2,Life Sciences,1,3133,126588,1,Male,45,2,5,Manager,3,Married,19999,5678,0,Y,No,14,3,1,80,1,34,5,3,33,18,11,9,Adzuna
45,Current employee,Travel_Rarely,192,Research & Development,10,2,Medical,1,3135,126590,1,Male,45,2,5,Manager,3,Married,19999,5678,1,Y,No,14,3,1,80,1,34,5,3,33,18,11,9,Adzuna
45,Current employee,Travel_Rarely,192,Research & Development,10,2,Life Sciences,1,3136,126591,1,Male,45,2,5,Manager,3,Married,19999,5678,0,Y,No,14,3,1,80,1,34,5,3,33,18,11,9,Adzuna
45,Current employee,Travel_Rarely,192,Research & Development,10,2,Medical,1,3137,126592,1,Male,45,2,5,Manager,3,Married,19999,5678,1,Y,No,14,3,1,80,1,34,5,3,33,18,11,9,Adzuna
45,Current employee,Non-Travel,1195,Research & Development,2,2,Medical,1,3188,126643,1,Male,65,2,4,Manager,4,Married,16792,20462,9,Y,No,23,3,4,80,1,22,1,3,20,8,11,8,Jora
45,Current employee,Non-Travel,1195,Research & Development,2,2,Life Sciences,1,3190,126645,1,Male,65,2,4,Manager,4,Married,16792,20462,1,Y,No,23,4,4,80,1,22,1,3,20,8,11,8,Jora
45,Current employee,Non-Travel,1195,Research & Development,2,2,Medical,1,3192,126647,1,Male,65,2,4,Manager,4,Married,16792,20462,9,Y,No,23,4,4,80,1,22,1,3,20,8,11,8,Jora
45,Current employee,Non-Travel,1195,Research & Development,2,2,Life Sciences,1,3193,126648,1,Male,65,2,4,Manager,4,Married,16792,20462,1,Y,No,23,4,4,80,1,22,1,3,20,8,11,8,Jora
45,Current employee,Non-Travel,1195,Research & Development,2,2,Medical,1,3196,126651,1,Male,65,2,4,Manager,4,Married,16792,20462,9,Y,No,23,3,4,80,1,22,1,3,20,8,11,8,Jora
45,Current employee,Non-Travel,1195,Research & Development,2,2,Life Sciences,1,3198,126653,1,Male,65,2,4,Manager,4,Married,16792,20462,1,Y,No,23,4,4,80,1,22,1,3,20,8,11,8,Jora
45,Current employee,Non-Travel,1195,Research & Development,2,2,Medical,1,3200,126655,1,Male,65,2,4,Manager,4,Married,16792,20462,9,Y,No,23,4,4,80,1,22,1,3,20,8,11,8,Jora
45,Current employee,Non-Travel,1195,Research & Development,2,2,Life Sciences,1,3201,126656,1,Male,65,2,4,Manager,4,Married,16792,20462,1,Y,No,23,4,4,80,1,22,1,3,20,8,11,8,Jora
45,Current employee,Non-Travel,1052,Sales,6,3,Medical,1,3573,127028,4,Female,57,2,3,Sales Executive,4,Single,8865,16840,6,Y,No,12,3,4,80,0,23,2,3,19,7,12,8,Company Website
45,Current employee,Non-Travel,1052,Sales,6,3,Marketing,1,3575,127030,4,Female,57,2,3,Sales Executive,4,Single,8865,16840,5,Y,No,12,4,4,80,0,23,2,3,19,7,12,8,Company Website
45,Current employee,Non-Travel,1052,Sales,6,3,Medical,1,3579,127034,4,Female,57,2,3,Sales Executive,4,Single,8865,16840,6,Y,No,12,3,4,80,0,23,2,3,19,7,12,8,Company Website
45,Current employee,Non-Travel,1052,Sales,6,3,Marketing,1,3580,127035,4,Female,57,2,3,Sales Executive,4,Single,8865,16840,5,Y,No,12,3,4,80,0,23,2,3,19,7,12,8,Company Website
45,Current employee,Non-Travel,1052,Sales,6,3,Medical,1,3581,127036,4,Female,57,2,3,Sales Executive,4,Single,8865,16840,6,Y,No,12,3,4,80,0,23,2,3,19,7,12,8,Company Website
45,Current employee,Non-Travel,1052,Sales,6,3,Marketing,1,3583,127038,4,Female,57,2,3,Sales Executive,4,Single,8865,16840,5,Y,No,12,4,4,80,0,23,2,3,19,7,12,8,Company Website
45,Current employee,Non-Travel,1052,Sales,6,3,Medical,1,3587,127042,4,Female,57,2,3,Sales Executive,4,Single,8865,16840,6,Y,No,12,3,4,80,0,23,2,3,19,7,12,8,Company Website
45,Current employee,Non-Travel,1052,Sales,6,3,Marketing,1,3588,127043,4,Female,57,2,3,Sales Executive,4,Single,8865,16840,5,Y,No,12,3,4,80,0,23,2,3,19,7,12,8,Company Website
45,Current employee,Travel_Rarely,252,Research & Development,1,3,Other,1,3989,127444,3,Male,70,4,5,Manager,4,Married,19202,15970,0,Y,No,11,3,3,80,1,25,2,3,24,0,1,7,Company Website
45,Current employee,Travel_Rarely,252,Research & Development,1,3,Human Resources,1,3991,127446,3,Male,70,4,5,Manager,4,Married,19202,15970,1,Y,No,11,3,3,80,1,25,2,3,24,0,1,7,Company Website
45,Current employee,Travel_Rarely,252,Research & Development,1,3,Other,1,3995,127450,3,Male,70,4,5,Manager,4,Married,19202,15970,0,Y,No,11,3,3,80,1,25,2,3,24,0,1,7,Company Website
45,Current employee,Travel_Rarely,252,Research & Development,1,3,Human Resources,1,3996,127451,3,Male,70,4,5,Manager,4,Married,19202,15970,1,Y,No,11,3,3,80,1,25,2,3,24,0,1,7,Company Website
45,Current employee,Travel_Rarely,252,Research & Development,1,3,Other,1,3997,127452,3,Male,70,4,5,Manager,4,Married,19202,15970,0,Y,No,11,3,3,80,1,25,2,3,24,0,1,7,Company Website
45,Current employee,Travel_Rarely,252,Research & Development,1,3,Human Resources,1,3999,127454,3,Male,70,4,5,Manager,4,Married,19202,15970,1,Y,No,11,3,3,80,1,25,2,3,24,0,1,7,Company Website
45,Current employee,Travel_Rarely,252,Research & Development,1,3,Other,1,4003,127458,3,Male,70,4,5,Manager,4,Married,19202,15970,0,Y,No,11,3,3,80,1,25,2,3,24,0,1,7,Company Website
45,Current employee,Travel_Rarely,252,Research & Development,1,3,Human Resources,1,4004,127459,3,Male,70,4,5,Manager,4,Married,19202,15970,1,Y,No,11,3,3,80,1,25,2,3,24,0,1,7,Company Website
45,Current employee,Travel_Frequently,1199,Research & Development,7,4,Life Sciences,1,4069,127524,1,Male,77,4,2,Manufacturing Director,3,Married,6434,5118,4,Y,No,17,3,4,80,1,9,1,3,3,2,0,2,LinkedIn
45,Current employee,Travel_Frequently,1199,Research & Development,7,4,Marketing,1,4072,127527,1,Male,77,4,2,Manufacturing Director,3,Married,6434,5118,1,Y,No,17,4,4,80,1,9,1,3,3,2,0,2,LinkedIn
45,Current employee,Travel_Frequently,1199,Research & Development,7,4,Life Sciences,1,4073,127528,1,Male,77,4,2,Manufacturing Director,3,Married,6434,5118,4,Y,No,17,3,4,80,1,9,1,3,3,2,0,2,LinkedIn
45,Current employee,Travel_Frequently,1199,Research & Development,7,4,Marketing,1,4074,127529,1,Male,77,4,2,Manufacturing Director,3,Married,6434,5118,1,Y,No,17,3,4,80,1,9,1,3,3,2,0,2,LinkedIn
45,Current employee,Travel_Frequently,1199,Research & Development,7,4,Life Sciences,1,4077,127532,1,Male,77,4,2,Manufacturing Director,3,Married,6434,5118,4,Y,No,17,3,4,80,1,9,1,3,3,2,0,2,LinkedIn
45,Current employee,Travel_Frequently,1199,Research & Development,7,4,Marketing,1,4080,127535,1,Male,77,4,2,Manufacturing Director,3,Married,6434,5118,1,Y,No,17,4,4,80,1,9,1,3,3,2,0,2,LinkedIn
45,Current employee,Travel_Frequently,1199,Research & Development,7,4,Life Sciences,1,4081,127536,1,Male,77,4,2,Manufacturing Director,3,Married,6434,5118,4,Y,No,17,3,4,80,1,9,1,3,3,2,0,2,LinkedIn
45,Current employee,Travel_Frequently,1199,Research & Development,7,4,Marketing,1,4082,127537,1,Male,77,4,2,Manufacturing Director,3,Married,6434,5118,1,Y,No,17,3,4,80,1,9,1,3,3,2,0,2,LinkedIn
45,Current employee,Travel_Rarely,1385,Research & Development,20,2,Medical,1,4372,127827,3,Male,79,3,4,Healthcare Representative,4,Married,13496,7501,0,Y,Yes,14,3,2,80,0,21,2,3,20,7,4,10,Seek
45,Current employee,Travel_Rarely,1385,Research & Development,20,2,Medical,1,4375,127830,3,Male,79,3,4,Healthcare Representative,4,Married,13496,7501,0,Y,Yes,14,3,2,80,0,21,2,3,20,7,4,10,Seek
45,Current employee,Travel_Rarely,1385,Research & Development,20,2,Medical,1,4376,127831,3,Male,79,3,4,Healthcare Representative,4,Married,13496,7501,0,Y,Yes,14,3,2,80,0,21,2,3,20,7,4,10,Seek
45,Current employee,Travel_Rarely,1385,Research & Development,20,2,Medical,1,4377,127832,3,Male,79,3,4,Healthcare Representative,4,Married,13496,7501,0,Y,Yes,14,3,2,80,0,21,2,3,20,7,4,10,Seek
45,Current employee,Travel_Rarely,1385,Research & Development,20,2,Medical,1,4380,127835,3,Male,79,3,4,Healthcare Representative,4,Married,13496,7501,0,Y,Yes,14,3,2,80,0,21,2,3,20,7,4,10,Seek
45,Current employee,Travel_Rarely,1385,Research & Development,20,2,Medical,1,4383,127838,3,Male,79,2,1,Laboratory Technician,4,Divorced,2532,6054,6,Y,No,14,3,2,80,1,9,3,2,6,5,1,2,Seek
45,Current employee,Travel_Rarely,1385,Research & Development,20,2,Medical,1,4384,127839,3,Male,79,3,4,Healthcare Representative,4,Married,13496,7501,0,Y,Yes,14,3,2,80,0,21,2,3,20,7,4,10,Seek
45,Current employee,Travel_Rarely,1385,Research & Development,20,2,Medical,1,4385,127840,3,Male,79,3,4,Healthcare Representative,4,Married,13496,7501,0,Y,Yes,14,3,2,80,0,21,2,3,20,7,4,10,Seek
45,Current employee,Travel_Rarely,252,Research & Development,2,3,Life Sciences,1,4443,127898,1,Male,49,3,1,Research Scientist,4,Married,2070,2613,1,Y,No,23,3,4,80,1,5,3,2,5,2,0,4,Company Website
45,Current employee,Travel_Rarely,252,Research & Development,2,3,Life Sciences,1,4444,127899,1,Male,49,3,1,Research Scientist,4,Married,2070,2613,2,Y,No,23,3,4,80,1,5,3,2,5,2,0,4,Company Website
45,Current employee,Travel_Rarely,252,Research & Development,2,3,Life Sciences,1,4448,127903,1,Male,49,3,1,Research Scientist,4,Married,2070,2613,1,Y,No,23,4,4,80,1,5,3,2,5,2,0,4,Company Website
45,Current employee,Travel_Rarely,252,Research & Development,2,3,Life Sciences,1,4449,127904,1,Male,49,3,1,Research Scientist,4,Married,2070,2613,2,Y,No,23,4,4,80,1,5,3,2,5,2,0,4,Company Website
45,Current employee,Travel_Rarely,252,Research & Development,2,3,Life Sciences,1,4451,127906,1,Male,49,3,1,Research Scientist,4,Married,2070,2613,1,Y,No,23,3,4,80,1,5,3,2,5,2,0,4,Company Website
45,Current employee,Travel_Rarely,252,Research & Development,2,3,Life Sciences,1,4452,127907,1,Male,49,3,1,Research Scientist,4,Married,2070,2613,2,Y,No,23,3,4,80,1,5,3,2,5,2,0,4,Company Website
45,Current employee,Travel_Rarely,252,Research & Development,2,3,Life Sciences,1,4456,127911,1,Male,49,3,1,Research Scientist,4,Married,2070,2613,1,Y,No,23,4,4,80,1,5,3,2,5,2,0,4,Company Website
45,Current employee,Travel_Rarely,252,Research & Development,2,3,Life Sciences,1,4457,127912,1,Male,49,3,1,Research Scientist,4,Married,2070,2613,2,Y,No,23,4,4,80,1,5,3,2,5,2,0,4,Company Website
45,Current employee,Non-Travel,805,Research & Development,4,2,Life Sciences,1,5042,128497,2,Male,51,2,2,Human Resources,1,Married,6410,17822,3,Y,No,12,4,4,80,0,9,1,3,2,2,1,0,Recruit.net
45,Current employee,Non-Travel,805,Research & Development,4,2,Life Sciences,1,5044,128499,2,Male,51,2,2,Human Resources,1,Married,6410,17822,0,Y,No,12,3,4,80,0,9,1,3,2,2,1,0,Recruit.net
45,Current employee,Non-Travel,805,Research & Development,4,2,Life Sciences,1,5047,128502,2,Male,51,2,2,Human Resources,1,Married,6410,17822,3,Y,No,12,3,4,80,0,9,1,3,2,2,1,0,Recruit.net
45,Current employee,Non-Travel,805,Research & Development,4,2,Life Sciences,1,5048,128503,2,Male,51,2,2,Human Resources,1,Married,6410,17822,0,Y,No,12,3,4,80,0,9,1,3,2,2,1,0,Recruit.net
45,Current employee,Non-Travel,805,Research & Development,4,2,Life Sciences,1,5050,128505,2,Male,51,2,2,Human Resources,1,Married,6410,17822,3,Y,No,12,4,4,80,0,9,1,3,2,2,1,0,Recruit.net
45,Current employee,Non-Travel,805,Research & Development,4,2,Life Sciences,1,5052,128507,2,Male,51,2,2,Human Resources,1,Married,6410,17822,0,Y,No,12,3,4,80,0,9,1,3,2,2,1,0,Recruit.net
45,Current employee,Non-Travel,805,Research & Development,4,2,Life Sciences,1,5055,128510,2,Male,51,2,2,Human Resources,1,Married,6410,17822,3,Y,No,12,3,4,80,0,9,1,3,2,2,1,0,Recruit.net
45,Current employee,Non-Travel,805,Research & Development,4,2,Life Sciences,1,5056,128511,2,Male,51,2,2,Human Resources,1,Married,6410,17822,0,Y,No,12,3,4,80,0,9,1,3,2,2,1,0,Recruit.net
45,Current employee,Travel_Frequently,1249,Research & Development,7,3,Life Sciences,1,5057,128512,1,Male,97,3,3,Laboratory Technician,1,Divorced,5210,20308,1,Y,No,18,3,1,80,1,24,2,3,24,9,9,11,Company Website
45,Current employee,Travel_Frequently,1249,Research & Development,7,3,Marketing,1,5060,128515,1,Male,97,3,3,Laboratory Technician,1,Divorced,5210,20308,1,Y,No,18,3,1,80,1,24,2,3,24,9,9,11,Company Website
45,Current employee,Travel_Frequently,1249,Research & Development,7,3,Life Sciences,1,5061,128516,1,Male,97,3,3,Laboratory Technician,1,Divorced,5210,20308,1,Y,No,18,3,1,80,1,24,2,3,24,9,9,11,Company Website
45,Current employee,Travel_Frequently,1249,Research & Development,7,3,Marketing,1,5062,128517,1,Male,97,3,3,Laboratory Technician,1,Divorced,5210,20308,1,Y,No,18,3,1,80,1,24,2,3,24,9,9,11,Company Website
45,Current employee,Travel_Frequently,1249,Research & Development,7,3,Life Sciences,1,5065,128520,1,Male,97,3,3,Laboratory Technician,1,Divorced,5210,20308,1,Y,No,18,3,1,80,1,24,2,3,24,9,9,11,Company Website
45,Current employee,Travel_Frequently,1249,Research & Development,7,3,Marketing,1,5068,128523,1,Male,97,3,3,Laboratory Technician,1,Divorced,5210,20308,1,Y,No,18,3,1,80,1,24,2,3,24,9,9,11,Company Website
45,Current employee,Travel_Frequently,1249,Research & Development,7,3,Life Sciences,1,5069,128524,1,Male,97,3,3,Laboratory Technician,1,Divorced,5210,20308,1,Y,No,18,3,1,80,1,24,2,3,24,9,9,11,Company Website
45,Current employee,Travel_Frequently,1249,Research & Development,7,3,Marketing,1,5070,128525,1,Male,97,3,3,Laboratory Technician,1,Divorced,5210,20308,1,Y,No,18,3,1,80,1,24,2,3,24,9,9,11,Company Website
45,Current employee,Non-Travel,248,Research & Development,23,2,Life Sciences,1,5169,128624,2,Female,51,3,1,Research Scientist,2,Single,2478,20938,1,Y,Yes,12,4,2,80,0,4,2,2,4,3,1,2,Adzuna
45,Current employee,Non-Travel,248,Research & Development,23,2,Other,1,5171,128626,2,Female,51,3,1,Research Scientist,2,Single,2478,20938,4,Y,Yes,12,4,2,80,0,4,2,2,4,3,1,2,Adzuna
45,Current employee,Non-Travel,248,Research & Development,23,2,Life Sciences,1,5174,128629,2,Female,51,3,1,Research Scientist,2,Single,2478,20938,1,Y,Yes,12,3,2,80,0,4,2,2,4,3,1,2,Adzuna
45,Current employee,Non-Travel,248,Research & Development,23,2,Other,1,5175,128630,2,Female,51,3,1,Research Scientist,2,Single,2478,20938,4,Y,Yes,12,3,2,80,0,4,2,2,4,3,1,2,Adzuna
45,Current employee,Non-Travel,248,Research & Development,23,2,Life Sciences,1,5177,128632,2,Female,51,3,1,Research Scientist,2,Single,2478,20938,1,Y,Yes,12,4,2,80,0,4,2,2,4,3,1,2,Adzuna
45,Current employee,Non-Travel,248,Research & Development,23,2,Other,1,5179,128634,2,Female,51,3,1,Research Scientist,2,Single,2478,20938,4,Y,Yes,12,4,2,80,0,4,2,2,4,3,1,2,Adzuna
45,Current employee,Non-Travel,248,Research & Development,23,2,Life Sciences,1,5182,128637,2,Female,51,3,1,Research Scientist,2,Single,2478,20938,1,Y,Yes,12,3,2,80,0,4,2,2,4,3,1,2,Adzuna
45,Current employee,Travel_Rarely,549,Research & Development,8,4,Other,1,5419,128874,4,Male,75,3,2,Research Scientist,4,Married,3697,9278,9,Y,No,14,3,1,80,2,12,3,3,10,9,9,8,Company Website
45,Current employee,Travel_Rarely,549,Research & Development,8,4,Marketing,1,5422,128877,4,Male,75,3,2,Research Scientist,4,Married,3697,9278,3,Y,No,14,3,1,80,2,12,3,3,10,9,9,8,Company Website
45,Current employee,Travel_Rarely,549,Research & Development,8,4,Other,1,5423,128878,4,Male,75,3,2,Research Scientist,4,Married,3697,9278,9,Y,No,14,3,1,80,2,12,3,3,10,9,9,8,Company Website
45,Current employee,Travel_Rarely,549,Research & Development,8,4,Marketing,1,5424,128879,4,Male,75,3,2,Research Scientist,4,Married,3697,9278,3,Y,No,14,3,1,80,2,12,3,3,10,9,9,8,Company Website
45,Current employee,Travel_Rarely,549,Research & Development,8,4,Other,1,5427,128882,4,Male,75,3,2,Research Scientist,4,Married,3697,9278,9,Y,No,14,3,1,80,2,12,3,3,10,9,9,8,Company Website
45,Current employee,Travel_Rarely,549,Research & Development,8,4,Marketing,1,5430,128885,4,Male,75,3,2,Research Scientist,4,Married,3697,9278,3,Y,No,14,3,1,80,2,12,3,3,10,9,9,8,Company Website
45,Current employee,Travel_Rarely,549,Research & Development,8,4,Other,1,5431,128886,4,Male,75,3,2,Research Scientist,4,Married,3697,9278,9,Y,No,14,3,1,80,2,12,3,3,10,9,9,8,Company Website
45,Current employee,Travel_Rarely,1234,Sales,11,2,Life Sciences,1,5467,128922,2,Male,52,2,1,Laboratory Technician,4,Single,3983,7621,0,Y,No,17,3,3,80,0,4,2,3,3,2,2,2,Seek
45,Current employee,Travel_Rarely,1234,Sales,11,2,Medical,1,5469,128924,2,Male,52,2,1,Laboratory Technician,4,Single,3983,7621,1,Y,No,17,3,3,80,0,4,2,3,3,2,2,2,Seek
45,Current employee,Travel_Rarely,1234,Sales,11,2,Life Sciences,1,5472,128927,2,Male,52,2,1,Laboratory Technician,4,Single,3983,7621,0,Y,No,17,3,3,80,0,4,2,3,3,2,2,2,Seek
45,Current employee,Travel_Rarely,1234,Sales,11,2,Medical,1,5473,128928,2,Male,52,2,1,Laboratory Technician,4,Single,3983,7621,1,Y,No,17,3,3,80,0,4,2,3,3,2,2,2,Seek
45,Current employee,Travel_Rarely,1234,Sales,11,2,Life Sciences,1,5475,128930,2,Male,52,2,1,Laboratory Technician,4,Single,3983,7621,0,Y,No,17,3,3,80,0,4,2,3,3,2,2,2,Seek
45,Current employee,Travel_Rarely,1234,Sales,11,2,Medical,1,5477,128932,2,Male,52,2,1,Laboratory Technician,4,Single,3983,7621,1,Y,No,17,3,3,80,0,4,2,3,3,2,2,2,Seek
45,Current employee,Travel_Rarely,1234,Sales,11,2,Life Sciences,1,5480,128935,2,Male,52,2,1,Laboratory Technician,4,Single,3983,7621,0,Y,No,17,3,3,80,0,4,2,3,3,2,2,2,Seek
45,Current employee,Travel_Rarely,1234,Sales,11,2,Medical,1,5481,128936,2,Male,52,2,1,Laboratory Technician,4,Single,3983,7621,1,Y,No,17,3,3,80,0,4,2,3,3,2,2,2,Seek
45,Current employee,Non-Travel,1050,Sales,9,4,Life Sciences,1,5719,129174,2,Male,52,4,2,Research Scientist,1,Divorced,5974,17001,4,Y,Yes,13,3,1,80,2,13,2,3,7,7,6,7,Company Website
45,Current employee,Non-Travel,1050,Sales,9,4,Medical,1,5721,129176,2,Male,52,4,2,Research Scientist,1,Divorced,5974,17001,3,Y,Yes,13,3,1,80,2,13,2,3,7,7,6,7,Company Website
45,Current employee,Non-Travel,1050,Sales,9,4,Life Sciences,1,5724,129179,2,Male,52,4,2,Research Scientist,1,Divorced,5974,17001,4,Y,Yes,13,3,1,80,2,13,2,3,7,7,6,7,Company Website
45,Current employee,Non-Travel,1050,Sales,9,4,Medical,1,5725,129180,2,Male,52,4,2,Research Scientist,1,Divorced,5974,17001,3,Y,Yes,13,3,1,80,2,13,2,3,7,7,6,7,Company Website
45,Current employee,Non-Travel,1050,Sales,9,4,Life Sciences,1,5727,129182,2,Male,52,4,2,Research Scientist,1,Divorced,5974,17001,4,Y,Yes,13,3,1,80,2,13,2,3,7,7,6,7,Company Website
45,Current employee,Non-Travel,1050,Sales,9,4,Medical,1,5729,129184,2,Male,52,4,2,Research Scientist,1,Divorced,5974,17001,3,Y,Yes,13,3,1,80,2,13,2,3,7,7,6,7,Company Website
45,Current employee,Non-Travel,1050,Sales,9,4,Life Sciences,1,5732,129187,2,Male,52,4,2,Research Scientist,1,Divorced,5974,17001,4,Y,Yes,13,3,1,80,2,13,2,3,7,7,6,7,Company Website
45,Current employee,Travel_Rarely,192,Research & Development,10,2,Life Sciences,1,6578,130033,1,Male,69,3,1,Research Scientist,4,Married,2654,9655,3,Y,No,21,3,4,80,2,8,3,2,2,2,0,2,Recruit.net
45,Current employee,Travel_Rarely,192,Research & Development,10,2,Medical,1,6580,130035,1,Male,69,3,1,Research Scientist,4,Married,2654,9655,3,Y,No,21,3,4,80,2,8,3,2,2,2,0,2,Recruit.net
45,Current employee,Travel_Rarely,192,Research & Development,10,2,Life Sciences,1,6584,130039,1,Male,69,3,1,Research Scientist,4,Married,2654,9655,3,Y,No,21,4,4,80,2,8,3,2,2,2,0,2,Recruit.net
45,Current employee,Travel_Rarely,192,Research & Development,10,2,Medical,1,6585,130040,1,Male,69,3,1,Research Scientist,4,Married,2654,9655,3,Y,No,21,4,4,80,2,8,3,2,2,2,0,2,Recruit.net
45,Current employee,Travel_Rarely,192,Research & Development,10,2,Life Sciences,1,6586,130041,1,Male,69,3,1,Research Scientist,4,Married,2654,9655,3,Y,No,21,3,4,80,2,8,3,2,2,2,0,2,Recruit.net
45,Current employee,Travel_Rarely,192,Research & Development,10,2,Medical,1,6588,130043,1,Male,69,3,1,Research Scientist,4,Married,2654,9655,3,Y,No,21,3,4,80,2,8,3,2,2,2,0,2,Recruit.net
45,Current employee,Travel_Rarely,192,Research & Development,10,2,Life Sciences,1,6592,130047,1,Male,69,3,1,Research Scientist,4,Married,2654,9655,3,Y,No,21,4,4,80,2,8,3,2,2,2,0,2,Recruit.net
45,Current employee,Travel_Rarely,561,Sales,2,3,Other,1,7269,130724,4,Male,61,3,2,Sales Executive,2,Married,4805,16177,0,Y,No,19,3,2,80,1,9,3,4,8,7,3,7,Seek
45,Current employee,Travel_Rarely,561,Sales,2,3,Life Sciences,1,7272,130727,4,Male,61,,2,Sales Executive,2,Married,4805,16177,4,Y,No,,3,2,80,1,9,3,4,8,7,3,7,Seek
45,Current employee,Travel_Rarely,561,Sales,2,3,Other,1,7273,130728,4,Male,61,3,2,Sales Executive,2,Married,4805,16177,0,Y,No,19,3,2,80,1,9,3,4,8,7,3,7,Seek
45,Current employee,Travel_Rarely,561,Sales,2,3,Life Sciences,1,7274,130729,4,Male,61,3,2,Sales Executive,2,Married,4805,16177,4,Y,No,19,3,2,80,1,9,3,4,8,7,3,7,Seek
45,Current employee,Travel_Rarely,561,Sales,2,3,Other,1,7277,130732,4,Male,61,3,2,Sales Executive,2,Married,4805,16177,0,Y,No,19,3,2,80,1,9,3,4,8,7,3,7,Seek
45,Current employee,Travel_Rarely,561,Sales,2,3,Life Sciences,1,7280,130735,4,Male,61,3,2,Sales Executive,2,Married,4805,16177,4,Y,No,19,3,2,80,1,9,3,4,8,7,3,7,Seek
45,Current employee,Travel_Rarely,561,Sales,2,3,Other,1,7281,130736,4,Male,61,3,2,Sales Executive,2,Married,4805,16177,0,Y,No,19,3,2,80,1,9,3,4,8,7,3,7,Seek
45,Current employee,Non-Travel,1238,Research & Development,1,1,Life Sciences,1,8585,132040,2,Male,60,2,5,Manager,4,Divorced,19141,8861,3,Y,No,15,3,2,80,3,23,2,2,21,6,12,6,Company Website
45,Current employee,Non-Travel,1238,Research & Development,1,1,Life Sciences,1,8586,132041,2,Male,60,2,5,Manager,4,Divorced,19141,8861,1,Y,No,15,3,2,80,3,23,2,2,21,6,12,6,Company Website
45,Current employee,Non-Travel,1238,Research & Development,1,1,Life Sciences,1,8590,132045,2,Male,60,2,5,Manager,4,Divorced,19141,8861,3,Y,No,15,3,2,80,3,23,2,2,21,6,12,6,Company Website
45,Current employee,Non-Travel,1238,Research & Development,1,1,Life Sciences,1,8591,132046,2,Male,60,2,5,Manager,4,Divorced,19141,8861,1,Y,No,15,3,2,80,3,23,2,2,21,6,12,6,Company Website
45,Current employee,Non-Travel,1238,Research & Development,1,1,Life Sciences,1,8595,132050,2,Male,60,2,5,Manager,4,Divorced,19141,8861,3,Y,No,15,3,2,80,3,23,2,2,21,6,12,6,Company Website
45,Current employee,Non-Travel,1238,Research & Development,1,1,Life Sciences,1,8596,132051,2,Male,60,2,5,Manager,4,Divorced,19141,8861,1,Y,No,15,3,2,80,3,23,2,2,21,6,12,6,Company Website
45,Current employee,Non-Travel,1238,Research & Development,1,1,Life Sciences,1,8600,132055,2,Male,60,2,5,Manager,4,Divorced,19141,8861,3,Y,No,15,3,2,80,3,23,2,2,21,6,12,6,Company Website
45,Current employee,Non-Travel,1238,Research & Development,1,1,Life Sciences,1,8601,132056,2,Male,60,2,5,Manager,4,Divorced,19141,8861,1,Y,No,15,3,2,80,3,23,2,2,21,6,12,6,Company Website
45,Current employee,Travel_Rarely,176,Human Resources,4,3,Life Sciences,1,8792,132247,2,Male,61,4,1,Research Scientist,3,Divorced,2759,20366,6,Y,Yes,12,3,4,80,0,7,2,3,2,2,2,2,Indeed
45,Current employee,Travel_Rarely,176,Human Resources,4,3,Life Sciences,1,8793,132248,2,Male,61,4,1,Research Scientist,3,Divorced,2759,20366,3,Y,Yes,12,3,4,80,0,7,2,3,2,2,2,2,Indeed
45,Current employee,Travel_Rarely,176,Human Resources,4,3,Life Sciences,1,8797,132252,2,Male,61,4,1,Research Scientist,3,Divorced,2759,20366,6,Y,Yes,12,3,4,80,0,7,2,3,2,2,2,2,Indeed
45,Current employee,Travel_Rarely,176,Human Resources,4,3,Life Sciences,1,8798,132253,2,Male,61,4,1,Research Scientist,3,Divorced,2759,20366,3,Y,Yes,12,3,4,80,0,7,2,3,2,2,2,2,Indeed
45,Current employee,Travel_Rarely,176,Human Resources,4,3,Life Sciences,1,8800,132255,2,Male,61,4,1,Research Scientist,3,Divorced,2759,20366,6,Y,Yes,12,3,4,80,0,7,2,3,2,2,2,2,Indeed
45,Current employee,Travel_Rarely,176,Human Resources,4,3,Life Sciences,1,8801,132256,2,Male,61,4,1,Research Scientist,3,Divorced,2759,20366,3,Y,Yes,12,3,4,80,0,7,2,3,2,2,2,2,Indeed
45,Current employee,Travel_Rarely,176,Human Resources,4,3,Life Sciences,1,8805,132260,2,Male,61,4,1,Research Scientist,3,Divorced,2759,20366,6,Y,Yes,12,3,4,80,0,7,2,3,2,2,2,2,Indeed
45,Current employee,Travel_Rarely,176,Human Resources,4,3,Life Sciences,1,8806,132261,2,Male,61,4,1,Research Scientist,3,Divorced,2759,20366,3,Y,Yes,12,3,4,80,0,7,2,3,2,2,2,2,Indeed
45,Current employee,Travel_Rarely,954,Sales,2,2,Technical Degree,1,9059,132514,2,Male,46,1,2,Sales Representative,3,Single,6632,12388,0,Y,No,13,3,1,80,0,9,3,3,8,7,3,1,GlassDoor
45,Current employee,Travel_Rarely,954,Sales,2,2,Life Sciences,1,9061,132516,2,Male,46,1,2,Sales Representative,3,Single,6632,12388,8,Y,No,13,3,1,80,0,9,3,3,8,7,3,1,GlassDoor
45,Current employee,Travel_Rarely,954,Sales,2,2,Technical Degree,1,9065,132520,2,Male,46,1,2,Sales Representative,3,Single,6632,12388,0,Y,No,13,3,1,80,0,9,3,3,8,7,3,1,GlassDoor
45,Current employee,Travel_Rarely,954,Sales,2,2,Life Sciences,1,9066,132521,2,Male,46,1,2,Sales Representative,3,Single,6632,12388,8,Y,No,13,3,1,80,0,9,3,3,8,7,3,1,GlassDoor
45,Current employee,Travel_Rarely,954,Sales,2,2,Technical Degree,1,9067,132522,2,Male,46,1,2,Sales Representative,3,Single,6632,12388,0,Y,No,13,3,1,80,0,9,3,3,8,7,3,1,GlassDoor
45,Current employee,Travel_Rarely,954,Sales,2,2,Life Sciences,1,9069,132524,2,Male,46,1,2,Sales Representative,3,Single,6632,12388,8,Y,No,13,3,1,80,0,9,3,3,8,7,3,1,GlassDoor
45,Current employee,Travel_Rarely,954,Sales,2,2,Technical Degree,1,9072,132527,2,Male,46,1,2,Sales Representative,3,Single,6632,12388,0,Y,No,13,3,1,80,0,9,3,3,8,7,3,1,GlassDoor
45,Current employee,Travel_Rarely,954,Sales,2,2,Life Sciences,1,9073,132528,2,Male,46,1,2,Sales Representative,3,Single,6632,12388,8,Y,No,13,3,1,80,0,9,3,3,8,7,3,1,GlassDoor
45,Current employee,Non-Travel,589,Sales,2,4,Life Sciences,1,9144,132599,2,Male,62,2,3,Sales Executive,1,Single,7587,14229,1,Y,No,15,4,2,80,0,10,1,3,10,7,0,9,Company Website
45,Current employee,Non-Travel,589,Sales,2,4,Life Sciences,1,9145,132600,2,Male,62,2,3,Sales Executive,1,Single,7587,14229,4,Y,No,15,3,2,80,0,10,1,3,10,7,0,9,Company Website
45,Current employee,Non-Travel,589,Sales,2,4,Life Sciences,1,9149,132604,2,Male,62,2,3,Sales Executive,1,Single,7587,14229,1,Y,No,15,3,2,80,0,10,1,3,10,7,0,9,Company Website
45,Current employee,Non-Travel,589,Sales,2,4,Life Sciences,1,9150,132605,2,Male,62,2,3,Sales Executive,1,Single,7587,14229,4,Y,No,15,3,2,80,0,10,1,3,10,7,0,9,Company Website
45,Current employee,Non-Travel,589,Sales,2,4,Life Sciences,1,9152,132607,2,Male,62,2,3,Sales Executive,1,Single,7587,14229,1,Y,No,15,4,2,80,0,10,1,3,10,7,0,9,Company Website
45,Current employee,Non-Travel,589,Sales,2,4,Life Sciences,1,9153,132608,2,Male,62,2,3,Sales Executive,1,Single,7587,14229,4,Y,No,15,3,2,80,0,10,1,3,10,7,0,9,Company Website
45,Current employee,Non-Travel,589,Sales,2,4,Life Sciences,1,9157,132612,2,Male,62,2,3,Sales Executive,1,Single,7587,14229,1,Y,No,15,3,2,80,0,10,1,3,10,7,0,9,Company Website
45,Current employee,Non-Travel,589,Sales,2,4,Life Sciences,1,9158,132613,2,Male,62,2,3,Sales Executive,1,Single,7587,14229,4,Y,No,15,3,2,80,0,10,1,3,10,7,0,9,Company Website
45,Current employee,Travel_Rarely,556,Research & Development,25,2,Life Sciences,1,9397,132852,3,Male,62,4,1,Laboratory Technician,1,Married,1601,3445,1,Y,Yes,21,3,3,80,2,1,2,3,0,0,0,0,Recruit.net
45,Current employee,Travel_Rarely,556,Research & Development,25,2,Technical Degree,1,9399,132854,3,Male,62,4,1,Laboratory Technician,1,Married,1601,3445,1,Y,Yes,21,3,3,80,2,1,2,3,0,0,0,0,Recruit.net
45,Current employee,Travel_Rarely,556,Research & Development,25,2,Life Sciences,1,9402,132857,3,Male,62,4,1,Laboratory Technician,1,Married,1601,3445,1,Y,Yes,21,4,3,80,2,1,2,3,0,0,0,0,Recruit.net
45,Current employee,Travel_Rarely,556,Research & Development,25,2,Technical Degree,1,9403,132858,3,Male,62,4,1,Laboratory Technician,1,Married,1601,3445,1,Y,Yes,21,4,3,80,2,1,2,3,0,0,0,0,Recruit.net
45,Current employee,Travel_Rarely,556,Research & Development,25,2,Life Sciences,1,9405,132860,3,Male,62,4,1,Laboratory Technician,1,Married,1601,3445,1,Y,Yes,21,3,3,80,2,1,2,3,0,0,0,0,Recruit.net
45,Current employee,Travel_Rarely,556,Research & Development,25,2,Technical Degree,1,9407,132862,3,Male,62,4,1,Laboratory Technician,1,Married,1601,3445,1,Y,Yes,21,3,3,80,2,1,2,3,0,0,0,0,Recruit.net
45,Current employee,Travel_Rarely,556,Research & Development,25,2,Life Sciences,1,9410,132865,3,Male,62,4,1,Laboratory Technician,1,Married,1601,3445,1,Y,Yes,21,4,3,80,2,1,2,3,0,0,0,0,Recruit.net
45,Current employee,Travel_Rarely,556,Research & Development,25,2,Technical Degree,1,9411,132866,3,Male,62,4,1,Laboratory Technician,1,Married,1601,3445,1,Y,Yes,21,4,3,80,2,1,2,3,0,0,0,0,Recruit.net
45,Current employee,Travel_Rarely,252,Research & Development,2,3,Life Sciences,1,9684,133139,2,Female,95,2,1,Research Scientist,3,,2274,6153,1,Y,No,,3,4,80,0,1,3,3,1,0,0,0,GlassDoor
45,Current employee,Travel_Rarely,252,Research & Development,2,3,Life Sciences,1,9686,133141,2,Female,95,2,1,Research Scientist,3,Single,2274,6153,2,Y,No,14,4,4,80,0,1,3,3,1,0,0,0,GlassDoor
45,Current employee,Travel_Rarely,252,Research & Development,2,3,Life Sciences,1,9688,133143,2,Female,95,2,1,Research Scientist,3,Single,2274,6153,1,Y,No,14,3,4,80,0,1,3,3,1,0,0,0,GlassDoor
45,Current employee,Travel_Rarely,252,Research & Development,2,3,Life Sciences,1,9689,133144,2,Female,95,2,1,Research Scientist,3,Single,2274,6153,2,Y,No,14,3,4,80,0,1,3,3,1,0,0,0,GlassDoor
45,Current employee,Travel_Rarely,252,Research & Development,2,3,Life Sciences,1,9692,133147,2,Female,95,2,1,Research Scientist,3,Single,2274,6153,1,Y,No,14,3,4,80,0,1,3,3,1,0,0,0,GlassDoor
45,Current employee,Travel_Rarely,252,Research & Development,2,3,Life Sciences,1,9694,133149,2,Female,95,2,1,Research Scientist,3,Single,2274,6153,2,Y,No,14,4,4,80,0,1,3,3,1,0,0,0,GlassDoor
45,Current employee,Travel_Rarely,252,Research & Development,2,3,Life Sciences,1,9696,133151,2,Female,95,2,1,Research Scientist,3,Single,2274,6153,1,Y,No,14,3,4,80,0,1,3,3,1,0,0,0,GlassDoor
45,Current employee,Travel_Rarely,252,Research & Development,2,3,Life Sciences,1,9697,133152,2,Female,95,2,1,Research Scientist,3,Single,2274,6153,2,Y,No,14,3,4,80,0,1,3,3,1,0,0,0,GlassDoor
45,Current employee,Travel_Rarely,930,Sales,9,3,Marketing,1,10032,133487,4,Male,74,3,3,Sales Executive,1,Divorced,10761,19239,4,Y,Yes,12,3,3,80,1,18,2,3,5,4,0,2,Jora
45,Current employee,Travel_Rarely,930,Sales,9,3,Medical,1,10034,133489,4,Male,74,3,3,Sales Executive,1,Divorced,10761,19239,6,Y,Yes,12,3,3,80,1,18,2,3,5,4,0,2,Jora
45,Current employee,Travel_Rarely,930,Sales,9,3,Marketing,1,10038,133493,4,Male,74,3,3,Sales Executive,1,Divorced,10761,19239,4,Y,Yes,12,3,3,80,1,18,2,3,5,4,0,2,Jora
45,Current employee,Travel_Rarely,930,Sales,9,3,Medical,1,10039,133494,4,Male,74,3,3,Sales Executive,1,Divorced,10761,19239,6,Y,Yes,12,3,3,80,1,18,2,3,5,4,0,2,Jora
45,Current employee,Travel_Rarely,930,Sales,9,3,Marketing,1,10040,133495,4,Male,74,3,3,Sales Executive,1,Divorced,10761,19239,4,Y,Yes,12,3,3,80,1,18,2,3,5,4,0,2,Jora
45,Current employee,Travel_Rarely,930,Sales,9,3,Medical,1,10042,133497,4,Male,74,3,3,Sales Executive,1,Divorced,10761,19239,6,Y,Yes,12,3,3,80,1,18,2,3,5,4,0,2,Jora
45,Current employee,Travel_Rarely,930,Sales,9,3,Marketing,1,10046,133501,4,Male,74,3,3,Sales Executive,1,Divorced,10761,19239,4,Y,Yes,12,3,3,80,1,18,2,3,5,4,0,2,Jora
45,Current employee,Travel_Rarely,930,Sales,9,3,Medical,1,10047,133502,4,Male,74,3,3,Sales Executive,1,Divorced,10761,19239,6,Y,Yes,12,3,3,80,1,18,2,3,5,4,0,2,Jora
45,Current employee,Travel_Rarely,374,Sales,20,3,Life Sciences,1,10081,133536,3,Male,64,2,2,Sales Executive,3,Divorced,6334,24558,4,Y,No,19,3,4,80,2,9,2,3,1,0,0,0,Referral
45,Current employee,Travel_Rarely,374,Sales,20,3,Other,1,10083,133538,3,Male,64,2,2,Sales Executive,3,Divorced,6334,24558,7,Y,No,19,3,4,80,2,9,2,3,1,0,0,0,Referral
45,Current employee,Travel_Rarely,374,Sales,20,3,Life Sciences,1,10086,133541,3,Male,64,2,2,Sales Executive,3,Divorced,6334,24558,4,Y,No,19,3,4,80,2,9,2,3,1,0,0,0,Referral
45,Current employee,Travel_Rarely,374,Sales,20,3,Other,1,10087,133542,3,Male,64,2,2,Sales Executive,3,Divorced,6334,24558,7,Y,No,19,3,4,80,2,9,2,3,1,0,0,0,Referral
45,Current employee,Travel_Rarely,374,Sales,20,3,Life Sciences,1,10089,133544,3,Male,64,2,2,Sales Executive,3,Divorced,6334,24558,4,Y,No,19,3,4,80,2,9,2,3,1,0,0,0,Referral
45,Current employee,Travel_Rarely,374,Sales,20,3,Other,1,10091,133546,3,Male,64,2,2,Sales Executive,3,Divorced,6334,24558,7,Y,No,19,3,4,80,2,9,2,3,1,0,0,0,Referral
45,Current employee,Travel_Rarely,374,Sales,20,3,Life Sciences,1,10094,133549,3,Male,64,2,2,Sales Executive,3,Divorced,6334,24558,4,Y,No,19,3,4,80,2,9,2,3,1,0,0,0,Referral
45,Current employee,Travel_Rarely,374,Sales,20,3,Other,1,10095,133550,3,Male,64,2,2,Sales Executive,3,Divorced,6334,24558,7,Y,No,19,3,4,80,2,9,2,3,1,0,0,0,Referral
45,Current employee,Non-Travel,805,Research & Development,4,2,Life Sciences,1,11178,134633,3,Male,57,3,2,Laboratory Technician,2,Married,4447,23163,1,Y,No,12,3,2,80,0,9,5,2,9,7,0,8,Company Website
45,Current employee,Non-Travel,805,Research & Development,4,2,Life Sciences,1,11180,134635,3,Male,57,3,2,Laboratory Technician,2,Married,4447,23163,1,Y,No,12,3,2,80,0,9,5,2,9,7,0,8,Company Website
45,Current employee,Non-Travel,805,Research & Development,4,2,Life Sciences,1,11182,134637,3,Male,57,3,2,Laboratory Technician,2,Married,4447,23163,1,Y,No,12,3,2,80,0,9,5,2,9,7,0,8,Company Website
45,Current employee,Non-Travel,805,Research & Development,4,2,Life Sciences,1,11183,134638,3,Male,57,3,2,Laboratory Technician,2,Married,4447,23163,1,Y,No,12,3,2,80,0,9,5,2,9,7,0,8,Company Website
45,Current employee,Non-Travel,805,Research & Development,4,2,Life Sciences,1,11186,134641,3,Male,57,3,2,Laboratory Technician,2,Married,4447,23163,1,Y,No,12,3,2,80,0,9,5,2,9,7,0,8,Company Website
45,Current employee,Non-Travel,805,Research & Development,4,2,Life Sciences,1,11188,134643,3,Male,57,3,2,Laboratory Technician,2,Married,4447,23163,1,Y,No,12,3,2,80,0,9,5,2,9,7,0,8,Company Website
45,Current employee,Non-Travel,805,Research & Development,4,2,Life Sciences,1,11190,134645,3,Male,57,3,2,Laboratory Technician,2,Married,4447,23163,1,Y,No,12,3,2,80,0,9,5,2,9,7,0,8,Company Website
45,Current employee,Non-Travel,805,Research & Development,4,2,Life Sciences,1,11191,134646,3,Male,57,3,2,Laboratory Technician,2,Married,4447,23163,1,Y,No,12,3,2,80,0,9,5,2,9,7,0,8,Company Website
45,Current employee,Travel_Rarely,930,Sales,9,3,Marketing,1,11352,134807,3,Male,68,4,2,Manufacturing Director,3,Divorced,5067,6759,1,Y,Yes,19,3,3,80,0,20,3,4,19,10,2,7,Company Website
45,Current employee,Travel_Rarely,930,Sales,9,3,Medical,1,11353,134808,3,Male,68,4,2,Manufacturing Director,3,Divorced,5067,6759,1,Y,Yes,19,3,3,80,0,20,3,4,19,10,2,7,Company Website
45,Current employee,Travel_Rarely,930,Sales,9,3,Marketing,1,11355,134810,3,Male,68,4,2,Manufacturing Director,3,Divorced,5067,6759,1,Y,Yes,19,3,3,80,0,20,3,4,19,10,2,7,Company Website
45,Current employee,Travel_Rarely,930,Sales,9,3,Medical,1,11356,134811,3,Male,68,4,2,Manufacturing Director,3,Divorced,5067,6759,1,Y,Yes,19,3,3,80,0,20,3,4,19,10,2,7,Company Website
45,Current employee,Travel_Rarely,930,Sales,9,3,Marketing,1,11360,134815,3,Male,68,4,2,Manufacturing Director,3,Divorced,5067,6759,1,Y,Yes,19,3,3,80,0,20,3,4,19,10,2,7,Company Website
45,Current employee,Travel_Rarely,930,Sales,9,3,Medical,1,11361,134816,3,Male,68,4,2,Manufacturing Director,3,Divorced,5067,6759,1,Y,Yes,19,3,3,80,0,20,3,4,19,10,2,7,Company Website
45,Current employee,Travel_Rarely,930,Sales,9,3,Medical,1,11363,134818,3,Male,68,4,2,Manufacturing Director,3,Divorced,5067,6759,1,Y,Yes,19,3,3,80,0,20,3,4,19,10,2,7,Company Website
45,Current employee,Travel_Rarely,974,Research & Development,1,4,Medical,1,11443,134898,4,Female,91,3,1,Laboratory Technician,4,Divorced,2270,11005,3,Y,No,14,3,4,80,2,8,2,3,5,3,0,2,Adzuna
45,Current employee,Travel_Rarely,974,Research & Development,1,4,Life Sciences,1,11445,134900,4,Female,91,3,1,Laboratory Technician,4,Divorced,2270,11005,0,Y,No,14,3,4,80,2,8,2,3,5,3,0,2,Adzuna
45,Current employee,Travel_Rarely,974,Research & Development,1,4,Medical,1,11449,134904,4,Female,91,3,1,Laboratory Technician,4,Divorced,2270,11005,3,Y,No,14,3,4,80,2,8,2,3,5,3,0,2,Adzuna
45,Current employee,Travel_Rarely,974,Research & Development,1,4,Life Sciences,1,11450,134905,4,Female,91,3,1,Laboratory Technician,4,Divorced,2270,11005,0,Y,No,14,3,4,80,2,8,2,3,5,3,0,2,Adzuna
45,Current employee,Travel_Rarely,974,Research & Development,1,4,Medical,1,11451,134906,4,Female,91,3,1,Laboratory Technician,4,Divorced,2270,11005,3,Y,No,14,3,4,80,2,8,2,3,5,3,0,2,Adzuna
45,Current employee,Travel_Rarely,974,Research & Development,1,4,Life Sciences,1,11453,134908,4,Female,91,3,1,Laboratory Technician,4,Divorced,2270,11005,0,Y,No,14,3,4,80,2,8,2,3,5,3,0,2,Adzuna
45,Current employee,Travel_Rarely,974,Research & Development,1,4,Medical,1,11457,134912,4,Female,91,3,1,Laboratory Technician,4,Divorced,2270,11005,3,Y,No,14,3,4,80,2,8,2,3,5,3,0,2,Adzuna
45,Current employee,Travel_Rarely,974,Research & Development,1,4,Life Sciences,1,11458,134913,4,Female,91,3,1,Laboratory Technician,4,Divorced,2270,11005,0,Y,No,14,3,4,80,2,8,2,3,5,3,0,2,Adzuna
45,Current employee,Non-Travel,248,Research & Development,23,2,Life Sciences,1,11520,134975,4,Male,42,3,2,Laboratory Technician,1,Married,3633,14039,1,Y,Yes,15,3,3,80,1,9,2,3,9,8,0,8,LinkedIn
45,Current employee,Non-Travel,248,Research & Development,23,2,Other,1,11523,134978,4,Male,42,3,2,Laboratory Technician,1,Married,3633,14039,1,Y,Yes,15,3,3,80,1,9,2,3,9,8,0,8,LinkedIn
45,Current employee,Non-Travel,248,Research & Development,23,2,Life Sciences,1,11526,134981,4,Male,42,3,2,Laboratory Technician,1,Married,3633,14039,1,Y,Yes,15,3,3,80,1,9,2,3,9,8,0,8,LinkedIn
45,Current employee,Non-Travel,248,Research & Development,23,2,Other,1,11527,134982,4,Male,42,3,2,Laboratory Technician,1,Married,3633,14039,1,Y,Yes,15,3,3,80,1,9,2,3,9,8,0,8,LinkedIn
45,Current employee,Non-Travel,248,Research & Development,23,2,Other,1,11530,134985,4,Male,42,3,2,Laboratory Technician,1,Married,3633,14039,1,Y,Yes,15,3,3,80,1,9,2,3,9,8,0,8,LinkedIn
45,Current employee,Non-Travel,248,Research & Development,23,2,Life Sciences,1,11533,134988,4,Male,42,3,2,Laboratory Technician,1,Married,3633,14039,1,Y,Yes,15,3,3,80,1,9,2,3,9,8,0,8,LinkedIn
45,Current employee,Non-Travel,248,Research & Development,23,2,Other,1,11534,134989,4,Male,42,3,2,Laboratory Technician,1,Married,3633,14039,1,Y,Yes,15,3,3,80,1,9,2,3,9,8,0,8,LinkedIn
45,Current employee,Travel_Rarely,930,Sales,1,1,Life Sciences,1,11839,135294,4,Female,65,2,4,Manufacturing Director,4,Married,12742,7060,1,Y,Yes,19,3,3,80,0,20,3,4,19,10,2,7,Company Website
45,Current employee,Travel_Rarely,549,Research & Development,1,1,Life Sciences,1,11840,135295,4,Female,65,2,4,Manufacturing Director,4,Married,12742,7060,3,Y,No,14,3,1,80,2,12,3,3,10,9,9,8,Company Website
45,Current employee,Travel_Rarely,1038,Research & Development,22,3,Other,1,12090,135545,4,Female,82,3,3,Manufacturing Director,1,Single,10880,5083,4,Y,No,14,3,2,80,1,9,3,2,6,5,1,2,LinkedIn
45,Current employee,Non-Travel,589,Sales,22,3,Other,1,12091,135546,4,Female,82,3,3,Manufacturing Director,1,Single,10880,5083,4,Y,No,22,4,2,80,2,10,3,4,8,7,5,7,Seek
45,Current employee,Travel_Rarely,1234,Sales,11,2,Life Sciences,1,12111,135566,4,Female,90,3,4,Manager,4,Married,17650,5404,3,Y,No,13,3,2,80,1,26,4,4,9,3,1,1,Adzuna
45,Current employee,Travel_Rarely,1234,Sales,11,2,Medical,1,12113,135568,4,Female,90,3,4,Manager,4,Married,17650,5404,1,Y,No,13,3,2,80,1,26,4,4,9,3,1,1,Adzuna
45,Current employee,Travel_Rarely,1234,Sales,11,2,Life Sciences,1,12115,135570,4,Female,90,3,4,Manager,4,Married,17650,5404,3,Y,No,13,3,2,80,1,26,4,4,9,3,1,1,Adzuna
45,Current employee,Travel_Rarely,1234,Sales,11,2,Medical,1,12116,135571,4,Female,90,3,4,Manager,4,Married,17650,5404,1,Y,No,13,3,2,80,1,26,4,4,9,3,1,1,Adzuna
45,Current employee,Travel_Rarely,1234,Sales,11,2,Life Sciences,1,12119,135574,4,Female,90,3,4,Manager,4,Married,17650,5404,3,Y,No,13,3,2,80,1,26,4,4,9,3,1,1,Adzuna
45,Current employee,Travel_Rarely,1234,Sales,11,2,Medical,1,12121,135576,4,Female,90,3,4,Manager,4,Married,17650,5404,1,Y,No,13,3,2,80,1,26,4,4,9,3,1,1,Adzuna
45,Current employee,Travel_Rarely,1234,Sales,11,2,Life Sciences,1,12123,135578,4,Female,90,3,4,Manager,4,Married,17650,5404,3,Y,No,13,3,2,80,1,26,4,4,9,3,1,1,Adzuna
45,Current employee,Travel_Rarely,1234,Sales,11,2,Medical,1,12124,135579,4,Female,90,3,4,Manager,4,Married,17650,5404,1,Y,No,13,3,2,80,1,26,4,4,9,3,1,1,Adzuna
45,Current employee,Non-Travel,336,Sales,26,3,Marketing,1,12144,135599,3,Male,71,4,2,Sales Executive,4,Divorced,9725,12278,0,Y,No,11,3,4,80,1,16,2,2,15,1,0,9,Company Website
45,Current employee,Non-Travel,336,Sales,26,3,Technical Degree,1,12146,135601,3,Male,71,4,2,Sales Executive,4,Divorced,9725,12278,8,Y,No,11,3,4,80,1,16,2,2,15,1,0,9,Company Website
45,Current employee,Non-Travel,336,Sales,26,3,Marketing,1,12149,135604,3,Male,71,4,2,Sales Executive,4,Divorced,9725,12278,0,Y,No,11,3,4,80,1,16,2,2,15,1,0,9,Company Website
45,Current employee,Non-Travel,336,Sales,26,3,Technical Degree,1,12150,135605,3,Male,71,4,2,Sales Executive,4,Divorced,9725,12278,8,Y,No,11,3,4,80,1,16,2,2,15,1,0,9,Company Website
45,Current employee,Non-Travel,336,Sales,26,3,Marketing,1,12152,135607,3,Male,71,4,2,Sales Executive,4,Divorced,9725,12278,0,Y,No,11,3,4,80,1,16,2,2,15,1,0,9,Company Website
45,Current employee,Non-Travel,336,Sales,26,3,Technical Degree,1,12154,135609,3,Male,71,4,2,Sales Executive,4,Divorced,9725,12278,8,Y,No,11,3,4,80,1,16,2,2,15,1,0,9,Company Website
45,Current employee,Non-Travel,336,Sales,26,3,Technical Degree,1,12157,135612,3,Male,71,4,2,Sales Executive,4,Divorced,9725,12278,8,Y,No,11,3,4,80,1,16,2,2,15,1,0,9,Company Website
45,Current employee,Travel_Rarely,788,Human Resources,24,4,Medical,1,12174,135629,2,Male,36,3,1,Human Resources,2,Single,2177,8318,1,Y,No,16,3,1,80,0,6,3,3,6,3,0,4,Company Website
45,Current employee,Travel_Rarely,788,Human Resources,24,4,Other,1,12177,135632,2,Male,36,3,1,Human Resources,2,Single,2177,8318,0,Y,No,16,3,1,80,0,6,3,3,6,3,0,4,Company Website
45,Current employee,Travel_Rarely,788,Human Resources,24,4,Medical,1,12178,135633,2,Male,36,3,1,Human Resources,2,Single,2177,8318,1,Y,No,16,3,1,80,0,6,3,3,6,3,0,4,Company Website
45,Current employee,Travel_Rarely,788,Human Resources,24,4,Other,1,12179,135634,2,Male,36,3,1,Human Resources,2,Single,2177,8318,0,Y,No,16,3,1,80,0,6,3,3,6,3,0,4,Company Website
45,Current employee,Travel_Rarely,788,Human Resources,24,4,Medical,1,12182,135637,2,Male,36,3,1,Human Resources,2,Single,2177,8318,1,Y,No,16,3,1,80,0,6,3,3,6,3,0,4,Company Website
45,Current employee,Travel_Rarely,788,Human Resources,24,4,Other,1,12185,135640,2,Male,36,3,1,Human Resources,2,Single,2177,8318,0,Y,No,16,3,1,80,0,6,3,3,6,3,0,4,Company Website
45,Current employee,Travel_Rarely,788,Human Resources,24,4,Medical,1,12186,135641,2,Male,36,3,1,Human Resources,2,Single,2177,8318,1,Y,No,16,3,1,80,0,6,3,3,6,3,0,4,Company Website
45,Current employee,Travel_Rarely,788,Human Resources,24,4,Other,1,12187,135642,2,Male,36,3,1,Human Resources,2,Single,2177,8318,0,Y,No,16,3,1,80,0,6,3,3,6,3,0,4,Company Website
45,Current employee,Non-Travel,1050,Sales,9,4,Life Sciences,1,12911,136366,2,Female,65,2,2,Sales Executive,3,Married,5593,17970,1,Y,No,13,3,4,80,1,15,2,3,15,10,4,12,Company Website
45,Current employee,Non-Travel,1050,Sales,9,4,Medical,1,12913,136368,2,Female,65,2,2,Sales Executive,3,Married,5593,17970,6,Y,No,13,3,4,80,1,15,2,3,15,10,4,12,Company Website
45,Current employee,Non-Travel,1050,Sales,9,4,Life Sciences,1,12917,136372,2,Female,65,2,2,Sales Executive,3,Married,5593,17970,1,Y,No,13,3,4,80,1,15,2,3,15,10,4,12,Company Website
45,Current employee,Non-Travel,1050,Sales,9,4,Medical,1,12918,136373,2,Female,65,2,2,Sales Executive,3,Married,5593,17970,6,Y,No,13,3,4,80,1,15,2,3,15,10,4,12,Company Website
45,Current employee,Non-Travel,1050,Sales,9,4,Life Sciences,1,12919,136374,2,Female,65,2,2,Sales Executive,3,Married,5593,17970,1,Y,No,13,3,4,80,1,15,2,3,15,10,4,12,Company Website
45,Current employee,Non-Travel,1050,Sales,9,4,Medical,1,12921,136376,2,Female,65,2,2,Sales Executive,3,Married,5593,17970,6,Y,No,13,3,4,80,1,15,2,3,15,10,4,12,Company Website
45,Current employee,Non-Travel,1050,Sales,9,4,Life Sciences,1,12925,136380,2,Female,65,2,2,Sales Executive,3,Married,5593,17970,1,Y,No,13,3,4,80,1,15,2,3,15,10,4,12,Company Website
45,Current employee,Non-Travel,1050,Sales,9,4,Medical,1,12926,136381,2,Female,65,2,2,Sales Executive,3,Married,5593,17970,6,Y,No,13,3,4,80,1,15,2,3,15,10,4,12,Company Website
45,Current employee,Travel_Rarely,1316,Research & Development,29,3,Medical,1,13374,136829,3,Female,74,3,2,Sales Executive,3,Married,5714,5829,1,Y,No,20,3,1,80,0,6,3,2,6,5,1,3,Jora
45,Current employee,Travel_Rarely,1316,Research & Development,29,3,Technical Degree,1,13376,136831,3,Female,74,3,2,Sales Executive,3,Married,5714,5829,8,Y,No,20,3,1,80,0,6,3,2,6,5,1,3,Jora
45,Current employee,Travel_Rarely,1316,Research & Development,29,3,Medical,1,13379,136834,3,Female,74,3,2,Sales Executive,3,Married,5714,5829,1,Y,No,20,4,1,80,0,6,3,2,6,5,1,3,Jora
45,Current employee,Travel_Rarely,1316,Research & Development,29,3,Technical Degree,1,13380,136835,3,Female,74,3,2,Sales Executive,3,Married,5714,5829,8,Y,No,20,4,1,80,0,6,3,2,6,5,1,3,Jora
45,Current employee,Travel_Rarely,1316,Research & Development,29,3,Medical,1,13382,136837,3,Female,74,3,2,Sales Executive,3,Married,5714,5829,1,Y,No,20,3,1,80,0,6,3,2,6,5,1,3,Jora
45,Current employee,Travel_Rarely,1316,Research & Development,29,3,Technical Degree,1,13384,136839,3,Female,74,3,2,Sales Executive,3,Married,5714,5829,8,Y,No,20,3,1,80,0,6,3,2,6,5,1,3,Jora
45,Current employee,Travel_Rarely,1316,Research & Development,29,3,Technical Degree,1,13387,136842,3,Female,74,3,2,Sales Executive,3,Married,5714,5829,8,Y,No,20,4,1,80,0,6,3,2,6,5,1,3,Jora
45,Current employee,Travel_Rarely,1457,Research & Development,7,3,Medical,1,13689,137144,1,Female,83,3,1,Research Scientist,3,Married,4477,20100,4,Y,Yes,19,3,3,80,1,7,2,2,3,2,0,2,Recruit.net
45,Current employee,Travel_Rarely,1457,Research & Development,7,3,Marketing,1,13692,137147,1,Female,83,3,1,Research Scientist,3,Married,4477,20100,3,Y,Yes,19,3,3,80,1,7,2,2,3,2,0,2,Recruit.net
45,Current employee,Travel_Rarely,1457,Research & Development,7,3,Medical,1,13693,137148,1,Female,83,3,1,Research Scientist,3,Married,4477,20100,4,Y,Yes,19,3,3,80,1,7,2,2,3,2,0,2,Recruit.net
45,Current employee,Travel_Rarely,1457,Research & Development,7,3,Marketing,1,13694,137149,1,Female,83,3,1,Research Scientist,3,Married,4477,20100,3,Y,Yes,19,3,3,80,1,7,2,2,3,2,0,2,Recruit.net
45,Current employee,Travel_Rarely,1457,Research & Development,7,3,Medical,1,13697,137152,1,Female,83,3,1,Research Scientist,3,Married,4477,20100,4,Y,Yes,19,3,3,80,1,7,2,2,3,2,0,2,Recruit.net
45,Current employee,Travel_Rarely,1457,Research & Development,7,3,Marketing,1,13700,137155,1,Female,83,3,1,Research Scientist,3,Married,4477,20100,3,Y,Yes,19,3,3,80,1,7,2,2,3,2,0,2,Recruit.net
45,Current employee,Travel_Rarely,1457,Research & Development,7,3,Medical,1,13701,137156,1,Female,83,3,1,Research Scientist,3,Married,4477,20100,4,Y,Yes,19,3,3,80,1,7,2,2,3,2,0,2,Recruit.net
45,Current employee,Travel_Rarely,1457,Research & Development,7,3,Marketing,1,13702,137157,1,Female,83,3,1,Research Scientist,3,Married,4477,20100,3,Y,Yes,19,3,3,80,1,7,2,2,3,2,0,2,Recruit.net
45,Current employee,Non-Travel,1195,Research & Development,2,2,Medical,1,13738,137193,3,Male,75,3,1,Research Scientist,3,Single,2936,10826,1,Y,Yes,11,3,3,80,0,6,4,3,6,4,0,2,LinkedIn
45,Current employee,Non-Travel,1195,Research & Development,2,2,Life Sciences,1,13739,137194,3,Male,75,3,1,Research Scientist,3,Single,2936,10826,2,Y,Yes,11,3,3,80,0,6,4,3,6,4,0,2,LinkedIn
45,Current employee,Non-Travel,1195,Research & Development,2,2,Medical,1,13743,137198,3,Male,75,3,1,Research Scientist,3,Single,2936,10826,1,Y,Yes,11,3,3,80,0,6,4,3,6,4,0,2,LinkedIn
45,Current employee,Non-Travel,1195,Research & Development,2,2,Life Sciences,1,13744,137199,3,Male,75,3,1,Research Scientist,3,Single,2936,10826,2,Y,Yes,11,3,3,80,0,6,4,3,6,4,0,2,LinkedIn
45,Current employee,Non-Travel,1195,Research & Development,2,2,Medical,1,13746,137201,3,Male,75,3,1,Research Scientist,3,Single,2936,10826,1,Y,Yes,11,3,3,80,0,6,4,3,6,4,0,2,LinkedIn
45,Current employee,Non-Travel,1195,Research & Development,2,2,Life Sciences,1,13747,137202,3,Male,75,3,1,Research Scientist,3,Single,2936,10826,2,Y,Yes,11,3,3,80,0,6,4,3,6,4,0,2,LinkedIn
45,Current employee,Non-Travel,1195,Research & Development,2,2,Life Sciences,1,13751,137206,3,Male,75,3,1,Research Scientist,3,Single,2936,10826,2,Y,Yes,11,3,3,80,0,6,4,3,6,4,0,2,LinkedIn
45,Current employee,Non-Travel,1052,Sales,6,3,Medical,1,13881,137336,3,Male,75,3,2,Sales Executive,2,Married,4327,25440,5,Y,No,12,3,4,80,3,5,2,3,0,0,0,0,Adzuna
45,Current employee,Non-Travel,1052,Sales,6,3,Marketing,1,13883,137338,3,Male,75,3,2,Sales Executive,2,Married,4327,25440,5,Y,No,12,3,4,80,3,5,2,3,0,0,0,0,Adzuna
45,Current employee,Non-Travel,1052,Sales,6,3,Medical,1,13886,137341,3,Male,75,3,2,Sales Executive,2,Married,4327,25440,5,Y,No,12,3,4,80,3,5,2,3,0,0,0,0,Adzuna
45,Current employee,Non-Travel,1052,Sales,6,3,Marketing,1,13887,137342,3,Male,75,3,2,Sales Executive,2,Married,4327,25440,5,Y,No,12,3,4,80,3,5,2,3,0,0,0,0,Adzuna
45,Current employee,Non-Travel,1052,Sales,6,3,Medical,1,13889,137344,3,Male,75,3,2,Sales Executive,2,Married,4327,25440,5,Y,No,12,3,4,80,3,5,2,3,0,0,0,0,Adzuna
45,Current employee,Non-Travel,1052,Sales,6,3,Marketing,1,13891,137346,3,Male,75,3,2,Sales Executive,2,Married,4327,25440,5,Y,No,12,3,4,80,3,5,2,3,0,0,0,0,Adzuna
45,Current employee,Non-Travel,1052,Sales,6,3,Marketing,1,13894,137349,3,Male,75,3,2,Sales Executive,2,Married,4327,25440,5,Y,No,12,3,4,80,3,5,2,3,0,0,0,0,Adzuna
45,Current employee,Travel_Rarely,1385,Research & Development,20,2,Medical,1,14152,137607,3,Male,76,3,1,Research Scientist,4,Married,2781,6311,0,Y,No,13,4,2,80,1,15,5,3,14,10,4,10,Company Website
45,Current employee,Travel_Rarely,1385,Research & Development,20,2,Other,1,14154,137609,3,Male,76,3,1,Research Scientist,4,Married,2781,6311,3,Y,No,13,4,2,80,1,15,5,3,14,10,4,10,Company Website
45,Current employee,Travel_Rarely,1385,Research & Development,20,2,Medical,1,14157,137612,3,Male,76,3,1,Research Scientist,4,Married,2781,6311,0,Y,No,13,3,2,80,1,15,5,3,14,10,4,10,Company Website
45,Current employee,Travel_Rarely,1385,Research & Development,20,2,Other,1,14158,137613,3,Male,76,3,1,Research Scientist,4,Married,2781,6311,3,Y,No,13,3,2,80,1,15,5,3,14,10,4,10,Company Website
45,Current employee,Travel_Rarely,1385,Research & Development,20,2,Medical,1,14160,137615,3,Male,76,3,1,Research Scientist,4,Married,2781,6311,0,Y,No,13,4,2,80,1,15,5,3,14,10,4,10,Company Website
45,Current employee,Travel_Rarely,1385,Research & Development,20,2,Other,1,14162,137617,3,Male,76,3,1,Research Scientist,4,Married,2781,6311,3,Y,No,13,4,2,80,1,15,5,3,14,10,4,10,Company Website
45,Current employee,Travel_Frequently,364,Research & Development,25,3,Medical,1,14991,138446,2,Female,83,3,5,Manager,2,Single,18061,13035,3,Y,No,22,3,3,80,0,22,4,3,0,0,0,0,GlassDoor
45,Current employee,Travel_Frequently,364,Research & Development,25,3,Technical Degree,1,14994,138449,2,Female,83,3,5,Manager,2,Single,18061,13035,1,Y,No,22,3,3,80,0,22,4,3,0,0,0,0,GlassDoor
45,Current employee,Travel_Frequently,364,Research & Development,25,3,Medical,1,14997,138452,2,Female,83,3,5,Manager,2,Single,18061,13035,3,Y,No,22,4,3,80,0,22,4,3,0,0,0,0,GlassDoor
45,Current employee,Travel_Frequently,364,Research & Development,25,3,Technical Degree,1,14998,138453,2,Female,83,3,5,Manager,2,Single,18061,13035,1,Y,No,22,4,3,80,0,22,4,3,0,0,0,0,GlassDoor
45,Current employee,Travel_Frequently,364,Research & Development,25,3,Medical,1,14999,138454,2,Female,83,3,5,Manager,2,Single,18061,13035,3,Y,No,22,3,3,80,0,22,4,3,0,0,0,0,GlassDoor
45,Current employee,Travel_Frequently,364,Research & Development,25,3,Technical Degree,1,15002,138457,2,Female,83,3,5,Manager,2,Single,18061,13035,1,Y,No,22,3,3,80,0,22,4,3,0,0,0,0,GlassDoor
45,Current employee,Travel_Frequently,364,Research & Development,25,3,Medical,1,15005,138460,2,Female,83,3,5,Manager,2,Single,18061,13035,3,Y,No,22,4,3,80,0,22,4,3,0,0,0,0,GlassDoor
45,Current employee,Travel_Frequently,364,Research & Development,25,3,Technical Degree,1,15006,138461,2,Female,83,3,5,Manager,2,Single,18061,13035,1,Y,No,22,4,3,80,0,22,4,3,0,0,0,0,GlassDoor
45,Current employee,Travel_Frequently,364,Research & Development,18,2,Medical,1,15219,138674,1,Male,32,3,2,Manufacturing Director,3,Single,4534,13352,1,Y,No,17,3,1,80,0,10,2,3,10,8,3,7,LinkedIn
45,Current employee,Travel_Rarely,561,Sales,18,2,Medical,1,15220,138675,1,Male,32,3,2,Manufacturing Director,3,Single,4534,13352,4,Y,No,19,3,2,80,1,9,3,4,8,7,3,7,Seek
45,Current employee,Travel_Rarely,974,Research & Development,1,4,Medical,1,16279,139734,3,Male,82,3,1,Laboratory Technician,1,Married,2099,7679,0,Y,No,14,4,2,80,0,6,3,4,5,0,1,4,Jora
45,Current employee,Travel_Rarely,974,Research & Development,1,4,Life Sciences,1,16280,139735,3,Male,82,3,1,Laboratory Technician,1,Married,2099,7679,1,Y,No,14,3,2,80,0,6,3,4,5,0,1,4,Jora
45,Current employee,Travel_Rarely,974,Research & Development,1,4,Medical,1,16284,139739,3,Male,82,3,1,Laboratory Technician,1,Married,2099,7679,0,Y,No,14,3,2,80,0,6,3,4,5,0,1,4,Jora
45,Current employee,Travel_Rarely,974,Research & Development,1,4,Life Sciences,1,16285,139740,3,Male,82,3,1,Laboratory Technician,1,Married,2099,7679,1,Y,No,14,3,2,80,0,6,3,4,5,0,1,4,Jora
45,Current employee,Travel_Rarely,974,Research & Development,1,4,Medical,1,16287,139742,3,Male,82,3,1,Laboratory Technician,1,Married,2099,7679,0,Y,No,14,4,2,80,0,6,3,4,5,0,1,4,Jora
45,Current employee,Travel_Rarely,974,Research & Development,1,4,Life Sciences,1,16288,139743,3,Male,82,3,1,Laboratory Technician,1,Married,2099,7679,1,Y,No,14,3,2,80,0,6,3,4,5,0,1,4,Jora
45,Current employee,Travel_Rarely,974,Research & Development,1,4,Life Sciences,1,16292,139747,3,Male,82,3,1,Laboratory Technician,1,Married,2099,7679,1,Y,No,14,3,2,80,0,6,3,4,5,0,1,4,Jora
45,Current employee,Travel_Rarely,1038,Research & Development,20,3,Medical,1,16554,140009,2,Male,95,1,3,Healthcare Representative,1,Divorced,10851,19863,2,Y,Yes,18,3,2,80,1,24,2,3,7,7,0,7,Adzuna
45,Current employee,Travel_Rarely,788,Human Resources,24,4,Medical,1,16555,140010,4,Male,82,1,3,Healthcare Representative,1,Divorced,10851,19863,2,Y,Yes,18,4,2,80,1,24,2,3,7,7,0,7,Adzuna
45,Current employee,Travel_Rarely,1038,Research & Development,20,3,Medical,1,16556,140011,2,Male,95,1,3,Healthcare Representative,1,Divorced,10851,19863,0,Y,Yes,18,3,2,80,1,24,2,3,7,7,0,7,Adzuna
45,Current employee,Travel_Rarely,788,Human Resources,24,4,Technical Degree,1,16557,140012,4,Male,82,1,3,Healthcare Representative,1,Divorced,10851,19863,0,Y,Yes,18,3,2,80,1,24,2,3,7,7,0,7,Adzuna
45,Current employee,Travel_Rarely,1038,Research & Development,20,3,Medical,1,16558,140013,2,Male,95,1,3,Healthcare Representative,1,Divorced,10851,19863,2,Y,Yes,18,3,2,80,1,24,2,3,7,7,0,7,Adzuna
45,Current employee,Travel_Rarely,788,Human Resources,24,4,Medical,1,16559,140014,4,Male,82,1,3,Healthcare Representative,1,Divorced,10851,19863,2,Y,Yes,18,3,2,80,1,24,2,3,7,7,0,7,Adzuna
45,Current employee,Travel_Rarely,1038,Research & Development,20,3,Medical,1,16560,140015,2,Male,95,1,3,Healthcare Representative,1,Divorced,10851,19863,0,Y,Yes,18,3,2,80,1,24,2,3,7,7,0,7,Adzuna
45,Current employee,Travel_Rarely,788,Human Resources,24,4,Technical Degree,1,16561,140016,4,Male,82,1,3,Healthcare Representative,1,Divorced,10851,19863,0,Y,Yes,18,3,2,80,1,24,2,3,7,7,0,7,Adzuna
45,Current employee,Travel_Rarely,1038,Research & Development,20,3,Medical,1,16562,140017,2,Male,95,1,3,Healthcare Representative,1,Divorced,10851,19863,2,Y,Yes,18,3,2,80,1,24,2,3,7,7,0,7,Adzuna
45,Current employee,Travel_Rarely,788,Human Resources,24,4,Medical,1,16563,140018,4,Male,82,1,3,Healthcare Representative,1,Divorced,10851,19863,2,Y,Yes,18,4,2,80,1,24,2,3,7,7,0,7,Adzuna
45,Current employee,Travel_Rarely,1038,Research & Development,20,3,Medical,1,16564,140019,2,Male,95,1,3,Healthcare Representative,1,Divorced,10851,19863,0,Y,Yes,18,3,2,80,1,24,2,3,7,7,0,7,Adzuna
45,Current employee,Travel_Rarely,788,Human Resources,24,4,Technical Degree,1,16565,140020,4,Male,82,1,3,Healthcare Representative,1,Divorced,10851,19863,0,Y,Yes,18,3,2,80,1,24,2,3,7,7,0,7,Adzuna
45,Current employee,Travel_Rarely,1038,Research & Development,20,3,Medical,1,16566,140021,2,Male,95,1,3,Healthcare Representative,1,Divorced,10851,19863,2,Y,Yes,18,3,2,80,1,24,2,3,7,7,0,7,Adzuna
45,Current employee,Travel_Rarely,1038,Research & Development,20,3,Medical,1,16567,140022,2,Male,95,1,3,Healthcare Representative,1,Divorced,10851,19863,0,Y,Yes,18,3,2,80,1,24,2,3,7,7,0,7,Adzuna
45,Current employee,Travel_Rarely,788,Human Resources,24,4,Technical Degree,1,16568,140023,4,Male,82,1,3,Healthcare Representative,1,Divorced,10851,19863,0,Y,Yes,18,3,2,80,1,24,2,3,7,7,0,7,Adzuna
45,Current employee,Travel_Rarely,1448,Research & Development,29,3,Technical Degree,1,16601,140056,2,Male,55,3,3,Manufacturing Director,4,Married,9380,14720,4,Y,Yes,18,4,4,80,2,10,4,4,3,1,1,2,Indeed
45,Current employee,Travel_Rarely,1448,Research & Development,29,3,Technical Degree,1,16604,140059,2,Male,55,3,3,Manufacturing Director,4,Married,9380,14720,1,Y,Yes,18,3,4,80,2,10,4,4,3,1,1,2,Indeed
45,Current employee,Travel_Rarely,1448,Research & Development,29,3,Technical Degree,1,16607,140062,2,Male,55,3,3,Manufacturing Director,4,Married,9380,14720,4,Y,Yes,18,3,4,80,2,10,4,4,3,1,1,2,Indeed
45,Current employee,Travel_Rarely,1448,Research & Development,29,3,Technical Degree,1,16608,140063,2,Male,55,3,3,Manufacturing Director,4,Married,9380,14720,1,Y,Yes,18,3,4,80,2,10,4,4,3,1,1,2,Indeed
45,Current employee,Travel_Rarely,1448,Research & Development,29,3,Technical Degree,1,16609,140064,2,Male,55,3,3,Manufacturing Director,4,Married,9380,14720,4,Y,Yes,18,4,4,80,2,10,4,4,3,1,1,2,Indeed
45,Current employee,Travel_Rarely,1448,Research & Development,29,3,Technical Degree,1,16612,140067,2,Male,55,3,3,Manufacturing Director,4,Married,9380,14720,1,Y,Yes,18,3,4,80,2,10,4,4,3,1,1,2,Indeed
45,Current employee,Travel_Rarely,1448,Research & Development,29,3,Technical Degree,1,16615,140070,2,Male,55,3,3,Manufacturing Director,4,Married,9380,14720,4,Y,Yes,18,3,4,80,2,10,4,4,3,1,1,2,Indeed
45,Current employee,Travel_Rarely,1448,Research & Development,29,3,Technical Degree,1,16616,140071,2,Male,55,3,3,Manufacturing Director,4,Married,9380,14720,1,Y,Yes,18,3,4,80,2,10,4,4,3,1,1,2,Indeed
45,Current employee,Travel_Rarely,1457,Research & Development,7,3,Medical,1,17046,140501,4,Male,84,3,2,Healthcare Representative,3,Married,4035,16143,0,Y,Yes,16,3,2,80,0,4,2,3,3,2,1,2,Adzuna
45,Current employee,Travel_Rarely,1457,Research & Development,7,3,Marketing,1,17048,140503,4,Male,84,3,2,Healthcare Representative,3,Married,4035,16143,0,Y,Yes,16,3,2,80,0,4,2,3,3,2,1,2,Adzuna
45,Current employee,Travel_Rarely,1457,Research & Development,7,3,Medical,1,17049,140504,4,Male,84,3,2,Healthcare Representative,3,Married,4035,16143,0,Y,Yes,16,3,2,80,0,4,2,3,3,2,1,2,Adzuna
45,Current employee,Travel_Rarely,1457,Research & Development,7,3,Marketing,1,17050,140505,4,Male,84,3,2,Healthcare Representative,3,Married,4035,16143,0,Y,Yes,16,3,2,80,0,4,2,3,3,2,1,2,Adzuna
45,Current employee,Travel_Rarely,1457,Research & Development,7,3,Medical,1,17056,140511,4,Male,84,3,2,Healthcare Representative,3,Married,4035,16143,0,Y,Yes,16,3,2,80,0,4,2,3,3,2,1,2,Adzuna
45,Current employee,Travel_Rarely,1457,Research & Development,7,3,Marketing,1,17058,140513,4,Male,84,3,2,Healthcare Representative,3,Married,4035,16143,0,Y,Yes,16,3,2,80,0,4,2,3,3,2,1,2,Adzuna
45,Current employee,Travel_Rarely,1457,Research & Development,7,3,Marketing,1,17059,140514,4,Male,84,3,2,Healthcare Representative,3,Married,4035,16143,0,Y,Yes,16,3,2,80,0,4,2,3,3,2,1,2,Adzuna
45,Current employee,Non-Travel,1052,Sales,6,3,Marketing,1,17283,140738,2,Female,32,3,3,Manufacturing Director,2,Single,8376,9150,5,Y,No,12,3,4,80,3,5,2,3,0,0,0,0,Adzuna
45,Current employee,Non-Travel,248,Research & Development,6,3,Marketing,1,17284,140739,2,Female,32,3,3,Manufacturing Director,2,Single,8376,9150,4,Y,Yes,12,3,2,80,0,4,2,2,4,3,1,2,Adzuna
45,Current employee,Travel_Frequently,364,Research & Development,25,3,Medical,1,17433,140888,4,Male,84,3,2,Research Scientist,4,Married,4285,3031,1,Y,No,17,3,1,80,0,10,2,3,10,8,3,7,LinkedIn
45,Current employee,Travel_Frequently,364,Research & Development,25,3,Technical Degree,1,17435,140890,4,Male,84,3,2,Research Scientist,4,Married,4285,3031,4,Y,No,17,3,1,80,0,10,2,3,10,8,3,7,LinkedIn
45,Current employee,Travel_Frequently,364,Research & Development,25,3,Medical,1,17438,140893,4,Male,84,3,2,Research Scientist,4,Married,4285,3031,1,Y,No,17,3,1,80,0,10,2,3,10,8,3,7,LinkedIn
45,Current employee,Travel_Frequently,364,Research & Development,25,3,Technical Degree,1,17439,140894,4,Male,84,3,2,Research Scientist,4,Married,4285,3031,4,Y,No,17,3,1,80,0,10,2,3,10,8,3,7,LinkedIn
45,Current employee,Travel_Frequently,364,Research & Development,25,3,Medical,1,17441,140896,4,Male,84,3,2,Research Scientist,4,Married,4285,3031,1,Y,No,17,3,1,80,0,10,2,3,10,8,3,7,LinkedIn
45,Current employee,Travel_Frequently,364,Research & Development,25,3,Technical Degree,1,17443,140898,4,Male,84,3,2,Research Scientist,4,Married,4285,3031,4,Y,No,17,3,1,80,0,10,2,3,10,8,3,7,LinkedIn
45,Current employee,Travel_Rarely,950,Research & Development,28,3,Technical Degree,1,17478,140933,4,Male,97,3,1,Research Scientist,4,Married,2132,4585,4,Y,No,20,3,4,80,1,8,3,3,5,4,0,3,Company Website
45,Current employee,Travel_Rarely,950,Research & Development,28,3,Technical Degree,1,17481,140936,4,Male,97,3,1,Research Scientist,4,Married,2132,4585,4,Y,No,20,3,4,80,1,8,3,3,5,4,0,3,Company Website
45,Current employee,Travel_Rarely,950,Research & Development,28,3,Technical Degree,1,17484,140939,4,Male,97,3,1,Research Scientist,4,Married,2132,4585,4,Y,No,20,4,4,80,1,8,3,3,5,4,0,3,Company Website
45,Current employee,Travel_Rarely,950,Research & Development,28,3,Technical Degree,1,17485,140940,4,Male,97,3,1,Research Scientist,4,Married,2132,4585,4,Y,No,20,4,4,80,1,8,3,3,5,4,0,3,Company Website
45,Current employee,Travel_Rarely,950,Research & Development,28,3,Technical Degree,1,17486,140941,4,Male,97,3,1,Research Scientist,4,Married,2132,4585,4,Y,No,20,3,4,80,1,8,3,3,5,4,0,3,Company Website
45,Current employee,Travel_Rarely,950,Research & Development,28,3,Technical Degree,1,17489,140944,4,Male,97,3,1,Research Scientist,4,Married,2132,4585,4,Y,No,20,3,4,80,1,8,3,3,5,4,0,3,Company Website
45,Current employee,Travel_Rarely,950,Research & Development,28,3,Technical Degree,1,17492,140947,4,Male,97,3,1,Research Scientist,4,Married,2132,4585,4,Y,No,20,4,4,80,1,8,3,3,5,4,0,3,Company Website
45,Current employee,Travel_Rarely,538,Research & Development,1,4,Technical Degree,1,17589,141044,1,Male,66,3,3,Healthcare Representative,2,Divorced,7441,20933,1,Y,No,12,3,1,80,3,10,4,3,10,8,7,7,Seek
45,Current employee,Travel_Rarely,538,Research & Development,1,4,Life Sciences,1,17591,141046,1,Male,66,3,3,Healthcare Representative,2,Divorced,7441,20933,0,Y,No,12,3,1,80,3,10,4,3,10,8,7,7,Seek
45,Current employee,Travel_Rarely,538,Research & Development,1,4,Technical Degree,1,17595,141050,1,Male,66,3,3,Healthcare Representative,2,Divorced,7441,20933,1,Y,No,12,3,1,80,3,10,4,3,10,8,7,7,Seek
45,Current employee,Travel_Rarely,538,Research & Development,1,4,Life Sciences,1,17596,141051,1,Male,66,3,3,Healthcare Representative,2,Divorced,7441,20933,0,Y,No,12,3,1,80,3,10,4,3,10,8,7,7,Seek
45,Current employee,Travel_Rarely,538,Research & Development,1,4,Technical Degree,1,17597,141052,1,Male,66,3,3,Healthcare Representative,2,Divorced,7441,20933,1,Y,No,12,3,1,80,3,10,4,3,10,8,7,7,Seek
45,Current employee,Travel_Rarely,538,Research & Development,1,4,Life Sciences,1,17599,141054,1,Male,66,3,3,Healthcare Representative,2,Divorced,7441,20933,0,Y,No,12,3,1,80,3,10,4,3,10,8,7,7,Seek
45,Current employee,Travel_Rarely,538,Research & Development,1,4,Technical Degree,1,17603,141058,1,Male,66,3,3,Healthcare Representative,2,Divorced,7441,20933,1,Y,No,12,3,1,80,3,10,4,3,10,8,7,7,Seek
45,Current employee,Travel_Rarely,538,Research & Development,1,4,Life Sciences,1,17604,141059,1,Male,66,3,3,Healthcare Representative,2,Divorced,7441,20933,0,Y,No,12,3,1,80,3,10,4,3,10,8,7,7,Seek
45,Current employee,Travel_Rarely,1038,Research & Development,20,3,Medical,1,17809,141264,4,Male,85,3,2,Research Scientist,1,Married,4087,25174,4,Y,No,14,3,2,80,1,9,3,2,6,5,1,2,LinkedIn
45,Current employee,Travel_Rarely,1038,Research & Development,20,3,Other,1,17811,141266,4,Male,85,3,2,Research Scientist,1,Married,4087,25174,3,Y,No,14,3,2,80,1,9,3,2,6,5,1,2,LinkedIn
45,Current employee,Travel_Rarely,1038,Research & Development,20,3,Medical,1,17814,141269,4,Male,85,3,2,Research Scientist,1,Married,4087,25174,4,Y,No,14,3,2,80,1,9,3,2,6,5,1,2,LinkedIn
45,Current employee,Travel_Rarely,1038,Research & Development,20,3,Other,1,17815,141270,4,Male,85,3,2,Research Scientist,1,Married,4087,25174,3,Y,No,14,3,2,80,1,9,3,2,6,5,1,2,LinkedIn
45,Current employee,Travel_Rarely,1038,Research & Development,20,3,Other,1,17818,141273,4,Male,85,3,2,Research Scientist,1,Married,4087,25174,3,Y,No,14,3,2,80,1,9,3,2,6,5,1,2,LinkedIn
45,Current employee,Travel_Rarely,1015,Research & Development,5,5,Medical,1,18245,141700,3,Female,50,1,2,,,Single,5769,23447,1,Y,Yes,14,3,1,80,0,10,3,3,10,7,1,4,Jora
45,Current employee,Travel_Rarely,1015,Research & Development,5,5,Life Sciences,1,18247,141702,3,Female,50,1,2,Laboratory Technician,1,Single,5769,23447,1,Y,Yes,14,3,1,80,0,10,3,3,10,7,1,4,Jora
45,Current employee,Travel_Rarely,1015,Research & Development,5,5,Medical,1,18251,141706,3,Female,50,1,2,Laboratory Technician,1,Single,5769,23447,1,Y,Yes,14,3,1,80,0,10,3,3,10,7,1,4,Jora
45,Current employee,Travel_Rarely,1015,Research & Development,5,5,Life Sciences,1,18252,141707,3,Female,50,1,2,Laboratory Technician,1,Single,5769,23447,1,Y,Yes,14,3,1,80,0,10,3,3,10,7,1,4,Jora
45,Current employee,Travel_Rarely,1015,Research & Development,5,5,Life Sciences,1,18254,141709,3,Female,50,1,2,Laboratory Technician,1,Single,5769,23447,1,Y,Yes,14,3,1,80,0,10,3,3,10,7,1,4,Jora
45,Current employee,Travel_Rarely,1015,Research & Development,5,5,Medical,1,18258,141713,3,Female,50,1,2,Laboratory Technician,1,Single,5769,23447,1,Y,Yes,14,3,1,80,0,10,3,3,10,7,1,4,Jora
45,Current employee,Travel_Rarely,1015,Research & Development,5,5,Life Sciences,1,18259,141714,3,Female,50,1,2,Laboratory Technician,1,Single,5769,23447,1,Y,Yes,14,3,1,80,0,10,3,3,10,7,1,4,Jora
45,Current employee,Non-Travel,336,Sales,26,3,Marketing,1,18260,141715,1,Male,52,2,2,Sales Executive,1,Married,4385,24162,1,Y,No,15,3,1,80,1,10,2,3,10,7,4,5,LinkedIn
45,Current employee,Non-Travel,336,Sales,26,3,Technical Degree,1,18263,141718,1,Male,52,2,2,Sales Executive,1,Married,4385,24162,7,Y,No,15,3,1,80,1,10,2,3,10,7,4,5,LinkedIn
45,Current employee,Non-Travel,336,Sales,26,3,Marketing,1,18264,141719,1,Male,52,2,2,Sales Executive,1,Married,4385,24162,1,Y,No,15,3,1,80,1,10,2,3,10,7,4,5,LinkedIn
45,Current employee,Non-Travel,336,Sales,26,3,Technical Degree,1,18265,141720,1,Male,52,2,2,Sales Executive,1,Married,4385,24162,7,Y,No,15,3,1,80,1,10,2,3,10,7,4,5,LinkedIn
45,Current employee,Non-Travel,336,Sales,26,3,Technical Degree,1,18270,141725,1,Male,52,2,2,Sales Executive,1,Married,4385,24162,7,Y,No,15,3,1,80,1,10,2,3,10,7,4,5,LinkedIn
45,Current employee,Non-Travel,336,Sales,26,3,Marketing,1,18271,141726,1,Male,52,2,2,Sales Executive,1,Married,4385,24162,1,Y,No,15,3,1,80,1,10,2,3,10,7,4,5,LinkedIn
45,Current employee,Non-Travel,336,Sales,26,3,Technical Degree,1,18272,141727,1,Male,52,2,2,Sales Executive,1,Married,4385,24162,7,Y,No,15,3,1,80,1,10,2,3,10,7,4,5,LinkedIn
45,Current employee,Travel_Rarely,1015,Research & Development,5,5,Medical,1,18306,141761,4,Male,87,4,2,Manufacturing Director,4,Divorced,4724,17000,1,Y,No,13,3,1,80,1,9,3,3,9,7,7,2,Jora
45,Current employee,Travel_Rarely,1015,Research & Development,5,5,Life Sciences,1,18307,141762,4,Male,87,4,2,Manufacturing Director,4,Divorced,4724,17000,1,Y,No,13,3,1,80,1,9,3,3,9,7,7,2,Jora
45,Current employee,Travel_Rarely,1015,Research & Development,5,5,Medical,1,18311,141766,4,Male,87,4,2,Manufacturing Director,4,Divorced,4724,17000,1,Y,No,13,3,1,80,1,9,3,3,9,7,7,2,Jora
45,Current employee,Travel_Rarely,1015,Research & Development,5,5,Life Sciences,1,18312,141767,4,Male,87,4,2,Manufacturing Director,4,Divorced,4724,17000,1,Y,No,13,3,1,80,1,9,3,3,9,7,7,2,Jora
45,Current employee,Travel_Rarely,1015,Research & Development,5,5,Medical,1,18313,141768,4,Male,87,4,2,Manufacturing Director,4,Divorced,4724,17000,1,Y,No,13,3,1,80,1,9,3,3,9,7,7,2,Jora
45,Current employee,Travel_Rarely,1015,Research & Development,5,5,Life Sciences,1,18314,141769,4,Male,87,4,2,Manufacturing Director,4,Divorced,4724,17000,1,Y,No,13,3,1,80,1,9,3,3,9,7,7,2,Jora
45,Current employee,Travel_Rarely,1015,Research & Development,5,5,Medical,1,18318,141773,4,Male,87,4,2,Manufacturing Director,4,Divorced,4724,17000,1,Y,No,13,3,1,80,1,9,3,3,9,7,7,2,Jora
45,Current employee,Travel_Rarely,1015,Research & Development,5,5,Life Sciences,1,18319,141774,4,Male,87,4,2,Manufacturing Director,4,Divorced,4724,17000,1,Y,No,13,3,1,80,1,9,3,3,9,7,7,2,Jora
45,Current employee,Travel_Rarely,974,Research & Development,10,5,Medical,1,18353,141808,2,Male,76,3,2,Manufacturing Director,1,Married,5377,3835,0,Y,No,14,3,2,80,0,6,3,4,5,0,1,4,Jora
45,Current employee,Travel_Rarely,950,Research & Development,10,5,Medical,1,18354,141809,2,Male,76,3,2,Manufacturing Director,1,Married,5377,3835,4,Y,No,20,4,4,80,1,8,3,3,5,4,0,3,Company Website
45,Current employee,Travel_Rarely,1316,Research & Development,3,2,Life Sciences,1,18406,141861,4,Female,87,1,2,Manufacturing Director,1,Divorced,4877,20460,1,Y,No,20,4,1,80,0,6,3,2,6,5,1,3,Jora
45,Current employee,Travel_Rarely,1385,Research & Development,3,2,Life Sciences,1,18407,141862,4,Female,87,1,2,Manufacturing Director,1,Divorced,4877,20460,3,Y,No,13,3,2,80,1,15,5,3,14,10,4,10,Company Website
45,Current employee,Non-Travel,1195,Research & Development,4,3,Life Sciences,1,18540,141995,1,Female,81,3,2,Manufacturing Director,3,Single,5042,3140,1,Y,Yes,11,3,3,80,0,6,4,3,6,4,0,2,LinkedIn
45,Current employee,Travel_Rarely,1038,Research & Development,4,3,Life Sciences,1,18541,141996,1,Female,81,3,2,Manufacturing Director,3,Single,5042,3140,3,Y,No,14,3,2,80,1,9,3,2,6,5,1,2,LinkedIn
45,Current employee,Travel_Rarely,1329,Research & Development,2,2,Other,1,18543,141998,4,Female,59,2,2,Manufacturing Director,4,Divorced,5770,5388,1,Y,No,19,4,1,80,2,10,3,3,10,7,3,9,Adzuna
45,Current employee,Travel_Rarely,1329,Research & Development,2,2,Life Sciences,1,18545,142000,4,Female,59,2,2,Manufacturing Director,4,Divorced,5770,5388,1,Y,No,19,3,1,80,2,10,3,3,10,7,3,9,Adzuna
45,Current employee,Travel_Rarely,1329,Research & Development,2,2,Other,1,18549,142004,4,Female,59,2,2,Manufacturing Director,4,Divorced,5770,5388,1,Y,No,19,3,1,80,2,10,3,3,10,7,3,9,Adzuna
45,Current employee,Travel_Rarely,1329,Research & Development,2,2,Life Sciences,1,18550,142005,4,Female,59,2,2,Manufacturing Director,4,Divorced,5770,5388,1,Y,No,19,3,1,80,2,10,3,3,10,7,3,9,Adzuna
45,Current employee,Travel_Rarely,1329,Research & Development,2,2,Other,1,18551,142006,4,Female,59,2,2,Manufacturing Director,4,Divorced,5770,5388,1,Y,No,19,4,1,80,2,10,3,3,10,7,3,9,Adzuna
45,Current employee,Travel_Rarely,1329,Research & Development,2,2,Life Sciences,1,18553,142008,4,Female,59,2,2,Manufacturing Director,4,Divorced,5770,5388,1,Y,No,19,3,1,80,2,10,3,3,10,7,3,9,Adzuna
45,Current employee,Travel_Rarely,1329,Research & Development,2,2,Other,1,18557,142012,4,Female,59,2,2,Manufacturing Director,4,Divorced,5770,5388,1,Y,No,19,3,1,80,2,10,3,3,10,7,3,9,Adzuna
45,Current employee,Travel_Rarely,1329,Research & Development,2,2,Life Sciences,1,18558,142013,4,Female,59,2,2,Manufacturing Director,4,Divorced,5770,5388,1,Y,No,19,3,1,80,2,10,3,3,10,7,3,9,Adzuna
45,Current employee,Travel_Rarely,1457,Research & Development,12,3,Medical,1,18579,142034,4,Female,87,2,3,Manufacturing Director,3,Married,7756,14199,0,Y,Yes,16,3,2,80,0,4,2,3,3,2,1,2,Adzuna
45,Current employee,Travel_Rarely,538,Research & Development,12,3,Medical,1,18580,142035,4,Female,87,2,3,Manufacturing Director,3,Married,7756,14199,4,Y,No,19,3,3,80,2,10,2,3,9,7,3,4,Company Website
45,Current employee,Travel_Rarely,788,Human Resources,12,3,Medical,1,18804,142259,4,Male,66,3,2,Manufacturing Director,2,Married,5295,7693,2,Y,Yes,18,3,2,80,1,24,2,3,7,7,0,7,Adzuna
45,Current employee,Travel_Rarely,1316,Research & Development,12,3,Medical,1,18805,142260,4,Male,66,3,2,Manufacturing Director,2,Married,5295,7693,4,Y,No,13,3,2,80,0,9,2,2,6,5,0,3,Company Website
45,Current employee,Non-Travel,1238,Research & Development,1,1,Life Sciences,1,19522,142977,3,Male,74,2,3,Healthcare Representative,3,Married,10748,3395,3,Y,No,23,3,4,80,1,25,3,2,23,15,14,4,Indeed
45,Current employee,Non-Travel,1238,Research & Development,1,1,Life Sciences,1,19524,142979,3,Male,74,2,3,Healthcare Representative,3,Married,10748,3395,0,Y,No,23,3,4,80,1,25,3,2,23,15,14,4,Indeed
45,Current employee,Non-Travel,1238,Research & Development,1,1,Life Sciences,1,19528,142983,3,Male,74,2,3,Healthcare Representative,3,Married,10748,3395,3,Y,No,23,4,4,80,1,25,3,2,23,15,14,4,Indeed
45,Current employee,Non-Travel,1238,Research & Development,1,1,Life Sciences,1,19529,142984,3,Male,74,2,3,Healthcare Representative,3,Married,10748,3395,0,Y,No,23,4,4,80,1,25,3,2,23,15,14,4,Indeed
45,Current employee,Non-Travel,1238,Research & Development,1,1,Life Sciences,1,19530,142985,3,Male,74,2,3,Healthcare Representative,3,Married,10748,3395,3,Y,No,23,3,4,80,1,25,3,2,23,15,14,4,Indeed
45,Current employee,Non-Travel,1238,Research & Development,1,1,Life Sciences,1,19532,142987,3,Male,74,2,3,Healthcare Representative,3,Married,10748,3395,0,Y,No,23,3,4,80,1,25,3,2,23,15,14,4,Indeed
45,Current employee,Non-Travel,1238,Research & Development,1,1,Life Sciences,1,19536,142991,3,Male,74,2,3,Healthcare Representative,3,Married,10748,3395,3,Y,No,23,4,4,80,1,25,3,2,23,15,14,4,Indeed
45,Current employee,Non-Travel,1238,Research & Development,1,1,Life Sciences,1,19537,142992,3,Male,74,2,3,Healthcare Representative,3,Married,10748,3395,0,Y,No,23,4,4,80,1,25,3,2,23,15,14,4,Indeed
45,Current employee,Travel_Frequently,1297,Research & Development,1,4,Medical,1,19571,143026,4,Male,90,1,1,Laboratory Technician,3,Married,2305,6217,1,Y,No,15,3,3,80,3,3,3,4,3,2,0,2,Company Website
45,Current employee,Travel_Frequently,1297,Research & Development,1,4,Life Sciences,1,19572,143027,4,Male,90,1,1,Laboratory Technician,3,Married,,6217,1,Y,No,15,3,3,80,3,3,3,4,3,2,0,2,Company Website
45,Current employee,Travel_Frequently,1297,Research & Development,1,4,Medical,1,19576,143031,4,Male,90,1,1,Laboratory Technician,3,Married,2305,6217,1,Y,No,15,3,3,80,3,3,3,4,3,2,0,2,Company Website
45,Current employee,Travel_Frequently,1297,Research & Development,1,4,Life Sciences,1,19577,143032,4,Male,90,1,1,Laboratory Technician,3,Married,2305,6217,1,Y,No,15,3,3,80,3,3,3,4,3,2,0,2,Company Website
45,Current employee,Travel_Frequently,1297,Research & Development,1,4,Medical,1,19579,143034,4,Male,90,1,1,Laboratory Technician,3,Married,2305,6217,1,Y,No,15,3,3,80,3,3,3,4,3,2,0,2,Company Website
45,Current employee,Travel_Frequently,1297,Research & Development,1,4,Life Sciences,1,19580,143035,4,Male,90,1,1,Laboratory Technician,3,Married,2305,6217,1,Y,No,15,3,3,80,3,3,3,4,3,2,0,2,Company Website
45,Current employee,Travel_Frequently,1297,Research & Development,1,4,Medical,1,19584,143039,4,Male,90,1,1,Laboratory Technician,3,Married,2305,6217,1,Y,No,15,3,3,80,3,3,3,4,3,2,0,2,Company Website
45,Current employee,Travel_Frequently,1297,Research & Development,1,4,Life Sciences,1,19585,143040,4,Male,90,1,1,Laboratory Technician,3,Married,2305,6217,1,Y,No,15,3,3,80,3,3,3,4,3,2,0,2,Company Website
45,Current employee,Travel_Rarely,1005,Research & Development,28,2,Technical Degree,1,19586,143041,4,Female,48,2,4,Research Director,2,Single,16704,17119,1,Y,No,11,4,3,80,0,21,2,3,21,6,8,6,Indeed
45,Current employee,Travel_Rarely,1005,Research & Development,28,2,Technical Degree,1,19589,143044,4,Female,48,2,4,Research Director,2,Single,16704,17119,2,Y,No,11,3,3,80,0,21,2,3,21,6,8,6,Indeed
45,Current employee,Travel_Rarely,1005,Research & Development,28,2,Technical Degree,1,19592,143047,4,Female,48,2,4,Research Director,2,Single,16704,17119,1,Y,No,11,3,3,80,0,21,2,3,21,6,8,6,Indeed
45,Current employee,Travel_Rarely,1005,Research & Development,28,2,Technical Degree,1,19593,143048,4,Female,48,2,4,Research Director,2,Single,16704,17119,2,Y,No,11,3,3,80,0,21,2,3,21,6,8,6,Indeed
45,Current employee,Travel_Rarely,1005,Research & Development,28,2,Technical Degree,1,19594,143049,4,Female,48,2,4,Research Director,2,Single,16704,17119,1,Y,No,11,4,3,80,0,21,2,3,21,6,8,6,Indeed
45,Current employee,Travel_Rarely,1005,Research & Development,28,2,Technical Degree,1,19597,143052,4,Female,48,2,4,Research Director,2,Single,16704,17119,2,Y,No,11,3,3,80,0,21,2,3,21,6,8,6,Indeed
45,Current employee,Travel_Rarely,1005,Research & Development,28,2,Technical Degree,1,19600,143055,4,Female,48,2,4,Research Director,2,Single,16704,17119,1,Y,No,11,3,3,80,0,21,2,3,21,6,8,6,Indeed
45,Current employee,Travel_Rarely,1005,Research & Development,28,2,Technical Degree,1,19601,143056,4,Female,48,2,4,Research Director,2,Single,16704,17119,2,Y,No,11,3,3,80,0,21,2,3,21,6,8,6,Indeed
45,Current employee,Travel_Rarely,176,Human Resources,4,3,Life Sciences,1,19874,143329,3,Female,56,1,3,Human Resources,3,Married,9756,6595,4,Y,No,21,3,3,80,2,9,2,4,5,0,0,3,Company Website
45,Current employee,Travel_Rarely,176,Human Resources,4,3,Life Sciences,1,19877,143332,3,Female,56,1,3,Human Resources,3,Married,9756,6595,0,Y,No,21,3,3,80,2,9,2,4,5,0,0,3,Company Website
45,Current employee,Travel_Rarely,176,Human Resources,4,3,Life Sciences,1,19880,143335,3,Female,56,1,3,Human Resources,3,Married,9756,6595,4,Y,No,21,4,3,80,2,9,2,4,5,0,0,3,Company Website
45,Current employee,Travel_Rarely,176,Human Resources,4,3,Life Sciences,1,19881,143336,3,Female,56,1,3,Human Resources,3,Married,9756,6595,0,Y,No,21,4,3,80,2,9,2,4,5,0,0,3,Company Website
45,Current employee,Travel_Rarely,176,Human Resources,4,3,Life Sciences,1,19882,143337,3,Female,56,1,3,Human Resources,3,Married,9756,6595,4,Y,No,21,3,3,80,2,9,2,4,5,0,0,3,Company Website
45,Current employee,Travel_Rarely,176,Human Resources,4,3,Life Sciences,1,19885,143340,3,Female,56,1,3,Human Resources,3,Married,9756,6595,0,Y,No,21,3,3,80,2,9,2,4,5,0,0,3,Company Website
45,Current employee,Travel_Rarely,176,Human Resources,4,3,Life Sciences,1,19887,143342,3,Female,56,1,3,Human Resources,3,Married,9756,6595,4,Y,No,21,4,3,80,2,9,2,4,5,0,0,3,Company Website
45,Current employee,Travel_Rarely,176,Human Resources,4,3,Life Sciences,1,19888,143343,3,Female,56,1,3,Human Resources,3,Married,9756,6595,0,Y,No,21,4,3,80,2,9,2,4,5,0,0,3,Company Website
45,Current employee,Travel_Rarely,193,Research & Development,6,4,Other,1,20158,143613,4,Male,92,1,2,Healthcare Representative,4,Married,5811,24539,3,Y,Yes,16,3,3,80,1,15,2,3,1,0,1,0,Adzuna
45,Current employee,Travel_Rarely,193,Research & Development,6,4,Marketing,1,20159,143614,4,Male,92,1,2,Healthcare Representative,4,Married,5811,24539,0,Y,Yes,16,3,3,80,1,15,2,3,1,0,1,0,Adzuna
45,Current employee,Travel_Rarely,193,Research & Development,6,4,Other,1,20163,143618,4,Male,92,1,2,Healthcare Representative,4,Married,5811,24539,3,Y,Yes,16,3,3,80,1,15,2,3,1,0,1,0,Adzuna
45,Current employee,Travel_Rarely,193,Research & Development,6,4,Marketing,1,20164,143619,4,Male,92,1,2,Healthcare Representative,4,Married,5811,24539,0,Y,Yes,16,3,3,80,1,15,2,3,1,0,1,0,Adzuna
45,Current employee,Travel_Rarely,193,Research & Development,6,4,Other,1,20166,143621,4,Male,92,1,2,Healthcare Representative,4,Married,5811,24539,3,Y,Yes,16,3,3,80,1,15,2,3,1,0,1,0,Adzuna
45,Current employee,Travel_Rarely,193,Research & Development,6,4,Marketing,1,20167,143622,4,Male,92,1,2,Healthcare Representative,4,Married,5811,24539,0,Y,Yes,16,3,3,80,1,15,2,3,1,0,1,0,Adzuna
45,Current employee,Travel_Rarely,193,Research & Development,6,4,Other,1,20171,143626,4,Male,92,1,2,Healthcare Representative,4,Married,5811,24539,3,Y,Yes,16,3,3,80,1,15,2,3,1,0,1,0,Adzuna
45,Current employee,Travel_Rarely,193,Research & Development,6,4,Marketing,1,20172,143627,4,Male,92,1,2,Healthcare Representative,4,Married,5811,24539,0,Y,Yes,16,3,3,80,1,15,2,3,1,0,1,0,Adzuna
45,Current employee,Travel_Rarely,252,Research & Development,1,3,Other,1,20236,143691,4,Male,92,3,1,Laboratory Technician,1,Divorced,2289,20520,1,Y,No,20,3,2,80,2,5,2,3,5,3,0,4,GlassDoor
45,Current employee,Travel_Rarely,252,Research & Development,1,3,Life Sciences,1,20237,143692,4,Male,92,3,1,Laboratory Technician,1,Divorced,2289,20520,1,Y,No,20,3,2,80,2,5,2,3,5,3,0,4,GlassDoor
45,Current employee,Travel_Rarely,252,Research & Development,1,3,Other,1,20241,143696,4,Male,92,3,1,Laboratory Technician,1,Divorced,2289,20520,1,Y,No,20,4,2,80,2,5,2,3,5,3,0,4,GlassDoor
45,Current employee,Travel_Rarely,252,Research & Development,1,3,Life Sciences,1,20242,143697,4,Male,92,3,1,Laboratory Technician,1,Divorced,2289,20520,1,Y,No,20,4,2,80,2,5,2,3,5,3,0,4,GlassDoor
45,Current employee,Travel_Rarely,252,Research & Development,1,3,Other,1,20244,143699,4,Male,92,3,1,Laboratory Technician,1,Divorced,2289,20520,1,Y,No,20,3,2,80,2,5,2,3,5,3,0,4,GlassDoor
45,Current employee,Travel_Rarely,252,Research & Development,1,3,Life Sciences,1,20245,143700,4,Male,92,3,1,Laboratory Technician,1,Divorced,2289,20520,1,Y,No,20,3,2,80,2,5,2,3,5,3,0,4,GlassDoor
45,Current employee,Travel_Rarely,252,Research & Development,1,3,Other,1,20249,143704,4,Male,92,3,1,Laboratory Technician,1,Divorced,2289,20520,1,Y,No,20,4,2,80,2,5,2,3,5,3,0,4,GlassDoor
45,Current employee,Travel_Rarely,252,Research & Development,1,3,Life Sciences,1,20250,143705,4,Male,92,3,1,Laboratory Technician,1,Divorced,2289,20520,1,Y,No,20,4,2,80,2,5,2,3,5,3,0,4,GlassDoor
45,Current employee,Travel_Rarely,549,Research & Development,8,4,Other,1,20252,143707,4,Male,92,3,2,Sales Executive,3,Divorced,4001,12313,1,Y,Yes,14,3,3,80,1,15,3,3,15,14,0,7,Company Website
45,Current employee,Travel_Rarely,549,Research & Development,8,4,Medical,1,20253,143708,4,Male,92,3,2,Sales Executive,3,Divorced,4001,12313,6,Y,Yes,14,4,3,80,1,15,3,3,15,14,0,7,Company Website
45,Current employee,Travel_Rarely,549,Research & Development,8,4,Other,1,20257,143712,4,Male,92,3,2,Sales Executive,3,Divorced,4001,12313,1,Y,Yes,14,3,3,80,1,15,3,3,15,14,0,7,Company Website
45,Current employee,Travel_Rarely,549,Research & Development,8,4,Medical,1,20258,143713,4,Male,92,3,2,Sales Executive,3,Divorced,4001,12313,6,Y,Yes,14,3,3,80,1,15,3,3,15,14,0,7,Company Website
45,Current employee,Travel_Rarely,549,Research & Development,8,4,Other,1,20260,143715,4,Male,92,3,2,Sales Executive,3,Divorced,4001,12313,1,Y,Yes,14,3,3,80,1,15,3,3,15,14,0,7,Company Website
45,Current employee,Travel_Rarely,549,Research & Development,8,4,Medical,1,20261,143716,4,Male,92,3,2,Sales Executive,3,Divorced,4001,12313,6,Y,Yes,14,4,3,80,1,15,3,3,15,14,0,7,Company Website
45,Current employee,Travel_Rarely,549,Research & Development,8,4,Other,1,20265,143720,4,Male,92,3,2,Sales Executive,3,Divorced,4001,12313,1,Y,Yes,14,3,3,80,1,15,3,3,15,14,0,7,Company Website
45,Current employee,Travel_Rarely,549,Research & Development,8,4,Medical,1,20266,143721,4,Male,92,3,2,Sales Executive,3,Divorced,4001,12313,6,Y,Yes,14,3,3,80,1,15,3,3,15,14,0,7,Company Website
45,Current employee,Travel_Rarely,561,Sales,2,3,Other,1,20380,143835,4,Female,92,3,3,Manager,3,Married,13116,22984,2,Y,No,11,3,4,80,0,15,2,3,2,2,2,2,Indeed
45,Current employee,Travel_Rarely,561,Sales,2,3,Life Sciences,1,20381,143836,4,Female,92,3,3,Manager,3,Married,13116,22984,1,Y,No,11,3,4,80,0,15,2,3,2,2,2,2,Indeed
45,Current employee,Travel_Rarely,561,Sales,2,3,Other,1,20383,143838,4,Female,92,3,3,Manager,3,Married,13116,22984,2,Y,No,11,3,4,80,0,15,2,3,2,2,2,2,Indeed
45,Current employee,Travel_Rarely,561,Sales,2,3,Life Sciences,1,20384,143839,4,Female,92,3,3,Manager,3,Married,13116,22984,1,Y,No,11,3,4,80,0,15,2,3,2,2,2,2,Indeed
45,Current employee,Travel_Rarely,561,Sales,2,3,Other,1,20388,143843,4,Female,92,3,3,Manager,3,Married,13116,22984,2,Y,No,11,3,4,80,0,15,2,3,2,2,2,2,Indeed
45,Current employee,Travel_Rarely,561,Sales,2,3,Life Sciences,1,20389,143844,4,Female,92,3,3,Manager,3,Married,13116,22984,1,Y,No,11,3,4,80,0,15,2,3,2,2,2,2,Indeed
45,Current employee,Travel_Rarely,561,Sales,2,3,Other,1,20391,143846,4,Female,92,3,3,Manager,3,Married,13116,22984,2,Y,No,11,3,4,80,0,15,2,3,2,2,2,2,Indeed
45,Current employee,Travel_Rarely,561,Sales,2,3,Life Sciences,1,20392,143847,4,Female,92,3,3,Manager,3,Married,13116,22984,1,Y,No,11,3,4,80,0,15,2,3,2,2,2,2,Indeed
45,Current employee,Non-Travel,589,Sales,2,4,Life Sciences,1,21003,144458,3,Female,67,3,2,Sales Executive,3,Married,5154,19665,4,Y,No,22,3,2,80,2,10,3,4,8,7,5,7,Seek
45,Current employee,Non-Travel,589,Sales,2,4,Life Sciences,1,21005,144460,3,Female,67,3,2,Sales Executive,3,Married,5154,19665,4,Y,No,22,3,2,80,2,10,3,4,8,7,5,7,Seek
45,Current employee,Non-Travel,589,Sales,2,4,Life Sciences,1,21009,144464,3,Female,67,3,2,Sales Executive,3,Married,5154,19665,4,Y,No,22,4,2,80,2,10,3,4,8,7,5,7,Seek
45,Current employee,Non-Travel,589,Sales,2,4,Life Sciences,1,21010,144465,3,Female,67,3,2,Sales Executive,3,Married,5154,19665,4,Y,No,22,4,2,80,2,10,3,4,8,7,5,7,Seek
45,Current employee,Non-Travel,589,Sales,2,4,Life Sciences,1,21011,144466,3,Female,67,3,2,Sales Executive,3,Married,5154,19665,4,Y,No,22,3,2,80,2,10,3,4,8,7,5,7,Seek
45,Current employee,Non-Travel,589,Sales,2,4,Life Sciences,1,21013,144468,3,Female,67,3,2,Sales Executive,3,Married,5154,19665,4,Y,No,22,3,2,80,2,10,3,4,8,7,5,7,Seek
45,Current employee,Non-Travel,589,Sales,2,4,Life Sciences,1,21017,144472,3,Female,67,3,2,Sales Executive,3,Married,5154,19665,4,Y,No,22,4,2,80,2,10,3,4,8,7,5,7,Seek
45,Current employee,Travel_Rarely,1329,Research & Development,2,2,Other,1,21131,144586,4,Male,95,3,3,Manufacturing Director,4,Divorced,8578,19989,3,Y,No,14,3,3,80,1,12,4,2,9,8,4,7,LinkedIn
45,Current employee,Travel_Rarely,1329,Research & Development,2,2,Life Sciences,1,21133,144588,4,Male,95,3,3,Manufacturing Director,4,Divorced,8578,19989,1,Y,No,14,4,3,80,1,12,4,2,9,8,4,7,LinkedIn
45,Current employee,Travel_Rarely,1329,Research & Development,2,2,Other,1,21134,144589,4,Male,95,3,3,Manufacturing Director,4,Divorced,8578,19989,3,Y,No,14,3,3,80,1,12,4,2,9,8,4,7,LinkedIn
45,Current employee,Travel_Rarely,1329,Research & Development,2,2,Life Sciences,1,21135,144590,4,Male,95,3,3,Manufacturing Director,4,Divorced,8578,19989,1,Y,No,14,3,3,80,1,12,4,2,9,8,4,7,LinkedIn
45,Current employee,Travel_Rarely,1329,Research & Development,2,2,Other,1,21139,144594,4,Male,95,3,3,Manufacturing Director,4,Divorced,8578,19989,3,Y,No,14,3,3,80,1,12,4,2,9,8,4,7,LinkedIn
45,Current employee,Travel_Rarely,1329,Research & Development,2,2,Life Sciences,1,21141,144596,4,Male,95,3,3,Manufacturing Director,4,Divorced,8578,19989,1,Y,No,14,4,3,80,1,12,4,2,9,8,4,7,LinkedIn
45,Current employee,Travel_Rarely,1329,Research & Development,2,2,Other,1,21142,144597,4,Male,95,3,3,Manufacturing Director,4,Divorced,8578,19989,3,Y,No,14,3,3,80,1,12,4,2,9,8,4,7,LinkedIn
45,Current employee,Travel_Rarely,1329,Research & Development,2,2,Life Sciences,1,21143,144598,4,Male,95,3,3,Manufacturing Director,4,Divorced,8578,19989,1,Y,No,14,3,3,80,1,12,4,2,9,8,4,7,LinkedIn
45,Current employee,Travel_Rarely,556,Research & Development,25,2,Life Sciences,1,21512,144967,2,Female,31,2,2,Manufacturing Director,4,Married,5906,23888,0,Y,No,13,3,4,80,2,10,2,2,9,8,3,8,Seek
45,Current employee,Travel_Rarely,556,Research & Development,25,2,Technical Degree,1,21515,144970,2,Female,31,2,2,Manufacturing Director,4,Married,5906,23888,1,Y,No,13,3,4,80,2,10,2,2,9,8,3,8,Seek
45,Current employee,Travel_Rarely,556,Research & Development,25,2,Life Sciences,1,21518,144973,2,Female,31,2,2,Manufacturing Director,4,Married,5906,23888,0,Y,No,13,3,4,80,2,10,2,2,9,8,3,8,Seek
45,Current employee,Travel_Rarely,556,Research & Development,25,2,Technical Degree,1,21519,144974,2,Female,31,2,2,Manufacturing Director,4,Married,5906,23888,1,Y,No,13,3,4,80,2,10,2,2,9,8,3,8,Seek
45,Current employee,Travel_Rarely,556,Research & Development,25,2,Life Sciences,1,21520,144975,2,Female,31,2,2,Manufacturing Director,4,Married,5906,23888,0,Y,No,13,3,4,80,2,10,2,2,9,8,3,8,Seek
45,Current employee,Travel_Rarely,556,Research & Development,25,2,Technical Degree,1,21523,144978,2,Female,31,2,2,Manufacturing Director,4,Married,5906,23888,1,Y,No,13,3,4,80,2,10,2,2,9,8,3,8,Seek
45,Current employee,Travel_Rarely,556,Research & Development,25,2,Life Sciences,1,21526,144981,2,Female,31,2,2,Manufacturing Director,4,Married,5906,23888,0,Y,No,13,3,4,80,2,10,2,2,9,8,3,8,Seek
45,Current employee,Travel_Rarely,556,Research & Development,25,2,Technical Degree,1,21527,144982,2,Female,31,2,2,Manufacturing Director,4,Married,5906,23888,1,Y,No,13,3,4,80,2,10,2,2,9,8,3,8,Seek
45,Current employee,Travel_Frequently,1297,Research & Development,1,4,Medical,1,21774,145229,2,Male,32,3,2,Healthcare Representative,3,Single,5399,14511,4,Y,No,12,3,3,80,0,12,3,3,4,2,0,3,Seek
45,Current employee,Travel_Frequently,1297,Research & Development,1,4,Life Sciences,1,21776,145231,2,Male,32,3,2,Healthcare Representative,3,Single,5399,14511,0,Y,No,12,3,3,80,0,12,3,3,4,2,0,3,Seek
45,Current employee,Travel_Frequently,1297,Research & Development,1,4,Medical,1,21780,145235,2,Male,32,3,2,Healthcare Representative,3,Single,5399,14511,4,Y,No,12,3,3,80,0,12,3,3,4,2,0,3,Seek
45,Current employee,Travel_Frequently,1297,Research & Development,1,4,Life Sciences,1,21781,145236,2,Male,32,3,2,Healthcare Representative,3,Single,5399,14511,0,Y,No,12,3,3,80,0,12,3,3,4,2,0,3,Seek
45,Current employee,Travel_Frequently,1297,Research & Development,1,4,Medical,1,21782,145237,2,Male,32,3,2,Healthcare Representative,3,Single,5399,14511,4,Y,No,12,3,3,80,0,12,3,3,4,2,0,3,Seek
45,Current employee,Travel_Frequently,1297,Research & Development,1,4,Life Sciences,1,21784,145239,2,Male,32,3,2,Healthcare Representative,3,Single,5399,14511,0,Y,No,12,3,3,80,0,12,3,3,4,2,0,3,Seek
45,Current employee,Travel_Frequently,1297,Research & Development,1,4,Medical,1,21788,145243,2,Male,32,3,2,Healthcare Representative,3,Single,5399,14511,4,Y,No,12,3,3,80,0,12,3,3,4,2,0,3,Seek
45,Current employee,Travel_Frequently,1297,Research & Development,1,4,Life Sciences,1,21789,145244,2,Male,32,3,2,Healthcare Representative,3,Single,5399,14511,0,Y,No,12,3,3,80,0,12,3,3,4,2,0,3,Seek
45,Current employee,Travel_Rarely,1385,Research & Development,9,2,Medical,1,21954,145409,1,Male,32,3,2,Manufacturing Director,1,Married,5151,12315,0,Y,No,13,3,2,80,1,15,5,3,14,10,4,10,Company Website
45,Current employee,Travel_Frequently,364,Research & Development,9,2,Medical,1,21955,145410,1,Male,32,3,2,Manufacturing Director,1,Married,5151,12315,4,Y,No,17,3,1,80,0,10,2,3,10,8,3,7,LinkedIn
45,Current employee,Travel_Rarely,954,Sales,2,2,Technical Degree,1,22198,145653,4,Female,97,3,2,Healthcare Representative,4,Divorced,6667,16542,5,Y,No,18,4,2,80,1,9,6,3,5,1,1,2,GlassDoor
45,Current employee,Travel_Rarely,954,Sales,2,2,Life Sciences,1,22199,145654,4,Female,97,3,2,Healthcare Representative,4,Divorced,6667,16542,0,Y,No,18,3,2,80,1,9,6,3,5,1,1,2,GlassDoor
45,Current employee,Travel_Rarely,954,Sales,2,2,Technical Degree,1,22203,145658,4,Female,97,3,2,Healthcare Representative,4,Divorced,6667,16542,5,Y,No,18,3,2,80,1,9,6,3,5,1,1,2,GlassDoor
45,Current employee,Travel_Rarely,954,Sales,2,2,Life Sciences,1,22204,145659,4,Female,97,3,2,Healthcare Representative,4,Divorced,6667,16542,0,Y,No,18,3,2,80,1,9,6,3,5,1,1,2,GlassDoor
45,Current employee,Travel_Rarely,954,Sales,2,2,Technical Degree,1,22206,145661,4,Female,97,3,2,Healthcare Representative,4,Divorced,6667,16542,5,Y,No,18,4,2,80,1,9,6,3,5,1,1,2,GlassDoor
45,Current employee,Travel_Rarely,954,Sales,2,2,Life Sciences,1,22207,145662,4,Female,97,3,2,Healthcare Representative,4,Divorced,6667,16542,0,Y,No,18,3,2,80,1,9,6,3,5,1,1,2,GlassDoor
45,Current employee,Travel_Rarely,954,Sales,2,2,Technical Degree,1,22211,145666,4,Female,97,3,2,Healthcare Representative,4,Divorced,6667,16542,5,Y,No,18,3,2,80,1,9,6,3,5,1,1,2,GlassDoor
45,Current employee,Travel_Rarely,954,Sales,2,2,Life Sciences,1,22212,145667,4,Female,97,3,2,Healthcare Representative,4,Divorced,6667,16542,0,Y,No,18,3,2,80,1,9,6,3,5,1,1,2,GlassDoor
45,Current employee,Travel_Rarely,1448,Research & Development,29,3,Technical Degree,1,22839,146294,4,Male,99,2,1,Sales Representative,2,Married,2269,18024,0,Y,No,14,3,2,80,1,3,2,3,2,2,2,2,Seek
45,Current employee,Travel_Rarely,1448,Research & Development,29,3,Technical Degree,1,22841,146296,4,Male,99,2,1,Sales Representative,2,Married,2269,18024,9,Y,No,14,3,2,80,1,3,2,3,2,2,2,2,Seek
45,Current employee,Travel_Rarely,1448,Research & Development,29,3,Technical Degree,1,22844,146299,4,Male,99,2,1,Sales Representative,2,Married,2269,18024,0,Y,No,14,3,2,80,1,3,2,3,2,2,2,2,Seek
45,Current employee,Travel_Rarely,1448,Research & Development,29,3,Technical Degree,1,22845,146300,4,Male,99,2,1,Sales Representative,2,Married,2269,18024,9,Y,No,14,3,2,80,1,3,2,3,2,2,2,2,Seek
45,Current employee,Travel_Rarely,1448,Research & Development,29,3,Technical Degree,1,22847,146302,4,Male,99,2,1,Sales Representative,2,Married,2269,18024,0,Y,No,14,3,2,80,1,3,2,3,2,2,2,2,Seek
45,Current employee,Travel_Rarely,1448,Research & Development,29,3,Technical Degree,1,22849,146304,4,Male,99,2,1,Sales Representative,2,Married,2269,18024,9,Y,No,14,3,2,80,1,3,2,3,2,2,2,2,Seek
45,Current employee,Travel_Rarely,1448,Research & Development,29,3,Technical Degree,1,22852,146307,4,Male,99,2,1,Sales Representative,2,Married,2269,18024,0,Y,No,14,3,2,80,1,3,2,3,2,2,2,2,Seek
45,Current employee,Travel_Rarely,1448,Research & Development,29,3,Technical Degree,1,22853,146308,4,Male,99,2,1,Sales Representative,2,Married,2269,18024,9,Y,No,14,3,2,80,1,3,2,3,2,2,2,2,Seek
45,Current employee,Travel_Rarely,950,Research & Development,28,3,Technical Degree,1,22985,146440,4,Male,99,3,5,Manager,4,Single,19431,15302,2,Y,No,13,4,3,80,0,21,3,2,6,0,1,3,Adzuna
45,Current employee,Travel_Rarely,950,Research & Development,28,3,Technical Degree,1,22987,146442,4,Male,99,3,5,Manager,4,Single,19431,15302,1,Y,No,13,3,3,80,0,21,3,2,6,0,1,3,Adzuna
45,Current employee,Travel_Rarely,950,Research & Development,28,3,Technical Degree,1,22990,146445,4,Male,99,3,5,Manager,4,Single,19431,15302,2,Y,No,13,3,3,80,0,21,3,2,6,0,1,3,Adzuna
45,Current employee,Travel_Rarely,950,Research & Development,28,3,Technical Degree,1,22991,146446,4,Male,99,3,5,Manager,4,Single,19431,15302,1,Y,No,13,3,3,80,0,21,3,2,6,0,1,3,Adzuna
45,Current employee,Travel_Rarely,950,Research & Development,28,3,Technical Degree,1,22993,146448,4,Male,99,3,5,Manager,4,Single,19431,15302,2,Y,No,13,4,3,80,0,21,3,2,6,0,1,3,Adzuna
45,Current employee,Travel_Rarely,950,Research & Development,28,3,Technical Degree,1,22995,146450,4,Male,99,3,5,Manager,4,Single,19431,15302,1,Y,No,13,3,3,80,0,21,3,2,6,0,1,3,Adzuna
45,Current employee,Travel_Rarely,950,Research & Development,28,3,Technical Degree,1,22997,146452,4,Male,99,3,5,Manager,4,Single,19431,15302,2,Y,No,13,3,3,80,0,21,3,2,6,0,1,3,Adzuna
45,Current employee,Travel_Rarely,950,Research & Development,28,3,Technical Degree,1,22998,146453,4,Male,99,3,5,Manager,4,Single,19431,15302,1,Y,No,13,3,3,80,0,21,3,2,6,0,1,3,Adzuna
45,Current employee,Travel_Rarely,538,Research & Development,1,4,Technical Degree,1,23016,146471,4,Female,99,2,3,Sales Executive,4,Married,7644,12695,0,Y,No,19,3,3,80,2,10,2,3,9,7,3,4,Company Website
45,Current employee,Travel_Rarely,538,Research & Development,1,4,,1,23017,146472,4,Female,99,2,,Sales Executive,4,Married,7644,12695,4,Y,No,19,3,3,80,2,10,2,3,9,7,3,4,Company Website
45,Current employee,Travel_Rarely,538,Research & Development,1,4,Technical Degree,1,23021,146476,4,Female,99,2,3,Sales Executive,4,Married,7644,12695,0,Y,No,19,3,3,80,2,10,2,3,9,7,3,4,Company Website
45,Current employee,Travel_Rarely,538,Research & Development,1,4,Life Sciences,1,23022,146477,4,Female,99,2,3,Sales Executive,4,Married,7644,12695,4,Y,No,19,3,3,80,2,10,2,3,9,7,3,4,Company Website
45,Current employee,Travel_Rarely,538,Research & Development,1,4,Technical Degree,1,23024,146479,4,Female,99,2,3,Sales Executive,4,Married,7644,12695,0,Y,No,19,3,3,80,2,10,2,3,9,7,3,4,Company Website
45,Current employee,Travel_Rarely,538,Research & Development,1,4,Life Sciences,1,23025,146480,4,Female,99,2,3,Sales Executive,4,Married,7644,12695,4,Y,No,19,3,3,80,2,10,2,3,9,7,3,4,Company Website
45,Current employee,Travel_Rarely,538,Research & Development,1,4,Technical Degree,1,23029,146484,4,Female,99,2,3,Sales Executive,4,Married,7644,12695,0,Y,No,19,3,3,80,2,10,2,3,9,7,3,4,Company Website
45,Current employee,Travel_Rarely,1005,Research & Development,28,2,Technical Degree,1,23155,146610,4,Male,99,2,2,Sales Executive,2,Divorced,8938,12227,2,Y,No,11,3,3,80,1,14,5,3,5,4,0,4,Adzuna
45,Current employee,Travel_Rarely,1005,Research & Development,28,2,Technical Degree,1,23157,146612,4,Male,99,2,2,Sales Executive,2,Divorced,8938,12227,8,Y,No,11,3,3,80,1,14,5,3,5,4,0,4,Adzuna
45,Current employee,Travel_Rarely,1005,Research & Development,28,2,Technical Degree,1,23160,146615,4,Male,99,2,2,Sales Executive,2,Divorced,8938,12227,2,Y,No,11,3,3,80,1,14,5,3,5,4,0,4,Adzuna
45,Current employee,Travel_Rarely,1005,Research & Development,28,2,Technical Degree,1,23161,146616,4,Male,99,2,2,Sales Executive,2,Divorced,8938,12227,8,Y,No,11,3,3,80,1,14,5,3,5,4,0,4,Adzuna
45,Current employee,Travel_Rarely,1005,Research & Development,28,2,Technical Degree,1,23163,146618,4,Male,99,2,2,Sales Executive,2,Divorced,8938,12227,2,Y,No,11,3,3,80,1,14,5,3,5,4,0,4,Adzuna
45,Current employee,Travel_Rarely,1005,Research & Development,28,2,Technical Degree,1,23165,,4,Male,99,2,2,Sales Executive,2,Divorced,8938,12227,8,Y,No,11,3,3,80,1,14,5,3,5,4,0,4,Adzuna
45,Current employee,Travel_Rarely,1005,Research & Development,28,2,Technical Degree,1,23168,146623,4,Male,99,2,2,Sales Executive,2,Divorced,8938,12227,2,Y,No,11,3,3,80,1,14,5,3,5,4,0,4,Adzuna
45,Current employee,Travel_Rarely,1005,Research & Development,28,2,Technical Degree,1,23169,146624,4,Male,99,2,2,Sales Executive,2,Divorced,8938,12227,8,Y,No,11,3,3,80,1,14,5,3,5,4,0,4,Adzuna
45,Current employee,Travel_Rarely,374,Sales,20,3,Life Sciences,1,23252,146707,4,Female,36,3,2,Sales Executive,3,Single,4850,23333,8,Y,No,15,3,3,80,0,8,3,3,5,3,0,1,Company Website
45,Current employee,Travel_Rarely,374,Sales,20,3,Medical,1,23255,146710,4,Female,36,3,2,Sales Executive,3,Single,4850,23333,7,Y,No,15,3,3,80,0,8,3,3,5,3,0,1,Company Website
45,Current employee,Travel_Rarely,374,Sales,20,3,Life Sciences,1,23258,146713,4,Female,36,3,2,Sales Executive,3,Single,4850,23333,8,Y,No,15,3,3,80,0,8,3,3,5,3,0,1,Company Website
45,Current employee,Travel_Rarely,374,Sales,20,3,Medical,1,23259,146714,4,Female,36,3,2,Sales Executive,3,Single,4850,23333,7,Y,No,15,3,3,80,0,8,3,3,5,3,0,1,Company Website
45,Current employee,Travel_Rarely,374,Sales,20,3,Life Sciences,1,23260,146715,4,Female,36,3,2,Sales Executive,3,Single,4850,23333,8,Y,No,15,3,3,80,0,8,3,3,5,3,0,1,Company Website
45,Current employee,Travel_Rarely,374,Sales,20,3,Medical,1,23263,146718,4,Female,36,3,2,Sales Executive,3,Single,4850,23333,7,Y,No,15,3,3,80,0,8,3,3,5,3,0,1,Company Website
45,Current employee,Travel_Rarely,374,Sales,20,3,Life Sciences,1,23266,146721,4,Female,36,3,2,Sales Executive,3,Single,4850,23333,8,Y,No,15,3,3,80,0,8,3,3,5,3,0,1,Company Website
45,Current employee,Travel_Rarely,374,Sales,20,3,Medical,1,23267,146722,4,Female,36,3,2,Sales Executive,3,Single,4850,23333,7,Y,No,15,3,3,80,0,8,3,3,5,3,0,1,Company Website
38,Voluntary Resignation,Travel_Rarely,1180,Research & Development,29,1,Medical,1,3347,126802,2,Male,70,3,2,Healthcare Representative,1,Married,6673,11354,7,Y,Yes,19,3,2,80,0,17,2,3,1,0,0,0,Company Website
38,Voluntary Resignation,Travel_Rarely,1180,Research & Development,29,1,Technical Degree,1,3350,126805,2,Male,70,3,2,Healthcare Representative,1,Married,6673,11354,0,Y,Yes,19,3,2,80,0,17,2,3,1,0,0,0,Company Website
38,Voluntary Resignation,Travel_Rarely,1180,Research & Development,29,1,Medical,1,3353,126808,2,Male,70,3,2,Healthcare Representative,1,Married,6673,11354,7,Y,Yes,19,3,2,80,0,17,2,3,1,0,0,0,Company Website
38,Voluntary Resignation,Travel_Rarely,1180,Research & Development,29,1,Technical Degree,1,3354,126809,2,Male,70,3,2,Healthcare Representative,1,Married,6673,11354,0,Y,Yes,19,3,2,80,0,17,2,3,1,0,0,0,Company Website
38,Voluntary Resignation,Travel_Rarely,1180,Research & Development,29,1,Medical,1,3355,126810,2,Male,70,3,2,Healthcare Representative,1,Married,6673,11354,7,Y,Yes,19,3,2,80,0,17,2,3,1,0,0,0,Company Website
38,Voluntary Resignation,Travel_Rarely,1180,Research & Development,29,1,Technical Degree,1,3358,126813,2,Male,70,3,2,Healthcare Representative,1,Married,6673,11354,0,Y,Yes,19,3,2,80,0,17,2,3,1,0,0,0,Company Website
38,Voluntary Resignation,Travel_Rarely,1180,Research & Development,29,1,Medical,1,3361,126816,2,Male,70,3,2,Healthcare Representative,1,Married,6673,11354,7,Y,Yes,19,3,2,80,0,17,2,3,1,0,0,0,Company Website
38,Voluntary Resignation,Travel_Rarely,1180,Research & Development,29,1,Technical Degree,1,3362,126817,2,Male,70,3,2,Healthcare Representative,1,Married,6673,11354,0,Y,Yes,19,3,2,80,0,17,2,3,1,0,0,0,Company Website
38,Voluntary Resignation,Travel_Rarely,1180,Research & Development,29,1,Medical,1,13817,137272,3,Male,75,1,1,Research Scientist,3,Single,2290,4279,2,Y,No,13,3,4,80,0,6,3,3,0,0,0,0,Recruit.net
38,Voluntary Resignation,Travel_Rarely,1180,Research & Development,29,1,Technical Degree,1,13819,137274,3,Male,75,1,1,Research Scientist,3,Single,2290,4279,4,Y,No,13,3,4,80,0,6,3,3,0,0,0,0,Recruit.net
38,Voluntary Resignation,Travel_Rarely,1180,Research & Development,29,1,Medical,1,13820,137275,3,Male,75,1,1,Research Scientist,3,Single,2290,4279,2,Y,No,13,3,4,80,0,6,3,3,0,0,0,0,Recruit.net
38,Voluntary Resignation,Travel_Rarely,1180,Research & Development,29,1,Technical Degree,1,13821,137276,3,Male,75,1,1,Research Scientist,3,Single,2290,4279,4,Y,No,13,3,4,80,0,6,3,3,0,0,0,0,Recruit.net
38,Voluntary Resignation,Travel_Rarely,1180,Research & Development,29,1,Medical,1,13825,137280,3,Male,75,1,1,Research Scientist,3,Single,2290,4279,2,Y,No,13,3,4,80,0,6,3,3,0,0,0,0,Recruit.net
38,Voluntary Resignation,Travel_Rarely,1180,Research & Development,29,1,Technical Degree,1,13827,137282,3,Male,75,1,1,Research Scientist,3,Single,2290,4279,4,Y,No,13,3,4,80,0,6,3,3,0,0,0,0,Recruit.net
38,Voluntary Resignation,Travel_Rarely,1180,Research & Development,29,1,Medical,1,13828,137283,3,Male,75,1,1,Research Scientist,3,Single,2290,4279,2,Y,No,13,3,4,80,0,6,3,3,0,0,0,0,Recruit.net
38,Voluntary Resignation,Travel_Rarely,1180,Research & Development,29,1,Technical Degree,1,13411,137284,3,Male,75,1,1,Research Scientist,3,Single,2290,4279,4,Y,No,13,3,4,80,0,6,3,3,0,0,0,0,Recruit.net
38,Voluntary Resignation,Travel_Rarely,903,Research & Development,2,3,Medical,1,17793,141248,3,Male,81,3,2,Manufacturing Director,2,Married,4855,7653,4,Y,No,11,3,1,80,2,7,2,3,5,2,1,4,Jora
38,Voluntary Resignation,Travel_Rarely,903,Research & Development,2,3,Life Sciences,1,17795,141250,3,Male,81,3,2,Manufacturing Director,2,Married,4855,7653,1,Y,No,11,3,1,80,2,7,2,3,5,2,1,4,Jora
38,Voluntary Resignation,Travel_Rarely,903,Research & Development,2,3,Medical,1,17797,141252,3,Male,81,3,2,Manufacturing Director,2,Married,4855,7653,4,Y,No,11,3,1,80,2,7,2,3,5,2,1,4,Jora
38,Voluntary Resignation,Travel_Rarely,903,Research & Development,2,3,Life Sciences,1,17798,141253,3,Male,81,3,2,Manufacturing Director,2,Married,4855,7653,1,Y,No,11,3,1,80,2,7,2,3,5,2,1,4,Jora
38,Voluntary Resignation,Travel_Rarely,903,Research & Development,2,3,Medical,1,17801,141256,3,Male,81,3,2,Manufacturing Director,2,Married,4855,7653,4,Y,No,11,3,1,80,2,7,2,3,5,2,1,4,Jora
38,Voluntary Resignation,Travel_Rarely,903,Research & Development,2,3,Life Sciences,1,17802,141257,3,Male,81,3,2,Manufacturing Director,2,Married,4855,7653,1,Y,No,11,3,1,80,2,7,2,3,5,2,1,4,Jora
38,Voluntary Resignation,Travel_Rarely,903,Research & Development,2,3,Medical,1,17804,141259,3,Male,81,3,2,Manufacturing Director,2,Married,4855,7653,4,Y,No,11,3,1,80,2,7,2,3,5,2,1,4,Jora
38,Voluntary Resignation,Travel_Rarely,903,Research & Development,2,3,Life Sciences,1,17805,141260,3,Male,81,3,2,Manufacturing Director,2,Married,4855,7653,1,Y,No,11,3,1,80,2,7,2,3,5,2,1,4,Jora
38,Voluntary Resignation,Travel_Rarely,903,Research & Development,2,3,Medical,1,18172,141627,4,Female,86,2,1,Research Scientist,3,Married,2814,10293,1,Y,Yes,14,4,2,80,0,4,2,2,4,,1,3,Indeed
38,Voluntary Resignation,Travel_Rarely,903,Research & Development,2,3,Life Sciences,1,18173,141628,4,Female,86,2,1,Research Scientist,3,Married,2814,10293,2,Y,Yes,14,3,2,80,0,4,2,2,4,2,1,3,Indeed
38,Voluntary Resignation,Travel_Rarely,903,Research & Development,2,3,Medical,1,18177,141632,4,Female,86,2,1,Research Scientist,3,Married,2814,10293,1,Y,Yes,14,3,2,80,0,4,2,2,4,2,1,3,Indeed
38,Voluntary Resignation,Travel_Rarely,903,Research & Development,2,3,Life Sciences,1,18178,141633,4,Female,86,2,1,Research Scientist,3,Married,2814,10293,2,Y,Yes,14,3,2,80,0,4,2,2,4,2,1,3,Indeed
38,Voluntary Resignation,Travel_Rarely,903,Research & Development,2,3,Medical,1,18179,141634,4,Female,86,2,1,Research Scientist,3,Married,2814,10293,1,Y,Yes,14,4,2,80,0,4,2,2,4,2,1,3,Indeed
38,Voluntary Resignation,Travel_Rarely,903,Research & Development,2,3,Life Sciences,1,18180,141635,4,Female,86,2,1,Research Scientist,3,Married,2814,10293,2,Y,Yes,14,3,2,80,0,4,2,2,4,2,1,3,Indeed
38,Voluntary Resignation,Travel_Rarely,903,Research & Development,2,3,Medical,1,18184,141639,4,Female,86,2,1,Research Scientist,3,Married,2814,10293,1,Y,Yes,14,3,2,80,0,4,2,2,4,2,1,3,Indeed
38,Current employee,Travel_Frequently,216,Research & Development,23,3,Life Sciences,1,163,123618,4,Male,44,2,3,Manufacturing Director,3,Single,9526,8787,0,Y,No,21,3,2,80,0,10,2,3,9,7,1,8,Seek
38,Current employee,Travel_Frequently,216,Research & Development,23,3,Other,1,166,123621,4,Male,44,2,3,Manufacturing Director,3,Single,9526,8787,1,Y,No,21,4,2,80,0,10,2,3,9,7,1,8,Seek
38,Current employee,Travel_Frequently,216,Research & Development,23,3,Life Sciences,1,167,123622,4,Male,44,2,3,Manufacturing Director,3,Single,9526,8787,0,Y,No,21,4,2,80,0,10,2,3,9,7,1,8,Seek
38,Current employee,Travel_Frequently,216,Research & Development,23,3,Other,1,168,123623,4,Male,44,2,3,Manufacturing Director,3,Single,9526,8787,1,Y,No,21,4,2,80,0,10,2,3,9,7,1,8,Seek
38,Current employee,Travel_Frequently,216,Research & Development,23,3,Life Sciences,1,171,123626,4,Male,44,2,3,Manufacturing Director,3,Single,9526,8787,0,Y,No,21,3,2,80,0,10,2,3,9,7,1,8,Seek
38,Current employee,Travel_Frequently,216,Research & Development,23,3,Life Sciences,1,172,123627,2,Male,66,3,2,Research Scientist,2,Married,6220,7346,1,Y,No,17,3,2,80,2,10,3,3,10,4,0,9,Recruit.net
38,Current employee,Travel_Frequently,216,Research & Development,23,3,Life Sciences,1,175,123630,3,Male,53,3,1,Laboratory Technician,4,Married,2097,16734,4,Y,No,15,3,3,80,1,9,3,1,5,3,1,4,Indeed
38,Current employee,Travel_Frequently,216,Research & Development,23,3,Other,1,181,123636,4,Male,44,2,3,Manufacturing Director,3,Single,9526,8787,1,Y,No,21,4,2,80,0,10,2,3,9,7,1,8,Seek
38,Current employee,Travel_Frequently,216,Research & Development,23,3,Life Sciences,1,182,123637,4,Male,31,2,2,Human Resources,4,Single,3886,4223,0,Y,No,21,4,2,80,0,10,2,3,9,7,1,8,Seek
38,Current employee,Travel_Frequently,216,Research & Development,23,3,Other,1,183,123638,4,Male,44,2,3,Manufacturing Director,3,Single,9526,8787,1,Y,No,21,4,2,80,0,10,2,3,9,7,1,8,Seek
38,Current employee,Travel_Rarely,849,Research & Development,25,2,Life Sciences,1,208,123663,3,Male,94,3,2,Healthcare Representative,3,Married,5237,16577,1,Y,No,13,3,1,80,1,10,1,3,10,7,0,9,Company Website
38,Current employee,Travel_Rarely,433,Human Resources,1,3,Human Resources,1,263,123718,1,Male,38,3,1,Research Scientist,3,Divorced,2911,15170,1,Y,No,17,3,4,80,1,5,1,2,5,2,4,3,Seek
38,Current employee,Travel_Rarely,433,Human Resources,1,3,Life Sciences,1,264,123719,1,Male,38,3,1,Research Scientist,3,Divorced,2911,15170,2,Y,No,17,3,4,80,1,5,1,2,5,2,4,3,Seek
38,Current employee,Travel_Rarely,433,Human Resources,1,3,Human Resources,1,268,123723,1,Male,38,3,1,Research Scientist,3,Divorced,2911,15170,1,Y,No,17,3,4,80,1,5,1,2,5,2,4,3,Seek
38,Current employee,Travel_Rarely,433,Human Resources,1,3,Life Sciences,1,269,123724,1,Male,38,3,1,Research Scientist,3,Divorced,2911,15170,2,Y,No,17,3,4,80,1,5,1,2,5,2,4,3,Seek
38,Current employee,Travel_Rarely,433,Human Resources,1,3,Human Resources,1,276,123731,1,Male,38,3,1,Research Scientist,3,Divorced,2911,15170,1,Y,No,17,3,4,80,1,5,1,2,5,2,4,3,Seek
38,Current employee,Travel_Rarely,433,Human Resources,1,3,Life Sciences,1,279,123734,1,Male,38,3,1,Research Scientist,3,Divorced,2911,15170,2,Y,No,17,3,4,80,1,5,1,2,5,2,4,3,Seek
38,Current employee,Travel_Rarely,433,Human Resources,1,3,Human Resources,1,283,123738,1,Male,38,3,1,Research Scientist,3,Divorced,2911,15170,1,Y,No,17,3,4,80,1,5,1,2,5,2,4,3,Seek
38,Current employee,Travel_Rarely,433,Human Resources,1,3,Life Sciences,1,284,123739,1,Male,38,3,1,Research Scientist,3,Divorced,2911,15170,2,Y,No,17,3,4,80,1,5,1,2,5,2,4,3,Seek
38,Current employee,Travel_Rarely,433,Human Resources,1,3,Human Resources,1,285,123740,1,Female,86,2,1,Research Scientist,3,Married,2814,10293,2,Y,Yes,14,3,2,80,0,4,2,2,4,2,1,3,Indeed
38,Current employee,Travel_Rarely,433,Human Resources,1,3,Human Resources,1,286,123741,1,Male,70,3,2,Laboratory Technician,2,Single,6782,8770,1,Y,No,15,3,3,80,0,9,2,2,5,4,0,3,Jora
38,Current employee,Travel_Frequently,888,Human Resources,10,4,Human Resources,1,334,123789,1,Female,38,4,3,Manufacturing Director,1,Divorced,9980,10195,1,Y,No,11,3,3,80,1,10,1,3,10,9,8,8,Company Website
38,Current employee,Travel_Frequently,888,Human Resources,10,4,Medical,1,335,123790,1,Female,38,4,3,Manufacturing Director,1,Divorced,9980,10195,1,Y,No,11,3,3,80,1,10,1,3,10,9,8,8,Company Website
38,Current employee,Travel_Frequently,888,Human Resources,10,4,Human Resources,1,339,123794,1,Female,38,4,3,Manufacturing Director,1,Divorced,9980,10195,1,Y,No,11,3,3,80,1,10,1,3,10,9,8,8,Company Website
38,Current employee,Travel_Frequently,888,Human Resources,10,4,Medical,1,340,123795,1,Female,38,4,3,Manufacturing Director,1,Divorced,9980,10195,1,Y,No,11,3,3,80,1,10,1,3,10,9,8,8,Company Website
38,Current employee,Travel_Frequently,888,Human Resources,10,4,Human Resources,1,347,123802,1,Female,38,4,3,Manufacturing Director,1,Divorced,9980,10195,1,Y,No,11,3,3,80,1,10,1,3,10,9,8,8,Company Website
38,Current employee,Travel_Frequently,888,Human Resources,10,4,Medical,1,350,123805,1,Female,38,4,3,Manufacturing Director,1,Divorced,9980,10195,1,Y,No,11,3,3,80,1,10,1,3,10,9,8,8,Company Website
38,Current employee,Travel_Frequently,888,Human Resources,10,4,Human Resources,1,354,123809,1,Female,38,4,3,Manufacturing Director,1,Divorced,9980,10195,1,Y,No,11,3,3,80,1,10,1,3,10,9,8,8,Company Website
38,Current employee,Travel_Frequently,888,Human Resources,10,4,Medical,1,355,123810,1,Female,38,4,3,Manufacturing Director,1,Divorced,9980,10195,1,Y,No,11,3,3,80,1,10,1,3,10,9,8,8,Company Website
38,Current employee,Travel_Frequently,888,Human Resources,10,4,Human Resources,1,356,123811,1,Female,88,4,1,Research Scientist,3,Married,3517,22490,2,Y,No,17,3,1,80,0,5,0,3,3,2,0,2,LinkedIn
38,Current employee,Travel_Frequently,888,Human Resources,10,4,Human Resources,1,357,123812,1,Female,87,3,1,Laboratory Technician,1,Married,3211,22102,1,Y,No,14,3,4,80,1,10,3,2,9,6,1,4,LinkedIn
38,Current employee,Travel_Rarely,362,Research & Development,1,1,Life Sciences,1,371,123826,1,Male,80,4,1,Research Scientist,2,Divorced,3298,15053,3,Y,No,17,3,4,80,0,8,3,2,0,0,0,0,Seek
38,Current employee,Travel_Rarely,371,Research & Development,2,3,Life Sciences,1,417,123872,4,,45,3,1,Research Scientist,4,Single,3944,4306,5,Y,Yes,11,3,3,80,0,6,3,3,3,2,1,2,Company Website
38,Current employee,Travel_Rarely,371,Research & Development,2,3,Life Sciences,1,422,123877,4,Male,45,3,1,Research Scientist,4,Single,3944,4306,5,Y,Yes,11,3,3,80,0,6,3,3,3,2,1,2,Company Website
38,Current employee,Travel_Rarely,371,Research & Development,2,3,Life Sciences,1,423,123878,4,Male,45,3,1,Research Scientist,4,Single,3944,4306,2,Y,Yes,11,3,3,80,0,6,3,3,3,2,1,2,Company Website
38,Current employee,Travel_Rarely,371,Research & Development,2,3,Life Sciences,1,424,123879,4,Male,45,3,1,Research Scientist,4,Single,3944,4306,5,Y,Yes,11,3,3,80,0,6,3,3,3,2,1,2,Company Website
38,Current employee,Travel_Rarely,371,Research & Development,2,3,Life Sciences,1,425,123880,1,Male,94,3,2,Manufacturing Director,2,Married,4325,17736,1,Y,No,15,3,3,80,0,5,2,3,5,2,1,3,GlassDoor
38,Current employee,Travel_Rarely,371,Research & Development,2,3,Life Sciences,1,426,123881,4,Male,46,1,1,Laboratory Technician,3,Single,4230,19225,0,Y,No,15,3,3,80,0,6,2,3,5,4,4,3,Indeed
38,Current employee,Travel_Rarely,371,Research & Development,2,3,Life Sciences,1,428,123883,4,Male,45,3,1,Research Scientist,4,Single,3944,4306,2,Y,Yes,11,3,3,80,0,6,3,3,3,2,1,2,Company Website
38,Current employee,Travel_Rarely,371,Research & Development,2,3,Life Sciences,1,432,123887,4,Male,41,3,2,Human Resources,2,Divorced,5021,10425,0,Y,Yes,22,4,3,80,0,6,3,3,3,2,1,2,Company Website
38,Current employee,Non-Travel,1336,Human Resources,2,3,Human Resources,1,434,123889,1,Female,38,4,2,Manufacturing Director,3,Divorced,4011,8232,0,Y,No,18,3,4,80,1,5,5,2,4,2,1,3,Indeed
38,Current employee,Non-Travel,1336,Human Resources,2,3,Life Sciences,1,435,123890,1,Female,38,4,2,Manufacturing Director,3,Divorced,4011,8232,1,Y,No,18,4,4,80,1,5,5,2,4,2,1,3,Indeed
38,Current employee,Non-Travel,1336,Human Resources,2,3,Human Resources,1,439,123894,1,Female,38,4,2,Manufacturing Director,3,Divorced,4011,8232,0,Y,No,18,3,4,80,1,5,5,2,4,2,1,3,Indeed
38,Current employee,Non-Travel,1336,Human Resources,2,3,Life Sciences,1,440,123895,1,Female,38,4,2,Manufacturing Director,3,Divorced,4011,8232,1,Y,No,18,3,4,80,1,5,5,2,4,2,1,3,Indeed
38,Current employee,Non-Travel,1336,Human Resources,2,3,Human Resources,1,444,123899,1,Female,38,4,2,Manufacturing Director,3,Divorced,4011,8232,0,Y,No,18,3,4,80,1,5,5,2,4,2,1,3,Indeed
38,Current employee,Non-Travel,1336,Human Resources,2,3,Life Sciences,1,445,123900,1,Female,38,4,2,Manufacturing Director,3,Divorced,4011,8232,1,Y,No,18,4,4,80,1,5,5,2,4,2,1,3,Indeed
38,Current employee,Non-Travel,1336,Human Resources,2,3,Human Resources,1,449,123904,1,Female,38,4,2,Manufacturing Director,3,Divorced,4011,8232,0,Y,No,18,3,4,80,1,5,5,2,4,2,1,3,Indeed
38,Current employee,Non-Travel,1336,Human Resources,2,3,Life Sciences,1,450,123905,1,Female,38,4,2,Manufacturing Director,3,Divorced,4011,8232,1,Y,No,18,3,4,80,1,5,5,2,4,2,1,3,Indeed
38,Current employee,Non-Travel,1336,Human Resources,2,3,Human Resources,1,451,123906,1,Male,88,3,2,Research Scientist,2,Divorced,5470,25518,2,Y,No,13,3,3,80,2,10,4,2,9,5,1,6,Jora
38,Current employee,Non-Travel,1336,Human Resources,2,3,Human Resources,1,452,123907,1,Female,82,2,1,Laboratory Technician,1,Single,3646,17181,1,Y,Yes,23,4,2,80,0,11,2,4,1,0,0,0,Adzuna
38,Current employee,Travel_Frequently,216,Research & Development,23,3,Life Sciences,1,644,124099,1,Male,39,2,1,Laboratory Technician,3,Single,2206,16117,1,Y,No,13,3,1,80,0,10,5,3,10,0,1,8,Company Website
38,Current employee,Travel_Frequently,216,Research & Development,23,3,Other,1,646,124101,1,Male,39,2,1,Laboratory Technician,3,Single,2206,16117,1,Y,No,13,3,1,80,0,10,5,3,10,0,1,8,Company Website
38,Current employee,Travel_Frequently,216,Research & Development,23,3,Life Sciences,1,649,124104,1,Male,39,2,1,Laboratory Technician,3,Single,2206,16117,1,Y,No,13,3,1,80,0,10,5,3,10,0,1,8,Company Website
38,Current employee,Travel_Frequently,216,Research & Development,23,3,Other,1,650,124105,1,Male,39,2,1,Laboratory Technician,3,Single,2206,16117,1,Y,No,13,3,1,80,0,10,5,3,10,0,1,8,Company Website
38,Current employee,Travel_Frequently,216,Research & Development,23,3,Life Sciences,1,652,124107,1,Male,39,2,1,Laboratory Technician,3,Single,2206,16117,1,Y,No,13,3,1,80,0,10,5,3,10,0,1,8,Company Website
38,Current employee,Travel_Frequently,216,Research & Development,23,3,Other,1,654,124109,1,Male,39,2,1,Laboratory Technician,3,Single,2206,16117,1,Y,No,13,3,1,80,0,10,5,3,10,0,1,8,Company Website
38,Current employee,Travel_Frequently,216,Research & Development,23,3,Life Sciences,1,657,124112,1,Male,39,2,1,Laboratory Technician,3,Single,2206,16117,1,Y,No,13,3,1,80,0,10,5,3,10,0,1,8,Company Website
38,Current employee,Travel_Frequently,216,Research & Development,23,3,Other,1,658,124113,1,Male,39,2,1,Laboratory Technician,3,Single,2206,16117,1,Y,No,13,3,1,80,0,10,5,3,10,0,1,8,Company Website
38,Current employee,Travel_Frequently,216,Research & Development,23,3,Life Sciences,1,659,124114,1,Female,32,3,2,Research Scientist,3,Single,4317,2302,2,Y,Yes,20,4,2,80,0,19,2,3,3,2,2,2,Indeed
38,Current employee,Travel_Frequently,216,Research & Development,23,3,Life Sciences,1,660,124115,1,Male,56,3,1,Laboratory Technician,3,Married,2093,9260,1,Y,No,17,3,4,80,1,8,4,3,2,2,2,0,Recruit.net
38,Current employee,Travel_Rarely,371,Research & Development,2,3,Life Sciences,1,758,124213,1,Female,39,4,2,Sales Executive,1,Married,5376,3193,2,Y,No,19,3,1,80,2,10,3,3,5,3,1,3,Recruit.net
38,Current employee,Travel_Rarely,371,Research & Development,2,3,Life Sciences,1,760,124215,1,Female,39,4,2,Sales Executive,1,Married,5376,3193,4,Y,No,19,3,1,80,2,10,3,3,5,3,1,3,Recruit.net
38,Current employee,Travel_Rarely,371,Research & Development,2,3,Life Sciences,1,763,124218,1,Female,39,4,2,Sales Executive,1,Married,5376,3193,2,Y,No,19,3,1,80,2,10,3,3,5,3,1,3,Recruit.net
38,Current employee,Travel_Rarely,371,Research & Development,2,3,Life Sciences,1,764,124219,1,Female,39,4,2,Sales Executive,1,Married,5376,3193,4,Y,No,19,3,1,80,2,10,3,3,5,3,1,3,Recruit.net
38,Current employee,Travel_Rarely,371,Research & Development,2,3,Life Sciences,1,766,124221,1,Female,39,4,2,Sales Executive,1,Married,5376,3193,2,Y,No,19,3,1,80,2,10,3,3,5,3,1,3,Recruit.net
38,Current employee,Travel_Rarely,371,Research & Development,2,3,Life Sciences,1,768,124223,1,Female,39,4,2,Sales Executive,1,Married,5376,3193,4,Y,No,19,3,1,80,2,10,3,3,5,3,1,3,Recruit.net
38,Current employee,Travel_Rarely,371,Research & Development,2,3,Life Sciences,1,771,124226,1,Female,39,4,2,Sales Executive,1,Married,5376,3193,2,Y,No,19,3,1,80,2,10,3,3,5,3,1,3,Recruit.net
38,Current employee,Travel_Rarely,371,Research & Development,2,3,Life Sciences,1,772,124227,1,Male,44,3,1,Research Scientist,3,Married,2821,2997,2,Y,No,16,3,1,80,1,8,2,3,2,2,2,2,Company Website
38,Current employee,Travel_Rarely,371,Research & Development,2,3,Life Sciences,1,773,124228,1,Female,39,4,2,Sales Executive,1,Married,5376,3193,4,Y,No,19,3,1,80,2,10,3,3,5,3,1,3,Recruit.net
38,Current employee,Travel_Rarely,371,Research & Development,2,3,Life Sciences,1,774,124229,1,Male,52,3,5,Manager,3,Divorced,19197,8213,1,Y,Yes,14,3,3,80,1,21,3,3,21,8,1,6,Indeed
38,Current employee,Travel_Frequently,653,Research & Development,29,5,Life Sciences,1,1032,124487,1,Male,40,3,3,Sales Executive,1,Married,9069,11031,1,Y,No,22,3,4,80,1,9,3,2,9,8,1,8,Seek
38,Current employee,Travel_Frequently,653,Research & Development,29,5,Technical Degree,1,1034,124489,1,Male,40,3,3,Sales Executive,1,Married,9069,11031,8,Y,No,22,3,4,80,1,9,3,2,9,8,1,8,Seek
38,Current employee,Travel_Frequently,653,Research & Development,29,5,Life Sciences,1,1037,124492,1,Male,40,3,3,Sales Executive,1,Married,9069,11031,1,Y,No,22,4,4,80,1,9,3,2,9,8,1,8,Seek
38,Current employee,Travel_Frequently,653,Research & Development,29,5,Technical Degree,1,1038,124493,1,Male,40,3,3,Sales Executive,1,Married,9069,11031,8,Y,No,22,4,4,80,1,9,3,2,9,8,1,8,Seek
38,Current employee,Travel_Frequently,653,Research & Development,29,5,Life Sciences,1,1040,124495,1,Male,40,3,3,Sales Executive,1,Married,9069,11031,1,Y,No,22,3,4,80,1,9,3,2,9,8,1,8,Seek
38,Current employee,Travel_Frequently,653,Research & Development,29,5,Technical Degree,1,1042,124497,1,Male,40,3,3,Sales Executive,1,Married,9069,11031,8,Y,No,22,3,4,80,1,9,3,2,9,8,1,8,Seek
38,Current employee,Travel_Frequently,653,Research & Development,29,5,Life Sciences,1,1045,124500,1,Male,40,3,3,Sales Executive,1,Married,9069,11031,1,Y,No,22,4,4,80,1,9,3,2,9,8,1,8,Seek
38,Current employee,Travel_Frequently,653,Research & Development,29,5,Life Sciences,1,1046,124501,1,Female,79,1,2,Research Scientist,4,Divorced,5329,15717,3,Y,Yes,12,3,4,80,3,17,3,3,13,11,1,9,Adzuna
38,Current employee,Travel_Frequently,653,Research & Development,29,5,Technical Degree,1,1047,124502,1,Male,40,3,3,Sales Executive,1,Married,9069,11031,8,Y,No,22,4,4,80,1,9,3,2,9,8,1,8,Seek
38,Current employee,Travel_Frequently,653,Research & Development,29,5,Life Sciences,1,1048,124503,1,Female,51,3,3,Manager,2,Married,11878,23364,1,Y,No,11,3,2,80,2,12,2,3,10,6,8,8,Company Website
38,Current employee,Travel_Frequently,653,Research & Development,29,5,Life Sciences,1,1113,124568,4,Female,50,3,2,Laboratory Technician,4,Single,2406,5456,1,Y,No,11,3,4,80,0,10,2,3,10,3,9,9,Company Website
38,Current employee,Travel_Frequently,653,Research & Development,29,5,Technical Degree,1,1116,124571,4,Female,50,3,2,Laboratory Technician,4,Single,2406,5456,1,Y,No,11,3,4,80,0,10,2,3,10,3,9,9,Company Website
38,Current employee,Travel_Frequently,653,Research & Development,29,5,Life Sciences,1,1119,124574,4,Female,50,3,2,Laboratory Technician,4,Single,2406,5456,1,Y,No,11,3,4,80,0,10,2,3,10,3,9,9,Company Website
38,Current employee,Travel_Frequently,653,Research & Development,29,5,Technical Degree,1,1120,124575,4,Female,50,3,2,Laboratory Technician,4,Single,2406,5456,1,Y,No,11,3,4,80,0,10,2,3,10,3,9,9,Company Website
38,Current employee,Travel_Frequently,653,Research & Development,29,5,Life Sciences,1,1121,124576,4,Female,50,3,2,Laboratory Technician,4,Single,2406,5456,1,Y,No,11,3,4,80,0,10,2,3,10,3,9,9,Company Website
38,Current employee,Travel_Frequently,653,Research & Development,29,5,Technical Degree,1,1124,124579,4,Female,50,3,2,Laboratory Technician,4,Single,2406,5456,1,Y,No,11,3,4,80,0,10,2,3,10,3,9,9,Company Website
38,Current employee,Travel_Frequently,653,Research & Development,29,5,Life Sciences,1,1127,124582,4,Female,77,2,1,Human Resources,1,Married,2342,8635,0,Y,No,21,4,4,80,0,10,2,3,10,3,9,9,Company Website
38,Current employee,Travel_Frequently,653,Research & Development,29,5,Technical Degree,1,1128,124583,4,Female,50,3,2,Laboratory Technician,4,Single,2406,5456,1,Y,No,11,3,4,80,0,10,2,3,10,3,9,9,Company Website
38,Current employee,Non-Travel,573,Research & Development,6,3,Medical,1,1451,124906,2,Female,79,1,2,Research Scientist,4,Divorced,5329,15717,7,Y,Yes,12,3,4,80,3,17,3,3,13,11,1,9,Adzuna
38,Current employee,Non-Travel,573,Research & Development,6,3,Marketing,1,1453,124908,2,Female,79,1,2,Research Scientist,4,Divorced,5329,15717,3,Y,Yes,12,3,4,80,3,17,3,3,13,11,1,9,Adzuna
38,Current employee,Non-Travel,573,Research & Development,6,3,Medical,1,1455,124910,2,Female,79,1,2,Research Scientist,4,Divorced,5329,15717,7,Y,Yes,12,3,4,80,3,17,3,3,13,11,1,9,Adzuna
38,Current employee,Non-Travel,573,Research & Development,6,3,Marketing,1,1456,124911,2,Female,79,1,2,Research Scientist,4,Divorced,5329,15717,3,Y,Yes,12,3,4,80,3,17,3,3,13,11,1,9,Adzuna
38,Current employee,Non-Travel,573,Research & Development,6,3,Marketing,1,1460,124915,2,Female,79,1,2,Research Scientist,4,Divorced,5329,15717,3,Y,Yes,12,3,4,80,3,17,3,3,13,11,1,9,Adzuna
38,Current employee,Non-Travel,573,Research & Development,6,3,Medical,1,1462,124917,2,Female,72,2,3,Human Resources,1,Married,10482,2326,0,Y,No,14,3,4,80,3,17,3,3,13,11,1,9,Adzuna
38,Current employee,Travel_Rarely,702,Sales,1,4,Life Sciences,1,1692,125147,1,Male,42,3,2,Laboratory Technician,2,Married,2042,25043,4,Y,No,12,3,3,80,1,17,3,4,3,2,1,2,Seek
38,Current employee,Travel_Rarely,702,Sales,1,4,Life Sciences,1,1693,125148,1,Male,42,3,2,Laboratory Technician,2,Married,2042,25043,1,Y,No,12,3,3,80,1,17,3,4,3,2,1,2,Seek
38,Current employee,Travel_Rarely,702,Sales,1,4,Life Sciences,1,1695,125150,1,Male,42,3,2,Laboratory Technician,2,Married,2042,25043,4,Y,No,12,3,3,80,1,17,3,4,3,2,1,2,Seek
38,Current employee,Travel_Rarely,702,Sales,1,4,Life Sciences,1,1696,125151,1,Male,42,3,2,Laboratory Technician,2,Married,2042,25043,1,Y,No,12,3,3,80,1,17,3,4,3,2,1,2,Seek
38,Current employee,Travel_Rarely,702,Sales,1,4,Life Sciences,1,1699,125154,1,Male,42,3,2,Laboratory Technician,2,Married,2042,25043,4,Y,No,12,3,3,80,1,17,3,4,3,2,1,2,Seek
38,Current employee,Travel_Rarely,702,Sales,1,4,Life Sciences,1,1700,125155,1,Male,42,3,2,Laboratory Technician,2,Married,2042,25043,1,Y,No,12,3,3,80,1,17,3,4,3,2,1,2,Seek
38,Current employee,Travel_Rarely,702,Sales,1,4,Life Sciences,1,1702,125157,1,Male,42,3,2,Laboratory Technician,2,Married,2042,25043,4,Y,No,12,3,3,80,1,17,3,4,3,2,1,2,Seek
38,Current employee,Travel_Rarely,702,Sales,1,4,Life Sciences,1,1703,125158,1,Male,42,3,2,Laboratory Technician,2,Married,2042,25043,1,Y,No,12,3,3,80,1,17,3,4,3,2,1,2,Seek
38,Current employee,Travel_Rarely,702,Sales,1,4,Life Sciences,1,1704,125159,1,Male,57,4,1,Research Scientist,3,Divorced,2610,15748,3,Y,No,11,3,4,80,3,4,2,3,4,2,0,3,Indeed
38,Current employee,Travel_Rarely,702,Sales,1,4,Life Sciences,1,1705,125160,1,Male,54,2,5,Manager,4,Married,19272,21141,1,Y,No,15,3,1,80,1,21,2,3,21,9,13,3,Jora
38,Current employee,Travel_Rarely,1380,Research & Development,9,2,Life Sciences,1,1783,125238,1,Female,42,2,5,Manager,4,Married,18844,21922,9,Y,No,21,3,4,80,1,30,3,3,3,2,2,2,Indeed
38,Current employee,Travel_Rarely,1380,Research & Development,9,2,Medical,1,1785,125240,1,Female,42,2,5,Manager,4,Married,18844,21922,1,Y,No,21,3,4,80,1,30,3,3,3,2,2,2,Indeed
38,Current employee,Travel_Rarely,1380,Research & Development,9,2,Life Sciences,1,1786,125241,1,Female,42,2,5,Manager,4,Married,18844,21922,9,Y,No,21,4,4,80,1,30,3,3,3,2,2,2,Indeed
38,Current employee,Travel_Rarely,1380,Research & Development,9,2,Medical,1,1787,125242,1,Female,42,2,5,Manager,4,Married,18844,21922,1,Y,No,21,4,4,80,1,30,3,3,3,2,2,2,Indeed
38,Current employee,Travel_Rarely,1380,Research & Development,9,2,Life Sciences,1,1790,125245,1,Female,42,2,5,Manager,4,Married,18844,21922,9,Y,No,21,3,4,80,1,30,3,3,3,2,2,2,Indeed
38,Current employee,Travel_Rarely,1380,Research & Development,9,2,Medical,1,1792,125247,1,Female,42,2,5,Manager,4,Married,18844,21922,1,Y,No,21,3,4,80,1,30,3,3,3,2,2,2,Indeed
38,Current employee,Travel_Rarely,1380,Research & Development,9,2,Life Sciences,1,1793,125248,1,Female,42,2,5,Manager,4,Married,18844,21922,9,Y,No,21,4,4,80,1,30,3,3,3,2,2,2,Indeed
38,Current employee,Travel_Rarely,1380,Research & Development,9,2,Medical,1,1794,125249,1,Female,42,2,5,Manager,4,Married,18844,21922,1,Y,No,21,4,4,80,1,30,3,3,3,2,2,2,Indeed
38,Current employee,Travel_Rarely,1380,Research & Development,9,2,Life Sciences,1,1795,125250,1,Male,77,3,1,Research Scientist,1,Married,2235,14377,3,Y,Yes,14,3,4,80,2,9,3,2,9,7,6,8,Jora
38,Current employee,Travel_Rarely,1380,Research & Development,9,2,Life Sciences,1,1796,125251,1,Male,35,3,5,Manager,4,Single,19431,15302,1,Y,No,13,3,3,80,0,21,3,2,6,0,1,3,Adzuna
38,Current employee,Travel_Rarely,1261,Research & Development,2,4,Life Sciences,1,1860,125315,1,Female,42,2,3,Healthcare Representative,1,Single,7484,25796,3,Y,No,20,3,3,80,0,23,1,2,13,12,12,8,Seek
38,Current employee,Travel_Rarely,1261,Research & Development,2,4,Life Sciences,1,1862,125317,1,Female,42,2,3,Healthcare Representative,1,Single,7484,25796,0,Y,No,20,3,3,80,0,23,1,2,13,12,12,8,Seek
38,Current employee,Travel_Rarely,1261,Research & Development,2,4,Life Sciences,1,1863,125318,1,Female,42,2,3,Healthcare Representative,1,Single,7484,25796,3,Y,No,20,4,3,80,0,23,1,2,13,12,12,8,Seek
38,Current employee,Travel_Rarely,1261,Research & Development,2,4,Life Sciences,1,1864,125319,1,Female,42,2,3,Healthcare Representative,1,Single,7484,25796,0,Y,No,20,4,3,80,0,23,1,2,13,12,12,8,Seek
38,Current employee,Travel_Rarely,1261,Research & Development,2,4,Life Sciences,1,1867,125322,1,Female,42,2,3,Healthcare Representative,1,Single,7484,25796,3,Y,No,20,3,3,80,0,23,1,2,13,12,12,8,Seek
38,Current employee,Travel_Rarely,1261,Research & Development,2,4,Life Sciences,1,1869,125324,1,Female,42,2,3,Healthcare Representative,1,Single,7484,25796,0,Y,No,20,3,3,80,0,23,1,2,13,12,12,8,Seek
38,Current employee,Travel_Rarely,1261,Research & Development,2,4,Life Sciences,1,1870,125325,1,Female,42,2,3,Healthcare Representative,1,Single,7484,25796,3,Y,No,20,4,3,80,0,23,1,2,13,12,12,8,Seek
38,Current employee,Travel_Rarely,1261,Research & Development,2,4,Life Sciences,1,1871,125326,1,Female,42,2,3,Healthcare Representative,1,Single,7484,25796,0,Y,No,20,4,3,80,0,23,1,2,13,12,12,8,Seek
38,Current employee,Travel_Rarely,119,Sales,3,3,Life Sciences,1,2001,125456,1,Male,42,3,4,Manager,4,Married,16959,19494,1,Y,Yes,12,3,4,80,2,25,3,4,25,12,4,12,Company Website
38,Current employee,Travel_Rarely,119,Sales,3,3,Life Sciences,1,2002,125457,1,Male,42,3,4,Manager,4,Married,16959,19494,1,Y,Yes,12,3,4,80,2,25,3,4,25,12,4,12,Company Website
38,Current employee,Travel_Rarely,119,Sales,3,3,Life Sciences,1,2004,125459,1,Male,42,3,4,Manager,4,Married,16959,19494,1,Y,Yes,12,3,4,80,2,25,3,4,25,12,4,12,Company Website
38,Current employee,Travel_Rarely,119,Sales,3,3,Life Sciences,1,2005,125460,1,Male,42,3,4,Manager,4,Married,16959,19494,1,Y,Yes,12,3,4,80,2,25,3,4,25,12,4,12,Company Website
38,Current employee,Travel_Rarely,119,Sales,3,3,Life Sciences,1,2009,125464,1,Male,42,3,4,Manager,4,Married,16959,19494,1,Y,Yes,12,3,4,80,2,25,3,4,25,12,4,12,Company Website
38,Current employee,Travel_Rarely,119,Sales,3,3,Life Sciences,1,2010,125465,1,Male,42,3,4,Manager,4,Married,16959,19494,1,Y,Yes,12,3,4,80,2,25,3,4,25,12,4,12,Company Website
38,Current employee,Travel_Rarely,119,Sales,3,3,Life Sciences,1,2012,125467,1,Male,42,3,4,Manager,4,Married,16959,19494,1,Y,Yes,12,3,4,80,2,25,3,4,25,12,4,12,Company Website
38,Current employee,Travel_Rarely,119,Sales,3,3,Life Sciences,1,2013,125468,1,Male,42,3,4,Manager,4,Married,16959,19494,1,Y,Yes,12,3,4,80,2,25,3,4,25,12,4,12,Company Website
38,Current employee,Non-Travel,1327,Sales,2,2,Life Sciences,1,2257,125712,1,Male,43,3,2,Manufacturing Director,2,Divorced,4941,2819,6,Y,No,20,3,4,80,2,7,0,3,3,2,0,1,Company Website
38,Current employee,Non-Travel,1327,Sales,2,2,Life Sciences,1,2258,125713,1,Male,43,3,2,Manufacturing Director,2,Divorced,4941,2819,1,Y,No,20,3,4,80,2,7,0,3,3,2,0,1,Company Website
38,Current employee,Non-Travel,1327,Sales,2,2,Life Sciences,1,2262,125717,1,Male,43,3,2,Manufacturing Director,2,Divorced,4941,2819,6,Y,No,20,4,4,80,2,7,0,3,3,2,0,1,Company Website
38,Current employee,Non-Travel,1327,Sales,2,2,Life Sciences,1,2263,125718,1,Male,43,3,2,Manufacturing Director,2,Divorced,4941,2819,1,Y,No,20,4,4,80,2,7,0,3,3,2,0,1,Company Website
38,Current employee,Non-Travel,1327,Sales,2,2,Life Sciences,1,2265,125720,1,Male,43,3,2,Manufacturing Director,2,Divorced,4941,2819,6,Y,No,20,3,4,80,2,7,0,3,3,2,0,1,Company Website
38,Current employee,Non-Travel,1327,Sales,2,2,Life Sciences,1,2266,125721,1,Male,43,3,2,Manufacturing Director,2,Divorced,4941,2819,1,Y,No,20,3,4,80,2,7,0,3,3,2,0,1,Company Website
38,Current employee,Non-Travel,1327,Sales,2,2,Life Sciences,1,2270,125725,1,Male,43,3,2,Manufacturing Director,2,Divorced,4941,2819,6,Y,No,20,4,4,80,2,7,0,3,3,2,0,1,Company Website
38,Current employee,Non-Travel,1327,Sales,2,2,Life Sciences,1,2271,125726,1,Male,43,3,2,Manufacturing Director,2,Divorced,4941,2819,1,Y,No,20,4,4,80,2,7,0,3,3,2,0,1,Company Website
38,Current employee,Travel_Rarely,364,Research & Development,3,5,Technical Degree,1,2366,125821,4,Female,32,3,2,Research Scientist,3,Single,4317,2302,3,Y,Yes,20,4,2,80,0,19,2,3,3,2,2,2,Indeed
38,Current employee,Travel_Rarely,364,Research & Development,3,5,Life Sciences,1,2368,125823,4,Female,32,3,2,Research Scientist,3,Single,4317,2302,2,Y,Yes,20,4,2,80,0,19,2,3,3,2,2,2,Indeed
38,Current employee,Travel_Rarely,364,Research & Development,3,5,Technical Degree,1,2370,125825,4,Female,32,3,2,Research Scientist,3,Single,4317,2302,3,Y,Yes,20,4,2,80,0,19,2,3,3,2,2,2,Indeed
38,Current employee,Travel_Rarely,364,Research & Development,3,5,Life Sciences,1,2371,125826,4,Female,32,3,2,Research Scientist,3,Single,4317,2302,2,Y,Yes,20,4,2,80,0,19,2,3,3,2,2,2,Indeed
38,Current employee,Travel_Rarely,364,Research & Development,3,5,Technical Degree,1,2374,125829,4,Female,32,3,2,Research Scientist,3,Single,4317,2302,3,Y,Yes,20,4,2,80,0,19,2,3,3,2,2,2,Indeed
38,Current employee,Travel_Rarely,364,Research & Development,3,5,Life Sciences,1,2376,125831,4,Female,32,3,2,Research Scientist,3,Single,4317,2302,2,Y,Yes,20,4,2,80,0,19,2,3,3,2,2,2,Indeed
38,Current employee,Travel_Rarely,364,Research & Development,3,5,Technical Degree,1,2378,125833,4,Female,36,3,1,Human Resources,2,Married,2143,25527,0,Y,No,13,3,2,80,0,19,2,3,3,2,2,2,Indeed
38,Current employee,Travel_Rarely,688,Research & Development,23,4,Life Sciences,1,2446,125901,1,Male,44,2,4,Manager,1,Divorced,17181,12888,4,Y,No,13,3,2,80,1,21,2,2,7,6,7,7,Seek
38,Current employee,Travel_Rarely,688,Research & Development,23,4,Other,1,2448,125903,1,Male,44,2,4,Manager,1,Divorced,17181,12888,1,Y,No,13,3,2,80,1,21,2,2,7,6,7,7,Seek
38,Current employee,Travel_Rarely,688,Research & Development,23,4,Life Sciences,1,2449,125904,1,Male,44,2,4,Manager,1,Divorced,17181,12888,4,Y,No,13,3,2,80,1,21,2,2,7,6,7,7,Seek
38,Current employee,Travel_Rarely,688,Research & Development,23,4,Other,1,2450,125905,1,Male,44,2,4,Manager,1,Divorced,17181,12888,1,Y,No,13,3,2,80,1,21,2,2,7,6,7,7,Seek
38,Current employee,Travel_Rarely,688,Research & Development,23,4,Life Sciences,1,2454,125909,1,Male,44,2,4,Manager,1,Divorced,17181,12888,4,Y,No,13,3,2,80,1,21,2,2,7,6,7,7,Seek
38,Current employee,Travel_Rarely,688,Research & Development,23,4,Other,1,2456,125911,1,Male,44,2,4,Manager,1,Divorced,17181,12888,1,Y,No,13,3,2,80,1,21,2,2,7,6,7,7,Seek
38,Current employee,Travel_Rarely,688,Research & Development,23,4,Life Sciences,1,2457,125912,1,Male,44,2,4,Manager,1,Divorced,17181,12888,4,Y,No,13,3,2,80,1,21,2,2,7,6,7,7,Seek
38,Current employee,Travel_Rarely,688,Research & Development,23,4,Other,1,2458,125913,1,Male,44,2,4,Manager,1,Divorced,17181,12888,1,Y,No,13,3,2,80,1,21,2,2,7,6,7,7,Seek
38,Current employee,Travel_Rarely,849,Research & Development,25,2,Life Sciences,1,2569,126024,1,Male,44,3,2,Manufacturing Director,3,Married,4319,26283,1,Y,No,13,3,1,80,1,10,1,3,10,7,0,9,Company Website
38,Current employee,Travel_Rarely,849,Research & Development,25,2,Technical Degree,1,2571,126026,1,Male,44,3,2,Manufacturing Director,3,Married,4319,26283,1,Y,No,13,3,1,80,1,10,1,3,10,7,0,9,Company Website
38,Current employee,Travel_Rarely,849,Research & Development,25,2,Life Sciences,1,2574,126029,1,Male,44,3,2,Manufacturing Director,3,Married,4319,26283,1,Y,No,13,3,1,80,1,10,1,3,10,7,0,9,Company Website
38,Current employee,Travel_Rarely,849,Research & Development,25,2,Technical Degree,1,2575,126030,1,Male,44,3,2,Manufacturing Director,3,Married,4319,26283,1,Y,No,13,3,1,80,1,10,1,3,10,7,0,9,Company Website
38,Current employee,Travel_Rarely,849,Research & Development,25,2,Technical Degree,1,2578,126033,1,Male,44,3,2,Manufacturing Director,3,Married,4319,26283,1,Y,No,13,3,1,80,1,10,1,3,10,7,0,9,Company Website
38,Current employee,Travel_Rarely,849,Research & Development,25,2,Life Sciences,1,2581,126036,1,Male,44,3,2,Manufacturing Director,3,Married,4319,26283,1,Y,No,13,3,1,80,1,10,1,3,10,7,0,9,Company Website
38,Current employee,Travel_Rarely,849,Research & Development,25,2,Technical Degree,1,2582,126037,1,Male,44,3,2,Manufacturing Director,3,Married,4319,26283,1,Y,No,13,3,1,80,1,10,1,3,10,7,0,9,Company Website
38,Current employee,Travel_Rarely,702,Sales,1,4,Life Sciences,1,2768,126223,1,Female,59,2,2,Sales Executive,4,Single,8686,12930,4,Y,No,22,3,3,80,0,12,2,4,8,3,0,7,Seek
38,Current employee,Travel_Rarely,343,Research & Development,15,2,Life Sciences,1,2769,126224,1,Female,45,2,2,Sales Executive,4,Single,8686,12930,4,Y,No,22,3,3,80,0,12,2,4,8,3,0,7,Seek
38,Current employee,Travel_Rarely,702,Sales,1,4,Human Resources,1,2770,126225,1,Female,59,2,2,Sales Executive,4,Single,8686,12930,4,Y,No,22,3,3,80,0,12,2,4,8,3,0,7,Seek
38,Current employee,Travel_Rarely,343,Research & Development,15,2,Medical,1,2771,126226,1,Female,45,2,2,Sales Executive,4,Single,8686,12930,7,Y,No,22,3,3,80,0,12,2,4,8,3,0,7,Seek
38,Current employee,Travel_Rarely,702,Sales,1,4,Life Sciences,1,2772,126227,1,Female,59,2,2,Sales Executive,4,Single,8686,12930,4,Y,No,22,4,3,80,0,12,2,4,8,3,0,7,Seek
38,Current employee,Travel_Rarely,343,Research & Development,15,2,Life Sciences,1,2773,126228,1,Female,45,2,2,Sales Executive,4,Single,8686,12930,4,Y,No,22,4,3,80,0,12,2,4,8,3,0,7,Seek
38,Current employee,Travel_Rarely,702,Sales,1,4,Human Resources,1,2774,126229,1,Female,59,2,2,Sales Executive,4,Single,8686,12930,4,Y,No,22,4,3,80,0,12,2,4,8,3,0,7,Seek
38,Current employee,Travel_Rarely,343,Research & Development,15,2,Medical,1,2775,126230,1,Female,45,2,2,Sales Executive,4,Single,8686,12930,7,Y,No,22,4,3,80,0,12,2,4,8,3,0,7,Seek
38,Current employee,Travel_Rarely,702,Sales,1,4,Life Sciences,1,2776,126231,1,Female,59,2,2,Sales Executive,4,Single,8686,12930,4,Y,No,22,3,3,80,0,12,2,4,8,3,0,7,Seek
38,Current employee,Travel_Rarely,343,Research & Development,15,2,Life Sciences,1,2777,126232,1,Female,45,2,2,Sales Executive,4,Single,8686,12930,4,Y,No,22,3,3,80,0,12,2,4,8,3,0,7,Seek
38,Current employee,Travel_Rarely,702,Sales,1,4,Human Resources,1,2778,126233,1,Female,59,2,2,Sales Executive,4,Single,8686,12930,4,Y,No,22,3,3,80,0,12,2,4,8,3,0,7,Seek
38,Current employee,Travel_Rarely,343,Research & Development,15,2,Medical,1,2779,126234,1,Female,45,2,2,Sales Executive,4,Single,8686,12930,7,Y,No,22,3,3,80,0,12,2,4,8,3,0,7,Seek
38,Current employee,Travel_Rarely,702,Sales,1,4,Life Sciences,1,2780,126235,1,Female,75,3,1,Human Resources,3,Married,3600,8429,0,Y,No,13,3,3,80,0,12,2,4,8,3,0,7,Seek
38,Current employee,Travel_Rarely,343,Research & Development,15,2,Life Sciences,1,2781,126236,1,Female,45,2,2,Sales Executive,4,Single,8686,12930,4,Y,No,22,4,3,80,0,12,2,4,8,3,0,7,Seek
38,Current employee,Travel_Rarely,702,Sales,1,4,Human Resources,1,2782,126237,1,Female,59,2,2,Sales Executive,4,Single,8686,12930,4,Y,No,22,4,3,80,0,12,2,4,8,3,0,7,Seek
38,Current employee,Travel_Rarely,343,Research & Development,15,2,Medical,1,2783,126238,1,Female,45,2,2,Sales Executive,4,Single,8686,12930,7,Y,No,22,4,3,80,0,12,2,4,8,3,0,7,Seek
38,Current employee,Travel_Rarely,1380,Research & Development,9,2,Life Sciences,1,2944,126399,3,Female,75,3,1,Laboratory Technician,4,Single,2288,6319,1,Y,No,12,3,3,80,0,2,3,3,2,2,2,1,Seek
38,Current employee,Travel_Rarely,1380,Research & Development,9,2,Medical,1,2946,126401,3,Female,75,3,1,Laboratory Technician,4,Single,2288,6319,1,Y,No,12,3,3,80,0,2,3,3,2,2,2,1,Seek
38,Current employee,Travel_Rarely,1380,Research & Development,9,2,Life Sciences,1,2948,126403,3,Female,75,3,1,Laboratory Technician,4,Single,2288,6319,1,Y,No,12,3,3,80,0,2,3,3,2,2,2,1,Seek
38,Current employee,Travel_Rarely,1380,Research & Development,9,2,Medical,1,2949,126404,3,Female,75,3,1,Laboratory Technician,4,Single,2288,6319,1,Y,No,12,3,3,80,0,2,3,3,2,2,2,1,Seek
38,Current employee,Travel_Rarely,1380,Research & Development,9,2,Life Sciences,1,2952,126407,3,Female,75,3,1,Laboratory Technician,4,Single,2288,6319,1,Y,No,12,3,3,80,0,2,3,3,2,2,2,1,Seek
38,Current employee,Travel_Rarely,1380,Research & Development,9,2,Medical,1,2954,126409,3,Female,75,3,1,Laboratory Technician,4,Single,2288,6319,1,Y,No,12,3,3,80,0,2,3,3,2,2,2,1,Seek
38,Current employee,Travel_Rarely,1380,Research & Development,9,2,Life Sciences,1,2956,126411,3,Female,75,3,1,Laboratory Technician,4,Single,2288,6319,1,Y,No,12,3,3,80,0,2,3,3,2,2,2,1,Seek
38,Current employee,Travel_Rarely,1380,Research & Development,9,2,Medical,1,2957,126412,3,Female,75,3,1,Laboratory Technician,4,Single,2288,6319,1,Y,No,12,3,3,80,0,2,3,3,2,2,2,1,Seek
38,Current employee,Travel_Frequently,1490,Research & Development,2,2,Life Sciences,1,3205,126660,1,Male,46,4,1,Research Scientist,1,Married,3564,22977,1,Y,Yes,12,3,1,80,1,8,3,2,8,7,1,7,LinkedIn
38,Current employee,Travel_Frequently,1490,Research & Development,2,2,Life Sciences,1,3206,126661,1,Male,46,4,1,Research Scientist,1,Married,3564,22977,2,Y,Yes,12,3,1,80,1,8,3,2,8,7,1,7,LinkedIn
38,Current employee,Travel_Frequently,1490,Research & Development,2,2,Life Sciences,1,3210,126665,1,Male,46,4,1,Research Scientist,1,Married,3564,22977,1,Y,Yes,12,3,1,80,1,8,3,2,8,7,1,7,LinkedIn
38,Current employee,Travel_Frequently,1490,Research & Development,2,2,Life Sciences,1,3211,126666,1,Male,46,4,1,Research Scientist,1,Married,3564,22977,2,Y,Yes,12,3,1,80,1,8,3,2,8,7,1,7,LinkedIn
38,Current employee,Travel_Frequently,1490,Research & Development,2,2,Life Sciences,1,3213,126668,1,Male,46,4,1,Research Scientist,1,Married,3564,22977,1,Y,Yes,12,3,1,80,1,8,3,2,8,7,1,7,LinkedIn
38,Current employee,Travel_Frequently,1490,Research & Development,2,2,Life Sciences,1,3214,126669,1,Male,46,4,1,Research Scientist,1,Married,3564,22977,2,Y,Yes,12,3,1,80,1,8,3,2,8,7,1,7,LinkedIn
38,Current employee,Travel_Frequently,1490,Research & Development,2,2,Life Sciences,1,3218,126673,1,Male,46,4,1,Research Scientist,1,Married,3564,22977,1,Y,Yes,12,3,1,80,1,8,3,2,8,7,1,7,LinkedIn
38,Current employee,Travel_Rarely,1261,Research & Development,2,4,Life Sciences,1,3251,126706,4,Male,88,3,2,Manufacturing Director,3,Married,6553,7259,9,Y,No,14,3,2,80,0,14,3,3,1,0,0,0,GlassDoor
38,Current employee,Travel_Rarely,1261,Research & Development,2,4,Life Sciences,1,3253,126708,4,Male,88,3,2,Manufacturing Director,3,Married,6553,7259,1,Y,No,14,3,2,80,0,14,3,3,1,0,0,0,GlassDoor
38,Current employee,Travel_Rarely,1261,Research & Development,2,4,Life Sciences,1,3257,126712,4,Male,88,3,2,Manufacturing Director,3,Married,6553,7259,9,Y,No,14,3,2,80,0,14,3,3,1,0,0,0,GlassDoor
38,Current employee,Travel_Rarely,1261,Research & Development,2,4,Life Sciences,1,3258,126713,4,Male,88,3,2,Manufacturing Director,3,Married,6553,7259,1,Y,No,14,3,2,80,0,14,3,3,1,0,0,0,GlassDoor
38,Current employee,Travel_Rarely,1261,Research & Development,2,4,Life Sciences,1,3259,126714,4,Male,88,3,2,Manufacturing Director,3,Married,6553,7259,9,Y,No,14,3,2,80,0,14,3,3,1,0,0,0,GlassDoor
38,Current employee,Travel_Rarely,1261,Research & Development,2,4,Life Sciences,1,3261,126716,4,Male,88,3,2,Manufacturing Director,3,Married,6553,7259,1,Y,No,14,3,2,80,0,14,3,3,1,0,0,0,GlassDoor
38,Current employee,Travel_Rarely,1261,Research & Development,2,4,Life Sciences,1,3265,126720,4,Male,88,3,2,Manufacturing Director,3,Married,6553,7259,9,Y,No,14,3,2,80,0,14,3,3,1,0,0,0,GlassDoor
38,Current employee,Travel_Rarely,1261,Research & Development,2,4,Life Sciences,1,3266,126721,4,Male,88,3,2,Manufacturing Director,3,Married,6553,7259,1,Y,No,14,3,2,80,0,14,3,3,1,0,0,0,GlassDoor
38,Current employee,Travel_Rarely,1084,Research & Development,29,3,Technical Degree,1,3267,126722,4,Male,54,3,2,Manufacturing Director,4,Married,6261,4185,3,Y,No,18,3,1,80,1,9,3,1,7,7,1,7,Company Website
38,Current employee,Travel_Rarely,1084,Research & Development,29,3,Technical Degree,1,3269,126724,4,Male,54,3,2,Manufacturing Director,4,Married,6261,4185,1,Y,No,18,3,1,80,1,9,3,1,7,7,1,7,Company Website
38,Current employee,Travel_Rarely,1084,Research & Development,29,3,Technical Degree,1,3271,126726,4,Male,54,3,2,Manufacturing Director,4,Married,6261,4185,3,Y,No,18,3,1,80,1,9,3,1,7,7,1,7,Company Website
38,Current employee,Travel_Rarely,1084,Research & Development,29,3,Technical Degree,1,3272,126727,4,Male,54,3,2,Manufacturing Director,4,Married,6261,4185,1,Y,No,18,3,1,80,1,9,3,1,7,7,1,7,Company Website
38,Current employee,Travel_Rarely,1084,Research & Development,29,3,Technical Degree,1,3275,126730,4,Male,54,3,2,Manufacturing Director,4,Married,6261,4185,3,Y,No,18,3,1,80,1,9,3,1,7,7,1,7,Company Website
38,Current employee,Travel_Rarely,1084,Research & Development,29,3,Technical Degree,1,3277,126732,4,Male,54,3,2,Manufacturing Director,4,Married,6261,4185,1,Y,No,18,3,1,80,1,9,3,1,7,7,1,7,Company Website
38,Current employee,Travel_Rarely,1084,Research & Development,29,3,Technical Degree,1,3279,126734,4,Male,54,3,2,Manufacturing Director,4,Married,6261,4185,3,Y,No,18,3,1,80,1,9,3,1,7,7,1,7,Company Website
38,Current employee,Travel_Rarely,1084,Research & Development,29,3,Technical Degree,1,3280,126735,4,Male,54,3,2,Manufacturing Director,4,Married,6261,4185,1,Y,No,18,3,1,80,1,9,3,1,7,7,1,7,Company Website
38,Current employee,Travel_Rarely,119,Sales,3,3,Life Sciences,1,3653,127108,1,Male,76,3,3,Sales Executive,3,Divorced,10609,9647,0,Y,No,12,3,3,80,2,17,6,2,16,10,5,13,Company Website
38,Current employee,Travel_Rarely,362,Research & Development,1,1,Life Sciences,1,3654,127109,1,Male,47,3,3,Sales Executive,3,Divorced,10609,9647,0,Y,No,12,4,3,80,2,17,6,2,16,10,5,13,Company Website
38,Current employee,Travel_Rarely,362,Research & Development,1,1,Life Sciences,1,3655,127110,1,Male,47,3,3,Sales Executive,3,Divorced,10609,9647,4,Y,No,12,3,3,80,2,17,6,2,16,10,5,13,Company Website
38,Current employee,Travel_Rarely,119,Sales,3,3,Life Sciences,1,3656,127111,1,Male,76,3,3,Sales Executive,3,Divorced,10609,9647,4,Y,No,12,3,3,80,2,17,6,2,16,10,5,13,Company Website
38,Current employee,Travel_Rarely,119,Sales,3,3,Life Sciences,1,3657,127112,1,Male,76,3,3,Sales Executive,3,Divorced,10609,9647,0,Y,No,12,3,3,80,2,17,6,2,16,10,5,13,Company Website
38,Current employee,Travel_Rarely,362,Research & Development,1,1,Life Sciences,1,3658,127113,1,Male,47,3,3,Sales Executive,3,Divorced,10609,9647,0,Y,No,12,3,3,80,2,17,6,2,16,10,5,13,Company Website
38,Current employee,Travel_Rarely,362,Research & Development,1,1,Life Sciences,1,3659,127114,1,Male,47,3,3,Sales Executive,3,Divorced,10609,9647,4,Y,No,12,3,3,80,2,17,6,2,16,10,5,13,Company Website
38,Current employee,Travel_Rarely,119,Sales,3,3,Life Sciences,1,3660,127115,1,Male,76,3,3,Sales Executive,3,Divorced,10609,9647,4,Y,No,12,3,3,80,2,17,6,2,16,10,5,13,Company Website
38,Current employee,Travel_Rarely,119,Sales,3,3,Life Sciences,1,3661,127116,1,Male,76,3,3,Sales Executive,3,Divorced,10609,9647,0,Y,No,12,3,3,80,2,17,6,2,16,10,5,13,Company Website
38,Current employee,Travel_Rarely,362,Research & Development,1,1,Life Sciences,1,3662,127117,1,Male,47,3,3,Sales Executive,3,Divorced,10609,9647,0,Y,No,12,4,3,80,2,17,6,2,16,10,5,13,Company Website
38,Current employee,Travel_Rarely,362,Research & Development,1,1,Life Sciences,1,3663,127118,1,Male,47,3,3,Sales Executive,3,Divorced,10609,9647,4,Y,No,12,3,3,80,2,17,6,2,16,10,5,13,Company Website
38,Current employee,Travel_Rarely,119,Sales,3,3,Life Sciences,1,3664,127119,1,Male,76,3,3,Sales Executive,3,Divorced,10609,9647,4,Y,No,12,3,3,80,2,17,6,2,16,10,5,13,Company Website
38,Current employee,Travel_Rarely,119,Sales,3,3,Life Sciences,1,3665,127120,1,Male,76,3,3,Sales Executive,3,Divorced,10609,9647,0,Y,No,12,3,3,80,2,17,6,2,16,10,5,13,Company Website
38,Current employee,Travel_Rarely,362,Research & Development,1,1,Life Sciences,1,3666,127121,1,Male,47,3,3,Sales Executive,3,Divorced,10609,9647,0,Y,No,12,3,3,80,2,17,6,2,16,10,5,13,Company Website
38,Current employee,Travel_Rarely,362,Research & Development,1,1,Life Sciences,1,3667,127122,1,Male,47,3,3,Sales Executive,3,Divorced,10609,9647,4,Y,No,12,3,3,80,2,17,6,2,16,10,5,13,Company Website
38,Current employee,Travel_Rarely,119,Sales,3,3,Life Sciences,1,3668,127123,1,Male,76,3,3,Sales Executive,3,Divorced,10609,9647,4,Y,No,12,3,3,80,2,17,6,2,16,10,5,13,Company Website
38,Current employee,Travel_Rarely,827,Research & Development,1,4,Life Sciences,1,3894,127349,1,Female,48,3,1,Sales Representative,2,Married,3931,20990,2,Y,No,11,3,1,80,1,6,5,3,4,3,1,2,Recruit.net
38,Current employee,Travel_Rarely,827,Research & Development,1,4,Life Sciences,1,3895,127350,1,Female,48,3,1,Sales Representative,2,Married,3931,20990,8,Y,No,11,4,1,80,1,6,5,3,4,3,1,2,Recruit.net
38,Current employee,Travel_Rarely,827,Research & Development,1,4,Life Sciences,1,3899,127354,1,Female,48,3,1,Sales Representative,2,Married,3931,20990,2,Y,No,11,3,1,80,1,6,5,3,4,3,1,2,Recruit.net
38,Current employee,Travel_Rarely,827,Research & Development,1,4,Life Sciences,1,3900,127355,1,Female,48,3,1,Sales Representative,2,Married,3931,20990,8,Y,No,11,3,1,80,1,6,5,3,4,3,1,2,Recruit.net
38,Current employee,Travel_Rarely,827,Research & Development,1,4,Life Sciences,1,3902,127357,1,Female,48,3,1,Sales Representative,2,Married,3931,20990,2,Y,No,11,3,1,80,1,6,5,3,4,3,1,2,Recruit.net
38,Current employee,Travel_Rarely,827,Research & Development,1,4,Life Sciences,1,3903,127358,1,Female,48,3,1,Sales Representative,2,Married,3931,20990,8,Y,No,11,4,1,80,1,6,5,3,4,3,1,2,Recruit.net
38,Current employee,Travel_Rarely,827,Research & Development,1,4,Life Sciences,1,3907,127362,1,Female,48,3,1,Sales Representative,2,Married,3931,20990,2,Y,No,11,3,1,80,1,6,5,3,4,3,1,2,Recruit.net
38,Current employee,Travel_Rarely,827,Research & Development,1,4,Life Sciences,1,3908,127363,1,Female,48,3,1,Sales Representative,2,Married,3931,20990,8,Y,No,11,3,1,80,1,6,5,3,4,3,1,2,Recruit.net
38,Current employee,Travel_Rarely,168,Research & Development,1,3,Life Sciences,1,4022,127477,1,Female,48,2,1,Research Scientist,4,Married,2911,14776,1,Y,No,13,3,3,80,1,2,2,2,2,2,0,2,Company Website
38,Current employee,Travel_Rarely,168,Research & Development,1,3,Life Sciences,1,4023,127478,1,Female,48,2,1,Research Scientist,4,Married,2911,14776,2,Y,No,13,4,3,80,1,2,2,2,2,2,0,2,Company Website
38,Current employee,Travel_Rarely,168,Research & Development,1,3,Life Sciences,1,4027,127482,1,Female,48,2,1,Research Scientist,4,Married,2911,14776,1,Y,No,13,3,3,80,1,2,2,2,2,2,0,2,Company Website
38,Current employee,Travel_Rarely,168,Research & Development,1,3,Life Sciences,1,4028,127483,1,Female,48,2,1,Research Scientist,4,Married,2911,14776,2,Y,No,13,3,3,80,1,2,2,2,2,2,0,2,Company Website
38,Current employee,Travel_Rarely,168,Research & Development,1,3,Life Sciences,1,4030,127485,1,Female,48,2,1,Research Scientist,4,Married,2911,14776,1,Y,No,13,3,3,80,1,2,2,2,2,2,0,2,Company Website
38,Current employee,Travel_Rarely,168,Research & Development,1,3,Life Sciences,1,4031,127486,1,Female,48,2,1,Research Scientist,4,Married,2911,14776,2,Y,No,13,4,3,80,1,2,2,2,2,2,0,2,Company Website
38,Current employee,Travel_Rarely,168,Research & Development,1,3,Life Sciences,1,4035,127490,1,Female,48,2,1,Research Scientist,4,Married,2911,14776,1,Y,No,13,3,3,80,1,2,2,2,2,2,0,2,Company Website
38,Current employee,Travel_Rarely,168,Research & Development,1,3,Life Sciences,1,4036,127491,1,Female,48,2,1,Research Scientist,4,Married,2911,14776,2,Y,No,13,3,3,80,1,2,2,2,2,2,0,2,Company Website
38,Current employee,Travel_Frequently,240,Research & Development,2,4,Life Sciences,1,4214,127669,1,Male,48,3,1,Research Scientist,4,Married,2723,23231,1,Y,No,11,3,2,80,0,1,0,2,1,0,0,0,Indeed
38,Current employee,Travel_Frequently,240,Research & Development,2,4,Life Sciences,1,4216,127671,1,Male,48,3,1,Research Scientist,4,Married,2723,23231,2,Y,No,11,3,2,80,0,1,0,2,1,0,0,0,Indeed
38,Current employee,Travel_Frequently,240,Research & Development,2,4,Life Sciences,1,4217,127672,1,Male,48,3,1,Research Scientist,4,Married,2723,23231,1,Y,No,11,3,2,80,0,1,0,2,1,0,0,0,Indeed
38,Current employee,Travel_Frequently,240,Research & Development,2,4,Life Sciences,1,4218,127673,1,Male,48,3,1,Research Scientist,4,Married,2723,23231,2,Y,No,11,3,2,80,0,1,0,2,1,0,0,0,Indeed
38,Current employee,Travel_Frequently,240,Research & Development,2,4,Life Sciences,1,4222,127677,1,Male,48,3,1,Research Scientist,4,Married,2723,23231,1,Y,No,11,3,2,80,0,1,0,2,1,0,0,0,Indeed
38,Current employee,Travel_Frequently,240,Research & Development,2,4,Life Sciences,1,4224,127679,1,Male,48,3,1,Research Scientist,4,Married,2723,23231,2,Y,No,11,3,2,80,0,1,0,2,1,0,0,0,Indeed
38,Current employee,Travel_Frequently,240,Research & Development,2,4,Life Sciences,1,4225,127680,1,Male,48,3,1,Research Scientist,4,Married,2723,23231,1,Y,No,11,3,2,80,0,1,0,2,1,0,0,0,Indeed
38,Current employee,Non-Travel,1327,Sales,2,2,Life Sciences,1,4260,127715,4,Male,39,2,2,Sales Executive,4,Married,5249,19682,3,Y,No,18,3,4,80,1,13,0,3,8,7,7,5,Company Website
38,Current employee,Non-Travel,1327,Sales,2,2,Life Sciences,1,3538,127717,4,Male,39,2,2,Sales Executive,4,Married,5249,19682,4,Y,No,18,3,4,80,1,13,0,3,8,7,7,5,Company Website
38,Current employee,Non-Travel,1327,Sales,2,2,Life Sciences,1,4266,127721,4,Male,39,2,2,Sales Executive,4,Married,5249,19682,3,Y,No,18,3,4,80,1,13,0,3,8,7,7,5,Company Website
38,Current employee,Non-Travel,1327,Sales,2,2,Life Sciences,1,4267,127722,4,Male,39,2,2,Sales Executive,4,Married,5249,19682,4,Y,No,18,3,4,80,1,13,0,3,8,7,7,5,Company Website
38,Current employee,Non-Travel,1327,Sales,2,2,Life Sciences,1,4268,127723,4,Male,39,2,2,Sales Executive,4,Married,5249,19682,3,Y,No,18,3,4,80,1,13,0,3,8,7,7,5,Company Website
38,Current employee,Non-Travel,1327,Sales,2,2,Life Sciences,1,4270,127725,4,Male,39,2,2,Sales Executive,4,Married,5249,19682,4,Y,No,18,3,4,80,1,13,0,3,8,7,7,5,Company Website
38,Current employee,Non-Travel,1327,Sales,2,2,Life Sciences,1,4274,127729,4,Male,39,2,2,Sales Executive,4,Married,5249,19682,3,Y,No,18,3,4,80,1,13,0,3,8,7,7,5,Company Website
38,Current employee,Non-Travel,1327,Sales,2,2,Life Sciences,1,4275,127730,4,Male,39,2,2,Sales Executive,4,Married,5249,19682,4,Y,No,18,3,4,80,1,13,0,3,8,7,7,5,Company Website
38,Current employee,Travel_Frequently,471,Research & Development,12,3,Life Sciences,1,4475,127930,1,Male,49,2,1,Research Scientist,3,Single,3230,10531,1,Y,No,17,3,1,80,0,3,4,4,3,2,1,0,Adzuna
38,Current employee,Travel_Frequently,471,Research & Development,12,3,Medical,1,4477,127932,1,Male,49,2,1,Research Scientist,3,Single,3230,10531,3,Y,No,17,4,1,80,0,3,4,4,3,2,1,0,Adzuna
38,Current employee,Travel_Frequently,471,Research & Development,12,3,Life Sciences,1,4480,127935,1,Male,49,2,1,Research Scientist,3,Single,3230,10531,1,Y,No,17,3,1,80,0,3,4,4,3,2,1,0,Adzuna
38,Current employee,Travel_Frequently,471,Research & Development,12,3,Medical,1,4481,127936,1,Male,49,2,1,Research Scientist,3,Single,3230,10531,3,Y,No,17,3,1,80,0,3,4,4,3,2,1,0,Adzuna
38,Current employee,Travel_Frequently,471,Research & Development,12,3,Life Sciences,1,4483,127938,1,Male,49,2,1,Research Scientist,3,Single,3230,10531,1,Y,No,17,3,1,80,0,3,4,4,3,2,1,0,Adzuna
38,Current employee,Travel_Frequently,471,Research & Development,12,3,Medical,1,4485,127940,1,Male,49,2,1,Research Scientist,3,Single,3230,10531,3,Y,No,17,4,1,80,0,3,4,4,3,2,1,0,Adzuna
38,Current employee,Travel_Frequently,471,Research & Development,12,3,Life Sciences,1,4488,127943,1,Male,49,2,1,Research Scientist,3,Single,3230,10531,1,Y,No,17,3,1,80,0,3,4,4,3,2,1,0,Adzuna
38,Current employee,Travel_Frequently,471,Research & Development,12,3,Medical,1,4489,127944,1,Male,49,2,1,Research Scientist,3,Single,3230,10531,3,Y,No,17,3,1,80,0,3,4,4,3,2,1,0,Adzuna
38,Current employee,Travel_Rarely,322,Sales,7,2,Medical,1,4522,127977,1,Female,44,4,2,Sales Executive,1,Divorced,5605,19191,1,Y,Yes,24,3,3,80,1,8,3,3,8,0,7,7,Indeed
38,Current employee,Travel_Rarely,322,Sales,7,2,Marketing,1,4525,127980,1,Female,44,4,2,Sales Executive,1,Divorced,5605,19191,5,Y,Yes,24,4,3,80,1,8,3,3,8,0,7,7,Indeed
38,Current employee,Travel_Rarely,322,Sales,7,2,Medical,1,4528,127983,1,Female,44,4,2,Sales Executive,1,Divorced,5605,19191,1,Y,Yes,24,4,3,80,1,8,3,3,8,0,7,7,Indeed
38,Current employee,Travel_Rarely,322,Sales,7,2,Marketing,1,4529,127984,1,Female,44,4,2,Sales Executive,1,Divorced,5605,19191,5,Y,Yes,24,4,3,80,1,8,3,3,8,0,7,7,Indeed
38,Current employee,Travel_Rarely,322,Sales,7,2,Medical,1,4530,127985,1,Female,44,4,2,Sales Executive,1,Divorced,5605,19191,1,Y,Yes,24,3,3,80,1,8,3,3,8,0,7,7,Indeed
38,Current employee,Travel_Rarely,322,Sales,7,2,Marketing,1,4533,127988,1,Female,44,4,2,Sales Executive,1,Divorced,5605,19191,5,Y,Yes,24,4,3,80,1,8,3,3,8,0,7,7,Indeed
38,Current employee,Travel_Rarely,322,Sales,7,2,Medical,1,4536,127991,1,Female,44,4,2,Sales Executive,1,Divorced,5605,19191,1,Y,Yes,24,4,3,80,1,8,3,3,8,0,7,7,Indeed
38,Current employee,Travel_Rarely,322,Sales,7,2,Marketing,1,4537,127992,1,Female,44,4,2,Sales Executive,1,Divorced,5605,19191,5,Y,Yes,24,4,3,80,1,8,3,3,8,0,7,7,Indeed
38,Current employee,Travel_Rarely,688,Research & Development,23,4,Life Sciences,1,4688,128143,4,Male,82,3,2,Healthcare Representative,4,Divorced,5745,18899,9,Y,No,14,3,2,80,1,10,2,3,2,2,1,2,LinkedIn
38,Current employee,Travel_Rarely,688,Research & Development,23,4,Other,1,4691,128146,4,Male,82,3,2,Healthcare Representative,4,Divorced,5745,18899,0,Y,No,14,3,2,80,1,10,2,3,2,2,1,2,LinkedIn
38,Current employee,Travel_Rarely,688,Research & Development,23,4,Life Sciences,1,4694,128149,4,Male,82,3,2,Healthcare Representative,4,Divorced,5745,18899,9,Y,No,14,3,2,80,1,10,2,3,2,2,1,2,LinkedIn
38,Current employee,Travel_Rarely,688,Research & Development,23,4,Other,1,4695,128150,4,Male,82,3,2,Healthcare Representative,4,Divorced,5745,18899,0,Y,No,14,3,2,80,1,10,2,3,2,2,1,2,LinkedIn
38,Current employee,Travel_Rarely,688,Research & Development,23,4,Life Sciences,1,4696,128151,4,Male,82,3,2,Healthcare Representative,4,Divorced,5745,18899,9,Y,No,14,3,2,80,1,10,2,3,2,2,1,2,LinkedIn
38,Current employee,Travel_Rarely,688,Research & Development,23,4,Other,1,4699,128154,4,Male,82,3,2,Healthcare Representative,4,Divorced,5745,18899,0,Y,No,14,3,2,80,1,10,2,3,2,2,1,2,LinkedIn
38,Current employee,Travel_Rarely,688,Research & Development,23,4,Life Sciences,1,4702,128157,4,Male,82,3,2,Healthcare Representative,4,Divorced,5745,18899,9,Y,No,14,3,2,80,1,10,2,3,2,2,1,2,LinkedIn
38,Current employee,Travel_Rarely,688,Research & Development,23,4,Other,1,4703,128158,4,Male,82,3,2,Healthcare Representative,4,Divorced,5745,18899,0,Y,No,14,3,2,80,1,10,2,3,2,2,1,2,LinkedIn
38,Current employee,Travel_Rarely,849,Research & Development,25,2,Life Sciences,1,4993,128448,1,Female,81,2,3,Research Director,2,Married,12061,26707,3,Y,No,17,3,3,80,1,19,2,3,10,8,0,1,Seek
38,Current employee,Travel_Rarely,849,Research & Development,25,2,Technical Degree,1,4996,128451,1,Female,81,2,3,Research Director,2,Married,12061,26707,2,Y,No,17,3,3,80,1,19,2,3,10,8,0,1,Seek
38,Current employee,Travel_Rarely,849,Research & Development,25,2,Life Sciences,1,4999,128454,1,Female,81,2,3,Research Director,2,Married,12061,26707,3,Y,No,17,3,3,80,1,19,2,3,10,8,0,1,Seek
38,Current employee,Travel_Rarely,849,Research & Development,25,2,Technical Degree,1,5000,128455,1,Female,81,2,3,Research Director,2,Married,12061,26707,2,Y,No,17,3,3,80,1,19,2,3,10,8,0,1,Seek
38,Current employee,Travel_Rarely,849,Research & Development,25,2,Life Sciences,1,5001,128456,1,Female,81,2,3,Research Director,2,Married,12061,26707,3,Y,No,17,3,3,80,1,19,2,3,10,8,0,1,Seek
38,Current employee,Travel_Rarely,849,Research & Development,25,2,Technical Degree,1,5004,128459,1,Female,81,2,3,Research Director,2,Married,12061,26707,2,Y,No,17,3,3,80,1,19,2,3,10,8,0,1,Seek
38,Current employee,Travel_Rarely,849,Research & Development,25,2,Life Sciences,1,5007,128462,1,Female,81,2,3,Research Director,2,Married,12061,26707,3,Y,No,17,3,3,80,1,19,2,3,10,8,0,1,Seek
38,Current employee,Travel_Rarely,849,Research & Development,25,2,Technical Degree,1,5008,128463,1,Female,81,2,3,Research Director,2,Married,12061,26707,2,Y,No,17,3,3,80,1,19,2,3,10,8,0,1,Seek
38,Current employee,Travel_Rarely,1035,Sales,3,4,Life Sciences,1,5404,128859,2,Female,52,3,3,Healthcare Representative,1,Married,9985,9262,8,Y,No,16,3,1,80,1,10,1,2,1,0,0,0,Company Website
38,Current employee,Travel_Rarely,1035,Sales,3,4,Life Sciences,1,5405,128860,2,Female,52,3,3,Healthcare Representative,1,Married,9985,9262,0,Y,No,16,3,1,80,1,10,1,2,1,0,0,0,Company Website
38,Current employee,Travel_Rarely,1035,Sales,3,4,Life Sciences,1,5407,128862,2,Female,52,3,3,Healthcare Representative,1,Married,9985,9262,8,Y,No,16,3,1,80,1,10,1,2,1,0,0,0,Company Website
38,Current employee,Travel_Rarely,1035,Sales,3,4,Life Sciences,1,5408,128863,2,Female,52,3,3,Healthcare Representative,1,Married,9985,9262,0,Y,No,16,3,1,80,1,10,1,2,1,0,0,0,Company Website
38,Current employee,Travel_Rarely,1035,Sales,3,4,Life Sciences,1,5412,128867,2,Female,52,3,3,Healthcare Representative,1,Married,9985,9262,8,Y,No,16,3,1,80,1,10,1,2,1,0,0,0,Company Website
38,Current employee,Travel_Rarely,1035,Sales,3,4,Life Sciences,1,5413,128868,2,Female,52,3,3,Healthcare Representative,1,Married,9985,9262,0,Y,No,16,3,1,80,1,10,1,2,1,0,0,0,Company Website
38,Current employee,Travel_Rarely,1035,Sales,3,4,Life Sciences,1,5415,128870,2,Female,52,3,3,Healthcare Representative,1,Married,9985,9262,8,Y,No,16,3,1,80,1,10,1,2,1,0,0,0,Company Website
38,Current employee,Travel_Rarely,1035,Sales,3,4,Life Sciences,1,5416,128871,2,Female,52,3,3,Healthcare Representative,1,Married,9985,9262,0,Y,No,16,3,1,80,1,10,1,2,1,0,0,0,Company Website
38,Current employee,Travel_Rarely,343,Research & Development,15,2,Life Sciences,1,5528,128983,3,Male,92,2,3,Research Director,4,Divorced,11510,15682,0,Y,Yes,14,3,2,80,1,12,3,3,11,10,2,9,GlassDoor
38,Current employee,Travel_Rarely,343,Research & Development,15,2,Medical,1,5531,128986,3,Male,92,2,3,Research Director,4,Divorced,11510,15682,2,Y,Yes,14,3,2,80,1,12,3,3,11,10,2,9,GlassDoor
38,Current employee,Travel_Rarely,343,Research & Development,15,2,Life Sciences,1,5534,128989,3,Male,92,2,3,Research Director,4,Divorced,11510,15682,0,Y,Yes,14,3,2,80,1,12,3,3,11,10,2,9,GlassDoor
38,Current employee,Travel_Rarely,343,Research & Development,15,2,Medical,1,5535,128990,3,Male,92,2,3,Research Director,4,Divorced,11510,15682,2,Y,Yes,14,3,2,80,1,12,3,3,11,10,2,9,GlassDoor
38,Current employee,Travel_Rarely,343,Research & Development,15,2,Life Sciences,1,5536,128991,3,Male,92,2,3,Research Director,4,Divorced,11510,15682,0,Y,Yes,14,3,2,80,1,12,3,3,11,10,2,9,GlassDoor
38,Current employee,Travel_Rarely,343,Research & Development,15,2,Medical,1,5539,128994,3,Male,92,2,3,Research Director,4,Divorced,11510,15682,2,Y,Yes,14,3,2,80,1,12,3,3,11,10,2,9,GlassDoor
38,Current employee,Travel_Rarely,343,Research & Development,15,2,Life Sciences,1,5542,128997,3,Male,92,2,3,Research Director,4,Divorced,11510,15682,0,Y,Yes,14,3,2,80,1,12,3,3,11,10,2,9,GlassDoor
38,Current employee,Travel_Rarely,343,Research & Development,15,2,Medical,1,5543,128998,3,Male,92,2,3,Research Director,4,Divorced,11510,15682,2,Y,Yes,14,3,2,80,1,12,3,3,11,10,2,9,GlassDoor
38,Current employee,Travel_Rarely,330,Research & Development,17,1,Life Sciences,1,5577,129032,2,Male,52,3,3,Manufacturing Director,2,Single,8095,18264,0,Y,No,13,3,4,80,0,17,5,3,16,6,0,13,Referral
38,Current employee,Travel_Rarely,330,Research & Development,17,1,Medical,1,5579,129034,2,Male,52,3,3,Manufacturing Director,2,Single,8095,18264,1,Y,No,13,3,4,80,0,17,5,3,16,6,0,13,Referral
38,Current employee,Travel_Rarely,330,Research & Development,17,1,Life Sciences,1,5582,129037,2,Male,52,3,3,Manufacturing Director,2,Single,8095,18264,0,Y,No,13,3,4,80,0,17,5,3,16,6,0,13,Referral
38,Current employee,Travel_Rarely,330,Research & Development,17,1,Medical,1,5583,129038,2,Male,52,3,3,Manufacturing Director,2,Single,8095,18264,1,Y,No,13,3,4,80,0,17,5,3,16,6,0,13,Referral
38,Current employee,Travel_Rarely,330,Research & Development,17,1,Life Sciences,1,5585,129040,2,Male,52,3,3,Manufacturing Director,2,Single,8095,18264,0,Y,No,13,3,4,80,0,17,5,3,16,6,0,13,Referral
38,Current employee,Travel_Rarely,330,Research & Development,17,1,Medical,1,5587,129042,2,Male,52,3,3,Manufacturing Director,2,Single,8095,18264,1,Y,No,13,3,4,80,0,17,5,3,16,6,0,13,Referral
38,Current employee,Travel_Rarely,330,Research & Development,17,1,Life Sciences,1,5590,129045,2,Male,52,3,3,Manufacturing Director,2,Single,8095,18264,0,Y,No,13,3,4,80,0,17,5,3,16,6,0,13,Referral
38,Current employee,Travel_Rarely,330,Research & Development,17,1,Medical,1,5591,129046,2,Male,52,3,3,Manufacturing Director,2,Single,8095,18264,1,Y,No,13,3,4,80,0,17,5,3,16,6,0,13,Referral
38,Current employee,Travel_Frequently,1490,Research & Development,2,2,Life Sciences,1,6716,130171,4,Male,42,3,1,Laboratory Technician,4,Married,1702,12106,1,Y,Yes,23,3,3,80,1,1,3,3,1,0,0,0,Adzuna
38,Current employee,Travel_Frequently,1490,Research & Development,2,2,Life Sciences,1,6718,130173,4,Male,42,3,1,Laboratory Technician,4,Married,1702,12106,1,Y,Yes,23,3,3,80,1,1,3,3,1,0,0,0,Adzuna
38,Current employee,Travel_Frequently,1490,Research & Development,2,2,Life Sciences,1,6720,130175,4,Male,42,3,1,Laboratory Technician,4,Married,1702,12106,1,Y,Yes,23,4,3,80,1,1,3,3,1,0,0,0,Adzuna
38,Current employee,Travel_Frequently,1490,Research & Development,2,2,Life Sciences,1,6721,130176,4,Male,42,3,1,Laboratory Technician,4,Married,1702,12106,1,Y,Yes,23,4,3,80,1,1,3,3,1,0,0,0,Adzuna
38,Current employee,Travel_Frequently,1490,Research & Development,2,2,Life Sciences,1,6725,130180,4,Male,42,3,1,Laboratory Technician,4,Married,1702,12106,1,Y,Yes,23,3,3,80,1,1,3,3,1,0,0,0,Adzuna
38,Current employee,Travel_Frequently,1490,Research & Development,2,2,Life Sciences,1,6727,130182,4,Male,42,3,1,Laboratory Technician,4,Married,1702,12106,1,Y,Yes,23,4,3,80,1,1,3,3,1,0,0,0,Adzuna
38,Current employee,Travel_Frequently,1490,Research & Development,2,2,Life Sciences,1,6728,130183,4,Male,42,3,1,Laboratory Technician,4,Married,1702,12106,1,Y,Yes,23,4,3,80,1,1,3,3,1,0,0,0,Adzuna
38,Current employee,Travel_Rarely,1009,Sales,2,2,Life Sciences,1,6897,130352,2,Female,56,3,2,Manufacturing Director,4,Divorced,5070,7389,5,Y,No,13,3,3,80,3,20,2,3,5,0,0,4,GlassDoor
38,Current employee,Travel_Rarely,1009,Sales,2,2,Life Sciences,1,6899,130354,2,Female,56,3,2,Manufacturing Director,4,Divorced,5070,7389,1,Y,No,13,3,3,80,3,20,2,3,5,0,0,4,GlassDoor
38,Current employee,Travel_Rarely,1009,Sales,2,2,Life Sciences,1,6900,130355,2,Female,56,3,2,Manufacturing Director,4,Divorced,5070,7389,5,Y,No,13,3,3,80,3,20,2,3,5,0,0,4,GlassDoor
38,Current employee,Travel_Rarely,1009,Sales,2,2,Life Sciences,1,6901,130356,2,Female,56,3,2,Manufacturing Director,4,Divorced,5070,7389,1,Y,No,13,3,3,80,3,20,2,3,5,0,0,4,GlassDoor
38,Current employee,Travel_Rarely,1009,Sales,2,2,Life Sciences,1,6904,130359,2,Female,56,3,2,Manufacturing Director,4,Divorced,5070,7389,5,Y,No,13,3,3,80,3,20,2,3,5,0,0,4,GlassDoor
38,Current employee,Travel_Rarely,1009,Sales,2,2,Life Sciences,1,6906,130361,2,Female,56,3,2,Manufacturing Director,4,Divorced,5070,7389,1,Y,No,13,3,3,80,3,20,2,3,5,0,0,4,GlassDoor
38,Current employee,Travel_Rarely,1009,Sales,2,2,Life Sciences,1,6907,130362,2,Female,56,3,2,Manufacturing Director,4,Divorced,5070,7389,5,Y,No,13,3,3,80,3,20,2,3,5,0,0,4,GlassDoor
38,Current employee,Travel_Rarely,1009,Sales,2,2,Life Sciences,1,6908,130363,2,Female,56,3,2,Manufacturing Director,4,Divorced,5070,7389,1,Y,No,13,3,3,80,3,20,2,3,5,0,0,4,GlassDoor
38,Current employee,Travel_Frequently,693,Research & Development,7,3,Life Sciences,1,7000,130455,2,Male,56,3,3,Manager,3,Married,13610,24619,7,Y,Yes,12,3,4,80,0,15,2,4,7,6,7,7,Jora
38,Current employee,Travel_Frequently,693,Research & Development,7,3,Marketing,1,7001,130456,2,Male,56,3,3,Manager,3,Married,13610,24619,1,Y,Yes,12,3,4,80,0,15,2,4,7,6,7,7,Jora
38,Current employee,Travel_Frequently,693,Research & Development,7,3,Life Sciences,1,7005,130460,2,Male,56,3,3,Manager,3,Married,13610,24619,7,Y,Yes,12,3,4,80,0,15,2,4,7,6,7,7,Jora
38,Current employee,Travel_Frequently,693,Research & Development,7,3,Marketing,1,7006,130461,2,Male,56,3,3,Manager,3,Married,13610,24619,1,Y,Yes,12,3,4,80,0,15,2,4,7,6,7,7,Jora
38,Current employee,Travel_Frequently,693,Research & Development,7,3,Life Sciences,1,7007,130462,2,Male,56,3,3,Manager,3,Married,13610,24619,7,Y,Yes,12,3,4,80,0,15,2,4,7,6,7,7,Jora
38,Current employee,Travel_Frequently,693,Research & Development,7,3,Marketing,1,7008,130463,2,Male,56,3,3,Manager,3,Married,13610,24619,1,Y,Yes,12,3,4,80,0,15,2,4,7,6,7,7,Jora
38,Current employee,Travel_Frequently,693,Research & Development,7,3,Life Sciences,1,7012,130467,2,Male,56,3,3,Manager,3,Married,13610,24619,7,Y,Yes,12,3,4,80,0,15,2,4,7,6,7,7,Jora
38,Current employee,Travel_Frequently,693,Research & Development,7,3,Marketing,1,7013,130468,2,Male,56,3,3,Manager,3,Married,13610,24619,1,Y,Yes,12,3,4,80,0,15,2,4,7,6,7,7,Jora
38,Current employee,Travel_Rarely,1495,Research & Development,10,3,Medical,1,7557,131012,3,Female,76,3,2,Healthcare Representative,3,Married,9824,22174,3,Y,No,19,3,3,80,1,18,4,3,1,0,0,0,Recruit.net
38,Current employee,Travel_Rarely,1495,Research & Development,10,3,Medical,1,7559,131014,3,Female,76,3,2,Healthcare Representative,3,Married,9824,22174,0,Y,No,19,4,3,80,1,18,4,3,1,0,0,0,Recruit.net
38,Current employee,Travel_Rarely,1495,Research & Development,10,3,Medical,1,7563,131018,3,Female,76,3,2,Healthcare Representative,3,Married,9824,22174,3,Y,No,19,3,3,80,1,18,4,3,1,0,0,0,Recruit.net
38,Current employee,Travel_Rarely,1495,Research & Development,10,3,Medical,1,7564,131019,3,Female,76,3,2,Healthcare Representative,3,Married,9824,22174,0,Y,No,19,3,3,80,1,18,4,3,1,0,0,0,Recruit.net
38,Current employee,Travel_Rarely,1495,Research & Development,10,3,Medical,1,7565,131020,3,Female,76,3,2,Healthcare Representative,3,Married,9824,22174,3,Y,No,19,3,3,80,1,18,4,3,1,0,0,0,Recruit.net
38,Current employee,Travel_Rarely,1495,Research & Development,10,3,Medical,1,7567,131022,3,Female,76,3,2,Healthcare Representative,3,Married,9824,22174,0,Y,No,19,4,3,80,1,18,4,3,1,0,0,0,Recruit.net
38,Current employee,Travel_Rarely,1495,Research & Development,10,3,Medical,1,7571,131026,3,Female,76,3,2,Healthcare Representative,3,Married,9824,22174,3,Y,No,19,3,3,80,1,18,4,3,1,0,0,0,Recruit.net
38,Current employee,Travel_Rarely,1495,Research & Development,10,3,Medical,1,7572,131027,3,Female,76,3,2,Healthcare Representative,3,Married,9824,22174,0,Y,No,19,3,3,80,1,18,4,3,1,0,0,0,Recruit.net
38,Current employee,Travel_Rarely,362,Research & Development,1,1,Life Sciences,1,7849,131304,3,Female,43,3,1,Research Scientist,1,Single,2619,14561,3,Y,No,17,3,4,80,0,8,3,2,0,0,0,0,Seek
38,Current employee,Travel_Rarely,362,Research & Development,1,1,Life Sciences,1,7851,131306,3,Female,43,3,1,Research Scientist,1,Single,2619,14561,2,Y,No,17,3,4,80,0,8,3,2,0,0,0,0,Seek
38,Current employee,Travel_Rarely,362,Research & Development,1,1,Life Sciences,1,7855,131310,3,Female,43,3,1,Research Scientist,1,Single,2619,14561,3,Y,No,17,3,4,80,0,8,3,2,0,0,0,0,Seek
38,Current employee,Travel_Rarely,362,Research & Development,1,1,Life Sciences,1,7856,131311,3,Female,43,3,1,Research Scientist,1,Single,2619,14561,2,Y,No,17,3,4,80,0,8,3,2,0,0,0,0,Seek
38,Current employee,Travel_Rarely,362,Research & Development,1,1,Life Sciences,1,7858,131313,3,Female,43,3,1,Research Scientist,1,Single,2619,14561,2,Y,No,17,3,4,80,0,8,3,2,0,0,0,0,Seek
38,Current employee,Travel_Rarely,362,Research & Development,1,1,Life Sciences,1,7862,131317,3,Female,43,3,1,Research Scientist,1,Single,2619,14561,3,Y,No,17,3,4,80,0,8,3,2,0,0,0,0,Seek
38,Current employee,Travel_Rarely,362,Research & Development,1,1,Life Sciences,1,7863,131318,3,Female,43,3,1,Research Scientist,1,Single,2619,14561,2,Y,No,17,3,4,80,0,8,3,2,0,0,0,0,Seek
38,Current employee,Travel_Rarely,1245,Sales,14,3,Life Sciences,1,7912,131367,2,Female,59,3,1,Sales Representative,3,Divorced,2579,2912,1,Y,Yes,18,3,4,80,2,8,3,3,8,2,0,6,Seek
38,Current employee,Travel_Rarely,1245,Sales,14,3,Medical,1,7914,131369,2,Female,59,3,1,Sales Representative,3,Divorced,2579,2912,9,Y,Yes,18,3,4,80,2,8,3,3,8,2,0,6,Seek
38,Current employee,Travel_Rarely,1245,Sales,14,3,Life Sciences,1,7917,131372,2,Female,59,3,1,Sales Representative,3,Divorced,2579,2912,1,Y,Yes,18,3,4,80,2,8,3,3,8,2,0,6,Seek
38,Current employee,Travel_Rarely,1245,Sales,14,3,Medical,1,7918,131373,2,Female,59,3,1,Sales Representative,3,Divorced,2579,2912,9,Y,Yes,18,3,4,80,2,8,3,3,8,2,0,6,Seek
38,Current employee,Travel_Rarely,1245,Sales,14,3,Life Sciences,1,7920,131375,2,Female,59,3,1,Sales Representative,3,Divorced,2579,2912,1,Y,Yes,18,3,4,80,2,8,3,3,8,2,0,6,Seek
38,Current employee,Travel_Rarely,1245,Sales,14,3,Medical,1,7922,131377,2,Female,59,3,1,Sales Representative,3,Divorced,2579,2912,9,Y,Yes,18,3,4,80,2,8,3,3,8,2,0,6,Seek
38,Current employee,Travel_Rarely,1245,Sales,14,3,Life Sciences,1,7925,131380,2,Female,59,3,1,Sales Representative,3,Divorced,2579,2912,1,Y,Yes,18,3,4,80,2,8,3,3,8,2,0,6,Seek
38,Current employee,Travel_Rarely,1245,Sales,14,3,Medical,1,7926,131381,2,Female,59,3,1,Sales Representative,3,Divorced,2579,2912,9,Y,Yes,18,3,4,80,2,8,3,3,8,2,0,6,Seek
38,Current employee,Travel_Rarely,437,Sales,16,3,Life Sciences,1,7928,131383,2,Male,59,3,1,Sales Representative,1,Divorced,3041,16346,0,Y,No,11,4,2,80,1,5,3,3,4,3,0,2,Company Website
38,Current employee,Travel_Rarely,437,Sales,16,3,Medical,1,7930,131385,2,Male,59,3,1,Sales Representative,1,Divorced,3041,16346,9,Y,No,11,4,2,80,1,5,3,3,4,3,0,2,Company Website
38,Current employee,Travel_Rarely,437,Sales,16,3,Life Sciences,1,7933,131388,2,Male,59,3,1,Sales Representative,1,Divorced,3041,16346,0,Y,No,11,3,2,80,1,5,3,3,4,3,0,2,Company Website
38,Current employee,Travel_Rarely,437,Sales,16,3,Medical,1,7934,131389,2,Male,59,3,1,Sales Representative,1,Divorced,3041,16346,9,Y,No,11,3,2,80,1,5,3,3,4,3,0,2,Company Website
38,Current employee,Travel_Rarely,437,Sales,16,3,Life Sciences,1,7936,131391,2,Male,59,3,1,Sales Representative,1,Divorced,3041,16346,0,Y,No,11,4,2,80,1,5,3,3,4,3,0,2,Company Website
38,Current employee,Travel_Rarely,437,Sales,16,3,Medical,1,7938,131393,2,Male,59,3,1,Sales Representative,1,Divorced,3041,16346,9,Y,No,11,4,2,80,1,5,3,3,4,3,0,2,Company Website
38,Current employee,Travel_Rarely,437,Sales,16,3,Life Sciences,1,7941,131396,2,Male,59,3,1,Sales Representative,1,Divorced,3041,16346,0,Y,No,11,3,2,80,1,5,3,3,4,3,0,2,Company Website
38,Current employee,Travel_Rarely,437,Sales,16,3,Medical,1,7942,131397,2,Male,59,3,1,Sales Representative,1,Divorced,3041,16346,9,Y,No,11,3,2,80,1,5,3,3,4,3,0,2,Company Website
38,Current employee,Travel_Rarely,243,Sales,7,4,Marketing,1,8294,131749,4,Female,46,2,2,Sales Executive,4,Single,4028,7791,0,Y,No,20,4,1,80,0,8,2,3,7,7,0,5,GlassDoor
38,Current employee,Travel_Rarely,243,Sales,7,4,Marketing,1,8297,131752,4,Female,46,2,2,Sales Executive,4,Single,4028,7791,5,Y,No,20,3,1,80,0,8,2,3,7,7,0,5,GlassDoor
38,Current employee,Travel_Rarely,243,Sales,7,4,Marketing,1,8298,131753,4,Female,46,2,2,Sales Executive,4,Single,4028,7791,0,Y,No,20,4,1,80,0,8,2,3,7,7,0,5,GlassDoor
38,Current employee,Travel_Rarely,243,Sales,7,4,Marketing,1,8299,131754,4,Female,46,2,2,Sales Executive,4,Single,4028,7791,5,Y,No,20,4,1,80,0,8,2,3,7,7,0,5,GlassDoor
38,Current employee,Travel_Rarely,243,Sales,7,4,Marketing,1,8302,131757,4,Female,46,2,2,Sales Executive,4,Single,4028,7791,0,Y,No,20,4,1,80,0,8,2,3,7,7,0,5,GlassDoor
38,Current employee,Travel_Rarely,243,Sales,7,4,Marketing,1,8305,131760,4,Female,46,2,2,Sales Executive,4,Single,4028,7791,5,Y,No,20,3,1,80,0,8,2,3,7,7,0,5,GlassDoor
38,Current employee,Travel_Rarely,243,Sales,7,4,Marketing,1,8306,131761,4,Female,46,2,2,Sales Executive,4,Single,4028,7791,0,Y,No,20,4,1,80,0,8,2,3,7,7,0,5,GlassDoor
38,Current employee,Travel_Rarely,243,Sales,7,4,Marketing,1,8307,131762,4,Female,46,2,2,Sales Executive,4,Single,4028,7791,5,Y,No,20,4,1,80,0,8,2,3,7,7,0,5,GlassDoor
38,Current employee,Travel_Frequently,1189,Research & Development,1,3,Life Sciences,1,8343,131798,2,Female,60,4,2,Sales Executive,4,Divorced,4647,16673,1,Y,Yes,20,3,2,80,2,6,3,3,6,5,0,4,Adzuna
38,Current employee,Travel_Frequently,1189,Research & Development,1,3,Life Sciences,1,8344,131799,2,Female,60,4,2,Sales Executive,4,Divorced,4647,16673,4,Y,Yes,20,3,2,80,2,6,3,3,6,5,0,4,Adzuna
38,Current employee,Travel_Frequently,1189,Research & Development,1,3,Life Sciences,1,8348,131803,2,Female,60,4,2,Sales Executive,4,Divorced,4647,16673,1,Y,Yes,20,4,2,80,2,6,3,3,6,5,0,4,Adzuna
38,Current employee,Travel_Frequently,1189,Research & Development,1,3,Life Sciences,1,8349,131804,2,Female,60,4,2,Sales Executive,4,Divorced,4647,16673,4,Y,Yes,20,4,2,80,2,6,3,3,6,5,0,4,Adzuna
38,Current employee,Travel_Frequently,1189,Research & Development,1,3,Life Sciences,1,8351,131806,2,Female,60,4,2,Sales Executive,4,Divorced,4647,16673,1,Y,Yes,20,3,2,80,2,6,3,3,6,5,0,4,Adzuna
38,Current employee,Travel_Frequently,1189,Research & Development,1,3,Life Sciences,1,8352,131807,2,Female,60,4,2,Sales Executive,4,Divorced,4647,16673,4,Y,Yes,20,3,2,80,2,6,3,3,6,5,0,4,Adzuna
38,Current employee,Travel_Frequently,1189,Research & Development,1,3,Life Sciences,1,8356,131811,2,Female,60,4,2,Sales Executive,4,Divorced,4647,16673,1,Y,Yes,20,4,2,80,2,6,3,3,6,5,0,4,Adzuna
38,Current employee,Travel_Frequently,1189,Research & Development,1,3,Life Sciences,1,8357,131812,2,Female,60,4,2,Sales Executive,4,Divorced,4647,16673,4,Y,Yes,20,4,2,80,2,6,3,3,6,5,0,4,Adzuna
38,Current employee,Travel_Rarely,827,Research & Development,1,4,Life Sciences,1,8476,131931,2,Female,33,4,2,Healthcare Representative,4,Single,7625,19383,0,Y,No,13,3,3,80,0,10,4,2,9,7,1,8,GlassDoor
38,Current employee,Travel_Rarely,827,Research & Development,1,4,Life Sciences,1,8478,131933,2,Female,33,4,2,Healthcare Representative,4,Single,7625,19383,0,Y,No,13,3,3,80,0,10,4,2,9,7,1,8,GlassDoor
38,Current employee,Travel_Rarely,827,Research & Development,1,4,Life Sciences,1,8480,131935,2,Female,33,4,2,Healthcare Representative,4,Single,7625,19383,0,Y,No,13,3,3,80,0,10,4,2,9,7,1,8,GlassDoor
38,Current employee,Travel_Rarely,827,Research & Development,1,4,Life Sciences,1,8481,131936,2,Female,33,4,2,Healthcare Representative,4,Single,7625,19383,0,Y,No,13,3,3,80,0,10,4,2,9,7,1,8,GlassDoor
38,Current employee,Travel_Rarely,827,Research & Development,1,4,Life Sciences,1,8484,131939,2,Female,33,4,2,Healthcare Representative,4,Single,7625,19383,0,Y,No,13,3,3,80,0,10,4,2,9,7,1,8,GlassDoor
38,Current employee,Travel_Rarely,827,Research & Development,1,4,Life Sciences,1,8485,131940,2,Female,33,4,2,Healthcare Representative,4,Single,7625,19383,1,Y,Yes,17,4,3,80,0,9,0,3,9,0,0,7,Recruit.net
38,Current employee,Travel_Rarely,827,Research & Development,1,4,Life Sciences,1,8486,131941,2,Female,33,4,2,Healthcare Representative,4,Single,7625,19383,1,Y,Yes,14,3,2,80,0,4,2,2,4,2,1,3,Indeed
38,Current employee,Travel_Rarely,827,Research & Development,1,4,Life Sciences,1,8488,131943,2,Female,33,4,2,Healthcare Representative,4,Single,7625,19383,0,Y,No,13,3,3,80,0,10,4,2,9,7,1,8,GlassDoor
38,Current employee,Travel_Rarely,827,Research & Development,1,4,Life Sciences,1,8490,131945,2,Female,33,4,2,Healthcare Representative,4,Single,7625,19383,0,Y,No,13,3,3,80,0,10,4,2,9,7,1,8,GlassDoor
38,Current employee,Travel_Rarely,827,Research & Development,1,4,Life Sciences,1,8491,131946,2,Female,33,4,2,Healthcare Representative,4,Single,7625,19383,0,Y,No,13,3,3,80,0,10,4,2,9,7,1,8,GlassDoor
38,Current employee,Travel_Rarely,168,Research & Development,1,3,Life Sciences,1,8709,132164,3,Female,81,3,3,Manufacturing Director,3,Single,7861,15397,4,Y,Yes,14,3,4,80,0,10,4,4,1,0,0,0,LinkedIn
38,Current employee,Travel_Rarely,168,Research & Development,1,3,Life Sciences,1,8711,132166,3,Female,81,3,3,Manufacturing Director,3,Single,7861,15397,1,Y,Yes,14,3,4,80,0,10,4,4,1,0,0,0,LinkedIn
38,Current employee,Travel_Rarely,168,Research & Development,1,3,Life Sciences,1,8715,132170,3,Female,81,3,3,Manufacturing Director,3,Single,7861,15397,4,Y,Yes,14,3,4,80,0,10,4,4,1,0,0,0,LinkedIn
38,Current employee,Travel_Rarely,168,Research & Development,1,3,Life Sciences,1,8716,132171,3,Female,81,3,3,Manufacturing Director,3,Single,7861,15397,1,Y,Yes,14,3,4,80,0,10,4,4,1,0,0,0,LinkedIn
38,Current employee,Travel_Rarely,168,Research & Development,1,3,Life Sciences,1,8717,132172,3,Female,81,3,3,Manufacturing Director,3,Single,7861,15397,4,Y,Yes,14,3,4,80,0,10,4,4,1,0,0,0,LinkedIn
38,Current employee,Travel_Rarely,168,Research & Development,1,3,Life Sciences,1,8718,132173,3,Female,81,3,3,Manufacturing Director,3,Single,7861,15397,0,Y,No,17,3,1,80,0,4,3,3,3,2,1,2,Jora
38,Current employee,Travel_Rarely,168,Research & Development,1,3,Life Sciences,1,8719,132174,3,Female,81,3,3,Manufacturing Director,3,Single,7861,15397,1,Y,No,11,4,4,80,0,16,2,3,16,15,1,10,Jora
38,Current employee,Travel_Rarely,168,Research & Development,1,3,Life Sciences,1,8721,132176,3,Female,81,3,3,Manufacturing Director,3,Single,7861,15397,1,Y,Yes,14,3,4,80,0,10,4,4,1,0,0,0,LinkedIn
38,Current employee,Travel_Rarely,168,Research & Development,1,3,Life Sciences,1,8725,132180,3,Female,81,3,3,Manufacturing Director,3,Single,7861,15397,4,Y,Yes,14,3,4,80,0,10,4,4,1,0,0,0,LinkedIn
38,Current employee,Travel_Rarely,168,Research & Development,1,3,Life Sciences,1,8726,132181,3,Female,81,3,3,Manufacturing Director,3,Single,7861,15397,1,Y,Yes,14,3,4,80,0,10,4,4,1,0,0,0,LinkedIn
38,Current employee,Travel_Rarely,268,Research & Development,2,5,Medical,1,8980,132435,4,Male,92,3,1,Research Scientist,3,Married,3057,20471,6,Y,Yes,13,3,2,80,1,6,0,1,1,0,0,1,Indeed
38,Current employee,Travel_Rarely,268,Research & Development,2,5,Life Sciences,1,8982,132437,4,Male,92,3,1,Research Scientist,3,Married,3057,20471,2,Y,Yes,13,3,2,80,1,6,0,1,1,0,0,1,Indeed
38,Current employee,Travel_Rarely,268,Research & Development,2,5,Medical,1,8984,132439,4,Male,92,3,1,Research Scientist,3,Married,3057,20471,6,Y,Yes,13,3,2,80,1,6,0,1,1,0,0,1,Indeed
38,Current employee,Travel_Rarely,268,Research & Development,2,5,Life Sciences,1,8985,132440,4,Male,92,3,1,Research Scientist,3,Married,3057,20471,2,Y,Yes,13,3,2,80,1,6,0,1,1,0,0,1,Indeed
38,Current employee,Travel_Rarely,268,Research & Development,2,5,Medical,1,8988,132443,4,Male,92,3,1,Research Scientist,3,Married,3057,20471,6,Y,Yes,13,3,2,80,1,6,0,1,1,0,0,1,Indeed
38,Current employee,Travel_Rarely,268,Research & Development,2,5,Life Sciences,1,8990,132445,4,Male,92,3,1,Research Scientist,3,Married,3057,20471,2,Y,Yes,13,3,2,80,1,6,0,1,1,0,0,1,Indeed
38,Current employee,Travel_Rarely,268,Research & Development,2,5,Medical,1,8992,132447,4,Male,92,3,1,Research Scientist,3,Married,3057,20471,6,Y,Yes,13,3,2,80,1,6,0,1,1,0,0,1,Indeed
38,Current employee,Travel_Frequently,240,Research & Development,2,4,Life Sciences,1,9284,132739,1,Female,75,4,2,Manufacturing Director,1,Single,5980,26085,6,Y,Yes,12,3,4,80,0,17,2,3,15,7,4,12,Seek
38,Current employee,Travel_Frequently,240,Research & Development,2,4,Life Sciences,1,9286,132741,1,Female,75,4,2,Manufacturing Director,1,Single,5980,26085,1,Y,Yes,12,3,4,80,0,17,2,3,15,7,4,12,Seek
38,Current employee,Travel_Frequently,240,Research & Development,2,4,Life Sciences,1,9290,132745,1,Female,75,4,2,Manufacturing Director,1,Single,5980,26085,6,Y,Yes,12,3,4,80,0,17,2,3,15,7,4,12,Seek
38,Current employee,Travel_Frequently,240,Research & Development,2,4,Life Sciences,1,9291,132746,1,Female,75,4,2,Manufacturing Director,1,Single,5980,26085,1,Y,Yes,12,3,4,80,0,17,2,3,15,7,4,12,Seek
38,Current employee,Travel_Frequently,240,Research & Development,2,4,Life Sciences,1,9292,132747,1,Female,75,4,2,Manufacturing Director,1,Single,5980,26085,6,Y,Yes,12,3,4,80,0,17,2,3,15,7,4,12,Seek
38,Current employee,Travel_Frequently,240,Research & Development,2,4,Life Sciences,1,9294,132749,1,Female,75,4,2,Manufacturing Director,1,Single,5980,26085,1,Y,Yes,12,3,4,80,0,17,2,3,15,7,4,12,Seek
38,Current employee,Travel_Frequently,240,Research & Development,2,4,Life Sciences,1,9298,132753,1,Female,75,4,2,Manufacturing Director,1,Single,5980,26085,6,Y,Yes,12,3,4,80,0,17,2,3,15,7,4,12,Seek
38,Current employee,Travel_Frequently,240,Research & Development,2,4,Life Sciences,1,9299,132754,1,Female,75,4,2,Manufacturing Director,1,Single,5980,26085,1,Y,Yes,12,3,4,80,0,17,2,3,15,7,4,12,Seek
38,Current employee,Travel_Rarely,1206,Research & Development,9,2,Life Sciences,1,9541,132996,3,Male,63,4,1,Research Scientist,3,Married,2700,23779,1,Y,No,24,3,3,80,1,10,3,3,10,7,0,7,Indeed
38,Current employee,Travel_Rarely,1206,Research & Development,9,2,Medical,1,9542,132997,3,Male,63,4,1,Research Scientist,3,Married,2700,23779,3,Y,No,24,4,3,80,1,10,3,3,10,7,0,7,Indeed
38,Current employee,Travel_Rarely,1206,Research & Development,9,2,Life Sciences,1,9546,133001,3,Male,63,4,1,Research Scientist,3,Married,2700,23779,1,Y,No,24,4,3,80,1,10,3,3,10,7,0,7,Indeed
38,Current employee,Travel_Rarely,1206,Research & Development,9,2,Medical,1,9547,133002,3,Male,63,4,1,Research Scientist,3,Married,2700,23779,3,Y,No,24,4,3,80,1,10,3,3,10,7,0,7,Indeed
38,Current employee,Travel_Rarely,1206,Research & Development,9,2,Life Sciences,1,9549,133004,3,Male,63,4,1,Research Scientist,3,Married,2700,23779,1,Y,No,24,3,3,80,1,10,3,3,10,7,0,7,Indeed
38,Current employee,Travel_Rarely,1206,Research & Development,9,2,Medical,1,9550,133005,3,Male,63,4,1,Research Scientist,3,Married,2700,23779,3,Y,No,24,4,3,80,1,10,3,3,10,7,0,7,Indeed
38,Current employee,Travel_Rarely,1206,Research & Development,9,2,Life Sciences,1,9554,133009,3,Male,63,4,1,Research Scientist,3,Married,2700,23779,1,Y,No,24,4,3,80,1,10,3,3,10,7,0,7,Indeed
38,Current employee,Travel_Rarely,1206,Research & Development,9,2,Medical,1,9555,133010,3,Male,63,4,1,Research Scientist,3,Married,2700,23779,3,Y,No,24,4,3,80,1,10,3,3,10,7,0,7,Indeed
38,Current employee,Travel_Rarely,1404,Sales,1,3,Life Sciences,1,9621,133076,3,Male,63,3,1,Human Resources,2,Married,2143,25527,4,Y,No,13,3,2,80,1,8,2,3,5,2,0,4,GlassDoor
38,Current employee,Travel_Rarely,1404,Sales,1,3,Life Sciences,1,9622,133077,3,Male,63,3,1,Human Resources,2,Married,2143,25527,0,Y,No,13,3,2,80,1,8,2,3,5,2,0,4,GlassDoor
38,Current employee,Travel_Rarely,1404,Sales,1,3,Life Sciences,1,9626,133081,3,Male,63,3,1,Human Resources,2,Married,2143,25527,4,Y,No,13,3,2,80,1,8,2,3,5,2,0,4,GlassDoor
38,Current employee,Travel_Rarely,1404,Sales,1,3,Life Sciences,1,9627,133082,3,Male,63,3,1,Human Resources,2,Married,2143,25527,0,Y,No,13,3,2,80,1,8,2,3,5,2,0,4,GlassDoor
38,Current employee,Travel_Rarely,1404,Sales,1,3,Life Sciences,1,9629,133084,3,Male,63,3,1,Human Resources,2,Married,2143,25527,4,Y,No,13,3,2,80,1,8,2,3,5,2,0,4,GlassDoor
38,Current employee,Travel_Rarely,1404,Sales,1,3,Life Sciences,1,9630,133085,3,Male,63,3,1,Human Resources,2,Married,2143,25527,0,Y,No,13,3,2,80,1,8,2,3,5,2,0,4,GlassDoor
38,Current employee,Travel_Rarely,1404,Sales,1,3,Life Sciences,1,9634,133089,3,Male,63,3,1,Human Resources,2,Married,2143,25527,4,Y,No,13,3,2,80,1,8,2,3,5,2,0,4,GlassDoor
38,Current employee,Travel_Rarely,1404,Sales,1,3,Life Sciences,1,9635,133090,3,Male,63,3,1,Human Resources,2,Married,2143,25527,0,Y,No,13,3,2,80,1,8,2,3,5,2,0,4,GlassDoor
38,Current employee,Travel_Frequently,471,Research & Development,12,3,Life Sciences,1,9716,133171,1,Male,45,2,2,Healthcare Representative,1,Divorced,6288,4284,2,Y,No,15,3,3,80,1,13,3,2,4,3,1,2,Indeed
38,Current employee,Travel_Frequently,471,Research & Development,12,3,Medical,1,9719,133174,1,Male,45,2,2,Healthcare Representative,1,Divorced,6288,4284,0,Y,No,15,3,3,80,1,13,3,2,4,3,1,2,Indeed
38,Current employee,Travel_Frequently,471,Research & Development,12,3,Life Sciences,1,9568,133175,1,Male,45,2,2,Healthcare Representative,1,Divorced,6288,4284,2,Y,No,15,3,3,80,1,13,3,2,4,3,1,2,Indeed
38,Current employee,Travel_Frequently,471,Research & Development,12,3,Medical,1,9721,133176,1,Male,45,2,2,Healthcare Representative,1,Divorced,6288,4284,0,Y,No,15,3,3,80,1,13,3,2,4,3,1,2,Indeed
38,Current employee,Travel_Frequently,471,Research & Development,12,3,Life Sciences,1,9724,133179,1,Male,45,2,2,Healthcare Representative,1,Divorced,6288,4284,2,Y,No,15,3,3,80,1,13,3,2,4,3,1,2,Indeed
38,Current employee,Travel_Frequently,471,Research & Development,12,3,Medical,1,9727,133182,1,Male,45,2,2,Healthcare Representative,1,Divorced,6288,4284,0,Y,No,15,3,3,80,1,13,3,2,4,3,1,2,Indeed
38,Current employee,Travel_Frequently,471,Research & Development,12,3,Life Sciences,1,9728,133183,1,Male,45,2,2,Healthcare Representative,1,Divorced,6288,4284,2,Y,No,15,3,3,80,1,13,3,2,4,3,1,2,Indeed
38,Current employee,Travel_Frequently,471,Research & Development,12,3,Medical,1,9729,133184,1,Male,45,2,2,Healthcare Representative,1,Divorced,6288,4284,0,Y,No,15,3,3,80,1,13,3,2,4,3,1,2,Indeed
38,Current employee,Travel_Rarely,1321,Sales,1,4,Life Sciences,1,9765,133220,3,Male,63,3,2,Sales Executive,4,Single,5160,21519,4,Y,No,16,3,3,80,0,12,3,2,9,7,7,3,Company Website
38,Current employee,Travel_Rarely,1321,Sales,1,4,Life Sciences,1,9766,133221,3,Male,63,3,2,Sales Executive,4,Single,5160,21519,4,Y,No,16,3,3,80,0,12,3,2,9,7,7,3,Company Website
38,Current employee,Travel_Rarely,1321,Sales,1,4,Life Sciences,1,9768,133223,3,Male,63,3,2,Sales Executive,4,Single,5160,21519,4,Y,No,16,3,3,80,0,12,3,2,9,7,7,3,Company Website
38,Current employee,Travel_Rarely,1321,Sales,1,4,Life Sciences,1,9769,133224,3,Male,63,3,2,Sales Executive,4,Single,5160,21519,4,Y,No,16,3,3,80,0,12,3,2,9,7,7,3,Company Website
38,Current employee,Travel_Rarely,1321,Sales,1,4,Life Sciences,1,9773,133228,3,Male,63,3,2,Sales Executive,4,Single,5160,21519,4,Y,No,16,3,3,80,0,12,3,2,9,7,7,3,Company Website
38,Current employee,Travel_Rarely,1321,Sales,1,4,Life Sciences,1,9774,133229,3,Male,63,3,2,Sales Executive,4,Single,5160,21519,4,Y,No,16,3,3,80,0,12,3,2,9,7,7,3,Company Website
38,Current employee,Travel_Rarely,1321,Sales,1,4,Life Sciences,1,9776,133231,3,Male,63,3,2,Sales Executive,4,Single,5160,21519,4,Y,No,16,3,3,80,0,12,3,2,9,7,7,3,Company Website
38,Current employee,Travel_Rarely,1321,Sales,1,4,Life Sciences,1,9777,133232,3,Male,63,3,2,Sales Executive,4,Single,5160,21519,4,Y,No,16,3,3,80,0,12,3,2,9,7,7,3,Company Website
38,Current employee,Travel_Frequently,508,Research & Development,6,4,Life Sciences,1,9797,133252,3,Male,64,2,3,Research Director,4,Divorced,12808,8842,1,Y,Yes,16,3,2,80,1,9,3,3,9,8,0,8,Adzuna
38,Current employee,Travel_Frequently,508,Research & Development,6,4,Marketing,1,9799,133254,3,Male,64,2,3,Research Director,4,Divorced,12808,8842,2,Y,Yes,16,3,2,80,1,9,3,3,9,8,0,8,Adzuna
38,Current employee,Travel_Frequently,508,Research & Development,6,4,Life Sciences,1,9802,133257,3,Male,64,2,3,Research Director,4,Divorced,12808,8842,1,Y,Yes,16,3,2,80,1,9,3,3,9,8,0,8,Adzuna
38,Current employee,Travel_Frequently,508,Research & Development,6,4,Marketing,1,9803,133258,3,Male,64,2,3,Research Director,4,Divorced,12808,8842,2,Y,Yes,16,3,2,80,1,9,3,3,9,8,0,8,Adzuna
38,Current employee,Travel_Frequently,508,Research & Development,6,4,Life Sciences,1,9805,133260,3,Male,64,2,3,Research Director,4,Divorced,12808,8842,1,Y,Yes,16,3,2,80,1,9,3,3,9,8,0,8,Adzuna
38,Current employee,Travel_Frequently,508,Research & Development,6,4,Marketing,1,9807,133262,3,Male,64,2,3,Research Director,4,Divorced,12808,8842,2,Y,Yes,16,3,2,80,1,9,3,3,9,8,0,8,Adzuna
38,Current employee,Travel_Frequently,508,Research & Development,6,4,Life Sciences,1,9810,133265,3,Male,64,2,3,Research Director,4,Divorced,12808,8842,1,Y,Yes,16,3,2,80,1,9,3,3,9,8,0,8,Adzuna
38,Current employee,Travel_Frequently,508,Research & Development,6,4,Marketing,1,9811,133266,3,Male,64,2,3,Research Director,4,Divorced,12808,8842,2,Y,Yes,16,3,2,80,1,9,3,3,9,8,0,8,Adzuna
38,Current employee,Travel_Rarely,345,Sales,10,2,Life Sciences,1,10049,133504,3,Female,64,4,2,Research Scientist,3,Married,5175,22162,5,Y,No,12,3,3,80,1,9,3,2,5,3,1,3,LinkedIn
38,Current employee,Travel_Rarely,345,Sales,10,2,Medical,1,10051,133506,3,Female,64,4,2,Research Scientist,3,Married,5175,22162,3,Y,No,12,4,3,80,1,9,3,2,5,3,1,3,LinkedIn
38,Current employee,Travel_Rarely,345,Sales,10,2,Life Sciences,1,10054,133509,3,Female,64,4,2,Research Scientist,3,Married,5175,22162,5,Y,No,12,3,3,80,1,9,3,2,5,3,1,3,LinkedIn
38,Current employee,Travel_Rarely,345,Sales,10,2,Medical,1,10055,133510,3,Female,64,4,2,Research Scientist,3,Married,5175,22162,3,Y,No,12,3,3,80,1,9,3,2,5,3,1,3,LinkedIn
38,Current employee,Travel_Rarely,345,Sales,10,2,Life Sciences,1,10057,133512,3,Female,64,4,2,Research Scientist,3,Married,5175,22162,5,Y,No,12,3,3,80,1,9,3,2,5,3,1,3,LinkedIn
38,Current employee,Travel_Rarely,345,Sales,10,2,Medical,1,10059,133514,3,Female,64,4,2,Research Scientist,3,Married,5175,22162,3,Y,No,12,4,3,80,1,9,3,2,5,3,1,3,LinkedIn
38,Current employee,Travel_Rarely,345,Sales,10,2,Life Sciences,1,10062,133517,3,Female,64,4,2,Research Scientist,3,Married,5175,22162,5,Y,No,12,3,3,80,1,9,3,2,5,3,1,3,LinkedIn
38,Current employee,Travel_Rarely,345,Sales,10,2,Medical,1,10063,133518,3,Female,64,4,2,Research Scientist,3,Married,5175,22162,3,Y,No,12,3,3,80,1,9,3,2,5,3,1,3,LinkedIn
38,Current employee,Travel_Rarely,395,Sales,9,3,Marketing,1,10303,133758,2,Male,98,2,1,Sales Representative,2,Married,2899,12102,0,Y,No,19,3,4,80,1,3,3,3,2,2,1,2,Indeed
38,Current employee,Travel_Rarely,395,Sales,9,3,Medical,1,10305,133760,2,Male,98,2,1,Sales Representative,2,Married,2899,12102,9,Y,No,19,3,4,80,1,3,3,3,2,2,1,2,Indeed
38,Current employee,Travel_Rarely,395,Sales,9,3,Marketing,1,10307,133762,2,Male,98,2,1,Sales Representative,2,Married,2899,12102,0,Y,No,19,3,4,80,1,3,3,3,2,2,1,2,Indeed
38,Current employee,Travel_Rarely,395,Sales,9,3,Medical,1,10308,133763,2,Male,98,2,1,Sales Representative,2,Married,2899,12102,9,Y,No,19,3,4,80,1,3,3,3,2,2,1,2,Indeed
38,Current employee,Travel_Rarely,395,Sales,9,3,Marketing,1,10311,133766,2,Male,98,2,1,Sales Representative,2,Married,2899,12102,0,Y,No,19,3,4,80,1,3,3,3,2,2,1,2,Indeed
38,Current employee,Travel_Rarely,395,Sales,9,3,Medical,1,10313,133768,2,Male,98,2,1,Sales Representative,2,Married,2899,12102,9,Y,No,19,3,4,80,1,3,3,3,2,2,1,2,Indeed
38,Current employee,Travel_Rarely,395,Sales,9,3,Marketing,1,10315,133770,2,Male,98,2,1,Sales Representative,2,Married,2899,12102,0,Y,No,19,3,4,80,1,3,3,3,2,2,1,2,Indeed
38,Current employee,Travel_Rarely,395,Sales,9,3,Medical,1,10316,133771,2,Male,98,2,1,Sales Representative,2,Married,2899,12102,9,Y,No,19,3,4,80,1,3,3,3,2,2,1,2,Indeed
38,Current employee,Travel_Rarely,1333,Research & Development,1,3,Technical Degree,1,10939,134394,4,Female,80,3,3,Research Director,1,Married,13582,16292,1,Y,No,13,3,2,80,1,15,3,3,15,12,5,11,Indeed
38,Current employee,Travel_Rarely,1333,Research & Development,1,3,Life Sciences,1,10941,134396,4,Female,80,3,3,Research Director,1,Married,13582,16292,1,Y,No,13,4,2,80,1,15,3,3,15,12,5,11,Indeed
38,Current employee,Travel_Rarely,1333,Research & Development,1,3,Technical Degree,1,10943,134398,4,Female,80,3,3,Research Director,1,Married,13582,16292,1,Y,No,13,3,2,80,1,15,3,3,15,12,5,11,Indeed
38,Current employee,Travel_Rarely,1333,Research & Development,1,3,Life Sciences,1,10944,134399,4,Female,80,3,3,Research Director,1,Married,13582,16292,1,Y,No,13,3,2,80,1,15,3,3,15,12,5,11,Indeed
38,Current employee,Travel_Rarely,1333,Research & Development,1,3,Technical Degree,1,10947,134402,4,Female,80,3,3,Research Director,1,Married,13582,16292,1,Y,No,13,3,2,80,1,15,3,3,15,12,5,11,Indeed
38,Current employee,Travel_Rarely,1333,Research & Development,1,3,Life Sciences,1,10949,134404,4,Female,80,3,3,Research Director,1,Married,13582,16292,1,Y,No,13,4,2,80,1,15,3,3,15,12,5,11,Indeed
38,Current employee,Travel_Rarely,1333,Research & Development,1,3,Technical Degree,1,10951,134406,4,Female,80,3,3,Research Director,1,Married,13582,16292,1,Y,No,13,3,2,80,1,15,3,3,15,12,5,11,Indeed
38,Current employee,Travel_Rarely,1333,Research & Development,1,3,Life Sciences,1,10952,134407,4,Female,80,3,3,Research Director,1,Married,13582,16292,1,Y,No,13,3,2,80,1,15,3,3,15,12,5,11,Indeed
38,Current employee,Travel_Rarely,243,Sales,7,4,Marketing,1,11116,134571,3,Female,67,3,2,Manufacturing Director,1,Married,6725,13554,1,Y,No,12,4,3,80,1,8,2,4,8,7,6,3,Company Website
38,Current employee,Travel_Rarely,243,Sales,7,4,Marketing,1,11118,134573,3,Female,67,3,2,Manufacturing Director,1,Married,6725,13554,1,Y,No,12,3,3,80,1,8,2,4,8,7,6,3,Company Website
38,Current employee,Travel_Rarely,243,Sales,7,4,Marketing,1,11121,134576,3,Female,67,3,2,Manufacturing Director,1,Married,6725,13554,1,Y,No,12,3,3,80,1,8,2,4,8,7,6,3,Company Website
38,Current employee,Travel_Rarely,243,Sales,7,4,Marketing,1,11122,134577,3,Female,67,3,2,Manufacturing Director,1,Married,6725,13554,1,Y,No,12,3,3,80,1,8,2,4,8,7,6,3,Company Website
38,Current employee,Travel_Rarely,243,Sales,7,4,Marketing,1,11124,134579,3,Female,67,3,2,Manufacturing Director,1,Married,6725,13554,1,Y,No,12,4,3,80,1,8,2,4,8,7,6,3,Company Website
38,Current employee,Travel_Rarely,243,Sales,7,4,Marketing,1,11126,134581,3,Female,67,3,2,Manufacturing Director,1,Married,6725,13554,1,Y,No,12,3,3,80,1,8,2,4,8,7,6,3,Company Website
38,Current employee,Travel_Rarely,243,Sales,7,4,Marketing,1,11129,134584,3,Female,67,3,2,Manufacturing Director,1,Married,6725,13554,1,Y,No,12,3,3,80,1,8,2,4,8,7,6,3,Company Website
38,Current employee,Travel_Rarely,243,Sales,7,4,Marketing,1,11130,134585,3,Female,67,3,2,Manufacturing Director,1,Married,6725,13554,1,Y,No,12,3,3,80,1,8,2,4,8,7,6,3,Company Website
38,Current employee,Non-Travel,152,Sales,10,3,Technical Degree,1,11290,134745,3,Female,85,3,2,Sales Executive,4,Single,5666,19899,1,Y,Yes,13,4,2,80,0,6,1,3,5,3,1,3,Company Website
38,Current employee,Non-Travel,152,Sales,10,3,Medical,1,11292,134747,3,Female,85,3,2,Sales Executive,4,Single,5666,19899,6,Y,Yes,13,3,2,80,0,6,1,3,5,3,1,3,Company Website
38,Current employee,Non-Travel,152,Sales,10,3,Technical Degree,1,11294,134749,3,Female,85,3,2,Sales Executive,4,Single,5666,19899,1,Y,Yes,13,3,2,80,0,6,1,3,5,3,1,3,Company Website
38,Current employee,Non-Travel,152,Sales,10,3,Medical,1,11295,134750,3,Female,85,3,2,Sales Executive,4,Single,5666,19899,6,Y,Yes,13,3,2,80,0,6,1,3,5,3,1,3,Company Website
38,Current employee,Non-Travel,152,Sales,10,3,Technical Degree,1,11298,134753,3,Female,85,3,2,Sales Executive,4,Single,5666,19899,1,Y,Yes,13,4,2,80,0,6,1,3,5,3,1,3,Company Website
38,Current employee,Non-Travel,152,Sales,10,3,Medical,1,11300,134755,3,Female,85,3,2,Sales Executive,4,Single,5666,19899,6,Y,Yes,13,3,2,80,0,6,1,3,5,3,1,3,Company Website
38,Current employee,Non-Travel,152,Sales,10,3,Technical Degree,1,11302,134757,3,Female,85,3,2,Sales Executive,4,Single,5666,19899,1,Y,Yes,13,3,2,80,0,6,1,3,5,3,1,3,Company Website
38,Current employee,Non-Travel,152,Sales,10,3,Medical,1,11303,134758,3,Female,85,3,2,Sales Executive,4,Single,5666,19899,6,Y,Yes,13,3,2,80,0,6,1,3,5,3,1,3,Company Website
38,Current employee,Travel_Rarely,395,Sales,9,3,Marketing,1,11399,134854,3,Male,68,3,4,Manager,3,Single,17444,20489,1,Y,No,11,4,4,80,0,10,2,3,10,8,6,0,GlassDoor
38,Current employee,Travel_Rarely,395,Sales,9,3,Medical,1,11400,134855,3,Male,68,3,4,Manager,3,Single,17444,20489,1,Y,No,11,3,4,80,0,10,2,3,10,8,6,0,GlassDoor
38,Current employee,Travel_Rarely,395,Sales,9,3,Marketing,1,11404,134859,3,Male,68,3,4,Manager,3,Single,17444,20489,1,Y,No,11,3,4,80,0,10,2,3,10,8,6,0,GlassDoor
38,Current employee,Travel_Rarely,395,Sales,9,3,Medical,1,11405,134860,3,Male,68,3,4,Manager,3,Single,17444,20489,1,Y,No,11,3,4,80,0,10,2,3,10,8,6,0,GlassDoor
38,Current employee,Travel_Rarely,395,Sales,9,3,Marketing,1,11407,134862,3,Male,68,3,4,Manager,3,Single,17444,20489,1,Y,No,11,4,4,80,0,10,2,3,10,8,6,0,GlassDoor
38,Current employee,Travel_Rarely,395,Sales,9,3,Medical,1,11408,134863,3,Male,68,3,4,Manager,3,Single,17444,20489,1,Y,No,11,3,4,80,0,10,2,3,10,8,6,0,GlassDoor
38,Current employee,Travel_Rarely,395,Sales,9,3,Marketing,1,11412,134867,3,Male,68,3,4,Manager,3,Single,17444,20489,1,Y,No,11,3,4,80,0,10,2,3,10,8,6,0,GlassDoor
38,Current employee,Travel_Rarely,395,Sales,9,3,Medical,1,11413,134868,3,Male,68,3,4,Manager,3,Single,17444,20489,1,Y,No,11,3,4,80,0,10,2,3,10,8,6,0,GlassDoor
38,Current employee,Travel_Frequently,1391,Research & Development,10,1,Medical,1,11578,135033,3,Male,66,3,1,Research Scientist,3,Married,2684,12127,0,Y,No,17,3,2,80,1,3,0,2,2,1,0,2,Company Website
38,Current employee,Travel_Rarely,770,Sales,10,4,Marketing,1,11579,135034,3,Male,69,3,1,Research Scientist,3,Married,2684,12127,0,Y,No,17,3,2,80,1,3,0,2,2,1,0,2,Company Website
38,Current employee,Travel_Frequently,1391,Research & Development,10,1,Medical,1,11580,135035,3,Male,66,3,1,Research Scientist,3,Married,2684,12127,3,Y,No,17,4,2,80,1,3,0,2,2,1,0,2,Company Website
38,Current employee,Travel_Rarely,770,Sales,10,4,Medical,1,11581,135036,3,Male,69,3,1,Research Scientist,3,Married,2684,12127,3,Y,No,17,4,2,80,1,3,0,2,2,1,0,2,Company Website
38,Current employee,Travel_Frequently,1391,Research & Development,10,1,Medical,1,11582,135037,3,Male,66,3,1,Research Scientist,3,Married,2684,12127,0,Y,No,17,3,2,80,1,3,0,2,2,1,0,2,Company Website
38,Current employee,Travel_Rarely,770,Sales,10,4,Marketing,1,11583,135038,3,Male,69,3,1,Research Scientist,3,Married,2684,12127,0,Y,No,17,3,2,80,1,3,0,2,2,1,0,2,Company Website
38,Current employee,Travel_Frequently,1391,Research & Development,10,1,Medical,1,11470,135039,3,Male,66,3,1,Research Scientist,3,Married,2684,12127,3,Y,No,17,3,2,80,1,3,0,2,2,1,0,2,Company Website
38,Current employee,Travel_Rarely,770,Sales,10,4,Medical,1,11585,135040,3,Male,69,3,1,Research Scientist,3,Married,2684,12127,3,Y,No,17,3,2,80,1,3,0,2,2,1,0,2,Company Website
38,Current employee,Travel_Rarely,770,Sales,10,4,Marketing,1,11586,135041,3,Male,69,3,1,Research Scientist,3,Married,2684,12127,0,Y,No,17,3,2,80,1,3,0,2,2,1,0,2,Company Website
38,Current employee,Travel_Frequently,1391,Research & Development,10,1,Medical,1,11587,135042,3,Male,66,3,1,Research Scientist,3,Married,2684,12127,3,Y,No,17,4,2,80,1,3,0,2,2,1,0,2,Company Website
38,Current employee,Travel_Rarely,770,Sales,10,4,Medical,1,11588,135043,3,Male,69,3,1,Research Scientist,3,Married,2684,12127,3,Y,No,17,4,2,80,1,3,0,2,2,1,0,2,Company Website
38,Current employee,Travel_Frequently,1391,Research & Development,10,1,Medical,1,11589,135044,3,Male,66,3,1,Research Scientist,3,Married,2684,12127,0,Y,No,17,3,2,80,1,3,0,2,2,1,0,2,Company Website
38,Current employee,Travel_Rarely,770,Sales,10,4,Marketing,1,11590,135045,3,Male,69,3,1,Research Scientist,3,Married,2684,12127,0,Y,No,17,3,2,80,1,3,0,2,2,1,0,2,Company Website
38,Current employee,Travel_Frequently,1391,Research & Development,10,1,Medical,1,11591,135046,3,Male,66,3,1,Research Scientist,3,Married,2684,12127,3,Y,No,17,3,2,80,1,3,0,2,2,1,0,2,Company Website
38,Current employee,Travel_Rarely,770,Sales,10,4,Medical,1,11592,135047,3,Male,69,3,1,Research Scientist,3,Married,2684,12127,3,Y,No,17,3,2,80,1,3,0,2,2,1,0,2,Company Website
38,Current employee,Travel_Rarely,130,Sales,2,2,Marketing,1,11609,135064,3,Female,69,2,2,Manufacturing Director,3,Divorced,4377,24117,1,Y,No,15,4,2,80,2,5,6,3,4,2,3,2,Adzuna
38,Current employee,Travel_Rarely,130,Sales,2,2,Life Sciences,1,11610,135065,3,Female,69,2,2,Manufacturing Director,3,Divorced,4377,24117,1,Y,No,15,3,2,80,2,5,6,3,4,2,3,2,Adzuna
38,Current employee,Travel_Rarely,130,Sales,2,2,Marketing,1,11614,135069,3,Female,69,2,2,Manufacturing Director,3,Divorced,4377,24117,1,Y,No,15,3,2,80,2,5,6,3,4,2,3,2,Adzuna
38,Current employee,Travel_Rarely,130,Sales,2,2,Life Sciences,1,11615,135070,3,Female,69,2,2,Manufacturing Director,3,Divorced,4377,24117,1,Y,No,15,3,2,80,2,5,6,3,4,2,3,2,Adzuna
38,Current employee,Travel_Rarely,130,Sales,2,2,Marketing,1,11616,135071,3,Female,69,2,2,Manufacturing Director,3,Divorced,4377,24117,1,Y,No,15,4,2,80,2,5,6,3,4,2,3,2,Adzuna
38,Current employee,Travel_Rarely,130,Sales,2,2,Life Sciences,1,11617,135072,3,Female,69,2,2,Manufacturing Director,3,Divorced,4377,24117,1,Y,No,15,3,2,80,2,5,6,3,4,2,3,2,Adzuna
38,Current employee,Travel_Rarely,130,Sales,2,2,Marketing,1,11621,135076,3,Female,69,2,2,Manufacturing Director,3,Divorced,4377,24117,1,Y,No,15,3,2,80,2,5,6,3,4,2,3,2,Adzuna
38,Current employee,Travel_Rarely,130,Sales,2,2,Life Sciences,1,11622,135077,3,Female,69,2,2,Manufacturing Director,3,Divorced,4377,24117,1,Y,No,15,3,2,80,2,5,6,3,4,2,3,2,Adzuna
38,Current employee,Travel_Rarely,1035,Sales,3,4,Life Sciences,1,11976,135431,2,Male,42,3,2,Sales Executive,4,Single,6861,4981,8,Y,Yes,12,3,3,80,0,19,1,3,1,0,0,0,Seek
38,Current employee,Travel_Rarely,1035,Sales,3,4,Life Sciences,1,11978,135433,2,Male,42,3,2,Sales Executive,4,Single,6861,4981,4,Y,Yes,12,4,3,80,0,19,1,3,1,0,0,0,Seek
38,Current employee,Travel_Rarely,1035,Sales,3,4,Life Sciences,1,11982,135437,2,Male,42,3,2,Sales Executive,4,Single,6861,4981,8,Y,Yes,12,3,3,80,0,19,1,3,1,0,0,0,Seek
38,Current employee,Travel_Rarely,1035,Sales,3,4,Life Sciences,1,11983,135438,2,Male,42,3,2,Sales Executive,4,Single,6861,4981,4,Y,Yes,12,3,3,80,0,19,1,3,1,0,0,0,Seek
38,Current employee,Travel_Rarely,1035,Sales,3,4,Life Sciences,1,11984,135439,2,Male,42,3,2,Sales Executive,4,Single,6861,4981,8,Y,Yes,12,3,3,80,0,19,1,3,1,0,0,0,Seek
38,Current employee,Travel_Rarely,1035,Sales,3,4,Life Sciences,1,11986,135441,2,Male,42,3,2,Sales Executive,4,Single,6861,4981,4,Y,Yes,12,4,3,80,0,19,1,3,1,0,0,0,Seek
38,Current employee,Travel_Rarely,1035,Sales,3,4,Life Sciences,1,11990,135445,2,Male,42,3,2,Sales Executive,4,Single,6861,4981,8,Y,Yes,12,3,3,80,0,19,1,3,1,0,0,0,Seek
38,Current employee,Travel_Rarely,1035,Sales,3,4,Life Sciences,1,11991,135446,2,Male,42,3,2,Sales Executive,4,Single,6861,4981,4,Y,Yes,12,3,3,80,0,19,1,3,1,0,0,0,Seek
38,Current employee,Travel_Frequently,1186,Research & Development,3,4,Other,1,12269,135724,3,Male,44,3,1,Research Scientist,3,Married,2821,2997,3,Y,No,16,3,1,80,1,8,2,3,2,2,2,2,Company Website
38,Current employee,Travel_Frequently,1186,Research & Development,3,4,Life Sciences,1,12271,135726,3,Male,44,3,1,Research Scientist,3,Married,2821,2997,2,Y,No,16,3,1,80,1,8,2,3,2,2,2,2,Company Website
38,Current employee,Travel_Frequently,1186,Research & Development,3,4,Other,1,12275,135730,3,Male,44,3,1,Research Scientist,3,Married,2821,2997,3,Y,No,16,3,1,80,1,8,2,3,2,2,2,2,Company Website
38,Current employee,Travel_Frequently,1186,Research & Development,3,4,Life Sciences,1,12276,135731,3,Male,44,3,1,Research Scientist,3,Married,2821,2997,2,Y,No,16,3,1,80,1,8,2,3,2,2,2,2,Company Website
38,Current employee,Travel_Frequently,1186,Research & Development,3,4,Other,1,12277,135732,3,Male,44,3,1,Research Scientist,3,Married,2821,2997,3,Y,No,16,3,1,80,1,8,2,3,2,2,2,2,Company Website
38,Current employee,Travel_Frequently,1186,Research & Development,3,4,Life Sciences,1,12279,135734,3,Male,44,3,1,Research Scientist,3,Married,2821,2997,2,Y,No,16,3,1,80,1,8,2,3,2,2,2,2,Company Website
38,Current employee,Travel_Frequently,1186,Research & Development,3,4,Other,1,12283,135738,3,Male,44,3,1,Research Scientist,3,Married,2821,2997,3,Y,No,16,3,1,80,1,8,2,3,2,2,2,2,Company Website
38,Current employee,Travel_Rarely,723,Sales,2,4,Marketing,1,12365,135820,3,Female,72,2,3,Sales Executive,3,Married,10686,8392,6,Y,No,11,3,2,80,1,13,4,3,9,4,7,0,Jora
38,Current employee,Travel_Rarely,723,Sales,2,4,Life Sciences,1,12367,135822,3,Female,72,2,3,Sales Executive,3,Married,10686,8392,4,Y,No,11,3,2,80,1,13,4,3,9,4,7,0,Jora
38,Current employee,Travel_Rarely,723,Sales,2,4,Marketing,1,12368,135823,3,Female,72,2,3,Sales Executive,3,Married,10686,8392,6,Y,No,11,3,2,80,1,13,4,3,9,4,7,0,Jora
38,Current employee,Travel_Rarely,723,Sales,2,4,Life Sciences,1,12369,135824,3,Female,72,2,3,Sales Executive,3,Married,10686,8392,4,Y,No,11,3,2,80,1,13,4,3,9,4,7,0,Jora
38,Current employee,Travel_Rarely,723,Sales,2,4,Marketing,1,12373,135828,3,Female,72,2,3,Sales Executive,3,Married,10686,8392,6,Y,No,11,3,2,80,1,13,4,3,9,4,7,0,Jora
38,Current employee,Travel_Rarely,723,Sales,2,4,Life Sciences,1,12375,135830,3,Female,72,2,3,Sales Executive,3,Married,10686,8392,4,Y,No,11,3,2,80,1,13,4,3,9,4,7,0,Jora
38,Current employee,Travel_Rarely,723,Sales,2,4,Marketing,1,12376,135831,3,Female,72,2,3,Sales Executive,3,Married,10686,8392,6,Y,No,11,3,2,80,1,13,4,3,9,4,7,0,Jora
38,Current employee,Travel_Rarely,723,Sales,2,4,Life Sciences,1,12377,135832,3,Female,72,2,3,Sales Executive,3,Married,10686,8392,4,Y,No,11,3,2,80,1,13,4,3,9,4,7,0,Jora
38,Current employee,Travel_Rarely,330,Research & Development,17,1,Life Sciences,1,12578,136033,3,Female,65,2,3,Healthcare Representative,3,Married,8823,24608,0,Y,No,18,3,1,80,1,20,4,2,19,9,1,9,Recruit.net
38,Current employee,Travel_Rarely,330,Research & Development,17,1,Medical,1,12581,136036,3,Female,65,2,3,Healthcare Representative,3,Married,8823,24608,0,Y,No,18,3,1,80,1,20,4,2,19,9,1,9,Recruit.net
38,Current employee,Travel_Rarely,330,Research & Development,17,1,Life Sciences,1,12582,136037,3,Female,65,2,3,Healthcare Representative,3,Married,8823,24608,0,Y,No,18,3,1,80,1,20,4,2,19,9,1,9,Recruit.net
38,Current employee,Travel_Rarely,330,Research & Development,17,1,Medical,1,12583,136038,3,Female,65,2,3,Healthcare Representative,3,Married,8823,24608,0,Y,No,18,3,1,80,1,20,4,2,19,9,1,9,Recruit.net
38,Current employee,Travel_Rarely,330,Research & Development,17,1,Life Sciences,1,12586,136041,3,Female,65,2,3,Healthcare Representative,3,Married,8823,24608,0,Y,No,18,3,1,80,1,20,4,2,19,9,1,9,Recruit.net
38,Current employee,Travel_Rarely,330,Research & Development,17,1,Medical,1,12589,136044,3,Female,65,2,3,Healthcare Representative,3,Married,8823,24608,0,Y,No,18,3,1,80,1,20,4,2,19,9,1,9,Recruit.net
38,Current employee,Travel_Rarely,330,Research & Development,17,1,Life Sciences,1,12590,136045,3,Female,65,2,3,Healthcare Representative,3,Married,8823,24608,0,Y,No,18,3,1,80,1,20,4,2,19,9,1,9,Recruit.net
38,Current employee,Travel_Rarely,330,Research & Development,17,1,Medical,1,12591,136046,3,Female,65,2,3,Healthcare Representative,3,Married,8823,24608,0,Y,No,18,3,1,80,1,20,4,2,19,9,1,9,Recruit.net
38,Current employee,Travel_Rarely,770,Sales,10,4,Marketing,1,12943,136398,3,Male,73,2,3,Sales Executive,3,Divorced,8740,5569,0,Y,Yes,14,3,2,80,2,9,2,3,8,7,2,7,Company Website
38,Current employee,Travel_Rarely,770,Sales,10,4,Medical,1,12946,136401,3,Male,73,2,3,Sales Executive,3,Divorced,8740,5569,6,Y,Yes,14,3,2,80,2,9,2,3,8,7,2,7,Company Website
38,Current employee,Travel_Rarely,770,Sales,10,4,Marketing,1,12949,136404,3,Male,73,2,3,Sales Executive,3,Divorced,8740,5569,0,Y,Yes,14,3,2,80,2,9,2,3,8,7,2,7,Company Website
38,Current employee,Travel_Rarely,770,Sales,10,4,Medical,1,12950,136405,3,Male,73,2,3,Sales Executive,3,Divorced,8740,5569,6,Y,Yes,14,3,2,80,2,9,2,3,8,7,2,7,Company Website
38,Current employee,Travel_Rarely,770,Sales,10,4,Marketing,1,12951,136406,3,Male,73,2,3,Sales Executive,3,Divorced,8740,5569,0,Y,Yes,14,3,2,80,2,9,2,3,8,7,2,7,Company Website
38,Current employee,Travel_Rarely,770,Sales,10,4,Medical,1,12954,136409,3,Male,73,2,3,Sales Executive,3,Divorced,8740,5569,6,Y,Yes,14,3,2,80,2,9,2,3,8,7,2,7,Company Website
38,Current employee,Travel_Rarely,770,Sales,10,4,Marketing,1,12957,136412,3,Male,73,2,3,Sales Executive,3,Divorced,8740,5569,0,Y,Yes,14,3,2,80,2,9,2,3,8,7,2,7,Company Website
38,Current employee,Travel_Rarely,770,Sales,10,4,Medical,1,12958,136413,3,Male,73,2,3,Sales Executive,3,Divorced,8740,5569,6,Y,Yes,14,3,2,80,2,9,2,3,8,7,2,7,Company Website
38,Current employee,Travel_Rarely,130,Sales,2,2,Marketing,1,13007,136462,4,Male,32,3,3,Sales Executive,2,Single,7351,20619,7,Y,No,16,3,3,80,0,10,2,3,1,0,0,0,Company Website
38,Current employee,Travel_Rarely,130,Sales,2,2,Life Sciences,1,13009,136464,4,Male,32,3,3,Sales Executive,2,Single,7351,20619,4,Y,No,16,3,3,80,0,10,2,3,1,0,0,0,Company Website
38,Current employee,Travel_Rarely,130,Sales,2,2,Marketing,1,13013,136468,4,Male,32,3,3,Sales Executive,2,Single,7351,20619,7,Y,No,16,3,3,80,0,10,2,3,1,0,0,0,Company Website
38,Current employee,Travel_Rarely,130,Sales,2,2,Life Sciences,1,13014,136469,4,Male,32,3,3,Sales Executive,2,Single,7351,20619,4,Y,No,16,3,3,80,0,10,2,3,1,0,0,0,Company Website
38,Current employee,Travel_Rarely,130,Sales,2,2,Marketing,1,13015,136470,4,Male,32,3,3,Sales Executive,2,Single,7351,20619,7,Y,No,16,3,3,80,0,10,2,3,1,0,0,0,Company Website
38,Current employee,Travel_Rarely,130,Sales,2,2,Life Sciences,1,13017,136472,4,Male,32,3,3,Sales Executive,2,Single,7351,20619,4,Y,No,16,3,3,80,0,10,2,3,1,0,0,0,Company Website
38,Current employee,Travel_Rarely,130,Sales,2,2,Marketing,1,13021,136476,4,Male,32,3,3,Sales Executive,2,Single,7351,20619,7,Y,No,16,3,3,80,0,10,2,3,1,0,0,0,Company Website
38,Current employee,Travel_Rarely,130,Sales,2,2,Life Sciences,1,13022,136477,4,Male,32,3,3,Sales Executive,2,Single,7351,20619,4,Y,No,16,3,3,80,0,10,2,3,1,0,0,0,Company Website
38,Current employee,Non-Travel,573,Research & Development,6,3,Medical,1,13088,136543,3,Male,73,3,2,Laboratory Technician,2,Single,6782,8770,9,Y,No,15,4,3,80,0,9,2,2,5,4,0,3,Jora
38,Current employee,Non-Travel,573,Research & Development,6,3,Marketing,1,13089,136544,3,Male,73,3,2,Laboratory Technician,2,Single,6782,8770,1,Y,No,15,4,3,80,0,9,2,2,5,4,0,3,Jora
38,Current employee,Non-Travel,573,Research & Development,6,3,Medical,1,13091,136546,3,Male,73,3,2,Laboratory Technician,2,Single,6782,8770,9,Y,No,15,3,3,80,0,9,2,2,5,4,0,3,Jora
38,Current employee,Non-Travel,573,Research & Development,6,3,Marketing,1,13092,136547,3,Male,73,3,2,Laboratory Technician,2,Single,6782,8770,1,Y,No,15,3,3,80,0,9,2,2,5,4,0,3,Jora
38,Current employee,Non-Travel,573,Research & Development,6,3,Medical,1,13096,136551,3,Male,73,3,2,Laboratory Technician,2,Single,6782,8770,9,Y,No,15,4,3,80,0,9,2,2,5,4,0,3,Jora
38,Current employee,Non-Travel,573,Research & Development,6,3,Marketing,1,13097,136552,3,Male,73,3,2,Laboratory Technician,2,Single,6782,8770,1,Y,No,15,4,3,80,0,9,2,2,5,4,0,3,Jora
38,Current employee,Non-Travel,573,Research & Development,6,3,Medical,1,13099,136554,3,Male,73,3,2,Laboratory Technician,2,Single,6782,8770,9,Y,No,15,3,3,80,0,9,2,2,5,4,0,3,Jora
38,Current employee,Non-Travel,573,Research & Development,6,3,Marketing,1,13100,136555,3,Male,73,3,2,Laboratory Technician,2,Single,6782,8770,1,Y,No,15,3,3,80,0,9,2,2,5,4,0,3,Jora
38,Current employee,Travel_Rarely,433,Human Resources,1,3,Human Resources,1,13245,136700,3,Male,37,4,1,Human Resources,3,Married,2844,6004,1,Y,No,13,3,4,80,1,7,2,4,7,6,5,0,Jora
38,Current employee,Travel_Rarely,433,Human Resources,1,3,Life Sciences,1,13247,136702,3,Male,37,4,1,Human Resources,3,Married,2844,6004,0,Y,No,13,4,4,80,1,7,2,4,7,6,5,0,Jora
38,Current employee,Travel_Rarely,433,Human Resources,1,3,Human Resources,1,13251,136706,3,Male,37,4,1,Human Resources,3,Married,2844,6004,1,Y,No,13,3,4,80,1,7,2,4,7,6,5,0,Jora
38,Current employee,Travel_Rarely,433,Human Resources,1,3,Life Sciences,1,13252,136707,3,Male,37,4,1,Human Resources,3,Married,2844,6004,0,Y,No,13,3,4,80,1,7,2,4,7,6,5,0,Jora
38,Current employee,Travel_Rarely,433,Human Resources,1,3,Human Resources,1,13253,136708,3,Male,37,4,1,Human Resources,3,Married,2844,6004,1,Y,No,13,3,4,80,1,7,2,4,7,6,5,0,Jora
38,Current employee,Travel_Rarely,433,Human Resources,1,3,Life Sciences,1,13255,136710,3,Male,37,4,1,Human Resources,3,Married,2844,6004,0,Y,No,13,4,4,80,1,7,2,4,7,6,5,0,Jora
38,Current employee,Travel_Rarely,433,Human Resources,1,3,Human Resources,1,12686,136714,3,Male,37,4,1,Human Resources,3,Married,2844,6004,1,Y,No,13,3,4,80,1,7,2,4,7,6,5,0,Jora
38,Current employee,Travel_Rarely,433,Human Resources,1,3,Life Sciences,1,13260,136715,3,Male,37,4,1,Human Resources,3,Married,2844,6004,0,Y,No,13,3,4,80,1,7,2,4,7,6,5,0,Jora
38,Current employee,Travel_Rarely,322,Sales,7,2,Medical,1,14246,137701,3,Male,77,3,1,Research Scientist,1,Married,2235,14377,1,Y,Yes,14,4,4,80,2,9,3,2,9,7,6,8,Jora
38,Current employee,Travel_Rarely,322,Sales,7,2,Marketing,1,14247,137702,3,Male,77,3,1,Research Scientist,1,Married,2235,14377,3,Y,Yes,14,4,4,80,2,9,3,2,9,7,6,8,Jora
38,Current employee,Travel_Rarely,322,Sales,7,2,Medical,1,14251,137706,3,Male,77,3,1,Research Scientist,1,Married,2235,14377,1,Y,Yes,14,3,4,80,2,9,3,2,9,7,6,8,Jora
38,Current employee,Travel_Rarely,322,Sales,7,2,Marketing,1,14252,137707,3,Male,77,3,1,Research Scientist,1,Married,2235,14377,3,Y,Yes,14,3,4,80,2,9,3,2,9,7,6,8,Jora
38,Current employee,Travel_Rarely,322,Sales,7,2,Medical,1,14254,137709,3,Male,77,3,1,Research Scientist,1,Married,2235,14377,1,Y,Yes,14,4,4,80,2,9,3,2,9,7,6,8,Jora
38,Current employee,Travel_Rarely,322,Sales,7,2,Marketing,1,14255,137710,3,Male,77,3,1,Research Scientist,1,Married,2235,14377,3,Y,Yes,14,4,4,80,2,9,3,2,9,7,6,8,Jora
38,Current employee,Travel_Rarely,322,Sales,7,2,Medical,1,14259,137714,3,Male,77,3,1,Research Scientist,1,Married,2235,14377,1,Y,Yes,14,3,4,80,2,9,3,2,9,7,6,8,Jora
38,Current employee,Travel_Rarely,1495,Research & Development,10,3,Medical,1,15120,138575,3,Female,79,1,2,Laboratory Technician,4,Married,6674,16392,0,Y,No,11,3,1,80,3,10,6,3,9,8,7,5,LinkedIn
38,Current employee,Travel_Rarely,1495,Research & Development,10,3,Medical,1,15122,138577,3,Female,79,1,2,Laboratory Technician,4,Married,6674,16392,1,Y,No,11,3,1,80,3,10,6,3,9,8,7,5,LinkedIn
38,Current employee,Travel_Rarely,1495,Research & Development,10,3,Medical,1,15125,138580,3,Female,79,1,2,Laboratory Technician,4,Married,6674,16392,0,Y,No,11,3,1,80,3,10,6,3,9,8,7,5,LinkedIn
38,Current employee,Travel_Rarely,1495,Research & Development,10,3,Medical,1,15126,138581,3,Female,79,1,2,Laboratory Technician,4,Married,6674,16392,1,Y,No,11,3,1,80,3,10,6,3,9,8,7,5,LinkedIn
38,Current employee,Travel_Rarely,1495,Research & Development,10,3,Medical,1,15128,138583,3,Female,79,1,2,Laboratory Technician,4,Married,6674,16392,0,Y,No,11,3,1,80,3,10,6,3,9,8,7,5,LinkedIn
38,Current employee,Travel_Rarely,1495,Research & Development,10,3,Medical,1,15130,138585,3,Female,79,1,2,Laboratory Technician,4,Married,6674,16392,1,Y,No,11,3,1,80,3,10,6,3,9,8,7,5,LinkedIn
38,Current employee,Travel_Rarely,1495,Research & Development,10,3,Medical,1,15133,138588,3,Female,79,1,2,Laboratory Technician,4,Married,6674,16392,0,Y,No,11,3,1,80,3,10,6,3,9,8,7,5,LinkedIn
38,Current employee,Travel_Rarely,1495,Research & Development,10,3,Medical,1,15134,138589,3,Female,79,1,2,Laboratory Technician,4,Married,6674,16392,1,Y,No,11,3,1,80,3,10,6,3,9,8,7,5,LinkedIn
38,Current employee,Travel_Rarely,1009,Sales,2,2,Life Sciences,1,15429,138884,2,Female,31,3,2,Sales Executive,1,Divorced,6893,19461,3,Y,No,15,4,4,80,1,11,3,3,7,7,1,7,Seek
38,Current employee,Travel_Rarely,1009,Sales,2,2,Life Sciences,1,15431,138886,2,Female,31,3,2,Sales Executive,1,Divorced,6893,19461,4,Y,No,15,3,4,80,1,11,3,3,7,7,1,7,Seek
38,Current employee,Travel_Rarely,1009,Sales,2,2,Life Sciences,1,15435,138890,2,Female,31,3,2,Sales Executive,1,Divorced,6893,19461,3,Y,No,15,3,4,80,1,11,3,3,7,7,1,7,Seek
38,Current employee,Travel_Rarely,1009,Sales,2,2,Life Sciences,1,15436,138891,2,Female,31,3,2,Sales Executive,1,Divorced,6893,19461,4,Y,No,15,3,4,80,1,11,3,3,7,7,1,7,Seek
38,Current employee,Travel_Rarely,1009,Sales,2,2,Life Sciences,1,15437,138892,2,Female,31,3,2,Sales Executive,1,Divorced,6893,19461,3,Y,No,15,4,4,80,1,11,3,3,7,7,1,7,Seek
38,Current employee,Travel_Rarely,1009,Sales,2,2,Life Sciences,1,15439,138894,2,Female,31,3,2,Sales Executive,1,Divorced,6893,19461,4,Y,No,15,3,4,80,1,11,3,3,7,7,1,7,Seek
38,Current employee,Travel_Rarely,1009,Sales,2,2,Life Sciences,1,15443,138898,2,Female,31,3,2,Sales Executive,1,Divorced,6893,19461,3,Y,No,15,3,4,80,1,11,3,3,7,7,1,7,Seek
38,Current employee,Travel_Rarely,1009,Sales,2,2,Life Sciences,1,15444,138899,2,Female,31,3,2,Sales Executive,1,Divorced,6893,19461,4,Y,No,15,3,4,80,1,11,3,3,7,7,1,7,Seek
38,Current employee,Travel_Rarely,268,Research & Development,2,5,Medical,1,15572,139027,3,Female,80,3,1,Laboratory Technician,4,Single,1611,19305,1,Y,No,15,3,3,80,0,0,5,4,0,0,0,0,Seek
38,Current employee,Travel_Rarely,268,Research & Development,2,5,Life Sciences,1,15574,139029,3,Female,80,3,1,Laboratory Technician,4,Single,1611,19305,1,Y,No,15,4,3,80,0,0,5,4,0,0,0,0,Seek
38,Current employee,Travel_Rarely,268,Research & Development,2,5,Medical,1,15577,139032,3,Female,80,3,1,Laboratory Technician,4,Single,1611,19305,1,Y,No,15,3,3,80,0,0,5,4,0,0,0,0,Seek
38,Current employee,Travel_Rarely,268,Research & Development,2,5,Life Sciences,1,15578,139033,3,Female,80,3,1,Laboratory Technician,4,Single,1611,19305,1,Y,No,15,3,3,80,0,0,5,4,0,0,0,0,Seek
38,Current employee,Travel_Rarely,268,Research & Development,2,5,Medical,1,15580,139035,3,Female,80,3,1,Laboratory Technician,4,Single,1611,19305,1,Y,No,15,3,3,80,0,0,5,4,0,0,0,0,Seek
38,Current employee,Travel_Rarely,268,Research & Development,2,5,Life Sciences,1,15582,139037,3,Female,80,3,1,Laboratory Technician,4,Single,1611,19305,1,Y,No,15,4,3,80,0,0,5,4,0,0,0,0,Seek
38,Current employee,Travel_Rarely,268,Research & Development,2,5,Medical,1,15585,139040,3,Female,80,3,1,Laboratory Technician,4,Single,1611,19305,1,Y,No,15,3,3,80,0,0,5,4,0,0,0,0,Seek
38,Current employee,Travel_Rarely,268,Research & Development,2,5,Life Sciences,1,15586,139041,3,Female,80,3,1,Laboratory Technician,4,Single,1611,19305,1,Y,No,15,3,3,80,0,0,5,4,0,0,0,0,Seek
38,Current employee,Travel_Frequently,693,Research & Development,7,3,Life Sciences,1,15728,139183,4,Male,57,4,1,Research Scientist,3,Divorced,2610,15748,1,Y,No,11,3,4,80,3,4,2,3,4,2,0,3,Indeed
38,Current employee,Travel_Frequently,693,Research & Development,7,3,Marketing,1,15730,139185,4,Male,57,4,1,Research Scientist,3,Divorced,2610,15748,3,Y,No,11,4,4,80,3,4,2,3,4,2,0,3,Indeed
38,Current employee,Travel_Frequently,693,Research & Development,7,3,Life Sciences,1,15734,139189,4,Male,57,4,1,Research Scientist,3,Divorced,2610,15748,1,Y,No,11,3,4,80,3,4,2,3,4,2,0,3,Indeed
38,Current employee,Travel_Frequently,693,Research & Development,7,3,Marketing,1,15735,139190,4,Male,57,4,1,Research Scientist,3,Divorced,2610,15748,3,Y,No,11,3,4,80,3,4,2,3,4,2,0,3,Indeed
38,Current employee,Travel_Frequently,693,Research & Development,7,3,Life Sciences,1,15736,139191,4,Male,57,4,1,Research Scientist,3,Divorced,2610,15748,1,Y,No,11,3,4,80,3,4,2,3,4,2,0,3,Indeed
38,Current employee,Travel_Frequently,693,Research & Development,7,3,Marketing,1,15738,139193,4,Male,57,4,1,Research Scientist,3,Divorced,2610,15748,3,Y,No,11,4,4,80,3,4,2,3,4,2,0,3,Indeed
38,Current employee,Travel_Frequently,693,Research & Development,7,3,Life Sciences,1,15742,139197,4,Male,57,4,1,Research Scientist,3,Divorced,2610,15748,1,Y,No,11,3,4,80,3,4,2,3,4,2,0,3,Indeed
38,Current employee,Travel_Frequently,1391,Research & Development,10,1,Medical,1,16326,139781,3,Male,82,3,1,Research Scientist,4,Married,3420,10205,7,Y,No,12,3,3,80,1,17,2,2,6,5,1,2,Company Website
38,Current employee,Travel_Frequently,1391,Research & Development,10,1,Medical,1,16328,139783,3,Male,82,3,1,Research Scientist,4,Married,3420,10205,3,Y,No,12,3,3,80,1,17,2,2,6,5,1,2,Company Website
38,Current employee,Travel_Frequently,1391,Research & Development,10,1,Medical,1,16329,139784,3,Male,82,3,1,Research Scientist,4,Married,3420,10205,7,Y,No,12,3,3,80,1,17,2,2,6,5,1,2,Company Website
38,Current employee,Travel_Frequently,1391,Research & Development,10,1,Medical,1,16330,139785,3,Male,82,3,1,Research Scientist,4,Married,3420,10205,3,Y,No,12,3,3,80,1,17,2,2,6,5,1,2,Company Website
38,Current employee,Travel_Frequently,1391,Research & Development,10,1,Medical,1,16334,139789,3,Male,82,3,1,Research Scientist,4,Married,3420,10205,7,Y,No,12,3,3,80,1,17,2,2,6,5,1,2,Company Website
38,Current employee,Travel_Frequently,1391,Research & Development,10,1,Medical,1,16336,139791,3,Male,82,3,1,Research Scientist,4,Married,3420,10205,3,Y,No,12,3,3,80,1,17,2,2,6,5,1,2,Company Website
38,Current employee,Travel_Frequently,1391,Research & Development,10,1,Medical,1,16337,139792,3,Male,82,3,1,Research Scientist,4,Married,3420,10205,7,Y,No,12,3,3,80,1,17,2,2,6,5,1,2,Company Website
38,Current employee,Travel_Frequently,1391,Research & Development,10,1,Medical,1,16338,139793,3,Male,82,3,1,Research Scientist,4,Married,3420,10205,3,Y,No,12,3,3,80,1,17,2,2,6,5,1,2,Company Website
38,Current employee,Travel_Frequently,888,Human Resources,10,4,Human Resources,1,17716,141171,3,Male,71,3,2,Human Resources,3,Married,6077,14814,3,Y,No,11,3,3,80,0,10,2,3,6,3,1,2,Indeed
38,Current employee,Travel_Frequently,888,Human Resources,10,4,Medical,1,17719,141174,3,Male,71,3,2,Human Resources,3,Married,6077,14814,0,Y,No,11,3,3,80,0,10,2,3,6,3,1,2,Indeed
38,Current employee,Travel_Frequently,888,Human Resources,10,4,Human Resources,1,17720,141175,3,Male,71,3,2,Human Resources,3,Married,6077,14814,3,Y,No,11,3,3,80,0,10,2,3,6,3,1,2,Indeed
38,Current employee,Travel_Frequently,888,Human Resources,10,4,Medical,1,17721,141176,3,Male,71,3,2,Human Resources,3,Married,6077,14814,0,Y,No,11,3,3,80,0,10,2,3,6,3,1,2,Indeed
38,Current employee,Travel_Frequently,888,Human Resources,10,4,Human Resources,1,17724,141179,3,Male,71,3,2,Human Resources,3,Married,6077,14814,3,Y,No,11,3,3,80,0,10,2,3,6,3,1,2,Indeed
38,Current employee,Travel_Frequently,888,Human Resources,10,4,Medical,1,17727,141182,3,Male,71,3,2,Human Resources,3,Married,6077,14814,0,Y,No,11,3,3,80,0,10,2,3,6,3,1,2,Indeed
38,Current employee,Travel_Frequently,888,Human Resources,10,4,Human Resources,1,17728,141183,3,Male,71,3,2,Human Resources,3,Married,6077,14814,3,Y,No,11,3,3,80,0,10,2,3,6,3,1,2,Indeed
38,Current employee,Travel_Frequently,888,Human Resources,10,4,Medical,1,17729,141184,3,Male,71,3,2,Human Resources,3,Married,6077,14814,0,Y,No,11,3,3,80,0,10,2,3,6,3,1,2,Indeed
38,Current employee,Travel_Rarely,1245,Sales,14,3,Life Sciences,1,17897,141352,3,Male,80,3,2,Sales Executive,2,Married,9924,12355,0,Y,No,11,3,4,80,1,10,3,3,9,8,7,7,Adzuna
38,Current employee,Travel_Rarely,1245,Sales,14,3,Medical,1,17900,141355,3,Male,80,3,2,Sales Executive,2,Married,9924,12355,7,Y,No,11,3,4,80,1,10,3,3,9,8,7,7,Adzuna
38,Current employee,Travel_Rarely,1245,Sales,14,3,Life Sciences,1,17903,141358,3,Male,80,3,2,Sales Executive,2,Married,9924,12355,0,Y,No,11,3,4,80,1,10,3,3,9,8,7,7,Adzuna
38,Current employee,Travel_Rarely,1245,Sales,14,3,Medical,1,17904,141359,3,Male,80,3,2,Sales Executive,2,Married,9924,12355,7,Y,No,11,3,4,80,1,10,3,3,9,8,7,7,Adzuna
38,Current employee,Travel_Rarely,1245,Sales,14,3,Life Sciences,1,17905,141360,3,Male,80,3,2,Sales Executive,2,Married,9924,12355,0,Y,No,11,3,4,80,1,10,3,3,9,8,7,7,Adzuna
38,Current employee,Travel_Rarely,1245,Sales,14,3,Medical,1,17907,141362,3,Male,80,3,2,Sales Executive,2,Married,9924,12355,7,Y,No,11,3,4,80,1,10,3,3,9,8,7,7,Adzuna
38,Current employee,Travel_Rarely,1245,Sales,14,3,Life Sciences,1,17910,141365,3,Male,80,3,2,Sales Executive,2,Married,9924,12355,0,Y,No,11,3,4,80,1,10,3,3,9,8,7,7,Adzuna
38,Current employee,Travel_Rarely,1245,Sales,14,3,Medical,1,17911,141366,3,Male,80,3,2,Sales Executive,2,Married,9924,12355,7,Y,No,11,3,4,80,1,10,3,3,9,8,7,7,Adzuna
38,Current employee,Travel_Rarely,437,Sales,16,3,Life Sciences,1,17912,141367,2,Female,90,3,2,Sales Executive,2,Single,4198,16379,2,Y,No,12,4,2,80,0,8,5,4,3,2,1,2,GlassDoor
38,Current employee,Travel_Rarely,437,Sales,16,3,Medical,1,17915,141370,2,Female,90,3,2,Sales Executive,2,Single,4198,16379,7,Y,No,12,3,2,80,0,8,5,4,3,2,1,2,GlassDoor
38,Current employee,Travel_Rarely,437,Sales,16,3,Life Sciences,1,17916,141371,2,Female,90,3,2,Sales Executive,2,Single,4198,16379,2,Y,No,12,3,2,80,0,8,5,4,3,2,1,2,GlassDoor
38,Current employee,Travel_Rarely,437,Sales,16,3,Medical,1,17917,141372,2,Female,90,3,2,Sales Executive,2,Single,4198,16379,7,Y,No,12,3,2,80,0,8,5,4,3,2,1,2,GlassDoor
38,Current employee,Travel_Rarely,437,Sales,16,3,Life Sciences,1,17920,141375,2,Female,90,3,2,Sales Executive,2,Single,4198,16379,2,Y,No,12,4,2,80,0,8,5,4,3,2,1,2,GlassDoor
38,Current employee,Travel_Rarely,437,Sales,16,3,Medical,1,17922,141377,2,Female,90,3,2,Sales Executive,2,Single,4198,16379,7,Y,No,12,3,2,80,0,8,5,4,3,2,1,2,GlassDoor
38,Current employee,Travel_Rarely,437,Sales,16,3,Life Sciences,1,17923,141378,2,Female,90,3,2,Sales Executive,2,Single,4198,16379,2,Y,No,12,3,2,80,0,8,5,4,3,2,1,2,GlassDoor
38,Current employee,Travel_Rarely,437,Sales,16,3,Medical,1,17924,141379,2,Female,90,3,2,Sales Executive,2,Single,4198,16379,7,Y,No,12,3,2,80,0,8,5,4,3,2,1,2,GlassDoor
38,Current employee,Travel_Rarely,397,Research & Development,2,2,Medical,1,18426,141881,4,Female,87,3,1,Sales Representative,4,Single,1569,18420,1,Y,Yes,12,4,3,80,0,0,2,4,0,0,0,0,Seek
38,Current employee,Travel_Rarely,397,Research & Development,2,2,Life Sciences,1,18427,141882,4,Female,87,3,1,Sales Representative,4,Single,1569,18420,8,Y,Yes,12,3,3,80,0,0,2,4,0,0,0,0,Seek
38,Current employee,Travel_Rarely,397,Research & Development,2,2,Medical,1,18431,141886,4,Female,87,3,1,Sales Representative,4,Single,1569,18420,1,Y,Yes,12,3,3,80,0,0,2,4,0,0,0,0,Seek
38,Current employee,Travel_Rarely,397,Research & Development,2,2,Life Sciences,1,18432,141887,4,Female,87,3,1,Sales Representative,4,Single,1569,18420,8,Y,Yes,12,3,3,80,0,0,2,4,0,0,0,0,Seek
38,Current employee,Travel_Rarely,397,Research & Development,2,2,Medical,1,18434,141889,4,Female,87,3,1,Sales Representative,4,Single,1569,18420,1,Y,Yes,12,4,3,80,0,0,2,4,0,0,0,0,Seek
38,Current employee,Travel_Rarely,397,Research & Development,2,2,Life Sciences,1,18435,141890,4,Female,87,3,1,Sales Representative,4,Single,1569,18420,8,Y,Yes,12,3,3,80,0,0,2,4,0,0,0,0,Seek
38,Current employee,Travel_Rarely,397,Research & Development,2,2,Medical,1,18439,141894,4,Female,87,3,1,Sales Representative,4,Single,1569,18420,1,Y,Yes,12,3,3,80,0,0,2,4,0,0,0,0,Seek
38,Current employee,Travel_Rarely,397,Research & Development,2,2,Life Sciences,1,18440,141895,4,Female,87,3,1,Sales Representative,4,Single,1569,18420,8,Y,Yes,12,3,3,80,0,0,2,4,0,0,0,0,Seek
38,Current employee,Travel_Rarely,397,Research & Development,2,2,Medical,1,18559,142014,4,Female,54,2,3,Manufacturing Director,3,Married,7756,14199,3,Y,Yes,19,3,4,80,1,10,6,4,5,4,0,2,GlassDoor
38,Current employee,Travel_Rarely,397,Research & Development,2,2,Life Sciences,1,18561,142016,4,Female,54,2,3,Manufacturing Director,3,Married,7756,14199,1,Y,Yes,19,3,4,80,1,10,6,4,5,4,0,2,GlassDoor
38,Current employee,Travel_Rarely,397,Research & Development,2,2,Medical,1,18563,142018,4,Female,54,2,3,Manufacturing Director,3,Married,7756,14199,3,Y,Yes,19,3,4,80,1,10,6,4,5,4,0,2,GlassDoor
38,Current employee,Travel_Rarely,397,Research & Development,2,2,Life Sciences,1,18564,142019,4,Female,54,2,3,Manufacturing Director,3,Married,7756,14199,1,Y,Yes,19,3,4,80,1,10,6,4,5,4,0,2,GlassDoor
38,Current employee,Travel_Rarely,397,Research & Development,2,2,Medical,1,18567,142022,4,Female,54,2,3,Manufacturing Director,3,Married,7756,14199,3,Y,Yes,19,3,4,80,1,10,6,4,5,4,0,2,GlassDoor
38,Current employee,Travel_Rarely,397,Research & Development,2,2,Life Sciences,1,18569,142024,4,Female,54,2,3,Manufacturing Director,3,Married,7756,14199,1,Y,Yes,19,3,4,80,1,10,6,4,5,4,0,2,GlassDoor
38,Current employee,Travel_Rarely,397,Research & Development,2,2,Medical,1,18571,142026,4,Female,54,2,3,Manufacturing Director,3,Married,7756,14199,3,Y,Yes,19,3,4,80,1,10,6,4,5,4,0,2,GlassDoor
38,Current employee,Travel_Rarely,397,Research & Development,2,2,Life Sciences,1,18572,142027,4,Female,54,2,3,Manufacturing Director,3,Married,7756,14199,1,Y,Yes,19,3,4,80,1,10,6,4,5,4,0,2,GlassDoor
38,Current employee,Travel_Frequently,148,Research & Development,2,3,Medical,1,18692,142147,4,Female,88,4,1,Research Scientist,3,Married,3517,22490,7,Y,No,17,3,1,80,0,5,0,3,3,2,0,2,LinkedIn
38,Current employee,Travel_Frequently,148,Research & Development,2,3,Life Sciences,1,18693,142148,4,Female,88,4,1,Research Scientist,3,Married,3517,22490,2,Y,No,17,3,1,80,0,5,0,3,3,2,0,2,LinkedIn
38,Current employee,Travel_Frequently,148,Research & Development,2,3,Medical,1,18697,142152,4,Female,88,4,1,Research Scientist,3,Married,3517,22490,7,Y,No,17,3,1,80,0,5,0,3,3,2,0,2,LinkedIn
38,Current employee,Travel_Frequently,148,Research & Development,2,3,Life Sciences,1,18698,142153,4,Female,88,4,1,Research Scientist,3,Married,3517,22490,2,Y,No,17,3,1,80,0,5,0,3,3,2,0,2,LinkedIn
38,Current employee,Travel_Frequently,148,Research & Development,2,3,Medical,1,18700,142155,4,Female,88,4,1,Research Scientist,3,Married,3517,22490,7,Y,No,17,3,1,80,0,5,0,3,3,2,0,2,LinkedIn
38,Current employee,Travel_Frequently,148,Research & Development,2,3,Life Sciences,1,18701,142156,4,Female,88,4,1,Research Scientist,3,Married,3517,22490,2,Y,No,17,3,1,80,0,5,0,3,3,2,0,2,LinkedIn
38,Current employee,Travel_Frequently,148,Research & Development,2,3,Medical,1,18705,142160,4,Female,88,4,1,Research Scientist,3,Married,3517,22490,7,Y,No,17,3,1,80,0,5,0,3,3,2,0,2,LinkedIn
38,Current employee,Travel_Rarely,1495,Research & Development,4,2,Medical,1,18723,142178,4,Male,88,3,1,Laboratory Technician,1,Single,2166,3339,3,Y,Yes,14,3,2,80,0,10,3,1,4,2,0,3,Seek
38,Current employee,Travel_Rarely,1495,Research & Development,4,2,Life Sciences,1,18724,142179,4,Male,88,3,1,Laboratory Technician,1,Single,2166,3339,1,Y,Yes,14,3,2,80,0,10,3,1,4,2,0,3,Seek
38,Current employee,Travel_Rarely,1495,Research & Development,4,2,Medical,1,18726,142181,4,Male,88,3,1,Laboratory Technician,1,Single,2166,3339,3,Y,Yes,14,3,2,80,0,10,3,1,4,2,0,3,Seek
38,Current employee,Travel_Rarely,1495,Research & Development,4,2,Life Sciences,1,18727,142182,4,Male,88,3,1,Laboratory Technician,1,Single,2166,3339,1,Y,Yes,14,3,2,80,0,10,3,1,4,2,0,3,Seek
38,Current employee,Travel_Rarely,1495,Research & Development,4,2,Medical,1,18731,142186,4,Male,88,3,1,Laboratory Technician,1,Single,2166,3339,3,Y,Yes,14,3,2,80,0,10,3,1,4,2,0,3,Seek
38,Current employee,Travel_Rarely,1495,Research & Development,4,2,Life Sciences,1,18732,142187,4,Male,88,3,1,Laboratory Technician,1,Single,2166,3339,1,Y,Yes,14,3,2,80,0,10,3,1,4,2,0,3,Seek
38,Current employee,Travel_Rarely,1495,Research & Development,4,2,Medical,1,18734,142189,4,Male,88,3,1,Laboratory Technician,1,Single,2166,3339,3,Y,Yes,14,3,2,80,0,10,3,1,4,2,0,3,Seek
38,Current employee,Travel_Rarely,1495,Research & Development,4,2,Life Sciences,1,18735,142190,4,Male,88,3,1,Laboratory Technician,1,Single,2166,3339,1,Y,Yes,14,3,2,80,0,10,3,1,4,2,0,3,Seek
38,Current employee,Travel_Frequently,1189,Research & Development,1,3,Life Sciences,1,18981,142436,4,Male,90,3,2,Research Scientist,4,Married,4735,9867,7,Y,No,15,3,4,80,2,19,4,4,13,11,2,9,Seek
38,Current employee,Travel_Frequently,1189,Research & Development,1,3,Life Sciences,1,18983,142438,4,Male,90,3,2,Research Scientist,4,Married,4735,9867,2,Y,No,15,3,4,80,2,19,4,4,13,11,2,9,Seek
38,Current employee,Travel_Frequently,1189,Research & Development,1,3,Life Sciences,1,18987,142442,4,Male,90,3,2,Research Scientist,4,Married,4735,9867,7,Y,No,15,3,4,80,2,19,4,4,13,11,2,9,Seek
38,Current employee,Travel_Frequently,1189,Research & Development,1,3,Life Sciences,1,18988,142443,4,Male,90,3,2,Research Scientist,4,Married,4735,9867,2,Y,No,15,3,4,80,2,19,4,4,13,11,2,9,Seek
38,Current employee,Travel_Frequently,1189,Research & Development,1,3,Life Sciences,1,18989,142444,4,Male,90,3,2,Research Scientist,4,Married,4735,9867,7,Y,No,15,3,4,80,2,19,4,4,13,11,2,9,Seek
38,Current employee,Travel_Frequently,1189,Research & Development,1,3,Life Sciences,1,18991,142446,4,Male,90,3,2,Research Scientist,4,Married,4735,9867,2,Y,No,15,3,4,80,2,19,4,4,13,11,2,9,Seek
38,Current employee,Travel_Frequently,1189,Research & Development,1,3,Life Sciences,1,18995,142450,4,Male,90,3,2,Research Scientist,4,Married,4735,9867,7,Y,No,15,3,4,80,2,19,4,4,13,11,2,9,Seek
38,Current employee,Travel_Frequently,1189,Research & Development,1,3,Life Sciences,1,18996,142451,4,Male,90,3,2,Research Scientist,4,Married,4735,9867,2,Y,No,15,3,4,80,2,19,4,4,13,11,2,9,Seek
38,Current employee,Travel_Frequently,594,Research & Development,2,2,Medical,1,19030,142485,4,Male,88,3,2,Research Scientist,2,Divorced,5470,25518,0,Y,No,13,3,3,80,2,10,4,2,9,5,1,6,Jora
38,Current employee,Travel_Frequently,594,Research & Development,2,2,Life Sciences,1,19032,142487,4,Male,88,3,2,Research Scientist,2,Divorced,5470,25518,2,Y,No,13,3,3,80,2,10,4,2,9,5,1,6,Jora
38,Current employee,Travel_Frequently,594,Research & Development,2,2,Medical,1,19035,142490,4,Male,88,3,2,Research Scientist,2,Divorced,5470,25518,0,Y,No,13,3,3,80,2,10,4,2,9,5,1,6,Jora
38,Current employee,Travel_Frequently,594,Research & Development,2,2,Life Sciences,1,19036,142491,4,Male,88,3,2,Research Scientist,2,Divorced,5470,25518,2,Y,No,13,3,3,80,2,10,4,2,9,5,1,6,Jora
38,Current employee,Travel_Frequently,594,Research & Development,2,2,Medical,1,19038,142493,4,Male,88,3,2,Research Scientist,2,Divorced,5470,25518,0,Y,No,13,3,3,80,2,10,4,2,9,5,1,6,Jora
38,Current employee,Travel_Frequently,594,Research & Development,2,2,Life Sciences,1,19040,142495,4,Male,88,3,2,Research Scientist,2,Divorced,5470,25518,2,Y,No,13,3,3,80,2,10,4,2,9,5,1,6,Jora
38,Current employee,Travel_Frequently,594,Research & Development,2,2,Medical,1,19043,142498,4,Male,88,3,2,Research Scientist,2,Divorced,5470,25518,0,Y,No,13,3,3,80,2,10,4,2,9,5,1,6,Jora
38,Current employee,Travel_Rarely,833,Research & Development,18,3,Medical,1,19045,142500,4,Female,88,3,2,Sales Executive,4,Married,5476,22589,1,Y,No,11,3,1,80,2,10,2,3,10,0,0,2,Adzuna
38,Current employee,Travel_Rarely,833,Research & Development,18,3,Medical,1,19047,142502,4,Female,88,3,2,Sales Executive,4,Married,5476,22589,7,Y,No,11,3,1,80,2,10,2,3,10,0,0,2,Adzuna
38,Current employee,Travel_Rarely,833,Research & Development,18,3,Medical,1,19050,142505,4,Female,88,3,2,Sales Executive,4,Married,5476,22589,1,Y,No,11,3,1,80,2,10,2,3,10,0,0,2,Adzuna
38,Current employee,Travel_Rarely,833,Research & Development,18,3,Medical,1,19051,142506,4,Female,88,3,2,Sales Executive,4,Married,5476,22589,7,Y,No,11,3,1,80,2,10,2,3,10,0,0,2,Adzuna
38,Current employee,Travel_Rarely,833,Research & Development,18,3,Medical,1,19053,142508,4,Female,88,3,2,Sales Executive,4,Married,5476,22589,1,Y,No,11,3,1,80,2,10,2,3,10,0,0,2,Adzuna
38,Current employee,Travel_Rarely,833,Research & Development,18,3,Medical,1,19055,142510,4,Female,88,3,2,Sales Executive,4,Married,5476,22589,7,Y,No,11,3,1,80,2,10,2,3,10,0,0,2,Adzuna
38,Current employee,Travel_Rarely,833,Research & Development,18,3,Medical,1,19058,142513,4,Female,88,3,2,Sales Executive,4,Married,5476,22589,1,Y,No,11,3,1,80,2,10,2,3,10,0,0,2,Adzuna
38,Current employee,Travel_Rarely,833,Research & Development,18,3,Medical,1,19059,142514,4,Female,88,3,2,Sales Executive,4,Married,5476,22589,7,Y,No,11,3,1,80,2,10,2,3,10,0,0,2,Adzuna
38,Current employee,Travel_Frequently,148,Research & Development,2,3,Medical,1,19076,142531,4,Female,42,2,1,Laboratory Technician,2,Single,2440,23826,1,Y,No,22,3,2,80,0,4,3,3,4,3,3,3,Company Website
38,Current employee,Travel_Frequently,148,Research & Development,2,3,Life Sciences,1,19078,142533,4,Female,42,2,1,Laboratory Technician,2,Single,2440,23826,1,Y,No,22,4,2,80,0,4,3,3,4,3,3,3,Company Website
38,Current employee,Travel_Frequently,148,Research & Development,2,3,Medical,1,19080,142535,4,Female,42,2,1,Laboratory Technician,2,Single,2440,23826,1,Y,No,22,4,2,80,0,4,3,3,4,3,3,3,Company Website
38,Current employee,Travel_Frequently,148,Research & Development,2,3,Life Sciences,1,19081,142536,4,Female,42,2,1,Laboratory Technician,2,Single,2440,23826,1,Y,No,22,4,2,80,0,4,3,3,4,3,3,3,Company Website
38,Current employee,Travel_Frequently,148,Research & Development,2,3,Medical,1,19087,142542,4,Female,42,2,1,Laboratory Technician,2,Single,2440,23826,1,Y,No,22,3,2,80,0,4,3,3,4,3,3,3,Company Website
38,Current employee,Travel_Frequently,148,Research & Development,2,3,Life Sciences,1,19089,142544,4,Female,42,2,1,Laboratory Technician,2,Single,2440,23826,1,Y,No,22,4,2,80,0,4,3,3,4,3,3,3,Company Website
38,Current employee,Travel_Frequently,148,Research & Development,2,3,Medical,1,19091,142546,4,Female,42,2,1,Laboratory Technician,2,Single,2440,23826,1,Y,No,22,4,2,80,0,4,3,3,4,3,3,3,Company Website
38,Current employee,Travel_Frequently,148,Research & Development,2,3,Life Sciences,1,19092,142547,4,Female,42,2,1,Laboratory Technician,2,Single,2440,23826,1,Y,No,22,4,2,80,0,4,3,3,4,3,3,3,Company Website
38,Current employee,Travel_Rarely,1495,Research & Development,4,2,Medical,1,19222,142677,4,Female,87,3,1,Laboratory Technician,3,Married,3306,26176,7,Y,No,19,3,4,80,1,7,5,2,0,0,0,0,Adzuna
38,Current employee,Travel_Rarely,1495,Research & Development,4,2,Life Sciences,1,19224,142679,4,Female,87,3,1,Laboratory Technician,3,Married,3306,26176,1,Y,No,19,3,4,80,1,7,5,2,0,0,0,0,Adzuna
38,Current employee,Travel_Rarely,1495,Research & Development,4,2,Medical,1,19228,142683,4,Female,87,3,1,Laboratory Technician,3,Married,3306,26176,7,Y,No,19,3,4,80,1,7,5,2,0,0,0,0,Adzuna
38,Current employee,Travel_Rarely,1495,Research & Development,4,2,Life Sciences,1,19229,142684,4,Female,87,3,1,Laboratory Technician,3,Married,3306,26176,1,Y,No,19,3,4,80,1,7,5,2,0,0,0,0,Adzuna
38,Current employee,Travel_Rarely,1495,Research & Development,4,2,Medical,1,19230,142685,4,Female,87,3,1,Laboratory Technician,3,Married,3306,26176,7,Y,No,19,3,4,80,1,7,5,2,0,0,0,0,Adzuna
38,Current employee,Travel_Rarely,1495,Research & Development,4,2,Life Sciences,1,19232,142687,4,Female,87,3,1,Laboratory Technician,3,Married,3306,26176,1,Y,No,19,3,4,80,1,7,5,2,0,0,0,0,Adzuna
38,Current employee,Travel_Rarely,1495,Research & Development,4,2,Medical,1,19236,142691,4,Female,87,3,1,Laboratory Technician,3,Married,3306,26176,7,Y,No,19,3,4,80,1,7,5,2,0,0,0,0,Adzuna
38,Current employee,Travel_Rarely,1495,Research & Development,4,2,Life Sciences,1,19237,142692,4,Female,87,3,1,Laboratory Technician,3,Married,3306,26176,1,Y,No,19,3,4,80,1,7,5,2,0,0,0,0,Adzuna
38,Current employee,Travel_Frequently,1394,Research & Development,8,3,Medical,1,19603,143058,4,Male,90,3,1,Research Scientist,3,Married,3433,17360,6,Y,No,13,3,1,80,1,10,3,2,5,2,1,3,Seek
38,Current employee,Travel_Frequently,1394,Research & Development,8,3,Medical,1,19604,143059,4,Male,90,3,1,Research Scientist,3,Married,3433,17360,3,Y,No,13,3,1,80,1,10,3,2,5,2,1,3,Seek
38,Current employee,Travel_Frequently,1394,Research & Development,8,3,Medical,1,19608,143063,4,Male,90,3,1,Research Scientist,3,Married,3433,17360,6,Y,No,13,3,1,80,1,10,3,2,5,2,1,3,Seek
38,Current employee,Travel_Frequently,1394,Research & Development,8,3,Medical,1,19609,143064,4,Male,90,3,1,Research Scientist,3,Married,3433,17360,3,Y,No,13,3,1,80,1,10,3,2,5,2,1,3,Seek
38,Current employee,Travel_Frequently,1394,Research & Development,8,3,Medical,1,19611,143066,4,Male,90,3,1,Research Scientist,3,Married,3433,17360,6,Y,No,13,3,1,80,1,10,3,2,5,2,1,3,Seek
38,Current employee,Travel_Frequently,1394,Research & Development,8,3,Medical,1,19612,143067,4,Male,90,3,1,Research Scientist,3,Married,3433,17360,3,Y,No,13,3,1,80,1,10,3,2,5,2,1,3,Seek
38,Current employee,Travel_Frequently,1394,Research & Development,8,3,Medical,1,19616,143071,4,Male,90,3,1,Research Scientist,3,Married,3433,17360,6,Y,No,13,3,1,80,1,10,3,2,5,2,1,3,Seek
38,Current employee,Travel_Frequently,1394,Research & Development,8,3,Medical,1,19617,143072,4,Male,90,3,1,Research Scientist,3,Married,3433,17360,3,Y,No,13,3,1,80,1,10,3,2,5,2,1,3,Seek
38,Current employee,Travel_Rarely,201,Research & Development,10,3,Medical,1,19890,143345,4,Female,91,2,1,Research Scientist,1,Single,4968,26427,0,Y,No,16,3,4,80,0,10,2,3,9,7,0,7,Indeed
38,Current employee,Travel_Rarely,201,Research & Development,10,3,Medical,1,19892,143347,4,Female,91,2,1,Research Scientist,1,Single,4968,26427,3,Y,No,16,3,4,80,0,10,2,3,9,7,0,7,Indeed
38,Current employee,Travel_Rarely,201,Research & Development,10,3,Medical,1,19895,143350,4,Female,91,2,1,Research Scientist,1,Single,4968,26427,0,Y,No,16,3,4,80,0,10,2,3,9,7,0,7,Indeed
38,Current employee,Travel_Rarely,201,Research & Development,10,3,Medical,1,19896,143351,4,Female,91,2,1,Research Scientist,1,Single,4968,26427,3,Y,No,16,3,4,80,0,10,2,3,9,7,0,7,Indeed
38,Current employee,Travel_Rarely,201,Research & Development,10,3,Medical,1,19898,143353,4,Female,91,2,1,Research Scientist,1,Single,4968,26427,0,Y,No,16,3,4,80,0,10,2,3,9,7,0,7,Indeed
38,Current employee,Travel_Rarely,201,Research & Development,10,3,Medical,1,19900,143355,4,Female,91,2,1,Research Scientist,1,Single,4968,26427,3,Y,No,16,3,4,80,0,10,2,3,9,7,0,7,Indeed
38,Current employee,Travel_Rarely,201,Research & Development,10,3,Medical,1,19903,143358,4,Female,91,2,1,Research Scientist,1,Single,4968,26427,0,Y,No,16,3,4,80,0,10,2,3,9,7,0,7,Indeed
38,Current employee,Travel_Rarely,201,Research & Development,10,3,Medical,1,19904,143359,4,Female,91,2,1,Research Scientist,1,Single,4968,26427,3,Y,No,16,3,4,80,0,10,2,3,9,7,0,7,Indeed
38,Current employee,Travel_Frequently,594,Research & Development,2,2,Medical,1,20079,143534,3,Female,75,2,1,Laboratory Technician,2,Married,2468,15963,4,Y,No,14,3,2,80,1,9,4,2,6,1,0,5,Seek
38,Current employee,Travel_Frequently,594,Research & Development,2,2,Life Sciences,1,20081,143536,3,Female,75,2,1,Laboratory Technician,2,Married,2468,15963,1,Y,No,14,3,2,80,1,9,4,2,6,1,0,5,Seek
38,Current employee,Travel_Frequently,594,Research & Development,2,2,Medical,1,20085,143540,3,Female,75,2,1,Laboratory Technician,2,Married,2468,15963,4,Y,No,14,3,2,80,1,9,4,2,6,1,0,5,Seek
38,Current employee,Travel_Frequently,594,Research & Development,2,2,Life Sciences,1,20086,143541,3,Female,75,2,1,Laboratory Technician,2,Married,2468,15963,1,Y,No,14,3,2,80,1,9,4,2,6,1,0,5,Seek
38,Current employee,Travel_Frequently,594,Research & Development,2,2,Medical,1,20087,143542,3,Female,75,2,1,Laboratory Technician,2,Married,2468,15963,4,Y,No,14,3,2,80,1,9,4,2,6,1,0,5,Seek
38,Current employee,Travel_Frequently,594,Research & Development,2,2,Life Sciences,1,20089,143544,3,Female,75,2,1,Laboratory Technician,2,Married,2468,15963,1,Y,No,14,3,2,80,1,9,4,2,6,1,0,5,Seek
38,Current employee,Travel_Frequently,594,Research & Development,2,2,Medical,1,20093,143548,3,Female,75,2,1,Laboratory Technician,2,Married,2468,15963,4,Y,No,14,3,2,80,1,9,4,2,6,1,0,5,Seek
38,Current employee,Travel_Frequently,594,Research & Development,2,2,Life Sciences,1,20094,143549,3,Female,75,2,1,Laboratory Technician,2,Married,2468,15963,1,Y,No,14,3,2,80,1,9,4,2,6,1,0,5,Seek
38,Current employee,Travel_Rarely,833,Research & Development,18,3,Medical,1,20157,143612,2,Male,60,1,2,Healthcare Representative,4,Married,5811,24539,3,Y,Yes,16,3,3,80,1,15,2,3,1,0,1,0,Adzuna
38,Current employee,Travel_Rarely,833,Research & Development,18,3,Medical,1,20160,143615,2,Male,60,1,2,Healthcare Representative,4,Married,5811,24539,0,Y,Yes,16,3,3,80,1,15,2,3,1,0,1,0,Adzuna
38,Current employee,Travel_Rarely,833,Research & Development,18,3,Medical,1,20161,143616,2,Male,60,1,2,Healthcare Representative,4,Married,5811,24539,3,Y,Yes,16,3,3,80,1,15,2,3,1,0,1,0,Adzuna
38,Current employee,Travel_Rarely,833,Research & Development,18,3,Medical,1,20162,143617,2,Male,60,1,2,Healthcare Representative,4,Married,5811,24539,0,Y,Yes,16,3,3,80,1,15,2,3,1,0,1,0,Adzuna
38,Current employee,Travel_Rarely,833,Research & Development,18,3,Medical,1,20165,143620,2,Male,60,1,2,Healthcare Representative,4,Married,5811,24539,3,Y,Yes,16,3,3,80,1,15,2,3,1,0,1,0,Adzuna
38,Current employee,Travel_Rarely,833,Research & Development,18,3,Medical,1,20168,143623,2,Male,60,1,2,Healthcare Representative,4,Married,5811,24539,0,Y,Yes,16,3,3,80,1,15,2,3,1,0,1,0,Adzuna
38,Current employee,Travel_Rarely,833,Research & Development,18,3,Medical,1,20169,143624,2,Male,60,1,2,Healthcare Representative,4,Married,5811,24539,3,Y,Yes,16,3,3,80,1,15,2,3,1,0,1,0,Adzuna
38,Current employee,Travel_Rarely,833,Research & Development,18,3,Medical,1,20170,143625,2,Male,60,1,2,Healthcare Representative,4,Married,5811,24539,0,Y,Yes,16,3,3,80,1,15,2,3,1,0,1,0,Adzuna
38,Current employee,Travel_Rarely,1153,Research & Development,6,2,Other,1,20331,143786,4,Female,40,2,1,Laboratory Technician,3,Married,3702,16376,1,Y,No,11,3,2,80,1,5,3,3,5,4,0,4,Adzuna
38,Current employee,Travel_Rarely,1153,Research & Development,6,2,Marketing,1,20333,143788,4,Female,40,2,1,Laboratory Technician,3,Married,3702,16376,1,Y,No,11,3,2,80,1,5,3,3,5,4,0,4,Adzuna
38,Current employee,Travel_Rarely,1153,Research & Development,6,2,Other,1,20335,143790,4,Female,40,2,1,Laboratory Technician,3,Married,3702,16376,1,Y,No,11,3,2,80,1,5,3,3,5,4,0,4,Adzuna
38,Current employee,Travel_Rarely,1153,Research & Development,6,2,Marketing,1,20336,143791,4,Female,40,2,1,Laboratory Technician,3,Married,3702,16376,1,Y,No,11,3,2,80,1,5,3,3,5,4,0,4,Adzuna
38,Current employee,Travel_Rarely,1153,Research & Development,6,2,Other,1,20339,143794,4,Female,40,2,1,Laboratory Technician,3,Married,3702,16376,1,Y,No,11,3,2,80,1,5,3,3,5,4,0,4,Adzuna
38,Current employee,Travel_Rarely,1153,Research & Development,6,2,Marketing,1,20341,143796,4,Female,40,2,1,Laboratory Technician,3,Married,3702,16376,1,Y,No,11,3,2,80,1,5,3,3,5,4,0,4,Adzuna
38,Current employee,Travel_Rarely,1153,Research & Development,6,2,Other,1,20343,143798,4,Female,40,2,1,Laboratory Technician,3,Married,3702,16376,1,Y,No,11,3,2,80,1,5,3,3,5,4,0,4,Adzuna
38,Current employee,Travel_Rarely,1153,Research & Development,6,2,Marketing,1,20344,143799,4,Female,40,2,1,Laboratory Technician,3,Married,3702,16376,1,Y,No,11,3,2,80,1,5,3,3,5,4,0,4,Adzuna
38,Current employee,Non-Travel,1336,Human Resources,2,3,Human Resources,1,20603,144058,1,Male,100,3,1,Human Resources,2,Divorced,2592,7129,5,Y,No,13,3,4,80,3,13,3,3,11,10,3,8,LinkedIn
38,Current employee,Non-Travel,1336,Human Resources,2,3,Life Sciences,1,20605,144060,1,Male,100,3,1,Human Resources,2,Divorced,2592,7129,0,Y,No,13,3,4,80,3,13,3,3,11,10,3,8,LinkedIn
38,Current employee,Non-Travel,1336,Human Resources,2,3,Human Resources,1,20609,144064,1,Male,100,3,1,Human Resources,2,Divorced,2592,7129,5,Y,No,13,3,4,80,3,13,3,3,11,10,3,8,LinkedIn
38,Current employee,Non-Travel,1336,Human Resources,2,3,Life Sciences,1,20610,144065,1,Male,100,3,1,Human Resources,2,Divorced,2592,7129,0,Y,No,13,3,4,80,3,13,3,3,11,10,3,8,LinkedIn
38,Current employee,Non-Travel,1336,Human Resources,2,3,Human Resources,1,20611,144066,1,Male,100,3,1,Human Resources,2,Divorced,2592,7129,5,Y,No,13,3,4,80,3,13,3,3,11,10,3,8,LinkedIn
38,Current employee,Non-Travel,1336,Human Resources,2,3,Life Sciences,1,20613,144068,1,Male,100,3,1,Human Resources,2,Divorced,2592,7129,0,Y,No,13,3,4,80,3,13,3,3,11,10,3,8,LinkedIn
38,Current employee,Non-Travel,1336,Human Resources,2,3,Human Resources,1,20617,144072,1,Male,100,3,1,Human Resources,2,Divorced,2592,7129,5,Y,No,13,3,4,80,3,13,3,3,11,10,3,8,LinkedIn
38,Current employee,Non-Travel,1336,Human Resources,2,3,Life Sciences,1,20618,144073,1,Male,100,3,1,Human Resources,2,Divorced,2592,7129,0,Y,No,13,3,4,80,3,13,3,3,11,10,3,8,LinkedIn
38,Current employee,Travel_Frequently,1186,Research & Development,3,4,Other,1,20780,144235,4,Male,94,4,2,Sales Executive,3,Married,6799,22128,1,Y,No,21,3,3,80,2,10,5,3,10,8,4,8,LinkedIn
38,Current employee,Travel_Frequently,1186,Research & Development,3,4,Life Sciences,1,20781,144236,4,Male,94,4,2,Sales Executive,3,Married,6799,22128,5,Y,No,21,3,3,80,2,10,5,3,10,8,4,8,LinkedIn
38,Current employee,Travel_Frequently,1186,Research & Development,3,4,Other,1,20785,144240,4,Male,94,4,2,Sales Executive,3,Married,6799,22128,1,Y,No,21,4,3,80,2,10,5,3,10,8,4,8,LinkedIn
38,Current employee,Travel_Frequently,1186,Research & Development,3,4,Life Sciences,1,20786,144241,4,Male,94,4,2,Sales Executive,3,Married,6799,22128,5,Y,No,21,4,3,80,2,10,5,3,10,8,4,8,LinkedIn
38,Current employee,Travel_Frequently,1186,Research & Development,3,4,Other,1,20788,144243,4,Male,94,4,2,Sales Executive,3,Married,6799,22128,1,Y,No,21,3,3,80,2,10,5,3,10,8,4,8,LinkedIn
38,Current employee,Travel_Frequently,1186,Research & Development,3,4,Life Sciences,1,20789,144244,4,Male,94,4,2,Sales Executive,3,Married,6799,22128,5,Y,No,21,3,3,80,2,10,5,3,10,8,4,8,LinkedIn
38,Current employee,Travel_Frequently,1186,Research & Development,3,4,Other,1,20793,144248,4,Male,94,4,2,Sales Executive,3,Married,6799,22128,1,Y,No,21,4,3,80,2,10,5,3,10,8,4,8,LinkedIn
38,Current employee,Travel_Frequently,1186,Research & Development,3,4,Life Sciences,1,20794,144249,4,Male,94,4,2,Sales Executive,3,Married,6799,22128,5,Y,No,21,4,3,80,2,10,5,3,10,8,4,8,LinkedIn
38,Current employee,Travel_Rarely,723,Sales,2,4,Marketing,1,20907,144362,2,Female,77,1,2,Sales Representative,4,Married,5405,4244,2,Y,Yes,20,3,1,80,2,20,4,2,4,2,0,3,Company Website
38,Current employee,Travel_Rarely,723,Sales,2,4,Life Sciences,1,20909,144364,2,Female,77,1,2,Sales Representative,4,Married,5405,4244,8,Y,Yes,20,3,1,80,2,20,4,2,4,2,0,3,Company Website
38,Current employee,Travel_Rarely,723,Sales,2,4,Marketing,1,20911,144366,2,Female,77,1,2,Sales Representative,4,Married,5405,4244,2,Y,Yes,20,4,1,80,2,20,4,2,4,2,0,3,Company Website
38,Current employee,Travel_Rarely,723,Sales,2,4,Life Sciences,1,20912,144367,2,Female,77,1,2,Sales Representative,4,Married,5405,4244,8,Y,Yes,20,4,1,80,2,20,4,2,4,2,0,3,Company Website
38,Current employee,Travel_Rarely,723,Sales,2,4,Marketing,1,20915,144370,2,Female,77,1,2,Sales Representative,4,Married,5405,4244,2,Y,Yes,20,3,1,80,2,20,4,2,4,2,0,3,Company Website
38,Current employee,Travel_Rarely,723,Sales,2,4,Life Sciences,1,20917,144372,2,Female,77,1,2,Sales Representative,4,Married,5405,4244,8,Y,Yes,20,3,1,80,2,20,4,2,4,2,0,3,Company Website
38,Current employee,Travel_Rarely,723,Sales,2,4,Marketing,1,20919,144374,2,Female,77,1,2,Sales Representative,4,Married,5405,4244,2,Y,Yes,20,4,1,80,2,20,4,2,4,2,0,3,Company Website
38,Current employee,Travel_Rarely,723,Sales,2,4,Life Sciences,1,20920,144375,2,Female,77,1,2,Sales Representative,4,Married,5405,4244,8,Y,Yes,20,4,1,80,2,20,4,2,4,2,0,3,Company Website
38,Current employee,Travel_Rarely,1153,Research & Development,6,2,Other,1,21179,144634,4,Male,95,3,1,Laboratory Technician,3,Single,3968,13624,4,Y,No,13,3,4,80,0,8,3,3,0,0,0,0,Jora
38,Current employee,Travel_Rarely,1153,Research & Development,6,2,Marketing,1,21180,144635,4,Male,95,3,1,Laboratory Technician,3,Single,3968,13624,1,Y,No,13,4,4,80,0,8,3,3,0,0,0,0,Jora
38,Current employee,Travel_Rarely,1153,Research & Development,6,2,Other,1,21182,144637,4,Male,95,3,1,Laboratory Technician,3,Single,3968,13624,4,Y,No,13,3,4,80,0,8,3,3,0,0,0,0,Jora
38,Current employee,Travel_Rarely,1153,Research & Development,6,2,Marketing,1,21183,144638,4,Male,95,3,1,Laboratory Technician,3,Single,3968,13624,1,Y,No,13,3,4,80,0,8,3,3,0,0,0,0,Jora
38,Current employee,Travel_Rarely,1153,Research & Development,6,2,Other,1,21187,144642,4,Male,95,3,1,Laboratory Technician,3,Single,3968,13624,4,Y,No,13,3,4,80,0,8,3,3,0,0,0,0,Jora
38,Current employee,Travel_Rarely,1153,Research & Development,6,2,Marketing,1,21188,144643,4,Male,95,3,1,Laboratory Technician,3,Single,3968,13624,1,Y,No,13,4,4,80,0,8,3,3,0,0,0,0,Jora
38,Current employee,Travel_Rarely,1153,Research & Development,6,2,Other,1,21190,144645,4,Male,95,3,1,Laboratory Technician,3,Single,3968,13624,4,Y,No,13,3,4,80,0,8,3,3,0,0,0,0,Jora
38,Current employee,Travel_Rarely,1153,Research & Development,6,2,Marketing,1,21191,144646,4,Male,95,3,1,Laboratory Technician,3,Single,3968,13624,1,Y,No,13,3,4,80,0,8,3,3,0,0,0,0,Jora
38,Current employee,Travel_Frequently,1444,Human Resources,1,4,Other,1,21291,144746,4,Male,95,2,1,Research Scientist,4,Single,2439,14753,1,Y,Yes,24,3,2,80,0,1,3,2,1,0,1,0,Seek
38,Current employee,Travel_Frequently,1444,Human Resources,1,4,Life Sciences,1,21292,144747,4,Male,95,2,1,Research Scientist,4,Single,2439,14753,2,Y,Yes,24,3,2,80,0,1,3,2,1,0,1,0,Seek
38,Current employee,Travel_Frequently,1444,Human Resources,1,4,Other,1,21296,144751,4,Male,95,2,1,Research Scientist,4,Single,2439,14753,1,Y,Yes,24,4,2,80,0,1,3,2,1,0,1,0,Seek
38,Current employee,Travel_Frequently,1444,Human Resources,1,4,Life Sciences,1,21297,144752,4,Male,95,2,1,Research Scientist,4,Single,2439,14753,2,Y,Yes,24,4,2,80,0,1,3,2,1,0,1,0,Seek
38,Current employee,Travel_Frequently,1444,Human Resources,1,4,Other,1,21299,144754,4,Male,95,2,1,Research Scientist,4,Single,2439,14753,1,Y,Yes,24,3,2,80,0,1,3,2,1,0,1,0,Seek
38,Current employee,Travel_Frequently,1444,Human Resources,1,4,Life Sciences,1,21300,144755,4,Male,95,2,1,Research Scientist,4,Single,2439,14753,2,Y,Yes,24,3,2,80,0,1,3,2,1,0,1,0,Seek
38,Current employee,Travel_Frequently,1444,Human Resources,1,4,Other,1,21304,144759,4,Male,95,2,1,Research Scientist,4,Single,2439,14753,1,Y,Yes,24,4,2,80,0,1,3,2,1,0,1,0,Seek
38,Current employee,Travel_Frequently,1444,Human Resources,1,4,Life Sciences,1,21305,144760,4,Male,95,2,1,Research Scientist,4,Single,2439,14753,2,Y,Yes,24,4,2,80,0,1,3,2,1,0,1,0,Seek
38,Current employee,Travel_Rarely,364,Research & Development,3,5,Technical Degree,1,21513,144968,4,Female,96,2,2,Manufacturing Director,4,Married,5906,23888,0,Y,No,13,4,4,80,2,10,2,2,9,8,3,8,Seek
38,Current employee,Travel_Rarely,364,Research & Development,3,5,Life Sciences,1,21514,144969,4,Female,96,2,2,Manufacturing Director,4,Married,5906,23888,1,Y,No,13,4,4,80,2,10,2,2,9,8,3,8,Seek
38,Current employee,Travel_Rarely,364,Research & Development,3,5,Technical Degree,1,21516,144971,4,Female,96,2,2,Manufacturing Director,4,Married,5906,23888,0,Y,No,13,3,4,80,2,10,2,2,9,8,3,8,Seek
38,Current employee,Travel_Rarely,364,Research & Development,3,5,Life Sciences,1,21517,144972,4,Female,96,2,2,Manufacturing Director,4,Married,5906,23888,1,Y,No,13,3,4,80,2,10,2,2,9,8,3,8,Seek
38,Current employee,Travel_Rarely,364,Research & Development,3,5,Technical Degree,1,21521,144976,4,Female,96,2,2,Manufacturing Director,4,Married,5906,23888,0,Y,No,13,4,4,80,2,10,2,2,9,8,3,8,Seek
38,Current employee,Travel_Rarely,364,Research & Development,3,5,Life Sciences,1,21522,144977,4,Female,96,2,2,Manufacturing Director,4,Married,5906,23888,1,Y,No,13,4,4,80,2,10,2,2,9,8,3,8,Seek
38,Current employee,Travel_Rarely,364,Research & Development,3,5,Technical Degree,1,21524,144979,4,Female,96,2,2,Manufacturing Director,4,Married,5906,23888,0,Y,No,13,3,4,80,2,10,2,2,9,8,3,8,Seek
38,Current employee,Travel_Rarely,364,Research & Development,3,5,Life Sciences,1,21525,144980,4,Female,96,2,2,Manufacturing Director,4,Married,5906,23888,1,Y,No,13,3,4,80,2,10,2,2,9,8,3,8,Seek
38,Current employee,Travel_Rarely,1084,Research & Development,29,3,Technical Degree,1,21593,145048,4,Female,96,3,4,Manager,4,Divorced,17174,2437,3,Y,No,11,3,2,80,1,24,3,3,22,17,4,7,Referral
38,Current employee,Travel_Rarely,1084,Research & Development,29,3,Technical Degree,1,21595,145050,4,Female,96,3,4,Manager,4,Divorced,17174,2437,1,Y,No,11,3,2,80,1,24,3,3,22,17,4,7,Referral
38,Current employee,Travel_Rarely,1084,Research & Development,29,3,Technical Degree,1,21596,145051,4,Female,96,3,4,Manager,4,Divorced,17174,2437,3,Y,No,11,3,2,80,1,24,3,3,22,17,4,7,Referral
38,Current employee,Travel_Rarely,1084,Research & Development,29,3,Technical Degree,1,21597,145052,4,Female,96,3,4,Manager,4,Divorced,17174,2437,1,Y,No,11,3,2,80,1,24,3,3,22,17,4,7,Referral
38,Current employee,Travel_Rarely,1084,Research & Development,29,3,Technical Degree,1,21601,145056,4,Female,96,3,4,Manager,4,Divorced,17174,2437,3,Y,No,11,3,2,80,1,24,3,3,22,17,4,7,Referral
38,Current employee,Travel_Rarely,1084,Research & Development,29,3,Technical Degree,1,21603,145058,4,Female,96,3,4,Manager,4,Divorced,17174,2437,1,Y,No,11,3,2,80,1,24,3,3,22,17,4,7,Referral
38,Current employee,Travel_Rarely,1084,Research & Development,29,3,Technical Degree,1,21604,145059,4,Female,96,3,4,Manager,4,Divorced,17174,2437,3,Y,No,11,3,2,80,1,24,3,3,22,17,4,7,Referral
38,Current employee,Travel_Rarely,1084,Research & Development,29,3,Technical Degree,1,21605,145060,4,Female,96,3,4,Manager,4,Divorced,17174,2437,1,Y,No,11,3,2,80,1,24,3,3,22,17,4,7,Referral
38,Current employee,Travel_Frequently,1394,Research & Development,8,3,Medical,1,21957,145412,4,Female,32,2,2,Research Scientist,2,Divorced,2133,18115,1,Y,Yes,16,3,3,80,1,20,3,3,20,11,0,7,Jora
38,Current employee,Travel_Frequently,1394,Research & Development,8,3,Medical,1,21960,145415,4,Female,32,2,2,Research Scientist,2,Divorced,2133,18115,3,Y,Yes,16,3,3,80,1,20,3,3,20,11,0,7,Jora
38,Current employee,Travel_Frequently,1394,Research & Development,8,3,Medical,1,21963,145418,4,Female,32,2,2,Research Scientist,2,Divorced,2133,18115,1,Y,Yes,16,3,3,80,1,20,3,3,20,11,0,7,Jora
38,Current employee,Travel_Frequently,1394,Research & Development,8,3,Medical,1,21964,145419,4,Female,32,2,2,Research Scientist,2,Divorced,2133,18115,3,Y,Yes,16,3,3,80,1,20,3,3,20,11,0,7,Jora
38,Current employee,Travel_Frequently,1394,Research & Development,8,3,Medical,1,21965,145420,4,Female,32,2,2,Research Scientist,2,Divorced,2133,18115,1,Y,Yes,16,3,3,80,1,20,3,3,20,11,0,7,Jora
38,Current employee,Travel_Frequently,1394,Research & Development,8,3,Medical,1,21968,145423,4,Female,32,2,2,Research Scientist,2,Divorced,2133,18115,3,Y,Yes,16,3,3,80,1,20,3,3,20,11,0,7,Jora
38,Current employee,Travel_Frequently,1394,Research & Development,8,3,Medical,1,21971,145426,4,Female,32,2,2,Research Scientist,2,Divorced,2133,18115,1,Y,Yes,16,3,3,80,1,20,3,3,20,11,0,7,Jora
38,Current employee,Travel_Frequently,1394,Research & Development,8,3,Medical,1,21972,145427,4,Female,32,2,2,Research Scientist,2,Divorced,2133,18115,3,Y,Yes,16,3,3,80,1,20,3,3,20,11,0,7,Jora
38,Current employee,Travel_Rarely,1206,Research & Development,9,2,Life Sciences,1,22005,145460,2,Male,32,3,1,Research Scientist,4,Divorced,4771,14293,2,Y,No,19,3,4,80,2,10,0,4,5,2,0,3,Seek
38,Current employee,Travel_Rarely,1206,Research & Development,9,2,Medical,1,22008,145463,2,Male,32,3,1,Research Scientist,4,Divorced,4771,14293,3,Y,No,19,3,4,80,2,10,0,4,5,2,0,3,Seek
38,Current employee,Travel_Rarely,1206,Research & Development,9,2,Life Sciences,1,22011,145466,2,Male,32,3,1,Research Scientist,4,Divorced,4771,14293,2,Y,No,19,3,4,80,2,10,0,4,5,2,0,3,Seek
38,Current employee,Travel_Rarely,1206,Research & Development,9,2,Medical,1,22012,145467,2,Male,32,3,1,Research Scientist,4,Divorced,4771,14293,3,Y,No,19,3,4,80,2,10,0,4,5,2,0,3,Seek
38,Current employee,Travel_Rarely,1206,Research & Development,9,2,Life Sciences,1,22013,145468,2,Male,32,3,1,Research Scientist,4,Divorced,4771,14293,2,Y,No,19,3,4,80,2,10,0,4,5,2,0,3,Seek
38,Current employee,Travel_Rarely,1206,Research & Development,9,2,Medical,1,22016,145471,2,Male,32,3,1,Research Scientist,4,Divorced,4771,14293,3,Y,No,19,3,4,80,2,10,0,4,5,2,0,3,Seek
38,Current employee,Travel_Rarely,1206,Research & Development,9,2,Life Sciences,1,22019,145474,2,Male,32,3,1,Research Scientist,4,Divorced,4771,14293,2,Y,No,19,3,4,80,2,10,0,4,5,2,0,3,Seek
38,Current employee,Travel_Rarely,1206,Research & Development,9,2,Medical,1,22020,145475,2,Male,32,3,1,Research Scientist,4,Divorced,4771,14293,3,Y,No,19,3,4,80,2,10,0,4,5,2,0,3,Seek
38,Current employee,Travel_Rarely,1404,Sales,1,3,Life Sciences,1,22245,145700,1,Male,33,2,1,Sales Representative,1,Single,2858,11473,4,Y,No,14,3,1,80,0,20,3,2,1,0,0,0,Jora
38,Current employee,Travel_Rarely,1404,Sales,1,3,Life Sciences,1,22247,145702,1,Male,33,2,1,Sales Representative,1,Single,2858,11473,8,Y,No,14,3,1,80,0,20,3,2,1,0,0,0,Jora
38,Current employee,Travel_Rarely,1404,Sales,1,3,Life Sciences,1,22249,145704,1,Male,33,2,1,Sales Representative,1,Single,2858,11473,4,Y,No,14,3,1,80,0,20,3,2,1,0,0,0,Jora
38,Current employee,Travel_Rarely,1404,Sales,1,3,Life Sciences,1,22250,145705,1,Male,33,2,1,Sales Representative,1,Single,2858,11473,8,Y,No,14,3,1,80,0,20,3,2,1,0,0,0,Jora
38,Current employee,Travel_Rarely,1404,Sales,1,3,Life Sciences,1,22253,145708,1,Male,33,2,1,Sales Representative,1,Single,2858,11473,4,Y,No,14,3,1,80,0,20,3,2,1,0,0,0,Jora
38,Current employee,Travel_Rarely,1404,Sales,1,3,Life Sciences,1,22255,145710,1,Male,33,2,1,Sales Representative,1,Single,2858,11473,8,Y,No,14,3,1,80,0,20,3,2,1,0,0,0,Jora
38,Current employee,Travel_Rarely,1404,Sales,1,3,Life Sciences,1,22257,145712,1,Male,33,2,1,Sales Representative,1,Single,2858,11473,4,Y,No,14,3,1,80,0,20,3,2,1,0,0,0,Jora
38,Current employee,Travel_Rarely,1404,Sales,1,3,Life Sciences,1,22258,145713,1,Male,33,2,1,Sales Representative,1,Single,2858,11473,8,Y,No,14,3,1,80,0,20,3,2,1,0,0,0,Jora
38,Current employee,Travel_Rarely,1333,Research & Development,1,3,Technical Degree,1,22294,145749,4,Male,97,2,2,Manufacturing Director,4,Single,9679,10138,8,Y,No,24,3,2,80,0,8,1,3,1,0,0,0,Adzuna
38,Current employee,Travel_Rarely,1333,Research & Development,1,3,Life Sciences,1,22295,145750,4,Male,97,2,2,Manufacturing Director,4,Single,9679,10138,1,Y,No,24,3,2,80,0,8,1,3,1,0,0,0,Adzuna
38,Current employee,Travel_Rarely,1333,Research & Development,1,3,Technical Degree,1,22299,145754,4,Male,97,2,2,Manufacturing Director,4,Single,9679,10138,8,Y,No,24,4,2,80,0,8,1,3,1,0,0,0,Adzuna
38,Current employee,Travel_Rarely,1333,Research & Development,1,3,Life Sciences,1,22300,145755,4,Male,97,2,2,Manufacturing Director,4,Single,9679,10138,1,Y,No,24,4,2,80,0,8,1,3,1,0,0,0,Adzuna
38,Current employee,Travel_Rarely,1333,Research & Development,,3,Technical Degree,1,22302,145757,4,Male,97,2,2,Manufacturing Director,4,Single,9679,10138,8,Y,No,24,3,2,80,0,8,1,3,,0,0,0,Adzuna
38,Current employee,Travel_Rarely,1333,Research & Development,1,3,Life Sciences,1,22303,145758,4,Male,97,2,2,Manufacturing Director,4,Single,9679,10138,1,Y,No,24,3,2,80,0,8,1,3,1,0,0,0,Adzuna
38,Current employee,Travel_Rarely,1333,Research & Development,1,3,Technical Degree,1,22307,145762,4,Male,97,2,2,Manufacturing Director,4,Single,9679,10138,8,Y,No,24,4,2,80,0,8,1,3,1,0,0,0,Adzuna
38,Current employee,Travel_Rarely,1333,Research & Development,1,3,Life Sciences,1,22308,145763,4,Male,97,2,2,Manufacturing Director,4,Single,9679,10138,1,Y,No,24,4,2,80,0,8,1,3,1,0,0,0,Adzuna
38,Current employee,Non-Travel,152,Sales,10,3,Technical Degree,1,22358,145813,4,Male,98,3,2,Healthcare Representative,3,Divorced,5968,18079,1,Y,No,20,3,3,80,3,9,2,3,9,7,2,8,Adzuna
38,Current employee,Non-Travel,152,Sales,10,3,Medical,1,22360,145815,4,Male,98,3,2,Healthcare Representative,3,Divorced,5968,18079,0,Y,No,20,3,3,80,3,9,2,3,9,7,2,8,Adzuna
38,Current employee,Non-Travel,152,Sales,10,3,Technical Degree,1,22363,145818,4,Male,98,3,2,Healthcare Representative,3,Divorced,5968,18079,1,Y,No,20,4,3,80,3,9,2,3,9,7,2,8,Adzuna
38,Current employee,Non-Travel,152,Sales,10,3,Medical,1,22364,145819,4,Male,98,3,2,Healthcare Representative,3,Divorced,5968,18079,0,Y,No,20,4,3,80,3,9,2,3,9,7,2,8,Adzuna
38,Current employee,Non-Travel,152,Sales,10,3,Technical Degree,1,22366,145821,4,Male,98,3,2,Healthcare Representative,3,Divorced,5968,18079,1,Y,No,20,3,3,80,3,9,2,3,9,,2,8,Adzuna
38,Current employee,Non-Travel,152,Sales,10,3,Medical,1,22368,145823,4,Male,98,3,2,Healthcare Representative,3,Divorced,5968,18079,0,Y,No,20,3,3,80,3,9,2,3,9,7,2,8,Adzuna
38,Current employee,Non-Travel,152,Sales,10,3,Technical Degree,1,22371,145826,4,Male,98,3,2,Healthcare Representative,3,Divorced,5968,18079,1,Y,No,20,4,3,80,3,9,2,3,9,7,2,8,Adzuna
38,Current employee,Non-Travel,152,Sales,10,3,Medical,1,22372,145827,4,Male,98,3,2,Healthcare Representative,3,Divorced,5968,18079,0,Y,No,20,4,3,80,3,9,2,3,9,7,2,8,Adzuna
38,Current employee,Travel_Frequently,1444,Human Resources,1,4,Other,1,22389,145844,4,Male,33,3,1,Human Resources,2,Married,2991,5224,0,Y,Yes,11,3,2,80,1,7,2,3,6,2,1,2,Company Website
38,Current employee,Travel_Frequently,1444,Human Resources,1,4,Life Sciences,1,22391,145846,4,Male,33,3,1,Human Resources,2,Married,2991,5224,0,Y,Yes,11,3,2,80,1,7,2,3,6,2,1,2,Company Website
38,Current employee,Travel_Frequently,1444,Human Resources,1,4,Other,1,22395,145850,4,Male,33,3,1,Human Resources,2,Married,2991,5224,0,Y,Yes,11,3,2,80,1,7,2,3,6,2,1,2,Company Website
38,Current employee,Travel_Frequently,1444,Human Resources,1,4,Life Sciences,1,22396,145851,4,Male,33,3,1,Human Resources,2,Married,2991,5224,0,Y,Yes,11,3,2,80,1,7,2,3,6,2,1,2,Company Website
38,Current employee,Travel_Frequently,1444,Human Resources,1,4,Other,1,22397,145852,4,Male,33,3,1,Human Resources,2,Married,2991,5224,0,Y,Yes,11,3,2,80,1,7,2,3,6,2,1,2,Company Website
38,Current employee,Travel_Frequently,1444,Human Resources,1,4,Life Sciences,1,22398,145853,4,Male,33,3,1,Human Resources,2,Married,2991,5224,0,Y,Yes,11,3,2,80,1,7,2,3,6,2,1,2,Company Website
38,Current employee,Travel_Frequently,1444,Human Resources,1,4,Other,1,22402,145857,4,Male,33,3,1,Human Resources,2,Married,2991,5224,0,Y,Yes,11,3,2,80,1,7,2,3,6,2,1,2,Company Website
38,Current employee,Travel_Frequently,1444,Human Resources,1,4,Life Sciences,1,22403,145858,4,Male,33,3,1,Human Resources,2,Married,2991,5224,0,Y,Yes,11,3,2,80,1,7,2,3,6,2,1,2,Company Website
38,Current employee,Travel_Rarely,1321,Sales,1,4,Life Sciences,1,22643,146098,4,Male,34,3,2,Sales Executive,2,Married,4440,7636,0,Y,No,15,3,1,80,2,16,3,3,15,13,5,8,Recruit.net
38,Current employee,Travel_Rarely,1321,Sales,1,4,Life Sciences,1,22645,146100,4,Male,34,3,2,Sales Executive,2,Married,4440,7636,4,Y,No,15,3,1,80,2,16,3,3,15,13,5,8,Recruit.net
38,Current employee,Travel_Rarely,1321,Sales,1,4,Life Sciences,1,22647,146102,4,Male,34,3,2,Sales Executive,2,Married,4440,7636,0,Y,No,15,3,1,80,2,16,3,3,15,13,5,8,Recruit.net
38,Current employee,Travel_Rarely,1321,Sales,1,4,Life Sciences,1,22648,146103,4,Male,34,3,2,Sales Executive,2,Married,4440,7636,4,Y,No,15,3,1,80,2,16,3,3,15,13,5,8,Recruit.net
38,Current employee,Travel_Rarely,1321,Sales,1,4,Life Sciences,1,22651,146106,4,Male,34,3,2,Sales Executive,2,Married,4440,7636,0,Y,No,15,3,1,80,2,16,3,3,15,13,5,8,Recruit.net
38,Current employee,Travel_Rarely,1321,Sales,1,4,Life Sciences,1,22653,146108,4,Male,34,3,2,Sales Executive,2,Married,4440,7636,4,Y,No,15,3,1,80,2,16,3,3,15,13,5,8,Recruit.net
38,Current employee,Travel_Rarely,1321,Sales,1,4,Life Sciences,1,22655,146110,4,Male,34,3,2,Sales Executive,2,Married,4440,7636,0,Y,No,15,3,1,80,2,16,3,3,15,13,5,8,Recruit.net
38,Current employee,Travel_Rarely,1321,Sales,1,4,Life Sciences,1,22656,146111,4,Male,45,3,1,Research Scientist,4,Single,3944,4306,2,Y,Yes,11,3,3,80,0,6,3,3,3,2,1,2,Company Website
38,Current employee,Travel_Rarely,1321,Sales,1,4,Life Sciences,1,22657,146112,4,Male,34,3,2,Sales Executive,2,Married,4440,7636,4,Y,No,15,3,1,80,2,16,3,3,15,13,5,8,Recruit.net
38,Current employee,Travel_Rarely,1321,Sales,1,4,Life Sciences,1,22658,146113,4,Male,76,2,2,Laboratory Technician,3,Divorced,3069,10302,1,Y,No,15,3,4,80,1,11,3,3,10,8,0,7,LinkedIn
38,Current employee,Travel_Frequently,508,Research & Development,6,4,Life Sciences,1,22677,146132,1,Male,34,2,2,Manufacturing Director,3,Married,5321,14284,2,Y,No,11,3,4,80,1,10,1,3,8,3,7,7,Adzuna
38,Current employee,Travel_Frequently,508,Research & Development,6,4,Marketing,1,22679,146134,1,Male,34,2,2,Manufacturing Director,3,Married,5321,14284,1,Y,No,11,3,4,80,1,10,1,3,8,3,7,7,Adzuna
38,Current employee,Travel_Frequently,508,Research & Development,6,4,Life Sciences,1,22683,146138,1,Male,34,2,2,Manufacturing Director,3,Married,5321,14284,2,Y,No,11,3,4,80,1,10,1,3,8,3,7,7,Adzuna
38,Current employee,Travel_Frequently,508,Research & Development,6,4,Marketing,1,22684,146139,1,Male,34,2,2,Manufacturing Director,3,Married,5321,14284,1,Y,No,11,3,4,80,1,10,1,3,8,3,7,7,Adzuna
38,Current employee,Travel_Frequently,508,Research & Development,6,4,Life Sciences,1,22685,146140,1,Male,34,2,2,Manufacturing Director,3,Married,5321,14284,2,Y,No,11,3,4,80,1,10,1,3,8,3,7,7,Adzuna
38,Current employee,Travel_Frequently,508,Research & Development,6,4,Marketing,1,22687,146142,1,Male,34,2,2,Manufacturing Director,3,Married,5321,14284,1,Y,No,11,3,4,80,1,10,1,3,8,3,7,7,Adzuna
38,Current employee,Travel_Frequently,508,Research & Development,6,4,Life Sciences,1,22691,146146,1,Male,34,2,2,Manufacturing Director,3,Married,5321,14284,2,Y,No,11,3,4,80,1,10,1,3,8,3,7,7,Adzuna
38,Current employee,Travel_Frequently,508,Research & Development,6,4,Marketing,1,22692,146147,1,Male,34,2,2,Manufacturing Director,3,Married,5321,14284,1,Y,No,11,3,4,80,1,10,1,3,8,3,7,7,Adzuna
38,Current employee,Travel_Frequently,508,Research & Development,6,4,Life Sciences,1,22693,146148,1,Male,92,3,1,Research Scientist,3,Married,3057,20471,2,Y,Yes,13,3,2,80,1,6,0,1,1,0,0,1,Indeed
38,Current employee,Travel_Frequently,508,Research & Development,6,4,Life Sciences,1,22694,146149,1,Male,70,3,1,Laboratory Technician,1,Married,2404,4303,1,Y,Yes,21,4,4,80,0,8,2,1,2,2,2,2,Jora
38,Current employee,Travel_Rarely,201,Research & Development,10,3,Medical,1,22870,146325,2,Female,35,1,3,Research Director,3,Married,13206,3376,3,Y,No,12,3,1,80,1,20,3,3,18,16,1,11,Seek
38,Current employee,Travel_Rarely,201,Research & Development,10,3,Medical,1,22873,146328,2,Female,35,1,3,Research Director,3,Married,13206,3376,2,Y,No,12,3,1,80,1,20,3,3,18,16,1,11,Seek
38,Current employee,Travel_Rarely,201,Research & Development,10,3,Medical,1,22874,146329,2,Female,35,1,3,Research Director,3,Married,13206,3376,3,Y,No,12,3,1,80,1,20,3,3,18,16,1,11,Seek
38,Current employee,Travel_Rarely,201,Research & Development,10,3,Medical,1,22875,146330,2,Female,35,1,3,Research Director,3,Married,13206,3376,2,Y,No,12,3,1,80,1,20,3,3,18,16,1,11,Seek
38,Current employee,Travel_Rarely,201,Research & Development,10,3,Medical,1,22878,146333,2,Female,35,1,3,Research Director,3,Married,13206,3376,3,Y,No,12,3,1,80,1,20,3,3,18,16,1,11,Seek
38,Current employee,Travel_Rarely,201,Research & Development,10,3,Medical,1,22881,146336,2,Female,35,1,3,Research Director,3,Married,13206,3376,2,Y,No,12,3,1,80,1,20,3,3,18,16,1,11,Seek
38,Current employee,Travel_Rarely,201,Research & Development,10,3,Medical,1,22882,146337,2,Female,35,1,3,Research Director,3,Married,13206,3376,3,Y,No,12,3,1,80,1,20,3,3,18,16,1,11,Seek
38,Current employee,Travel_Rarely,201,Research & Development,10,3,Medical,1,22883,146338,2,Female,35,1,3,Research Director,3,Married,13206,3376,2,Y,No,12,3,1,80,1,20,3,3,18,16,1,11,Seek
38,Current employee,Travel_Rarely,201,Research & Development,10,3,Medical,1,22884,146339,2,Male,46,4,1,Research Scientist,1,Married,3564,22977,2,Y,Yes,12,3,1,80,1,8,3,2,8,7,1,7,LinkedIn
38,Current employee,Travel_Rarely,201,Research & Development,10,3,Medical,1,22885,146340,2,Male,81,4,1,Laboratory Technician,1,Single,3578,23577,1,Y,No,12,3,4,80,0,8,2,3,7,7,0,7,Indeed
38,Current employee,Travel_Rarely,345,Sales,10,2,Life Sciences,1,23202,146657,1,Female,36,3,2,Sales Executive,4,Married,5343,5982,1,Y,No,11,3,3,80,1,10,1,3,10,7,1,9,Indeed
38,Current employee,Travel_Rarely,345,Sales,10,2,Medical,1,23205,146660,1,Female,36,3,2,Sales Executive,4,Married,5343,5982,6,Y,No,11,3,3,80,1,10,1,3,10,7,1,9,Indeed
38,Current employee,Travel_Rarely,345,Sales,10,2,Life Sciences,1,23208,146663,1,Female,36,3,2,Sales Executive,4,Married,5343,5982,1,Y,No,11,3,3,80,1,10,1,3,10,7,1,9,Indeed
38,Current employee,Travel_Rarely,345,Sales,10,2,Medical,1,23209,146664,1,Female,36,3,2,Sales Executive,4,Married,5343,5982,6,Y,No,11,3,3,80,1,10,1,3,10,7,1,9,Indeed
38,Current employee,Travel_Rarely,345,Sales,10,2,Life Sciences,1,23210,146665,1,Female,36,3,2,Sales Executive,4,Married,5343,5982,1,Y,No,11,3,3,80,1,10,1,3,10,7,1,9,Indeed
38,Current employee,Travel_Rarely,345,Sales,10,2,Medical,1,23213,146668,1,Female,36,3,2,Sales Executive,4,Married,5343,5982,6,Y,No,11,3,3,80,1,10,1,3,10,7,1,9,Indeed
38,Current employee,Travel_Rarely,345,Sales,10,2,Life Sciences,1,23216,146671,1,Female,36,3,2,Sales Executive,4,Married,5343,5982,1,Y,No,11,3,3,80,1,10,1,3,10,7,1,9,Indeed
38,Current employee,Travel_Rarely,345,Sales,10,2,Life Sciences,1,23217,146672,1,Male,48,3,1,Research Scientist,4,Married,2723,23231,2,Y,No,11,3,2,80,0,1,0,2,1,0,0,0,Indeed
38,Current employee,Travel_Rarely,345,Sales,10,2,Medical,1,23218,146673,1,Female,36,3,2,Sales Executive,4,Married,5343,5982,6,Y,No,11,3,3,80,1,10,1,3,10,7,1,9,Indeed
38,Current employee,Travel_Rarely,345,Sales,10,2,Life Sciences,1,23219,146674,1,Female,48,3,1,Laboratory Technician,3,Married,3755,17872,1,Y,No,11,3,1,80,1,8,3,3,8,3,0,7,Company Website
38,Current employee,Travel_Rarely,371,Research & Development,2,3,Life Sciences,1,23511,146966,4,Male,45,3,1,Research Scientist,4,Single,3944,4306,2,Y,Yes,11,3,3,80,0,6,3,3,3,2,1,2,Company Website
23,Voluntary Resignation,Travel_Rarely,1243,Research & Development,6,3,Life Sciences,1,4293,127748,1,Female,48,1,4,Manager,2,Married,16872,14977,3,Y,Yes,12,3,2,80,1,28,2,2,7,7,7,7,Company Website
23,Voluntary Resignation,Travel_Rarely,1243,Research & Development,6,3,Marketing,1,4295,127750,1,Female,48,1,4,Manager,2,Married,16872,14977,1,Y,Yes,12,3,2,80,1,28,2,2,7,7,7,7,Company Website
23,Voluntary Resignation,Travel_Rarely,1243,Research & Development,6,3,Life Sciences,1,4296,127751,1,Female,48,1,4,Healthcare Representative,2,Married,16872,12315,3,Y,Yes,12,3,2,80,1,28,2,2,7,7,7,7,Indeed
23,Voluntary Resignation,Travel_Rarely,1243,Research & Development,6,3,Marketing,1,4297,127752,1,Female,48,1,4,Human Resources,2,Married,16872,13248,1,Y,Yes,12,3,2,80,1,28,2,2,7,7,7,7,Company Website
23,Voluntary Resignation,Travel_Rarely,1243,Research & Development,6,3,Life Sciences,1,4301,127756,1,Female,48,1,4,Manager,2,Married,16872,14977,3,Y,Yes,12,3,2,80,1,28,2,2,7,7,7,7,Company Website
23,Voluntary Resignation,Travel_Rarely,1243,Research & Development,6,3,Marketing,1,4303,127758,1,Female,48,1,4,Manager,2,Married,16872,14977,1,Y,Yes,12,3,2,80,1,28,2,2,7,7,7,7,Company Website
23,Voluntary Resignation,Travel_Rarely,1243,Research & Development,6,3,Life Sciences,1,4304,127759,1,Female,48,1,4,Healthcare Representative,2,Married,16872,12315,3,Y,Yes,12,3,2,80,1,28,2,2,7,7,7,7,Indeed
23,Voluntary Resignation,Travel_Rarely,1243,Research & Development,6,3,Marketing,1,4305,127760,1,Female,48,1,4,Human Resources,2,Married,16872,13248,1,Y,Yes,12,3,2,80,1,28,2,2,7,7,7,7,Company Website
23,Voluntary Resignation,Travel_Rarely,427,Sales,7,3,Life Sciences,1,8531,131986,2,Male,60,3,2,Sales Executive,1,Single,4960,11825,2,Y,No,12,3,4,80,0,20,2,3,7,7,1,7,Seek
23,Voluntary Resignation,Travel_Rarely,427,Sales,7,3,Marketing,1,8532,131987,2,Male,60,3,2,Sales Executive,1,Single,4960,11825,5,Y,No,12,3,4,80,0,20,2,3,7,7,1,7,Seek
23,Voluntary Resignation,Travel_Rarely,427,Sales,7,3,Life Sciences,1,8534,131989,2,Male,60,3,2,Laboratory Technician,1,Single,4960,12392,2,Y,No,12,3,4,80,1,20,2,3,7,7,1,7,Seek
23,Voluntary Resignation,Travel_Rarely,427,Sales,7,3,Marketing,1,8535,131990,2,Male,60,3,2,Sales Executive,1,Single,4960,13556,5,Y,No,12,3,4,80,1,20,2,3,7,7,1,7,Seek
23,Voluntary Resignation,Travel_Rarely,427,Sales,7,3,Life Sciences,1,8541,131996,2,Male,60,3,2,Sales Executive,1,Single,4960,11825,2,Y,No,12,3,4,80,0,20,2,3,7,7,1,7,Seek
23,Voluntary Resignation,Travel_Rarely,427,Sales,7,3,Marketing,1,8542,131997,2,Male,60,3,2,Sales Executive,1,Single,4960,11825,5,Y,No,12,3,4,80,0,20,2,3,7,7,1,7,Seek
23,Voluntary Resignation,Travel_Rarely,427,Sales,7,3,Life Sciences,1,8544,131999,2,Male,60,3,2,Laboratory Technician,1,Single,4960,12392,2,Y,No,12,3,4,80,1,20,2,3,7,7,1,7,Seek
23,Voluntary Resignation,Travel_Rarely,427,Sales,7,3,Marketing,1,8545,132000,2,Male,60,3,2,Sales Executive,1,Single,4960,13556,5,Y,No,12,3,4,80,1,20,2,3,7,7,1,7,Seek
23,Voluntary Resignation,Travel_Rarely,1243,Research & Development,6,3,Life Sciences,1,9396,132851,3,Male,63,4,1,Laboratory Technician,1,Married,1601,3445,1,Y,Yes,21,3,3,80,2,1,2,3,0,0,0,0,Recruit.net
23,Voluntary Resignation,Travel_Rarely,1243,Research & Development,6,3,Marketing,1,9398,132853,3,Male,63,4,1,Laboratory Technician,1,Married,1601,3445,1,Y,Yes,21,3,3,80,2,1,2,3,0,0,0,0,Recruit.net
23,Voluntary Resignation,Travel_Rarely,1243,Research & Development,6,3,Life Sciences,1,9400,132855,3,Male,63,4,1,Sales Representative,1,Married,1601,11992,1,Y,Yes,21,4,3,80,1,1,2,3,0,0,0,0,Recruit.net
23,Voluntary Resignation,Travel_Rarely,1243,Research & Development,6,3,Marketing,1,9401,132856,3,Male,63,4,1,Sales Representative,1,Married,1601,12862,1,Y,Yes,21,4,3,80,1,1,2,3,0,0,0,0,Jora
23,Voluntary Resignation,Travel_Rarely,1243,Research & Development,6,3,Life Sciences,1,9404,132859,3,Male,63,4,1,Laboratory Technician,1,Married,1601,3445,1,Y,Yes,21,3,3,80,2,1,2,3,0,0,0,0,Recruit.net
23,Voluntary Resignation,Travel_Rarely,1243,Research & Development,6,3,Marketing,1,9406,132861,3,Male,63,4,1,Laboratory Technician,1,Married,1601,3445,1,Y,Yes,21,3,3,80,2,1,2,3,0,0,0,0,Recruit.net
23,Voluntary Resignation,Travel_Rarely,1243,Research & Development,6,3,Life Sciences,1,9408,132863,3,Male,63,4,1,Sales Representative,1,Married,1601,11992,1,Y,Yes,21,4,3,80,1,1,2,3,0,0,0,0,Recruit.net
23,Voluntary Resignation,Travel_Rarely,1243,Research & Development,6,3,Marketing,1,9409,132864,3,Male,63,4,1,Sales Representative,1,Married,1601,12862,1,Y,Yes,21,4,3,80,1,1,2,3,0,0,0,0,Jora
23,Voluntary Resignation,Travel_Frequently,638,Sales,9,3,Marketing,1,12611,136066,3,Male,72,1,1,Laboratory Technician,3,Married,4621,5869,1,Y,No,19,4,4,80,3,3,4,3,3,2,1,2,Jora
23,Voluntary Resignation,Travel_Frequently,638,Sales,9,3,Medical,1,12613,136068,3,Male,72,1,1,Laboratory Technician,3,Married,4621,5869,1,Y,No,19,4,4,80,3,3,4,3,3,2,1,2,Jora
23,Voluntary Resignation,Travel_Frequently,638,Sales,9,3,Marketing,1,12614,136069,3,Male,72,1,1,Laboratory Technician,3,Married,4621,12430,1,Y,No,19,3,4,80,1,3,4,3,3,2,1,2,Jora
23,Voluntary Resignation,Travel_Frequently,638,Sales,9,3,Medical,1,12615,136070,3,Male,72,1,1,Laboratory Technician,3,Married,4621,13008,1,Y,No,19,3,4,80,1,3,4,3,3,2,1,2,Indeed
23,Voluntary Resignation,Travel_Frequently,638,Sales,9,3,Marketing,1,12619,136074,3,Male,72,1,1,Laboratory Technician,3,Married,4621,5869,1,Y,No,19,4,4,80,3,3,4,3,3,2,1,2,Jora
23,Voluntary Resignation,Travel_Frequently,638,Sales,9,3,Medical,1,12621,136076,3,Male,72,1,1,Laboratory Technician,3,Married,4621,5869,1,Y,No,19,4,4,80,3,3,4,3,3,2,1,2,Jora
23,Voluntary Resignation,Travel_Frequently,638,Sales,9,3,Marketing,1,12622,136077,3,Male,72,1,1,Laboratory Technician,3,Married,4621,12430,1,Y,No,19,3,4,80,1,3,4,3,3,2,1,2,Jora
23,Voluntary Resignation,Travel_Frequently,638,Sales,9,3,Medical,1,12623,136078,3,Male,72,1,1,Laboratory Technician,3,Married,4621,13008,1,Y,No,19,3,4,80,1,3,4,3,3,2,1,2,Indeed
23,Voluntary Resignation,Travel_Rarely,1320,Research & Development,8,1,Medical,1,18707,142162,4,Male,88,3,1,Research Scientist,4,Single,2580,6297,2,Y,No,13,3,3,80,0,6,0,2,4,2,1,2,Referral
23,Voluntary Resignation,Travel_Rarely,1320,Research & Development,8,1,Medical,1,18709,142164,4,Male,88,3,1,Research Scientist,4,Single,2580,6297,3,Y,No,13,3,3,80,0,6,0,2,4,2,1,2,Referral
23,Voluntary Resignation,Travel_Rarely,1320,Research & Development,8,1,Medical,1,18710,142165,4,Male,88,3,1,Research Scientist,4,Single,2580,12826,2,Y,No,13,3,3,80,1,6,0,2,4,2,1,2,Seek
23,Voluntary Resignation,Travel_Rarely,1320,Research & Development,8,1,Medical,1,18711,142166,4,Male,88,3,1,Research Scientist,4,Single,2580,13401,3,Y,No,13,3,3,80,1,6,0,2,4,2,1,2,Company Website
23,Voluntary Resignation,Travel_Rarely,1320,Research & Development,8,1,Medical,1,18715,142170,4,Male,88,3,1,Research Scientist,4,Single,2580,6297,2,Y,No,13,3,3,80,0,6,0,2,4,2,1,2,Referral
23,Voluntary Resignation,Travel_Rarely,1320,Research & Development,8,1,Medical,1,18717,142172,4,Male,88,3,1,Research Scientist,4,Single,2580,6297,3,Y,No,13,3,3,80,0,6,0,2,4,2,1,2,Referral
23,Voluntary Resignation,Travel_Rarely,1320,Research & Development,8,1,Medical,1,18718,142173,4,Male,88,3,1,Research Scientist,4,Single,2580,12826,2,Y,No,13,3,3,80,1,6,0,2,4,2,1,2,Seek
23,Voluntary Resignation,Travel_Rarely,1320,Research & Development,8,1,Medical,1,18719,142174,4,Male,88,3,1,Research Scientist,4,Single,2580,13401,3,Y,No,13,3,3,80,1,6,0,2,4,2,1,2,Company Website
23,Voluntary Resignation,Travel_Rarely,1320,Research & Development,8,1,Medical,1,19206,142661,4,Male,93,2,1,Laboratory Technician,3,Single,3989,20586,1,Y,Yes,11,4,1,80,0,5,2,3,5,4,1,2,Seek
23,Voluntary Resignation,Travel_Rarely,1320,Research & Development,8,1,Medical,1,19208,142663,4,Male,93,2,1,Laboratory Technician,3,Single,3989,20586,1,Y,Yes,11,3,1,80,0,5,2,3,5,4,1,2,Seek
23,Voluntary Resignation,Travel_Rarely,1320,Research & Development,8,1,Medical,1,19210,142665,4,Male,93,2,1,Laboratory Technician,3,Single,3989,12090,1,Y,Yes,11,3,1,80,1,5,2,3,5,4,1,2,Company Website
23,Voluntary Resignation,Travel_Rarely,1320,Research & Development,8,1,Medical,1,19211,142666,4,Male,93,2,1,Sales Representative,3,Single,3989,12862,1,Y,Yes,11,3,1,80,1,5,2,3,5,4,1,2,Company Website
23,Voluntary Resignation,Travel_Rarely,1320,Research & Development,8,1,Medical,1,19214,142669,4,Male,93,2,1,Laboratory Technician,3,Single,3989,20586,1,Y,Yes,11,4,1,80,0,5,2,3,5,4,1,2,Seek
23,Voluntary Resignation,Travel_Rarely,1320,Research & Development,8,1,Medical,1,19216,142671,4,Male,93,2,1,Laboratory Technician,3,Single,3989,20586,1,Y,Yes,11,3,1,80,0,5,2,3,5,4,1,2,Seek
23,Voluntary Resignation,Travel_Rarely,1320,Research & Development,8,1,Medical,1,19218,142673,4,Male,93,2,1,Laboratory Technician,3,Single,3989,12090,1,Y,Yes,11,3,1,80,1,5,2,3,5,4,1,2,Company Website
23,Voluntary Resignation,Travel_Rarely,1320,Research & Development,8,1,Medical,1,19219,142674,4,Male,93,2,1,Sales Representative,3,Single,3989,12862,1,Y,Yes,11,3,1,80,1,5,2,3,5,4,1,2,Company Website
23,Voluntary Resignation,Travel_Rarely,427,Sales,7,3,Life Sciences,1,19394,142849,3,Male,99,3,1,Sales Representative,4,Divorced,2275,25103,1,Y,Yes,21,3,2,80,1,3,2,3,3,2,0,2,Company Website
23,Voluntary Resignation,Travel_Rarely,427,Sales,7,3,Marketing,1,19397,142852,3,Male,99,3,1,Sales Representative,4,Divorced,2275,25103,9,Y,Yes,21,3,2,80,1,3,2,3,3,2,0,2,Company Website
23,Voluntary Resignation,Travel_Rarely,427,Sales,7,3,Life Sciences,1,19398,142853,3,Male,99,3,1,Laboratory Technician,4,Divorced,2275,12090,1,Y,Yes,21,4,2,80,1,3,2,3,3,2,0,2,Recruit.net
23,Voluntary Resignation,Travel_Rarely,427,Sales,7,3,Marketing,1,19399,142854,3,Male,99,3,1,Sales Representative,4,Single,2275,13672,9,Y,Yes,21,4,2,80,1,3,2,3,3,2,0,2,Indeed
23,Voluntary Resignation,Travel_Rarely,427,Sales,7,3,Life Sciences,1,19402,142857,3,Male,99,3,1,Sales Representative,4,Divorced,2275,25103,1,Y,Yes,21,3,2,80,1,3,2,3,3,2,0,2,Company Website
23,Voluntary Resignation,Travel_Rarely,427,Sales,7,3,Marketing,1,19405,142860,3,Male,99,3,1,Sales Representative,4,Divorced,2275,25103,9,Y,Yes,21,3,2,80,1,3,2,3,3,2,0,2,Company Website
23,Voluntary Resignation,Travel_Rarely,427,Sales,7,3,Life Sciences,1,19406,142861,3,Male,99,3,1,Laboratory Technician,4,Divorced,2275,12090,1,Y,Yes,21,4,2,80,1,3,2,3,3,2,0,2,Recruit.net
23,Voluntary Resignation,Travel_Rarely,427,Sales,7,3,Marketing,1,19407,142862,3,Male,99,3,1,Sales Representative,4,Single,2275,13672,9,Y,Yes,21,4,2,80,1,3,2,3,3,2,0,2,Indeed
23,Voluntary Resignation,Travel_Frequently,638,Sales,9,3,Marketing,1,22999,146454,4,Male,35,3,1,Sales Representative,1,Married,1790,26956,1,Y,No,19,3,1,80,1,1,3,2,1,0,1,0,GlassDoor
23,Voluntary Resignation,Travel_Frequently,638,Sales,9,3,Medical,1,23001,146456,4,Male,35,3,1,Sales Representative,1,Married,1790,26956,9,Y,No,19,3,1,80,1,1,3,2,1,0,1,0,GlassDoor
23,Voluntary Resignation,Travel_Frequently,638,Sales,9,3,Marketing,1,23003,146458,4,Male,35,3,1,Research Scientist,1,Married,1790,12287,1,Y,No,19,3,1,80,1,1,3,2,1,0,1,0,Seek
23,Voluntary Resignation,Travel_Frequently,638,Sales,9,3,Medical,1,23004,146459,4,Male,35,3,1,Sales Representative,1,Divorced,1790,13672,9,Y,No,19,3,1,80,1,1,3,2,1,0,1,0,Recruit.net
23,Voluntary Resignation,Travel_Frequently,638,Sales,9,3,Marketing,1,23007,146462,4,Male,35,3,1,Sales Representative,1,Married,1790,26956,1,Y,No,19,3,1,80,1,1,3,2,1,0,1,0,GlassDoor
23,Voluntary Resignation,Travel_Frequently,638,Sales,9,3,Medical,1,23009,146464,4,Male,35,3,1,Sales Representative,1,Married,1790,26956,9,Y,No,19,3,1,80,1,1,3,2,1,0,1,0,GlassDoor
23,Voluntary Resignation,Travel_Frequently,638,Sales,9,3,Marketing,1,23011,146466,4,Male,35,3,1,Research Scientist,1,Married,1790,12287,1,Y,No,19,3,1,80,1,1,3,2,1,0,1,0,Seek
23,Voluntary Resignation,Travel_Frequently,638,Sales,9,3,Medical,1,23012,146467,4,Male,35,3,1,Sales Representative,1,Divorced,1790,13672,9,Y,No,19,3,1,80,1,1,3,2,1,0,1,0,Recruit.net
23,Current employee,Travel_Rarely,541,Sales,2,1,Technical Degree,1,1495,124950,3,Male,62,3,1,Sales Representative,1,Divorced,2322,9518,3,Y,No,13,3,3,80,1,3,3,3,0,0,0,0,Company Website
23,Current employee,Travel_Rarely,541,Sales,2,1,Life Sciences,1,1497,124952,3,Male,62,3,1,Sales Representative,1,Divorced,2322,9518,8,Y,No,13,3,3,80,1,3,3,3,0,0,0,0,Company Website
23,Current employee,Travel_Rarely,541,Sales,2,1,Technical Degree,1,1499,124954,3,Male,62,3,1,Sales Representative,1,Divorced,2322,11825,3,Y,No,13,3,3,80,1,3,3,3,0,0,0,0,Company Website
23,Current employee,Travel_Rarely,541,Sales,2,1,Life Sciences,1,1500,124955,3,Male,62,3,1,Sales Representative,1,Single,2322,13672,8,Y,No,13,3,3,80,1,3,3,3,0,0,0,0,Seek
23,Current employee,Travel_Rarely,541,Sales,2,1,Life Sciences,1,1504,124959,3,Male,62,3,1,Sales Representative,1,Divorced,2322,9518,8,Y,No,13,3,3,80,1,3,3,3,0,0,0,0,Company Website
23,Current employee,Travel_Rarely,541,Sales,2,1,Technical Degree,1,1506,124961,3,Male,62,3,1,Sales Representative,1,Divorced,2322,11825,3,Y,No,13,3,3,80,1,3,3,3,0,0,0,0,Company Website
23,Current employee,Travel_Rarely,541,Sales,2,1,Life Sciences,1,1507,124962,3,Male,62,3,1,Sales Representative,1,Single,2322,13672,8,Y,No,13,3,3,80,1,3,3,3,0,0,0,0,Seek
23,Current employee,Travel_Rarely,1309,Research & Development,26,1,Life Sciences,1,2785,126240,1,Male,45,3,1,Research Scientist,3,Single,3038,12430,3,Y,No,20,3,1,80,0,8,2,3,5,4,1,4,Jora
23,Current employee,Travel_Rarely,1309,Research & Development,26,1,Technical Degree,1,2787,126242,1,Male,45,3,1,Research Scientist,3,Single,3038,12430,4,Y,No,20,3,1,80,0,8,2,3,5,4,1,4,Jora
23,Current employee,Travel_Rarely,1309,Research & Development,26,1,Life Sciences,1,2788,126243,1,Male,45,3,1,Laboratory Technician,3,Single,3038,12287,3,Y,No,20,4,1,80,1,8,2,3,5,4,1,4,Jora
23,Current employee,Travel_Rarely,1309,Research & Development,26,1,Technical Degree,1,2789,126244,1,Male,45,3,1,Research Scientist,3,Single,3038,13493,4,Y,No,20,4,1,80,1,8,2,3,5,4,1,4,Company Website
23,Current employee,Travel_Rarely,1309,Research & Development,26,1,Life Sciences,1,2793,126248,1,Male,45,3,1,Research Scientist,3,Single,3038,12430,3,Y,No,20,3,1,80,0,8,2,3,5,4,1,4,Jora
23,Current employee,Travel_Rarely,1309,Research & Development,26,1,Technical Degree,1,2795,126250,1,Male,45,3,1,Research Scientist,3,Single,3038,12430,4,Y,No,20,3,1,80,0,8,2,3,5,4,1,4,Jora
23,Current employee,Travel_Rarely,1309,Research & Development,26,1,Life Sciences,1,2796,126251,1,Male,45,3,1,Laboratory Technician,3,Single,3038,12287,3,Y,No,20,4,1,80,1,8,2,3,5,4,1,4,Jora
23,Current employee,Travel_Rarely,1309,Research & Development,26,1,Technical Degree,1,2797,126252,1,Male,45,3,1,Research Scientist,3,Single,3038,13493,4,Y,No,20,4,1,80,1,8,2,3,5,4,1,4,Company Website
23,Current employee,Travel_Rarely,1309,Research & Development,26,1,Life Sciences,1,5592,129047,3,Male,83,3,1,Research Scientist,4,Divorced,2904,16092,1,Y,No,12,3,3,80,2,4,2,2,4,2,0,2,LinkedIn
23,Current employee,Travel_Rarely,1309,Research & Development,26,1,Technical Degree,1,5595,129050,3,Male,83,3,1,Research Scientist,4,Divorced,2904,16092,4,Y,No,12,3,3,80,2,4,2,2,4,2,0,2,LinkedIn
23,Current employee,Travel_Rarely,1309,Research & Development,26,1,Life Sciences,1,5596,129051,3,Male,83,3,1,Sales Representative,4,Divorced,2904,11925,1,Y,No,12,3,3,80,1,4,2,2,4,2,0,2,LinkedIn
23,Current employee,Travel_Rarely,1309,Research & Development,26,1,Technical Degree,1,5597,129052,3,Male,83,3,1,Research Scientist,4,Divorced,2904,13493,4,Y,No,12,3,3,80,1,4,2,2,4,2,0,2,Adzuna
23,Current employee,Travel_Rarely,1309,Research & Development,26,1,Life Sciences,1,5600,129055,3,Male,83,3,1,Research Scientist,4,Divorced,2904,16092,1,Y,No,12,3,3,80,2,4,2,2,4,2,0,2,LinkedIn
23,Current employee,Travel_Rarely,1309,Research & Development,26,1,Technical Degree,1,5603,129058,3,Male,83,3,1,Research Scientist,4,Divorced,2904,16092,4,Y,No,12,3,3,80,2,4,2,2,4,2,0,2,LinkedIn
23,Current employee,Travel_Rarely,1309,Research & Development,26,1,Life Sciences,1,5604,129059,3,Male,83,3,1,Sales Representative,4,Divorced,2904,11925,1,Y,No,12,3,3,80,1,4,2,2,4,2,0,2,LinkedIn
23,Current employee,Travel_Rarely,1309,Research & Development,26,1,Technical Degree,1,5605,129060,3,Male,83,3,1,Research Scientist,4,Divorced,2904,13493,4,Y,No,12,3,3,80,1,4,2,2,4,2,0,2,Adzuna
23,Current employee,Travel_Rarely,373,Research & Development,1,2,Life Sciences,1,6483,129938,2,Female,55,4,4,Sales Executive,1,Married,13212,18256,9,Y,No,11,4,4,80,3,36,0,2,7,7,7,7,Adzuna
23,Current employee,Travel_Rarely,373,Research & Development,1,2,Life Sciences,1,6484,129939,2,Female,55,4,4,Sales Executive,1,Married,13212,18256,4,Y,No,11,3,4,80,3,36,0,2,7,7,7,7,Adzuna
23,Current employee,Travel_Rarely,373,Research & Development,1,2,Life Sciences,1,6486,129941,2,Female,55,4,4,Laboratory Technician,1,Married,13212,12315,9,Y,No,11,3,4,80,1,36,0,2,7,7,7,7,LinkedIn
23,Current employee,Travel_Rarely,373,Research & Development,1,2,Life Sciences,1,6487,129942,2,Female,55,4,4,Sales Executive,1,Married,13212,13535,4,Y,No,11,3,4,80,1,36,0,2,7,7,7,7,Indeed
23,Current employee,Travel_Rarely,373,Research & Development,1,2,Life Sciences,1,6491,129946,2,Female,55,4,4,Sales Executive,1,Married,13212,18256,9,Y,No,11,4,4,80,3,36,0,2,7,7,7,7,Adzuna
23,Current employee,Travel_Rarely,373,Research & Development,1,2,Life Sciences,1,6492,129947,2,Female,55,4,4,Sales Executive,1,Married,13212,18256,4,Y,No,11,3,4,80,3,36,0,2,7,7,7,7,Adzuna
23,Current employee,Travel_Rarely,373,Research & Development,1,2,Life Sciences,1,6494,129949,2,Female,55,4,4,Laboratory Technician,1,Married,13212,12315,9,Y,No,11,3,4,80,1,36,0,2,7,7,7,7,LinkedIn
23,Current employee,Travel_Rarely,373,Research & Development,1,2,Life Sciences,1,6495,129950,2,Female,55,4,4,Sales Executive,1,Married,13212,13535,4,Y,No,11,3,4,80,1,36,0,2,7,7,7,7,Indeed
23,Current employee,Travel_Rarely,507,Research & Development,20,1,Life Sciences,1,7654,131109,2,Male,58,3,5,Manager,2,Married,18200,7999,1,Y,No,11,3,3,80,1,32,2,3,32,5,10,7,Company Website
23,Current employee,Travel_Rarely,507,Research & Development,20,1,Other,1,7656,131111,2,Male,58,3,5,Manager,2,Married,18200,7999,1,Y,No,11,3,3,80,1,32,2,3,32,5,10,7,Company Website
23,Current employee,Travel_Rarely,507,Research & Development,20,1,Life Sciences,1,7657,131112,2,Male,58,3,5,Laboratory Technician,2,Married,18200,12392,1,Y,No,11,3,3,80,1,32,2,3,32,5,10,7,Jora
23,Current employee,Travel_Rarely,507,Research & Development,20,1,Other,1,7658,131113,2,Male,58,3,5,Manager,2,Married,18200,13251,1,Y,No,11,3,3,80,1,32,2,3,32,5,10,7,Seek
23,Current employee,Travel_Rarely,507,Research & Development,20,1,Life Sciences,1,7662,131117,2,Male,58,3,5,Manager,2,Married,18200,7999,1,Y,No,11,3,3,80,1,32,2,3,32,5,10,7,Company Website
23,Current employee,Travel_Rarely,507,Research & Development,20,1,Other,1,7664,131119,2,Male,58,3,5,Manager,2,Married,18200,7999,1,Y,No,11,3,3,80,1,32,2,3,32,5,10,7,Company Website
23,Current employee,Travel_Rarely,507,Research & Development,20,1,Life Sciences,1,7665,131120,2,Male,58,3,5,Laboratory Technician,2,Married,18200,12392,1,Y,No,11,3,3,80,1,32,2,3,32,5,10,7,Jora
23,Current employee,Travel_Rarely,507,Research & Development,20,1,Other,1,7666,131121,2,Male,58,3,5,Manager,2,Married,18200,13251,1,Y,No,11,3,3,80,1,32,2,3,32,5,10,7,Seek
23,Current employee,Travel_Rarely,885,Research & Development,4,3,Medical,1,8262,131717,1,Male,58,4,1,Research Scientist,1,Married,2819,8544,2,Y,No,16,3,1,80,1,5,3,4,3,2,0,2,Seek
23,Current employee,Travel_Rarely,885,Research & Development,4,3,Life Sciences,1,8265,131720,1,Male,58,4,1,Research Scientist,1,Married,2819,8544,3,Y,No,16,3,1,80,1,5,3,4,3,2,0,2,Seek
23,Current employee,Travel_Rarely,885,Research & Development,4,3,Medical,1,8266,131721,1,Male,58,4,1,Research Scientist,1,Married,2819,11925,2,Y,No,16,3,1,80,1,5,3,4,3,2,0,2,Seek
23,Current employee,Travel_Rarely,885,Research & Development,4,3,Life Sciences,1,8267,131722,1,Male,58,4,1,Research Scientist,1,Married,2819,13401,3,Y,No,16,3,1,80,1,5,3,4,3,2,0,2,Indeed
23,Current employee,Travel_Rarely,885,Research & Development,4,3,Medical,1,8270,131725,1,Male,58,4,1,Research Scientist,1,Married,2819,8544,2,Y,No,16,3,1,80,1,5,3,4,3,2,0,2,Seek
23,Current employee,Travel_Rarely,885,Research & Development,4,3,Life Sciences,1,8273,131728,1,Male,58,4,1,Research Scientist,1,Married,2819,8544,3,Y,No,16,3,1,80,1,5,3,4,3,2,0,2,Seek
23,Current employee,Travel_Rarely,885,Research & Development,4,3,Medical,1,8274,131729,1,Male,58,4,1,Research Scientist,1,Married,2819,11925,2,Y,No,16,3,1,80,1,5,3,4,3,2,0,2,Seek
23,Current employee,Travel_Rarely,885,Research & Development,4,3,Life Sciences,1,8275,131730,1,Male,58,4,1,Research Scientist,1,Married,2819,13401,3,Y,No,16,3,1,80,1,5,3,4,3,2,0,2,Indeed
23,Current employee,Travel_Rarely,650,Research & Development,9,1,Medical,1,8839,132294,2,Male,37,3,1,Laboratory Technician,1,Married,2500,4344,1,Y,No,14,3,4,80,1,5,2,4,4,3,0,2,Company Website
23,Current employee,Travel_Rarely,650,Research & Development,9,1,Medical,1,8841,132296,2,Male,37,3,1,Laboratory Technician,1,Married,2500,4344,1,Y,No,14,4,4,80,1,5,2,4,4,3,0,2,Company Website
23,Current employee,Travel_Rarely,650,Research & Development,9,1,Medical,1,8843,132298,2,Male,37,3,1,Laboratory Technician,1,Married,2500,11929,1,Y,No,14,3,4,80,1,5,2,4,4,3,0,2,Company Website
23,Current employee,Travel_Rarely,650,Research & Development,9,1,Medical,1,8844,132299,2,Male,37,3,1,Sales Representative,1,Married,2500,12916,1,Y,No,14,3,4,80,1,5,2,4,4,3,0,2,Adzuna
23,Current employee,Travel_Rarely,650,Research & Development,9,1,Medical,1,8847,132302,2,Male,37,3,1,Laboratory Technician,1,Married,2500,4344,1,Y,No,14,3,4,80,1,5,2,4,4,3,0,2,Company Website
23,Current employee,Travel_Rarely,650,Research & Development,9,1,Medical,1,8849,132304,2,Male,37,3,1,Laboratory Technician,1,Married,2500,4344,1,Y,No,14,4,4,80,1,5,2,4,4,3,0,2,Company Website
23,Current employee,Travel_Rarely,650,Research & Development,9,1,Medical,1,8851,132306,2,Male,37,3,1,Laboratory Technician,1,Married,2500,11929,1,Y,No,14,3,4,80,1,5,2,4,4,3,0,2,Company Website
23,Current employee,Travel_Rarely,650,Research & Development,9,1,Medical,1,8852,132307,2,Male,37,3,1,Sales Representative,1,Married,2500,12916,1,Y,No,14,3,4,80,1,5,2,4,4,3,0,2,Adzuna
23,Current employee,Travel_Rarely,310,Research & Development,10,1,Medical,1,9074,132529,1,Male,79,4,1,Research Scientist,3,Single,3505,19630,1,Y,No,18,3,4,80,0,2,3,3,2,2,0,2,Company Website
23,Current employee,Travel_Rarely,310,Research & Development,10,1,Medical,1,9077,132532,1,Male,79,4,1,Research Scientist,3,Single,3505,19630,3,Y,No,18,3,4,80,0,2,3,3,2,2,0,2,Company Website
23,Current employee,Travel_Rarely,310,Research & Development,10,1,Medical,1,9078,132533,1,Male,79,4,1,Laboratory Technician,3,Single,3505,11929,1,Y,No,18,3,4,80,1,2,3,3,2,2,0,2,Company Website
23,Current employee,Travel_Rarely,310,Research & Development,10,1,Medical,1,9079,132534,1,Male,79,4,1,Research Scientist,3,Single,3505,13421,3,Y,No,18,3,4,80,1,2,3,3,2,2,0,2,Seek
23,Current employee,Travel_Rarely,310,Research & Development,10,1,Medical,1,9082,132537,1,Male,79,4,1,Research Scientist,3,Single,3505,19630,1,Y,No,18,3,4,80,0,2,3,3,2,2,0,2,Company Website
23,Current employee,Travel_Rarely,310,Research & Development,10,1,Medical,1,9085,132540,1,Male,79,4,1,Research Scientist,3,Single,3505,19630,3,Y,No,18,3,4,80,0,2,3,3,2,2,0,2,Company Website
23,Current employee,Travel_Rarely,310,Research & Development,10,1,Medical,1,9086,132541,1,Male,79,4,1,Laboratory Technician,3,Single,3505,11929,1,Y,No,18,3,4,80,1,2,3,3,2,2,0,2,Company Website
23,Current employee,Travel_Rarely,310,Research & Development,10,1,Medical,1,9087,132542,1,Male,79,4,1,Research Scientist,3,Single,3505,13421,3,Y,No,18,3,4,80,1,2,3,3,2,2,0,2,Seek
23,Current employee,Travel_Rarely,373,Research & Development,1,2,Life Sciences,1,14573,138028,4,Male,47,3,1,Research Scientist,3,Married,1223,16901,1,Y,No,22,3,4,80,1,1,2,3,1,0,0,1,LinkedIn
23,Current employee,Travel_Rarely,373,Research & Development,1,2,Life Sciences,1,14575,138030,4,Male,47,3,1,Research Scientist,3,Married,1223,16901,2,Y,No,22,3,4,80,1,1,2,3,1,0,0,1,LinkedIn
23,Current employee,Travel_Rarely,373,Research & Development,1,2,Life Sciences,1,14577,138032,4,Male,47,3,1,Research Scientist,3,Married,1223,11992,1,Y,No,22,4,4,80,1,1,2,3,1,0,0,1,Seek
23,Current employee,Travel_Rarely,373,Research & Development,1,2,Life Sciences,1,14578,138033,4,Male,47,3,1,Research Scientist,3,Married,1223,13257,2,Y,No,22,4,4,80,1,1,2,3,1,0,0,1,Company Website
23,Current employee,Travel_Rarely,373,Research & Development,1,2,Life Sciences,1,14581,138036,4,Male,47,3,1,Research Scientist,3,Married,1223,16901,1,Y,No,22,3,4,80,1,1,2,3,1,0,0,1,LinkedIn
23,Current employee,Travel_Rarely,373,Research & Development,1,2,Life Sciences,1,14583,138038,4,Male,47,3,1,Research Scientist,3,Married,1223,16901,2,Y,No,22,3,4,80,1,1,2,3,1,0,0,1,LinkedIn
23,Current employee,Travel_Rarely,373,Research & Development,1,2,Life Sciences,1,14585,138040,4,Male,47,3,1,Research Scientist,3,Married,1223,11992,1,Y,No,22,4,4,80,1,1,2,3,1,0,0,1,Seek
23,Current employee,Travel_Rarely,373,Research & Development,1,2,Life Sciences,1,14586,138041,4,Male,47,3,1,Research Scientist,3,Married,1223,13257,2,Y,No,22,4,4,80,1,1,2,3,1,0,0,1,Company Website
23,Current employee,Travel_Rarely,885,Research & Development,4,3,Medical,1,15382,138837,3,Female,79,3,2,Sales Executive,1,Divorced,4103,4297,0,Y,No,17,3,4,80,1,10,2,3,9,3,1,7,Company Website
23,Current employee,Travel_Rarely,885,Research & Development,4,3,Life Sciences,1,15384,138839,3,Female,79,3,2,Sales Executive,1,Divorced,4103,4297,5,Y,No,17,3,4,80,1,10,2,3,9,3,1,7,Company Website
23,Current employee,Travel_Rarely,885,Research & Development,4,3,Medical,1,15385,138840,3,Female,79,3,2,Laboratory Technician,1,Divorced,4103,12430,0,Y,No,17,3,4,80,1,10,2,3,9,3,1,7,LinkedIn
23,Current employee,Travel_Rarely,885,Research & Development,4,3,Life Sciences,1,15386,138841,3,Female,79,3,2,Sales Executive,1,Married,4103,13556,5,Y,No,17,3,4,80,1,10,2,3,9,3,1,7,LinkedIn
23,Current employee,Travel_Rarely,885,Research & Development,4,3,Medical,1,15390,138845,3,Female,79,3,2,Sales Executive,1,Divorced,4103,4297,0,Y,No,17,3,4,80,1,10,2,3,9,3,1,7,Company Website
23,Current employee,Travel_Rarely,885,Research & Development,4,3,Life Sciences,1,15392,138847,3,Female,79,3,2,Sales Executive,1,Divorced,4103,4297,5,Y,No,17,3,4,80,1,10,2,3,9,3,1,7,Company Website
23,Current employee,Travel_Rarely,885,Research & Development,4,3,Medical,1,15393,138848,3,Female,79,3,2,Laboratory Technician,1,Divorced,4103,12430,0,Y,No,17,3,4,80,1,10,2,3,9,3,1,7,LinkedIn
23,Current employee,Travel_Rarely,885,Research & Development,4,3,Life Sciences,1,15394,138849,3,Female,79,3,2,Sales Executive,1,Married,4103,13556,5,Y,No,17,3,4,80,1,10,2,3,9,3,1,7,LinkedIn
23,Current employee,Travel_Rarely,650,Research & Development,9,1,Medical,1,15509,138964,3,Female,80,4,2,Sales Executive,1,Married,4639,2261,2,Y,No,16,3,4,80,1,17,2,2,15,7,6,13,Seek
23,Current employee,Travel_Rarely,650,Research & Development,9,1,Medical,1,15511,138966,3,Female,80,4,2,Sales Executive,1,Married,4639,2261,6,Y,No,16,3,4,80,1,17,2,2,15,7,6,13,Seek
23,Current employee,Travel_Rarely,650,Research & Development,9,1,Medical,1,15512,138967,3,Female,80,4,2,Laboratory Technician,1,Married,4639,12477,2,Y,No,16,3,4,80,1,17,2,2,15,7,6,13,Recruit.net
23,Current employee,Travel_Rarely,650,Research & Development,9,1,Medical,1,15513,138968,3,Female,80,4,2,Sales Executive,1,Married,4639,13637,6,Y,No,16,3,4,80,1,17,2,2,15,7,6,13,Jora
23,Current employee,Travel_Rarely,650,Research & Development,9,1,Medical,1,15517,138972,3,Female,80,4,2,Sales Executive,1,Married,4639,2261,2,Y,No,16,3,4,80,1,17,2,2,15,7,6,13,Seek
23,Current employee,Travel_Rarely,650,Research & Development,9,1,Medical,1,15519,138974,3,Female,80,4,2,Sales Executive,1,Married,4639,2261,6,Y,No,16,3,4,80,1,17,2,2,15,7,6,13,Seek
23,Current employee,Travel_Rarely,650,Research & Development,9,1,Medical,1,15520,138975,3,Female,80,4,2,Laboratory Technician,1,Married,4639,12477,2,Y,No,16,3,4,80,1,17,2,2,15,7,6,13,Recruit.net
23,Current employee,Travel_Rarely,650,Research & Development,9,1,Medical,1,15521,138976,3,Female,80,4,2,Sales Executive,1,Married,4639,13637,6,Y,No,16,3,4,80,1,17,2,2,15,7,6,13,Jora
23,Current employee,Travel_Rarely,310,Research & Development,10,1,Medical,1,15604,139059,3,Male,80,1,2,Sales Executive,4,Single,5071,20392,3,Y,No,20,3,2,80,0,8,3,3,6,2,0,0,LinkedIn
23,Current employee,Travel_Rarely,310,Research & Development,10,1,Medical,1,15606,139061,3,Male,80,1,2,Sales Executive,4,Single,5071,20392,6,Y,No,20,3,2,80,0,8,3,3,6,2,0,0,LinkedIn
23,Current employee,Travel_Rarely,310,Research & Development,10,1,Medical,1,15607,139062,3,Male,80,1,2,Research Director,4,Single,5071,12477,3,Y,No,20,4,2,80,1,8,3,3,6,2,0,0,Recruit.net
23,Current employee,Travel_Rarely,310,Research & Development,10,1,Medical,1,15608,139063,3,Male,80,1,2,Sales Executive,4,Married,5071,13637,6,Y,No,20,4,2,80,1,8,3,3,6,2,0,0,Seek
23,Current employee,Travel_Rarely,310,Research & Development,10,1,Medical,1,15612,139067,3,Male,80,1,2,Sales Executive,4,Single,5071,20392,3,Y,No,20,3,2,80,0,8,3,3,6,2,0,0,LinkedIn
23,Current employee,Travel_Rarely,310,Research & Development,10,1,Medical,1,15614,139069,3,Male,80,1,2,Sales Executive,4,Single,5071,20392,6,Y,No,20,3,2,80,0,8,3,3,6,2,0,0,LinkedIn
23,Current employee,Travel_Rarely,310,Research & Development,10,1,Medical,1,15615,139070,3,Male,80,1,2,Research Director,4,Single,5071,12477,3,Y,No,20,4,2,80,1,8,3,3,6,2,0,0,Recruit.net
23,Current employee,Travel_Rarely,310,Research & Development,10,1,Medical,1,15616,139071,3,Male,80,1,2,Sales Executive,4,Married,5071,13637,6,Y,No,20,4,2,80,1,8,3,3,6,2,0,0,Seek
23,Current employee,Travel_Rarely,507,Research & Development,20,1,Life Sciences,1,17320,140775,1,Male,97,3,2,Laboratory Technician,3,Single,2272,24812,0,Y,No,14,3,2,80,0,5,2,3,4,3,1,2,Company Website
23,Current employee,Travel_Rarely,507,Research & Development,20,1,Medical,1,17323,140778,1,Male,97,3,2,Laboratory Technician,3,Single,2272,24812,1,Y,No,14,3,2,80,0,5,2,3,4,3,1,2,Company Website
23,Current employee,Travel_Rarely,507,Research & Development,20,1,Life Sciences,1,17324,140779,1,Male,97,3,2,Research Scientist,3,Single,2272,12066,0,Y,No,14,3,2,80,1,5,2,3,4,3,1,2,Adzuna
23,Current employee,Travel_Rarely,507,Research & Development,20,1,Medical,1,17325,140780,1,Male,97,3,2,Laboratory Technician,3,Single,2272,13248,1,Y,No,14,3,2,80,1,5,2,3,4,3,1,2,Seek
23,Current employee,Travel_Rarely,507,Research & Development,20,1,Life Sciences,1,17328,140783,1,Male,97,3,2,Laboratory Technician,3,Single,2272,24812,0,Y,No,14,3,2,80,0,5,2,3,4,3,1,2,Company Website
23,Current employee,Travel_Rarely,507,Research & Development,20,1,Medical,1,17331,140786,1,Male,97,3,2,Laboratory Technician,3,Single,2272,24812,1,Y,No,14,3,2,80,0,5,2,3,4,3,1,2,Company Website
23,Current employee,Travel_Rarely,507,Research & Development,20,1,Life Sciences,1,17332,140787,1,Male,97,3,2,Research Scientist,3,Single,2272,12066,0,Y,No,14,3,2,80,1,5,2,3,4,3,1,2,Adzuna
23,Current employee,Travel_Rarely,507,Research & Development,20,1,Medical,1,17333,140788,1,Male,97,3,2,Laboratory Technician,3,Single,2272,13248,1,Y,No,14,3,2,80,1,5,2,3,4,3,1,2,Seek
23,Current employee,Travel_Rarely,977,Research & Development,10,3,Technical Degree,1,18017,141472,4,Male,45,4,1,Research Scientist,3,Married,2073,12826,2,Y,No,16,3,4,80,1,4,2,3,2,2,2,2,Adzuna
23,Current employee,Travel_Rarely,977,Research & Development,10,3,Medical,1,18020,141475,4,Male,45,4,1,Research Scientist,3,Married,2073,12826,3,Y,No,16,3,4,80,1,4,2,3,2,2,2,2,Adzuna
23,Current employee,Travel_Rarely,977,Research & Development,10,3,Technical Degree,1,18021,141476,4,Male,45,4,1,Research Scientist,3,Married,2073,12066,2,Y,No,16,3,4,80,1,4,2,3,2,2,2,2,Adzuna
23,Current employee,Travel_Rarely,977,Research & Development,10,3,Medical,1,18022,141477,4,Male,45,4,1,Research Scientist,3,Married,2073,13421,3,Y,No,16,3,4,80,1,4,2,3,2,2,2,2,Recruit.net
23,Current employee,Travel_Rarely,977,Research & Development,10,3,Technical Degree,1,18025,141480,4,Male,45,4,1,Research Scientist,3,Married,2073,12826,2,Y,No,16,3,4,80,1,4,2,3,2,2,2,2,Adzuna
23,Current employee,Travel_Rarely,977,Research & Development,10,3,Medical,1,18028,141483,4,Male,45,4,1,Research Scientist,3,Married,2073,12826,3,Y,No,16,3,4,80,1,4,2,3,2,2,2,2,Adzuna
23,Current employee,Travel_Rarely,977,Research & Development,10,3,Technical Degree,1,18029,141484,4,Male,45,4,1,Research Scientist,3,Married,2073,12066,2,Y,No,16,3,4,80,1,4,2,3,2,2,2,2,Adzuna
23,Current employee,Travel_Rarely,977,Research & Development,10,3,Medical,1,18030,141485,4,Male,45,4,1,Research Scientist,3,Married,2073,13421,3,Y,No,16,3,4,80,1,4,2,3,2,2,2,2,Recruit.net
23,Current employee,Travel_Rarely,160,Research & Development,4,1,Medical,1,18950,142405,4,Male,88,2,4,Research Director,3,Married,17603,3525,1,Y,No,24,4,1,80,1,14,3,3,14,10,6,11,Indeed
23,Current employee,Travel_Rarely,160,Research & Development,4,1,Life Sciences,1,18951,142406,4,Male,88,2,4,Research Director,3,Married,17603,3525,2,Y,No,24,3,1,80,1,14,3,3,14,10,6,11,Indeed
23,Current employee,Travel_Rarely,160,Research & Development,4,1,Medical,1,18953,142408,4,Male,88,2,4,Research Scientist,3,Married,17603,12826,1,Y,No,24,4,1,80,1,14,3,3,14,10,6,11,Seek
23,Current employee,Travel_Rarely,160,Research & Development,4,1,Life Sciences,1,18954,142409,4,Male,88,2,4,Research Director,3,Married,17603,13257,2,Y,No,24,4,1,80,1,14,3,3,14,10,6,11,LinkedIn
23,Current employee,Travel_Rarely,160,Research & Development,4,1,Medical,1,18958,142413,4,Male,88,2,4,Research Director,3,Married,17603,3525,1,Y,No,24,4,1,80,1,14,3,3,14,10,6,11,Indeed
23,Current employee,Travel_Rarely,160,Research & Development,4,1,Life Sciences,1,18959,142414,4,Male,88,2,4,Research Director,3,Married,17603,3525,2,Y,No,24,3,1,80,1,14,3,3,14,10,6,11,Indeed
23,Current employee,Travel_Rarely,160,Research & Development,4,1,Medical,1,18961,142416,4,Male,88,2,4,Research Scientist,3,Married,17603,12826,1,Y,No,24,4,1,80,1,14,3,3,14,10,6,11,Seek
23,Current employee,Travel_Rarely,160,Research & Development,4,1,Life Sciences,1,18962,142417,4,Male,88,2,4,Research Director,3,Married,17603,13257,2,Y,No,24,4,1,80,1,14,3,3,14,10,6,11,LinkedIn
23,Current employee,Travel_Rarely,160,Research & Development,4,1,Medical,1,19794,143249,3,Female,51,3,1,Laboratory Technician,2,Single,3295,12862,1,Y,No,13,3,3,80,0,3,3,1,3,2,1,2,GlassDoor
23,Current employee,Travel_Rarely,160,Research & Development,4,1,Life Sciences,1,19797,143252,3,Female,51,3,1,Laboratory Technician,2,Single,3295,12862,1,Y,No,13,3,3,80,0,3,3,1,3,2,1,2,GlassDoor
23,Current employee,Travel_Rarely,160,Research & Development,4,1,Medical,1,19798,143253,3,Female,51,3,1,Healthcare Representative,2,Single,3295,12145,1,Y,No,13,3,3,80,1,3,3,1,3,2,1,2,Indeed
23,Current employee,Travel_Rarely,160,Research & Development,4,1,Life Sciences,1,19799,143254,3,Female,51,3,1,Sales Representative,2,Single,3295,12853,1,Y,No,13,3,3,80,1,3,3,1,3,2,1,2,Seek
23,Current employee,Travel_Rarely,160,Research & Development,4,1,Medical,1,19802,143257,3,Female,51,3,1,Laboratory Technician,2,Single,3295,12862,1,Y,No,13,3,3,80,0,3,3,1,3,2,1,2,GlassDoor
23,Current employee,Travel_Rarely,160,Research & Development,4,1,Life Sciences,1,19805,143260,3,Female,51,3,1,Laboratory Technician,2,Single,3295,12862,1,Y,No,13,3,3,80,0,3,3,1,3,2,1,2,GlassDoor
23,Current employee,Travel_Rarely,160,Research & Development,4,1,Medical,1,19806,143261,3,Female,51,3,1,Healthcare Representative,2,Single,3295,12145,1,Y,No,13,3,3,80,1,3,3,1,3,2,1,2,Indeed
23,Current employee,Travel_Rarely,160,Research & Development,4,1,Life Sciences,1,19807,143262,3,Female,51,3,1,Sales Representative,2,Single,3295,12853,1,Y,No,13,3,3,80,1,3,3,1,3,2,1,2,Seek
23,Current employee,Travel_Rarely,571,Research & Development,12,2,Other,1,21307,144762,4,Female,95,3,3,Sales Executive,2,Married,7314,14011,5,Y,No,21,3,3,80,3,14,2,3,8,7,0,7,Jora
23,Current employee,Travel_Rarely,571,Research & Development,12,2,Medical,1,21309,144764,4,Female,95,3,3,Sales Executive,2,Married,7314,14011,7,Y,No,21,3,3,80,3,14,2,3,8,7,0,7,Jora
23,Current employee,Travel_Rarely,571,Research & Development,12,2,Other,1,21310,144765,4,Female,95,3,3,Research Scientist,2,Married,7314,12828,5,Y,No,21,4,3,80,1,14,2,3,8,7,0,7,Company Website
23,Current employee,Travel_Rarely,571,Research & Development,12,2,Medical,1,21311,144766,4,Female,95,3,3,Sales Executive,2,Married,7314,13672,7,Y,No,21,4,3,80,1,14,2,3,8,7,0,7,LinkedIn
23,Current employee,Travel_Rarely,571,Research & Development,12,2,Other,1,21315,144770,4,Female,95,3,3,Sales Executive,2,Married,7314,14011,5,Y,No,21,3,3,80,3,14,2,3,8,7,0,7,Jora
23,Current employee,Travel_Rarely,571,Research & Development,12,2,Medical,1,21317,144772,4,Female,95,3,3,Sales Executive,2,Married,7314,14011,7,Y,No,21,3,3,80,3,14,2,3,8,7,0,7,Jora
23,Current employee,Travel_Rarely,571,Research & Development,12,2,Other,1,21318,144773,4,Female,95,3,3,Research Scientist,2,Married,7314,12828,5,Y,No,21,4,3,80,1,14,2,3,8,7,0,7,Company Website
23,Current employee,Travel_Rarely,571,Research & Development,12,2,Medical,1,21319,144774,4,Female,95,3,3,Sales Executive,2,Married,7314,13672,7,Y,No,21,4,3,80,1,14,2,3,8,7,0,7,LinkedIn
23,Current employee,Travel_Rarely,541,Sales,2,1,Technical Degree,1,21449,144904,4,Male,95,3,3,Sales Executive,4,Married,9713,24444,2,Y,Yes,13,3,4,80,3,9,3,3,5,3,1,0,Company Website
23,Current employee,Travel_Rarely,541,Sales,2,1,Life Sciences,1,21450,144905,4,Male,95,3,3,Sales Executive,4,Married,9713,24444,4,Y,Yes,13,3,4,80,3,9,3,3,5,3,1,0,Company Website
23,Current employee,Travel_Rarely,541,Sales,2,1,Technical Degree,1,21452,144907,4,Male,95,3,3,Research Scientist,4,Married,9713,12828,2,Y,Yes,13,3,4,80,1,9,3,3,5,3,1,0,Indeed
23,Current employee,Travel_Rarely,541,Sales,2,1,Life Sciences,1,21453,144908,4,Male,95,3,3,Sales Executive,4,Divorced,9713,13535,4,Y,Yes,13,3,4,80,1,9,3,3,5,3,1,0,Seek
23,Current employee,Travel_Rarely,541,Sales,2,1,Technical Degree,1,21457,144912,4,Male,95,3,3,Sales Executive,4,Married,9713,24444,2,Y,Yes,13,3,4,80,3,9,3,3,5,3,1,0,Company Website
23,Current employee,Travel_Rarely,541,Sales,2,1,Life Sciences,1,21458,144913,4,Male,95,3,3,Sales Executive,4,Married,9713,24444,4,Y,Yes,13,3,4,80,3,9,3,3,5,3,1,0,Company Website
23,Current employee,Travel_Rarely,541,Sales,2,1,Technical Degree,1,21460,144915,4,Male,95,3,3,Research Scientist,4,Married,9713,12828,2,Y,Yes,13,3,4,80,1,9,3,3,5,3,1,0,Indeed
23,Current employee,Travel_Rarely,541,Sales,2,1,Life Sciences,1,21461,144916,4,Male,95,3,3,Sales Executive,4,Divorced,9713,13535,4,Y,Yes,13,3,4,80,1,9,3,3,5,3,1,0,Seek
23,Current employee,Travel_Rarely,571,Research & Development,12,2,Other,1,22515,145970,4,Male,33,3,1,Laboratory Technician,4,Single,2647,13672,1,Y,No,13,3,3,80,0,5,6,4,5,2,1,4,Recruit.net
23,Current employee,Travel_Rarely,571,Research & Development,12,2,Medical,1,22518,145973,4,Male,33,3,1,Laboratory Technician,4,Single,2647,13672,1,Y,No,13,3,3,80,0,5,6,4,5,2,1,4,Recruit.net
23,Current employee,Travel_Rarely,571,Research & Development,12,2,Other,1,22521,145976,4,Male,33,3,1,Research Director,4,Single,2647,12145,1,Y,No,13,3,3,80,1,5,6,4,5,2,1,4,Company Website
23,Current employee,Travel_Rarely,571,Research & Development,12,2,Medical,1,22522,145977,4,Male,33,3,1,Sales Representative,4,Single,2647,13008,1,Y,No,13,3,3,80,1,5,6,4,5,2,1,4,Company Website
23,Current employee,Travel_Rarely,571,Research & Development,12,2,Other,1,22523,145978,4,Male,33,3,1,Laboratory Technician,4,Single,2647,13672,1,Y,No,13,3,3,80,0,5,6,4,5,2,1,4,Recruit.net
23,Current employee,Travel_Rarely,571,Research & Development,12,2,Medical,1,22526,145981,4,Male,33,3,1,Laboratory Technician,4,Single,2647,13672,1,Y,No,13,3,3,80,0,5,6,4,5,2,1,4,Recruit.net
23,Current employee,Travel_Rarely,571,Research & Development,12,2,Other,1,22529,145984,4,Male,33,3,1,Research Director,4,Single,2647,12145,1,Y,No,13,3,3,80,1,5,6,4,5,2,1,4,Company Website
23,Current employee,Travel_Rarely,571,Research & Development,12,2,Medical,1,22530,145985,4,Male,33,3,1,Sales Representative,4,Single,2647,13008,1,Y,No,13,3,3,80,1,5,6,4,5,2,1,4,Company Website
23,Current employee,Travel_Rarely,977,Research & Development,10,3,Technical Degree,1,23075,146530,4,Male,99,3,5,Manager,3,Married,18880,17312,5,Y,No,11,3,1,80,0,24,2,2,22,6,4,14,Company Website
23,Current employee,Travel_Rarely,977,Research & Development,10,3,Medical,1,23077,146532,4,Male,99,3,5,Manager,3,Married,18880,17312,1,Y,No,11,3,1,80,0,24,2,2,22,6,4,14,Company Website
23,Current employee,Travel_Rarely,977,Research & Development,10,3,Technical Degree,1,23078,146533,4,Male,99,3,5,Research Scientist,3,Married,18880,12853,5,Y,No,11,3,1,80,1,24,2,2,22,6,4,14,LinkedIn
23,Current employee,Travel_Rarely,977,Research & Development,10,3,Medical,1,23079,146534,4,Male,99,3,5,Manager,3,Married,18880,13251,1,Y,No,11,3,1,80,1,24,2,2,22,6,4,14,Indeed
23,Current employee,Travel_Rarely,977,Research & Development,10,3,Technical Degree,1,23083,146538,4,Male,99,3,5,Manager,3,Married,18880,17312,5,Y,No,11,3,1,80,0,24,2,2,22,6,4,14,Company Website
23,Current employee,Travel_Rarely,977,Research & Development,10,3,Medical,1,23085,146540,4,Male,99,3,5,Manager,3,Married,18880,17312,1,Y,No,11,3,1,80,0,24,2,2,22,6,4,14,Company Website
23,Current employee,Travel_Rarely,977,Research & Development,10,3,Technical Degree,1,23086,146541,4,Male,99,3,5,Research Scientist,3,Married,18880,12853,5,Y,No,11,3,1,80,1,24,2,2,22,6,4,14,LinkedIn
23,Current employee,Travel_Rarely,977,Research & Development,10,3,Medical,1,23087,146542,4,Male,99,3,5,Manager,3,Married,18880,13251,1,Y,No,11,3,1,80,1,24,2,2,22,6,4,14,Indeed
22,Voluntary Resignation,Travel_Rarely,617,Research & Development,3,1,Life Sciences,1,4884,128339,2,Male,50,3,4,Manager,2,Single,16015,15896,1,Y,No,19,3,2,80,0,22,2,3,22,10,0,4,Jora
22,Voluntary Resignation,Travel_Rarely,617,Research & Development,3,1,Life Sciences,1,4886,128341,2,Male,50,3,4,Manager,2,Single,16015,15896,1,Y,No,19,3,2,80,0,22,2,3,22,10,0,4,Jora
22,Voluntary Resignation,Travel_Rarely,617,Research & Development,3,1,Life Sciences,1,4887,128342,4,Male,50,3,4,Manager,2,Single,16015,9752,1,Y,No,19,3,2,80,0,22,2,3,22,10,0,4,Jora
22,Voluntary Resignation,Travel_Rarely,617,Research & Development,3,1,Life Sciences,1,4888,128343,4,Male,50,3,4,Manager,2,Single,16015,10778,1,Y,No,19,3,2,80,0,22,2,3,22,10,0,4,Jora
22,Voluntary Resignation,Travel_Rarely,617,Research & Development,3,1,Life Sciences,1,4891,128346,2,Male,50,3,4,Manager,2,Single,16015,15896,1,Y,No,19,3,2,80,0,22,2,3,22,10,0,4,Jora
22,Voluntary Resignation,Travel_Rarely,617,Research & Development,3,1,Life Sciences,1,4893,128348,2,Male,50,3,4,Manager,2,Single,16015,15896,1,Y,No,19,3,2,80,0,22,2,3,22,10,0,4,Jora
22,Voluntary Resignation,Travel_Rarely,617,Research & Development,3,1,Life Sciences,1,4894,128349,4,Male,50,3,4,Manager,2,Single,16015,9752,1,Y,No,19,3,2,80,0,22,2,3,22,10,0,4,Jora
22,Voluntary Resignation,Travel_Rarely,617,Research & Development,3,1,Life Sciences,1,4895,128350,4,Male,50,3,4,Manager,2,Single,16015,10778,1,Y,No,19,3,2,80,0,22,2,3,22,10,0,4,Jora
22,Voluntary Resignation,Travel_Frequently,1256,Research & Development,3,4,Life Sciences,1,6116,129571,2,Male,54,4,2,Sales Executive,4,Single,5304,4652,8,Y,Yes,13,3,2,80,0,9,3,2,5,2,0,4,Company Website
22,Voluntary Resignation,Travel_Frequently,1256,Research & Development,3,4,Life Sciences,1,6117,129572,2,Male,54,4,2,Sales Executive,4,Single,5304,4652,4,Y,Yes,13,3,2,80,0,9,3,2,5,2,0,4,Company Website
22,Voluntary Resignation,Travel_Frequently,1256,Research & Development,3,4,Life Sciences,1,6119,129574,4,Male,54,4,2,Sales Executive,4,Single,5304,9867,8,Y,Yes,13,3,2,80,0,9,3,2,5,2,0,4,Company Website
22,Voluntary Resignation,Travel_Frequently,1256,Research & Development,3,4,Life Sciences,1,6120,129575,2,Male,54,4,2,Sales Executive,4,Single,5304,11757,4,Y,Yes,13,3,2,80,1,9,3,2,5,2,0,4,Company Website
22,Voluntary Resignation,Travel_Frequently,1256,Research & Development,3,4,Life Sciences,1,6123,129578,2,Male,54,4,2,Sales Executive,4,Single,5304,4652,8,Y,Yes,13,3,2,80,0,9,3,2,5,2,0,4,Company Website
22,Voluntary Resignation,Travel_Frequently,1256,Research & Development,3,4,Life Sciences,1,6124,129579,2,Male,54,4,2,Sales Executive,4,Single,5304,4652,4,Y,Yes,13,3,2,80,0,9,3,2,5,2,0,4,Company Website
22,Voluntary Resignation,Travel_Frequently,1256,Research & Development,3,4,Life Sciences,1,6126,129581,4,Male,54,4,2,Sales Executive,4,Single,5304,9867,8,Y,Yes,13,3,2,80,0,9,3,2,5,2,0,4,Company Website
22,Voluntary Resignation,Travel_Frequently,1256,Research & Development,3,4,Life Sciences,1,6127,129582,2,Male,54,4,2,Sales Executive,4,Single,5304,11757,4,Y,Yes,13,3,2,80,1,9,3,2,5,2,0,4,Company Website
22,Voluntary Resignation,Travel_Frequently,1368,Research & Development,4,1,Technical Degree,1,7120,130575,3,Male,99,2,1,Laboratory Technician,3,Single,3894,9129,5,Y,No,16,3,3,80,0,4,3,3,2,2,1,2,Jora
22,Voluntary Resignation,Travel_Frequently,1368,Research & Development,4,1,Life Sciences,1,7122,130577,3,Male,99,2,1,Laboratory Technician,3,Single,3894,9129,1,Y,No,16,3,3,80,0,4,3,3,2,2,1,2,Jora
22,Voluntary Resignation,Travel_Frequently,1368,Research & Development,4,1,Technical Degree,1,7124,130579,4,Male,99,2,1,Laboratory Technician,3,Single,3894,9241,5,Y,No,16,3,3,80,0,4,3,3,2,2,1,2,Jora
22,Voluntary Resignation,Travel_Frequently,1368,Research & Development,4,1,Life Sciences,1,7125,130580,4,Male,99,2,1,Laboratory Technician,3,Single,3894,10322,1,Y,No,16,3,3,80,0,4,3,3,2,2,1,2,Jora
22,Voluntary Resignation,Travel_Frequently,1368,Research & Development,4,1,Technical Degree,1,7128,130583,3,Male,99,2,1,Laboratory Technician,3,Single,3894,9129,5,Y,No,16,3,3,80,0,4,3,3,2,2,1,2,Jora
22,Voluntary Resignation,Travel_Frequently,1368,Research & Development,4,1,Life Sciences,1,7130,130585,3,Male,99,2,1,Laboratory Technician,3,Single,3894,9129,1,Y,No,16,3,3,80,0,4,3,3,2,2,1,2,Jora
22,Voluntary Resignation,Travel_Frequently,1368,Research & Development,4,1,Technical Degree,1,7132,130587,4,Male,99,2,1,Laboratory Technician,3,Single,3894,9241,5,Y,No,16,3,3,80,0,4,3,3,2,2,1,2,Jora
22,Voluntary Resignation,Travel_Frequently,1368,Research & Development,4,1,Life Sciences,1,7133,130588,4,Male,99,2,1,Laboratory Technician,3,Single,3894,10322,1,Y,No,16,3,3,80,0,4,3,3,2,2,1,2,Jora
22,Voluntary Resignation,Travel_Rarely,391,Research & Development,7,1,Life Sciences,1,9333,132788,3,Male,62,1,1,Laboratory Technician,3,Married,3833,24375,3,Y,No,21,3,3,80,2,7,2,3,2,2,0,2,Recruit.net
22,Voluntary Resignation,Travel_Rarely,391,Research & Development,7,1,Marketing,1,9335,132790,3,Male,62,1,1,Laboratory Technician,3,Married,3833,24375,1,Y,No,21,3,3,80,2,7,2,3,2,2,0,2,Recruit.net
22,Voluntary Resignation,Travel_Rarely,391,Research & Development,7,1,Life Sciences,1,9336,132791,4,Male,62,1,1,Laboratory Technician,3,Married,3833,9946,3,Y,No,21,4,3,80,0,7,2,3,2,2,0,2,Recruit.net
22,Voluntary Resignation,Travel_Rarely,391,Research & Development,7,1,Marketing,1,9337,132792,4,Male,62,1,1,Laboratory Technician,3,Married,3833,10531,1,Y,No,21,4,3,80,0,7,2,3,2,2,0,2,Recruit.net
22,Voluntary Resignation,Travel_Rarely,391,Research & Development,7,1,Life Sciences,1,9341,132796,3,Male,62,1,1,Laboratory Technician,3,Married,3833,24375,3,Y,No,21,3,3,80,2,7,2,3,2,2,0,2,Recruit.net
22,Voluntary Resignation,Travel_Rarely,391,Research & Development,7,1,Marketing,1,9343,132798,3,Male,62,1,1,Laboratory Technician,3,Married,3833,24375,1,Y,No,21,3,3,80,2,7,2,3,2,2,0,2,Recruit.net
22,Voluntary Resignation,Travel_Rarely,391,Research & Development,7,1,Life Sciences,1,9344,132799,4,Male,62,1,1,Laboratory Technician,3,Married,3833,9946,3,Y,No,21,4,3,80,0,7,2,3,2,2,0,2,Recruit.net
22,Voluntary Resignation,Travel_Rarely,391,Research & Development,7,1,Marketing,1,9345,132800,4,Male,62,1,1,Laboratory Technician,3,Married,3833,10531,1,Y,No,21,4,3,80,0,7,2,3,2,2,0,2,Recruit.net
22,Voluntary Resignation,Travel_Rarely,617,Research & Development,3,1,Life Sciences,1,10697,134152,2,Female,34,3,2,Manufacturing Director,3,Married,4171,10022,0,Y,Yes,19,3,1,80,1,4,3,4,3,2,0,2,Company Website
22,Voluntary Resignation,Travel_Rarely,617,Research & Development,3,1,Life Sciences,1,10699,134154,2,Female,34,3,2,Manufacturing Director,3,Married,4171,10022,1,Y,Yes,19,3,1,80,1,4,3,4,3,2,0,2,Company Website
22,Voluntary Resignation,Travel_Rarely,617,Research & Development,3,1,Life Sciences,1,10701,134156,4,Female,34,3,2,Manufacturing Director,3,Married,4171,9396,0,Y,Yes,19,3,1,80,0,4,3,4,3,2,0,2,Company Website
22,Voluntary Resignation,Travel_Rarely,617,Research & Development,3,1,Life Sciences,1,10702,134157,2,Female,34,3,2,Manufacturing Director,3,Married,4171,11092,1,Y,Yes,19,3,1,80,1,4,3,4,3,2,0,2,Company Website
22,Voluntary Resignation,Travel_Rarely,617,Research & Development,3,1,Life Sciences,1,10705,134160,2,Female,34,3,2,Manufacturing Director,3,Married,4171,10022,0,Y,Yes,19,3,1,80,1,4,3,4,3,2,0,2,Company Website
22,Voluntary Resignation,Travel_Rarely,617,Research & Development,3,1,Life Sciences,1,10708,134163,2,Female,34,3,2,Manufacturing Director,3,Married,4171,10022,1,Y,Yes,19,3,1,80,1,4,3,4,3,2,0,2,Company Website
22,Voluntary Resignation,Travel_Rarely,617,Research & Development,3,1,Life Sciences,1,10710,134165,4,Female,34,3,2,Manufacturing Director,3,Married,4171,9396,0,Y,Yes,19,3,1,80,0,4,3,4,3,2,0,2,Company Website
22,Voluntary Resignation,Travel_Rarely,617,Research & Development,3,1,Life Sciences,1,10711,134166,2,Female,34,3,2,Manufacturing Director,3,Married,4171,11092,1,Y,Yes,19,3,1,80,1,4,3,4,3,2,0,2,Company Website
22,Voluntary Resignation,Travel_Frequently,1256,Research & Development,3,4,Life Sciences,1,13784,137239,3,Male,48,2,1,Research Scientist,4,Married,2853,4223,0,Y,Yes,11,3,2,80,1,1,5,3,0,0,0,0,Jora
22,Voluntary Resignation,Travel_Frequently,1256,Research & Development,3,4,Life Sciences,1,13786,137241,3,Male,48,2,1,Research Scientist,4,Married,2853,4223,2,Y,Yes,11,3,2,80,1,1,5,3,0,0,0,0,Jora
22,Voluntary Resignation,Travel_Frequently,1256,Research & Development,3,4,Life Sciences,1,13788,137243,4,Male,48,2,1,Research Scientist,4,Married,2853,9518,0,Y,Yes,11,3,2,80,0,1,5,3,0,0,0,0,Jora
22,Voluntary Resignation,Travel_Frequently,1256,Research & Development,3,4,Life Sciences,1,13789,137244,3,Male,48,2,1,Research Scientist,4,Married,2853,11141,2,Y,Yes,11,3,2,80,1,1,5,3,0,0,0,0,Jora
22,Voluntary Resignation,Travel_Frequently,1256,Research & Development,3,4,Life Sciences,1,13792,137247,3,Male,48,2,1,Research Scientist,4,Married,2853,4223,0,Y,Yes,11,3,2,80,1,1,5,3,0,0,0,0,Jora
22,Voluntary Resignation,Travel_Frequently,1256,Research & Development,3,4,Life Sciences,1,13794,137249,3,Male,48,2,1,Research Scientist,4,Married,2853,4223,2,Y,Yes,11,3,2,80,1,1,5,3,0,0,0,0,Jora
22,Voluntary Resignation,Travel_Frequently,1256,Research & Development,3,4,Life Sciences,1,13796,137251,4,Male,48,2,1,Research Scientist,4,Married,2853,9518,0,Y,Yes,11,3,2,80,0,1,5,3,0,0,0,0,Jora
22,Voluntary Resignation,Travel_Frequently,1256,Research & Development,3,4,Life Sciences,1,13797,137252,3,Male,48,2,1,Research Scientist,4,Married,2853,11141,2,Y,Yes,11,3,2,80,1,1,5,3,0,0,0,0,Jora
22,Voluntary Resignation,Travel_Rarely,1294,Research & Development,8,1,Medical,1,19113,142568,4,Male,89,3,4,Manager,3,Single,15379,22384,4,Y,No,14,3,1,80,0,23,2,3,8,7,0,0,Company Website
22,Voluntary Resignation,Travel_Rarely,1294,Research & Development,8,1,Medical,1,19115,142570,4,Male,89,3,4,Manager,3,Single,15379,22384,1,Y,No,14,3,1,80,0,23,2,3,8,7,0,0,Company Website
22,Voluntary Resignation,Travel_Rarely,1294,Research & Development,8,1,Medical,1,19116,142571,4,Male,89,3,4,Manager,3,Single,15379,10022,4,Y,No,14,3,1,80,0,23,2,3,8,7,0,0,Company Website
22,Voluntary Resignation,Travel_Rarely,1294,Research & Development,8,1,Medical,1,19117,142572,4,Male,89,3,4,Manager,3,Single,15379,10846,1,Y,No,14,3,1,80,0,23,2,3,8,7,0,0,Company Website
22,Voluntary Resignation,Travel_Rarely,1294,Research & Development,8,1,Medical,1,19121,142576,4,Male,89,3,4,Manager,3,Single,15379,22384,4,Y,No,14,3,1,80,0,23,2,3,8,7,0,0,Company Website
22,Voluntary Resignation,Travel_Rarely,1294,Research & Development,8,1,Medical,1,19123,142578,4,Male,89,3,4,Manager,3,Single,15379,22384,1,Y,No,14,3,1,80,0,23,2,3,8,7,0,0,Company Website
22,Voluntary Resignation,Travel_Rarely,1294,Research & Development,8,1,Medical,1,19124,142579,4,Male,89,3,4,Manager,3,Single,15379,10022,4,Y,No,14,3,1,80,0,23,2,3,8,7,0,0,Company Website
22,Voluntary Resignation,Travel_Rarely,1294,Research & Development,8,1,Medical,1,19125,142580,4,Male,89,3,4,Manager,3,Single,15379,10846,1,Y,No,14,3,1,80,0,23,2,3,8,7,0,0,Company Website
22,Voluntary Resignation,Travel_Rarely,1294,Research & Development,8,1,Medical,1,20347,143802,3,Female,79,3,1,Laboratory Technician,1,Married,2398,15999,1,Y,Yes,17,3,3,80,0,1,6,3,1,0,0,0,Seek
22,Voluntary Resignation,Travel_Rarely,1294,Research & Development,8,1,Medical,1,20349,143804,3,Female,79,3,1,Laboratory Technician,1,Married,2398,15999,1,Y,Yes,17,3,3,80,0,1,6,3,1,0,0,0,Seek
22,Voluntary Resignation,Travel_Rarely,1294,Research & Development,8,1,Medical,1,20351,143806,4,Female,79,3,1,Laboratory Technician,1,Married,2398,9697,1,Y,Yes,17,3,3,80,0,1,6,3,1,0,0,0,Seek
22,Voluntary Resignation,Travel_Rarely,1294,Research & Development,8,1,Medical,1,20352,143807,4,Female,79,3,1,Laboratory Technician,1,Married,2398,10558,1,Y,Yes,17,3,3,80,0,1,6,3,1,0,0,0,Seek
22,Voluntary Resignation,Travel_Rarely,1294,Research & Development,8,1,Medical,1,20355,143810,3,Female,79,3,1,Laboratory Technician,1,Married,2398,15999,1,Y,Yes,17,3,3,80,0,1,6,3,1,0,0,0,Seek
22,Voluntary Resignation,Travel_Rarely,1294,Research & Development,8,1,Medical,1,20357,143812,3,Female,79,3,1,Laboratory Technician,1,Married,2398,15999,1,Y,Yes,17,3,3,80,0,1,6,3,1,0,0,0,Seek
22,Voluntary Resignation,Travel_Rarely,1294,Research & Development,8,1,Medical,1,20359,143814,4,Female,79,3,1,Laboratory Technician,1,Married,2398,9697,1,Y,Yes,17,3,3,80,0,1,6,3,1,0,0,0,Seek
22,Voluntary Resignation,Travel_Rarely,1294,Research & Development,8,1,Medical,1,20360,143815,4,Female,79,3,1,Laboratory Technician,1,Married,2398,10558,1,Y,Yes,17,3,3,80,0,1,6,3,1,0,0,0,Seek
22,Voluntary Resignation,Travel_Rarely,391,Research & Development,7,1,Life Sciences,1,21400,144855,4,Male,30,3,1,Research Scientist,2,Single,2472,26092,1,Y,Yes,23,3,1,80,0,1,2,3,1,0,0,0,Adzuna
22,Voluntary Resignation,Travel_Rarely,391,Research & Development,7,1,Marketing,1,21402,144857,4,Male,30,3,1,Research Scientist,2,Single,2472,26092,3,Y,Yes,23,3,1,80,0,1,2,3,1,0,0,0,Adzuna
22,Voluntary Resignation,Travel_Rarely,391,Research & Development,7,1,Life Sciences,1,21404,144859,4,Male,30,3,1,Research Scientist,2,Single,2472,9724,1,Y,Yes,23,4,1,80,0,1,2,3,1,0,0,0,Adzuna
22,Voluntary Resignation,Travel_Rarely,391,Research & Development,7,1,Marketing,1,21405,144860,4,Male,30,3,1,Research Scientist,2,Single,2472,11585,3,Y,Yes,23,4,1,80,1,1,2,3,1,0,0,0,Adzuna
22,Voluntary Resignation,Travel_Rarely,391,Research & Development,7,1,Life Sciences,1,21408,144863,4,Male,30,3,1,Research Scientist,2,Single,2472,26092,1,Y,Yes,23,3,1,80,0,1,2,3,1,0,0,0,Adzuna
22,Voluntary Resignation,Travel_Rarely,391,Research & Development,7,1,Marketing,1,21410,144865,4,Male,30,3,1,Research Scientist,2,Single,2472,26092,3,Y,Yes,23,3,1,80,0,1,2,3,1,0,0,0,Adzuna
22,Voluntary Resignation,Travel_Rarely,391,Research & Development,7,1,Life Sciences,1,21412,144867,4,Male,30,3,1,Research Scientist,2,Single,2472,9724,1,Y,Yes,23,4,1,80,0,1,2,3,1,0,0,0,Adzuna
22,Voluntary Resignation,Travel_Rarely,391,Research & Development,7,1,Marketing,1,21413,144868,4,Male,30,3,1,Research Scientist,2,Single,2472,11585,3,Y,Yes,23,4,1,80,1,1,2,3,1,0,0,0,Adzuna
22,Voluntary Resignation,Travel_Frequently,1368,Research & Development,4,1,Technical Degree,1,22054,145509,4,Female,97,2,1,Human Resources,2,Married,2863,19555,1,Y,No,12,3,1,80,0,1,2,3,1,0,0,0,Recruit.net
22,Voluntary Resignation,Travel_Frequently,1368,Research & Development,4,1,Life Sciences,1,22055,145510,4,Female,97,2,1,Human Resources,2,Married,2863,19555,0,Y,No,12,4,1,80,0,1,2,3,1,0,0,0,Recruit.net
22,Voluntary Resignation,Travel_Frequently,1368,Research & Development,4,1,Technical Degree,1,22057,145512,4,Female,97,2,1,Human Resources,2,Married,2863,10036,1,Y,No,12,3,1,80,0,1,2,3,1,0,0,0,Recruit.net
22,Voluntary Resignation,Travel_Frequently,1368,Research & Development,4,1,Life Sciences,1,22058,145513,4,Female,97,2,1,Human Resources,2,Married,2863,10293,0,Y,No,12,3,1,80,0,1,2,3,1,0,0,0,Recruit.net
22,Voluntary Resignation,Travel_Frequently,1368,Research & Development,4,1,Technical Degree,1,22062,145517,4,Female,97,2,1,Human Resources,2,Married,2863,19555,1,Y,No,12,3,1,80,0,1,2,3,1,0,0,0,Recruit.net
22,Voluntary Resignation,Travel_Frequently,1368,Research & Development,4,1,Life Sciences,1,22063,145518,4,Female,97,2,1,Human Resources,2,Married,2863,19555,0,Y,No,12,4,1,80,0,1,2,3,1,0,0,0,Recruit.net
22,Voluntary Resignation,Travel_Frequently,1368,Research & Development,4,1,Technical Degree,1,22065,145520,4,Female,97,2,1,Human Resources,2,Married,2863,10036,1,Y,No,12,3,1,80,0,1,2,3,1,0,0,0,Recruit.net
22,Voluntary Resignation,Travel_Frequently,1368,Research & Development,4,1,Life Sciences,1,22066,145521,4,Female,97,2,1,Human Resources,2,Married,2863,10293,0,Y,No,12,3,1,80,0,1,2,3,1,0,0,0,Recruit.net
22,Current employee,Travel_Rarely,534,Research & Development,15,3,Medical,1,343,123798,2,Female,51,4,3,Manufacturing Director,1,Divorced,9980,10195,1,Y,No,15,3,3,80,0,1,5,3,0,0,0,0,Indeed
22,Current employee,Non-Travel,1123,Research & Development,16,2,Medical,1,381,123836,4,Male,96,4,1,Laboratory Technician,4,Divorced,2935,7324,1,Y,Yes,13,3,2,80,2,1,2,2,1,0,0,0,Adzuna
22,Current employee,Non-Travel,1123,Research & Development,16,2,Medical,1,383,123838,4,Male,96,4,1,Laboratory Technician,4,Divorced,2935,7324,1,Y,Yes,13,3,2,80,2,1,2,2,1,0,0,0,Adzuna
22,Current employee,Non-Travel,1123,Research & Development,16,2,Medical,1,385,123840,4,Male,96,4,1,Laboratory Technician,4,Divorced,2935,9125,1,Y,Yes,13,3,2,80,0,1,2,2,1,0,0,0,Adzuna
22,Current employee,Non-Travel,1123,Research & Development,16,2,Medical,1,386,123841,4,Male,96,4,1,Laboratory Technician,4,Divorced,2935,10558,1,Y,Yes,13,3,2,80,0,1,2,2,1,0,0,0,Adzuna
22,Current employee,Non-Travel,1123,Research & Development,16,2,Medical,1,389,123844,4,Male,96,4,1,Laboratory Technician,4,Divorced,2935,7324,1,Y,Yes,13,3,2,80,2,1,2,2,1,0,0,0,Adzuna
22,Current employee,Non-Travel,1123,Research & Development,16,2,Medical,1,390,123845,1,Male,70,3,3,Sales Executive,4,Married,10239,18092,3,Y,No,14,3,4,80,1,24,4,3,1,0,1,0,Seek
22,Current employee,Non-Travel,1123,Research & Development,16,2,Medical,1,391,123846,1,Female,65,3,2,Manufacturing Director,4,Divorced,5070,7389,5,Y,No,13,3,3,80,3,20,2,3,5,0,0,4,GlassDoor
22,Current employee,Non-Travel,1123,Research & Development,16,2,Medical,1,393,123848,4,Male,96,4,1,Laboratory Technician,4,Divorced,2935,7324,1,Y,Yes,13,3,2,80,2,1,2,2,1,0,0,0,Adzuna
22,Current employee,Non-Travel,1123,Research & Development,16,2,Medical,1,395,123850,4,Male,96,4,1,Laboratory Technician,4,Divorced,2935,9125,1,Y,Yes,13,3,2,80,0,1,2,2,1,0,0,0,Adzuna
22,Current employee,Non-Travel,1123,Research & Development,16,2,Medical,1,396,123851,4,Male,96,4,1,Laboratory Technician,4,Divorced,2935,10558,1,Y,Yes,13,3,2,80,0,1,2,2,1,0,0,0,Adzuna
22,Current employee,Travel_Rarely,534,Research & Development,15,3,Medical,1,1844,125299,2,Female,59,3,1,Laboratory Technician,4,Single,2871,23785,1,Y,No,15,3,3,80,0,1,5,3,0,0,0,0,Indeed
22,Current employee,Travel_Rarely,534,Research & Development,15,3,Medical,1,1846,125301,2,Female,59,3,1,Laboratory Technician,4,Single,2871,23785,1,Y,No,15,3,3,80,0,1,5,3,0,0,0,0,Indeed
22,Current employee,Travel_Rarely,534,Research & Development,15,3,Medical,1,1848,125303,4,Female,59,3,1,Laboratory Technician,4,Single,2871,9125,1,Y,No,15,3,3,80,0,1,5,3,0,0,0,0,Indeed
22,Current employee,Travel_Rarely,534,Research & Development,15,3,Medical,1,1849,125304,4,Female,59,3,1,Laboratory Technician,4,Single,2871,10558,1,Y,No,15,3,3,80,0,1,5,3,0,0,0,0,Indeed
22,Current employee,Travel_Rarely,534,Research & Development,15,3,Medical,1,1853,125308,2,Female,59,3,1,Laboratory Technician,4,Single,2871,23785,1,Y,No,15,3,3,80,0,1,5,3,0,0,0,0,Indeed
22,Current employee,Travel_Rarely,534,Research & Development,15,3,Medical,1,1855,125310,4,Female,59,3,1,Laboratory Technician,4,Single,2871,9125,1,Y,No,15,3,3,80,0,1,5,3,0,0,0,0,Indeed
22,Current employee,Travel_Rarely,534,Research & Development,15,3,Medical,1,1856,125311,4,Female,59,3,1,Laboratory Technician,4,Single,2871,10558,1,Y,No,15,3,3,80,0,1,5,3,0,0,0,0,Indeed
22,Current employee,Travel_Rarely,1136,Research & Development,5,3,Life Sciences,1,1891,125346,1,Female,42,4,4,Manager,4,Single,17328,13871,2,Y,Yes,12,3,3,80,0,23,3,3,5,3,4,4,Recruit.net
22,Current employee,Travel_Rarely,1136,Research & Development,5,3,Life Sciences,1,1892,125347,1,Female,42,4,4,Manager,4,Single,17328,13871,1,Y,Yes,12,3,3,80,0,23,3,3,5,3,4,4,Recruit.net
22,Current employee,Travel_Rarely,1136,Research & Development,5,3,Life Sciences,1,1894,125349,4,Female,42,4,4,Manager,4,Single,17328,9732,2,Y,Yes,12,3,3,80,0,23,3,3,5,3,4,4,Recruit.net
22,Current employee,Travel_Rarely,1136,Research & Development,5,3,Life Sciences,1,1895,125350,4,Female,42,4,4,Manager,4,Single,17328,10778,1,Y,Yes,12,3,3,80,0,23,3,3,5,3,4,4,Recruit.net
22,Current employee,Travel_Rarely,1136,Research & Development,5,3,Life Sciences,1,1898,125353,1,Female,42,4,4,Manager,4,Single,17328,13871,2,Y,Yes,12,3,3,80,0,23,3,3,5,3,4,4,Recruit.net
22,Current employee,Travel_Rarely,1136,Research & Development,5,3,Life Sciences,1,1899,125354,1,Female,42,4,4,Manager,4,Single,17328,13871,1,Y,Yes,12,3,3,80,0,23,3,3,5,3,4,4,Recruit.net
22,Current employee,Travel_Rarely,1136,Research & Development,5,3,Life Sciences,1,1901,125356,4,Female,42,4,4,Manager,4,Single,17328,9732,2,Y,Yes,12,3,3,80,0,23,3,3,5,3,4,4,Recruit.net
22,Current employee,Travel_Rarely,1136,Research & Development,5,3,Life Sciences,1,1902,125357,4,Female,42,4,4,Manager,4,Single,17328,10778,1,Y,Yes,12,3,3,80,0,23,3,3,5,3,4,4,Recruit.net
22,Current employee,Travel_Rarely,594,Research & Development,2,1,Technical Degree,1,2144,125599,3,Male,100,3,1,Laboratory Technician,4,Married,2523,19299,0,Y,No,14,3,3,80,1,3,2,3,2,1,2,1,Seek
22,Current employee,Travel_Rarely,594,Research & Development,2,1,Life Sciences,1,2146,125601,3,Male,100,3,1,Laboratory Technician,4,Married,2523,19299,1,Y,No,14,4,3,80,1,3,2,3,2,1,2,1,Seek
22,Current employee,Travel_Rarely,594,Research & Development,2,1,Technical Degree,1,2148,125603,4,Male,100,3,1,Laboratory Technician,4,Married,2523,9129,0,Y,No,14,3,3,80,0,3,2,3,2,1,2,1,Seek
22,Current employee,Travel_Rarely,594,Research & Development,2,1,Life Sciences,1,2149,125604,4,Male,100,3,1,Laboratory Technician,4,Married,2523,10322,1,Y,No,14,3,3,80,0,3,2,3,2,1,2,1,Seek
22,Current employee,Travel_Rarely,594,Research & Development,2,1,Technical Degree,1,2152,125607,3,Male,100,3,1,Laboratory Technician,4,Married,2523,19299,0,Y,No,14,3,3,80,1,3,2,3,2,1,2,1,Seek
22,Current employee,Travel_Rarely,594,Research & Development,2,1,Life Sciences,1,2154,125609,3,Male,100,3,1,Laboratory Technician,4,Married,2523,19299,1,Y,No,14,4,3,80,1,3,2,3,2,1,2,1,Seek
22,Current employee,Travel_Rarely,594,Research & Development,2,1,Technical Degree,1,2156,125611,4,Male,100,3,1,Laboratory Technician,4,Married,2523,9129,0,Y,No,14,3,3,80,0,3,2,3,2,1,2,1,Seek
22,Current employee,Travel_Rarely,594,Research & Development,2,1,Life Sciences,1,2157,125612,4,Male,100,3,1,Laboratory Technician,4,Married,2523,10322,1,Y,No,14,3,3,80,0,3,2,3,2,1,2,1,Seek
22,Current employee,Travel_Rarely,1256,Research & Development,19,1,Medical,1,2643,126098,3,Male,80,3,1,Research Scientist,4,Married,2323,11992,1,Y,No,24,3,1,80,2,2,6,3,2,2,2,2,Indeed
22,Current employee,Travel_Rarely,1256,Research & Development,19,1,Medical,1,2646,126101,3,Male,80,3,1,Research Scientist,4,Married,2323,11992,3,Y,No,24,3,1,80,2,2,6,3,2,2,2,2,Indeed
22,Current employee,Travel_Rarely,1256,Research & Development,19,1,Medical,1,2647,126102,4,Male,80,3,1,Research Scientist,4,Married,2323,9129,1,Y,No,24,4,1,80,0,2,6,3,2,2,2,2,Indeed
22,Current employee,Travel_Rarely,1256,Research & Development,19,1,Medical,1,2648,126103,3,Male,80,3,1,Research Scientist,4,Married,2323,11652,3,Y,No,24,4,1,80,1,2,6,3,2,2,2,2,Indeed
22,Current employee,Travel_Rarely,1256,Research & Development,19,1,Medical,1,2651,126106,3,Male,80,3,1,Research Scientist,4,Married,2323,11992,1,Y,No,24,3,1,80,2,2,6,3,2,2,2,2,Indeed
22,Current employee,Travel_Rarely,1256,Research & Development,19,1,Medical,1,2653,126108,3,Male,80,3,1,Research Scientist,4,Married,2323,11992,3,Y,No,24,3,1,80,2,2,6,3,2,2,2,2,Indeed
22,Current employee,Travel_Rarely,1256,Research & Development,19,1,Medical,1,2654,126109,4,Male,80,3,1,Research Scientist,4,Married,2323,9129,1,Y,No,24,4,1,80,0,2,6,3,2,2,2,2,Indeed
22,Current employee,Travel_Rarely,1256,Research & Development,19,1,Medical,1,2655,126110,3,Male,80,3,1,Research Scientist,4,Married,2323,11652,3,Y,No,24,4,1,80,1,2,6,3,2,2,2,2,Indeed
22,Current employee,Travel_Rarely,1136,Research & Development,5,3,Life Sciences,1,3379,126834,4,Male,60,4,1,Research Scientist,2,Divorced,2328,12392,1,Y,Yes,16,3,1,80,1,4,2,2,4,2,2,2,Company Website
22,Current employee,Travel_Rarely,1136,Research & Development,5,3,Life Sciences,1,3381,126836,4,Male,60,4,1,Research Scientist,2,Divorced,2328,12392,3,Y,Yes,16,3,1,80,1,4,2,2,4,2,2,2,Company Website
22,Current employee,Travel_Rarely,1136,Research & Development,5,3,Life Sciences,1,3383,126838,4,Male,60,4,1,Research Scientist,2,Divorced,2328,9150,1,Y,Yes,16,3,1,80,0,4,2,2,4,2,2,2,Company Website
22,Current employee,Travel_Rarely,1136,Research & Development,5,3,Life Sciences,1,3384,126839,4,Male,60,4,1,Research Scientist,2,Divorced,2328,11148,3,Y,Yes,16,3,1,80,1,4,2,2,4,2,2,2,Company Website
22,Current employee,Travel_Rarely,1136,Research & Development,5,3,Life Sciences,1,3387,126842,4,Male,60,4,1,Research Scientist,2,Divorced,2328,12392,1,Y,Yes,16,3,1,80,1,4,2,2,4,2,2,2,Company Website
22,Current employee,Travel_Rarely,1136,Research & Development,5,3,Life Sciences,1,3389,126844,4,Male,60,4,1,Research Scientist,2,Divorced,2328,12392,3,Y,Yes,16,3,1,80,1,4,2,2,4,2,2,2,Company Website
22,Current employee,Travel_Rarely,1136,Research & Development,5,3,Life Sciences,1,3391,126846,4,Male,60,4,1,Research Scientist,2,Divorced,2328,9150,1,Y,Yes,16,3,1,80,0,4,2,2,4,2,2,2,Company Website
22,Current employee,Travel_Rarely,1136,Research & Development,5,3,Life Sciences,1,3392,126847,4,Male,60,4,1,Research Scientist,2,Divorced,2328,11148,3,Y,Yes,16,3,1,80,1,4,2,2,4,2,2,2,Company Website
22,Current employee,Travel_Rarely,1230,Research & Development,1,2,Life Sciences,1,4571,128026,1,Male,49,3,4,Research Director,3,Married,17584,21016,3,Y,Yes,16,3,4,80,3,21,5,2,5,3,1,3,Referral
22,Current employee,Travel_Rarely,1230,Research & Development,1,2,Life Sciences,1,4572,128027,1,Male,49,3,4,Research Director,3,Married,17584,21016,1,Y,Yes,16,3,4,80,3,21,5,2,5,3,1,3,Referral
22,Current employee,Travel_Rarely,1230,Research & Development,1,2,Life Sciences,1,4574,128029,4,Male,49,3,4,Research Director,3,Married,17584,9752,3,Y,Yes,16,3,4,80,0,21,5,2,5,3,1,3,Referral
22,Current employee,Travel_Rarely,1230,Research & Development,1,2,Life Sciences,1,4575,128030,1,Male,49,3,4,Research Director,3,Married,17584,11133,1,Y,Yes,16,3,4,80,1,21,5,2,5,3,1,3,Referral
22,Current employee,Travel_Rarely,1230,Research & Development,1,2,Life Sciences,1,4579,128034,1,Male,49,3,4,Research Director,3,Married,17584,21016,3,Y,Yes,16,3,4,80,3,21,5,2,5,3,1,3,Referral
22,Current employee,Travel_Rarely,1230,Research & Development,1,2,Life Sciences,1,4580,128035,1,Male,49,3,4,Research Director,3,Married,17584,21016,1,Y,Yes,16,3,4,80,3,21,5,2,5,3,1,3,Referral
22,Current employee,Travel_Rarely,1230,Research & Development,1,2,Life Sciences,1,4582,128037,4,Male,49,3,4,Research Director,3,Married,17584,9752,3,Y,Yes,16,3,4,80,0,21,5,2,5,3,1,3,Referral
22,Current employee,Travel_Rarely,1230,Research & Development,1,2,Life Sciences,1,4583,128038,1,Male,49,3,4,Research Director,3,Married,17584,11133,1,Y,Yes,16,3,4,80,1,21,5,2,5,3,1,3,Referral
22,Current employee,Travel_Rarely,217,Research & Development,8,1,Life Sciences,1,5279,128734,2,Female,51,2,3,Manufacturing Director,3,Married,8943,14034,1,Y,No,24,3,1,80,1,10,2,3,10,9,8,9,Seek
22,Current employee,Travel_Rarely,217,Research & Development,8,1,Medical,1,5281,128736,2,Female,51,2,3,Manufacturing Director,3,Married,8943,14034,1,Y,No,24,3,1,80,1,10,2,3,10,9,8,9,Seek
22,Current employee,Travel_Rarely,217,Research & Development,8,1,Life Sciences,1,5282,128737,4,Female,51,2,3,Manufacturing Director,3,Married,8943,9867,1,Y,No,24,4,1,80,0,10,2,3,10,9,8,9,Seek
22,Current employee,Travel_Rarely,217,Research & Development,8,1,Medical,1,5283,128738,2,Female,51,2,3,Manufacturing Director,3,Married,8943,11133,1,Y,No,24,4,1,80,1,10,2,3,10,9,8,9,Seek
22,Current employee,Travel_Rarely,217,Research & Development,8,1,Life Sciences,1,5287,128742,2,Female,51,2,3,Manufacturing Director,3,Married,8943,14034,1,Y,No,24,3,1,80,1,10,2,3,10,9,8,9,Seek
22,Current employee,Travel_Rarely,217,Research & Development,8,1,Medical,1,5289,128744,2,Female,51,2,3,Manufacturing Director,3,Married,8943,14034,1,Y,No,24,3,1,80,1,10,2,3,10,9,8,9,Seek
22,Current employee,Travel_Rarely,217,Research & Development,8,1,Life Sciences,1,5290,128745,4,Female,51,2,3,Manufacturing Director,3,Married,8943,9867,1,Y,No,24,4,1,80,0,10,2,3,10,9,8,9,Seek
22,Current employee,Travel_Rarely,217,Research & Development,8,1,Medical,1,5291,128746,2,Female,51,2,3,Manufacturing Director,3,Married,8943,11133,1,Y,No,24,4,1,80,1,10,2,3,10,9,8,9,Seek
22,Current employee,Travel_Rarely,253,Research & Development,11,3,Medical,1,6199,129654,1,Female,43,3,1,Research Scientist,2,Married,2244,24440,1,Y,No,13,3,4,80,1,2,1,3,2,1,1,2,Recruit.net
22,Current employee,Travel_Rarely,253,Research & Development,11,3,Medical,1,6201,129656,1,Female,43,3,1,Research Scientist,2,Married,2244,24440,3,Y,No,13,3,4,80,1,2,1,3,2,1,1,2,Recruit.net
22,Current employee,Travel_Rarely,253,Research & Development,11,3,Medical,1,6203,129658,4,Female,43,3,1,Research Scientist,2,Married,2244,9150,1,Y,No,13,3,4,80,0,2,1,3,2,1,1,2,Recruit.net
22,Current employee,Travel_Rarely,253,Research & Development,11,3,Medical,1,6204,129659,1,Female,43,3,1,Research Scientist,2,Married,2244,11652,3,Y,No,13,3,4,80,1,2,1,3,2,1,1,2,Recruit.net
22,Current employee,Travel_Rarely,253,Research & Development,11,3,Medical,1,6207,129662,1,Female,43,3,1,Research Scientist,2,Married,2244,24440,1,Y,No,13,3,4,80,1,2,1,3,2,1,1,2,Recruit.net
22,Current employee,Travel_Rarely,253,Research & Development,11,3,Medical,1,6209,129664,1,Female,43,3,1,Research Scientist,2,Married,2244,24440,3,Y,No,13,3,4,80,1,2,1,3,2,1,1,2,Recruit.net
22,Current employee,Travel_Rarely,253,Research & Development,11,3,Medical,1,6211,129666,4,Female,43,3,1,Research Scientist,2,Married,2244,9150,1,Y,No,13,3,4,80,0,2,1,3,2,1,1,2,Recruit.net
22,Current employee,Travel_Rarely,253,Research & Development,11,3,Medical,1,6212,129667,1,Female,43,3,1,Research Scientist,2,Married,2244,11652,3,Y,No,13,3,4,80,1,2,1,3,2,1,1,2,Recruit.net
22,Current employee,Travel_Rarely,604,Research & Development,6,1,Medical,1,7975,131430,1,Male,69,3,1,Research Scientist,3,Married,2773,12145,0,Y,No,20,3,4,80,0,3,3,3,2,2,2,2,GlassDoor
22,Current employee,Travel_Rarely,604,Research & Development,6,1,Marketing,1,7977,131432,1,Male,69,3,1,Research Scientist,3,Married,2773,12145,3,Y,No,20,3,4,80,0,3,3,3,2,2,2,2,GlassDoor
22,Current employee,Travel_Rarely,604,Research & Development,6,1,Medical,1,7979,131434,4,Male,69,3,1,Research Scientist,3,Married,2773,9241,0,Y,No,20,4,4,80,0,3,3,3,2,2,2,2,GlassDoor
22,Current employee,Travel_Rarely,604,Research & Development,6,1,Marketing,1,7980,131435,1,Male,69,3,1,Research Scientist,3,Married,2773,11585,3,Y,No,20,4,4,80,1,3,3,3,2,2,2,2,GlassDoor
22,Current employee,Travel_Rarely,604,Research & Development,6,1,Medical,1,7983,131438,1,Male,69,3,1,Research Scientist,3,Married,2773,12145,0,Y,No,20,3,4,80,0,3,3,3,2,2,2,2,GlassDoor
22,Current employee,Travel_Rarely,604,Research & Development,6,1,Marketing,1,7985,131440,1,Male,69,3,1,Research Scientist,3,Married,2773,12145,3,Y,No,20,3,4,80,0,3,3,3,2,2,2,2,GlassDoor
22,Current employee,Travel_Rarely,604,Research & Development,6,1,Medical,1,7987,131442,4,Male,69,3,1,Research Scientist,3,Married,2773,9241,0,Y,No,20,4,4,80,0,3,3,3,2,2,2,2,GlassDoor
22,Current employee,Travel_Rarely,604,Research & Development,6,1,Marketing,1,7988,131443,1,Male,69,3,1,Research Scientist,3,Married,2773,11585,3,Y,No,20,4,4,80,1,3,3,3,2,2,2,2,GlassDoor
22,Current employee,Travel_Rarely,581,Research & Development,1,2,Life Sciences,1,9844,133299,3,Male,64,3,1,Human Resources,4,Married,3737,2243,0,Y,No,19,4,3,80,1,4,1,1,3,2,0,2,Indeed
22,Current employee,Travel_Rarely,581,Research & Development,1,2,Life Sciences,1,9845,133300,3,Male,64,3,1,Human Resources,4,Married,3737,2243,0,Y,No,19,3,3,80,1,4,1,1,3,2,0,2,Indeed
22,Current employee,Travel_Rarely,581,Research & Development,1,2,Life Sciences,1,9847,133302,4,Male,64,3,1,Human Resources,4,Married,3737,9946,0,Y,No,19,3,3,80,0,4,1,1,3,2,0,2,Indeed
22,Current employee,Travel_Rarely,581,Research & Development,1,2,Life Sciences,1,9848,133303,4,Male,64,3,1,Human Resources,4,Married,3737,10227,0,Y,No,19,3,3,80,0,4,1,1,3,2,0,2,Indeed
22,Current employee,Travel_Rarely,581,Research & Development,1,2,Life Sciences,1,9852,133307,3,Male,64,3,1,Human Resources,4,Married,3737,2243,0,Y,No,19,4,3,80,1,4,1,1,3,2,0,2,Indeed
22,Current employee,Travel_Rarely,581,Research & Development,1,2,Life Sciences,1,9853,133308,3,Male,64,3,1,Human Resources,4,Married,3737,2243,0,Y,No,19,3,3,80,1,4,1,1,3,2,0,2,Indeed
22,Current employee,Travel_Rarely,581,Research & Development,1,2,Life Sciences,1,9855,133310,4,Male,64,3,1,Human Resources,4,Married,3737,9946,0,Y,No,19,3,3,80,0,4,1,1,3,2,0,2,Indeed
22,Current employee,Travel_Rarely,581,Research & Development,1,2,Life Sciences,1,9856,133311,4,Male,64,3,1,Human Resources,4,Married,3737,10227,0,Y,No,19,3,3,80,0,4,1,1,3,2,0,2,Indeed
22,Current employee,Travel_Rarely,1230,Research & Development,1,2,Life Sciences,1,10112,133567,4,Male,33,2,2,Manufacturing Director,4,Married,4775,19146,6,Y,No,22,3,1,80,2,4,2,1,2,2,2,2,LinkedIn
22,Current employee,Travel_Rarely,1230,Research & Development,1,2,Life Sciences,1,10114,133569,4,Male,33,2,2,Manufacturing Director,4,Married,4775,19146,1,Y,No,22,4,1,80,2,4,2,1,2,2,2,2,LinkedIn
22,Current employee,Travel_Rarely,1230,Research & Development,1,2,Life Sciences,1,10116,133571,4,Male,33,2,2,Manufacturing Director,4,Married,4775,9396,6,Y,No,22,4,1,80,0,4,2,1,2,2,2,2,LinkedIn
22,Current employee,Travel_Rarely,1230,Research & Development,1,2,Life Sciences,1,10117,133572,4,Male,33,2,2,Manufacturing Director,4,Married,4775,10846,1,Y,No,22,4,1,80,0,4,2,1,2,2,2,2,LinkedIn
22,Current employee,Travel_Rarely,1230,Research & Development,1,2,Life Sciences,1,10120,133575,4,Male,33,2,2,Manufacturing Director,4,Married,4775,19146,6,Y,No,22,3,1,80,2,4,2,1,2,2,2,2,LinkedIn
22,Current employee,Travel_Rarely,1230,Research & Development,1,2,Life Sciences,1,10122,133577,4,Male,33,2,2,Manufacturing Director,4,Married,4775,19146,1,Y,No,22,4,1,80,2,4,2,1,2,2,2,2,LinkedIn
22,Current employee,Travel_Rarely,1230,Research & Development,1,2,Life Sciences,1,10124,133579,4,Male,33,2,2,Manufacturing Director,4,Married,4775,9396,6,Y,No,22,4,1,80,0,4,2,1,2,2,2,2,LinkedIn
22,Current employee,Travel_Rarely,1230,Research & Development,1,2,Life Sciences,1,10125,133580,4,Male,33,2,2,Manufacturing Director,4,Married,4775,10846,1,Y,No,22,4,1,80,0,4,2,1,2,2,2,2,LinkedIn
22,Current employee,Travel_Rarely,217,Research & Development,8,1,Life Sciences,1,11757,135212,2,Male,94,1,1,Laboratory Technician,1,Married,2451,6881,1,Y,No,15,3,1,80,1,4,3,2,4,3,1,1,Recruit.net
22,Current employee,Travel_Rarely,217,Research & Development,8,1,Medical,1,11760,135215,2,Male,94,1,1,Laboratory Technician,1,Married,2451,6881,1,Y,No,15,3,1,80,1,4,3,2,4,3,1,1,Recruit.net
22,Current employee,Travel_Rarely,217,Research & Development,8,1,Life Sciences,1,11761,135216,4,Male,94,1,1,Laboratory Technician,1,Married,2451,9518,1,Y,No,15,3,1,80,0,4,3,2,4,3,1,1,Recruit.net
22,Current employee,Travel_Rarely,217,Research & Development,8,1,Medical,1,11762,135217,4,Male,94,1,1,Laboratory Technician,1,Married,2451,10531,1,Y,No,15,3,1,80,0,4,3,2,4,3,1,1,Recruit.net
22,Current employee,Travel_Rarely,217,Research & Development,8,1,Life Sciences,1,11765,135220,2,Male,94,1,1,Laboratory Technician,1,Married,2451,6881,1,Y,No,15,3,1,80,1,4,3,2,4,3,1,1,Recruit.net
22,Current employee,Travel_Rarely,217,Research & Development,8,1,Medical,1,11768,135223,2,Male,94,1,1,Laboratory Technician,1,Married,2451,6881,1,Y,No,15,3,1,80,1,4,3,2,4,3,1,1,Recruit.net
22,Current employee,Travel_Rarely,217,Research & Development,8,1,Life Sciences,1,11769,135224,4,Male,94,1,1,Laboratory Technician,1,Married,2451,9518,1,Y,No,15,3,1,80,0,4,3,2,4,3,1,1,Recruit.net
22,Current employee,Travel_Rarely,217,Research & Development,8,1,Medical,1,11770,135225,4,Male,94,1,1,Laboratory Technician,1,Married,2451,10531,1,Y,No,15,3,1,80,0,4,3,2,4,3,1,1,Recruit.net
22,Current employee,Non-Travel,1123,Research & Development,16,2,Medical,1,12784,136239,3,Male,73,3,1,Laboratory Technician,3,Divorced,2377,19373,1,Y,No,20,4,3,80,1,1,0,2,1,1,0,0,Seek
22,Current employee,Non-Travel,1123,Research & Development,16,2,Medical,1,12785,136240,3,Male,73,3,1,Laboratory Technician,3,Divorced,2377,19373,1,Y,No,20,3,3,80,1,1,0,2,1,1,0,0,Seek
22,Current employee,Non-Travel,1123,Research & Development,16,2,Medical,1,12787,136242,4,Male,73,3,1,Laboratory Technician,3,Divorced,2377,9947,1,Y,No,20,4,3,80,0,1,0,2,1,1,0,0,Seek
22,Current employee,Non-Travel,1123,Research & Development,16,2,Medical,1,12788,136243,4,Male,73,3,1,Laboratory Technician,3,Divorced,2377,10589,1,Y,No,20,4,3,80,0,1,0,2,1,1,0,0,Seek
22,Current employee,Non-Travel,1123,Research & Development,16,2,Medical,1,12792,136247,3,Male,73,3,1,Laboratory Technician,3,Divorced,2377,19373,1,Y,No,20,4,3,80,1,1,0,2,1,1,0,0,Seek
22,Current employee,Non-Travel,1123,Research & Development,16,2,Medical,1,12793,136248,3,Male,73,3,1,Laboratory Technician,3,Divorced,2377,19373,1,Y,No,20,3,3,80,1,1,0,2,1,1,0,0,Seek
22,Current employee,Non-Travel,1123,Research & Development,16,2,Medical,1,12795,136250,4,Male,73,3,1,Laboratory Technician,3,Divorced,2377,9947,1,Y,No,20,4,3,80,0,1,0,2,1,1,0,0,Seek
22,Current employee,Non-Travel,1123,Research & Development,16,2,Medical,1,12796,136251,4,Male,73,3,1,Laboratory Technician,3,Divorced,2377,10589,1,Y,No,20,4,3,80,0,1,0,2,1,1,0,0,Seek
22,Current employee,Travel_Rarely,534,Research & Development,15,3,Medical,1,13246,136701,3,Male,74,4,1,Human Resources,3,Married,2844,6004,1,Y,No,13,3,4,80,1,7,2,4,7,6,5,0,Jora
22,Current employee,Travel_Rarely,534,Research & Development,15,3,Medical,1,13248,136703,3,Male,74,4,1,Human Resources,3,Married,2844,6004,0,Y,No,13,3,4,80,1,7,2,4,7,6,5,0,Jora
22,Current employee,Travel_Rarely,534,Research & Development,15,3,Medical,1,13249,136704,4,Male,74,4,1,Human Resources,3,Married,2844,9947,1,Y,No,13,3,4,80,0,7,2,4,7,6,5,0,Jora
22,Current employee,Travel_Rarely,534,Research & Development,15,3,Medical,1,13250,136705,4,Male,74,4,1,Human Resources,3,Married,2844,10293,0,Y,No,13,3,4,80,0,7,2,4,7,6,5,0,Jora
22,Current employee,Travel_Rarely,534,Research & Development,15,3,Medical,1,13254,136709,3,Male,74,4,1,Human Resources,3,Married,2844,6004,1,Y,No,13,3,4,80,1,7,2,4,7,6,5,0,Jora
22,Current employee,Travel_Rarely,534,Research & Development,15,3,Medical,1,13256,136711,3,Male,74,4,1,Human Resources,3,Married,2844,6004,0,Y,No,13,3,4,80,1,7,2,4,7,6,5,0,Jora
22,Current employee,Travel_Rarely,534,Research & Development,15,3,Medical,1,13257,136712,4,Male,74,4,1,Human Resources,3,Married,2844,9947,1,Y,No,13,3,4,80,0,7,2,4,7,6,5,0,Jora
22,Current employee,Travel_Rarely,534,Research & Development,15,3,Medical,1,13258,136713,4,Male,74,4,1,Human Resources,3,Married,2844,10293,0,Y,No,13,3,4,80,0,7,2,4,7,6,5,0,Jora
22,Current employee,Travel_Rarely,1256,Research & Development,19,1,Medical,1,13485,136940,3,Male,74,3,1,Laboratory Technician,2,Single,3597,6409,8,Y,No,22,3,4,80,0,6,2,3,4,3,1,2,Seek
22,Current employee,Travel_Rarely,1256,Research & Development,19,1,Medical,1,13486,136941,3,Male,74,3,1,Laboratory Technician,2,Single,3597,6409,1,Y,No,22,3,4,80,0,6,2,3,4,3,1,2,Seek
22,Current employee,Travel_Rarely,1256,Research & Development,19,1,Medical,1,13488,136943,4,Male,74,3,1,Laboratory Technician,2,Single,3597,9947,8,Y,No,22,4,4,80,0,6,2,3,4,3,1,2,Seek
22,Current employee,Travel_Rarely,1256,Research & Development,19,1,Medical,1,13489,136944,4,Male,74,3,1,Laboratory Technician,2,Single,3597,10778,1,Y,No,22,4,4,80,0,6,2,3,4,3,1,2,Seek
22,Current employee,Travel_Rarely,1256,Research & Development,19,1,Medical,1,13493,136948,3,Male,74,3,1,Laboratory Technician,2,Single,3597,6409,8,Y,No,22,3,4,80,0,6,2,3,4,3,1,2,Seek
22,Current employee,Travel_Rarely,1256,Research & Development,19,1,Medical,1,13494,136949,3,Male,74,3,1,Laboratory Technician,2,Single,3597,6409,1,Y,No,22,3,4,80,0,6,2,3,4,3,1,2,Seek
22,Current employee,Travel_Rarely,1256,Research & Development,19,1,Medical,1,13496,136951,4,Male,74,3,1,Laboratory Technician,2,Single,3597,9947,8,Y,No,22,4,4,80,0,6,2,3,4,3,1,2,Seek
22,Current employee,Travel_Rarely,1256,Research & Development,19,1,Medical,1,13497,136952,4,Male,74,3,1,Laboratory Technician,2,Single,3597,10778,1,Y,No,22,4,4,80,0,6,2,3,4,3,1,2,Seek
22,Current employee,Travel_Rarely,253,Research & Development,11,3,Medical,1,14738,138193,3,Female,78,3,2,Laboratory Technician,2,Divorced,4444,22534,4,Y,No,13,3,3,80,2,15,2,4,11,8,5,10,Adzuna
22,Current employee,Travel_Rarely,253,Research & Development,11,3,Medical,1,14739,138194,3,Female,78,3,2,Laboratory Technician,2,Divorced,4444,22534,1,Y,No,13,3,3,80,2,15,2,4,11,8,5,10,Adzuna
22,Current employee,Travel_Rarely,253,Research & Development,11,3,Medical,1,14741,138196,4,Female,78,3,2,Laboratory Technician,2,Divorced,4444,9973,4,Y,No,13,3,3,80,0,15,2,4,11,8,5,10,Adzuna
22,Current employee,Travel_Rarely,253,Research & Development,11,3,Medical,1,14742,138197,4,Female,78,3,2,Laboratory Technician,2,Divorced,4444,10558,1,Y,No,13,3,3,80,0,15,2,4,11,8,5,10,Adzuna
22,Current employee,Travel_Rarely,253,Research & Development,11,3,Medical,1,14746,138201,3,Female,78,3,2,Laboratory Technician,2,Divorced,4444,22534,4,Y,No,13,3,3,80,2,15,2,4,11,8,5,10,Adzuna
22,Current employee,Travel_Rarely,253,Research & Development,11,3,Medical,1,14747,138202,3,Female,78,3,2,Laboratory Technician,2,Divorced,4444,22534,1,Y,No,13,3,3,80,2,15,2,4,11,8,5,10,Adzuna
22,Current employee,Travel_Rarely,253,Research & Development,11,3,Medical,1,14749,138204,4,Female,78,3,2,Laboratory Technician,2,Divorced,4444,9973,4,Y,No,13,3,3,80,0,15,2,4,11,8,5,10,Adzuna
22,Current employee,Travel_Rarely,253,Research & Development,11,3,Medical,1,14750,138205,4,Female,78,3,2,Laboratory Technician,2,Divorced,4444,10558,1,Y,No,13,3,3,80,0,15,2,4,11,8,5,10,Adzuna
22,Current employee,Travel_Rarely,604,Research & Development,6,1,Medical,1,15255,138710,3,Female,79,3,1,Sales Representative,2,Single,2302,8319,1,Y,Yes,11,4,1,80,0,3,2,4,3,2,2,2,LinkedIn
22,Current employee,Travel_Rarely,604,Research & Development,6,1,Marketing,1,15257,138712,3,Female,79,3,1,Sales Representative,2,Single,2302,8319,9,Y,Yes,11,3,1,80,0,3,2,4,3,2,2,2,LinkedIn
22,Current employee,Travel_Rarely,604,Research & Development,6,1,Medical,1,15258,138713,4,Female,79,3,1,Sales Representative,2,Single,2302,9973,1,Y,Yes,11,3,1,80,0,3,2,4,3,2,2,2,LinkedIn
22,Current employee,Travel_Rarely,604,Research & Development,6,1,Marketing,1,15259,138714,3,Female,79,3,1,Laboratory Technician,2,Single,2302,11825,9,Y,Yes,11,3,1,80,1,3,2,4,3,2,2,2,LinkedIn
22,Current employee,Travel_Rarely,604,Research & Development,6,1,Medical,1,15263,138718,3,Female,79,3,1,Sales Representative,2,Single,2302,8319,1,Y,Yes,11,4,1,80,0,3,2,4,3,2,2,2,LinkedIn
22,Current employee,Travel_Rarely,604,Research & Development,6,1,Marketing,1,15265,138720,3,Female,79,3,1,Sales Representative,2,Single,2302,8319,9,Y,Yes,11,3,1,80,0,3,2,4,3,2,2,2,LinkedIn
22,Current employee,Travel_Rarely,604,Research & Development,6,1,Medical,1,15266,138721,4,Female,79,3,1,Sales Representative,2,Single,2302,9973,1,Y,Yes,11,3,1,80,0,3,2,4,3,2,2,2,LinkedIn
22,Current employee,Travel_Rarely,604,Research & Development,6,1,Marketing,1,15267,138722,3,Female,79,3,1,Laboratory Technician,2,Single,2302,11825,9,Y,Yes,11,3,1,80,1,3,2,4,3,2,2,2,LinkedIn
22,Current employee,Non-Travel,457,Research & Development,26,2,Other,1,18171,141626,2,Female,85,2,1,Research Scientist,3,Married,2814,10293,1,Y,Yes,14,3,2,80,0,4,2,2,4,2,1,3,Indeed
22,Current employee,Non-Travel,457,Research & Development,26,2,Technical Degree,1,18174,141629,2,Female,85,2,1,Research Scientist,3,Married,2814,10293,4,Y,Yes,14,3,2,80,0,4,2,2,4,2,1,3,Indeed
22,Current employee,Non-Travel,457,Research & Development,26,2,Other,1,18175,141630,4,Female,85,2,1,Research Scientist,3,Married,2814,9697,1,Y,Yes,14,3,2,80,0,4,2,2,4,2,1,3,Indeed
22,Current employee,Non-Travel,457,Research & Development,26,2,Technical Degree,1,18176,141631,2,Female,85,2,1,Research Scientist,3,Married,2814,11757,4,Y,Yes,14,3,2,80,1,4,2,2,4,2,1,3,Indeed
22,Current employee,Non-Travel,457,Research & Development,26,2,Technical Degree,1,18181,141636,2,Female,85,2,1,Research Scientist,3,Married,2814,10293,4,Y,Yes,14,3,2,80,0,4,2,2,4,2,1,3,Indeed
22,Current employee,Non-Travel,457,Research & Development,26,2,Other,1,18182,141637,4,Female,85,2,1,Research Scientist,3,Married,2814,9697,1,Y,Yes,14,3,2,80,0,4,2,2,4,2,1,3,Indeed
22,Current employee,Non-Travel,457,Research & Development,26,2,Technical Degree,1,18183,141638,2,Female,85,2,1,Research Scientist,3,Married,2814,11757,4,Y,Yes,14,3,2,80,1,4,2,2,4,2,1,3,Indeed
22,Current employee,Non-Travel,457,Research & Development,26,2,Other,1,21067,144522,4,Male,94,3,1,Laboratory Technician,4,Married,3812,7003,1,Y,No,13,3,2,80,0,11,3,4,11,8,3,10,GlassDoor
22,Current employee,Non-Travel,457,Research & Development,26,2,Technical Degree,1,21069,144524,4,Male,94,3,1,Laboratory Technician,4,Married,3812,7003,1,Y,No,13,3,2,80,0,11,3,4,11,8,3,10,GlassDoor
22,Current employee,Non-Travel,457,Research & Development,26,2,Other,1,21070,144525,4,Male,94,3,1,Laboratory Technician,4,Married,3812,10022,1,Y,No,13,3,2,80,0,11,3,4,11,8,3,10,GlassDoor
22,Current employee,Non-Travel,457,Research & Development,26,2,Technical Degree,1,21071,144526,4,Male,94,3,1,Laboratory Technician,4,Married,3812,10778,1,Y,No,13,3,2,80,0,11,3,4,11,8,3,10,GlassDoor
22,Current employee,Non-Travel,457,Research & Development,26,2,Other,1,21075,144530,4,Male,94,3,1,Laboratory Technician,4,Married,3812,7003,1,Y,No,13,3,2,80,0,11,3,4,11,8,3,10,GlassDoor
22,Current employee,Non-Travel,457,Research & Development,26,2,Technical Degree,1,21077,144532,4,Male,94,3,1,Laboratory Technician,4,Married,3812,7003,1,Y,No,13,3,2,80,0,11,3,4,11,8,3,10,GlassDoor
22,Current employee,Non-Travel,457,Research & Development,26,2,Other,1,21078,144533,4,Male,94,3,1,Laboratory Technician,4,Married,3812,10022,1,Y,No,13,3,2,80,0,11,3,4,11,8,3,10,GlassDoor
22,Current employee,Non-Travel,457,Research & Development,26,2,Technical Degree,1,21079,144534,4,Male,94,3,1,Laboratory Technician,4,Married,3812,10778,1,Y,No,13,3,2,80,0,11,3,4,11,8,3,10,GlassDoor
22,Current employee,Travel_Rarely,594,Research & Development,2,1,Technical Degree,1,21497,144952,4,Female,95,2,2,Manufacturing Director,2,Married,4788,25388,0,Y,Yes,11,4,4,80,0,4,2,3,3,2,0,2,Seek
22,Current employee,Travel_Rarely,594,Research & Development,2,1,Life Sciences,1,21498,144953,4,Female,95,2,2,Manufacturing Director,2,Married,4788,25388,1,Y,Yes,11,3,4,80,0,4,2,3,3,2,0,2,Seek
22,Current employee,Travel_Rarely,594,Research & Development,2,1,Technical Degree,1,21500,144955,4,Female,95,2,2,Manufacturing Director,2,Married,4788,10036,0,Y,Yes,11,3,4,80,0,4,2,3,3,2,0,2,Seek
22,Current employee,Travel_Rarely,594,Research & Development,2,1,Life Sciences,1,21501,144956,4,Female,95,2,2,Manufacturing Director,2,Married,4788,11092,1,Y,Yes,11,3,4,80,1,4,2,3,3,2,0,2,Seek
22,Current employee,Travel_Rarely,594,Research & Development,2,1,Technical Degree,1,21505,144960,4,Female,95,2,2,Manufacturing Director,2,Married,4788,25388,0,Y,Yes,11,4,4,80,0,4,2,3,3,2,0,2,Seek
22,Current employee,Travel_Rarely,594,Research & Development,2,1,Life Sciences,1,21506,144961,4,Female,95,2,2,Manufacturing Director,2,Married,4788,25388,1,Y,Yes,11,3,4,80,0,4,2,3,3,2,0,2,Seek
22,Current employee,Travel_Rarely,594,Research & Development,2,1,Technical Degree,1,21508,144963,4,Female,95,2,2,Manufacturing Director,2,Married,4788,10036,0,Y,Yes,11,3,4,80,0,4,2,3,3,2,0,2,Seek
22,Current employee,Travel_Rarely,594,Research & Development,2,1,Life Sciences,1,21509,144964,4,Female,95,2,2,Manufacturing Director,2,Married,4788,11092,1,Y,Yes,11,3,4,80,1,4,2,3,3,2,0,2,Seek
22,Current employee,Travel_Rarely,581,Research & Development,1,2,Life Sciences,1,22759,146214,4,Male,35,3,1,Research Scientist,3,Single,3375,17624,0,Y,No,12,3,4,80,0,4,2,4,3,2,1,2,Referral
22,Current employee,Travel_Rarely,581,Research & Development,1,2,Life Sciences,1,22761,146216,4,Male,35,3,1,Research Scientist,3,Single,3375,17624,2,Y,No,12,3,4,80,0,4,2,4,3,2,1,2,Referral
22,Current employee,Travel_Rarely,581,Research & Development,1,2,Life Sciences,1,22763,146218,4,Male,35,3,1,Research Scientist,3,Single,3375,9732,0,Y,No,12,3,4,80,0,4,2,4,3,2,1,2,Referral
22,Current employee,Travel_Rarely,581,Research & Development,1,2,Life Sciences,1,22764,146219,4,Male,35,3,1,Research Scientist,3,Single,3375,11141,2,Y,No,12,3,4,80,1,4,2,4,3,2,1,2,Referral
22,Current employee,Travel_Rarely,581,Research & Development,1,2,Life Sciences,1,22767,146222,4,Male,35,3,1,Research Scientist,3,Single,3375,17624,0,Y,No,12,3,4,80,0,4,2,4,3,2,1,2,Referral
22,Current employee,Travel_Rarely,581,Research & Development,1,2,Life Sciences,1,22769,146224,4,Male,35,3,1,Research Scientist,3,Single,3375,17624,2,Y,No,12,3,4,80,0,4,2,4,3,2,1,2,Referral
22,Current employee,Travel_Rarely,581,Research & Development,1,2,Life Sciences,1,22771,146226,4,Male,35,3,1,Research Scientist,3,Single,3375,9732,0,Y,No,12,3,4,80,0,4,2,4,3,2,1,2,Referral
22,Current employee,Travel_Rarely,581,Research & Development,1,2,Life Sciences,1,22772,146227,4,Male,35,3,1,Research Scientist,3,Single,3375,11141,2,Y,No,12,3,4,80,1,4,2,4,3,2,1,2,Referral
40,Voluntary Resignation,Non-Travel,1479,Sales,24,3,Life Sciences,1,5105,128560,2,Male,51,3,4,Manager,1,Married,17068,5355,1,Y,Yes,14,4,4,80,0,21,3,3,21,9,11,10,Recruit.net
40,Voluntary Resignation,Non-Travel,1479,Sales,24,3,Technical Degree,1,5107,128562,2,Male,51,3,4,Manager,1,Married,17068,5355,1,Y,Yes,14,3,4,80,0,21,3,3,21,9,11,10,Recruit.net
40,Voluntary Resignation,Non-Travel,1479,Sales,24,3,Life Sciences,1,5110,128565,2,Male,51,3,4,Manager,1,Married,17068,5355,1,Y,Yes,14,3,4,80,0,21,3,3,21,9,11,10,Recruit.net
40,Voluntary Resignation,Non-Travel,1479,Sales,24,3,Technical Degree,1,5111,128566,2,Male,51,3,4,Manager,1,Married,17068,5355,1,Y,Yes,14,3,4,80,0,21,3,3,21,9,11,10,Recruit.net
40,Voluntary Resignation,Non-Travel,1479,Sales,24,3,Life Sciences,1,5113,128568,2,Male,51,3,4,Manager,1,Married,17068,5355,1,Y,Yes,14,4,4,80,0,21,3,3,21,9,11,10,Recruit.net
40,Voluntary Resignation,Non-Travel,1479,Sales,24,3,Technical Degree,1,5115,128570,2,Male,51,3,4,Manager,1,Married,17068,5355,1,Y,Yes,14,3,4,80,0,21,3,3,21,9,11,10,Recruit.net
40,Voluntary Resignation,Non-Travel,1479,Sales,24,3,Life Sciences,1,5118,128573,2,Male,51,3,4,Manager,1,Married,17068,5355,1,Y,Yes,14,3,4,,0,21,3,3,21,9,11,10,Recruit.net
40,Voluntary Resignation,Non-Travel,1479,Sales,24,3,Technical Degree,1,5119,128574,2,Male,51,3,4,Manager,1,Married,17068,5355,1,Y,Yes,14,3,4,80,0,21,3,3,21,9,11,10,Recruit.net
40,Voluntary Resignation,Travel_Rarely,575,Sales,22,2,Marketing,1,5955,129410,3,Male,68,2,2,Sales Executive,3,Married,6380,6110,2,Y,Yes,12,3,1,80,2,8,6,3,6,4,1,0,Company Website
40,Voluntary Resignation,Travel_Rarely,575,Sales,22,2,Other,1,5957,129412,3,Male,68,2,2,Sales Executive,3,Married,6380,6110,7,Y,Yes,12,3,1,80,2,8,6,3,6,4,1,0,Company Website
40,Voluntary Resignation,Travel_Rarely,575,Sales,22,2,Marketing,1,5961,129416,3,Male,68,2,2,Sales Executive,3,Married,6380,6110,2,Y,Yes,12,3,1,80,2,8,6,3,6,4,1,0,Company Website
40,Voluntary Resignation,Travel_Rarely,575,Sales,22,2,Other,1,5962,129417,3,Male,68,2,2,Sales Executive,3,Married,6380,6110,7,Y,Yes,12,3,1,80,2,8,6,3,6,4,1,0,Company Website
40,Voluntary Resignation,Travel_Rarely,575,Sales,22,2,Marketing,1,5963,129418,3,Male,68,2,2,Sales Executive,3,Married,6380,6110,2,Y,Yes,12,3,1,80,2,8,6,3,6,4,1,0,Company Website
40,Voluntary Resignation,Travel_Rarely,575,Sales,22,2,Other,1,5965,129420,3,Male,68,2,2,Sales Executive,3,Married,6380,6110,7,Y,Yes,12,3,1,80,2,8,6,3,6,4,1,0,Company Website
40,Voluntary Resignation,Travel_Rarely,575,Sales,22,2,Marketing,1,5969,129424,3,Male,68,2,2,Sales Executive,3,Married,6380,6110,2,Y,Yes,12,3,1,80,2,8,6,3,6,4,1,0,Company Website
40,Voluntary Resignation,Travel_Rarely,575,Sales,22,2,Other,1,5970,129425,3,Male,68,2,2,Sales Executive,3,Married,6380,6110,7,Y,Yes,12,3,1,80,2,8,6,3,6,4,1,0,Company Website
40,Voluntary Resignation,Travel_Rarely,1329,Research & Development,7,3,Life Sciences,1,8199,131654,2,Male,59,2,1,Research Scientist,4,Single,2045,15174,0,Y,No,13,3,4,80,0,5,0,3,4,2,1,1,Seek
40,Voluntary Resignation,Travel_Rarely,1329,Research & Development,7,3,Marketing,1,8201,131656,2,Male,59,2,1,Research Scientist,4,Single,2045,15174,3,Y,No,13,3,4,80,0,5,0,3,4,2,1,1,Seek
40,Voluntary Resignation,Travel_Rarely,1329,Research & Development,7,3,Life Sciences,1,8204,131659,2,Male,59,2,1,Research Scientist,4,Single,2045,15174,0,Y,No,13,3,4,80,0,5,0,3,4,2,1,1,Seek
40,Voluntary Resignation,Travel_Rarely,1329,Research & Development,7,3,Marketing,1,8205,131660,2,Male,59,2,1,Research Scientist,4,Single,2045,15174,3,Y,No,13,3,4,80,0,5,0,3,4,2,1,1,Seek
40,Voluntary Resignation,Travel_Rarely,1329,Research & Development,7,3,Life Sciences,1,8207,131662,2,Male,59,2,1,Research Scientist,4,Single,2045,15174,0,Y,No,13,3,4,80,0,5,0,3,4,2,1,1,Seek
40,Voluntary Resignation,Travel_Rarely,1329,Research & Development,7,3,Marketing,1,8209,131664,2,Male,59,2,1,Research Scientist,4,Single,2045,15174,3,Y,No,13,3,4,80,0,5,0,3,4,2,1,1,Seek
40,Voluntary Resignation,Travel_Rarely,1329,Research & Development,7,3,Life Sciences,1,8212,131667,2,Male,59,2,1,Research Scientist,4,Single,2045,15174,0,Y,No,13,3,4,80,0,5,0,3,4,2,1,1,Seek
40,Voluntary Resignation,Travel_Rarely,1329,Research & Development,7,3,Marketing,1,8213,131668,2,Male,59,2,1,Research Scientist,4,Single,2045,15174,3,Y,No,13,3,4,80,0,5,0,3,4,2,1,1,Seek
40,Voluntary Resignation,Travel_Rarely,575,Sales,22,2,Marketing,1,10828,134283,3,Female,66,2,3,Healthcare Representative,2,Divorced,10552,9255,2,Y,Yes,13,3,4,80,1,24,3,3,6,0,0,4,Adzuna
40,Voluntary Resignation,Travel_Rarely,575,Sales,22,2,Other,1,10830,134285,3,Female,66,2,3,Healthcare Representative,2,Divorced,10552,9255,0,Y,Yes,13,3,4,80,1,24,3,3,6,0,0,4,Adzuna
40,Voluntary Resignation,Travel_Rarely,575,Sales,22,2,Marketing,1,10831,134286,3,Female,66,2,3,Healthcare Representative,2,Divorced,10552,9255,2,Y,Yes,13,3,4,80,1,24,3,3,6,0,0,4,Adzuna
40,Voluntary Resignation,Travel_Rarely,575,Sales,22,2,Other,1,10832,134287,3,Female,66,2,3,Healthcare Representative,2,Divorced,10552,9255,0,Y,Yes,13,3,4,80,1,24,3,3,6,0,0,4,Adzuna
40,Voluntary Resignation,Travel_Rarely,575,Sales,22,2,Marketing,1,10836,134291,3,Female,66,2,3,Healthcare Representative,2,Divorced,10552,9255,2,Y,Yes,13,3,4,80,1,24,3,3,6,0,0,4,Adzuna
40,Voluntary Resignation,Travel_Rarely,575,Sales,22,2,Other,1,10838,134293,3,Female,66,2,3,Healthcare Representative,2,Divorced,10552,9255,0,Y,Yes,13,3,4,80,1,24,3,3,6,0,0,4,Adzuna
40,Voluntary Resignation,Travel_Rarely,575,Sales,22,2,Marketing,1,10839,134294,3,Female,66,2,3,Healthcare Representative,2,Divorced,10552,9255,2,Y,Yes,13,3,4,80,1,24,3,3,6,0,0,4,Adzuna
40,Voluntary Resignation,Travel_Rarely,575,Sales,22,2,Other,1,10840,134295,3,Female,66,2,3,Healthcare Representative,2,Divorced,10552,9255,0,Y,Yes,13,3,4,80,1,24,3,3,6,0,0,4,Adzuna
40,Voluntary Resignation,Non-Travel,1479,Sales,24,3,Life Sciences,1,11337,134792,2,Female,100,4,4,Sales Executive,2,Single,13194,17071,4,Y,Yes,16,3,4,80,0,22,2,2,1,0,0,0,GlassDoor
40,Voluntary Resignation,Non-Travel,1479,Sales,24,3,Other,1,11340,134795,2,Female,100,4,4,Sales Executive,2,Single,13194,17071,7,Y,Yes,16,3,4,80,0,22,2,2,1,0,0,0,GlassDoor
40,Voluntary Resignation,Non-Travel,1479,Sales,24,3,Life Sciences,1,11341,134796,2,Female,100,4,4,Sales Executive,2,Single,13194,17071,4,Y,Yes,16,3,4,80,0,22,2,2,1,0,0,0,GlassDoor
40,Voluntary Resignation,Non-Travel,1479,Sales,24,3,Other,1,11342,134797,2,Female,100,4,4,Sales Executive,2,Single,13194,17071,7,Y,Yes,16,3,4,80,0,22,2,2,1,0,0,0,GlassDoor
40,Voluntary Resignation,Non-Travel,1479,Sales,24,3,Life Sciences,1,11344,134799,2,Female,100,4,4,Sales Executive,2,Single,13194,17071,4,Y,Yes,16,3,4,80,0,22,2,2,1,0,0,0,GlassDoor
40,Voluntary Resignation,Non-Travel,1479,Sales,24,3,Other,1,11347,134802,2,Female,100,4,4,Sales Executive,2,Single,13194,17071,7,Y,Yes,16,3,4,80,0,22,2,2,1,0,0,0,GlassDoor
40,Voluntary Resignation,Non-Travel,1479,Sales,24,3,Life Sciences,1,11348,134803,2,Female,100,4,4,Sales Executive,2,Single,13194,17071,4,Y,Yes,16,3,4,80,0,22,2,2,1,0,0,0,GlassDoor
40,Voluntary Resignation,Non-Travel,1479,Sales,24,3,Other,1,11349,134804,2,Female,100,4,4,Sales Executive,2,Single,13194,17071,7,Y,Yes,16,3,4,80,0,22,2,2,1,0,0,0,GlassDoor
40,Voluntary Resignation,Travel_Rarely,299,Sales,25,4,Marketing,1,11859,135314,3,Male,70,3,1,Laboratory Technician,4,Divorced,3917,9541,1,Y,No,20,3,1,80,1,3,4,2,3,2,1,2,Jora
40,Voluntary Resignation,Travel_Rarely,299,Sales,25,4,Technical Degree,1,11861,135316,3,Male,70,3,1,Laboratory Technician,4,Divorced,3917,9541,1,Y,No,20,3,1,80,1,3,4,2,3,2,1,2,Jora
40,Voluntary Resignation,Travel_Rarely,299,Sales,25,4,Marketing,1,11864,135319,3,Male,70,3,1,Laboratory Technician,4,Divorced,3917,9541,1,Y,No,20,4,1,80,1,3,4,2,3,2,1,2,Jora
40,Voluntary Resignation,Travel_Rarely,299,Sales,25,4,Technical Degree,1,11865,135320,3,Male,70,3,1,Laboratory Technician,4,Divorced,3917,9541,1,Y,No,20,4,1,80,1,3,4,2,3,2,1,2,Jora
40,Voluntary Resignation,Travel_Rarely,299,Sales,25,4,Marketing,1,11867,135322,3,Male,70,3,1,Laboratory Technician,4,Divorced,3917,9541,1,Y,No,20,3,1,80,1,3,4,2,3,2,1,2,Jora
40,Voluntary Resignation,Travel_Rarely,299,Sales,25,4,Technical Degree,1,11869,135324,3,Male,70,3,1,Laboratory Technician,4,Divorced,3917,9541,1,Y,No,20,3,1,80,1,3,4,2,3,2,1,2,Jora
40,Voluntary Resignation,Travel_Rarely,299,Sales,25,4,Marketing,1,11872,135327,3,Male,70,3,1,Laboratory Technician,4,Divorced,3917,9541,1,Y,No,20,4,1,80,1,3,4,2,3,2,1,2,Jora
40,Voluntary Resignation,Travel_Rarely,299,Sales,25,4,Technical Degree,1,11873,135328,3,Male,70,3,1,Laboratory Technician,4,Divorced,3917,9541,1,Y,No,20,4,1,80,1,3,4,2,3,2,1,2,Jora
40,Voluntary Resignation,Travel_Rarely,299,Sales,25,4,Marketing,1,15151,138606,4,Male,57,2,3,Sales Executive,2,Single,9094,17235,2,Y,Yes,12,3,3,80,0,9,2,3,5,4,1,0,Seek
40,Voluntary Resignation,Travel_Rarely,299,Sales,25,4,Technical Degree,1,15154,138609,4,Male,57,2,3,Sales Executive,2,Single,9094,17235,7,Y,Yes,12,3,3,80,0,9,2,3,5,4,1,0,Seek
40,Voluntary Resignation,Travel_Rarely,299,Sales,25,4,Marketing,1,15155,138610,4,Male,57,2,3,Sales Executive,2,Single,9094,17235,2,Y,Yes,12,3,3,80,0,9,2,3,5,4,1,0,Seek
40,Voluntary Resignation,Travel_Rarely,299,Sales,25,4,Technical Degree,1,15156,138611,4,Male,57,2,3,Sales Executive,2,Single,9094,17235,7,Y,Yes,12,3,3,80,0,9,2,3,5,4,1,0,Seek
40,Voluntary Resignation,Travel_Rarely,299,Sales,25,4,Marketing,1,15159,138614,4,Male,57,2,3,Sales Executive,2,Single,9094,17235,2,Y,Yes,12,3,3,80,0,9,2,3,5,4,1,0,Seek
40,Voluntary Resignation,Travel_Rarely,299,Sales,25,4,Technical Degree,1,15162,138617,4,Male,57,2,3,Sales Executive,2,Single,9094,17235,7,Y,Yes,12,3,3,80,0,9,2,3,5,4,1,0,Seek
40,Voluntary Resignation,Travel_Rarely,299,Sales,25,4,Marketing,1,15163,138618,4,Male,57,2,3,Sales Executive,2,Single,9094,17235,2,Y,Yes,12,3,3,80,0,9,2,3,5,4,1,0,Seek
40,Voluntary Resignation,Travel_Rarely,299,Sales,25,4,Technical Degree,1,15164,138619,4,Male,57,2,3,Sales Executive,2,Single,9094,17235,7,Y,Yes,12,3,3,80,0,9,2,3,5,4,1,0,Seek
40,Voluntary Resignation,Travel_Rarely,1329,Research & Development,7,3,Life Sciences,1,18722,142177,1,Male,73,3,1,Laboratory Technician,1,Single,2166,3339,3,Y,Yes,14,3,2,80,0,10,3,1,4,2,0,3,Seek
40,Voluntary Resignation,Travel_Rarely,1329,Research & Development,7,3,Marketing,1,18725,142180,1,Male,73,3,1,Laboratory Technician,1,Single,2166,3339,1,Y,Yes,14,3,2,80,0,10,3,1,4,2,0,3,Seek
40,Voluntary Resignation,Travel_Rarely,1329,Research & Development,7,3,Life Sciences,1,18728,142183,1,Male,73,3,1,Laboratory Technician,1,Single,2166,3339,3,Y,Yes,14,3,2,80,0,10,3,1,4,2,0,3,Seek
40,Voluntary Resignation,Travel_Rarely,1329,Research & Development,7,3,Marketing,1,18729,142184,1,Male,73,3,1,Laboratory Technician,1,Single,2166,3339,1,Y,Yes,14,3,2,80,0,10,3,1,4,2,0,3,Seek
40,Voluntary Resignation,Travel_Rarely,1329,Research & Development,7,3,Life Sciences,1,18730,142185,1,Male,73,3,1,Laboratory Technician,1,Single,2166,3339,3,Y,Yes,14,3,2,80,0,10,3,1,4,2,0,3,Seek
40,Voluntary Resignation,Travel_Rarely,1329,Research & Development,7,3,Marketing,1,18733,142188,1,Male,73,3,1,Laboratory Technician,1,Single,2166,3339,1,Y,Yes,14,3,2,80,0,10,3,1,4,2,0,3,Seek
40,Voluntary Resignation,Travel_Rarely,1329,Research & Development,7,3,Life Sciences,1,18736,142191,1,Male,73,3,1,Laboratory Technician,1,Single,2166,3339,3,Y,Yes,14,3,2,80,0,10,3,1,4,2,0,3,Seek
40,Voluntary Resignation,Travel_Rarely,1329,Research & Development,7,3,Marketing,1,18737,142192,1,Male,73,3,1,Laboratory Technician,1,Single,2166,3339,1,Y,Yes,14,3,2,80,0,10,3,1,4,2,0,3,Seek
40,Current employee,Travel_Rarely,804,Research & Development,3,3,Life Sciences,1,187,123642,1,Male,37,2,3,Manufacturing Director,3,Single,9526,8787,8,Y,No,14,3,2,80,1,5,4,3,1,0,0,0,LinkedIn
40,Current employee,Travel_Frequently,530,Research & Development,1,4,Life Sciences,1,1257,124712,1,Female,41,2,2,Sales Executive,3,Single,5473,24668,7,Y,No,11,3,4,80,0,20,2,2,4,3,1,3,Company Website
40,Current employee,Travel_Frequently,530,Research & Development,1,4,Life Sciences,1,1259,124714,1,Female,41,2,2,Sales Executive,3,Single,5473,24668,4,Y,No,11,3,4,80,0,20,2,2,4,3,1,3,Company Website
40,Current employee,Travel_Frequently,530,Research & Development,1,4,Life Sciences,1,1260,124715,1,Female,41,2,2,Sales Executive,3,Single,5473,24668,7,Y,No,11,3,4,80,0,20,2,2,4,3,1,3,Company Website
40,Current employee,Travel_Frequently,530,Research & Development,1,4,Life Sciences,1,1261,124716,1,Female,41,2,2,Sales Executive,3,Single,5473,24668,4,Y,No,11,3,4,80,0,20,2,2,4,3,1,3,Company Website
40,Current employee,Travel_Frequently,530,Research & Development,1,4,Life Sciences,1,1264,124719,1,Female,41,2,2,Sales Executive,3,Single,5473,24668,7,Y,No,11,3,4,80,0,20,2,2,4,3,1,3,Company Website
40,Current employee,Travel_Frequently,530,Research & Development,1,4,Life Sciences,1,1266,124721,1,Female,41,2,2,Sales Executive,3,Single,5473,24668,4,Y,No,11,3,4,80,0,20,2,2,4,3,1,3,Company Website
40,Current employee,Travel_Frequently,530,Research & Development,1,4,Life Sciences,1,1268,124723,1,Female,41,2,2,Sales Executive,3,Single,5473,24668,4,Y,No,11,3,4,80,0,20,2,2,4,3,1,3,Company Website
40,Current employee,Travel_Frequently,530,Research & Development,1,4,Life Sciences,1,1554,125009,3,Male,78,2,4,Healthcare Representative,2,Married,13503,14115,1,Y,No,22,4,4,80,1,22,3,2,22,3,11,11,Company Website
40,Current employee,Travel_Frequently,530,Research & Development,1,4,Human Resources,1,1556,125011,3,Male,78,2,4,Healthcare Representative,2,Married,13503,14115,1,Y,No,22,3,4,80,1,22,3,2,22,3,11,11,Company Website
40,Current employee,Travel_Frequently,530,Research & Development,1,4,Life Sciences,1,1560,125015,3,Male,78,2,4,Healthcare Representative,2,Married,13503,14115,1,Y,No,22,4,4,80,1,22,3,2,22,3,11,11,Company Website
40,Current employee,Travel_Frequently,530,Research & Development,1,4,Human Resources,1,1561,125016,3,Male,78,2,4,Healthcare Representative,2,Married,13503,14115,1,Y,No,22,4,4,80,1,22,3,2,22,3,11,11,Company Website
40,Current employee,Travel_Frequently,530,Research & Development,1,4,Human Resources,1,1563,125018,3,Male,78,2,4,Healthcare Representative,2,Married,13503,14115,1,Y,No,22,3,4,80,1,22,3,2,22,3,11,11,Company Website
40,Current employee,Travel_Frequently,530,Research & Development,1,4,Life Sciences,1,1567,125022,3,Male,78,2,4,Healthcare Representative,2,Married,13503,14115,1,Y,No,22,4,4,80,1,22,3,2,22,3,11,11,Company Website
40,Current employee,Travel_Frequently,530,Research & Development,1,4,Human Resources,1,1568,125023,3,Male,78,2,4,Healthcare Representative,2,Married,13503,14115,1,Y,No,22,4,4,80,1,22,3,2,22,3,11,11,Company Website
40,Current employee,Non-Travel,1151,Research & Development,9,5,Life Sciences,1,1905,125360,1,Male,42,3,1,Laboratory Technician,3,Married,2774,13257,0,Y,No,12,3,3,80,1,6,2,3,5,3,1,2,Adzuna
40,Current employee,Non-Travel,1151,Research & Development,9,5,Medical,1,1906,125361,1,Male,42,3,1,Laboratory Technician,3,Married,2774,13257,1,Y,No,12,4,3,80,1,6,2,3,5,3,1,2,Adzuna
40,Current employee,Non-Travel,1151,Research & Development,9,5,Life Sciences,1,1910,125365,1,Male,42,3,1,Laboratory Technician,3,Married,2774,13257,0,Y,No,12,3,3,80,1,6,2,3,5,3,1,2,Adzuna
40,Current employee,Non-Travel,1151,Research & Development,9,5,Medical,1,1911,125366,1,Male,42,3,1,Laboratory Technician,3,Married,2774,13257,1,Y,No,12,3,3,80,1,6,2,3,5,3,1,2,Adzuna
40,Current employee,Non-Travel,1151,Research & Development,9,5,Life Sciences,1,1913,125368,1,Male,42,3,1,Laboratory Technician,3,Married,2774,13257,0,Y,No,12,3,3,80,1,6,2,3,5,3,1,2,Adzuna
40,Current employee,Non-Travel,1151,Research & Development,9,5,Medical,1,1914,125369,1,Male,42,3,1,Laboratory Technician,3,Married,2774,13257,1,Y,No,12,4,3,80,1,6,2,3,5,3,1,2,Adzuna
40,Current employee,Non-Travel,1151,Research & Development,9,5,Life Sciences,1,1918,125373,1,Male,42,3,,Laboratory Technician,3,Married,2774,13257,0,Y,No,12,3,3,80,1,6,2,3,5,3,1,2,Adzuna
40,Current employee,Non-Travel,1151,Research & Development,9,5,Medical,1,1919,125374,1,Male,42,3,1,Laboratory Technician,3,Married,2774,13257,1,Y,No,12,3,3,80,1,6,2,3,5,3,1,2,Adzuna
40,Current employee,Travel_Frequently,1395,Research & Development,26,3,Medical,1,2493,125948,2,Female,54,3,2,Research Scientist,2,Divorced,5605,8504,1,Y,No,11,3,1,80,1,20,2,3,20,7,2,13,Seek
40,Current employee,Travel_Frequently,1395,Research & Development,26,3,Technical Degree,1,2496,125951,2,Female,54,3,2,Research Scientist,2,Divorced,5605,8504,4,Y,No,11,4,1,80,1,20,2,3,20,7,2,13,Seek
40,Current employee,Travel_Frequently,1395,Research & Development,26,3,Medical,1,2499,125954,2,Female,54,3,2,Research Scientist,2,Divorced,5605,8504,1,Y,No,11,3,1,80,1,20,2,3,20,7,2,13,Seek
40,Current employee,Travel_Frequently,1395,Research & Development,26,3,Technical Degree,1,2500,125955,2,Female,54,3,2,Research Scientist,2,Divorced,5605,8504,4,Y,No,11,3,1,80,1,20,2,3,20,7,2,13,Seek
40,Current employee,Travel_Frequently,1395,Research & Development,26,3,Medical,1,2501,125956,2,Female,54,3,2,Research Scientist,2,Divorced,5605,8504,1,Y,No,11,3,1,80,1,20,2,3,20,7,2,13,Seek
40,Current employee,Travel_Frequently,1395,Research & Development,26,3,Technical Degree,1,2503,125958,2,Female,54,3,2,Research Scientist,2,Divorced,5605,8504,4,Y,No,11,4,1,80,1,20,2,3,20,7,2,13,Seek
40,Current employee,Travel_Frequently,1395,Research & Development,26,3,Medical,1,2506,125961,2,Female,54,3,2,Research Scientist,2,Divorced,5605,8504,1,Y,No,11,3,1,80,1,20,2,3,20,7,2,13,Seek
40,Current employee,Travel_Frequently,1395,Research & Development,26,3,Technical Degree,1,2507,125962,2,Female,54,3,2,Research Scientist,2,Divorced,5605,8504,4,Y,No,11,3,1,80,1,20,2,3,20,7,2,13,Seek
40,Current employee,Travel_Rarely,630,Sales,4,4,Marketing,1,2613,126068,3,Male,67,2,3,Sales Executive,4,Married,10855,8552,7,Y,No,11,3,1,80,1,15,2,2,12,11,2,11,Seek
40,Current employee,Travel_Rarely,630,Sales,4,4,Life Sciences,1,2616,126071,3,Male,67,2,3,Sales Executive,4,Married,10855,8552,5,Y,No,11,3,1,80,1,15,2,2,12,11,2,11,Seek
40,Current employee,Travel_Rarely,630,Sales,4,4,Marketing,1,2619,126074,3,Male,67,2,3,Sales Executive,4,Married,10855,8552,7,Y,No,11,3,1,80,1,15,2,2,12,11,2,11,Seek
40,Current employee,Travel_Rarely,630,Sales,4,4,Life Sciences,1,2620,126075,3,Male,67,2,3,Sales Executive,4,Married,10855,8552,5,Y,No,11,3,1,80,1,15,2,2,12,11,2,11,Seek
40,Current employee,Travel_Rarely,630,Sales,4,4,Marketing,1,2621,126076,3,Male,67,2,3,Sales Executive,4,Married,10855,8552,7,Y,No,11,3,1,80,1,15,2,2,12,11,2,11,Seek
40,Current employee,Travel_Rarely,630,Sales,4,4,Life Sciences,1,2623,126078,3,Male,67,2,3,Sales Executive,4,Married,10855,8552,5,Y,No,11,3,1,80,1,15,2,2,12,11,2,11,Seek
40,Current employee,Travel_Rarely,630,Sales,4,4,Marketing,1,2626,126081,3,Male,67,2,3,Sales Executive,4,Married,10855,8552,7,Y,No,11,3,1,80,1,15,2,2,12,11,2,11,Seek
40,Current employee,Travel_Rarely,630,Sales,4,4,Life Sciences,1,2627,126082,3,Male,67,2,3,Sales Executive,4,Married,10855,8552,5,Y,No,11,3,1,80,1,15,2,2,12,11,2,11,Seek
40,Current employee,Travel_Rarely,1171,Research & Development,10,4,Life Sciences,1,2849,126304,1,Male,45,3,2,Laboratory Technician,1,Divorced,3072,11012,1,Y,No,11,3,3,80,2,12,4,3,12,9,6,10,Indeed
40,Current employee,Travel_Rarely,1171,Research & Development,10,4,Medical,1,2851,126306,1,Male,45,3,2,Laboratory Technician,1,Divorced,3072,11012,1,Y,No,11,3,3,80,2,12,4,3,12,9,6,10,Indeed
40,Current employee,Travel_Rarely,1171,Research & Development,10,4,Life Sciences,1,2854,126309,1,Male,45,3,2,Laboratory Technician,1,Divorced,3072,11012,1,Y,No,11,3,3,80,2,12,4,3,12,9,6,10,Indeed
40,Current employee,Travel_Rarely,1171,Research & Development,10,4,Medical,1,2855,126310,1,Male,45,3,2,Laboratory Technician,1,Divorced,3072,11012,1,Y,No,11,3,3,80,2,12,4,3,12,9,6,10,Indeed
40,Current employee,Travel_Rarely,1171,Research & Development,10,4,Life Sciences,1,2857,126312,1,Male,45,3,2,Laboratory Technician,1,Divorced,3072,11012,1,Y,No,11,3,3,80,2,12,4,3,12,9,6,10,Indeed
40,Current employee,Travel_Rarely,1171,Research & Development,10,4,Medical,1,2859,126314,1,Male,45,3,2,Laboratory Technician,1,Divorced,3072,11012,1,Y,No,11,3,3,80,2,12,4,3,12,9,6,10,Indeed
40,Current employee,Travel_Rarely,1171,Research & Development,,4,Life Sciences,1,2862,126317,1,Male,45,3,2,Laboratory Technician,1,Divorced,3072,11012,1,Y,No,11,3,3,80,2,12,4,3,12,9,6,,Indeed
40,Current employee,Travel_Rarely,1171,Research & Development,10,4,Medical,1,2863,126318,1,Male,45,3,2,Laboratory Technician,1,Divorced,3072,11012,1,Y,No,11,3,3,80,2,12,4,3,12,9,6,10,Indeed
40,Current employee,Travel_Rarely,989,Research & Development,4,1,Medical,1,3053,126508,4,Female,46,3,5,Manager,3,Married,19033,6499,1,Y,No,14,3,2,80,1,21,2,3,20,8,9,9,Adzuna
40,Current employee,Travel_Rarely,989,Research & Development,4,1,Life Sciences,1,3055,126510,4,Female,46,3,5,Manager,3,Married,19033,6499,1,Y,No,14,3,2,80,1,21,2,3,20,8,9,9,Adzuna
40,Current employee,Travel_Rarely,989,Research & Development,4,1,Medical,1,3059,126514,4,Female,46,3,5,Manager,3,Married,19033,6499,1,Y,No,14,3,2,80,1,21,2,3,20,8,9,9,Adzuna
40,Current employee,Travel_Rarely,989,Research & Development,4,1,Life Sciences,1,3060,126515,4,Female,46,3,5,Manager,3,Married,19033,6499,1,Y,No,14,3,2,80,1,21,2,3,20,8,9,9,Adzuna
40,Current employee,Travel_Rarely,989,Research & Development,4,1,Medical,1,3061,126516,4,Female,46,3,5,Manager,3,Married,19033,6499,1,Y,No,14,3,2,80,1,21,2,3,20,8,9,9,Adzuna
40,Current employee,Travel_Rarely,989,Research & Development,4,1,Life Sciences,1,3063,126518,4,Female,46,3,5,Manager,3,Married,19033,6499,1,Y,No,14,3,2,80,1,21,2,3,20,8,9,9,Adzuna
40,Current employee,Travel_Rarely,989,Research & Development,4,1,Medical,1,3067,126522,4,Female,46,3,5,Manager,3,Married,19033,6499,1,Y,No,14,3,2,80,1,21,2,3,20,8,9,9,Adzuna
40,Current employee,Travel_Rarely,989,Research & Development,4,1,Life Sciences,1,3068,126523,4,Female,46,3,5,Manager,3,Married,19033,6499,1,Y,No,14,3,2,80,1,21,2,3,20,8,9,9,Adzuna
40,Current employee,Travel_Rarely,555,Research & Development,1,1,Life Sciences,1,3102,126557,1,Male,45,2,2,Manufacturing Director,3,Married,9547,14074,1,Y,No,14,3,4,80,2,26,4,2,25,9,14,13,Company Website
40,Current employee,Travel_Rarely,1398,Sales,2,4,Life Sciences,1,3220,126675,1,Female,46,3,2,Laboratory Technician,2,Single,4425,15986,5,Y,No,11,4,4,80,0,10,5,3,6,2,1,2,Recruit.net
40,Current employee,Travel_Rarely,1398,Sales,2,4,Life Sciences,1,3222,126677,1,Female,46,3,2,Laboratory Technician,2,Single,4425,15986,1,Y,No,11,3,4,80,0,10,5,3,6,2,1,2,Recruit.net
40,Current employee,Travel_Rarely,1398,Sales,2,4,Life Sciences,1,3225,126680,1,Female,46,3,2,Laboratory Technician,2,Single,4425,15986,5,Y,No,11,3,4,80,0,10,5,3,6,2,1,2,Recruit.net
40,Current employee,Travel_Rarely,1398,Sales,2,4,Life Sciences,1,3226,126681,1,Female,46,3,2,Laboratory Technician,2,Single,4425,15986,1,Y,No,11,3,4,80,0,10,5,3,6,2,1,2,Recruit.net
40,Current employee,Travel_Rarely,1398,Sales,2,4,Life Sciences,1,3228,126683,1,Female,46,3,2,Laboratory Technician,2,Single,4425,15986,5,Y,No,11,4,4,80,0,10,5,3,6,2,1,2,Recruit.net
40,Current employee,Travel_Rarely,1398,Sales,2,4,Life Sciences,1,3230,126685,1,Female,46,3,2,Laboratory Technician,2,Single,4425,15986,1,Y,No,11,3,4,80,0,10,5,3,6,2,1,2,Recruit.net
40,Current employee,Travel_Rarely,1398,Sales,2,,Life Sciences,1,3233,126688,1,Female,46,3,2,Laboratory Technician,2,Single,4425,15986,5,Y,No,11,3,4,80,0,10,,3,6,2,1,2,Recruit.net
40,Current employee,Travel_Rarely,1398,Sales,2,4,Life Sciences,1,3234,126689,1,Female,46,3,2,Laboratory Technician,2,Single,4425,15986,1,Y,No,11,3,4,80,0,10,5,3,6,2,1,2,Recruit.net
40,Current employee,Travel_Rarely,905,Research & Development,19,2,Medical,1,3331,126786,3,Male,99,3,2,Laboratory Technician,4,Married,2741,16523,8,Y,Yes,15,3,3,80,1,15,2,4,7,2,3,7,Company Website
40,Current employee,Travel_Rarely,905,Research & Development,19,2,Medical,1,3334,126789,3,Male,99,3,2,Laboratory Technician,4,Married,2741,16523,1,Y,Yes,15,3,3,80,1,15,2,4,7,2,3,7,Company Website
40,Current employee,Travel_Rarely,905,Research & Development,19,2,Medical,1,3337,126792,3,Male,99,3,2,Laboratory Technician,4,Married,2741,16523,8,Y,Yes,15,3,3,80,1,15,2,4,7,2,3,7,Company Website
40,Current employee,Travel_Rarely,905,Research & Development,19,2,Medical,1,3338,126793,3,Male,99,3,2,Laboratory Technician,4,Married,2741,16523,1,Y,Yes,15,3,3,80,1,15,2,4,7,2,3,7,Company Website
40,Current employee,Travel_Rarely,905,Research & Development,19,2,Medical,1,3339,126794,3,Male,99,3,2,Laboratory Technician,4,Married,2741,16523,8,Y,Yes,15,3,3,80,1,15,2,4,7,2,3,7,Company Website
40,Current employee,Travel_Rarely,905,Research & Development,19,2,Medical,1,3342,126797,3,Male,99,3,2,Laboratory Technician,4,Married,2741,16523,1,Y,Yes,15,3,3,80,1,15,2,4,7,2,3,7,Company Website
40,Current employee,Travel_Rarely,905,Research & Development,19,2,Medical,1,3345,126800,3,Male,99,3,2,Laboratory Technician,4,Married,2741,16523,8,Y,Yes,15,3,3,80,1,15,2,4,7,2,3,7,Company Website
40,Current employee,Travel_Rarely,905,Research & Development,19,2,Medical,1,3346,126801,3,Male,99,3,2,Laboratory Technician,4,Married,2741,16523,1,Y,Yes,15,3,3,80,1,15,2,4,7,2,3,7,Company Website
40,Current employee,Non-Travel,1151,Research & Development,9,5,Life Sciences,1,3415,126870,4,Male,63,2,2,Healthcare Representative,4,Married,4876,14242,9,Y,No,14,4,4,80,1,5,5,1,3,2,0,2,Indeed
40,Current employee,Non-Travel,1151,Research & Development,9,5,Medical,1,3417,126872,4,Male,63,2,2,Healthcare Representative,4,Married,4876,14242,0,Y,No,14,3,4,80,1,5,5,1,3,2,0,2,Indeed
40,Current employee,Non-Travel,1151,Research & Development,9,5,Life Sciences,1,3419,126874,4,Male,63,2,2,Healthcare Representative,4,Married,4876,14242,9,Y,No,14,3,4,80,1,5,5,1,3,2,0,2,Indeed
40,Current employee,Non-Travel,1151,Research & Development,9,5,Medical,1,3420,126875,4,Male,63,2,2,Healthcare Representative,4,Married,4876,14242,0,Y,No,14,3,4,80,1,5,5,1,3,2,0,2,Indeed
40,Current employee,Non-Travel,1151,Research & Development,9,5,Life Sciences,1,3423,126878,4,Male,63,2,2,Healthcare Representative,4,Married,4876,14242,9,Y,No,14,4,4,80,1,5,5,1,3,2,0,2,Indeed
40,Current employee,Non-Travel,1151,Research & Development,9,5,Medical,1,3425,126880,4,Male,63,2,2,Healthcare Representative,4,Married,4876,14242,0,Y,No,14,3,4,80,1,5,5,1,3,2,0,2,Indeed
40,Current employee,Non-Travel,1151,Research & Development,9,5,Life Sciences,1,3427,126882,4,Male,63,2,2,Healthcare Representative,4,Married,4876,14242,9,Y,No,14,3,4,80,1,5,5,1,3,2,0,2,Indeed
40,Current employee,Non-Travel,1151,Research & Development,9,5,Medical,1,3428,126883,4,Male,63,2,2,Healthcare Representative,4,Married,4876,14242,0,Y,No,14,3,4,80,1,5,5,1,3,2,0,2,Indeed
40,Current employee,Travel_Rarely,302,Research & Development,6,3,Life Sciences,1,3432,126887,1,Male,46,3,3,Healthcare Representative,1,Divorced,9396,12368,7,Y,No,16,4,3,80,1,17,3,3,4,2,0,3,Adzuna
40,Current employee,Travel_Rarely,302,Research & Development,6,3,Marketing,1,3434,126889,1,Male,46,3,3,Healthcare Representative,1,Divorced,9396,12368,0,Y,No,16,3,3,80,1,17,3,3,4,2,0,3,Adzuna
40,Current employee,Travel_Rarely,302,Research & Development,6,3,Life Sciences,1,3435,126890,1,Male,46,3,3,Healthcare Representative,1,Divorced,9396,12368,7,Y,No,16,3,3,80,1,17,3,3,4,2,0,3,Adzuna
40,Current employee,Travel_Rarely,302,Research & Development,6,3,Marketing,1,3436,126891,1,Male,46,3,3,Healthcare Representative,1,Divorced,9396,12368,0,Y,No,16,3,3,80,1,17,3,3,4,2,0,3,Adzuna
40,Current employee,Travel_Rarely,302,Research & Development,6,3,Life Sciences,1,3440,126895,1,Male,46,3,3,Healthcare Representative,1,Divorced,9396,12368,7,Y,No,16,4,3,80,1,17,3,3,4,2,0,3,Adzuna
40,Current employee,Travel_Rarely,302,Research & Development,6,3,Marketing,1,3442,126897,1,Male,46,3,3,Healthcare Representative,1,Divorced,9396,12368,0,Y,No,16,3,3,80,1,17,3,3,4,2,0,3,Adzuna
40,Current employee,Travel_Rarely,302,Research & Development,6,3,Life Sciences,1,3443,126898,,Male,46,3,3,Healthcare Representative,1,Divorced,9396,12368,7,Y,No,16,3,3,80,1,17,3,3,4,2,0,3,Adzuna
40,Current employee,Travel_Rarely,302,Research & Development,6,3,Marketing,1,3444,126899,1,Male,46,3,3,Healthcare Representative,1,Divorced,9396,12368,0,Y,No,16,3,3,80,1,17,3,3,4,2,0,3,Adzuna
40,Current employee,Travel_Frequently,580,Sales,5,4,Life Sciences,1,3942,127397,1,Male,48,3,2,Sales Executive,4,Married,4465,12069,0,Y,No,18,3,1,80,0,4,2,3,3,2,2,2,GlassDoor
40,Current employee,Travel_Frequently,580,Sales,5,4,Life Sciences,1,3943,127398,1,Male,48,3,2,Sales Executive,4,Married,4465,12069,5,Y,No,18,3,1,80,0,4,2,3,3,2,2,2,GlassDoor
40,Current employee,Travel_Frequently,580,Sales,5,4,Life Sciences,1,3947,127402,1,Male,48,3,2,Sales Executive,4,Married,4465,12069,0,Y,No,18,3,1,80,0,4,2,3,3,2,2,2,GlassDoor
40,Current employee,Travel_Frequently,580,Sales,5,4,Life Sciences,1,3948,127403,1,Male,48,3,2,Sales Executive,4,Married,4465,12069,5,Y,No,18,3,1,80,0,4,2,3,3,2,2,2,GlassDoor
40,Current employee,Travel_Frequently,580,Sales,5,4,Life Sciences,1,3950,127405,1,Male,48,3,2,Sales Executive,4,Married,4465,12069,0,Y,No,18,3,1,80,0,4,2,3,3,2,2,2,GlassDoor
40,Current employee,Travel_Frequently,580,Sales,5,4,Life Sciences,1,3951,127406,1,Male,48,3,2,Sales Executive,4,Married,4465,12069,5,Y,No,18,3,1,80,0,4,2,3,3,2,2,2,GlassDoor
40,Current employee,Travel_Frequently,580,Sales,5,4,Life Sciences,1,3955,127410,1,Male,,3,2,Sales Executive,4,Married,4465,12069,0,Y,No,18,3,1,80,0,4,2,3,3,2,2,2,GlassDoor
40,Current employee,Travel_Frequently,580,Sales,5,4,Life Sciences,1,3956,127411,1,Male,48,3,2,Sales Executive,4,Married,4465,12069,5,Y,No,18,3,1,80,0,4,2,3,3,2,2,2,GlassDoor
40,Current employee,Travel_Rarely,1300,Research & Development,24,2,Technical Degree,1,3973,127428,1,Male,62,3,2,Research Scientist,4,Divorced,3319,24447,1,Y,No,17,3,1,80,2,9,3,3,9,8,4,7,Company Website
40,Current employee,Travel_Rarely,1300,Research & Development,24,2,Other,1,3976,127431,1,Male,62,3,2,Research Scientist,4,Divorced,3319,24447,4,Y,No,17,3,1,80,2,9,3,3,9,8,4,7,Company Website
40,Current employee,Travel_Rarely,1300,Research & Development,24,2,Technical Degree,1,3979,127434,1,Male,62,3,2,Research Scientist,4,Divorced,3319,24447,1,Y,No,17,3,1,80,2,9,3,3,9,8,4,7,Company Website
40,Current employee,Travel_Rarely,1300,Research & Development,24,2,Other,1,3980,127435,1,Male,62,3,2,Research Scientist,4,Divorced,3319,24447,4,Y,No,17,3,1,80,2,9,3,3,9,8,4,7,Company Website
40,Current employee,Travel_Rarely,1300,Research & Development,24,2,Technical Degree,1,3981,127436,1,Male,62,3,2,Research Scientist,4,Divorced,3319,24447,1,Y,No,17,3,1,80,2,9,3,3,9,8,4,7,Company Website
40,Current employee,Travel_Rarely,1300,Research & Development,24,2,Other,1,3984,127439,1,Male,62,3,2,Research Scientist,4,Divorced,3319,24447,4,Y,No,17,3,1,80,2,9,3,3,9,8,4,7,Company Website
40,Current employee,Travel_Rarely,1300,Research & Development,24,2,Technical Degree,1,3987,127442,1,Male,62,3,2,Research Scientist,4,Divorced,3319,24447,1,Y,No,17,3,1,80,2,9,3,3,9,8,4,7,Company Website
40,Current employee,Travel_Rarely,1300,Research & Development,24,2,Other,1,3988,127443,1,Male,62,3,2,Research Scientist,4,Divorced,3319,24447,4,Y,No,17,3,1,80,2,9,3,3,9,8,4,7,Company Website
40,Current employee,Travel_Rarely,1416,Research & Development,2,2,Medical,1,4197,127652,1,Male,49,3,5,Research Director,3,Divorced,19436,5949,0,Y,No,19,4,4,80,1,22,5,3,21,7,3,9,Company Website
40,Current employee,Travel_Rarely,1416,Research & Development,2,2,Life Sciences,1,4199,127654,1,Male,49,3,5,Research Director,3,Divorced,19436,5949,1,Y,No,19,3,4,80,1,22,5,3,21,7,3,9,Company Website
40,Current employee,Travel_Rarely,1416,Research & Development,2,2,Medical,1,4203,127658,1,Male,49,3,5,Research Director,3,Divorced,19436,5949,0,Y,No,19,3,4,80,1,22,5,3,21,7,3,9,Company Website
40,Current employee,Travel_Rarely,1416,Research & Development,2,2,Life Sciences,1,4204,127659,1,Male,49,3,5,Research Director,3,Divorced,19436,5949,1,Y,No,19,3,4,80,1,22,5,3,21,7,3,9,Company Website
40,Current employee,Travel_Rarely,1416,Research & Development,2,2,Medical,1,4205,127660,1,Male,49,3,5,Research Director,3,Divorced,19436,5949,0,Y,No,19,4,4,80,1,22,5,3,21,7,3,9,Company Website
40,Current employee,Travel_Rarely,1416,Research & Development,2,2,Life Sciences,1,4207,127662,1,Male,49,3,5,Research Director,3,Divorced,19436,5949,1,Y,No,19,3,4,80,1,22,5,3,21,7,3,9,Company Website
40,Current employee,Travel_Rarely,1416,Research & Development,2,2,Medical,1,4211,127666,1,Male,49,3,5,Research Director,3,Divorced,19436,5949,0,Y,No,19,3,4,80,1,22,5,3,21,7,3,9,Company Website
40,Current employee,Travel_Rarely,1416,Research & Development,2,2,Life Sciences,1,4212,127667,1,Male,49,3,5,Research Director,3,Divorced,19436,5949,1,Y,No,19,3,4,80,1,22,5,3,21,7,3,9,Company Website
40,Current employee,Travel_Rarely,1124,Sales,1,2,Medical,1,5434,128889,2,Male,57,1,2,Sales Executive,4,Married,7457,13273,2,Y,Yes,22,4,3,80,3,6,2,2,4,3,0,2,Seek
40,Current employee,Travel_Rarely,1124,Sales,1,2,Human Resources,1,5436,128891,2,Male,57,1,2,Sales Executive,4,Married,7457,13273,4,Y,Yes,22,4,3,80,3,6,2,2,4,3,0,2,Seek
40,Current employee,Travel_Rarely,1124,Sales,1,2,Medical,1,5440,128895,2,Male,57,1,2,Sales Executive,4,Married,7457,13273,2,Y,Yes,22,4,3,80,3,6,2,2,4,3,0,2,Seek
40,Current employee,Travel_Rarely,1124,Sales,1,2,Human Resources,1,5441,128896,2,Male,57,1,2,Sales Executive,4,Married,7457,13273,4,Y,Yes,22,4,3,80,3,6,2,2,4,3,0,2,Seek
40,Current employee,Travel_Rarely,1124,Sales,1,2,Medical,1,5442,128897,2,Male,57,1,2,Sales Executive,4,Married,7457,13273,2,Y,Yes,22,4,3,80,3,6,2,2,4,3,0,2,Seek
40,Current employee,Travel_Rarely,1124,Sales,1,2,Human Resources,1,5444,128899,2,Male,57,1,2,Sales Executive,4,Married,7457,13273,4,Y,Yes,22,4,3,80,3,6,2,2,4,3,0,2,Seek
40,Current employee,Travel_Rarely,1124,Sales,1,2,Medical,1,5448,128903,2,Male,57,1,2,Sales Executive,4,Married,7457,13273,2,Y,Yes,22,4,3,80,3,6,2,2,4,3,0,2,Seek
40,Current employee,Travel_Rarely,1124,Sales,1,2,Human Resources,1,5449,128904,2,Male,57,1,2,Sales Executive,4,Married,7457,13273,4,Y,Yes,22,4,3,80,3,6,2,2,4,3,0,2,Seek
40,Current employee,Travel_Rarely,1171,Research & Development,10,4,Life Sciences,1,5844,129299,4,Female,46,4,1,Laboratory Technician,3,Married,2213,22495,3,Y,Yes,13,3,3,80,1,10,3,3,7,7,1,7,Indeed
40,Current employee,Travel_Rarely,1171,Research & Development,10,4,Medical,1,5847,129302,4,Female,46,4,1,Laboratory Technician,3,Married,2213,22495,1,Y,Yes,13,3,3,80,1,10,3,3,7,7,1,7,Indeed
40,Current employee,Travel_Rarely,1171,Research & Development,10,4,Life Sciences,1,5850,129305,4,Female,46,4,1,Laboratory Technician,3,Married,2213,22495,3,Y,Yes,13,3,3,80,1,10,3,3,7,7,1,7,Indeed
40,Current employee,Travel_Rarely,1171,Research & Development,10,4,Medical,1,5851,129306,4,Female,46,4,1,Laboratory Technician,3,Married,2213,22495,1,Y,Yes,13,3,3,80,1,10,3,3,7,7,1,7,Indeed
40,Current employee,Travel_Rarely,1171,Research & Development,10,4,Life Sciences,1,5852,129307,4,Female,46,4,1,Laboratory Technician,3,Married,2213,22495,3,Y,Yes,13,3,3,80,1,10,3,3,7,7,1,7,Indeed
40,Current employee,Travel_Rarely,1171,Research & Development,10,4,Medical,1,5855,129310,4,Female,46,4,1,Laboratory Technician,3,Married,2213,22495,1,Y,Yes,13,3,3,80,1,10,3,3,7,7,1,7,Indeed
40,Current employee,Travel_Rarely,1171,Research & Development,10,4,Life Sciences,1,5858,129313,4,Female,46,4,1,Laboratory Technician,3,Married,2213,22495,3,Y,Yes,13,3,3,80,1,10,3,3,7,7,1,7,Indeed
40,Current employee,Travel_Rarely,1171,Research & Development,10,4,Medical,1,5859,129314,4,Female,46,4,1,Laboratory Technician,3,Married,2213,22495,1,Y,Yes,13,3,3,80,1,10,3,3,7,7,1,7,Indeed
40,Current employee,Travel_Rarely,759,Sales,2,2,Marketing,1,6263,129718,4,Female,46,3,2,Sales Executive,2,Divorced,5715,22553,7,Y,No,12,3,3,80,2,8,5,3,5,4,1,3,Recruit.net
40,Current employee,Travel_Rarely,759,Sales,2,2,Life Sciences,1,6265,129720,4,Female,46,3,2,Sales Executive,2,Divorced,5715,22553,4,Y,No,12,3,3,80,2,8,5,3,5,4,1,3,Recruit.net
40,Current employee,Travel_Rarely,759,Sales,2,2,Marketing,1,6269,129724,4,Female,46,3,2,Sales Executive,2,Divorced,5715,22553,7,Y,No,12,3,3,80,2,8,5,3,5,4,1,3,Recruit.net
40,Current employee,Travel_Rarely,759,Sales,2,2,Life Sciences,1,6270,129725,4,Female,46,3,2,Sales Executive,2,Divorced,5715,22553,4,Y,No,12,3,3,80,2,8,5,3,5,4,1,3,Recruit.net
40,Current employee,Travel_Rarely,759,Sales,2,2,Marketing,1,6271,129726,4,Female,46,3,2,Sales Executive,2,Divorced,5715,22553,7,Y,No,12,3,3,80,2,8,5,3,5,4,1,3,Recruit.net
40,Current employee,Travel_Rarely,759,Sales,2,2,Life Sciences,1,6273,129728,4,Female,46,3,2,Sales Executive,2,Divorced,5715,22553,4,Y,No,12,3,3,80,2,8,5,3,5,4,1,3,Recruit.net
40,Current employee,Travel_Rarely,759,Sales,2,2,Marketing,1,6277,129732,4,Female,46,3,2,Sales Executive,2,Divorced,5715,22553,7,Y,No,12,3,3,80,2,8,5,3,5,4,1,3,Recruit.net
40,Current employee,Travel_Rarely,759,Sales,2,2,Life Sciences,1,6278,129733,4,Female,46,3,2,Sales Executive,2,Divorced,5715,22553,4,Y,No,12,3,3,80,2,8,5,3,5,4,1,3,Recruit.net
40,Current employee,Travel_Rarely,555,Research & Development,2,3,Medical,1,6325,129780,2,Female,78,2,2,Laboratory Technician,3,Married,3448,13436,6,Y,No,22,3,2,80,1,20,3,3,1,0,0,0,Recruit.net
40,Current employee,Travel_Rarely,555,Research & Development,2,3,Life Sciences,1,6327,129782,2,Female,78,2,2,Laboratory Technician,3,Married,3448,13436,1,Y,No,22,3,2,80,1,20,3,3,1,0,0,0,Recruit.net
40,Current employee,Travel_Rarely,555,Research & Development,2,3,Medical,1,6329,129784,2,Female,78,2,2,Laboratory Technician,3,Married,3448,13436,6,Y,No,22,4,2,80,1,20,3,3,1,0,0,0,Recruit.net
40,Current employee,Travel_Rarely,555,Research & Development,2,3,Life Sciences,1,6330,129785,2,Female,78,2,2,Laboratory Technician,3,Married,3448,13436,1,Y,No,22,4,2,80,1,20,3,3,1,0,0,0,Recruit.net
40,Current employee,Travel_Rarely,555,Research & Development,2,3,Medical,1,6333,129788,2,Female,78,2,2,Laboratory Technician,3,Married,3448,13436,6,Y,No,22,3,2,80,1,20,3,3,1,0,0,0,Recruit.net
40,Current employee,Travel_Rarely,555,Research & Development,2,3,Life Sciences,1,6335,129790,2,Female,78,2,2,Laboratory Technician,3,Married,3448,13436,1,Y,No,22,3,2,80,1,20,3,3,1,0,0,0,Recruit.net
40,Current employee,Travel_Rarely,555,Research & Development,2,3,Medical,1,6337,129792,2,Female,78,2,2,Laboratory Technician,3,Married,3448,13436,6,Y,No,22,4,2,80,1,20,3,3,1,0,0,0,Recruit.net
40,Current employee,Travel_Rarely,555,Research & Development,2,3,Life Sciences,1,6338,129793,2,Female,78,2,2,Laboratory Technician,3,Married,3448,13436,1,Y,No,22,4,2,80,1,20,3,3,1,0,0,0,Recruit.net
40,Current employee,Travel_Rarely,1398,Sales,2,4,Life Sciences,1,6731,130186,3,Female,79,3,5,Manager,3,Married,18041,13022,0,Y,No,14,3,4,80,0,21,2,3,20,15,1,12,GlassDoor
40,Current employee,Travel_Rarely,1398,Sales,2,4,Life Sciences,1,6733,130188,3,Female,79,3,5,Manager,3,Married,18041,13022,1,Y,No,14,3,4,80,0,21,2,3,20,15,1,12,GlassDoor
40,Current employee,Travel_Rarely,1398,Sales,2,4,Life Sciences,1,6737,130192,3,Female,79,3,5,Manager,3,Married,18041,13022,0,Y,No,14,3,4,80,0,21,2,3,20,15,1,12,GlassDoor
40,Current employee,Travel_Rarely,1398,Sales,2,4,Life Sciences,1,6738,130193,3,Female,79,3,5,Manager,3,Married,18041,13022,1,Y,No,14,3,4,80,0,21,2,3,20,15,1,12,GlassDoor
40,Current employee,Travel_Rarely,1398,Sales,2,4,Life Sciences,1,6740,130195,3,Female,79,3,5,Manager,3,Married,18041,13022,1,Y,No,14,3,4,80,0,21,2,3,20,15,1,12,GlassDoor
40,Current employee,Travel_Rarely,1398,Sales,2,4,Life Sciences,1,6744,130199,3,Female,79,3,5,Manager,3,Married,18041,13022,0,Y,No,14,3,4,80,0,21,2,3,20,15,1,12,GlassDoor
40,Current employee,Travel_Rarely,1398,Sales,2,4,Life Sciences,1,6745,130200,3,Female,79,3,5,Manager,3,Married,18041,13022,1,Y,No,14,3,4,80,0,21,2,3,20,15,1,12,GlassDoor
40,Current employee,Non-Travel,458,Research & Development,16,2,Life Sciences,1,6822,130277,2,Female,56,3,3,Sales Executive,1,Married,8412,2890,0,Y,No,11,3,3,80,0,10,3,3,9,8,7,8,Indeed
40,Current employee,Non-Travel,458,Research & Development,16,2,Medical,1,6823,130278,2,Female,56,3,3,Sales Executive,1,Married,8412,2890,7,Y,No,11,3,3,80,0,10,3,3,9,8,7,8,Indeed
40,Current employee,Non-Travel,458,Research & Development,16,2,Life Sciences,1,6827,130282,2,Female,56,3,3,Sales Executive,1,Married,8412,2890,0,Y,No,11,3,3,80,0,10,3,3,9,8,7,8,Indeed
40,Current employee,Non-Travel,458,Research & Development,16,2,Medical,1,6828,130283,2,Female,56,3,3,Sales Executive,1,Married,8412,2890,7,Y,No,11,3,3,80,0,10,3,3,9,8,7,8,Indeed
40,Current employee,Non-Travel,458,Research & Development,16,2,Life Sciences,1,6829,130284,2,Female,56,3,3,Sales Executive,1,Married,8412,2890,0,Y,No,11,3,3,80,0,10,3,3,9,8,7,8,Indeed
40,Current employee,Non-Travel,458,Research & Development,16,2,Medical,1,6830,130285,2,Female,56,3,3,Sales Executive,1,Married,8412,2890,7,Y,No,11,3,3,80,0,10,3,3,9,8,7,8,Indeed
40,Current employee,Non-Travel,458,Research & Development,16,2,Life Sciences,1,6834,130289,2,Female,56,3,3,Sales Executive,1,Married,8412,2890,0,Y,,11,3,3,80,0,10,3,3,,8,7,8,Indeed
40,Current employee,Non-Travel,458,Research & Development,16,2,Medical,1,6835,130290,2,Female,56,3,3,Sales Executive,1,Married,8412,2890,7,Y,No,11,3,3,80,0,10,3,3,9,8,7,8,Indeed
40,Current employee,Travel_Rarely,523,Research & Development,2,3,Life Sciences,1,6852,130307,2,Male,56,2,4,Manager,3,Married,17046,9314,0,Y,No,15,3,2,80,1,28,2,3,27,10,15,7,LinkedIn
40,Current employee,Travel_Rarely,523,Research & Development,2,3,Life Sciences,1,6853,130308,2,Male,56,2,4,Manager,3,Married,17046,9314,1,Y,No,15,3,2,80,1,28,2,3,27,10,15,7,LinkedIn
40,Current employee,Travel_Rarely,523,Research & Development,2,3,Life Sciences,1,6855,130310,2,Male,56,2,4,Manager,3,Married,17046,9314,0,Y,No,15,3,2,80,1,28,2,3,27,10,15,7,LinkedIn
40,Current employee,Travel_Rarely,523,Research & Development,2,3,Life Sciences,1,6856,130311,2,Male,56,2,4,Manager,3,Married,17046,9314,1,Y,No,15,3,2,80,1,28,2,3,27,10,15,7,LinkedIn
40,Current employee,Travel_Rarely,523,Research & Development,2,3,Life Sciences,1,6859,130314,2,Male,56,2,4,Manager,3,Married,17046,9314,0,Y,No,15,3,2,80,1,28,2,3,27,10,15,7,LinkedIn
40,Current employee,Travel_Rarely,523,Research & Development,2,3,Life Sciences,1,6860,130315,2,Male,56,2,4,Manager,3,Married,17046,9314,1,Y,No,15,3,2,80,1,28,2,3,27,10,15,7,LinkedIn
40,Current employee,Travel_Rarely,523,Research & Development,2,3,Life Sciences,1,6863,130318,2,Male,56,2,4,Manager,3,Married,17046,9314,1,Y,No,15,3,2,80,1,28,2,3,27,10,15,7,LinkedIn
40,Current employee,Travel_Rarely,329,Research & Development,1,4,Life Sciences,1,6912,130367,2,Male,56,3,4,Research Director,3,Married,17861,2288,6,Y,No,13,3,3,80,0,26,2,1,3,2,0,1,Company Website
40,Current employee,Travel_Rarely,329,Research & Development,1,4,Life Sciences,1,6913,130368,2,Male,56,3,4,Research Director,3,Married,17861,2288,1,Y,No,13,3,3,80,0,26,2,1,3,2,0,1,Company Website
40,Current employee,Travel_Rarely,329,Research & Development,1,4,Life Sciences,1,6915,130370,2,Male,56,3,4,Research Director,3,Married,17861,2288,6,Y,No,13,3,3,80,0,26,2,1,3,2,0,1,Company Website
40,Current employee,Travel_Rarely,329,Research & Development,1,4,Life Sciences,1,6916,130371,2,Male,56,3,4,Research Director,3,Married,17861,2288,1,Y,No,13,3,3,80,0,26,2,1,3,2,0,1,Company Website
40,Current employee,Travel_Rarely,329,Research & Development,1,4,Life Sciences,1,6919,130374,2,Male,56,3,4,Research Director,3,Married,17861,2288,6,Y,No,13,3,3,80,0,26,2,1,3,2,0,1,Company Website
40,Current employee,Travel_Rarely,329,Research & Development,1,4,Life Sciences,1,6920,130375,2,Male,56,3,4,Research Director,3,Married,17861,2288,1,Y,No,13,3,3,80,0,26,2,1,3,2,0,1,Company Website
40,Current employee,Travel_Rarely,329,Research & Development,1,4,Life Sciences,1,6922,130377,2,Male,56,3,4,Research Director,3,Married,17861,2288,6,Y,No,13,3,3,80,0,26,2,1,3,2,0,1,Company Website
40,Current employee,Travel_Rarely,329,Research & Development,1,4,Life Sciences,1,6923,130378,2,Male,56,3,4,Research Director,3,Married,17861,2288,1,Y,No,13,3,3,80,0,26,2,1,3,2,0,1,Company Website
40,Current employee,Travel_Rarely,302,Research & Development,6,3,Life Sciences,1,7206,130661,2,Female,75,3,4,Manufacturing Director,3,Single,13237,20364,7,Y,No,15,3,3,80,0,22,3,3,20,6,5,13,Company Website
40,Current employee,Travel_Rarely,302,Research & Development,6,3,Marketing,1,7208,130663,2,Female,75,3,4,Manufacturing Director,3,Single,13237,20364,1,Y,No,15,4,3,80,0,22,3,3,20,6,5,13,Company Website
40,Current employee,Travel_Rarely,302,Research & Development,6,3,Life Sciences,1,7212,130667,2,Female,75,3,4,Manufacturing Director,3,Single,13237,20364,7,Y,No,15,3,3,80,0,22,3,3,20,6,5,13,Company Website
40,Current employee,Travel_Rarely,302,Research & Development,6,3,Marketing,1,7213,130668,2,Female,75,3,4,Manufacturing Director,3,Single,13237,20364,1,Y,No,15,3,3,80,0,22,3,3,20,6,5,13,Company Website
40,Current employee,Travel_Rarely,302,Research & Development,6,3,Life Sciences,1,7214,130669,2,Female,75,3,4,Manufacturing Director,3,Single,13237,20364,7,Y,No,15,3,3,80,0,22,3,3,20,6,5,13,Company Website
40,Current employee,Travel_Rarely,302,Research & Development,6,3,Marketing,1,7216,130671,2,Female,75,3,4,Manufacturing Director,3,Single,13237,20364,1,Y,No,15,4,3,80,0,22,3,3,20,6,5,13,Company Website
40,Current employee,Travel_Rarely,302,Research & Development,6,3,Life Sciences,1,7220,130675,2,Female,75,3,4,Manufacturing Director,3,Single,13237,20364,7,Y,No,15,3,3,80,0,22,3,3,20,6,5,13,Company Website
40,Current employee,Travel_Rarely,302,Research & Development,6,3,Marketing,1,7221,130676,2,Female,75,3,4,Manufacturing Director,3,Single,13237,20364,1,Y,No,15,3,3,80,0,22,3,3,20,6,5,13,Company Website
40,Current employee,Non-Travel,1094,Sales,28,3,Other,1,7360,130815,3,Male,58,1,3,Sales Executive,1,Divorced,10932,11373,3,Y,No,15,3,3,80,1,20,2,3,1,0,0,1,LinkedIn
40,Current employee,Non-Travel,1094,Sales,28,3,Technical Degree,1,7363,130818,3,Male,58,1,3,Sales Executive,1,Divorced,10932,11373,8,Y,No,15,3,3,80,1,20,2,3,1,0,0,1,LinkedIn
40,Current employee,Non-Travel,1094,Sales,28,3,Other,1,7364,130819,3,Male,58,1,3,Sales Executive,1,Divorced,10932,11373,3,Y,No,15,3,3,80,1,20,2,3,1,0,0,1,LinkedIn
40,Current employee,Non-Travel,1094,Sales,28,3,Technical Degree,1,7365,130820,3,Male,58,1,3,Sales Executive,1,Divorced,10932,11373,8,Y,No,15,3,3,80,1,20,2,3,1,0,0,1,LinkedIn
40,Current employee,Non-Travel,1094,Sales,28,3,Other,1,7368,130823,3,Male,58,1,3,Sales Executive,1,Divorced,10932,11373,3,Y,No,15,3,3,80,1,20,2,3,1,0,0,1,LinkedIn
40,Current employee,Non-Travel,1094,Sales,28,3,Technical Degree,1,7370,130825,3,Male,58,1,3,Sales Executive,1,Divorced,10932,11373,8,Y,No,15,3,3,80,1,20,2,3,1,0,0,1,LinkedIn
40,Current employee,Non-Travel,1094,Sales,28,3,Other,1,7371,130826,3,Male,58,1,3,Sales Executive,1,Divorced,10932,11373,3,Y,No,15,3,3,80,1,20,2,3,1,0,0,1,LinkedIn
40,Current employee,Non-Travel,1094,Sales,28,3,Technical Degree,1,7372,130827,3,Male,58,1,3,Sales Executive,1,Divorced,10932,11373,8,Y,No,15,3,3,80,1,20,2,3,1,0,0,1,LinkedIn
40,Current employee,Non-Travel,1142,Research & Development,8,2,Life Sciences,1,7745,131200,2,Male,58,2,2,Laboratory Technician,4,Single,3681,14004,4,Y,No,14,3,4,80,0,9,3,3,3,2,0,2,Jora
40,Current employee,Non-Travel,1142,Research & Development,8,2,Medical,1,7746,131201,2,Male,58,2,2,Laboratory Technician,4,Single,3681,14004,1,Y,No,14,4,4,80,0,9,3,3,3,2,0,2,Jora
40,Current employee,Non-Travel,1142,Research & Development,8,2,Life Sciences,1,7750,131205,2,Male,58,2,2,Laboratory Technician,4,Single,3681,14004,4,Y,No,14,3,4,80,0,9,3,3,3,2,0,2,Jora
40,Current employee,Non-Travel,1142,Research & Development,8,2,Medical,1,7751,131206,2,Male,58,2,2,Laboratory Technician,4,Single,3681,14004,1,Y,No,14,3,4,80,0,9,3,3,3,2,0,2,Jora
40,Current employee,Non-Travel,1142,Research & Development,8,2,Life Sciences,1,7752,131207,2,Male,58,2,2,Laboratory Technician,4,Single,3681,14004,4,Y,No,14,3,4,80,0,9,3,3,3,2,0,2,Jora
40,Current employee,Non-Travel,1142,Research & Development,8,2,Medical,1,7753,131208,2,Male,58,2,2,Laboratory Technician,4,Single,3681,14004,1,Y,No,14,4,4,80,0,9,3,3,3,2,0,2,Jora
40,Current employee,Non-Travel,1142,Research & Development,8,2,Life Sciences,1,7757,131212,2,Male,58,2,2,Laboratory Technician,4,Single,3681,14004,4,Y,No,14,3,4,80,0,9,3,3,3,2,0,2,Jora
40,Current employee,Non-Travel,1142,Research & Development,8,2,Medical,1,7758,131213,2,Male,58,2,2,Laboratory Technician,4,Single,3681,14004,1,Y,No,14,3,4,80,0,9,3,3,3,2,0,2,Jora
40,Current employee,Travel_Rarely,118,Sales,14,2,Life Sciences,1,8008,131463,2,Female,59,3,2,Research Scientist,4,Married,6322,18089,1,Y,Yes,12,3,4,80,1,6,2,2,6,4,0,5,Indeed
40,Current employee,Travel_Rarely,118,Sales,14,2,Medical,1,8010,131465,2,Female,59,3,2,Research Scientist,4,Married,6322,18089,3,Y,Yes,12,3,4,80,1,6,2,2,6,4,0,5,Indeed
40,Current employee,Travel_Rarely,118,Sales,14,2,Life Sciences,1,8013,131468,2,Female,59,3,2,Research Scientist,4,Married,6322,18089,1,Y,Yes,12,3,4,80,1,6,2,2,6,4,0,5,Indeed
40,Current employee,Travel_Rarely,118,Sales,14,2,Medical,1,8014,131469,2,Female,59,3,2,Research Scientist,4,Married,6322,18089,3,Y,Yes,12,3,4,80,1,6,2,2,6,4,0,5,Indeed
40,Current employee,Travel_Rarely,118,Sales,14,2,Life Sciences,1,8016,131471,2,Female,59,3,2,Research Scientist,4,Married,6322,18089,1,Y,Yes,12,3,4,80,1,6,2,2,6,4,0,5,Indeed
40,Current employee,Travel_Rarely,118,Sales,14,2,Medical,1,8018,131473,2,Female,59,3,2,Research Scientist,4,Married,6322,18089,3,Y,Yes,12,3,4,80,1,6,2,2,6,4,0,5,Indeed
40,Current employee,Travel_Rarely,118,Sales,14,2,Life Sciences,1,8021,131476,2,Female,59,3,2,Research Scientist,4,Married,6322,18089,1,Y,Yes,12,3,4,80,1,6,2,2,6,4,0,5,Indeed
40,Current employee,Travel_Rarely,118,Sales,14,2,Medical,1,8022,131477,2,Female,59,3,2,Research Scientist,4,Married,6322,18089,3,Y,Yes,12,3,4,80,1,6,2,2,6,4,0,5,Indeed
40,Current employee,Travel_Rarely,884,Research & Development,15,3,Life Sciences,1,8135,131590,2,Male,59,1,2,Research Scientist,4,Single,6646,19368,1,Y,No,13,3,2,80,0,17,3,3,17,11,11,8,Seek
40,Current employee,Travel_Rarely,884,Research & Development,15,3,Medical,1,8137,131592,2,Male,59,1,2,Research Scientist,4,Single,6646,19368,3,Y,No,13,3,2,80,0,17,3,3,17,11,11,8,Seek
40,Current employee,Travel_Rarely,884,Research & Development,15,3,Life Sciences,1,8140,131595,2,Male,59,1,2,Research Scientist,4,Single,6646,19368,1,Y,No,13,3,2,80,0,17,3,3,17,11,11,8,Seek
40,Current employee,Travel_Rarely,884,Research & Development,15,3,Medical,1,8141,131596,2,Male,59,1,2,Research Scientist,4,Single,6646,19368,3,Y,No,13,3,2,80,0,17,3,3,17,11,11,8,Seek
40,Current employee,Travel_Rarely,884,Research & Development,15,3,Life Sciences,1,8143,131598,2,Male,59,1,2,Research Scientist,4,Single,6646,19368,1,Y,No,13,3,2,80,0,17,3,3,17,11,11,8,Seek
40,Current employee,Travel_Rarely,884,Research & Development,15,3,Medical,1,8145,131600,2,Male,59,1,2,Research Scientist,4,Single,6646,19368,3,Y,No,13,3,2,80,0,17,3,3,17,11,11,8,Seek
40,Current employee,Travel_Rarely,884,Research & Development,15,3,Life Sciences,1,8148,131603,2,Male,59,1,2,Research Scientist,4,Single,6646,19368,1,Y,No,13,3,2,80,0,17,3,3,17,11,11,8,Seek
40,Current employee,Travel_Rarely,884,Research & Development,15,3,Medical,1,8149,131604,2,Male,59,1,2,Research Scientist,4,Single,6646,19368,3,Y,No,13,3,2,80,0,17,3,3,17,11,11,8,Seek
40,Current employee,Travel_Rarely,448,Research & Development,16,3,Life Sciences,1,8183,131638,2,Male,59,2,2,Manufacturing Director,2,Divorced,8847,13934,2,Y,Yes,11,3,3,80,1,13,2,3,3,2,0,2,Recruit.net
40,Current employee,Travel_Rarely,448,Research & Development,16,3,Medical,1,8185,131640,2,Male,59,2,2,Manufacturing Director,2,Divorced,8847,13934,1,Y,Yes,11,4,3,80,1,13,2,3,3,2,0,2,Recruit.net
40,Current employee,Travel_Rarely,448,Research & Development,16,3,Life Sciences,1,8188,131643,2,Male,59,2,2,Manufacturing Director,2,Divorced,8847,13934,2,Y,Yes,11,3,3,80,1,13,2,3,3,2,0,2,Recruit.net
40,Current employee,Travel_Rarely,448,Research & Development,16,3,Medical,1,8189,131644,2,Male,59,2,2,Manufacturing Director,2,Divorced,8847,13934,1,Y,Yes,11,3,3,80,1,13,2,3,3,2,0,2,Recruit.net
40,Current employee,Travel_Rarely,448,Research & Development,16,3,Life Sciences,1,8191,131646,2,Male,59,2,2,Manufacturing Director,2,Divorced,8847,13934,2,Y,Yes,11,3,3,80,1,13,2,3,3,2,0,2,Recruit.net
40,Current employee,Travel_Rarely,448,Research & Development,16,3,Medical,1,8193,131648,2,Male,59,2,2,Manufacturing Director,2,Divorced,8847,13934,1,Y,Yes,11,4,3,80,1,13,2,3,3,2,0,2,Recruit.net
40,Current employee,Travel_Rarely,448,Research & Development,16,3,Life Sciences,1,8196,131651,2,Male,59,2,2,Manufacturing Director,2,Divorced,8847,13934,2,Y,Yes,11,3,3,80,1,13,2,3,3,2,0,2,Recruit.net
40,Current employee,Travel_Rarely,448,Research & Development,16,3,Medical,1,8197,131652,2,Male,59,2,2,Manufacturing Director,2,Divorced,8847,13934,1,Y,Yes,11,3,3,80,1,13,2,3,3,2,0,2,Recruit.net
40,Current employee,Travel_Frequently,580,Sales,5,4,Life Sciences,1,8548,132003,4,Male,48,2,3,Sales Executive,1,Married,10475,23772,5,Y,Yes,21,3,3,80,1,20,2,3,18,13,1,12,Seek
40,Current employee,Travel_Frequently,580,Sales,5,4,Life Sciences,1,8551,132006,4,Male,48,2,3,Sales Executive,1,Married,10475,23772,5,Y,Yes,21,3,3,80,1,20,2,3,18,13,1,12,Seek
40,Current employee,Travel_Frequently,580,Sales,5,4,Life Sciences,1,8552,132007,4,Male,48,2,3,Sales Executive,1,Married,10475,23772,5,Y,Yes,21,4,3,80,1,20,2,3,18,13,1,12,Seek
40,Current employee,Travel_Frequently,580,Sales,5,4,Life Sciences,1,8553,132008,4,Male,48,2,3,Sales Executive,1,Married,10475,23772,5,Y,Yes,21,4,3,80,1,20,2,3,18,13,1,12,Seek
40,Current employee,Travel_Frequently,580,Sales,5,4,Life Sciences,1,8556,132011,4,Male,48,2,3,Sales Executive,1,Married,10475,23772,5,Y,Yes,21,3,3,80,1,20,2,3,18,13,1,12,Seek
40,Current employee,Travel_Frequently,580,Sales,5,4,Life Sciences,1,8557,132012,4,Male,48,2,3,Sales Executive,1,Married,10475,23772,6,Y,No,13,4,2,80,1,13,3,3,8,7,0,7,Indeed
40,Current employee,Travel_Frequently,580,Sales,5,4,Life Sciences,1,8558,132013,4,Male,48,2,3,Sales Executive,1,Married,10475,23772,1,Y,No,12,3,2,80,1,6,3,2,6,4,1,1,Indeed
40,Current employee,Travel_Frequently,580,Sales,5,4,Life Sciences,1,8561,132016,4,Male,48,2,3,Sales Executive,1,Married,10475,23772,5,Y,Yes,21,3,3,80,1,20,2,3,18,13,1,12,Seek
40,Current employee,Travel_Frequently,580,Sales,5,4,Life Sciences,1,8562,132017,4,Male,48,2,3,Sales Executive,1,Married,10475,23772,5,Y,Yes,21,4,3,80,1,20,2,3,18,13,1,12,Seek
40,Current employee,Travel_Frequently,580,Sales,5,4,Life Sciences,1,8563,132018,4,Male,48,2,3,Sales Executive,1,Married,10475,23772,5,Y,Yes,21,4,3,80,1,20,2,3,18,13,1,12,Seek
40,Current employee,Travel_Rarely,369,Research & Development,8,2,Life Sciences,1,8656,132111,2,Male,60,3,1,Sales Representative,2,Married,3875,9983,7,Y,No,15,3,4,80,1,4,2,3,2,2,2,2,Company Website
40,Current employee,Travel_Rarely,369,Research & Development,8,2,Medical,1,8658,132113,2,Male,60,3,1,Sales Representative,2,Married,3875,9983,9,Y,No,15,3,4,80,1,4,2,3,2,2,2,2,Company Website
40,Current employee,Travel_Rarely,369,Research & Development,8,2,Life Sciences,1,8659,132114,2,Male,60,3,1,Sales Representative,2,Married,3875,9983,7,Y,No,15,3,4,80,1,4,2,3,2,2,2,2,Company Website
40,Current employee,Travel_Rarely,369,Research & Development,8,2,Medical,1,8660,132115,2,Male,60,3,1,Sales Representative,2,Married,3875,9983,9,Y,No,15,3,4,80,1,4,2,3,2,2,2,2,Company Website
40,Current employee,Travel_Rarely,369,Research & Development,8,2,Life Sciences,1,8666,132121,2,Male,60,3,1,Sales Representative,2,Married,3875,9983,7,Y,No,15,3,4,80,1,4,2,3,2,2,2,2,Company Website
40,Current employee,Travel_Rarely,369,Research & Development,8,2,Medical,1,8668,132123,2,Male,60,3,1,Sales Representative,2,Married,3875,9983,9,Y,No,15,3,4,80,1,4,2,3,2,2,2,2,Company Website
40,Current employee,Travel_Rarely,369,Research & Development,8,2,Life Sciences,1,8669,132124,2,Male,60,3,1,Sales Representative,2,Married,3875,9983,7,Y,No,15,3,4,80,1,4,2,3,2,2,2,2,Company Website
40,Current employee,Travel_Rarely,369,Research & Development,8,2,Medical,1,8670,132125,2,Male,60,3,1,Sales Representative,2,Married,3875,9983,9,Y,No,15,3,4,80,1,4,2,3,2,2,2,2,Company Website
40,Current employee,Travel_Rarely,804,Research & Development,2,1,Medical,1,8886,132341,4,Female,86,2,1,Research Scientist,4,Single,2342,22929,0,Y,Yes,20,3,4,80,0,5,2,2,4,2,2,3,GlassDoor
40,Current employee,Travel_Rarely,804,Research & Development,2,1,Life Sciences,1,8888,132343,4,Female,86,2,1,Research Scientist,4,Single,2342,22929,2,Y,Yes,20,3,4,80,0,5,2,2,4,2,2,3,GlassDoor
40,Current employee,Travel_Rarely,804,Research & Development,2,1,Medical,1,8890,132345,4,Female,86,2,1,Research Scientist,4,Single,2342,22929,0,Y,Yes,20,4,4,80,0,5,2,2,4,2,2,3,GlassDoor
40,Current employee,Travel_Rarely,804,Research & Development,2,1,Life Sciences,1,8891,132346,4,Female,86,2,1,Research Scientist,4,Single,2342,22929,2,Y,Yes,20,4,4,80,0,5,2,2,4,2,2,3,GlassDoor
40,Current employee,Travel_Rarely,804,Research & Development,2,1,Medical,1,8894,132349,4,Female,86,2,1,Research Scientist,4,Single,2342,22929,0,Y,Yes,20,3,4,80,0,5,2,2,4,2,2,3,GlassDoor
40,Current employee,Travel_Rarely,804,Research & Development,2,1,Life Sciences,1,8896,132351,4,Female,86,2,1,Research Scientist,4,Single,2342,22929,2,Y,Yes,20,3,4,80,0,5,2,2,4,2,2,3,GlassDoor
40,Current employee,Travel_Rarely,804,Research & Development,2,1,Medical,1,8898,132353,4,Female,86,2,1,Research Scientist,4,Single,2342,22929,0,Y,Yes,20,4,4,80,0,5,2,2,4,2,2,3,GlassDoor
40,Current employee,Travel_Rarely,804,Research & Development,2,1,Life Sciences,1,8899,132354,4,Female,86,2,1,Research Scientist,4,Single,2342,22929,2,Y,Yes,20,4,4,80,0,5,2,2,4,2,2,3,GlassDoor
40,Current employee,Travel_Rarely,616,Research & Development,2,2,Life Sciences,1,8996,132451,2,Female,61,3,2,Manufacturing Director,1,Divorced,5121,4187,3,Y,No,14,3,3,80,1,7,3,3,0,0,0,0,Jora
40,Current employee,Travel_Rarely,616,Research & Development,2,2,Life Sciences,1,8997,132452,2,Female,61,3,2,Manufacturing Director,1,Divorced,5121,4187,1,Y,No,14,3,3,80,1,7,3,3,0,0,0,0,Jora
40,Current employee,Travel_Rarely,616,Research & Development,2,2,Life Sciences,1,9001,132456,2,Female,61,3,2,Manufacturing Director,1,Divorced,5121,4187,3,Y,No,14,3,3,80,1,7,3,3,0,0,0,0,Jora
40,Current employee,Travel_Rarely,616,Research & Development,2,2,Life Sciences,1,9002,132457,2,Female,61,3,2,Manufacturing Director,1,Divorced,5121,4187,1,Y,No,14,3,3,80,1,7,3,3,0,0,0,0,Jora
40,Current employee,Travel_Rarely,616,Research & Development,2,2,Life Sciences,1,9004,132459,2,Female,61,3,2,Manufacturing Director,1,Divorced,5121,4187,3,Y,No,14,3,3,80,1,7,3,3,0,0,0,0,Jora
40,Current employee,Travel_Rarely,616,Research & Development,2,2,Life Sciences,1,9005,132460,2,Female,61,3,2,Manufacturing Director,1,Divorced,5121,4187,1,Y,No,14,3,3,80,1,7,3,3,0,0,0,0,Jora
40,Current employee,Travel_Rarely,616,Research & Development,2,2,Life Sciences,1,9009,132464,2,Female,61,3,2,Manufacturing Director,1,Divorced,5121,4187,3,Y,No,14,3,3,80,1,7,3,3,0,0,0,0,Jora
40,Current employee,Travel_Rarely,616,Research & Development,2,2,Life Sciences,1,9010,132465,2,Female,61,3,2,Manufacturing Director,1,Divorced,5121,4187,1,Y,No,14,3,3,80,1,7,3,3,0,0,0,0,Jora
40,Current employee,Travel_Rarely,1194,Research & Development,1,3,Life Sciences,1,9075,132530,2,Male,62,4,1,Research Scientist,3,Single,3505,19630,1,Y,No,18,3,4,80,0,2,3,3,2,2,0,2,Company Website
