Age,Attrition,BusinessTravel,DailyRate,Department,DistanceFromHome,Education,EducationField,EmployeeCount,EmployeeNumber,Application ID,EnvironmentSatisfaction,Gender,HourlyRate,JobInvolvement,JobLevel,JobRole,JobSatisfaction,MaritalStatus,MonthlyIncome,MonthlyRate,NumCompaniesWorked,Over18,OverTime,PercentSalaryHike,PerformanceRating,RelationshipSatisfaction,StandardHours,StockOptionLevel,TotalWorkingYears,TrainingTimesLastYear,WorkLifeBalance,YearsAtCompany,YearsInCurrentRole,YearsSinceLastPromotion,YearsWithCurrManager,Employee Source
31,Voluntary Resignation,Travel_Frequently,1060,Sales,1,3,Life Sciences,,15254,138709,4,Female,54,3,1,Sales Representative,,Single,2302,8319,1,Y,Yes,11,3,1,80,0,3,2,4,3,2,2,2,LinkedIn
31,Voluntary Resignation,Travel_Frequently,1060,Sales,1,3,Life Sciences,1,15256,138711,4,Female,54,3,1,Sales Representative,2,Single,2302,8319,8,Y,Yes,11,3,1,80,0,3,2,4,3,2,2,2,LinkedIn
31,Voluntary Resignation,Travel_Frequently,1060,Sales,1,3,Life Sciences,1,15260,138715,4,Female,54,3,1,Sales Representative,2,Single,2302,8319,1,Y,Yes,11,3,1,80,0,3,2,4,3,2,2,2,LinkedIn
31,Voluntary Resignation,Travel_Frequently,1060,Sales,1,3,Life Sciences,1,15261,138716,4,Female,54,3,1,Sales Representative,2,Single,2302,8319,8,Y,Yes,11,3,1,80,0,3,2,4,3,2,2,2,LinkedIn
31,Voluntary Resignation,Travel_Frequently,1060,Sales,1,3,Life Sciences,1,15262,138717,4,Female,54,3,1,Sales Representative,2,Single,2302,8319,1,Y,Yes,11,3,1,80,0,3,2,4,3,2,2,2,LinkedIn
31,Voluntary Resignation,Travel_Frequently,1060,Sales,1,3,Life Sciences,1,15264,138719,4,Female,54,3,1,Sales Representative,2,Single,2302,8319,8,Y,Yes,11,3,1,80,0,3,2,4,3,2,2,2,LinkedIn
31,Voluntary Resignation,Travel_Frequently,1060,Sales,1,3,Life Sciences,1,15268,138723,4,Female,54,3,1,Sales Representative,2,Single,2302,8319,1,Y,Yes,11,3,1,80,0,3,2,4,3,2,2,2,LinkedIn
31,Voluntary Resignation,Travel_Frequently,1060,Sales,1,3,Life Sciences,1,15269,138724,4,Female,54,3,1,Sales Representative,2,Single,2302,8319,8,Y,Yes,11,3,1,80,0,3,2,4,3,2,2,2,LinkedIn
31,Voluntary Resignation,Travel_Frequently,703,Sales,2,3,Life Sciences,1,15697,139152,3,Female,90,2,1,Sales Representative,4,Single,2785,11882,7,Y,No,14,4,3,80,0,3,3,4,1,0,0,0,GlassDoor
31,Voluntary Resignation,Travel_Frequently,703,Sales,2,3,Life Sciences,1,15699,139154,3,Female,90,2,1,Sales Representative,4,Single,2785,11882,8,Y,No,14,3,3,80,0,3,3,4,1,0,0,0,GlassDoor
31,Voluntary Resignation,Travel_Frequently,703,Sales,2,3,Life Sciences,1,15701,139156,3,Female,90,2,1,Sales Representative,4,Single,2785,11882,7,Y,No,14,3,3,80,0,3,3,4,1,0,0,0,GlassDoor
31,Voluntary Resignation,Travel_Frequently,703,Sales,2,3,Life Sciences,1,15702,139157,3,Female,90,2,1,Sales Representative,4,Single,2785,11882,8,Y,No,14,3,3,80,0,3,3,4,1,0,0,0,GlassDoor
31,Voluntary Resignation,Travel_Frequently,703,Sales,2,3,Life Sciences,1,15705,139160,3,Female,90,2,1,Sales Representative,4,Single,2785,11882,7,Y,No,14,4,3,80,0,3,3,4,1,0,0,0,GlassDoor
31,Voluntary Resignation,Travel_Frequently,703,Sales,2,3,Life Sciences,1,15707,139162,3,Female,90,2,1,Sales Representative,4,Single,2785,11882,8,Y,No,14,3,3,80,0,3,3,4,1,0,0,0,GlassDoor
31,Voluntary Resignation,Travel_Frequently,703,Sales,2,3,Life Sciences,1,15709,139164,3,Female,90,2,1,Sales Representative,4,Single,2785,11882,7,Y,No,14,3,3,80,0,3,3,4,1,0,0,0,GlassDoor
31,Voluntary Resignation,Travel_Frequently,703,Sales,2,3,Life Sciences,1,15710,139165,3,Female,90,2,1,Sales Representative,4,Single,2785,11882,8,Y,No,14,3,3,80,0,3,3,4,1,0,0,0,GlassDoor
31,Voluntary Resignation,Travel_Rarely,330,Research & Development,22,4,Medical,1,15774,139229,4,Male,98,3,2,Manufacturing Director,3,Married,6179,21057,1,Y,Yes,15,3,4,80,2,10,3,2,10,2,6,7,Seek
31,Voluntary Resignation,Travel_Rarely,330,Research & Development,22,4,Other,1,15777,139232,4,Male,98,3,2,Manufacturing Director,3,Married,6179,21057,1,Y,Yes,15,4,4,80,2,10,3,2,10,2,6,7,Seek
31,Voluntary Resignation,Travel_Rarely,330,Research & Development,22,4,Medical,1,15780,139235,4,Male,98,3,2,Manufacturing Director,3,Married,6179,21057,1,Y,Yes,15,3,4,80,2,10,3,2,10,2,6,7,Seek
31,Voluntary Resignation,Travel_Rarely,330,Research & Development,22,4,Other,1,15781,139236,4,Male,98,3,2,Manufacturing Director,3,Married,6179,21057,1,Y,Yes,15,3,4,80,2,10,3,2,10,2,6,7,Seek
31,Voluntary Resignation,Travel_Rarely,330,Research & Development,22,4,Medical,1,15782,139237,4,Male,98,3,2,Manufacturing Director,3,Married,6179,21057,1,Y,Yes,15,3,4,80,2,10,3,2,10,2,6,7,Seek
31,Voluntary Resignation,Travel_Rarely,330,Research & Development,22,4,Other,1,15785,139240,4,Male,98,3,2,Manufacturing Director,3,Married,6179,21057,1,Y,Yes,15,4,4,80,2,10,3,2,10,2,6,7,Seek
31,Voluntary Resignation,Travel_Rarely,330,Research & Development,22,4,Medical,1,15788,139243,4,Male,98,3,2,Manufacturing Director,3,Married,6179,21057,1,Y,Yes,15,3,4,80,2,10,3,2,10,2,6,7,Seek
31,Voluntary Resignation,Travel_Rarely,330,Research & Development,22,4,Other,1,15789,139244,4,Male,98,3,2,Manufacturing Director,3,Married,6179,21057,1,Y,Yes,15,3,4,80,2,10,3,2,10,2,6,7,Seek
31,Voluntary Resignation,Travel_Frequently,667,Sales,1,4,Life Sciences,1,16200,139655,2,Female,50,1,1,Sales Representative,3,Single,1359,16154,1,Y,No,12,3,2,80,0,1,3,3,1,0,0,0,Seek
31,Voluntary Resignation,Travel_Frequently,667,Sales,1,4,Life Sciences,1,16202,139657,2,Female,50,1,1,Sales Representative,3,Single,1359,16154,8,Y,No,12,3,2,80,0,1,3,3,1,0,0,0,Seek
31,Voluntary Resignation,Travel_Frequently,667,Sales,1,4,Life Sciences,1,16204,139659,2,Female,50,1,1,Sales Representative,3,Single,1359,16154,1,Y,No,12,3,2,80,0,1,3,3,1,0,0,0,Seek
31,Voluntary Resignation,Travel_Frequently,667,Sales,1,4,Life Sciences,1,16205,139660,2,Female,50,1,1,Sales Representative,3,Single,1359,16154,8,Y,No,12,3,2,80,0,1,3,3,1,0,0,0,Seek
31,Voluntary Resignation,Travel_Frequently,667,Sales,1,4,Life Sciences,1,16208,139663,2,Female,50,1,1,Sales Representative,3,Single,1359,16154,1,Y,No,12,3,2,80,0,1,3,3,1,0,0,0,Seek
31,Voluntary Resignation,Travel_Frequently,667,Sales,1,4,Life Sciences,1,16210,139665,2,Female,50,1,1,Sales Representative,3,Single,1359,16154,8,Y,No,12,3,2,80,0,1,3,3,1,0,0,0,Seek
31,Voluntary Resignation,Travel_Frequently,667,Sales,1,4,Life Sciences,1,16212,139667,2,Female,50,1,1,Sales Representative,3,Single,1359,16154,1,Y,No,12,3,2,80,0,1,3,3,1,0,0,0,Seek
31,Voluntary Resignation,Travel_Frequently,667,Sales,1,4,Life Sciences,1,16213,139668,2,Female,50,1,1,Sales Representative,3,Single,1359,16154,8,Y,No,12,3,2,80,0,1,3,3,1,0,0,0,Seek
31,Voluntary Resignation,Travel_Rarely,202,Research & Development,8,3,Life Sciences,1,16262,139717,1,Female,34,2,1,Research Scientist,2,Single,1261,22262,1,Y,No,12,3,3,80,0,1,3,4,1,0,0,0,Seek
31,Voluntary Resignation,Non-Travel,335,Research & Development,9,2,Medical,1,16263,139718,3,Female,82,2,1,Research Scientist,2,Single,1261,22262,1,Y,No,12,4,3,80,0,1,3,4,1,0,0,0,Seek
31,Voluntary Resignation,Travel_Rarely,202,Research & Development,8,3,Medical,1,16264,139719,1,Female,34,2,1,Research Scientist,2,Single,1261,22262,3,Y,No,12,3,3,80,0,1,3,4,1,0,0,0,Seek
31,Voluntary Resignation,Non-Travel,335,Research & Development,9,2,Medical,1,16265,139720,3,Female,82,2,1,Research Scientist,2,Single,1261,22262,3,Y,No,12,3,3,80,0,1,3,4,1,0,0,0,Seek
31,Voluntary Resignation,Travel_Rarely,202,Research & Development,8,3,Life Sciences,1,16266,139721,1,Female,34,2,1,Research Scientist,2,Single,1261,22262,1,Y,No,12,3,3,80,0,1,3,4,1,0,0,0,Seek
31,Voluntary Resignation,Non-Travel,335,Research & Development,9,2,Medical,1,16267,139722,3,Female,82,2,1,Research Scientist,2,Single,1261,22262,1,Y,No,12,3,3,80,0,1,3,4,1,0,0,0,Seek
31,Voluntary Resignation,Travel_Rarely,202,Research & Development,8,3,Medical,1,16268,139723,1,Female,34,2,1,Research Scientist,2,Single,1261,22262,3,Y,No,12,3,3,80,0,1,3,4,1,0,0,0,Seek
31,Voluntary Resignation,Non-Travel,335,Research & Development,9,2,Medical,1,16269,139724,3,Female,82,2,1,Research Scientist,2,Single,1261,22262,3,Y,No,12,3,3,80,0,1,3,4,1,0,0,0,Seek
31,Voluntary Resignation,Travel_Rarely,202,Research & Development,8,3,Life Sciences,1,16270,139725,1,Female,34,2,1,Research Scientist,2,Single,1261,22262,1,Y,No,12,3,3,80,0,1,3,4,1,0,0,0,Seek
31,Voluntary Resignation,Non-Travel,335,Research & Development,9,2,Medical,1,16271,139726,3,Female,82,2,1,Research Scientist,2,Single,1261,22262,1,Y,No,12,4,3,80,0,1,3,4,1,0,0,0,Seek
31,Voluntary Resignation,Travel_Rarely,202,Research & Development,8,3,Medical,1,16272,139727,1,Female,34,2,1,Research Scientist,2,Single,1261,22262,3,Y,No,12,3,3,80,0,1,3,4,1,0,0,0,Seek
31,Voluntary Resignation,Non-Travel,335,Research & Development,9,2,Medical,1,16273,139728,3,Female,82,2,1,Research Scientist,2,Single,1261,22262,3,Y,No,12,3,3,80,0,1,3,4,1,0,0,0,Seek
31,Voluntary Resignation,Travel_Rarely,202,Research & Development,8,3,Life Sciences,1,16274,139729,1,Female,34,2,1,Research Scientist,2,Single,1261,22262,1,Y,No,12,3,3,80,0,1,3,4,1,0,0,0,Seek
31,Voluntary Resignation,Non-Travel,335,Research & Development,9,2,Medical,1,16275,139730,3,Female,82,2,1,Research Scientist,2,Single,1261,22262,1,Y,No,12,3,3,80,0,1,3,4,1,0,0,0,Seek
31,Voluntary Resignation,Travel_Rarely,202,Research & Development,8,3,Medical,1,16276,139731,1,Female,34,2,1,Research Scientist,2,Single,1261,22262,3,Y,No,12,3,3,80,0,1,3,4,1,0,0,0,Seek
31,Voluntary Resignation,Non-Travel,335,Research & Development,9,2,Medical,1,16277,139732,3,Female,82,2,1,Research Scientist,2,Single,1261,22262,3,Y,No,12,3,3,80,0,1,3,4,1,0,0,0,Seek
31,Voluntary Resignation,Travel_Frequently,1445,Research & Development,1,5,Life Sciences,1,16538,139993,3,Female,100,4,3,Manufacturing Director,2,Single,7446,8931,1,Y,No,11,3,1,80,0,10,2,3,10,8,4,7,GlassDoor
31,Voluntary Resignation,Travel_Frequently,1445,Research & Development,1,5,Life Sciences,1,16540,139995,3,Female,100,4,3,Manufacturing Director,2,Single,7446,8931,1,Y,No,11,3,1,80,0,10,2,3,10,8,4,7,GlassDoor
31,Voluntary Resignation,Travel_Frequently,1445,Research & Development,1,5,Life Sciences,1,16542,139997,3,Female,100,4,3,Manufacturing Director,2,Single,7446,8931,1,Y,No,11,3,1,80,0,10,2,3,10,8,4,7,GlassDoor
31,Voluntary Resignation,Travel_Frequently,1445,Research & Development,1,5,Life Sciences,1,16543,139998,3,Female,100,4,3,Manufacturing Director,2,Single,7446,8931,1,Y,No,11,3,1,80,0,10,2,3,10,8,4,7,GlassDoor
31,Voluntary Resignation,Travel_Frequently,1445,Research & Development,1,5,Life Sciences,1,16546,140001,3,Female,100,4,3,Manufacturing Director,2,Single,7446,8931,1,Y,No,11,3,1,80,0,10,2,3,10,8,4,7,GlassDoor
31,Voluntary Resignation,Travel_Frequently,1445,Research & Development,1,5,Life Sciences,1,16548,140003,3,Female,100,4,3,Manufacturing Director,2,Single,7446,8931,1,Y,No,11,3,1,80,0,10,2,3,10,8,4,7,GlassDoor
31,Voluntary Resignation,Travel_Frequently,1445,Research & Development,1,5,Life Sciences,1,16550,140005,3,Female,100,4,3,Manufacturing Director,2,Single,7446,8931,1,Y,No,11,3,1,80,0,10,2,3,10,8,4,7,GlassDoor
31,Voluntary Resignation,Travel_Frequently,1445,Research & Development,1,5,Life Sciences,1,16551,140006,3,Female,100,4,3,Manufacturing Director,2,Single,7446,8931,1,Y,No,11,3,1,80,0,10,2,3,10,8,4,7,GlassDoor
31,Voluntary Resignation,Travel_Frequently,523,Research & Development,2,3,Life Sciences,1,16585,140040,2,Male,94,3,1,Laboratory Technician,4,Married,3722,21081,6,Y,Yes,13,3,3,80,1,7,2,1,2,2,2,2,Company Website
31,Voluntary Resignation,Travel_Frequently,523,Research & Development,2,3,Life Sciences,1,16587,140042,2,Male,94,3,1,Laboratory Technician,4,Married,3722,21081,1,Y,Yes,13,3,3,80,1,7,2,1,2,2,2,2,Company Website
31,Voluntary Resignation,Travel_Frequently,523,Research & Development,2,3,Life Sciences,1,16589,140044,2,Male,94,3,1,Laboratory Technician,4,Married,3722,21081,6,Y,Yes,13,3,3,80,1,7,2,1,2,2,2,2,Company Website
31,Voluntary Resignation,Travel_Frequently,523,Research & Development,2,3,Life Sciences,1,16590,140045,2,Male,94,3,1,Laboratory Technician,4,Married,3722,21081,1,Y,Yes,13,3,3,80,1,7,2,1,2,2,2,2,Company Website
31,Voluntary Resignation,Travel_Frequently,523,Research & Development,2,3,Life Sciences,1,16593,140048,2,Male,94,3,1,Laboratory Technician,4,Married,3722,21081,6,Y,Yes,13,3,3,80,1,7,2,1,2,2,2,2,Company Website
31,Voluntary Resignation,Travel_Frequently,523,Research & Development,2,3,Life Sciences,1,16595,140050,2,Male,94,3,1,Laboratory Technician,4,Married,3722,21081,1,Y,Yes,13,3,3,80,1,7,2,1,2,2,2,2,Company Website
31,Voluntary Resignation,Travel_Frequently,523,Research & Development,2,3,Life Sciences,1,16597,140052,2,Male,94,3,1,Laboratory Technician,4,Married,3722,21081,6,Y,Yes,13,3,3,80,1,7,2,1,2,2,2,2,Company Website
31,Voluntary Resignation,Travel_Frequently,523,Research & Development,2,3,Life Sciences,1,16598,140053,2,Male,94,3,1,Laboratory Technician,4,Married,3722,21081,1,Y,Yes,13,3,3,80,1,7,2,1,2,2,2,2,Company Website
31,Voluntary Resignation,Travel_Frequently,874,Research & Development,15,3,Medical,1,16904,140359,4,Male,83,3,1,Sales Representative,3,Married,2909,15747,3,Y,No,15,4,4,80,1,5,3,4,3,2,1,2,Company Website
31,Voluntary Resignation,Travel_Frequently,874,Research & Development,15,3,Medical,1,16906,140361,4,Male,83,3,1,Sales Representative,3,Married,2909,15747,9,Y,No,15,4,4,80,1,5,3,4,3,2,1,2,Company Website
31,Voluntary Resignation,Travel_Frequently,874,Research & Development,15,3,Medical,1,16909,140364,4,Male,83,3,1,Sales Representative,3,Married,2909,15747,3,Y,No,15,3,4,80,1,5,3,4,3,2,1,2,Company Website
31,Voluntary Resignation,Travel_Frequently,874,Research & Development,15,3,Medical,1,16910,140365,4,Male,83,3,1,Sales Representative,3,Married,2909,15747,9,Y,No,15,3,4,80,1,5,3,4,3,2,1,2,Company Website
31,Voluntary Resignation,Travel_Frequently,874,Research & Development,15,3,Medical,1,16912,140367,4,Male,83,3,1,Sales Representative,3,Married,2909,15747,3,Y,No,15,4,4,80,1,5,3,4,3,2,1,2,Company Website
31,Voluntary Resignation,Travel_Frequently,874,Research & Development,15,3,Medical,1,16914,140369,4,Male,83,3,1,Sales Representative,3,Married,2909,15747,9,Y,No,15,4,4,80,1,5,3,4,3,2,1,2,Company Website
31,Voluntary Resignation,Travel_Frequently,874,Research & Development,15,3,Medical,1,16917,140372,4,Male,83,3,1,Sales Representative,3,Married,2909,15747,3,Y,No,15,3,4,80,1,5,3,4,3,2,1,2,Company Website
31,Voluntary Resignation,Travel_Frequently,874,Research & Development,15,3,Medical,1,16918,140373,4,Male,83,3,1,Sales Representative,3,Married,2909,15747,9,Y,No,15,3,4,80,1,5,3,4,3,2,1,2,Company Website
31,Voluntary Resignation,Travel_Frequently,561,Research & Development,3,3,Life Sciences,1,17368,140823,4,Female,33,3,1,Research Scientist,3,Single,4084,4156,1,Y,No,12,3,1,80,0,7,2,1,7,2,7,7,GlassDoor
31,Voluntary Resignation,Travel_Frequently,561,Research & Development,3,3,Life Sciences,1,17370,140825,4,Female,33,3,1,Research Scientist,3,Single,4084,4156,2,Y,No,12,3,1,80,0,7,2,1,7,2,7,7,GlassDoor
31,Voluntary Resignation,Travel_Frequently,561,Research & Development,3,3,Life Sciences,1,17372,140827,4,Female,33,3,1,Research Scientist,3,Single,4084,4156,1,Y,No,12,3,1,80,0,7,2,1,7,2,7,7,GlassDoor
31,Voluntary Resignation,Travel_Frequently,561,Research & Development,3,3,Life Sciences,1,17373,140828,4,Female,33,3,1,Research Scientist,3,Single,4084,4156,2,Y,No,12,3,1,80,0,7,2,1,7,2,7,7,GlassDoor
31,Voluntary Resignation,Travel_Frequently,561,Research & Development,3,3,Life Sciences,1,17376,140831,4,Female,33,3,1,Research Scientist,3,Single,4084,4156,1,Y,No,12,3,1,80,0,7,2,1,7,2,7,7,GlassDoor
31,Voluntary Resignation,Travel_Frequently,561,Research & Development,3,3,Life Sciences,1,17378,140833,4,Female,33,3,1,Research Scientist,3,Single,4084,4156,2,Y,No,12,3,1,80,0,7,2,1,7,2,7,7,GlassDoor
31,Voluntary Resignation,Travel_Frequently,561,Research & Development,3,3,Life Sciences,1,17380,140835,4,Female,33,3,1,Research Scientist,3,Single,4084,4156,1,Y,No,12,3,1,80,0,7,2,1,7,2,7,7,GlassDoor
31,Voluntary Resignation,Travel_Frequently,561,Research & Development,3,3,Life Sciences,1,17381,140836,4,Female,33,3,1,Research Scientist,3,Single,4084,4156,2,Y,No,12,3,1,80,0,7,2,1,7,2,7,7,GlassDoor
31,Voluntary Resignation,Travel_Rarely,330,Research & Development,22,4,Medical,1,17637,141092,4,Male,85,3,1,Sales Representative,4,Single,2644,17001,3,Y,Yes,21,3,4,80,0,7,3,2,3,2,1,2,Recruit.net
31,Voluntary Resignation,Travel_Rarely,330,Research & Development,22,4,Other,1,17639,141094,4,Male,85,3,1,Sales Representative,4,Single,2644,17001,9,Y,Yes,21,3,4,80,0,7,3,2,3,2,1,2,Recruit.net
31,Voluntary Resignation,Travel_Rarely,330,Research & Development,22,4,Medical,1,17640,141095,4,Male,85,3,1,Sales Representative,4,Single,2644,17001,3,Y,Yes,21,4,4,80,0,7,3,2,3,2,1,2,Recruit.net
31,Voluntary Resignation,Travel_Rarely,330,Research & Development,22,4,Other,1,17641,141096,4,Male,85,3,1,Sales Representative,4,Single,2644,17001,9,Y,Yes,21,4,4,80,0,7,3,2,3,2,1,2,Recruit.net
31,Voluntary Resignation,Travel_Rarely,330,Research & Development,22,4,Medical,1,17645,141100,4,Male,85,3,1,Sales Representative,4,Single,2644,17001,3,Y,Yes,21,3,4,80,0,7,3,2,3,2,1,2,Recruit.net
31,Voluntary Resignation,Travel_Rarely,330,Research & Development,22,4,Other,1,17647,141102,4,Male,85,3,1,Sales Representative,4,Single,2644,17001,9,Y,Yes,21,3,4,80,0,7,3,2,3,2,1,2,Recruit.net
31,Voluntary Resignation,Travel_Rarely,330,Research & Development,22,4,Medical,1,17648,141103,4,Male,85,3,1,Sales Representative,4,Single,2644,17001,3,Y,Yes,21,4,4,80,0,7,3,2,3,2,1,2,Recruit.net
31,Voluntary Resignation,Travel_Rarely,330,Research & Development,22,4,Other,1,17649,141104,4,Male,85,3,1,Sales Representative,4,Single,2644,17001,9,Y,Yes,21,4,4,80,0,7,3,2,3,2,1,2,Recruit.net
31,Voluntary Resignation,Travel_Rarely,1079,Sales,16,4,Marketing,1,20095,143550,1,Male,70,3,3,Sales Executive,3,Married,8161,19002,2,Y,No,13,3,1,80,3,10,2,3,1,0,0,0,Jora
31,Voluntary Resignation,Travel_Rarely,1079,Sales,16,4,Medical,1,20098,143553,1,Male,70,3,3,Sales Executive,3,Married,8161,19002,7,Y,No,13,3,1,80,3,10,2,3,1,0,0,0,Jora
31,Voluntary Resignation,Travel_Rarely,1079,Sales,16,4,Marketing,1,20101,143556,1,Male,70,3,3,Sales Executive,3,Married,8161,19002,2,Y,No,13,3,1,80,3,10,2,3,1,0,0,0,Jora
31,Voluntary Resignation,Travel_Rarely,1079,Sales,16,4,Medical,1,20102,143557,1,Male,70,3,3,Sales Executive,3,Married,8161,19002,7,Y,No,13,3,1,80,3,10,2,3,1,0,0,0,Jora
31,Voluntary Resignation,Travel_Rarely,1079,Sales,16,4,Marketing,1,20103,143558,1,Male,70,3,3,Sales Executive,3,Married,8161,19002,2,Y,No,13,3,1,80,3,10,2,3,1,0,0,0,Jora
31,Voluntary Resignation,Travel_Rarely,1079,Sales,16,4,Medical,1,20106,143561,1,Male,70,3,3,Sales Executive,3,Married,8161,19002,7,Y,No,13,3,1,80,3,10,2,3,1,0,0,0,Jora
31,Voluntary Resignation,Travel_Rarely,1079,Sales,16,4,Marketing,1,20109,143564,1,Male,70,3,3,Sales Executive,3,Married,8161,19002,2,Y,No,13,3,1,80,3,10,2,3,1,0,0,0,Jora
31,Voluntary Resignation,Travel_Rarely,1079,Sales,16,4,Medical,1,20110,143565,1,Male,70,3,3,Sales Executive,3,Married,8161,19002,7,Y,No,13,3,1,80,3,10,2,3,1,0,0,0,Jora
31,Voluntary Resignation,Travel_Rarely,359,Human Resources,18,5,Human Resources,1,20971,144426,4,Male,89,4,1,Human Resources,1,Married,2956,21495,0,Y,No,17,3,3,80,0,2,4,3,1,0,0,0,LinkedIn
31,Voluntary Resignation,Travel_Rarely,359,Human Resources,18,5,Medical,1,20974,144429,4,Male,89,4,1,Human Resources,1,Married,2956,21495,0,Y,No,17,3,3,80,0,2,4,3,1,0,0,0,LinkedIn
31,Voluntary Resignation,Travel_Rarely,359,Human Resources,18,5,Human Resources,1,20975,144430,4,Male,89,4,1,Human Resources,1,Married,2956,21495,0,Y,No,17,3,3,80,0,2,4,3,1,0,0,0,LinkedIn
31,Voluntary Resignation,Travel_Rarely,359,Human Resources,18,5,Medical,1,20976,144431,4,Male,89,4,1,Human Resources,1,Married,2956,21495,0,Y,No,17,3,3,80,0,2,4,3,1,0,0,0,LinkedIn
31,Voluntary Resignation,Travel_Rarely,359,Human Resources,18,5,Human Resources,1,20979,144434,4,Male,89,4,1,Human Resources,1,Married,2956,21495,0,Y,No,17,3,3,80,0,2,4,3,1,0,0,0,LinkedIn
31,Voluntary Resignation,Travel_Rarely,359,Human Resources,18,5,Medical,1,20982,144437,4,Male,89,4,1,Human Resources,1,Married,2956,21495,0,Y,No,17,3,3,80,0,2,4,3,1,0,0,0,LinkedIn
31,Voluntary Resignation,Travel_Rarely,359,Human Resources,18,5,Human Resources,1,20983,144438,4,Male,89,4,1,Human Resources,1,Married,2956,21495,0,Y,No,17,3,3,80,0,2,4,3,1,0,0,0,LinkedIn
31,Voluntary Resignation,Travel_Rarely,359,Human Resources,18,5,Medical,1,20984,144439,4,Male,89,4,1,Human Resources,1,Married,2956,21495,0,Y,No,17,3,3,80,0,2,4,3,1,0,0,0,LinkedIn
31,Voluntary Resignation,Travel_Frequently,754,Sales,26,4,Marketing,1,22309,145764,1,Male,33,3,2,Sales Executive,4,Married,5617,21075,1,Y,Yes,11,3,3,80,0,10,4,3,10,7,0,8,GlassDoor
31,Voluntary Resignation,Travel_Frequently,754,Sales,26,4,Technical Degree,1,22312,145767,1,Male,33,3,2,Sales Executive,4,Married,5617,21075,7,Y,Yes,11,3,3,80,0,10,4,3,10,7,0,8,GlassDoor
31,Voluntary Resignation,Travel_Frequently,754,Sales,26,4,Marketing,1,22315,145770,1,Male,33,3,2,Sales Executive,4,Married,5617,21075,1,Y,Yes,11,3,3,80,0,10,4,3,10,7,0,8,GlassDoor
31,Voluntary Resignation,Travel_Frequently,754,Sales,26,4,Technical Degree,1,22316,145771,1,Male,33,3,2,Sales Executive,4,Married,5617,21075,7,Y,Yes,11,3,3,80,0,10,4,3,10,7,0,8,GlassDoor
31,Voluntary Resignation,Travel_Frequently,754,Sales,26,4,Marketing,1,22317,145772,1,Male,33,3,2,Sales Executive,4,Married,5617,21075,1,Y,Yes,11,3,3,80,0,10,4,3,10,7,0,8,GlassDoor
31,Voluntary Resignation,Travel_Frequently,754,Sales,26,4,Technical Degree,1,22320,145775,1,Male,33,3,2,Sales Executive,4,Married,5617,21075,7,Y,Yes,11,3,3,80,0,10,4,3,10,7,0,8,GlassDoor
31,Voluntary Resignation,Travel_Frequently,754,Sales,26,4,Marketing,1,22323,145778,1,Male,33,3,2,Sales Executive,4,Married,5617,21075,1,Y,Yes,11,3,3,80,0,10,4,3,10,7,0,8,GlassDoor
31,Voluntary Resignation,Travel_Frequently,754,Sales,26,4,Technical Degree,1,22324,145779,1,Male,33,3,2,Sales Executive,4,Married,5617,21075,7,Y,Yes,11,3,3,80,0,10,4,3,10,7,0,8,GlassDoor
31,Current employee,Travel_Rarely,106,Human Resources,2,3,Human Resources,1,72,123527,1,Male,37,3,1,Laboratory Technician,2,Married,3468,16632,9,Y,No,12,3,4,80,1,6,3,3,2,2,2,2,Seek
31,Current employee,Travel_Rarely,106,Human Resources,2,3,Life Sciences,1,74,123529,1,Male,37,3,1,Laboratory Technician,2,Married,3468,16632,1,Y,No,12,3,4,80,1,6,3,3,2,2,2,2,Seek
31,Current employee,Travel_Rarely,106,Human Resources,2,3,Human Resources,1,77,123532,1,Male,37,3,1,Laboratory Technician,2,Married,3468,16632,9,Y,No,12,3,4,80,1,6,3,3,2,2,2,2,Seek
31,Current employee,Travel_Rarely,106,Human Resources,2,3,Life Sciences,1,78,123533,1,Male,37,3,1,Laboratory Technician,2,Married,3468,16632,1,Y,No,12,3,4,80,1,6,3,3,2,2,2,2,Seek
31,Current employee,Travel_Rarely,106,Human Resources,2,3,Human Resources,1,85,123540,1,Male,37,3,1,Laboratory Technician,2,Married,3468,16632,9,Y,No,12,3,4,80,1,6,3,3,2,2,2,2,Seek
31,Current employee,Travel_Rarely,326,Sales,8,2,Life Sciences,1,87,123542,1,Male,40,3,1,Laboratory Technician,2,Married,3468,16632,4,Y,No,12,4,2,80,2,8,2,4,3,2,1,2,GlassDoor
31,Current employee,Travel_Rarely,106,Human Resources,2,3,Life Sciences,1,89,123544,1,Male,37,3,1,Laboratory Technician,2,Married,3468,16632,1,Y,No,12,3,4,80,1,6,3,3,2,2,2,2,Seek
31,Current employee,Travel_Rarely,106,Human Resources,2,3,Human Resources,1,92,123547,1,Male,37,3,1,Laboratory Technician,2,Married,3468,16632,9,Y,No,12,3,4,80,1,6,3,3,2,2,2,2,Seek
31,Current employee,Travel_Rarely,106,Human Resources,2,3,Life Sciences,1,93,123548,1,Male,37,3,1,Laboratory Technician,2,Married,3468,16632,1,Y,No,12,3,4,80,1,6,3,3,2,2,2,2,Seek
31,Current employee,Travel_Frequently,444,Sales,5,3,Marketing,1,174,123629,4,Male,44,2,3,Manufacturing Director,3,Single,9526,8787,1,Y,No,11,4,3,80,1,2,5,2,2,2,2,2,Company Website
31,Current employee,Travel_Rarely,525,Sales,6,4,Medical,1,229,123684,1,Male,84,4,1,Laboratory Technician,2,Married,2426,16479,4,Y,No,22,3,4,80,2,13,4,4,7,7,5,7,LinkedIn
31,Current employee,Travel_Rarely,670,Research & Development,26,1,Life Sciences,1,262,123717,1,Male,31,3,1,Research Scientist,3,Divorced,2911,15170,1,Y,No,17,3,4,80,1,5,1,2,5,2,4,3,Seek
31,Current employee,Travel_Rarely,670,Research & Development,26,1,Technical Degree,1,265,123720,1,Male,31,3,1,Research Scientist,3,Divorced,2911,15170,4,Y,No,17,3,4,80,1,5,1,2,5,2,4,3,Seek
31,Current employee,Travel_Rarely,670,Research & Development,26,1,Life Sciences,1,266,123721,1,Male,31,3,1,Research Scientist,3,Divorced,2911,15170,1,Y,No,17,3,4,80,1,5,1,2,5,2,4,3,Seek
31,Current employee,Travel_Rarely,670,Research & Development,26,1,Technical Degree,1,267,123722,1,Male,31,3,1,Research Scientist,3,Divorced,2911,15170,4,Y,No,17,3,4,80,1,5,1,2,5,2,4,3,Seek
31,Current employee,Travel_Rarely,670,Research & Development,26,1,Life Sciences,1,270,123725,1,Male,31,3,1,Research Scientist,3,Divorced,2911,15170,1,Y,No,17,3,4,80,1,5,1,2,5,2,4,3,Seek
31,Current employee,Travel_Rarely,670,Research & Development,26,1,Life Sciences,1,271,123726,4,Male,52,3,3,Research Director,1,Married,13245,15067,4,Y,Yes,14,3,2,80,0,17,3,4,0,0,0,0,Referral
31,Current employee,Travel_Rarely,670,Research & Development,26,1,Life Sciences,1,274,123729,3,Female,69,3,3,Sales Executive,1,Married,8412,2890,0,Y,No,11,4,3,80,0,10,3,3,9,8,7,8,Indeed
31,Current employee,Travel_Rarely,192,Research & Development,2,4,Life Sciences,1,277,123732,1,Male,31,3,1,Research Scientist,3,Divorced,2911,15170,7,Y,No,11,3,1,80,1,15,2,2,12,11,2,11,Seek
31,Current employee,Travel_Rarely,670,Research & Development,26,1,Technical Degree,1,280,123735,1,Male,31,3,1,Research Scientist,3,Divorced,2911,15170,4,Y,No,17,3,4,80,1,5,1,2,5,2,4,3,Seek
31,Current employee,Travel_Rarely,670,Research & Development,26,1,Life Sciences,1,281,123736,1,Male,31,3,1,Research Scientist,3,Divorced,2911,15170,1,Y,No,17,3,4,80,1,5,1,2,5,2,4,3,Seek
31,Current employee,Travel_Rarely,670,Research & Development,26,1,Technical Degree,1,282,123737,1,Male,31,3,1,Research Scientist,3,Divorced,2911,15170,4,Y,No,17,3,4,80,1,5,1,2,5,2,4,3,Seek
31,Current employee,Travel_Rarely,670,Research & Development,26,1,Life Sciences,1,678,124133,1,Male,39,3,1,Research Scientist,4,Married,2293,3020,2,Y,Yes,16,4,1,80,1,6,2,2,2,0,2,0,Company Website
31,Current employee,Travel_Rarely,670,Research & Development,26,1,Technical Degree,1,680,124135,1,Male,39,3,1,Research Scientist,4,Married,2293,3020,4,Y,Yes,16,3,1,80,1,6,2,2,2,0,2,0,Company Website
31,Current employee,Travel_Rarely,670,Research & Development,26,1,Life Sciences,1,683,124138,1,Male,39,3,1,Research Scientist,4,Married,2293,3020,2,Y,Yes,16,3,1,80,1,6,2,2,2,0,2,0,Company Website
31,Current employee,Travel_Rarely,670,Research & Development,26,1,Technical Degree,1,684,124139,1,Male,39,3,1,Research Scientist,4,Married,2293,3020,4,Y,Yes,16,3,1,80,1,6,2,2,2,0,2,0,Company Website
31,Current employee,Travel_Rarely,670,Research & Development,26,1,Life Sciences,1,686,124141,1,Male,39,3,1,Research Scientist,4,Married,2293,3020,2,Y,Yes,16,4,1,80,1,6,2,2,2,0,2,0,Company Website
31,Current employee,Travel_Rarely,670,Research & Development,26,1,Technical Degree,1,688,124143,1,Male,39,3,1,Research Scientist,4,Married,2293,3020,4,Y,Yes,16,3,1,80,1,6,2,2,2,0,2,0,Company Website
31,Current employee,Travel_Rarely,670,Research & Development,26,1,Life Sciences,1,691,124146,1,Male,39,3,1,Research Scientist,4,Married,2293,3020,2,Y,Yes,16,3,1,80,1,6,2,2,2,0,2,0,Company Website
31,Current employee,Travel_Rarely,670,Research & Development,26,1,Technical Degree,1,692,124147,1,Male,39,3,1,Research Scientist,4,Married,2293,3020,4,Y,Yes,16,3,1,80,1,6,2,2,2,0,2,0,Company Website
31,Current employee,Travel_Rarely,655,Research & Development,7,4,Life Sciences,1,1000,124455,1,Female,40,2,2,Sales Executive,4,Married,4157,,7,Y,Yes,19,3,3,80,1,5,2,2,2,2,0,0,Seek
31,Current employee,Travel_Rarely,655,Research & Development,7,4,Marketing,1,1001,124456,1,Female,40,2,2,Sales Executive,4,Married,4157,21436,5,Y,Yes,19,3,3,80,1,5,2,2,2,2,0,0,Seek
31,Current employee,Travel_Rarely,655,Research & Development,7,4,Life Sciences,1,1005,124460,1,Female,40,2,2,Sales Executive,4,Married,4157,21436,7,Y,Yes,19,3,3,80,1,5,2,2,2,2,0,0,Seek
31,Current employee,Travel_Rarely,655,Research & Development,7,4,Marketing,1,1006,124461,1,Female,40,2,2,Sales Executive,4,Married,4157,21436,5,Y,Yes,19,3,3,80,1,5,2,2,2,2,0,0,Seek
31,Current employee,Travel_Rarely,655,Research & Development,7,4,Life Sciences,1,1008,124463,1,Female,40,2,2,Sales Executive,4,Married,4157,21436,7,Y,Yes,19,3,3,80,1,5,2,2,2,2,0,0,Seek
31,Current employee,Travel_Rarely,655,Research & Development,7,4,Marketing,1,1009,124464,1,Female,40,2,2,Sales Executive,4,Married,4157,21436,5,Y,Yes,19,3,3,80,1,5,2,2,2,2,0,0,Seek
31,Current employee,Travel_Rarely,655,Research & Development,7,4,Life Sciences,1,1013,124468,1,Female,40,2,2,Sales Executive,4,Married,4157,21436,7,Y,Yes,19,3,3,80,1,5,2,2,2,2,0,0,Seek
31,Current employee,Travel_Rarely,655,Research & Development,7,4,Marketing,1,1014,124469,1,Female,40,2,2,Sales Executive,4,Married,4157,21436,5,Y,Yes,19,3,3,80,1,5,2,2,2,2,0,0,Seek
31,Current employee,Travel_Rarely,655,Research & Development,7,4,Life Sciences,1,1065,124520,4,Male,48,3,2,Laboratory Technician,4,Divorced,5915,9528,3,Y,No,22,3,4,80,1,10,3,2,7,7,1,7,Recruit.net
31,Current employee,Travel_Rarely,655,Research & Development,7,4,Marketing,1,1067,124522,4,Male,48,3,2,Laboratory Technician,4,Divorced,5915,9528,1,Y,No,22,4,4,80,1,10,3,2,7,7,1,7,Recruit.net
31,Current employee,Travel_Rarely,655,Research & Development,7,4,Life Sciences,1,1069,124524,4,Male,48,3,2,Laboratory Technician,4,Divorced,5915,9528,3,Y,No,22,4,4,80,1,10,3,2,7,7,1,7,Recruit.net
31,Current employee,Travel_Rarely,655,Research & Development,7,4,Marketing,1,1070,124525,4,Male,48,3,2,Laboratory Technician,4,Divorced,5915,9528,1,Y,No,22,4,4,80,1,10,3,2,7,7,1,7,Recruit.net
31,Current employee,Travel_Rarely,655,Research & Development,7,4,Life Sciences,1,1073,124528,4,Male,48,3,2,Laboratory Technician,4,Divorced,5915,9528,3,Y,No,22,3,4,80,1,10,3,2,7,7,1,7,Recruit.net
31,Current employee,Travel_Rarely,655,Research & Development,7,4,Marketing,1,1075,124530,4,Male,48,3,2,Laboratory Technician,4,Divorced,5915,9528,1,Y,No,22,4,4,80,1,10,3,2,7,7,1,7,Recruit.net
31,Current employee,Travel_Rarely,655,Research & Development,7,4,Life Sciences,1,1077,124532,4,Male,48,3,2,Laboratory Technician,4,Divorced,5915,9528,3,Y,No,22,4,4,80,1,10,3,2,7,7,1,7,Recruit.net
31,Current employee,Travel_Rarely,655,Research & Development,7,4,Marketing,1,1078,124533,4,Male,48,3,2,Laboratory Technician,4,Divorced,5915,9528,1,Y,No,22,4,4,80,1,10,3,2,7,7,1,7,Recruit.net
31,Current employee,Travel_Rarely,746,Research & Development,8,4,Life Sciences,1,1162,124617,1,Female,41,3,3,Healthcare Representative,3,Divorced,10096,8202,1,Y,No,13,3,2,80,3,17,2,3,17,14,12,8,GlassDoor
31,Current employee,Travel_Rarely,746,Research & Development,8,4,Medical,1,1164,124619,1,Female,41,3,3,Healthcare Representative,3,Divorced,10096,8202,0,Y,No,13,3,2,80,3,17,2,3,17,14,12,8,GlassDoor
31,Current employee,Travel_Rarely,746,Research & Development,8,4,Life Sciences,1,1165,124620,1,Female,41,3,3,Healthcare Representative,3,Divorced,10096,8202,1,Y,No,13,3,2,80,3,17,2,3,17,14,12,8,GlassDoor
31,Current employee,Travel_Rarely,746,Research & Development,8,4,Medical,1,1166,124621,1,Female,41,3,3,Healthcare Representative,3,Divorced,10096,8202,0,Y,No,13,3,2,80,3,17,2,3,17,14,12,8,GlassDoor
31,Current employee,Travel_Rarely,746,Research & Development,8,4,Life Sciences,1,1170,124625,1,Female,41,3,3,Healthcare Representative,3,Divorced,10096,8202,1,Y,No,13,3,2,80,3,17,2,3,17,14,12,8,GlassDoor
31,Current employee,Travel_Rarely,746,Research & Development,8,4,Medical,1,1172,124627,1,Female,41,3,3,Healthcare Representative,3,Divorced,10096,8202,0,Y,No,13,3,2,80,3,17,2,3,17,14,12,8,GlassDoor
31,Current employee,Travel_Rarely,746,Research & Development,8,4,Life Sciences,1,1173,124628,1,Female,41,3,3,Healthcare Representative,3,Divorced,10096,8202,1,Y,No,13,3,2,80,3,17,2,3,17,14,12,8,GlassDoor
31,Current employee,Travel_Rarely,746,Research & Development,8,4,Medical,1,1174,124629,1,Female,41,3,3,Healthcare Representative,3,Divorced,10096,8202,0,Y,No,13,3,2,80,3,17,2,3,17,14,12,8,GlassDoor
31,Current employee,Travel_Rarely,1082,Research & Development,1,4,Medical,1,1286,124741,3,Male,87,3,1,Research Scientist,2,,2501,18775,1,Y,No,17,3,2,80,0,1,4,3,1,1,1,0,LinkedIn
31,Current employee,Travel_Rarely,1082,Research & Development,1,4,Human Resources,1,1288,124743,3,Male,87,3,1,Research Scientist,2,Single,2501,18775,2,Y,No,17,3,2,80,0,1,4,3,1,1,1,0,LinkedIn
31,Current employee,Travel_Rarely,1082,Research & Development,1,4,Medical,1,1292,124747,3,Male,87,3,1,Research Scientist,2,Single,2501,18775,1,Y,No,17,3,2,80,0,1,4,3,1,1,1,0,LinkedIn
31,Current employee,Travel_Rarely,1082,Research & Development,1,4,Human Resources,1,1293,124748,3,Male,87,3,1,Research Scientist,2,Single,2501,18775,2,Y,No,17,3,2,80,0,1,4,3,1,1,1,0,LinkedIn
31,Current employee,Travel_Rarely,1082,Research & Development,1,4,Human Resources,1,1295,124750,3,Male,87,3,1,Research Scientist,2,Single,2501,18775,2,Y,No,17,3,2,80,0,1,4,3,1,1,1,0,LinkedIn
31,Current employee,Travel_Rarely,1082,Research & Development,1,4,Medical,1,1299,124754,3,Male,87,3,1,Research Scientist,2,Single,2501,18775,1,Y,No,17,3,2,80,0,1,4,3,1,1,1,0,LinkedIn
31,Current employee,Travel_Rarely,1082,Research & Development,1,4,Human Resources,1,1300,124755,3,Male,87,3,1,Research Scientist,2,Single,2501,18775,2,Y,No,17,3,2,80,0,1,4,3,1,1,1,0,LinkedIn
31,Current employee,Travel_Rarely,746,Research & Development,8,4,Life Sciences,1,1331,124786,3,Female,61,3,2,Manufacturing Director,4,Single,4424,20682,1,Y,No,23,3,4,80,0,11,2,3,11,7,1,8,Seek
31,Current employee,Travel_Rarely,746,Research & Development,8,4,Marketing,1,1334,124789,3,Female,61,3,2,Manufacturing Director,4,Single,4424,20682,1,Y,No,23,3,4,80,0,11,2,3,11,7,1,8,Seek
31,Current employee,Travel_Rarely,746,Research & Development,8,4,Life Sciences,1,1335,124790,3,Female,61,3,2,Manufacturing Director,4,Single,4424,20682,1,Y,No,23,4,4,80,0,11,2,3,11,7,1,8,Seek
31,Current employee,Travel_Rarely,746,Research & Development,8,4,Marketing,1,1336,124791,3,Female,61,3,2,Manufacturing Director,4,Single,4424,20682,1,Y,No,23,4,4,80,0,11,2,3,11,7,1,8,Seek
31,Current employee,Travel_Rarely,746,Research & Development,8,4,Marketing,1,1341,124796,3,Female,61,3,2,Manufacturing Director,4,Single,4424,20682,1,Y,No,23,3,4,80,0,11,2,3,11,7,1,8,Seek
31,Current employee,Travel_Rarely,746,Research & Development,8,4,Life Sciences,1,1342,124797,3,Female,61,3,2,Manufacturing Director,4,Single,4424,20682,1,Y,No,23,4,4,80,0,11,2,3,11,7,1,8,Seek
31,Current employee,Travel_Rarely,746,Research & Development,8,4,Marketing,1,1343,124798,3,Female,61,3,2,Manufacturing Director,4,Single,4424,20682,1,Y,No,23,4,4,80,0,11,2,3,11,7,1,8,Seek
31,Current employee,Travel_Rarely,192,Research & Development,2,4,Life Sciences,1,2614,126069,1,Male,44,2,3,Sales Executive,4,Married,10855,8552,7,Y,No,11,3,1,80,1,15,2,2,12,11,2,11,Seek
31,Current employee,Travel_Rarely,192,Research & Development,2,4,Life Sciences,1,2615,126070,1,Male,44,2,3,Sales Executive,4,Married,10855,8552,4,Y,No,11,3,1,80,1,15,2,2,12,11,2,11,Seek
31,Current employee,Travel_Rarely,192,Research & Development,2,4,Life Sciences,1,2617,126072,1,Male,44,2,3,Sales Executive,4,Married,10855,8552,7,Y,No,11,3,1,80,1,15,2,2,12,11,2,11,Seek
31,Current employee,Travel_Rarely,192,Research & Development,2,4,Life Sciences,1,2618,126073,1,Male,44,2,3,Sales Executive,4,Married,10855,8552,4,Y,No,11,3,1,80,1,15,2,2,12,11,2,11,Seek
31,Current employee,Travel_Rarely,192,Research & Development,2,4,Life Sciences,1,2622,126077,1,Male,44,2,3,Sales Executive,4,Married,10855,8552,4,Y,No,11,3,1,80,1,15,2,2,12,11,2,11,Seek
31,Current employee,Travel_Rarely,192,Research & Development,2,4,Life Sciences,1,2624,126079,1,Male,44,2,3,Sales Executive,4,Married,10855,8552,7,Y,No,11,3,1,80,1,15,2,2,12,11,2,11,Seek
31,Current employee,Travel_Rarely,192,Research & Development,2,4,Life Sciences,1,2625,126080,1,Male,44,2,3,Sales Executive,4,Married,10855,8552,4,Y,No,11,3,1,80,1,15,2,2,12,11,2,11,Seek
31,Current employee,Travel_Frequently,798,Research & Development,7,2,Life Sciences,1,2689,126144,1,Male,44,4,3,Healthcare Representative,4,Divorced,9439,23402,3,Y,Yes,16,3,2,80,1,12,2,1,5,3,1,4,Company Website
31,Current employee,Travel_Frequently,798,Research & Development,7,2,Marketing,1,2690,126145,1,Male,44,4,3,Healthcare Representative,4,Divorced,9439,23402,0,Y,Yes,16,3,2,80,1,12,2,1,5,3,1,4,Company Website
31,Current employee,Travel_Frequently,798,Research & Development,7,2,Life Sciences,1,2692,126147,1,Male,44,4,3,Healthcare Representative,4,Divorced,9439,23402,3,Y,Yes,16,3,2,80,1,12,2,1,5,3,1,4,Company Website
31,Current employee,Travel_Frequently,798,Research & Development,7,2,Marketing,1,2693,126148,1,Male,44,4,3,Healthcare Representative,4,Divorced,9439,23402,0,Y,Yes,16,3,2,80,1,12,2,1,5,3,1,4,Company Website
31,Current employee,Travel_Frequently,798,Research & Development,7,2,Life Sciences,1,2697,126152,1,Male,44,4,3,Healthcare Representative,4,Divorced,9439,23402,3,Y,Yes,16,3,2,80,1,12,2,1,5,3,1,4,Company Website
31,Current employee,Travel_Frequently,798,Research & Development,7,2,Marketing,1,2698,126153,1,Male,44,4,3,Healthcare Representative,4,Divorced,9439,23402,0,Y,Yes,16,3,2,80,1,12,2,1,5,3,1,4,Company Website
31,Current employee,Travel_Frequently,798,Research & Development,7,2,Life Sciences,1,2700,126155,1,Male,44,4,3,Healthcare Representative,4,Divorced,9439,23402,3,Y,Yes,16,3,2,80,1,12,2,1,5,3,1,4,Company Website
31,Current employee,Travel_Frequently,798,Research & Development,7,2,Marketing,1,2701,126156,1,Male,44,4,3,Healthcare Representative,4,Divorced,9439,23402,0,Y,Yes,16,3,2,80,1,12,2,1,5,3,1,4,Company Website
31,Current employee,Travel_Rarely,408,Research & Development,9,4,Life Sciences,1,2865,126320,1,Female,45,3,2,Sales Executive,1,Divorced,5006,6319,4,Y,Yes,11,4,1,80,1,9,3,4,5,4,0,3,Seek
31,Current employee,Travel_Rarely,408,Research & Development,9,4,Medical,1,2867,126322,1,Female,45,3,2,Sales Executive,1,Divorced,5006,6319,6,Y,Yes,11,3,1,80,1,9,3,4,5,4,0,3,Seek
31,Current employee,Travel_Rarely,408,Research & Development,9,4,Life Sciences,1,2868,126323,1,Female,45,3,2,Sales Executive,1,Divorced,5006,6319,4,Y,Yes,11,3,1,80,1,9,3,4,5,4,0,3,Seek
31,Current employee,Travel_Rarely,408,Research & Development,9,4,Medical,1,2869,126324,1,Female,45,3,2,Sales Executive,1,Divorced,5006,6319,6,Y,Yes,11,3,1,80,1,9,3,4,5,4,0,3,Seek
31,Current employee,Travel_Rarely,408,Research & Development,9,4,Life Sciences,1,2873,126328,1,Female,45,3,2,Sales Executive,1,Divorced,5006,6319,4,Y,Yes,11,4,1,80,1,9,3,4,5,4,0,3,Seek
31,Current employee,Travel_Rarely,408,Research & Development,9,4,Medical,1,2875,126330,1,Female,45,3,2,Sales Executive,1,Divorced,5006,6319,6,Y,Yes,11,3,1,80,1,9,3,4,5,4,0,3,Seek
31,Current employee,Travel_Rarely,408,Research & Development,9,4,Life Sciences,1,2876,126331,1,Female,45,3,2,Sales Executive,1,Divorced,5006,6319,4,Y,Yes,11,3,1,80,1,9,3,4,5,4,0,3,Seek
31,Current employee,Travel_Rarely,408,Research & Development,9,4,Medical,1,2877,126332,1,Female,45,3,2,Sales Executive,1,Divorced,5006,6319,6,Y,Yes,11,3,1,80,1,9,3,4,5,4,0,3,Seek
31,Current employee,Travel_Rarely,140,Research & Development,12,1,Medical,1,2960,126415,3,Female,95,3,1,Research Scientist,4,Married,3929,6984,8,Y,Yes,23,3,3,80,1,7,0,3,4,2,0,2,Referral
31,Current employee,Travel_Rarely,140,Research & Development,12,1,Medical,1,2963,126418,3,Female,95,3,1,Research Scientist,4,Married,3929,6984,3,Y,Yes,23,3,3,80,1,7,0,3,4,2,0,2,Referral
31,Current employee,Travel_Rarely,140,Research & Development,12,1,Medical,1,2964,126419,3,Female,95,3,1,Research Scientist,4,Married,3929,6984,8,Y,Yes,23,4,3,80,1,7,0,3,4,2,0,2,Referral
31,Current employee,Travel_Rarely,140,Research & Development,12,1,Medical,1,2965,126420,3,Female,95,3,1,Research Scientist,4,Married,3929,6984,3,Y,Yes,23,4,3,80,1,7,0,3,4,2,0,2,Referral
31,Current employee,Travel_Rarely,140,Research & Development,12,1,Medical,1,2968,126423,3,Female,95,3,1,Research Scientist,4,Married,3929,6984,8,Y,Yes,23,3,3,80,1,7,0,3,4,2,0,2,Referral
31,Current employee,Travel_Rarely,140,Research & Development,12,1,Medical,1,2971,126426,3,Female,95,3,1,Research Scientist,4,Married,3929,6984,3,Y,Yes,23,3,3,80,1,7,0,3,4,2,0,2,Referral
31,Current employee,Travel_Rarely,140,Research & Development,12,1,Medical,1,2972,126427,3,Female,95,3,1,Research Scientist,4,Married,3929,6984,8,Y,Yes,23,4,3,80,1,7,0,3,4,2,0,2,Referral
31,Current employee,Travel_Rarely,140,Research & Development,12,1,Medical,1,2973,126428,3,Female,95,3,1,Research Scientist,4,Married,3929,6984,3,Y,Yes,23,4,3,80,1,7,0,3,4,2,0,2,Referral
31,Current employee,Travel_Rarely,329,Research & Development,1,2,Life Sciences,1,3070,126525,1,Male,45,4,5,Research Director,2,Single,18722,13339,8,Y,No,11,3,4,80,0,36,3,3,24,15,2,15,GlassDoor
31,Current employee,Travel_Rarely,329,Research & Development,1,2,Life Sciences,1,3071,126526,1,Male,45,4,5,Research Director,2,Single,18722,13339,1,Y,No,11,3,4,80,0,36,3,3,24,15,2,15,GlassDoor
31,Current employee,Travel_Rarely,329,Research & Development,1,2,Life Sciences,1,3073,126528,1,Male,45,4,5,Research Director,2,Single,18722,13339,8,Y,No,11,3,4,80,0,36,3,3,24,15,2,15,GlassDoor
31,Current employee,Travel_Rarely,329,Research & Development,1,2,Life Sciences,1,3074,126529,1,Male,45,4,5,Research Director,2,Single,18722,13339,1,Y,No,11,3,4,80,0,36,3,3,24,15,2,15,GlassDoor
31,Current employee,Travel_Rarely,329,Research & Development,1,2,Life Sciences,1,3078,126533,1,Male,45,4,5,Research Director,2,Single,18722,13339,8,Y,No,11,3,4,80,0,36,3,3,24,15,2,15,GlassDoor
31,Current employee,Travel_Rarely,329,Research & Development,1,2,Life Sciences,1,3079,126534,1,Male,45,4,5,Research Director,2,Single,18722,13339,1,Y,No,11,3,4,80,0,36,3,3,24,15,2,15,GlassDoor
31,Current employee,Travel_Rarely,329,Research & Development,1,2,Life Sciences,1,3081,126536,1,Male,45,4,5,Research Director,2,Single,18722,13339,8,Y,No,11,3,4,80,0,36,3,3,24,15,2,15,GlassDoor
31,Current employee,Travel_Rarely,329,Research & Development,1,2,Life Sciences,1,3082,126537,1,Male,45,4,5,Research Director,2,Single,18722,13339,1,Y,No,11,3,4,80,0,36,3,3,24,15,2,15,GlassDoor
31,Current employee,Travel_Rarely,1274,Research & Development,9,1,Life Sciences,1,3348,126803,1,Male,46,3,2,Healthcare Representative,1,Married,6673,11354,7,Y,Yes,19,3,2,80,0,17,2,3,1,0,0,0,Company Website
31,Current employee,Travel_Rarely,1274,Research & Development,9,1,Medical,1,3349,126804,1,Male,46,3,2,Healthcare Representative,1,Married,6673,11354,0,Y,Yes,19,3,2,80,0,17,2,3,1,0,0,0,Company Website
31,Current employee,Travel_Rarely,1274,Research & Development,9,1,Life Sciences,1,3351,126806,1,Male,46,3,2,Healthcare Representative,1,Married,6673,11354,7,Y,Yes,19,3,2,80,0,17,2,3,1,0,0,0,Company Website
31,Current employee,Travel_Rarely,1274,Research & Development,9,1,Medical,1,3352,126807,1,Male,46,3,2,Healthcare Representative,1,Married,6673,11354,0,Y,Yes,19,3,2,80,0,17,2,3,1,0,0,0,Company Website
31,Current employee,Travel_Rarely,1274,Research & Development,9,1,Life Sciences,1,3356,126811,1,Male,46,3,2,Healthcare Representative,1,Married,6673,11354,7,Y,Yes,19,3,2,80,0,17,2,3,1,0,0,0,Company Website
31,Current employee,Travel_Rarely,1274,Research & Development,9,1,Medical,1,3357,126812,1,Male,46,3,2,Healthcare Representative,1,Married,6673,11354,0,Y,Yes,19,3,2,80,0,17,2,3,1,0,0,0,Company Website
31,Current employee,Travel_Rarely,1274,Research & Development,9,1,Life Sciences,1,3359,126814,1,Male,46,3,2,Healthcare Representative,1,Married,6673,11354,7,Y,Yes,19,3,2,80,0,17,2,3,1,0,0,0,Company Website
31,Current employee,Travel_Rarely,1274,Research & Development,9,1,Medical,1,3360,126815,1,Male,46,3,2,Healthcare Representative,1,Married,6673,11354,0,Y,Yes,19,3,2,80,0,17,2,3,1,0,0,0,Company Website
31,Current employee,Travel_Rarely,828,Sales,2,1,Life Sciences,1,3462,126917,1,Male,46,2,3,Manufacturing Director,3,Single,8474,20925,1,Y,No,22,3,3,80,0,12,2,3,11,8,5,8,Company Website
31,Current employee,Travel_Rarely,828,Sales,2,1,Life Sciences,1,3464,126919,1,Male,46,2,3,Manufacturing Director,3,Single,8474,20925,1,Y,No,22,3,3,80,0,12,2,3,11,8,5,8,Company Website
31,Current employee,Travel_Rarely,828,Sales,2,1,Life Sciences,1,3467,126922,1,Male,46,2,3,Manufacturing Director,3,Single,8474,20925,1,Y,No,22,4,3,80,0,12,2,3,11,8,5,8,Company Website
31,Current employee,Travel_Rarely,828,Sales,2,1,Life Sciences,1,3468,126923,1,Male,46,2,3,Manufacturing Director,3,Single,8474,20925,1,Y,No,22,4,3,80,0,12,2,3,11,8,5,8,Company Website
31,Current employee,Travel_Rarely,828,Sales,2,1,Life Sciences,1,3470,126925,1,Male,46,2,3,Manufacturing Director,3,Single,8474,20925,1,Y,No,22,3,3,80,0,12,2,3,11,8,5,8,Company Website
31,Current employee,Travel_Rarely,828,Sales,2,1,Life Sciences,1,3472,126927,1,Male,46,2,3,Manufacturing Director,3,Single,8474,20925,1,Y,No,22,3,3,80,0,12,2,3,11,8,5,8,Company Website
31,Current employee,Travel_Rarely,828,Sales,2,1,Life Sciences,1,3475,126930,1,Male,46,2,3,Manufacturing Director,3,Single,8474,20925,1,Y,No,22,4,3,80,0,12,2,3,11,8,5,8,Company Website
31,Current employee,Travel_Rarely,828,Sales,2,1,Life Sciences,1,3476,126931,1,Male,46,2,3,Manufacturing Director,3,Single,8474,20925,1,Y,No,22,4,3,80,0,12,2,3,11,8,5,8,Company Website
31,Current employee,Travel_Rarely,688,Sales,7,3,Life Sciences,1,3494,126949,1,Male,46,2,3,Research Director,2,Married,12490,15736,5,Y,No,16,3,4,80,2,16,5,1,10,9,4,7,Seek
31,Current employee,Travel_Rarely,688,Sales,7,3,Marketing,1,3495,126950,1,Male,46,2,3,Research Director,2,Married,12490,15736,2,Y,No,16,3,4,80,2,16,5,1,10,9,4,7,Seek
31,Current employee,Travel_Rarely,688,Sales,7,3,Life Sciences,1,3497,126952,1,Male,46,2,3,Research Director,2,Married,12490,15736,5,Y,No,16,3,4,80,2,16,5,1,10,9,4,7,Seek
31,Current employee,Travel_Rarely,688,Sales,7,3,Marketing,1,3498,126953,1,Male,46,2,3,Research Director,2,Married,12490,15736,2,Y,No,16,3,4,80,2,16,5,1,10,9,4,7,Seek
31,Current employee,Travel_Rarely,688,Sales,7,3,Life Sciences,1,3502,126957,1,Male,46,2,3,Research Director,2,Married,12490,15736,5,Y,No,16,3,4,80,2,16,5,1,10,9,4,7,Seek
31,Current employee,Travel_Rarely,688,Sales,7,3,Marketing,1,3503,126958,1,Male,46,2,3,Research Director,2,Married,12490,15736,2,Y,No,16,3,4,80,2,16,5,1,10,9,4,7,Seek
31,Current employee,Travel_Rarely,688,Sales,7,3,Life Sciences,1,3505,126960,1,Male,46,2,3,Research Director,2,Married,12490,15736,5,Y,No,16,3,4,80,2,16,5,1,10,9,4,7,Seek
31,Current employee,Travel_Rarely,688,Sales,7,3,Marketing,1,3506,126961,1,Male,46,2,3,Research Director,2,Married,12490,15736,2,Y,No,16,3,4,80,2,16,5,1,10,9,4,7,Seek
31,Current employee,Non-Travel,979,Research & Development,1,4,Medical,1,3669,127124,3,Male,90,1,2,Manufacturing Director,3,Married,4345,4381,0,Y,No,12,4,4,80,1,6,2,3,5,4,1,4,Company Website
31,Current employee,Non-Travel,979,Research & Development,1,4,Human Resources,1,3671,127126,3,Male,90,1,2,Manufacturing Director,3,Married,4345,4381,1,Y,No,12,3,4,80,1,6,2,3,5,4,1,4,Company Website
31,Current employee,Non-Travel,979,Research & Development,1,4,Medical,1,3673,127128,3,Male,90,1,2,Manufacturing Director,3,Married,4345,4381,0,Y,No,12,3,4,80,1,6,2,3,5,4,1,4,Company Website
31,Current employee,Non-Travel,979,Research & Development,1,4,Human Resources,1,3674,127129,3,Male,90,1,2,Manufacturing Director,3,Married,4345,4381,1,Y,No,12,3,4,80,1,6,2,3,5,4,1,4,Company Website
31,Current employee,Non-Travel,979,Research & Development,1,4,Medical,1,3677,127132,3,Male,90,1,2,Manufacturing Director,3,Married,4345,4381,0,Y,No,12,4,4,80,1,6,2,3,5,4,1,4,Company Website
31,Current employee,Non-Travel,979,Research & Development,1,4,Human Resources,1,3679,127134,3,Male,90,1,2,Manufacturing Director,3,Married,4345,4381,1,Y,No,12,3,4,80,1,6,2,3,5,4,1,4,Company Website
31,Current employee,Non-Travel,979,Research & Development,1,4,Medical,1,3681,127136,3,Male,90,1,2,Manufacturing Director,3,Married,4345,4381,0,Y,No,12,3,4,80,1,6,2,3,5,4,1,4,Company Website
31,Current employee,Non-Travel,979,Research & Development,1,4,Human Resources,1,3682,127137,3,Male,90,1,2,Manufacturing Director,3,Married,4345,4381,1,Y,No,12,3,4,80,1,6,2,3,5,4,1,4,Company Website
31,Current employee,Travel_Frequently,1327,Research & Development,3,4,Medical,1,4005,127460,2,Male,73,3,3,Research Director,3,Divorced,13675,13523,9,Y,No,12,3,1,80,1,9,3,3,2,2,2,2,GlassDoor
31,Current employee,Travel_Frequently,1327,Research & Development,3,4,Life Sciences,1,4007,127462,2,Male,73,3,3,Research Director,3,Divorced,13675,13523,1,Y,No,12,3,1,80,1,9,3,3,2,2,2,2,GlassDoor
31,Current employee,Travel_Frequently,1327,Research & Development,3,4,Medical,1,4009,127464,2,Male,73,3,3,Research Director,3,Divorced,13675,13523,9,Y,No,12,3,1,80,1,9,3,3,2,2,2,2,GlassDoor
31,Current employee,Travel_Frequently,1327,Research & Development,3,4,Life Sciences,1,4010,127465,2,Male,73,3,3,Research Director,3,Divorced,13675,13523,1,Y,No,12,3,1,80,1,9,3,3,2,2,2,2,GlassDoor
31,Current employee,Travel_Frequently,1327,Research & Development,3,4,Medical,1,4013,127468,2,Male,73,3,3,Research Director,3,Divorced,13675,13523,9,Y,No,12,3,1,80,1,9,3,3,2,2,2,2,GlassDoor
31,Current employee,Travel_Frequently,1327,Research & Development,3,4,Life Sciences,1,4015,127470,2,Male,73,3,3,Research Director,3,Divorced,13675,13523,1,Y,No,12,3,1,80,1,9,3,3,2,2,2,2,GlassDoor
31,Current employee,Travel_Frequently,1327,Research & Development,3,4,Medical,1,4017,127472,2,Male,73,3,3,Research Director,3,Divorced,13675,13523,9,Y,No,12,3,1,80,1,9,3,3,2,2,2,2,GlassDoor
31,Current employee,Travel_Frequently,1327,Research & Development,3,4,Life Sciences,1,4018,127473,2,Male,73,3,3,Research Director,3,Divorced,13675,13523,1,Y,No,12,3,1,80,1,9,3,3,2,2,2,2,GlassDoor
31,Current employee,Travel_Rarely,1463,Research & Development,23,3,Medical,1,4340,127795,2,Male,64,2,2,Healthcare Representative,4,Married,5582,14408,0,Y,No,21,4,2,80,1,10,2,3,9,0,7,8,Indeed
31,Current employee,Travel_Rarely,1463,Research & Development,23,3,Other,1,4343,127798,2,Male,64,2,2,Healthcare Representative,4,Married,5582,14408,0,Y,No,21,4,2,80,1,10,2,3,9,0,7,8,Indeed
31,Current employee,Travel_Rarely,1463,Research & Development,23,3,Medical,1,4346,127801,2,Male,64,2,2,Healthcare Representative,4,Married,5582,14408,0,Y,No,21,4,2,80,1,10,2,3,9,0,7,8,Indeed
31,Current employee,Travel_Rarely,1463,Research & Development,23,3,Other,1,4347,127802,2,Male,64,2,2,Healthcare Representative,4,Married,5582,14408,0,Y,No,21,4,2,80,1,10,2,3,9,0,7,8,Indeed
31,Current employee,Travel_Rarely,1463,Research & Development,23,3,Medical,1,4348,127803,2,Male,64,2,2,Healthcare Representative,4,Married,5582,14408,0,Y,No,21,4,2,80,1,10,2,3,9,0,7,8,Indeed
31,Current employee,Travel_Rarely,1463,Research & Development,23,3,Other,1,4351,127806,2,Male,64,2,2,Healthcare Representative,4,Married,5582,14408,0,Y,No,21,4,2,80,1,10,2,3,9,0,7,8,Indeed
31,Current employee,Travel_Rarely,1463,Research & Development,23,3,Medical,1,4354,127809,2,Male,64,2,2,Healthcare Representative,4,Married,5582,14408,0,Y,No,21,4,2,80,1,10,2,3,9,0,7,8,Indeed
31,Current employee,Travel_Rarely,1463,Research & Development,23,3,Other,1,4355,127810,2,Male,64,2,2,Healthcare Representative,4,Married,5582,14408,0,Y,No,21,4,2,80,1,10,2,3,9,0,7,8,Indeed
31,Current employee,Travel_Rarely,1222,Research & Development,11,4,Life Sciences,1,4720,128175,2,Female,50,3,1,Research Scientist,4,Single,3310,4488,1,Y,No,21,3,4,80,0,5,3,3,5,3,0,2,Seek
31,Current employee,Travel_Rarely,1222,Research & Development,11,4,Medical,1,4722,128177,2,Female,50,3,1,Research Scientist,4,Single,3310,4488,3,Y,No,21,3,4,80,0,5,3,3,5,3,0,2,Seek
31,Current employee,Travel_Rarely,1222,Research & Development,11,4,Life Sciences,1,4725,128180,2,Female,50,3,1,Research Scientist,4,Single,3310,4488,1,Y,No,21,4,4,80,0,5,3,3,5,3,0,2,Seek
31,Current employee,Travel_Rarely,1222,Research & Development,11,4,Medical,1,4726,128181,2,Female,50,3,1,Research Scientist,4,Single,3310,4488,3,Y,No,21,4,4,80,0,5,3,3,5,3,0,2,Seek
31,Current employee,Travel_Rarely,1222,Research & Development,11,4,Life Sciences,1,4727,128182,2,Female,50,3,1,Research Scientist,4,Single,3310,4488,1,Y,No,21,3,4,80,0,5,3,3,5,3,0,2,Seek
31,Current employee,Travel_Rarely,1222,Research & Development,11,4,Medical,1,4729,128184,2,Female,50,3,1,Research Scientist,4,Single,3310,4488,3,Y,No,21,3,4,80,0,5,3,3,5,3,0,2,Seek
31,Current employee,Travel_Rarely,1222,Research & Development,11,4,Life Sciences,1,4732,128187,2,Female,50,3,1,Research Scientist,4,Single,3310,4488,1,Y,No,21,4,4,80,0,5,3,3,5,3,0,2,Seek
31,Current employee,Travel_Rarely,1222,Research & Development,11,4,Medical,1,4733,128188,2,Female,50,3,1,Research Scientist,4,Single,3310,4488,3,Y,No,21,4,4,80,0,5,3,3,5,3,0,2,Seek
31,Current employee,Travel_Frequently,444,Sales,5,3,Marketing,1,4764,128219,4,Female,84,3,1,Sales Representative,2,Divorced,2789,3909,1,Y,No,11,4,3,80,1,2,5,2,2,2,2,2,Company Website
31,Current employee,Travel_Frequently,444,Sales,5,3,Life Sciences,1,4767,128222,4,Female,84,3,1,Sales Representative,2,Divorced,2789,3909,8,Y,No,11,3,3,80,1,2,5,2,2,2,2,2,Company Website
31,Current employee,Travel_Frequently,444,Sales,5,3,Marketing,1,4768,128223,4,Female,84,3,1,Sales Representative,2,Divorced,2789,3909,1,Y,No,11,3,3,80,1,2,5,2,2,2,2,2,Company Website
31,Current employee,Travel_Frequently,444,Sales,5,3,Life Sciences,1,4769,128224,4,Female,84,3,1,Sales Representative,2,Divorced,2789,3909,8,Y,No,11,3,3,80,1,2,5,2,2,2,2,2,Company Website
31,Current employee,Travel_Frequently,444,Sales,5,3,Life Sciences,1,4774,128229,4,Female,84,3,1,Sales Representative,2,Divorced,2789,3909,8,Y,No,11,3,3,80,1,2,5,2,2,2,2,2,Company Website
31,Current employee,Travel_Frequently,444,Sales,5,3,Marketing,1,4775,128230,4,Female,84,3,1,Sales Representative,2,Divorced,2789,3909,1,Y,No,11,3,3,80,1,2,5,2,2,2,2,2,Company Website
31,Current employee,Travel_Frequently,444,Sales,5,3,Life Sciences,1,4776,128231,4,Female,84,3,1,Sales Representative,2,Divorced,2789,3909,8,Y,No,11,3,3,80,1,2,5,2,2,2,2,2,Company Website
31,Current employee,Travel_Rarely,218,Sales,7,3,Technical Degree,1,4929,128384,2,Male,100,4,2,Sales Executive,4,Married,6929,12241,4,Y,No,11,3,2,80,1,10,3,2,8,7,7,7,Seek
31,Current employee,Travel_Rarely,218,Sales,7,3,Marketing,1,4931,128386,2,Male,100,4,2,Sales Executive,4,Married,6929,12241,5,Y,No,11,3,2,80,1,10,3,2,8,7,7,7,Seek
31,Current employee,Travel_Rarely,218,Sales,7,3,Technical Degree,1,4933,128388,2,Male,100,4,2,Sales Executive,4,Married,6929,12241,4,Y,No,11,3,2,80,1,10,3,2,8,7,7,7,Seek
31,Current employee,Travel_Rarely,218,Sales,7,3,Marketing,1,4934,128389,2,Male,100,4,2,Sales Executive,4,Married,6929,12241,5,Y,No,11,3,2,80,1,10,3,2,8,7,7,7,Seek
31,Current employee,Travel_Rarely,218,Sales,7,3,Technical Degree,1,4937,128392,2,Male,100,4,2,Sales Executive,4,Married,6929,12241,4,Y,No,11,3,2,80,1,10,3,2,8,7,7,7,Seek
31,Current employee,Travel_Rarely,218,Sales,7,3,Marketing,1,4939,128394,2,Male,100,4,2,Sales Executive,4,Married,6929,12241,5,Y,No,11,3,2,80,1,10,3,2,8,7,7,7,Seek
31,Current employee,Travel_Rarely,218,Sales,7,3,Technical Degree,1,4941,128396,2,Male,100,4,2,Sales Executive,4,Married,6929,12241,4,Y,No,11,3,2,80,1,10,3,2,8,7,7,7,Seek
31,Current employee,Travel_Rarely,218,Sales,7,3,Marketing,1,4942,128397,2,Male,100,4,2,Sales Executive,4,Married,6929,12241,5,Y,No,11,3,2,80,1,10,3,2,8,7,7,7,Seek
31,Current employee,Travel_Rarely,154,Sales,7,4,Life Sciences,1,4946,128401,2,Male,50,4,3,Healthcare Representative,4,Divorced,9613,10942,0,Y,No,17,3,1,80,3,19,5,2,18,10,3,7,Jora
31,Current employee,Travel_Rarely,154,Sales,7,4,Marketing,1,4948,128403,2,Male,50,4,3,Healthcare Representative,4,Divorced,9613,10942,0,Y,No,17,3,1,80,3,19,5,2,18,10,3,7,Jora
31,Current employee,Travel_Rarely,154,Sales,7,4,Life Sciences,1,4949,128404,2,Male,50,4,3,Healthcare Representative,4,Divorced,9613,10942,0,Y,No,17,3,1,80,3,19,5,2,18,10,3,7,Jora
31,Current employee,Travel_Rarely,154,Sales,7,4,Marketing,1,4950,128405,2,Male,50,4,3,Healthcare Representative,4,Divorced,9613,10942,0,Y,No,17,3,1,80,3,19,5,2,18,10,3,7,Jora
31,Current employee,Travel_Rarely,154,Sales,7,4,Life Sciences,1,4954,128409,2,Male,50,4,3,Healthcare Representative,4,Divorced,9613,10942,0,Y,No,17,3,1,80,3,19,5,2,18,10,3,7,Jora
31,Current employee,Travel_Rarely,154,Sales,7,4,Marketing,1,4956,128411,2,Male,50,4,3,Healthcare Representative,4,Divorced,9613,10942,0,Y,No,17,3,1,80,3,19,5,2,18,10,3,7,Jora
31,Current employee,Travel_Rarely,154,Sales,7,4,Life Sciences,1,4957,128412,2,Male,50,4,3,Healthcare Representative,4,Divorced,9613,10942,0,Y,No,17,3,1,80,3,19,5,2,18,10,3,7,Jora
31,Current employee,Travel_Rarely,154,Sales,7,4,Marketing,1,4958,128413,2,Male,50,4,3,Healthcare Representative,4,Divorced,9613,10942,0,Y,No,17,3,1,80,3,19,5,2,18,10,3,7,Jora
31,Current employee,Travel_Rarely,691,Research & Development,5,4,Technical Degree,1,5025,128480,3,Male,86,3,1,Research Scientist,4,Married,4821,10077,0,Y,Yes,12,3,3,80,1,6,4,3,5,2,0,3,LinkedIn
31,Current employee,Travel_Rarely,691,Research & Development,5,4,Life Sciences,1,5028,128483,3,Male,86,3,1,Research Scientist,4,Married,4821,10077,3,Y,Yes,12,3,3,80,1,6,4,3,5,2,0,3,LinkedIn
31,Current employee,Travel_Rarely,691,Research & Development,5,4,Technical Degree,1,5029,128484,3,Male,86,3,1,Research Scientist,4,Married,4821,10077,0,Y,Yes,12,3,3,80,1,6,4,3,5,2,0,3,LinkedIn
31,Current employee,Travel_Rarely,691,Research & Development,5,4,Life Sciences,1,5030,128485,3,Male,86,3,1,Research Scientist,4,Married,4821,10077,3,Y,Yes,12,3,3,80,1,6,4,3,5,2,0,3,LinkedIn
31,Current employee,Travel_Rarely,691,Research & Development,5,4,Technical Degree,1,5033,128488,3,Male,86,3,1,Research Scientist,4,Married,4821,10077,0,Y,Yes,12,3,3,80,1,6,4,3,5,2,0,3,LinkedIn
31,Current employee,Travel_Rarely,691,Research & Development,5,4,Life Sciences,1,5036,128491,3,Male,86,3,1,Research Scientist,4,Married,4821,10077,3,Y,Yes,12,3,3,80,1,6,4,3,5,2,0,3,LinkedIn
31,Current employee,Travel_Rarely,691,Research & Development,5,4,Technical Degree,1,5037,128492,3,Male,86,3,1,Research Scientist,4,Married,4821,10077,0,Y,Yes,12,3,3,80,1,6,4,3,5,2,0,3,LinkedIn
31,Current employee,Travel_Rarely,691,Research & Development,5,4,Life Sciences,1,5038,128493,3,Male,86,3,1,Research Scientist,4,Married,4821,10077,3,Y,Yes,12,3,3,80,1,6,4,3,5,2,0,3,LinkedIn
31,Current employee,Travel_Rarely,106,Human Resources,2,3,Human Resources,1,5041,128496,1,Male,62,2,2,Human Resources,1,Married,6410,17822,3,Y,No,12,3,4,80,0,9,1,3,2,2,1,0,Recruit.net
31,Current employee,Travel_Rarely,106,Human Resources,2,3,Life Sciences,1,5043,128498,1,Male,62,2,2,Human Resources,1,Married,6410,17822,0,Y,No,12,3,4,80,0,9,1,3,2,2,1,0,Recruit.net
31,Current employee,Travel_Rarely,106,Human Resources,2,3,Human Resources,1,5045,128500,1,Male,62,2,2,Human Resources,1,Married,6410,17822,3,Y,No,12,3,4,80,0,9,1,3,2,2,1,0,Recruit.net
31,Current employee,Travel_Rarely,106,Human Resources,2,3,Life Sciences,1,5046,128501,1,Male,62,2,2,Human Resources,1,Married,6410,17822,0,Y,No,12,3,4,80,0,9,1,3,2,2,1,0,Recruit.net
31,Current employee,Travel_Rarely,106,Human Resources,2,3,Human Resources,1,5049,128504,1,Male,62,2,2,Human Resources,1,Married,6410,17822,3,Y,No,12,3,4,80,0,9,1,3,2,2,1,0,Recruit.net
31,Current employee,Travel_Rarely,106,Human Resources,2,3,Life Sciences,1,5051,128506,1,Male,62,2,2,Human Resources,1,Married,6410,17822,0,Y,No,12,3,4,80,0,9,1,3,2,2,1,0,Recruit.net
31,Current employee,Travel_Rarely,106,Human Resources,2,3,Human Resources,1,5053,128508,1,Male,62,2,2,Human Resources,1,Married,6410,17822,3,Y,No,12,3,4,80,0,9,1,3,2,2,1,0,Recruit.net
31,Current employee,Travel_Rarely,106,Human Resources,2,3,Life Sciences,1,5054,128509,1,Male,62,2,2,Human Resources,1,Married,6410,17822,0,Y,No,12,3,4,80,0,9,1,3,2,2,1,0,Recruit.net
31,Current employee,Travel_Rarely,192,Research & Development,2,4,Life Sciences,1,5073,128528,3,Male,32,3,1,Research Scientist,4,Divorced,2695,7747,0,Y,Yes,18,3,2,80,1,3,2,1,2,2,2,2,Company Website
31,Current employee,Travel_Rarely,192,Research & Development,2,4,Life Sciences,1,5075,128530,3,Male,32,3,1,Research Scientist,4,Divorced,2695,7747,2,Y,Yes,18,3,2,80,1,3,2,1,2,2,2,2,Company Website
31,Current employee,Travel_Rarely,192,Research & Development,2,4,Life Sciences,1,5077,128532,3,Male,32,3,1,Research Scientist,4,Divorced,2695,7747,0,Y,Yes,18,3,2,80,1,3,2,1,2,2,2,2,Company Website
31,Current employee,Travel_Rarely,192,Research & Development,2,4,Life Sciences,1,5078,128533,3,Male,32,3,1,Research Scientist,4,Divorced,2695,7747,2,Y,Yes,18,3,2,80,1,3,2,1,2,2,2,2,Company Website
31,Current employee,Travel_Rarely,192,Research & Development,2,4,Life Sciences,1,5081,128536,3,Male,32,3,1,Research Scientist,4,Divorced,2695,7747,0,Y,Yes,18,3,2,80,1,3,2,1,2,2,2,2,Company Website
31,Current employee,Travel_Rarely,192,Research & Development,2,4,Life Sciences,1,5083,128538,3,Male,32,3,1,Research Scientist,4,Divorced,2695,7747,2,Y,Yes,18,3,2,80,1,3,2,1,2,2,2,2,Company Website
31,Current employee,Travel_Rarely,192,Research & Development,2,4,Life Sciences,1,5085,128540,3,Male,32,3,1,Research Scientist,4,Divorced,2695,7747,0,Y,Yes,18,3,2,80,1,3,2,1,2,2,2,2,Company Website
31,Current employee,Travel_Rarely,192,Research & Development,2,4,Life Sciences,1,5086,128541,3,Male,32,3,1,Research Scientist,4,Divorced,2695,7747,2,Y,Yes,18,3,2,80,1,3,2,1,2,2,2,2,Company Website
31,Current employee,Travel_Rarely,691,Sales,7,3,Marketing,1,5214,128669,4,Male,73,3,2,Sales Executive,4,Divorced,7547,7143,4,Y,No,12,3,4,80,3,13,3,3,7,7,1,7,Referral
31,Current employee,Travel_Rarely,691,Sales,7,3,Marketing,1,5216,128671,4,Male,73,3,2,Sales Executive,4,Divorced,7547,7143,5,Y,No,12,4,4,80,3,13,3,3,7,7,1,7,Referral
31,Current employee,Travel_Rarely,691,Sales,7,3,Marketing,1,5218,128673,4,Male,73,3,2,Sales Executive,4,Divorced,7547,7143,4,Y,No,12,3,4,80,3,13,3,3,7,7,1,7,Referral
31,Current employee,Travel_Rarely,691,Sales,7,3,Marketing,1,5219,128674,4,Male,73,3,2,Sales Executive,4,Divorced,7547,7143,5,Y,No,12,3,4,80,3,13,3,3,7,7,1,7,Referral
31,Current employee,Travel_Rarely,691,Sales,7,3,Marketing,1,5222,128677,4,Male,73,3,2,Sales Executive,4,Divorced,7547,7143,4,Y,No,12,3,4,80,3,13,3,3,7,7,1,7,Referral
31,Current employee,Travel_Rarely,691,Sales,7,3,Marketing,1,5224,128679,4,Male,73,3,2,Sales Executive,4,Divorced,7547,7143,5,Y,No,12,4,4,80,3,13,3,3,7,7,1,7,Referral
31,Current employee,Travel_Rarely,691,Sales,7,3,Marketing,1,5226,128681,4,Male,73,3,2,Sales Executive,4,Divorced,7547,7143,4,Y,No,12,3,4,80,3,13,3,3,7,7,1,7,Referral
31,Current employee,Travel_Rarely,691,Sales,7,3,Marketing,1,5227,128682,4,Male,73,3,2,Sales Executive,4,Divorced,7547,7143,5,Y,No,12,3,4,80,3,13,3,3,7,7,1,7,Referral
31,Current employee,Travel_Frequently,853,Research & Development,1,1,Life Sciences,1,5231,128686,2,Female,51,4,2,Research Scientist,4,Single,5055,10557,7,Y,No,16,3,3,80,0,10,0,2,7,7,0,7,Jora
31,Current employee,Travel_Frequently,853,Research & Development,1,1,Life Sciences,1,5232,128687,2,Female,51,4,2,Research Scientist,4,Single,5055,10557,2,Y,No,16,3,3,80,0,10,0,2,7,7,0,7,Jora
31,Current employee,Travel_Frequently,853,Research & Development,1,1,Life Sciences,1,5234,128689,2,Female,51,4,2,Research Scientist,4,Single,5055,10557,7,Y,No,16,3,3,80,0,10,0,2,7,7,0,7,Jora
31,Current employee,Travel_Frequently,853,Research & Development,1,1,Life Sciences,1,5235,128690,2,Female,51,4,2,Research Scientist,4,Single,5055,10557,2,Y,No,16,3,3,80,0,10,0,2,7,7,0,7,Jora
31,Current employee,Travel_Frequently,853,Research & Development,1,1,Life Sciences,1,5239,128694,2,Female,51,4,2,Research Scientist,4,Single,5055,10557,7,Y,No,16,3,3,80,0,10,0,2,7,7,0,7,Jora
31,Current employee,Travel_Frequently,853,Research & Development,1,1,Life Sciences,1,5240,128695,2,Female,51,4,2,Research Scientist,4,Single,5055,10557,2,Y,No,16,3,3,80,0,10,0,2,7,7,0,7,Jora
31,Current employee,Travel_Frequently,853,Research & Development,1,1,Life Sciences,1,5242,128697,2,Female,51,4,2,Research Scientist,4,Single,5055,10557,7,Y,No,16,3,3,80,0,10,0,2,7,7,0,7,Jora
31,Current employee,Travel_Frequently,853,Research & Development,1,1,Life Sciences,1,5243,128698,2,Female,51,4,2,Research Scientist,4,Single,5055,10557,2,Y,No,16,3,3,80,0,10,0,2,7,7,0,7,Jora
31,Current employee,Travel_Frequently,798,Research & Development,7,2,Life Sciences,1,5278,128733,3,Female,48,2,3,Manufacturing Director,3,Married,8943,14034,1,Y,No,24,3,1,80,1,10,2,3,10,9,8,9,Seek
31,Current employee,Travel_Frequently,798,Research & Development,7,2,Marketing,1,5280,128735,3,Female,48,2,3,Manufacturing Director,3,Married,8943,14034,1,Y,No,24,3,1,80,1,10,2,3,10,9,8,9,Seek
31,Current employee,Travel_Frequently,798,Research & Development,7,2,Life Sciences,1,5284,128739,3,Female,48,2,3,Manufacturing Director,3,Married,8943,14034,1,Y,No,24,4,1,80,1,10,2,3,10,9,8,9,Seek
31,Current employee,Travel_Frequently,798,Research & Development,7,2,Marketing,1,5285,128740,3,Female,48,2,3,Manufacturing Director,3,Married,8943,14034,1,Y,No,24,4,1,80,1,10,2,3,10,9,8,9,Seek
31,Current employee,Travel_Frequently,798,Research & Development,7,2,Life Sciences,1,5286,128741,3,Female,48,2,3,Manufacturing Director,3,Married,8943,14034,1,Y,No,24,3,1,80,1,10,2,3,10,9,8,9,Seek
31,Current employee,Travel_Frequently,798,Research & Development,7,2,Marketing,1,5288,128743,3,Female,48,2,3,Manufacturing Director,3,Married,8943,14034,1,Y,No,24,3,1,80,1,10,2,3,10,9,8,9,Seek
31,Current employee,Travel_Frequently,798,Research & Development,7,2,Life Sciences,1,5292,128747,3,Female,48,2,3,Manufacturing Director,3,Married,8943,14034,1,Y,No,24,4,1,80,1,10,2,3,10,9,8,9,Seek
31,Current employee,Travel_Frequently,798,Research & Development,7,2,Marketing,1,5293,128748,3,Female,48,2,3,Manufacturing Director,3,Married,8943,14034,1,Y,No,24,4,1,80,1,10,2,3,10,9,8,9,Seek
31,Current employee,Travel_Rarely,1232,Research & Development,7,4,Medical,1,5544,128999,3,Female,39,3,3,Manufacturing Director,4,Single,7143,25713,1,Y,Yes,14,3,3,80,0,11,2,2,11,9,4,10,Company Website
31,Current employee,Travel_Rarely,1232,Research & Development,7,4,Marketing,1,5546,129001,3,Female,39,3,3,Manufacturing Director,4,Single,7143,25713,1,Y,Yes,14,3,3,80,0,11,2,2,11,9,4,10,Company Website
31,Current employee,Travel_Rarely,1232,Research & Development,7,4,Medical,1,5548,129003,3,Female,39,3,3,Manufacturing Director,4,Single,7143,25713,1,Y,Yes,14,3,3,80,0,11,2,2,11,9,4,10,Company Website
31,Current employee,Travel_Rarely,1232,Research & Development,7,4,Marketing,1,5549,129004,3,Female,39,3,3,Manufacturing Director,4,Single,7143,25713,1,Y,Yes,14,3,3,80,0,11,2,2,11,9,4,10,Company Website
31,Current employee,Travel_Rarely,1232,Research & Development,7,4,Medical,1,5552,129007,3,Female,39,3,3,Manufacturing Director,4,Single,7143,25713,1,Y,Yes,14,3,3,80,0,11,2,2,11,9,4,10,Company Website
31,Current employee,Travel_Rarely,1232,Research & Development,7,4,Marketing,1,5554,129009,3,Female,39,3,3,Manufacturing Director,4,Single,7143,25713,1,Y,Yes,14,3,3,80,0,11,2,2,11,9,4,10,Company Website
31,Current employee,Travel_Rarely,1232,Research & Development,7,4,Medical,1,5556,129011,3,Female,39,3,3,Manufacturing Director,4,Single,7143,25713,1,Y,Yes,14,3,3,80,0,11,2,2,11,9,4,10,Company Website
31,Current employee,Travel_Rarely,1232,Research & Development,7,4,Marketing,1,5557,129012,3,Female,39,3,3,Manufacturing Director,4,Single,7143,25713,1,Y,Yes,14,3,3,80,0,11,2,2,11,9,4,10,Company Website
31,Current employee,Travel_Frequently,793,Sales,20,3,Life Sciences,1,5829,129284,2,Male,53,3,2,Healthcare Representative,3,Married,6755,2967,2,Y,No,11,3,3,80,0,15,2,3,3,2,1,2,Company Website
31,Current employee,Travel_Frequently,793,Sales,20,3,Medical,1,5831,129286,2,Male,53,3,2,Healthcare Representative,3,Married,6755,2967,0,Y,No,11,3,3,80,0,15,2,3,3,2,1,2,Company Website
31,Current employee,Travel_Frequently,793,Sales,20,3,Life Sciences,1,5832,129287,2,Male,53,3,2,Healthcare Representative,3,Married,6755,2967,2,Y,No,11,3,3,80,0,15,2,3,3,2,1,2,Company Website
31,Current employee,Travel_Frequently,793,Sales,20,3,Medical,1,5833,129288,2,Male,53,3,2,Healthcare Representative,3,Married,6755,2967,0,Y,No,11,3,3,80,0,15,2,3,3,2,1,2,Company Website
31,Current employee,Travel_Frequently,793,Sales,20,3,Life Sciences,1,5837,129292,2,Male,53,3,2,Healthcare Representative,3,Married,6755,2967,2,Y,No,11,3,3,80,0,15,2,3,3,2,1,2,Company Website
31,Current employee,Travel_Frequently,793,Sales,20,3,Medical,1,5839,129294,2,Male,53,3,2,Healthcare Representative,3,Married,6755,2967,0,Y,No,11,3,3,80,0,15,2,3,3,2,1,2,Company Website
31,Current employee,Travel_Frequently,793,Sales,20,3,Life Sciences,1,5840,129295,2,Male,53,3,2,Healthcare Representative,3,Married,6755,2967,2,Y,No,11,3,3,80,0,15,2,3,3,2,1,2,Company Website
31,Current employee,Travel_Frequently,793,Sales,20,3,Medical,1,5841,129296,2,Male,53,3,2,Healthcare Representative,3,Married,6755,2967,0,Y,No,11,3,3,80,0,15,2,3,3,2,1,2,Company Website
31,Current employee,Travel_Rarely,408,Research & Development,9,4,Life Sciences,1,5971,129426,3,Male,42,2,1,Research Scientist,2,Single,2657,7551,0,Y,Yes,16,3,4,80,0,3,5,3,2,2,2,2,Indeed
31,Current employee,Travel_Rarely,408,Research & Development,9,4,Medical,1,5973,129428,3,Male,42,2,1,Research Scientist,2,Single,2657,7551,3,Y,Yes,16,3,4,80,0,3,5,3,2,2,2,2,Indeed
31,Current employee,Travel_Rarely,408,Research & Development,9,4,Life Sciences,1,5975,129430,3,Male,42,2,1,Research Scientist,2,Single,2657,7551,0,Y,Yes,16,3,4,80,0,3,5,3,2,2,2,2,Indeed
31,Current employee,Travel_Rarely,408,Research & Development,9,4,Medical,1,5976,129431,3,Male,42,2,1,Research Scientist,2,Single,2657,7551,3,Y,Yes,16,3,4,80,0,3,5,3,2,2,2,2,Indeed
31,Current employee,Travel_Rarely,408,Research & Development,9,4,Life Sciences,1,5979,129434,3,Male,42,2,1,Research Scientist,2,Single,2657,7551,0,Y,Yes,16,3,4,80,0,3,5,3,2,2,2,2,Indeed
31,Current employee,Travel_Rarely,408,Research & Development,9,4,Medical,1,5981,129436,3,Male,42,2,1,Research Scientist,2,Single,2657,7551,3,Y,Yes,16,3,4,80,0,3,5,3,2,2,2,2,Indeed
31,Current employee,Travel_Rarely,408,Research & Development,9,4,Life Sciences,1,5983,129438,3,Male,42,2,1,Research Scientist,2,Single,2657,7551,0,Y,Yes,16,3,4,80,0,3,5,3,2,2,2,2,Indeed
31,Current employee,Travel_Rarely,408,Research & Development,9,4,Medical,1,5984,129439,3,Male,42,2,1,Research Scientist,2,Single,2657,7551,3,Y,Yes,16,3,4,80,0,3,5,3,2,2,2,2,Indeed
31,Current employee,Travel_Rarely,480,Research & Development,7,2,Medical,1,6371,129826,2,Female,31,3,2,Manufacturing Director,1,Married,4306,4156,1,Y,No,12,3,2,80,1,13,5,1,13,10,3,12,LinkedIn
31,Current employee,Travel_Rarely,480,Research & Development,7,2,Marketing,1,6374,129829,2,Female,31,3,2,Manufacturing Director,1,Married,4306,4156,1,Y,No,12,3,2,80,1,13,5,1,13,10,3,12,LinkedIn
31,Current employee,Travel_Rarely,480,Research & Development,7,2,Medical,1,6375,129830,2,Female,31,3,2,Manufacturing Director,1,Married,4306,4156,1,Y,No,12,3,2,80,1,13,5,1,13,10,3,12,LinkedIn
31,Current employee,Travel_Rarely,480,Research & Development,7,2,Marketing,1,6376,129831,2,Female,31,3,2,Manufacturing Director,1,Married,4306,4156,1,Y,No,12,3,2,80,1,13,5,1,13,10,3,12,LinkedIn
31,Current employee,Travel_Rarely,480,Research & Development,7,2,Medical,1,6379,129834,2,Female,31,3,2,Manufacturing Director,1,Married,4306,4156,1,Y,No,12,3,2,80,1,13,5,1,13,10,3,12,LinkedIn
31,Current employee,Travel_Rarely,480,Research & Development,7,2,Marketing,1,6382,129837,2,Female,31,3,2,Manufacturing Director,1,Married,4306,4156,1,Y,No,12,3,2,80,1,13,5,1,13,10,3,12,LinkedIn
31,Current employee,Travel_Rarely,480,Research & Development,7,2,Medical,1,6383,129838,2,Female,31,3,2,Manufacturing Director,1,Married,4306,4156,1,Y,No,12,3,2,80,1,13,5,1,13,10,3,12,LinkedIn
31,Current employee,Travel_Rarely,480,Research & Development,7,2,Marketing,1,6384,129839,2,Female,31,3,2,Manufacturing Director,1,Married,4306,4156,1,Y,No,12,3,2,80,1,13,5,1,13,10,3,12,LinkedIn
31,Current employee,Travel_Rarely,329,Research & Development,1,2,Life Sciences,1,6451,129906,4,Male,98,2,1,Laboratory Technician,1,Married,2218,16193,1,Y,No,12,3,3,80,1,4,3,3,4,2,3,2,Company Website
31,Current employee,Travel_Rarely,329,Research & Development,1,2,Life Sciences,1,6453,129908,4,Male,98,2,1,Laboratory Technician,1,Married,2218,16193,0,Y,No,12,3,3,80,1,4,3,3,4,2,3,2,Company Website
31,Current employee,Travel_Rarely,329,Research & Development,1,2,Life Sciences,1,6457,129912,4,Male,98,2,1,Laboratory Technician,1,Married,2218,16193,1,Y,No,12,3,3,80,1,4,3,3,4,2,3,2,Company Website
31,Current employee,Travel_Rarely,329,Research & Development,1,2,Life Sciences,1,6458,129913,4,Male,98,2,1,Laboratory Technician,1,Married,2218,16193,0,Y,No,12,3,3,80,1,4,3,3,4,2,3,2,Company Website
31,Current employee,Travel_Rarely,329,Research & Development,1,2,Life Sciences,1,6459,129914,4,Male,98,2,1,Laboratory Technician,1,Married,2218,16193,1,Y,No,12,3,3,80,1,4,3,3,4,2,3,2,Company Website
31,Current employee,Travel_Rarely,329,Research & Development,1,2,Life Sciences,1,6461,129916,4,Male,98,2,1,Laboratory Technician,1,Married,2218,16193,0,Y,No,12,3,3,80,1,4,3,3,4,2,3,2,Company Website
31,Current employee,Travel_Rarely,329,Research & Development,1,2,Life Sciences,1,6465,129920,4,Male,98,2,1,Laboratory Technician,1,Married,2218,16193,1,Y,No,12,3,3,80,1,4,3,3,4,2,3,2,Company Website
31,Current employee,Travel_Rarely,329,Research & Development,1,2,Life Sciences,1,6466,129921,4,Male,98,2,1,Laboratory Technician,1,Married,2218,16193,0,Y,No,12,3,3,80,1,4,3,3,4,2,3,2,Company Website
31,Current employee,Non-Travel,587,Sales,2,4,Life Sciences,1,6747,130202,2,Female,56,3,1,Research Scientist,4,Divorced,2886,3032,1,Y,No,22,4,2,80,2,3,3,1,3,2,0,2,Company Website
31,Current employee,Non-Travel,587,Sales,2,4,Life Sciences,1,6748,130203,2,Female,56,3,1,Research Scientist,4,Divorced,2886,3032,2,Y,No,22,3,2,80,2,3,3,1,3,2,0,2,Company Website
31,Current employee,Non-Travel,587,Sales,2,4,Life Sciences,1,6752,130207,2,Female,56,3,1,Research Scientist,4,Divorced,2886,3032,1,Y,No,22,4,2,80,2,3,3,1,3,2,0,2,Company Website
31,Current employee,Non-Travel,587,Sales,2,4,Life Sciences,1,6753,130208,2,Female,56,3,1,Research Scientist,4,Divorced,2886,3032,2,Y,No,22,4,2,80,2,3,3,1,3,2,0,2,Company Website
31,Current employee,Non-Travel,587,Sales,2,4,Life Sciences,1,6754,130209,2,Female,56,3,1,Research Scientist,4,Divorced,2886,3032,1,Y,No,22,4,2,80,2,3,3,1,3,2,0,2,Company Website
31,Current employee,Non-Travel,587,Sales,2,4,Life Sciences,1,6755,130210,2,Female,56,3,1,Research Scientist,4,Divorced,2886,3032,2,Y,No,22,3,2,80,2,3,3,1,3,2,0,2,Company Website
31,Current employee,Non-Travel,587,Sales,2,4,Life Sciences,1,6759,130214,2,Female,56,3,1,Research Scientist,4,Divorced,2886,3032,1,Y,No,22,4,2,80,2,3,3,1,3,2,0,2,Company Website
31,Current employee,Non-Travel,587,Sales,2,4,Life Sciences,1,6760,130215,2,Female,56,3,1,Research Scientist,4,Divorced,2886,3032,2,Y,No,22,4,2,80,2,3,3,1,3,2,0,2,Company Website
31,Current employee,Travel_Rarely,1274,Research & Development,9,1,Life Sciences,1,6984,130439,3,Male,33,3,3,Manufacturing Director,2,Divorced,10648,14394,1,Y,No,25,4,4,80,1,13,6,4,13,8,0,8,Indeed
31,Current employee,Travel_Rarely,1274,Research & Development,9,1,Medical,1,6987,130442,3,Male,33,3,3,Manufacturing Director,2,Divorced,10648,14394,1,Y,No,25,3,4,80,1,13,6,4,13,8,0,8,Indeed
31,Current employee,Travel_Rarely,1274,Research & Development,9,1,Life Sciences,1,6988,130443,3,Male,33,3,3,Manufacturing Director,2,Divorced,10648,14394,1,Y,No,25,4,4,80,1,13,6,4,13,8,0,8,Indeed
31,Current employee,Travel_Rarely,1274,Research & Development,9,1,Medical,1,6991,130446,3,Male,33,3,3,Manufacturing Director,2,Divorced,10648,14394,1,Y,No,25,4,4,80,1,13,6,4,13,8,0,8,Indeed
31,Current employee,Travel_Rarely,1274,Research & Development,9,1,Medical,1,6994,130449,3,Male,33,3,3,Manufacturing Director,2,Divorced,10648,14394,1,Y,No,25,3,4,80,1,13,6,4,13,8,0,8,Indeed
31,Current employee,Travel_Rarely,1274,Research & Development,9,1,Life Sciences,1,6995,130450,3,Male,33,3,3,Manufacturing Director,2,Divorced,10648,14394,1,Y,No,25,4,4,80,1,13,6,4,13,8,0,8,Indeed
31,Current employee,Travel_Rarely,1274,Research & Development,9,1,Medical,1,6998,130453,3,Male,33,3,3,Manufacturing Director,2,Divorced,10648,14394,1,Y,No,25,4,4,80,1,13,6,4,13,8,0,8,Indeed
31,Current employee,Travel_Rarely,182,Research & Development,8,5,Life Sciences,1,7191,130646,2,Male,57,3,2,Sales Executive,3,Married,4717,18659,9,Y,No,11,3,3,80,0,15,2,3,11,9,6,9,Jora
31,Current employee,Travel_Rarely,182,Research & Development,8,5,Medical,1,7193,130648,2,Male,57,3,2,Sales Executive,3,Married,4717,18659,6,Y,No,11,3,3,80,0,15,2,3,11,9,6,9,Jora
31,Current employee,Travel_Rarely,182,Research & Development,8,5,Life Sciences,1,7194,130649,2,Male,57,3,2,Sales Executive,3,Married,4717,18659,9,Y,No,11,3,3,80,0,15,2,3,11,9,6,9,Jora
31,Current employee,Travel_Rarely,182,Research & Development,8,5,Medical,1,7195,130650,2,Male,57,3,2,Sales Executive,3,Married,4717,18659,6,Y,No,11,3,3,80,0,15,2,3,11,9,6,9,Jora
31,Current employee,Travel_Rarely,182,Research & Development,8,5,Life Sciences,1,7199,130654,2,Male,57,3,2,Sales Executive,3,Married,4717,18659,9,Y,No,11,3,3,80,0,15,2,3,11,9,6,9,Jora
31,Current employee,Travel_Rarely,182,Research & Development,8,5,Medical,1,7201,130656,2,Male,57,3,2,Sales Executive,3,Married,4717,18659,6,Y,No,11,3,3,80,0,15,2,3,11,9,6,9,Jora
31,Current employee,Travel_Rarely,182,Research & Development,8,5,Life Sciences,1,7202,130657,2,Male,57,3,2,Sales Executive,3,Married,4717,18659,9,Y,No,11,3,3,80,0,15,2,3,11,9,6,9,Jora
31,Current employee,Travel_Rarely,182,Research & Development,8,5,Medical,1,7203,130658,2,Male,57,3,2,Sales Executive,3,Married,4717,18659,6,Y,No,11,3,3,80,0,15,2,3,11,9,6,9,Jora
31,Current employee,Travel_Rarely,828,Sales,2,1,Life Sciences,1,7237,130692,2,Male,77,3,2,Sales Executive,4,Single,6582,8346,4,Y,Yes,13,3,3,80,0,10,2,4,6,5,0,5,Company Website
31,Current employee,Travel_Rarely,828,Sales,2,1,Life Sciences,1,7239,130694,2,Male,77,3,2,,,Single,6582,8346,4,Y,Yes,13,3,3,80,0,10,2,4,6,5,0,5,Company Website
31,Current employee,Travel_Rarely,828,Sales,2,1,Life Sciences,1,7241,130696,2,Male,77,3,2,Sales Executive,4,Single,6582,8346,4,Y,Yes,13,3,3,80,0,10,2,4,6,5,0,5,Company Website
31,Current employee,Travel_Rarely,828,Sales,2,1,Life Sciences,1,7242,130697,2,Male,77,3,2,Sales Executive,4,Single,6582,8346,4,Y,Yes,13,3,3,80,0,10,2,4,6,5,0,5,Company Website
31,Current employee,Travel_Rarely,828,Sales,2,1,Life Sciences,1,7245,130700,2,Male,77,3,2,Sales Executive,4,Single,6582,8346,4,Y,Yes,13,3,3,80,0,10,2,4,6,5,0,5,Company Website
31,Current employee,Travel_Rarely,828,Sales,2,1,Life Sciences,1,7247,130702,2,Male,77,3,2,Sales Executive,4,Single,6582,8346,4,Y,Yes,13,3,3,80,0,10,2,4,6,5,0,5,Company Website
31,Current employee,Travel_Rarely,828,Sales,2,1,Life Sciences,1,7249,130704,2,Male,77,3,2,Sales Executive,4,Single,6582,8346,4,Y,Yes,13,3,3,80,0,10,2,4,6,5,0,5,Company Website
31,Current employee,Travel_Rarely,828,Sales,2,1,Life Sciences,1,7250,130705,2,Male,77,3,2,Sales Executive,4,Single,6582,8346,4,Y,Yes,13,3,3,80,0,10,2,4,6,5,0,5,Company Website
31,Current employee,Travel_Rarely,326,Sales,8,2,Life Sciences,1,7301,130756,2,Male,57,3,2,Manufacturing Director,4,Divorced,4262,22645,4,Y,No,12,4,2,80,2,8,2,4,3,2,1,2,GlassDoor
31,Current employee,Travel_Rarely,326,Sales,8,2,Medical,1,7302,130757,2,Male,57,3,2,Manufacturing Director,4,Divorced,4262,22645,1,Y,No,12,4,2,80,2,8,2,4,3,2,1,2,GlassDoor
31,Current employee,Travel_Rarely,326,Sales,8,2,Life Sciences,1,7306,130761,2,Male,57,3,2,Manufacturing Director,4,Divorced,4262,22645,4,Y,No,12,3,2,80,2,8,2,4,3,2,1,2,GlassDoor
31,Current employee,Travel_Rarely,326,Sales,8,2,Medical,1,7307,130762,2,Male,57,3,2,Manufacturing Director,4,Divorced,4262,22645,1,Y,No,12,3,2,80,2,8,2,4,3,2,1,2,GlassDoor
31,Current employee,Travel_Rarely,326,Sales,8,2,Medical,1,7309,130764,2,Male,57,3,2,Manufacturing Director,4,Divorced,4262,22645,1,Y,No,12,4,2,80,2,8,2,4,3,2,1,2,GlassDoor
31,Current employee,Travel_Rarely,326,Sales,8,2,Life Sciences,1,7313,130768,2,Male,57,3,2,Manufacturing Director,4,Divorced,4262,22645,4,Y,No,12,3,2,80,2,8,2,4,3,2,1,2,GlassDoor
31,Current employee,Travel_Rarely,326,Sales,8,2,Medical,1,7314,130769,2,Male,57,3,2,Manufacturing Director,4,Divorced,4262,22645,1,Y,No,12,3,2,80,2,8,2,4,3,2,1,2,GlassDoor
31,Current employee,Travel_Rarely,688,Sales,7,3,Life Sciences,1,7330,130785,3,Male,44,2,3,Manager,4,Divorced,11557,25291,9,Y,No,21,3,3,80,1,10,3,2,5,4,0,1,Indeed
31,Current employee,Travel_Rarely,688,Sales,7,3,Marketing,1,7333,130788,3,Male,44,2,3,Manager,4,Divorced,11557,25291,1,Y,No,21,4,3,80,1,10,3,2,5,4,0,1,Indeed
31,Current employee,Travel_Rarely,688,Sales,7,3,Life Sciences,1,7334,130789,3,Male,44,2,3,Manager,4,Divorced,11557,25291,9,Y,No,21,4,3,80,1,10,3,2,5,4,0,1,Indeed
31,Current employee,Travel_Rarely,688,Sales,7,3,Marketing,1,7337,130792,3,Male,44,2,3,Manager,4,Divorced,11557,25291,1,Y,No,21,4,3,80,1,10,3,2,5,4,0,1,Indeed
31,Current employee,Travel_Rarely,688,Sales,7,3,Life Sciences,1,7338,130793,3,Male,44,2,3,Manager,4,Divorced,11557,25291,9,Y,No,21,3,3,80,1,10,3,2,5,4,0,1,Indeed
31,Current employee,Travel_Rarely,688,Sales,7,3,Marketing,1,7340,130795,3,Male,44,2,3,Manager,4,Divorced,11557,25291,1,Y,No,21,4,3,80,1,10,3,2,5,4,0,1,Indeed
31,Current employee,Travel_Rarely,688,Sales,7,3,Life Sciences,1,7341,130796,3,Male,44,2,3,Manager,4,Divorced,11557,25291,9,Y,No,21,4,3,80,1,10,3,2,5,4,0,1,Indeed
31,Current employee,Travel_Rarely,688,Sales,7,3,Marketing,1,7344,130799,3,Male,44,2,3,Manager,4,Divorced,11557,25291,1,Y,No,21,4,3,80,1,10,3,2,5,4,0,1,Indeed
31,Current employee,Travel_Rarely,525,Sales,6,4,Medical,1,7759,131214,1,Male,66,4,2,Sales Executive,4,Divorced,5460,6219,4,Y,No,22,3,4,80,2,13,4,4,7,7,5,7,LinkedIn
31,Current employee,Travel_Rarely,525,Sales,6,4,Marketing,1,7761,131216,1,Male,66,4,2,Sales Executive,4,Divorced,5460,6219,5,Y,No,22,3,4,80,2,13,4,4,7,7,5,7,LinkedIn
31,Current employee,Travel_Rarely,525,Sales,6,4,Medical,1,7763,131218,1,Male,66,4,2,Sales Executive,4,Divorced,5460,6219,4,Y,No,22,4,4,80,2,13,4,4,7,7,5,7,LinkedIn
31,Current employee,Travel_Rarely,525,Sales,6,4,Marketing,1,7764,131219,1,Male,66,4,2,Sales Executive,4,Divorced,5460,6219,5,Y,No,22,4,4,80,2,13,4,4,7,7,5,7,LinkedIn
31,Current employee,Travel_Rarely,525,Sales,6,4,Marketing,1,7768,131223,1,Male,66,4,2,Sales Executive,4,Divorced,5460,6219,5,Y,No,22,3,4,80,2,13,4,4,7,7,5,7,LinkedIn
31,Current employee,Travel_Rarely,525,Sales,6,4,Medical,1,7770,131225,1,Male,66,4,2,Sales Executive,4,Divorced,5460,6219,4,Y,No,22,4,4,80,2,13,4,4,7,7,5,7,LinkedIn
31,Current employee,Travel_Rarely,525,Sales,6,4,Marketing,1,7771,131226,1,Male,66,4,2,Sales Executive,4,Divorced,5460,6219,5,Y,No,22,4,4,80,2,13,4,4,7,7,5,7,LinkedIn
31,Current employee,Travel_Rarely,1112,Sales,5,4,Life Sciences,1,8359,131814,2,Male,60,4,1,Research Scientist,4,Single,4680,15232,3,Y,No,17,3,1,80,0,4,2,3,1,0,0,0,GlassDoor
31,Current employee,Travel_Rarely,1112,Sales,5,4,Life Sciences,1,8360,131815,2,Male,60,4,1,Research Scientist,4,Single,4680,15232,3,Y,No,17,3,1,80,0,4,2,3,1,0,0,0,GlassDoor
31,Current employee,Travel_Rarely,1112,Sales,5,4,Life Sciences,1,8362,131817,2,Male,60,4,1,Research Scientist,4,Single,4680,15232,3,Y,No,17,3,1,80,0,4,2,3,1,0,0,0,GlassDoor
31,Current employee,Travel_Rarely,1112,Sales,5,4,Life Sciences,1,8363,131818,2,Male,60,4,1,Research Scientist,4,Single,4680,15232,3,Y,No,17,3,1,80,0,4,2,3,1,0,0,0,GlassDoor
31,Current employee,Travel_Rarely,1112,Sales,5,4,Life Sciences,1,8367,131822,2,Male,60,4,1,Research Scientist,4,Single,4680,15232,3,Y,No,17,3,1,80,0,4,2,3,1,0,0,0,GlassDoor
31,Current employee,Travel_Rarely,1112,Sales,5,4,Life Sciences,1,8368,131823,2,Male,60,4,1,Research Scientist,4,Single,4680,15232,3,Y,No,17,3,1,80,0,4,2,3,1,0,0,0,GlassDoor
31,Current employee,Travel_Rarely,1112,Sales,5,4,Life Sciences,1,8370,131825,2,Male,60,4,1,Research Scientist,4,Single,4680,15232,3,Y,No,17,3,1,80,0,4,2,3,1,0,0,0,GlassDoor
31,Current employee,Travel_Rarely,1112,Sales,5,4,Life Sciences,1,8371,131826,2,Male,60,4,1,Research Scientist,4,Single,4680,15232,3,Y,No,17,3,1,80,0,4,2,3,1,0,0,0,GlassDoor
31,Current employee,Travel_Rarely,741,Research & Development,2,4,Life Sciences,1,8638,132093,2,Male,60,2,5,Manager,3,Married,19189,19562,1,Y,No,12,3,2,80,1,22,3,3,22,7,2,10,GlassDoor
31,Current employee,Travel_Rarely,741,Research & Development,2,4,Life Sciences,1,8640,132095,2,Male,60,2,5,Manager,3,Married,19189,19562,1,Y,No,12,3,2,80,1,22,3,3,22,7,2,10,GlassDoor
31,Current employee,Travel_Rarely,741,Research & Development,2,4,Life Sciences,1,8641,132096,2,Male,60,2,5,Manager,3,Married,19189,19562,1,Y,No,12,3,2,80,1,22,3,3,22,7,2,10,GlassDoor
31,Current employee,Travel_Rarely,741,Research & Development,2,4,Life Sciences,1,8642,132097,2,Male,60,2,5,Manager,3,Married,19189,19562,1,Y,No,12,3,2,80,1,22,3,3,22,7,2,10,GlassDoor
31,Current employee,Travel_Rarely,741,Research & Development,2,4,Life Sciences,1,8648,132103,2,Male,60,2,5,Manager,3,Married,19189,19562,1,Y,No,12,3,2,80,1,22,3,3,22,7,2,10,GlassDoor
31,Current employee,Travel_Rarely,741,Research & Development,2,4,Life Sciences,1,8650,132105,2,Male,60,2,5,Manager,3,Married,19189,19562,1,Y,No,12,3,2,80,1,22,3,3,22,7,2,10,GlassDoor
31,Current employee,Travel_Rarely,741,Research & Development,2,4,Life Sciences,1,8651,132106,2,Male,60,2,5,Manager,3,Married,19189,19562,1,Y,No,12,3,2,80,1,22,3,3,22,7,2,10,GlassDoor
31,Current employee,Travel_Rarely,741,Research & Development,2,4,Life Sciences,1,8652,132107,2,Male,60,2,5,Manager,3,Married,19189,19562,1,Y,No,12,3,2,80,1,22,3,3,22,7,2,10,GlassDoor
31,Current employee,Travel_Rarely,311,Research & Development,20,3,Life Sciences,1,9349,132804,3,Female,62,4,2,Healthcare Representative,2,Married,4244,9931,1,Y,No,24,3,4,80,1,8,2,3,8,7,3,7,Seek
31,Current employee,Travel_Rarely,311,Research & Development,20,3,Other,1,9351,132806,3,Female,62,4,2,Healthcare Representative,2,Married,4244,9931,0,Y,No,24,3,4,80,1,8,2,3,8,7,3,7,Seek
31,Current employee,Travel_Rarely,311,Research & Development,20,3,Life Sciences,1,9352,132807,3,Female,62,4,2,Healthcare Representative,2,Married,4244,9931,1,Y,No,24,4,4,80,1,8,2,3,8,7,3,7,Seek
31,Current employee,Travel_Rarely,311,Research & Development,20,3,Other,1,9353,132808,3,Female,62,4,2,Healthcare Representative,2,Married,4244,9931,0,Y,No,24,4,4,80,1,8,2,3,8,7,3,7,Seek
31,Current employee,Travel_Rarely,311,Research & Development,20,3,Life Sciences,1,9357,132812,3,Female,62,4,2,Healthcare Representative,2,Married,4244,9931,1,Y,No,24,3,4,80,1,8,2,3,8,7,3,7,Seek
31,Current employee,Travel_Rarely,311,Research & Development,20,3,Other,1,9359,132814,3,Female,62,4,2,Healthcare Representative,2,Married,4244,9931,0,Y,No,24,3,4,80,1,8,2,3,8,7,3,7,Seek
31,Current employee,Travel_Rarely,311,Research & Development,20,3,Life Sciences,1,9360,132815,3,Female,62,4,2,Healthcare Representative,2,Married,4244,9931,1,Y,No,24,4,4,80,1,8,2,3,8,7,3,7,Seek
31,Current employee,Travel_Rarely,311,Research & Development,20,3,Other,1,9361,132816,3,Female,62,4,2,Healthcare Representative,2,Married,4244,9931,0,Y,No,24,4,4,80,1,8,2,3,8,7,3,7,Seek
31,Current employee,Travel_Frequently,1125,Research & Development,1,3,Life Sciences,1,9605,133060,3,Male,63,3,1,Research Scientist,3,Single,4382,16374,6,Y,No,17,3,4,80,0,5,3,2,2,2,2,1,Adzuna
31,Current employee,Travel_Frequently,1125,Research & Development,1,3,Life Sciences,1,9606,133061,3,Male,63,3,1,Research Scientist,3,Single,4382,16374,2,Y,No,17,3,4,80,0,5,3,2,2,2,2,1,Adzuna
31,Current employee,Travel_Frequently,1125,Research & Development,1,3,Life Sciences,1,9610,133065,3,Male,63,3,1,Research Scientist,3,Single,4382,16374,6,Y,No,17,3,4,80,0,5,3,2,2,2,2,1,Adzuna
31,Current employee,Travel_Frequently,1125,Research & Development,1,3,Life Sciences,1,9611,133066,3,Male,63,3,1,Research Scientist,3,Single,4382,16374,2,Y,No,17,3,4,80,0,5,3,2,2,2,2,1,Adzuna
31,Current employee,Travel_Frequently,1125,Research & Development,1,3,Life Sciences,1,9613,133068,3,Male,63,3,1,Research Scientist,3,Single,4382,16374,6,Y,No,17,3,4,80,0,5,3,2,2,2,2,1,Adzuna
31,Current employee,Travel_Frequently,1125,Research & Development,1,3,Life Sciences,1,9614,133069,3,Male,63,3,1,Research Scientist,3,Single,4382,16374,2,Y,No,17,3,4,80,0,5,3,2,2,2,2,1,Adzuna
31,Current employee,Travel_Frequently,1125,Research & Development,1,3,Life Sciences,1,9618,133073,3,Male,63,3,1,Research Scientist,3,Single,4382,16374,6,Y,No,17,3,4,80,0,5,3,2,2,2,2,1,Adzuna
31,Current employee,Travel_Frequently,1125,Research & Development,1,3,Life Sciences,1,9619,133074,3,Male,63,3,1,Research Scientist,3,Single,4382,16374,2,Y,No,17,3,4,80,0,5,3,2,2,2,2,1,Adzuna
31,Current employee,Travel_Rarely,1154,Sales,2,2,Life Sciences,1,9781,133236,3,Male,63,3,4,Research Director,1,Married,17159,5200,6,Y,No,24,3,3,80,1,22,3,3,4,1,1,0,Indeed
31,Current employee,Travel_Rarely,1154,Sales,2,2,Life Sciences,1,9782,133237,3,Male,63,3,4,Research Director,1,Married,17159,5200,1,Y,No,24,3,3,80,1,22,3,3,4,1,1,0,Indeed
31,Current employee,Travel_Rarely,1154,Sales,2,2,Life Sciences,1,9784,133239,3,Male,63,3,4,Research Director,1,Married,17159,5200,6,Y,No,24,4,3,80,1,22,3,3,4,1,1,0,Indeed
31,Current employee,Travel_Rarely,1154,Sales,2,2,Life Sciences,1,9785,133240,3,Male,63,3,4,Research Director,1,Married,17159,5200,1,Y,No,24,4,3,80,1,22,3,3,4,1,1,0,Indeed
31,Current employee,Travel_Rarely,1154,Sales,2,2,Life Sciences,1,9789,133244,3,Male,63,3,4,Research Director,1,Married,17159,5200,6,Y,No,24,3,3,80,1,22,3,3,4,1,1,0,Indeed
31,Current employee,Travel_Rarely,1154,Sales,2,2,Life Sciences,1,9790,133245,3,Male,63,3,4,Research Director,1,Married,17159,5200,1,Y,No,24,3,3,80,1,22,3,3,4,1,1,0,Indeed
31,Current employee,Travel_Rarely,1154,Sales,2,2,Life Sciences,1,9792,133247,3,Male,63,3,4,Research Director,1,Married,17159,5200,6,Y,No,24,4,3,80,1,22,3,3,4,1,1,0,Indeed
31,Current employee,Travel_Rarely,1154,Sales,2,2,Life Sciences,1,9793,133248,3,Male,63,3,4,Research Director,1,Married,17159,5200,1,Y,No,24,4,3,80,1,22,3,3,4,1,1,0,Indeed
31,Current employee,Travel_Rarely,1222,Research & Development,11,4,Life Sciences,1,10335,133790,4,Male,48,3,1,Research Scientist,4,Married,2356,14871,3,Y,Yes,19,3,2,80,1,8,2,3,6,4,0,2,GlassDoor
31,Current employee,Travel_Rarely,1222,Research & Development,11,4,Medical,1,10337,133792,4,Male,48,3,1,Research Scientist,4,Married,2356,14871,3,Y,Yes,19,3,2,80,1,8,2,3,6,4,0,2,GlassDoor
31,Current employee,Travel_Rarely,1222,Research & Development,11,4,Life Sciences,1,10339,133794,4,Male,48,3,1,Research Scientist,4,Married,2356,14871,3,Y,Yes,19,3,2,80,1,8,2,3,6,4,0,2,GlassDoor
31,Current employee,Travel_Rarely,1222,Research & Development,11,4,Medical,1,10340,133795,4,Male,48,3,1,Research Scientist,4,Married,2356,14871,3,Y,Yes,19,3,2,80,1,8,2,3,6,4,0,2,GlassDoor
31,Current employee,Travel_Rarely,1222,Research & Development,11,4,Life Sciences,1,10343,133798,4,Male,48,3,1,Research Scientist,4,Married,2356,14871,3,Y,Yes,19,3,2,80,1,8,2,3,6,4,0,2,GlassDoor
31,Current employee,Travel_Rarely,1222,Research & Development,11,4,Medical,1,10345,133800,4,Male,48,3,1,Research Scientist,4,Married,2356,14871,3,Y,Yes,19,3,2,80,1,8,2,3,6,4,0,2,GlassDoor
31,Current employee,Travel_Rarely,1222,Research & Development,11,4,Life Sciences,1,10347,133802,4,Male,48,3,1,Research Scientist,4,Married,2356,14871,3,Y,Yes,19,3,2,80,1,8,2,3,6,4,0,2,GlassDoor
31,Current employee,Travel_Rarely,1222,Research & Development,11,4,Medical,1,10348,133803,4,Male,48,3,1,Research Scientist,4,Married,2356,14871,3,Y,Yes,19,3,2,80,1,8,2,3,6,4,0,2,GlassDoor
31,Current employee,Travel_Frequently,444,Sales,5,3,Marketing,1,10630,134085,3,Female,66,2,1,Sales Representative,3,Single,2044,22052,1,Y,No,13,3,4,80,0,2,3,2,2,2,0,2,Seek
31,Current employee,Travel_Frequently,444,Sales,5,3,Life Sciences,1,10442,134087,3,Female,66,2,1,Sales Representative,3,Single,2044,22052,9,Y,No,13,3,4,80,0,2,3,2,2,2,0,2,Seek
31,Current employee,Travel_Frequently,444,Sales,5,3,Marketing,1,10635,134090,3,Female,66,2,1,Sales Representative,3,Single,2044,22052,1,Y,No,13,3,4,80,0,2,3,2,2,2,0,2,Seek
31,Current employee,Travel_Frequently,444,Sales,5,3,Life Sciences,1,10636,134091,3,Female,66,2,1,Sales Representative,3,Single,2044,22052,9,Y,No,13,3,4,80,0,2,3,2,2,2,0,2,Seek
31,Current employee,Travel_Frequently,444,Sales,5,3,Marketing,1,10638,134093,3,Female,66,2,1,Sales Representative,3,Single,2044,22052,1,Y,No,13,3,4,80,0,2,3,2,2,2,0,2,Seek
31,Current employee,Travel_Frequently,444,Sales,5,3,Marketing,1,10639,134094,3,Female,66,2,1,Sales Representative,3,Single,2044,22052,1,Y,No,13,3,1,80,0,1,5,3,1,0,0,0,Indeed
31,Current employee,Travel_Frequently,444,Sales,5,3,Life Sciences,1,10641,134096,3,Female,66,2,1,Sales Representative,3,Single,2044,22052,9,Y,No,13,3,4,80,0,2,3,2,2,2,0,2,Seek
31,Current employee,Travel_Frequently,444,Sales,5,3,Marketing,1,10644,134099,3,Female,66,2,1,Sales Representative,3,Single,2044,22052,1,Y,No,13,3,4,80,0,2,3,2,2,2,0,2,Seek
31,Current employee,Travel_Frequently,444,Sales,5,3,Life Sciences,1,10645,134100,3,Female,66,2,1,Sales Representative,3,Single,2044,22052,9,Y,No,13,3,4,80,0,2,3,2,2,2,0,2,Seek
31,Current employee,Travel_Rarely,691,Sales,7,3,Marketing,1,10698,134153,3,Female,66,3,2,Manufacturing Director,3,Married,4171,10022,0,Y,Yes,19,3,1,80,1,4,3,4,3,2,0,2,Company Website
31,Current employee,Travel_Rarely,691,Sales,7,3,Marketing,1,10700,134155,3,Female,66,3,2,Manufacturing Director,3,Married,4171,10022,1,Y,Yes,19,3,1,80,1,4,3,4,3,2,0,2,Company Website
31,Current employee,Travel_Rarely,691,Sales,7,3,Marketing,1,10703,134158,3,Female,66,3,2,Manufacturing Director,3,Married,4171,10022,0,Y,Yes,19,3,1,80,1,4,3,4,3,2,0,2,Company Website
31,Current employee,Travel_Rarely,691,Sales,7,3,Marketing,1,10704,134159,3,Female,66,3,2,Manufacturing Director,3,Married,4171,10022,1,Y,Yes,19,3,1,80,1,4,3,4,3,2,0,2,Company Website
31,Current employee,Travel_Rarely,691,Sales,7,3,Marketing,1,10706,134161,3,Female,66,3,2,Manufacturing Director,3,Married,4171,10022,0,Y,Yes,19,3,1,80,1,4,3,4,3,2,0,2,Company Website
31,Current employee,Travel_Rarely,691,Sales,7,3,Marketing,1,10707,134162,3,Female,66,3,2,Manufacturing Director,3,Married,4171,10022,0,Y,Yes,19,3,4,80,0,10,3,3,10,9,1,5,Company Website
31,Current employee,Travel_Rarely,691,Sales,7,3,Marketing,1,10709,134164,3,Female,66,3,2,Manufacturing Director,3,Married,4171,10022,1,Y,Yes,19,3,1,80,1,4,3,4,3,2,0,2,Company Website
31,Current employee,Travel_Rarely,691,Sales,7,3,Marketing,1,10712,134167,3,Female,66,3,2,Manufacturing Director,3,Married,4171,10022,0,Y,Yes,19,3,1,80,1,4,3,4,3,2,0,2,Company Website
31,Current employee,Travel_Rarely,691,Sales,7,3,Marketing,1,10713,134168,3,Female,66,3,2,Manufacturing Director,3,Married,4171,10022,1,Y,Yes,19,3,1,80,1,4,3,4,3,2,0,2,Company Website
31,Current employee,Travel_Rarely,154,Sales,7,4,Life Sciences,1,10843,134298,2,Male,41,2,1,Sales Representative,3,Married,2329,11737,3,Y,No,15,3,2,80,0,13,2,4,7,7,5,2,GlassDoor
31,Current employee,Travel_Rarely,154,Sales,7,4,Marketing,1,10845,134300,2,Male,41,2,1,Sales Representative,3,Married,2329,11737,9,Y,No,15,3,2,80,0,13,2,4,7,7,5,2,GlassDoor
31,Current employee,Travel_Rarely,154,Sales,7,4,Life Sciences,1,10847,134302,2,Male,41,2,1,Sales Representative,3,Married,2329,11737,3,Y,No,15,3,2,80,0,13,2,4,7,7,5,2,GlassDoor
31,Current employee,Travel_Rarely,154,Sales,7,4,Marketing,1,10848,134303,2,Male,41,2,1,Sales Representative,3,Married,2329,11737,9,Y,No,15,3,2,80,0,13,2,4,7,7,5,2,GlassDoor
31,Current employee,Travel_Rarely,154,Sales,7,4,Life Sciences,1,10851,134306,2,Male,41,2,1,Sales Representative,3,Married,2329,11737,3,Y,No,15,3,2,80,0,13,2,4,7,7,5,2,GlassDoor
31,Current employee,Travel_Rarely,154,Sales,7,4,Marketing,1,10853,134308,2,Male,41,2,1,Sales Representative,3,Married,2329,11737,9,Y,No,15,3,2,80,0,13,2,4,7,7,5,2,GlassDoor
31,Current employee,Travel_Rarely,154,Sales,7,4,Life Sciences,1,10855,134310,2,Male,41,2,1,Sales Representative,3,Married,2329,11737,3,Y,No,15,3,2,80,0,13,2,4,7,7,5,2,GlassDoor
31,Current employee,Travel_Rarely,154,Sales,7,4,Marketing,1,10856,134311,2,Male,41,2,1,Sales Representative,3,Married,2329,11737,9,Y,No,15,3,2,80,0,13,2,4,7,7,5,2,GlassDoor
31,Current employee,Non-Travel,1188,Sales,20,2,Marketing,1,10907,134362,4,Female,45,3,2,Sales Executive,3,Married,6932,24406,1,Y,No,13,3,4,80,1,9,2,2,9,8,0,0,GlassDoor
31,Current employee,Non-Travel,1188,Sales,20,2,Medical,1,10910,134365,4,Female,45,3,2,Sales Executive,3,Married,6932,24406,7,Y,No,13,3,4,80,1,9,2,2,9,8,0,0,GlassDoor
31,Current employee,Non-Travel,1188,Sales,20,2,Marketing,1,10911,134366,4,Female,45,3,2,Sales Executive,3,Married,6932,24406,1,Y,No,13,3,4,80,1,9,2,2,9,8,0,0,GlassDoor
31,Current employee,Non-Travel,1188,Sales,20,2,Medical,1,10912,134367,4,Female,45,3,2,Sales Executive,3,Married,6932,24406,7,Y,No,13,3,4,80,1,9,2,2,9,8,0,0,GlassDoor
31,Current employee,Non-Travel,1188,Sales,20,2,Marketing,1,10915,134370,4,Female,45,3,2,Sales Executive,3,Married,6932,24406,1,Y,No,13,3,4,80,1,9,2,2,9,8,0,0,GlassDoor
31,Current employee,Non-Travel,1188,Sales,20,2,Medical,1,10918,134373,4,Female,45,3,2,Sales Executive,3,Married,6932,24406,7,Y,No,13,3,4,80,1,9,2,2,9,8,0,0,GlassDoor
31,Current employee,Non-Travel,1188,Sales,20,2,Marketing,1,10919,134374,4,Female,45,3,2,Sales Executive,3,Married,6932,24406,1,Y,No,13,3,4,80,1,9,2,2,9,8,0,0,GlassDoor
31,Current employee,Non-Travel,1188,Sales,20,2,Medical,1,10920,134375,4,Female,45,3,2,Sales Executive,3,Married,6932,24406,7,Y,No,13,3,4,80,1,9,2,2,9,8,0,0,GlassDoor
31,Current employee,Travel_Rarely,616,Research & Development,12,3,Medical,1,11083,134538,4,Female,41,3,2,Healthcare Representative,4,Married,5855,17369,0,Y,Yes,11,3,3,80,2,10,2,1,9,7,8,5,Adzuna
31,Current employee,Travel_Rarely,616,Research & Development,12,3,Medical,1,11086,134541,4,Female,41,3,2,Healthcare Representative,4,Married,5855,17369,0,Y,Yes,11,3,3,80,2,10,2,1,9,7,8,5,Adzuna
31,Current employee,Travel_Rarely,616,Research & Development,12,3,Medical,1,11089,134544,4,Female,41,3,2,Healthcare Representative,4,Married,5855,17369,0,Y,Yes,11,3,3,80,2,10,2,1,9,7,8,5,Adzuna
31,Current employee,Travel_Rarely,616,Research & Development,12,3,Medical,1,11090,134545,4,Female,41,3,2,Healthcare Representative,4,Married,5855,17369,0,Y,Yes,11,3,3,80,2,10,2,1,9,7,8,5,Adzuna
31,Current employee,Travel_Rarely,616,Research & Development,12,3,Medical,1,11091,134546,4,Female,41,3,2,Healthcare Representative,4,Married,5855,17369,0,Y,Yes,11,3,3,80,2,10,2,1,9,7,8,5,Adzuna
31,Current employee,Travel_Rarely,616,Research & Development,12,3,Medical,1,11094,134549,4,Female,41,3,2,Healthcare Representative,4,Married,5855,17369,0,Y,Yes,11,3,3,80,2,10,2,1,9,7,8,5,Adzuna
31,Current employee,Travel_Rarely,616,Research & Development,12,3,Medical,1,11097,134552,4,Female,41,3,2,Healthcare Representative,4,Married,5855,17369,0,Y,Yes,11,3,3,80,2,10,2,1,9,7,8,5,Adzuna
31,Current employee,Travel_Rarely,616,Research & Development,12,3,Medical,1,11098,134553,4,Female,41,3,2,Healthcare Representative,4,Married,5855,17369,0,Y,Yes,11,3,3,80,2,10,2,1,9,7,8,5,Adzuna
31,Current employee,Non-Travel,1188,Sales,20,2,Marketing,1,11444,134899,3,Female,68,3,1,Laboratory Technician,4,Divorced,2270,11005,3,Y,No,14,3,4,80,2,8,2,3,5,3,0,2,Adzuna
31,Current employee,Non-Travel,1188,Sales,20,2,Other,1,11446,134901,3,Female,68,3,1,Laboratory Technician,4,Divorced,2270,11005,1,Y,No,14,3,4,80,2,8,2,3,5,3,0,2,Adzuna
31,Current employee,Non-Travel,1188,Sales,20,2,Marketing,1,11447,134902,3,Female,68,3,1,Laboratory Technician,4,Divorced,2270,11005,3,Y,No,14,3,4,80,2,8,2,3,5,3,0,2,Adzuna
31,Current employee,Non-Travel,1188,Sales,20,2,Other,1,11448,134903,3,Female,68,3,1,Laboratory Technician,4,Divorced,2270,11005,1,Y,No,14,3,4,80,2,8,2,3,5,3,0,2,Adzuna
31,Current employee,Non-Travel,1188,Sales,20,2,Marketing,1,11452,134907,3,Female,68,3,1,Laboratory Technician,4,Divorced,2270,11005,3,Y,No,14,3,4,80,2,8,2,3,5,3,0,2,Adzuna
31,Current employee,Non-Travel,1188,Sales,20,2,Other,1,11454,134909,3,Female,68,3,1,Laboratory Technician,4,Divorced,2270,11005,1,Y,No,14,3,4,80,2,8,2,3,5,3,0,2,Adzuna
31,Current employee,Non-Travel,1188,Sales,20,2,Marketing,1,11455,134910,3,Female,68,3,1,Laboratory Technician,4,Divorced,2270,11005,3,Y,No,14,3,4,80,2,8,2,3,5,3,0,2,Adzuna
31,Current employee,Non-Travel,1188,Sales,20,2,Other,1,11456,134911,3,Female,68,3,1,Laboratory Technician,4,Divorced,2270,11005,1,Y,No,14,3,4,80,2,8,2,3,5,3,0,2,Adzuna
31,Current employee,Travel_Frequently,853,Research & Development,1,1,Life Sciences,1,11638,135093,3,Female,96,3,2,Manufacturing Director,1,Married,4148,11275,1,Y,No,12,3,3,80,1,4,1,3,4,3,0,3,Company Website
31,Current employee,Travel_Frequently,853,Research & Development,1,1,Life Sciences,1,11640,135095,3,Female,96,3,2,Manufacturing Director,1,Married,4148,11275,1,Y,No,12,3,3,80,1,4,1,3,4,3,0,3,Company Website
31,Current employee,Travel_Frequently,853,Research & Development,1,1,Life Sciences,1,11642,135097,3,Female,96,3,2,Manufacturing Director,1,Married,4148,11275,1,Y,No,12,3,3,80,1,4,1,3,4,3,0,3,Company Website
31,Current employee,Travel_Frequently,853,Research & Development,1,1,Life Sciences,1,11643,135098,3,Female,96,3,2,Manufacturing Director,1,Married,4148,11275,1,Y,No,12,3,3,80,1,4,1,3,4,3,0,3,Company Website
31,Current employee,Travel_Frequently,853,Research & Development,1,1,Life Sciences,1,11647,135102,3,Female,96,3,2,Manufacturing Director,1,Married,4148,11275,1,Y,No,12,3,3,80,1,4,1,3,4,3,0,3,Company Website
31,Current employee,Travel_Frequently,853,Research & Development,1,1,Life Sciences,1,11649,135104,3,Female,96,3,2,Manufacturing Director,1,Married,4148,11275,1,Y,No,12,3,3,80,1,4,1,3,4,3,0,3,Company Website
31,Current employee,Travel_Frequently,853,Research & Development,1,1,Life Sciences,1,11650,135105,3,Female,96,3,2,Manufacturing Director,1,Married,4148,11275,1,Y,No,12,3,3,80,1,4,1,3,4,3,0,3,Company Website
31,Current employee,Travel_Rarely,196,Sales,29,4,Marketing,1,12301,135756,3,Female,71,3,2,Healthcare Representative,2,Single,4107,13848,3,Y,No,15,3,1,80,0,8,3,2,4,3,0,1,Adzuna
31,Current employee,Travel_Rarely,196,Sales,29,4,Technical Degree,1,12303,135758,3,Female,71,3,2,Healthcare Representative,2,Single,4107,13848,0,Y,No,15,3,1,80,0,8,3,2,4,3,0,1,Adzuna
31,Current employee,Travel_Rarely,196,Sales,29,4,Marketing,1,12304,135759,3,Female,71,3,2,Healthcare Representative,2,Single,4107,13848,3,Y,No,15,3,1,80,0,8,3,2,4,3,0,1,Adzuna
31,Current employee,Travel_Rarely,196,Sales,29,4,Technical Degree,1,12305,135760,3,Female,71,3,2,Healthcare Representative,2,Single,4107,13848,0,Y,No,15,3,1,80,0,8,3,2,4,3,0,1,Adzuna
31,Current employee,Travel_Rarely,196,Sales,29,4,Marketing,1,12309,135764,3,Female,71,3,2,Healthcare Representative,2,Single,4107,13848,3,Y,No,15,3,1,80,0,8,3,2,4,3,0,1,Adzuna
31,Current employee,Travel_Rarely,196,Sales,29,4,Technical Degree,1,12311,135766,3,Female,71,3,2,Healthcare Representative,2,Single,4107,13848,0,Y,No,15,3,1,80,0,8,3,2,4,3,0,1,Adzuna
31,Current employee,Travel_Rarely,196,Sales,29,4,Marketing,1,12312,135767,3,Female,71,3,2,Healthcare Representative,2,Single,4107,13848,3,Y,No,15,3,1,80,0,8,3,2,4,3,0,1,Adzuna
31,Current employee,Travel_Rarely,196,Sales,29,4,Technical Degree,1,12313,135768,3,Female,71,3,2,Healthcare Representative,2,Single,4107,13848,0,Y,No,15,3,1,80,0,8,3,2,4,3,0,1,Adzuna
31,Current employee,Travel_Frequently,1125,Sales,7,4,Marketing,1,12349,135804,3,Male,72,3,5,Research Director,4,Divorced,19627,21445,9,Y,No,17,3,4,80,2,23,0,3,2,2,2,2,Indeed
31,Current employee,Travel_Frequently,1125,Sales,7,4,Marketing,1,12351,135806,3,Male,72,3,5,Research Director,4,Divorced,19627,21445,2,Y,No,17,3,4,80,2,23,0,3,2,2,2,2,Indeed
31,Current employee,Travel_Frequently,1125,Sales,7,4,Marketing,1,12352,135807,3,Male,72,3,5,Research Director,4,Divorced,19627,21445,9,Y,No,17,3,4,80,2,23,0,3,2,2,2,2,Indeed
31,Current employee,Travel_Frequently,1125,Sales,7,4,Marketing,1,12353,135808,3,Male,72,3,5,Research Director,4,Divorced,19627,21445,2,Y,No,17,3,4,80,2,23,0,3,2,2,2,2,Indeed
31,Current employee,Travel_Frequently,1125,Sales,7,4,Marketing,1,12357,135812,3,Male,72,3,5,Research Director,4,Divorced,19627,21445,9,Y,No,17,3,4,80,2,23,0,3,2,2,2,2,Indeed
31,Current employee,Travel_Frequently,1125,Sales,7,4,Marketing,1,12359,135814,3,Male,72,3,5,Research Director,4,Divorced,19627,21445,2,Y,No,17,3,4,80,2,23,0,3,2,2,2,2,Indeed
31,Current employee,Travel_Frequently,1125,Sales,7,4,Marketing,1,12360,135815,3,Male,72,3,5,Research Director,4,Divorced,19627,21445,9,Y,No,17,3,4,80,2,23,0,3,2,2,2,2,Indeed
31,Current employee,Travel_Frequently,1125,Sales,7,4,Marketing,1,12361,135816,3,Male,72,3,5,Research Director,4,Divorced,19627,21445,2,Y,No,17,3,4,80,2,23,0,3,2,2,2,2,Indeed
31,Current employee,Travel_Rarely,1082,Research & Development,1,4,Medical,1,13024,136479,3,Female,73,3,3,Manufacturing Director,1,Married,10820,11535,8,Y,No,11,3,3,80,1,18,1,3,8,7,0,1,Company Website
31,Current employee,Travel_Rarely,1082,Research & Development,1,4,Life Sciences,1,13025,136480,3,Female,73,3,3,Manufacturing Director,1,Married,10820,11535,1,Y,No,11,4,3,80,1,18,1,3,8,7,0,1,Company Website
31,Current employee,Travel_Rarely,1082,Research & Development,1,4,Medical,1,13027,136482,3,Female,73,3,3,Manufacturing Director,1,Married,10820,11535,8,Y,No,11,3,3,80,1,18,1,3,8,7,0,1,Company Website
31,Current employee,Travel_Rarely,1082,Research & Development,1,4,Life Sciences,1,13028,136483,3,Female,73,3,3,Manufacturing Director,1,Married,10820,11535,1,Y,No,11,3,3,80,1,18,1,3,8,7,0,1,Company Website
31,Current employee,Travel_Rarely,1082,Research & Development,1,4,Medical,1,13032,136487,3,Female,73,3,3,Manufacturing Director,1,Married,10820,11535,8,Y,No,11,3,3,80,1,18,1,3,8,7,0,1,Company Website
31,Current employee,Travel_Rarely,1082,Research & Development,1,4,Life Sciences,1,13033,136488,3,Female,73,3,3,Manufacturing Director,1,Married,10820,11535,1,Y,No,11,4,3,80,1,18,1,3,8,7,0,1,Company Website
31,Current employee,Travel_Rarely,1082,Research & Development,1,4,Medical,1,13035,136490,3,Female,73,3,3,Manufacturing Director,1,Married,10820,11535,8,Y,No,11,3,3,80,1,18,1,3,8,7,0,1,Company Website
31,Current employee,Travel_Rarely,1082,Research & Development,1,4,Life Sciences,1,13036,136491,3,Female,73,3,3,Manufacturing Director,1,Married,10820,11535,1,Y,No,11,3,3,80,1,18,1,3,8,7,0,1,Company Website
31,Current employee,Travel_Frequently,793,Sales,20,3,Life Sciences,1,13118,136573,3,Male,67,4,1,Sales Representative,4,Married,2791,21981,0,Y,No,12,4,1,80,1,3,4,3,2,2,2,2,Recruit.net
31,Current employee,Travel_Frequently,793,Sales,20,3,Medical,1,13121,136576,3,Male,67,4,1,Sales Representative,4,Married,2791,21981,9,Y,No,12,3,1,80,1,3,4,3,2,2,2,2,Recruit.net
31,Current employee,Travel_Frequently,793,Sales,20,3,Life Sciences,1,13122,136577,3,Male,67,4,1,Sales Representative,4,Married,2791,21981,0,Y,No,12,3,1,80,1,3,4,3,2,2,2,2,Recruit.net
31,Current employee,Travel_Frequently,793,Sales,20,3,Medical,1,13123,136578,3,Male,67,4,1,Sales Representative,4,Married,2791,21981,9,Y,No,12,3,1,80,1,3,4,3,2,2,2,2,Recruit.net
31,Current employee,Travel_Frequently,793,Sales,20,3,Life Sciences,1,13126,136581,3,Male,67,4,1,Sales Representative,4,Married,2791,21981,0,Y,No,12,4,1,80,1,3,4,3,2,2,2,2,Recruit.net
31,Current employee,Travel_Frequently,793,Sales,20,3,Medical,1,13129,136584,3,Male,67,4,1,Sales Representative,4,Married,2791,21981,9,Y,No,12,3,1,80,1,3,4,3,2,2,2,2,Recruit.net
31,Current employee,Travel_Frequently,793,Sales,20,3,Life Sciences,1,13130,136585,3,Male,67,4,1,Sales Representative,4,Married,2791,21981,0,Y,No,12,3,1,80,1,3,4,3,2,2,2,2,Recruit.net
31,Current employee,Travel_Frequently,793,Sales,20,3,Medical,1,13131,136586,3,Male,67,4,1,Sales Representative,4,Married,2791,21981,9,Y,No,12,3,1,80,1,3,4,3,2,2,2,2,Recruit.net
31,Current employee,Travel_Rarely,140,Research & Development,12,1,Medical,1,13581,137036,3,Male,75,2,2,Healthcare Representative,1,Single,5343,25755,0,Y,No,20,3,3,80,0,14,3,3,13,9,4,9,Indeed
31,Current employee,Travel_Rarely,140,Research & Development,12,1,Medical,1,13583,137038,3,Male,75,2,2,Healthcare Representative,1,Single,5343,25755,0,Y,No,20,3,3,80,0,14,3,3,13,9,4,9,Indeed
31,Current employee,Travel_Rarely,140,Research & Development,12,1,Medical,1,13584,137039,3,Male,75,2,2,Healthcare Representative,1,Single,5343,25755,0,Y,No,20,4,3,80,0,14,3,3,13,9,4,9,Indeed
31,Current employee,Travel_Rarely,140,Research & Development,12,1,Medical,1,13585,137040,3,Male,75,2,2,Healthcare Representative,1,Single,5343,25755,0,Y,No,20,4,3,80,0,14,3,3,13,9,4,9,Indeed
31,Current employee,Travel_Rarely,140,Research & Development,12,1,Medical,1,13589,137044,3,Male,75,2,2,Healthcare Representative,1,Single,5343,25755,0,Y,No,20,3,3,80,0,14,3,3,13,9,4,9,Indeed
31,Current employee,Travel_Rarely,140,Research & Development,12,1,Medical,1,13591,137046,3,Male,75,2,2,Healthcare Representative,1,Single,5343,25755,0,Y,No,20,3,3,80,0,14,3,3,13,9,4,9,Indeed
31,Current employee,Travel_Rarely,140,Research & Development,12,1,Medical,1,13592,137047,3,Male,75,2,2,Healthcare Representative,1,Single,5343,25755,0,Y,No,20,4,3,80,0,14,3,3,13,9,4,9,Indeed
31,Current employee,Travel_Rarely,140,Research & Development,12,1,Medical,1,13593,137048,3,Male,75,2,2,Healthcare Representative,1,Single,5343,25755,0,Y,No,20,4,3,80,0,14,3,3,13,9,4,9,Indeed
31,Current employee,Non-Travel,979,Research & Development,1,4,Medical,1,13912,137367,3,Male,76,2,1,Laboratory Technician,1,Married,3196,12449,1,Y,No,12,3,3,80,3,6,2,3,6,5,3,3,Company Website
31,Current employee,Non-Travel,979,Research & Development,1,4,Life Sciences,1,13913,137368,,Male,76,2,1,Laboratory Technician,1,Married,3196,12449,1,Y,No,12,3,3,80,3,6,2,3,6,5,3,3,Company Website
31,Current employee,Non-Travel,979,Research & Development,1,4,Medical,1,13917,137372,3,Male,76,2,1,Laboratory Technician,1,Married,3196,12449,1,Y,No,12,3,3,80,3,6,2,3,6,5,3,3,Company Website
31,Current employee,Non-Travel,979,Research & Development,1,4,Life Sciences,1,13918,137373,3,Male,76,2,1,Laboratory Technician,1,Married,3196,12449,1,Y,No,12,3,3,80,3,6,2,3,6,5,3,3,Company Website
31,Current employee,Non-Travel,979,Research & Development,1,4,Medical,1,13920,137375,3,Male,76,2,1,Laboratory Technician,1,Married,3196,12449,1,Y,No,12,3,3,80,3,6,2,3,6,5,3,3,Company Website
31,Current employee,Non-Travel,979,Research & Development,1,4,Life Sciences,1,13921,137376,3,Male,76,2,1,Laboratory Technician,1,Married,3196,12449,1,Y,No,12,3,3,80,3,6,2,3,6,5,3,3,Company Website
31,Current employee,Non-Travel,979,Research & Development,1,4,Medical,1,13925,137380,3,Male,76,2,1,Laboratory Technician,1,Married,3196,12449,1,Y,No,12,3,3,80,3,6,2,3,6,5,3,3,Company Website
31,Current employee,Non-Travel,979,Research & Development,1,4,Life Sciences,1,13926,137381,3,Male,76,2,1,Laboratory Technician,1,Married,3196,12449,1,Y,No,12,3,3,80,3,6,2,3,6,5,3,3,Company Website
31,Current employee,Travel_Frequently,1327,Research & Development,3,4,Medical,1,14024,137479,3,Male,76,3,2,Research Scientist,4,Single,4541,7744,1,Y,No,25,3,2,80,0,20,3,3,20,11,13,17,LinkedIn
31,Current employee,Travel_Frequently,1327,Research & Development,3,4,Life Sciences,1,14025,137480,3,Male,76,3,2,Research Scientist,4,Single,4541,7744,3,Y,No,25,3,2,80,0,20,3,3,20,11,13,17,LinkedIn
31,Current employee,Travel_Frequently,1327,Research & Development,3,4,Medical,1,14027,137482,3,Male,76,3,2,Research Scientist,4,Single,4541,7744,1,Y,No,25,4,2,80,0,20,3,3,20,11,13,17,LinkedIn
31,Current employee,Travel_Frequently,1327,Research & Development,3,4,Life Sciences,1,14028,137483,3,Male,76,3,2,Research Scientist,4,Single,4541,7744,3,Y,No,25,4,2,80,0,20,3,3,20,11,13,17,LinkedIn
31,Current employee,Travel_Frequently,1327,Research & Development,3,4,Medical,1,14032,137487,3,Male,76,3,2,Research Scientist,4,Single,4541,7744,1,Y,No,25,3,2,80,0,20,3,3,20,11,13,17,LinkedIn
31,Current employee,Travel_Frequently,1327,Research & Development,3,4,Life Sciences,1,14033,137488,3,Male,76,3,2,Research Scientist,4,Single,4541,7744,3,Y,No,25,3,2,80,0,20,3,3,20,11,13,17,LinkedIn
31,Current employee,Travel_Frequently,1327,Research & Development,3,4,Medical,1,14035,137490,3,Male,76,3,2,Research Scientist,4,Single,4541,7744,1,Y,No,25,4,2,80,0,20,3,3,20,11,13,17,LinkedIn
31,Current employee,Travel_Frequently,1327,Research & Development,3,4,Life Sciences,1,14036,137491,3,Male,76,3,2,Research Scientist,4,Single,4541,7744,3,Y,No,25,4,2,80,0,20,3,3,20,11,13,17,LinkedIn
31,Current employee,Travel_Rarely,1463,Research & Development,23,3,Medical,1,14136,137591,3,Female,76,1,3,Manufacturing Director,1,Divorced,10252,4235,2,Y,Yes,21,3,3,80,1,17,2,3,7,7,7,7,GlassDoor
31,Current employee,Travel_Rarely,1463,Research & Development,23,3,Other,1,14138,137593,3,Female,76,1,3,Manufacturing Director,1,Divorced,10252,4235,1,Y,Yes,21,3,3,80,1,17,2,3,7,7,7,7,GlassDoor
31,Current employee,Travel_Rarely,1463,Research & Development,23,3,Medical,1,14139,137594,3,Female,76,1,3,Manufacturing Director,1,Divorced,10252,4235,2,Y,Yes,21,4,3,80,1,17,2,3,7,7,7,7,GlassDoor
31,Current employee,Travel_Rarely,1463,Research & Development,23,3,Other,1,14140,137595,3,Female,76,1,3,Manufacturing Director,1,Divorced,10252,4235,1,Y,Yes,21,4,3,80,1,17,2,3,7,7,7,7,GlassDoor
31,Current employee,Travel_Rarely,1463,Research & Development,23,3,Medical,1,14144,137599,3,Female,76,1,3,Manufacturing Director,1,Divorced,10252,4235,2,Y,Yes,21,3,3,80,1,17,2,3,7,7,7,7,GlassDoor
31,Current employee,Travel_Rarely,1463,Research & Development,23,3,Other,1,14146,137601,3,Female,76,1,3,Manufacturing Director,1,Divorced,10252,4235,1,Y,Yes,21,3,3,80,1,17,2,3,7,7,7,7,GlassDoor
31,Current employee,Travel_Rarely,1463,Research & Development,23,3,Medical,1,14147,137602,3,Female,76,1,3,Manufacturing Director,1,Divorced,10252,4235,2,Y,Yes,21,4,3,80,1,17,2,3,7,7,7,7,GlassDoor
31,Current employee,Travel_Rarely,1463,Research & Development,23,3,Other,1,14148,137603,3,Female,76,1,3,Manufacturing Director,1,Divorced,10252,4235,1,Y,Yes,21,4,3,80,1,17,2,3,7,7,7,7,GlassDoor
31,Current employee,Travel_Rarely,1332,Research & Development,11,2,Medical,1,14335,137790,3,Male,80,3,2,Healthcare Representative,1,Married,6833,17089,1,Y,Yes,12,4,4,80,0,6,2,2,6,5,0,1,Recruit.net
31,Current employee,Travel_Rarely,1332,Research & Development,11,2,Medical,1,14338,137793,3,Male,80,3,2,Healthcare Representative,1,Married,6833,17089,0,Y,Yes,12,3,4,80,0,6,2,2,6,5,0,1,Recruit.net
31,Current employee,Travel_Rarely,1332,Research & Development,11,2,Medical,1,14341,137796,3,Male,80,3,2,Healthcare Representative,1,Married,6833,17089,1,Y,Yes,12,3,4,80,0,6,2,2,6,5,0,1,Recruit.net
31,Current employee,Travel_Rarely,1332,Research & Development,11,2,Medical,1,14342,137797,3,Male,80,3,2,Healthcare Representative,1,Married,6833,17089,0,Y,Yes,12,3,4,80,0,6,2,2,6,5,0,1,Recruit.net
31,Current employee,Travel_Rarely,1332,Research & Development,11,2,Medical,1,14343,137798,3,Male,80,3,2,Healthcare Representative,1,Married,6833,17089,1,Y,Yes,12,4,4,80,0,6,2,2,6,5,0,1,Recruit.net
31,Current employee,Travel_Rarely,1332,Research & Development,11,2,Medical,1,14346,137801,3,Male,80,3,2,Healthcare Representative,1,Married,6833,17089,0,Y,Yes,12,3,4,80,0,6,2,2,6,5,0,1,Recruit.net
31,Current employee,Travel_Rarely,1332,Research & Development,11,2,Medical,1,14349,137804,3,Male,80,3,2,Healthcare Representative,1,Married,6833,17089,1,Y,Yes,12,3,4,80,0,6,2,2,6,5,0,1,Recruit.net
31,Current employee,Travel_Rarely,1332,Research & Development,11,2,Medical,1,14350,137805,3,Male,80,3,2,Healthcare Representative,1,Married,6833,17089,0,Y,Yes,12,3,4,80,0,6,2,2,6,5,0,1,Recruit.net
31,Current employee,Travel_Rarely,1062,Research & Development,24,3,Medical,1,14351,137806,3,Female,96,2,2,Healthcare Representative,1,Single,6812,17198,1,Y,No,19,3,2,80,0,10,2,3,10,9,1,8,Seek
31,Current employee,Travel_Rarely,1062,Research & Development,24,3,Technical Degree,1,14354,137809,3,Female,96,2,2,Healthcare Representative,1,Single,6812,17198,0,Y,No,19,4,2,80,0,10,2,3,10,9,1,8,Seek
31,Current employee,Travel_Rarely,1062,Research & Development,24,3,Medical,1,14357,137812,3,Female,96,2,2,Healthcare Representative,1,Single,6812,17198,1,Y,No,19,3,2,80,0,10,2,3,10,9,1,8,Seek
31,Current employee,Travel_Rarely,1062,Research & Development,24,3,Technical Degree,1,14358,137813,3,Female,96,2,2,Healthcare Representative,1,Single,6812,17198,0,Y,No,19,3,2,80,0,10,2,3,10,9,1,8,Seek
31,Current employee,Travel_Rarely,1062,Research & Development,24,3,Medical,1,14359,137814,3,Female,96,2,2,Healthcare Representative,1,Single,6812,17198,1,Y,No,19,3,2,80,0,10,2,3,10,9,1,8,Seek
31,Current employee,Travel_Rarely,1062,Research & Development,24,3,Technical Degree,1,14362,137817,3,Female,96,2,2,Healthcare Representative,1,Single,6812,17198,0,Y,No,19,4,2,80,0,10,2,3,10,9,1,8,Seek
31,Current employee,Travel_Rarely,1062,Research & Development,24,3,Medical,1,14365,137820,3,Female,96,2,2,Healthcare Representative,1,Single,6812,17198,1,Y,No,19,3,2,80,0,10,2,3,10,9,1,8,Seek
31,Current employee,Travel_Rarely,1062,Research & Development,24,3,Technical Degree,1,14366,137821,3,Female,96,2,2,Healthcare Representative,1,Single,6812,17198,0,Y,No,19,3,2,80,0,10,2,3,10,9,1,8,Seek
31,Current employee,Travel_Rarely,1232,Research & Development,7,4,Medical,1,14527,137982,3,Male,77,3,5,Manager,2,Married,18213,8751,7,Y,No,11,3,3,80,1,26,5,3,22,9,3,10,Company Website
31,Current employee,Travel_Rarely,1232,Research & Development,7,4,Marketing,1,14529,137984,3,Male,77,3,5,Manager,2,Married,18213,8751,1,Y,No,11,4,3,80,1,26,5,3,22,9,3,10,Company Website
31,Current employee,Travel_Rarely,1232,Research & Development,7,4,Medical,1,14530,137985,3,Male,77,3,5,Manager,2,Married,18213,8751,7,Y,No,11,3,3,80,1,26,5,3,22,9,3,10,Company Website
31,Current employee,Travel_Rarely,1232,Research & Development,7,4,Marketing,1,14531,137986,3,Male,77,3,5,Manager,2,Married,18213,8751,1,Y,No,11,3,3,80,1,26,5,3,22,9,3,10,Company Website
31,Current employee,Travel_Rarely,1232,Research & Development,7,4,Medical,1,14535,137990,3,Male,77,3,5,Manager,2,Married,18213,8751,7,Y,No,11,3,3,80,1,26,5,3,22,9,3,10,Company Website
31,Current employee,Travel_Rarely,1232,Research & Development,7,4,Marketing,1,14537,137992,3,Male,77,3,5,Manager,2,Married,18213,8751,1,Y,No,11,4,3,80,1,26,5,3,22,9,3,10,Company Website
31,Current employee,Travel_Rarely,1232,Research & Development,7,4,Medical,1,14538,137993,3,Male,77,3,5,Manager,2,Married,18213,8751,7,Y,No,11,3,3,80,1,26,5,3,22,9,3,10,Company Website
31,Current employee,Travel_Rarely,1232,Research & Development,7,4,Marketing,1,14539,137994,3,Male,77,3,5,Manager,2,Married,18213,8751,1,Y,No,11,3,3,80,1,26,5,3,22,9,3,10,Company Website
31,Current employee,Travel_Rarely,480,Research & Development,7,2,Medical,1,14801,138256,3,Male,78,3,1,Research Scientist,3,Married,3506,6020,0,Y,Yes,14,3,4,80,0,4,3,3,3,2,2,2,Adzuna
31,Current employee,Travel_Rarely,480,Research & Development,7,2,Marketing,1,14803,138258,3,Male,78,3,1,Research Scientist,3,Married,3506,6020,3,Y,Yes,14,4,4,80,0,4,3,3,3,2,2,2,Adzuna
31,Current employee,Travel_Rarely,480,Research & Development,7,2,Medical,1,14804,138259,3,Male,78,3,1,Research Scientist,3,Married,3506,6020,0,Y,Yes,14,3,4,80,0,4,3,3,3,2,2,2,Adzuna
31,Current employee,Travel_Rarely,480,Research & Development,7,2,Marketing,1,14805,138260,3,Male,78,3,1,Research Scientist,3,Married,3506,6020,3,Y,Yes,14,3,4,80,0,4,3,3,3,2,2,2,Adzuna
31,Current employee,Travel_Rarely,480,Research & Development,7,2,Medical,1,14809,138264,3,Male,78,3,1,Research Scientist,3,Married,3506,6020,0,Y,Yes,14,3,4,80,0,4,3,3,3,2,2,2,Adzuna
31,Current employee,Travel_Rarely,480,Research & Development,7,2,Marketing,1,14811,138266,3,Male,78,3,1,Research Scientist,3,Married,3506,6020,3,Y,Yes,14,4,4,80,0,4,3,3,3,2,2,2,Adzuna
31,Current employee,Travel_Rarely,480,Research & Development,7,2,Medical,1,14812,138267,3,Male,78,3,1,Research Scientist,3,Married,3506,6020,0,Y,Yes,14,3,4,80,0,4,3,3,3,2,2,2,Adzuna
31,Current employee,Travel_Rarely,480,Research & Development,7,2,Marketing,1,14813,138268,3,Male,78,3,1,Research Scientist,3,Married,3506,6020,3,Y,Yes,14,3,4,80,0,4,3,3,3,2,2,2,Adzuna
31,Current employee,Travel_Rarely,525,Sales,6,4,Medical,1,15200,138655,3,Male,79,3,2,Manufacturing Director,3,Single,4534,13352,0,Y,No,11,3,1,80,0,9,6,3,8,7,1,7,Seek
31,Current employee,Travel_Rarely,525,Sales,6,4,Marketing,1,15201,138656,3,Male,79,3,2,Manufacturing Director,3,Single,4534,13352,1,Y,No,11,3,1,80,0,9,6,3,8,7,1,7,Seek
31,Current employee,Travel_Rarely,525,Sales,6,4,Medical,1,15203,138658,3,Male,79,3,2,Manufacturing Director,3,Single,4534,13352,0,Y,No,11,3,1,80,0,9,6,3,8,7,1,7,Seek
31,Current employee,Travel_Rarely,525,Sales,6,4,Marketing,1,15204,138659,3,Male,79,3,2,Manufacturing Director,3,Single,4534,13352,1,Y,No,11,3,1,80,0,9,6,3,8,7,1,7,Seek
31,Current employee,Travel_Rarely,525,Sales,6,4,Medical,1,15208,138663,3,Male,79,3,2,Manufacturing Director,3,Single,4534,13352,0,Y,No,11,3,1,80,0,9,6,3,8,7,1,7,Seek
31,Current employee,Travel_Rarely,525,Sales,6,4,Marketing,1,15209,138664,3,Male,79,3,2,Manufacturing Director,3,Single,4534,13352,1,Y,No,11,3,1,80,0,9,6,3,8,7,1,7,Seek
31,Current employee,Travel_Rarely,525,Sales,6,4,Medical,1,15211,138666,3,Male,79,3,2,Manufacturing Director,3,Single,4534,13352,0,Y,No,11,3,1,80,0,9,6,3,8,7,1,7,Seek
31,Current employee,Travel_Rarely,525,Sales,6,4,Marketing,1,15212,138667,3,Male,79,3,2,Manufacturing Director,3,Single,4534,13352,1,Y,No,11,3,1,80,0,9,6,3,8,7,1,7,Seek
31,Current employee,Non-Travel,587,Sales,2,4,Life Sciences,1,15222,138677,4,Female,57,3,3,Sales Executive,3,Divorced,9852,8935,1,Y,Yes,19,4,1,80,1,10,5,2,10,8,9,6,Seek
31,Current employee,Non-Travel,587,Sales,2,4,Life Sciences,1,15224,138679,4,Female,57,3,3,Sales Executive,3,Divorced,9852,8935,4,Y,Yes,19,3,1,80,1,10,5,2,10,8,9,6,Seek
31,Current employee,Non-Travel,587,Sales,2,4,Life Sciences,1,15228,138683,4,Female,57,3,3,Sales Executive,3,Divorced,9852,8935,1,Y,Yes,19,3,1,80,1,10,5,2,10,8,9,6,Seek
31,Current employee,Non-Travel,587,Sales,2,4,Life Sciences,1,15229,138684,4,Female,57,3,3,Sales Executive,3,Divorced,9852,8935,4,Y,Yes,19,3,1,80,1,10,5,2,10,8,9,6,Seek
31,Current employee,Non-Travel,587,Sales,2,4,Life Sciences,1,15230,138685,4,Female,57,3,3,Sales Executive,3,Divorced,9852,8935,1,Y,Yes,19,4,1,80,1,10,5,2,10,8,9,6,Seek
31,Current employee,Non-Travel,587,Sales,2,4,Life Sciences,1,15232,138687,4,Female,57,3,3,Sales Executive,3,Divorced,9852,8935,4,Y,Yes,19,3,1,80,1,10,5,2,10,8,9,6,Seek
31,Current employee,Non-Travel,587,Sales,2,4,Life Sciences,1,15236,138691,4,Female,57,3,3,Sales Executive,3,Divorced,9852,8935,1,Y,Yes,19,3,1,80,1,10,5,2,10,8,9,6,Seek
31,Current employee,Non-Travel,587,Sales,2,4,Life Sciences,1,15237,138692,4,Female,57,3,3,Sales Executive,3,Divorced,9852,8935,4,Y,Yes,19,3,1,80,1,10,5,2,10,8,9,6,Seek
31,Current employee,Travel_Rarely,616,Research & Development,12,3,Medical,1,16172,139627,3,Male,81,4,4,Research Director,4,Divorced,14732,12414,2,Y,No,13,3,4,80,2,31,4,4,7,7,0,0,LinkedIn
31,Current employee,Travel_Rarely,616,Research & Development,12,3,Medical,1,16174,139629,3,Male,81,4,4,Research Director,4,Divorced,14732,12414,2,Y,No,13,4,4,80,2,31,4,4,7,7,0,0,LinkedIn
31,Current employee,Travel_Rarely,616,Research & Development,12,3,Medical,1,16175,139630,3,Male,81,4,4,Research Director,4,Divorced,14732,12414,2,Y,No,13,3,4,80,2,31,4,4,7,7,0,0,LinkedIn
31,Current employee,Travel_Rarely,616,Research & Development,12,3,Medical,1,16176,139631,3,Male,81,4,4,Research Director,4,Divorced,14732,12414,2,Y,No,13,3,4,80,2,31,4,4,7,7,0,0,LinkedIn
31,Current employee,Travel_Rarely,616,Research & Development,12,3,Medical,1,16179,139634,3,Male,81,4,4,Research Director,4,Divorced,14732,12414,2,Y,No,13,3,4,80,2,31,4,4,7,7,0,0,LinkedIn
31,Current employee,Travel_Rarely,616,Research & Development,12,3,Medical,1,16181,139636,3,Male,81,4,4,Research Director,4,Divorced,14732,12414,2,Y,No,13,4,4,80,2,31,4,4,7,7,0,0,LinkedIn
31,Current employee,Travel_Rarely,616,Research & Development,12,3,Medical,1,16182,139637,3,Male,81,4,4,Research Director,4,Divorced,14732,12414,2,Y,No,13,3,4,80,2,31,4,4,7,7,0,0,LinkedIn
31,Current employee,Travel_Rarely,616,Research & Development,12,3,Medical,1,16183,139638,3,Male,81,4,4,Research Director,4,Divorced,14732,12414,2,Y,No,13,3,4,80,2,31,4,4,7,7,0,0,LinkedIn
31,Current employee,Travel_Rarely,182,Research & Development,8,5,Life Sciences,1,16232,139687,1,Female,93,3,4,Research Director,2,Single,16422,8847,3,Y,No,11,4,3,80,0,9,3,4,3,2,1,0,LinkedIn
31,Current employee,Travel_Rarely,182,Research & Development,8,5,Medical,1,16235,139690,1,Female,93,3,4,Research Director,2,Single,16422,8847,2,Y,No,11,3,3,80,0,9,3,4,3,2,1,0,LinkedIn
31,Current employee,Travel_Rarely,182,Research & Development,8,5,Life Sciences,1,16236,139691,1,Female,93,3,4,Research Director,2,Single,16422,8847,3,Y,No,11,3,3,80,0,9,3,4,3,2,1,0,LinkedIn
31,Current employee,Travel_Rarely,182,Research & Development,8,5,Medical,1,16237,139692,1,Female,93,3,4,Research Director,2,Single,16422,8847,2,Y,No,11,3,3,80,0,9,3,4,3,2,1,0,LinkedIn
31,Current employee,Travel_Rarely,182,Research & Development,8,5,Life Sciences,1,16239,139694,1,Female,93,3,4,Research Director,2,Single,16422,8847,3,Y,No,11,4,3,80,0,9,3,4,3,2,1,0,LinkedIn
31,Current employee,Travel_Rarely,182,Research & Development,8,5,Medical,1,16242,139697,1,Female,93,3,4,Research Director,2,Single,16422,8847,2,Y,No,11,3,3,80,0,9,3,4,3,2,1,0,LinkedIn
31,Current employee,Travel_Rarely,182,Research & Development,8,5,Life Sciences,1,16243,139698,1,Female,93,3,4,Research Director,2,Single,16422,8847,3,Y,No,11,3,3,80,0,9,3,4,3,2,1,0,LinkedIn
31,Current employee,Travel_Rarely,182,Research & Development,8,5,Medical,1,16244,139699,1,Female,93,3,4,Research Director,2,Single,16422,8847,2,Y,No,11,3,3,80,0,9,3,4,3,2,1,0,LinkedIn
31,Current employee,Travel_Rarely,326,Sales,8,2,Life Sciences,1,16491,139946,1,Male,31,3,3,Sales Executive,4,Divorced,10793,8386,1,Y,No,18,3,1,80,1,13,5,3,13,7,9,9,LinkedIn
31,Current employee,Travel_Rarely,326,Sales,8,2,Medical,1,16493,139948,1,Male,31,3,3,Sales Executive,4,Divorced,10793,8386,6,Y,No,18,3,1,80,1,13,5,3,13,7,9,9,LinkedIn
31,Current employee,Travel_Rarely,326,Sales,8,2,Life Sciences,1,16497,139952,1,Male,31,3,3,Sales Executive,4,Divorced,10793,8386,1,Y,No,18,3,1,80,1,13,5,3,13,7,9,9,LinkedIn
31,Current employee,Travel_Rarely,326,Sales,8,2,Medical,1,16498,139953,1,Male,31,3,3,Sales Executive,4,Divorced,10793,8386,6,Y,No,18,3,1,80,1,13,5,3,13,7,9,9,LinkedIn
31,Current employee,Travel_Rarely,326,Sales,8,2,Life Sciences,1,16499,139954,1,Male,31,3,3,Sales Executive,4,Divorced,10793,8386,1,Y,No,18,3,1,80,1,13,5,3,13,7,9,9,LinkedIn
31,Current employee,Travel_Rarely,326,Sales,8,2,Medical,1,16501,139956,1,Male,31,3,3,Sales Executive,4,Divorced,10793,8386,6,Y,No,18,3,1,80,1,13,5,3,13,7,9,9,LinkedIn
31,Current employee,Travel_Rarely,326,Sales,8,2,Life Sciences,1,16505,139960,1,Male,31,3,3,Sales Executive,4,Divorced,10793,8386,1,Y,No,18,3,1,80,1,13,5,3,13,7,9,9,LinkedIn
31,Current employee,Travel_Rarely,326,Sales,8,2,Medical,1,16506,139961,1,Male,31,3,3,Sales Executive,4,Divorced,10793,8386,6,Y,No,18,3,1,80,1,13,5,3,13,7,9,9,LinkedIn
31,Current employee,Travel_Rarely,1398,Human Resources,8,2,Medical,1,16569,140024,4,Female,96,4,1,Human Resources,2,Single,2109,24609,9,Y,No,18,3,4,80,0,8,3,3,3,2,0,2,GlassDoor
31,Current employee,Travel_Rarely,1398,Human Resources,8,2,Medical,1,16571,140026,4,Female,96,4,1,Human Resources,2,Single,2109,24609,0,Y,No,18,3,4,80,0,8,3,3,3,2,0,2,GlassDoor
31,Current employee,Travel_Rarely,1398,Human Resources,8,2,Medical,1,16575,140030,4,Female,96,4,1,Human Resources,2,Single,2109,24609,9,Y,No,18,3,4,80,0,8,3,3,3,2,0,2,GlassDoor
31,Current employee,Travel_Rarely,1398,Human Resources,8,2,Medical,1,16576,140031,4,Female,96,4,1,Human Resources,2,Single,2109,24609,0,Y,No,18,3,4,80,0,8,3,3,3,2,0,2,GlassDoor
31,Current employee,Travel_Rarely,1398,Human Resources,8,2,Medical,1,16577,140032,4,Female,96,4,1,Human Resources,2,Single,2109,24609,9,Y,No,18,3,4,80,0,8,3,3,3,2,0,2,GlassDoor
31,Current employee,Travel_Rarely,1398,Human Resources,8,2,Medical,1,16579,140034,4,Female,96,4,1,Human Resources,2,Single,2109,24609,0,Y,No,18,3,4,80,0,8,3,3,3,2,0,2,GlassDoor
31,Current employee,Travel_Rarely,1398,Human Resources,8,2,Medical,1,16583,140038,4,Female,96,4,1,Human Resources,2,Single,2109,24609,9,Y,No,18,3,4,80,0,8,3,3,3,2,0,2,GlassDoor
31,Current employee,Travel_Rarely,1398,Human Resources,8,2,Medical,1,16584,140039,4,Female,96,4,1,Human Resources,2,Single,2109,24609,0,Y,No,18,3,4,80,0,8,3,3,3,2,0,2,GlassDoor
31,Current employee,Travel_Rarely,1332,Research & Development,11,2,Medical,1,17221,140676,4,Female,84,3,4,Manager,4,Divorced,16032,24456,3,Y,No,20,3,1,80,1,26,2,3,14,9,1,12,Indeed
31,Current employee,Travel_Rarely,1332,Research & Development,11,2,Medical,1,17223,140678,4,Female,84,3,4,Manager,4,Divorced,16032,24456,1,Y,No,20,3,1,80,1,26,2,3,14,9,1,12,Indeed
31,Current employee,Travel_Rarely,1332,Research & Development,11,2,Medical,1,17224,140679,4,Female,84,3,4,Manager,4,Divorced,16032,24456,3,Y,No,20,4,1,80,1,26,2,3,14,9,1,12,Indeed
31,Current employee,Travel_Rarely,1332,Research & Development,11,2,Medical,1,17225,140680,4,Female,84,3,4,Manager,4,Divorced,16032,24456,1,Y,No,20,4,1,80,1,26,2,3,14,9,1,12,Indeed
31,Current employee,Travel_Rarely,1332,Research & Development,11,2,Medical,1,17228,140683,4,Female,84,3,4,Manager,4,Divorced,16032,24456,3,Y,No,20,3,1,80,1,26,2,3,14,9,1,12,Indeed
31,Current employee,Travel_Rarely,1332,Research & Development,11,2,Medical,1,17230,140685,4,Female,84,3,4,Manager,4,Divorced,16032,24456,1,Y,No,20,3,1,80,1,26,2,3,14,9,1,12,Indeed
31,Current employee,Travel_Rarely,1332,Research & Development,11,2,Medical,1,17231,140686,4,Female,84,3,4,Manager,4,Divorced,16032,24456,3,Y,No,20,4,1,80,1,26,2,3,14,9,1,12,Indeed
31,Current employee,Travel_Rarely,1332,Research & Development,11,2,Medical,1,17232,140687,4,Female,84,3,4,Manager,4,Divorced,16032,24456,1,Y,No,20,4,1,80,1,26,2,3,14,9,1,12,Indeed
31,Current employee,Travel_Rarely,1062,Research & Development,24,3,Medical,1,17235,140690,4,Male,84,2,1,Research Scientist,1,Single,2362,7568,6,Y,No,13,3,3,80,0,11,2,1,9,7,0,7,Jora
31,Current employee,Travel_Rarely,1062,Research & Development,24,3,Technical Degree,1,17237,140692,4,Male,84,2,1,Research Scientist,1,Single,2362,7568,4,Y,No,13,3,3,80,0,11,2,1,9,7,0,7,Jora
31,Current employee,Travel_Rarely,1062,Research & Development,24,3,Medical,1,17240,140695,4,Male,84,2,1,Research Scientist,1,Single,2362,7568,6,Y,No,13,3,3,80,0,11,2,1,9,7,0,7,Jora
31,Current employee,Travel_Rarely,1062,Research & Development,24,3,Technical Degree,1,17241,140696,4,Male,84,2,1,Research Scientist,1,Single,2362,7568,4,Y,No,13,3,3,80,0,11,2,1,9,7,0,7,Jora
31,Current employee,Travel_Rarely,1062,Research & Development,24,3,Medical,1,17243,140698,4,Male,84,2,1,Research Scientist,1,Single,2362,7568,6,Y,No,13,3,3,80,0,11,2,1,9,7,0,7,Jora
31,Current employee,Travel_Rarely,1062,Research & Development,24,3,Technical Degree,1,17245,140700,4,Male,84,2,1,Research Scientist,1,Single,2362,7568,4,Y,No,13,3,3,80,0,11,2,1,9,7,0,7,Jora
31,Current employee,Travel_Rarely,1062,Research & Development,24,3,Medical,1,17248,140703,4,Male,84,2,1,Research Scientist,1,Single,2362,7568,6,Y,No,13,3,3,80,0,11,2,1,9,7,0,7,Jora
31,Current employee,Travel_Rarely,1062,Research & Development,24,3,Technical Degree,1,17249,140704,4,Male,84,2,1,Research Scientist,1,Single,2362,7568,4,Y,No,13,3,3,80,0,11,2,1,9,7,0,7,Jora
31,Current employee,Travel_Rarely,1398,Human Resources,8,2,Medical,1,17822,141277,4,Female,86,3,1,Research Scientist,1,Married,2367,16530,8,Y,No,12,3,4,80,1,10,3,2,8,2,7,6,Recruit.net
31,Current employee,Travel_Rarely,1398,Human Resources,8,2,Medical,1,17823,141278,4,Female,86,3,1,Research Scientist,1,Married,2367,16530,3,Y,No,12,3,4,80,1,10,3,2,8,2,7,6,Recruit.net
31,Current employee,Travel_Rarely,1398,Human Resources,8,2,Medical,1,17825,141280,4,Female,86,3,1,Research Scientist,1,Married,2367,16530,8,Y,No,12,3,4,80,1,10,3,2,8,2,7,6,Recruit.net
31,Current employee,Travel_Rarely,1398,Human Resources,8,2,Medical,1,17826,141281,4,Female,86,3,1,Research Scientist,1,Married,2367,16530,3,Y,No,12,3,4,80,1,10,3,2,8,2,7,6,Recruit.net
31,Current employee,Travel_Rarely,1398,Human Resources,8,2,Medical,1,17830,141285,4,Female,86,3,1,Research Scientist,1,Married,2367,16530,3,Y,No,12,3,4,80,1,10,3,2,8,2,7,6,Recruit.net
31,Current employee,Travel_Rarely,1398,Human Resources,8,2,Medical,1,17832,141287,4,Female,86,3,1,Research Scientist,1,Married,2367,16530,8,Y,No,12,3,4,80,1,10,3,2,8,2,7,6,Recruit.net
31,Current employee,Travel_Rarely,1398,Human Resources,8,2,Medical,1,17833,141288,4,Female,86,3,1,Research Scientist,1,Married,2367,16530,3,Y,No,12,3,4,80,1,10,3,2,8,2,7,6,Recruit.net
31,Current employee,Travel_Frequently,715,Sales,2,4,Other,1,18275,141730,4,Male,54,3,2,Sales Executive,1,Single,5332,21602,7,Y,No,13,3,4,80,0,10,3,3,5,2,0,3,Recruit.net
31,Current employee,Travel_Frequently,715,Sales,2,4,Life Sciences,1,18277,141732,4,Male,54,3,2,Sales Executive,1,Single,5332,21602,4,Y,No,13,3,4,80,0,10,3,3,5,2,0,3,Recruit.net
31,Current employee,Travel_Frequently,715,Sales,2,4,Other,1,18279,141734,4,Male,54,3,2,Sales Executive,1,Single,5332,21602,7,Y,No,13,3,4,80,0,10,3,3,5,2,0,3,Recruit.net
31,Current employee,Travel_Frequently,715,Sales,2,4,Life Sciences,1,18280,141735,4,Male,54,3,2,Sales Executive,1,Single,5332,21602,4,Y,No,13,3,4,80,0,10,3,3,5,2,0,3,Recruit.net
31,Current employee,Travel_Frequently,715,Sales,2,4,Life Sciences,1,18284,141739,4,Male,54,3,2,Sales Executive,1,Single,5332,21602,4,Y,No,13,3,4,80,0,10,3,3,5,2,0,3,Recruit.net
31,Current employee,Travel_Frequently,715,Sales,2,4,Other,1,18286,141741,4,Male,54,3,2,Sales Executive,1,Single,5332,21602,7,Y,No,13,3,4,80,0,10,3,3,5,2,0,3,Recruit.net
31,Current employee,Travel_Frequently,715,Sales,2,4,Life Sciences,1,18287,141742,4,Male,54,3,2,Sales Executive,1,Single,5332,21602,4,Y,No,13,3,4,80,0,10,3,3,5,2,0,3,Recruit.net
31,Current employee,Travel_Rarely,1112,Sales,5,4,Life Sciences,1,19044,142499,1,Female,67,3,2,Sales Executive,4,Married,5476,22589,1,Y,No,11,3,1,80,2,10,2,3,10,0,0,2,Adzuna
31,Current employee,Travel_Rarely,1112,Sales,5,4,Life Sciences,1,19046,142501,1,Female,67,3,2,Sales Executive,4,Married,5476,22589,5,Y,No,11,3,1,80,2,10,2,3,10,0,0,2,Adzuna
31,Current employee,Travel_Rarely,1112,Sales,5,4,Life Sciences,1,19048,142503,1,Female,67,3,2,Sales Executive,4,Married,5476,22589,1,Y,No,11,3,1,80,2,10,2,3,10,0,0,2,Adzuna
31,Current employee,Travel_Rarely,1112,Sales,5,4,Life Sciences,1,19049,142504,1,Female,67,3,2,Sales Executive,4,Married,5476,22589,5,Y,No,11,3,1,80,2,10,2,3,10,0,0,2,Adzuna
31,Current employee,Travel_Rarely,1112,Sales,5,4,Life Sciences,1,19052,142507,1,Female,67,3,2,Sales Executive,4,Married,5476,22589,1,Y,No,11,3,1,80,2,10,2,3,10,0,0,2,Adzuna
31,Current employee,Travel_Rarely,1112,Sales,5,4,Life Sciences,1,19054,142509,1,Female,67,3,2,Sales Executive,4,Married,5476,22589,5,Y,No,11,3,1,80,2,10,2,3,10,0,0,2,Adzuna
31,Current employee,Travel_Rarely,1112,Sales,5,4,Life Sciences,1,19056,142511,1,Female,67,3,2,Sales Executive,4,Married,5476,22589,1,Y,No,11,3,1,80,2,10,2,3,10,0,0,2,Adzuna
31,Current employee,Travel_Rarely,1112,Sales,5,4,Life Sciences,1,19057,142512,1,Female,67,3,2,Sales Executive,4,Married,5476,22589,5,Y,No,11,3,1,80,2,10,2,3,10,0,0,2,Adzuna
31,Current employee,Travel_Rarely,1079,Sales,10,2,Medical,1,19523,142978,4,Male,90,2,3,Healthcare Representative,3,Married,10748,3395,3,Y,No,23,3,4,80,1,25,3,2,23,15,14,4,Indeed
31,Current employee,Travel_Rarely,1079,Sales,10,2,Medical,1,19525,142980,4,Male,90,2,3,Healthcare Representative,3,Married,10748,3395,0,Y,No,23,3,4,80,1,25,3,2,23,15,14,4,Indeed
31,Current employee,Travel_Rarely,1079,Sales,10,2,Medical,1,19526,142981,4,Male,90,2,3,Healthcare Representative,3,Married,10748,3395,3,Y,No,23,4,4,80,1,25,3,2,23,15,14,4,Indeed
31,Current employee,Travel_Rarely,1079,Sales,10,2,Medical,1,19527,142982,4,Male,90,2,3,Healthcare Representative,3,Married,10748,3395,0,Y,No,23,4,4,80,1,25,3,2,23,15,14,4,Indeed
31,Current employee,Travel_Rarely,1079,Sales,10,2,Medical,1,19531,142986,4,Male,90,2,3,Healthcare Representative,3,Married,10748,3395,3,Y,No,23,3,4,80,1,25,3,2,23,15,14,4,Indeed
31,Current employee,Travel_Rarely,1079,Sales,10,2,Medical,1,19533,142988,4,Male,90,2,3,Healthcare Representative,3,Married,10748,3395,0,Y,No,23,3,4,80,1,25,3,2,23,15,14,4,Indeed
31,Current employee,Travel_Rarely,1079,Sales,10,2,Medical,1,19534,142989,4,Male,90,2,3,Healthcare Representative,3,Married,10748,3395,3,Y,No,23,4,4,80,1,25,3,2,23,15,14,4,Indeed
31,Current employee,Travel_Rarely,1079,Sales,10,2,Medical,1,19535,142990,4,Male,90,2,3,Healthcare Representative,3,Married,10748,3395,0,Y,No,23,4,4,80,1,25,3,2,23,15,14,4,Indeed
31,Current employee,Travel_Rarely,471,Research & Development,4,3,Medical,1,19555,143010,4,Male,90,1,4,Sales Executive,3,Married,12936,24164,7,Y,No,11,3,3,80,0,25,3,1,23,5,14,10,GlassDoor
31,Current employee,Travel_Rarely,471,Research & Development,4,3,Life Sciences,1,19556,143011,4,Male,90,1,4,Sales Executive,3,Married,12936,24164,5,Y,No,11,3,3,80,0,25,3,1,23,5,14,10,GlassDoor
31,Current employee,Travel_Rarely,471,Research & Development,4,3,Medical,1,19558,143013,4,Male,90,1,4,Sales Executive,3,Married,12936,24164,7,Y,No,11,3,3,80,0,25,3,1,23,5,14,10,GlassDoor
31,Current employee,Travel_Rarely,471,Research & Development,4,3,Life Sciences,1,19559,143014,4,Male,90,1,4,Sales Executive,3,Married,12936,24164,5,Y,No,11,3,3,80,0,25,3,1,23,5,14,10,GlassDoor
31,Current employee,Travel_Rarely,471,Research & Development,4,3,Medical,1,19563,143018,4,Male,90,1,4,Sales Executive,3,Married,12936,24164,7,Y,No,11,3,3,80,0,25,3,1,23,5,14,10,GlassDoor
31,Current employee,Travel_Rarely,471,Research & Development,4,3,Life Sciences,1,19564,143019,4,Male,90,1,4,Sales Executive,3,Married,12936,24164,5,Y,No,11,3,3,80,0,25,3,1,23,5,14,10,GlassDoor
31,Current employee,Travel_Rarely,471,Research & Development,4,3,Medical,1,19566,143021,4,Male,90,1,4,Sales Executive,3,Married,12936,24164,7,Y,No,11,3,3,80,0,25,3,1,23,5,14,10,GlassDoor
31,Current employee,Travel_Rarely,471,Research & Development,4,3,Life Sciences,1,19567,143022,4,Male,90,1,4,Sales Executive,3,Married,12936,24164,5,Y,No,11,3,3,80,0,25,3,1,23,5,14,10,GlassDoor
31,Current employee,Travel_Rarely,741,Research & Development,2,4,Life Sciences,1,19618,143073,2,Male,69,3,1,Laboratory Technician,3,Married,3477,18103,1,Y,No,14,3,4,80,1,6,2,4,5,2,0,3,Seek
31,Current employee,Travel_Rarely,741,Research & Development,2,4,Life Sciences,1,19620,143075,2,Male,69,3,1,Laboratory Technician,3,Married,3477,18103,1,Y,No,14,3,4,80,1,6,2,4,5,2,0,3,Seek
31,Current employee,Travel_Rarely,741,Research & Development,2,4,Life Sciences,1,19622,143077,2,Male,69,3,1,Laboratory Technician,3,Married,3477,18103,1,Y,No,14,3,4,80,1,6,2,4,5,2,0,3,Seek
31,Current employee,Travel_Rarely,741,Research & Development,2,4,Life Sciences,1,19623,143078,2,Male,69,3,1,Laboratory Technician,3,Married,3477,18103,1,Y,No,14,3,4,80,1,6,2,4,5,2,0,3,Seek
31,Current employee,Travel_Rarely,741,Research & Development,2,4,Life Sciences,1,19626,143081,2,Male,69,3,1,Laboratory Technician,3,Married,3477,18103,1,Y,No,14,3,4,80,1,6,2,4,5,2,0,3,Seek
31,Current employee,Travel_Rarely,741,Research & Development,2,4,Life Sciences,1,19628,143083,2,Male,69,3,1,Laboratory Technician,3,Married,3477,18103,1,Y,No,14,3,4,80,1,6,2,4,5,2,0,3,Seek
31,Current employee,Travel_Rarely,741,Research & Development,2,4,Life Sciences,1,19630,143085,2,Male,69,3,1,Laboratory Technician,3,Married,3477,18103,1,Y,No,14,3,4,80,1,6,2,4,5,2,0,3,Seek
31,Current employee,Travel_Rarely,741,Research & Development,2,4,Life Sciences,1,19631,143086,2,Male,69,3,1,Laboratory Technician,3,Married,3477,18103,1,Y,No,14,3,4,80,1,6,2,4,5,2,0,3,Seek
31,Current employee,Non-Travel,976,Research & Development,3,2,Medical,1,19651,143106,4,Female,90,3,2,Manufacturing Director,1,Married,6516,5041,2,Y,Yes,16,3,2,80,1,18,3,3,1,0,0,0,Seek
31,Current employee,Non-Travel,976,Research & Development,3,2,Life Sciences,1,19652,143107,4,Female,90,3,2,Manufacturing Director,1,Married,6516,5041,1,Y,Yes,16,3,2,80,1,18,3,3,1,0,0,0,Seek
31,Current employee,Non-Travel,976,Research & Development,3,2,Medical,1,19654,143109,4,Female,90,3,2,Manufacturing Director,1,Married,6516,5041,2,Y,Yes,16,3,2,80,1,18,3,3,1,0,0,0,Seek
31,Current employee,Non-Travel,976,Research & Development,3,2,Life Sciences,1,19655,143110,4,Female,90,3,2,Manufacturing Director,1,Married,6516,5041,1,Y,Yes,16,3,2,80,1,18,3,3,1,0,0,0,Seek
31,Current employee,Non-Travel,976,Research & Development,3,2,Medical,1,19659,143114,4,Female,90,3,2,Manufacturing Director,1,Married,6516,5041,2,Y,Yes,16,3,2,80,1,18,3,3,1,0,0,0,Seek
31,Current employee,Non-Travel,976,Research & Development,3,2,Life Sciences,1,19660,143115,4,Female,90,3,2,Manufacturing Director,1,Married,6516,5041,1,Y,Yes,16,3,2,80,1,18,3,3,1,0,0,0,Seek
31,Current employee,Non-Travel,976,Research & Development,3,2,Medical,1,19662,143117,4,Female,90,3,2,Manufacturing Director,1,Married,6516,5041,2,Y,Yes,16,3,2,80,1,18,3,3,1,0,0,0,Seek
31,Current employee,Non-Travel,976,Research & Development,3,2,Life Sciences,1,19663,143118,4,Female,90,3,2,Manufacturing Director,1,Married,6516,5041,1,Y,Yes,16,3,2,80,1,18,3,3,1,0,0,0,Seek
31,Current employee,Travel_Rarely,1276,Research & Development,2,1,Medical,1,19715,143170,4,Male,91,3,1,Research Scientist,4,Married,2862,3811,1,Y,No,12,3,2,80,1,10,2,2,10,0,0,8,Indeed
31,Current employee,Travel_Rarely,1276,Research & Development,2,1,Life Sciences,1,19716,143171,4,Male,91,3,1,Research Scientist,4,Married,2862,3811,2,Y,No,12,3,2,80,1,10,2,2,10,0,0,8,Indeed
31,Current employee,Travel_Rarely,1276,Research & Development,2,1,Medical,1,19720,143175,4,Male,91,3,1,Research Scientist,4,Married,2862,3811,1,Y,No,12,3,2,80,1,10,2,2,10,0,0,8,Indeed
31,Current employee,Travel_Rarely,1276,Research & Development,2,1,Life Sciences,1,19721,143176,4,Male,91,3,1,Research Scientist,4,Married,2862,3811,2,Y,No,12,3,2,80,1,10,2,2,10,0,0,8,Indeed
31,Current employee,Travel_Rarely,1276,Research & Development,2,1,Medical,1,19723,143178,4,Male,91,3,1,Research Scientist,4,Married,2862,3811,1,Y,No,12,3,2,80,1,10,2,2,10,0,0,8,Indeed
31,Current employee,Travel_Rarely,1276,Research & Development,2,1,Life Sciences,1,19724,143179,4,Male,91,3,1,Research Scientist,4,Married,2862,3811,2,Y,No,12,3,2,80,1,10,2,2,10,0,0,8,Indeed
31,Current employee,Travel_Rarely,1276,Research & Development,2,1,Medical,1,19728,143183,4,Male,91,3,1,Research Scientist,4,Married,2862,3811,1,Y,No,12,3,2,80,1,10,2,2,10,0,0,8,Indeed
31,Current employee,Travel_Rarely,1276,Research & Development,2,1,Life Sciences,1,19729,143184,4,Male,91,3,1,Research Scientist,4,Married,2862,3811,2,Y,No,12,3,2,80,1,10,2,2,10,0,0,8,Indeed
31,Current employee,Non-Travel,697,Research & Development,10,3,Medical,1,19731,143186,4,Male,91,3,2,Sales Executive,2,Married,4978,3536,7,Y,No,11,3,4,80,1,4,3,1,1,0,0,0,Jora
31,Current employee,Non-Travel,697,Research & Development,10,3,Medical,1,19733,143188,4,Male,91,3,2,Sales Executive,2,Married,4978,3536,6,Y,No,11,3,4,80,1,4,3,1,1,0,0,0,Jora
31,Current employee,Non-Travel,697,Research & Development,10,3,Medical,1,19734,143189,4,Male,91,3,2,Sales Executive,2,Married,4978,3536,7,Y,No,11,3,4,80,1,4,3,1,1,0,0,0,Jora
31,Current employee,Non-Travel,697,Research & Development,10,3,Medical,1,19735,143190,4,Male,91,3,2,Sales Executive,2,Married,4978,3536,6,Y,No,11,3,4,80,1,4,3,1,1,0,0,0,Jora
31,Current employee,Non-Travel,697,Research & Development,10,3,Medical,1,19739,143194,4,Male,91,3,2,Sales Executive,2,Married,4978,3536,7,Y,No,11,3,4,80,1,4,3,1,1,0,0,0,Jora
31,Current employee,Non-Travel,697,Research & Development,10,3,Medical,1,19741,143196,4,Male,91,3,2,Sales Executive,2,Married,4978,3536,6,Y,No,11,3,4,80,1,4,3,1,1,0,0,0,Jora
31,Current employee,Non-Travel,697,Research & Development,10,3,Medical,1,19742,143197,4,Male,91,3,2,Sales Executive,2,Married,4978,3536,7,Y,No,11,3,4,80,1,4,3,1,1,0,0,0,Jora
31,Current employee,Non-Travel,697,Research & Development,10,3,Medical,1,19743,143198,4,Male,91,3,2,Sales Executive,2,Married,4978,3536,6,Y,No,11,3,4,80,1,4,3,1,1,0,0,0,Jora
31,Current employee,Travel_Frequently,163,Research & Development,24,1,Technical Degree,1,19810,143265,4,Female,30,3,2,Manufacturing Director,4,Single,5238,6670,2,Y,No,20,3,4,80,0,9,3,2,5,4,1,4,Company Website
31,Current employee,Travel_Frequently,163,Research & Development,24,1,Technical Degree,1,19813,143268,4,Female,30,3,2,Manufacturing Director,4,Single,5238,6670,1,Y,No,20,3,4,80,0,9,3,2,5,4,1,4,Company Website
31,Current employee,Travel_Frequently,163,Research & Development,24,1,Technical Degree,1,19814,143269,4,Female,30,3,2,Manufacturing Director,4,Single,5238,6670,2,Y,No,20,4,4,80,0,9,3,2,5,4,1,4,Company Website
31,Current employee,Travel_Frequently,163,Research & Development,24,1,Technical Degree,1,19815,143270,4,Female,30,3,2,Manufacturing Director,4,Single,5238,6670,1,Y,No,20,4,4,80,0,9,3,2,5,4,1,4,Company Website
31,Current employee,Travel_Frequently,163,Research & Development,24,1,Technical Degree,1,19818,143273,4,Female,30,3,2,Manufacturing Director,4,Single,5238,6670,2,Y,No,20,3,4,80,0,9,3,2,5,4,1,4,Company Website
31,Current employee,Travel_Frequently,163,Research & Development,24,1,Technical Degree,1,19821,143276,4,Female,30,3,2,Manufacturing Director,4,Single,5238,6670,1,Y,No,20,3,4,80,0,9,3,2,5,4,1,4,Company Website
31,Current employee,Travel_Frequently,163,Research & Development,24,1,Technical Degree,1,19822,143277,4,Female,30,3,2,Manufacturing Director,4,Single,5238,6670,2,Y,No,20,4,4,80,0,9,3,2,5,4,1,4,Company Website
31,Current employee,Travel_Frequently,163,Research & Development,24,1,Technical Degree,1,19823,143278,4,Female,30,3,2,Manufacturing Director,4,Single,5238,6670,1,Y,No,20,4,4,80,0,9,3,2,5,4,1,4,Company Website
31,Current employee,Travel_Rarely,1003,Sales,5,3,Technical Degree,1,19936,143391,1,Male,51,3,2,Sales Executive,3,Married,8346,20943,1,Y,No,19,3,3,80,1,6,3,3,5,2,0,2,Company Website
31,Current employee,Travel_Rarely,1003,Sales,5,3,Life Sciences,1,19939,143394,1,Male,51,3,2,Sales Executive,3,Married,8346,20943,5,Y,No,19,3,3,80,1,6,3,3,5,2,0,2,Company Website
31,Current employee,Travel_Rarely,1003,Sales,5,3,Technical Degree,1,19940,143395,1,Male,51,3,2,Sales Executive,3,Married,8346,20943,1,Y,No,19,3,3,80,1,6,3,3,5,2,0,2,Company Website
31,Current employee,Travel_Rarely,1003,Sales,5,3,Life Sciences,1,19941,143396,1,Male,51,3,2,Sales Executive,3,Married,8346,20943,5,Y,No,19,3,3,80,1,6,3,3,5,2,0,2,Company Website
31,Current employee,Travel_Rarely,1003,Sales,5,3,Technical Degree,1,19944,143399,1,Male,51,3,2,Sales Executive,3,Married,8346,20943,1,Y,No,19,3,3,80,1,6,3,3,5,2,0,2,Company Website
31,Current employee,Travel_Rarely,1003,Sales,5,3,Life Sciences,1,19947,143402,1,Male,51,3,2,Sales Executive,3,Married,8346,20943,5,Y,No,19,3,3,80,1,6,3,3,5,2,0,2,Company Website
31,Current employee,Travel_Rarely,1003,Sales,5,3,Technical Degree,1,19948,143403,1,Male,51,3,2,Sales Executive,3,Married,8346,20943,1,Y,No,19,3,3,80,1,6,3,3,5,2,0,2,Company Website
31,Current employee,Travel_Rarely,1003,Sales,5,3,Life Sciences,1,19949,143404,1,Male,51,3,2,Sales Executive,3,Married,8346,20943,5,Y,No,19,3,3,80,1,6,3,3,5,2,0,2,Company Website
31,Current employee,Non-Travel,325,Research & Development,5,3,Medical,1,20001,143456,4,Male,92,2,3,Sales Executive,1,Divorced,7140,3088,2,Y,No,11,4,1,80,1,12,2,3,7,7,1,7,Recruit.net
31,Current employee,Non-Travel,325,Research & Development,5,3,Life Sciences,1,20002,143457,4,Male,92,2,3,Sales Executive,1,Divorced,7140,3088,5,Y,No,11,3,1,80,1,12,2,3,7,7,1,7,Recruit.net
31,Current employee,Non-Travel,325,Research & Development,5,3,Medical,1,20006,143461,4,Male,92,2,3,Sales Executive,1,Divorced,7140,3088,2,Y,No,11,3,1,80,1,12,2,3,7,7,1,7,Recruit.net
31,Current employee,Non-Travel,325,Research & Development,5,3,Life Sciences,1,20007,143462,4,Male,92,2,3,Sales Executive,1,Divorced,7140,3088,5,Y,No,11,3,1,80,1,12,2,3,7,7,1,7,Recruit.net
31,Current employee,Non-Travel,325,Research & Development,5,3,Medical,1,20009,143464,4,Male,92,2,3,Sales Executive,1,Divorced,7140,3088,2,Y,No,11,4,1,80,1,12,2,3,7,7,1,7,Recruit.net
31,Current employee,Non-Travel,325,Research & Development,5,3,Life Sciences,1,20010,143465,4,Male,92,2,3,Sales Executive,1,Divorced,7140,3088,5,Y,No,11,3,1,80,1,12,2,3,7,7,1,7,Recruit.net
31,Current employee,Non-Travel,325,Research & Development,5,3,Medical,1,20014,143469,4,Male,92,2,3,Sales Executive,1,Divorced,7140,3088,2,Y,No,11,3,1,80,1,12,2,3,7,7,1,7,Recruit.net
31,Current employee,Non-Travel,325,Research & Development,5,3,Life Sciences,1,20015,143470,4,Male,92,2,3,Sales Executive,1,Divorced,7140,3088,5,Y,No,11,3,1,80,1,12,2,3,7,7,1,7,Recruit.net
31,Current employee,Travel_Rarely,196,Sales,29,4,Marketing,1,20363,143818,1,Female,91,2,2,Sales Executive,4,Married,5468,13402,1,Y,No,14,3,1,80,2,13,3,3,12,7,5,7,Company Website
31,Current employee,Travel_Rarely,196,Sales,29,4,Technical Degree,1,20366,143821,1,Female,91,2,2,Sales Executive,4,Married,5468,13402,8,Y,No,14,4,1,80,2,13,3,3,12,7,5,7,Company Website
31,Current employee,Travel_Rarely,196,Sales,29,4,Marketing,1,20367,143822,1,Female,91,2,2,Sales Executive,4,Married,5468,13402,1,Y,No,14,3,1,80,2,13,3,3,12,7,5,7,Company Website
31,Current employee,Travel_Rarely,196,Sales,29,4,Technical Degree,1,20368,143823,1,Female,91,2,2,Sales Executive,4,Married,5468,13402,8,Y,No,14,3,1,80,2,13,3,3,12,7,5,7,Company Website
31,Current employee,Travel_Rarely,196,Sales,29,4,Marketing,1,20371,143826,1,Female,91,2,2,Sales Executive,4,Married,5468,13402,1,Y,No,14,3,1,80,2,13,3,3,12,7,5,7,Company Website
31,Current employee,Travel_Rarely,196,Sales,29,4,Technical Degree,1,20374,143829,1,Female,91,2,2,Sales Executive,4,Married,5468,13402,8,Y,No,14,4,1,80,2,13,3,3,12,7,5,7,Company Website
31,Current employee,Travel_Rarely,196,Sales,29,4,Marketing,1,20375,143830,1,Female,91,2,2,Sales Executive,4,Married,5468,13402,1,Y,No,14,3,1,80,2,13,3,3,12,7,5,7,Company Website
31,Current employee,Travel_Rarely,196,Sales,29,4,Technical Degree,1,20376,143831,1,Female,91,2,2,Sales Executive,4,Married,5468,13402,8,Y,No,14,3,1,80,2,13,3,3,12,7,5,7,Company Website
31,Current employee,Travel_Frequently,1125,Sales,7,4,Marketing,1,20875,144330,1,Female,68,3,3,Sales Executive,1,Married,9637,8277,2,Y,No,14,3,4,80,2,9,3,3,3,2,2,2,Company Website
31,Current employee,Travel_Frequently,1125,Sales,7,4,Marketing,1,20877,144332,1,Female,68,3,3,Sales Executive,1,Married,9637,8277,5,Y,No,14,3,4,80,2,9,3,3,3,2,2,2,Company Website
31,Current employee,Travel_Frequently,1125,Sales,7,4,Marketing,1,20879,144334,1,Female,68,3,3,Sales Executive,1,Married,9637,8277,2,Y,No,14,3,4,80,2,9,3,3,3,2,2,2,Company Website
31,Current employee,Travel_Frequently,1125,Sales,7,4,Marketing,1,20880,144335,1,Female,68,3,3,Sales Executive,1,Married,9637,8277,5,Y,No,14,3,4,80,2,9,3,3,3,2,2,2,Company Website
31,Current employee,Travel_Frequently,1125,Sales,7,4,Marketing,1,20883,144338,1,Female,68,3,3,Sales Executive,1,Married,9637,8277,2,Y,No,14,3,4,80,2,9,3,3,3,2,2,2,Company Website
31,Current employee,Travel_Frequently,1125,Sales,7,4,Marketing,1,20885,144340,1,Female,68,3,3,Sales Executive,1,Married,9637,8277,5,Y,No,14,3,4,80,2,9,3,3,3,2,2,2,Company Website
31,Current employee,Travel_Frequently,1125,Sales,7,4,Marketing,1,20887,144342,1,Female,68,3,3,Sales Executive,1,Married,9637,8277,2,Y,No,14,3,4,80,2,9,3,3,3,2,2,2,Company Website
31,Current employee,Travel_Frequently,1125,Sales,7,4,Marketing,1,20888,144343,1,Female,68,3,3,Sales Executive,1,Married,9637,8277,5,Y,No,14,3,4,80,2,9,3,3,3,2,2,2,Company Website
31,Current employee,Travel_Frequently,715,Sales,2,4,Other,1,21099,144554,4,Male,95,3,1,Research Scientist,3,Married,2936,6161,3,Y,No,22,3,2,80,2,10,1,2,6,3,3,3,Indeed
31,Current employee,Travel_Frequently,715,Sales,2,4,Life Sciences,1,21100,144555,4,Male,95,3,1,Research Scientist,3,Married,2936,6161,2,Y,No,22,3,2,80,2,10,1,2,6,3,3,3,Indeed
31,Current employee,Travel_Frequently,715,Sales,2,4,Other,1,21102,144557,4,Male,95,3,1,Research Scientist,3,Married,2936,6161,3,Y,No,22,4,2,80,2,10,1,2,6,3,3,3,Indeed
31,Current employee,Travel_Frequently,715,Sales,2,4,Life Sciences,1,21103,144558,4,Male,95,3,1,Research Scientist,3,Married,2936,6161,2,Y,No,22,4,2,80,2,10,1,2,6,3,3,3,Indeed
31,Current employee,Travel_Frequently,715,Sales,2,4,Other,1,21107,144562,4,Male,95,3,1,Research Scientist,3,Married,2936,6161,3,Y,No,22,3,2,80,2,10,1,2,6,3,3,3,Indeed
31,Current employee,Travel_Frequently,715,Sales,2,4,Life Sciences,1,21108,144563,4,Male,95,3,1,Research Scientist,3,Married,2936,6161,2,Y,No,22,3,2,80,2,10,1,2,6,3,3,3,Indeed
31,Current employee,Travel_Frequently,715,Sales,2,4,Other,1,21110,144565,4,Male,95,3,1,Research Scientist,3,Married,2936,6161,3,Y,No,22,4,2,80,2,10,1,2,6,3,3,3,Indeed
31,Current employee,Travel_Frequently,715,Sales,2,4,Life Sciences,1,21111,144566,4,Male,95,3,1,Research Scientist,3,Married,2936,6161,2,Y,No,22,4,2,80,2,10,1,2,6,3,3,3,Indeed
31,Current employee,Travel_Rarely,311,Research & Development,20,3,Life Sciences,1,21432,144887,2,Male,30,3,2,Laboratory Technician,3,Divorced,4197,18624,1,Y,No,11,3,1,80,1,10,2,3,10,8,0,2,Company Website
31,Current employee,Travel_Rarely,311,Research & Development,20,3,Medical,1,21435,144890,2,Male,30,3,2,Laboratory Technician,3,Divorced,4197,18624,1,Y,No,11,3,1,80,1,10,2,3,10,8,0,2,Company Website
31,Current employee,Travel_Rarely,311,Research & Development,20,3,Life Sciences,1,21436,144891,2,Male,30,3,2,Laboratory Technician,3,Divorced,4197,18624,1,Y,No,11,3,1,80,1,10,2,3,10,8,0,2,Company Website
31,Current employee,Travel_Rarely,311,Research & Development,20,3,Medical,1,21437,144892,2,Male,30,3,2,Laboratory Technician,3,Divorced,4197,18624,1,Y,No,11,3,1,80,1,10,2,3,10,8,0,2,Company Website
31,Current employee,Travel_Rarely,311,Research & Development,20,3,Life Sciences,1,21440,144895,2,Male,30,3,2,Laboratory Technician,3,Divorced,4197,18624,1,Y,No,11,3,1,80,1,10,2,3,10,8,0,2,Company Website
31,Current employee,Travel_Rarely,311,Research & Development,20,3,Medical,1,21443,144898,2,Male,30,3,2,Laboratory Technician,3,Divorced,4197,18624,1,Y,No,11,3,1,80,1,10,2,3,10,8,0,2,Company Website
31,Current employee,Travel_Rarely,311,Research & Development,20,3,Life Sciences,1,21444,144899,2,Male,30,3,2,Laboratory Technician,3,Divorced,4197,18624,1,Y,No,11,3,1,80,1,10,2,3,10,8,0,2,Company Website
31,Current employee,Travel_Rarely,311,Research & Development,20,3,Medical,1,21445,144900,2,Male,30,3,2,Laboratory Technician,3,Divorced,4197,18624,1,Y,No,11,3,1,80,1,10,2,3,10,8,0,2,Company Website
31,Current employee,Travel_Rarely,1079,Sales,10,2,Medical,1,21704,145159,3,Female,31,3,2,Sales Executive,4,Divorced,6583,20115,2,Y,Yes,11,3,4,80,1,8,2,3,5,2,1,4,Seek
31,Current employee,Travel_Rarely,1079,Sales,10,2,Medical,1,21707,145162,3,Female,31,3,2,Sales Executive,4,Divorced,6583,20115,6,Y,Yes,11,3,4,80,1,8,2,3,5,2,1,4,Seek
31,Current employee,Travel_Rarely,1079,Sales,10,2,Medical,1,21708,145163,3,Female,31,3,2,Sales Executive,4,Divorced,6583,20115,2,Y,Yes,11,3,4,80,1,8,2,3,5,2,1,4,Seek
31,Current employee,Travel_Rarely,1079,Sales,10,2,Medical,1,21709,145164,3,Female,31,3,2,Sales Executive,4,Divorced,6583,20115,6,Y,Yes,11,3,4,80,1,8,2,3,5,2,1,4,Seek
31,Current employee,Travel_Rarely,1079,Sales,10,2,Medical,1,21712,145167,3,Female,31,3,2,Sales Executive,4,Divorced,6583,20115,2,Y,Yes,11,3,4,80,1,8,2,3,5,2,1,4,Seek
31,Current employee,Travel_Rarely,1079,Sales,10,2,Medical,1,21715,145170,3,Female,31,3,2,Sales Executive,4,Divorced,6583,20115,6,Y,Yes,11,3,4,80,1,8,2,3,5,2,1,4,Seek
31,Current employee,Travel_Rarely,1079,Sales,10,2,Medical,1,21716,145171,3,Female,31,3,2,Sales Executive,4,Divorced,6583,20115,2,Y,Yes,11,3,4,80,1,8,2,3,5,2,1,4,Seek
31,Current employee,Travel_Rarely,1079,Sales,10,2,Medical,1,21717,145172,3,Female,31,3,2,Sales Executive,4,Divorced,6583,20115,6,Y,Yes,11,3,4,80,1,8,2,3,5,2,1,4,Seek
31,Current employee,Travel_Rarely,471,Research & Development,4,3,Medical,1,21736,145191,1,Female,31,4,1,Laboratory Technician,3,Divorced,3978,16031,8,Y,No,12,3,2,80,1,4,0,2,2,2,2,2,Seek
31,Current employee,Travel_Rarely,471,Research & Development,4,3,Life Sciences,1,21738,145193,1,Female,31,4,1,Laboratory Technician,3,Divorced,3978,16031,1,Y,No,12,3,2,80,1,4,0,2,2,2,2,2,Seek
31,Current employee,Travel_Rarely,471,Research & Development,4,3,Medical,1,21740,145195,1,Female,31,4,1,Laboratory Technician,3,Divorced,3978,16031,8,Y,No,12,3,2,80,1,4,0,2,2,2,2,2,Seek
31,Current employee,Travel_Rarely,471,Research & Development,4,3,Life Sciences,1,21741,145196,1,Female,31,4,1,Laboratory Technician,3,Divorced,3978,16031,1,Y,No,12,3,2,80,1,4,0,2,2,2,2,2,Seek
31,Current employee,Travel_Rarely,471,Research & Development,4,3,Medical,1,21747,145202,1,Female,31,4,1,Laboratory Technician,3,Divorced,3978,16031,8,Y,No,12,3,2,80,1,4,0,2,2,2,2,2,Seek
31,Current employee,Travel_Rarely,471,Research & Development,4,3,Life Sciences,1,21749,145204,1,Female,31,4,1,Laboratory Technician,3,Divorced,3978,16031,1,Y,No,12,3,2,80,1,4,0,2,2,2,2,2,Seek
31,Current employee,Travel_Rarely,471,Research & Development,4,3,Medical,1,21751,145206,1,Female,31,4,1,Laboratory Technician,3,Divorced,3978,16031,8,Y,No,12,3,2,80,1,4,0,2,2,2,2,2,Seek
31,Current employee,Travel_Rarely,471,Research & Development,4,3,Life Sciences,1,21752,145207,1,Female,31,4,1,Laboratory Technician,3,Divorced,3978,16031,1,Y,No,12,3,2,80,1,4,0,2,2,2,2,2,Seek
31,Current employee,Travel_Rarely,218,Sales,7,3,Technical Degree,1,21775,145230,4,Male,96,3,2,Healthcare Representative,3,Single,5399,14511,4,Y,No,12,3,3,80,0,12,3,3,4,2,0,3,Seek
31,Current employee,Travel_Rarely,218,Sales,7,3,Marketing,1,21777,145232,4,Male,96,3,2,Healthcare Representative,3,Single,5399,14511,0,Y,No,12,3,3,80,0,12,3,3,4,2,0,3,Seek
31,Current employee,Travel_Rarely,218,Sales,7,3,Technical Degree,1,21778,145233,4,Male,96,3,2,Healthcare Representative,3,Single,5399,14511,4,Y,No,12,3,3,80,0,12,3,3,4,2,0,3,Seek
31,Current employee,Travel_Rarely,218,Sales,7,3,Marketing,1,21779,145234,4,Male,96,3,2,Healthcare Representative,3,Single,5399,14511,0,Y,No,12,3,3,80,0,12,3,3,4,2,0,3,Seek
31,Current employee,Travel_Rarely,218,Sales,7,3,Technical Degree,1,21783,145238,4,Male,96,3,2,Healthcare Representative,3,Single,5399,14511,4,Y,No,12,3,3,80,0,12,3,3,4,2,0,3,Seek
31,Current employee,Travel_Rarely,218,Sales,7,3,Marketing,1,21785,145240,4,Male,96,3,2,Healthcare Representative,3,Single,5399,14511,0,Y,No,12,3,3,80,0,12,3,3,4,2,0,3,Seek
31,Current employee,Travel_Rarely,218,Sales,7,3,Technical Degree,1,21786,145241,4,Male,96,3,2,Healthcare Representative,3,Single,5399,14511,4,Y,No,12,3,3,80,0,12,3,3,4,2,0,3,Seek
31,Current employee,Travel_Rarely,218,Sales,7,3,Marketing,1,21787,145242,4,Male,96,3,2,Healthcare Representative,3,Single,5399,14511,0,Y,No,12,3,3,80,0,12,3,3,4,2,0,3,Seek
31,Current employee,Travel_Rarely,691,Research & Development,5,4,Technical Degree,1,21791,145246,4,Male,96,3,2,Sales Executive,3,Single,5487,10410,1,Y,No,14,3,2,80,0,10,2,2,10,4,0,9,Company Website
31,Current employee,Travel_Rarely,691,Research & Development,5,4,Life Sciences,1,21792,145247,4,Male,96,3,2,Sales Executive,3,Single,5487,10410,5,Y,No,14,3,2,80,0,10,2,2,10,4,0,9,Company Website
31,Current employee,Travel_Rarely,691,Research & Development,5,4,Technical Degree,1,21794,145249,4,Male,96,3,2,Sales Executive,3,Single,5487,10410,1,Y,No,14,3,2,80,0,10,2,2,10,4,0,9,Company Website
31,Current employee,Travel_Rarely,691,Research & Development,5,4,Life Sciences,1,21795,145250,4,Male,96,3,2,Sales Executive,3,Single,5487,10410,5,Y,No,14,3,2,80,0,10,2,2,10,4,0,9,Company Website
31,Current employee,Travel_Rarely,691,Research & Development,5,4,Technical Degree,1,21799,145254,4,Male,96,3,2,Sales Executive,3,Single,5487,10410,1,Y,No,14,3,2,80,0,10,2,2,10,4,0,9,Company Website
31,Current employee,Travel_Rarely,691,Research & Development,5,4,Life Sciences,1,21800,145255,4,Male,96,3,2,Sales Executive,3,Single,5487,10410,5,Y,No,14,3,2,80,0,10,2,2,10,4,0,9,Company Website
31,Current employee,Travel_Rarely,691,Research & Development,5,4,Technical Degree,1,21802,145257,4,Male,96,3,2,Sales Executive,3,Single,5487,10410,1,Y,No,14,3,2,80,0,10,2,2,10,4,0,9,Company Website
31,Current employee,Travel_Rarely,691,Research & Development,5,4,Life Sciences,1,21803,145258,4,Male,96,3,2,Sales Executive,3,Single,5487,10410,5,Y,No,14,3,2,80,0,10,2,2,10,4,0,9,Company Website
31,Current employee,Non-Travel,976,Research & Development,3,2,Medical,1,22101,145556,3,Male,32,3,1,Research Scientist,1,Divorced,3065,3995,1,Y,Yes,13,4,4,80,1,4,3,4,4,2,2,3,Indeed
31,Current employee,Non-Travel,976,Research & Development,3,2,Life Sciences,1,22104,145559,3,Male,32,3,1,Research Scientist,1,Divorced,3065,3995,2,Y,Yes,13,3,4,80,1,4,3,4,4,2,2,3,Indeed
31,Current employee,Non-Travel,976,Research & Development,3,2,Medical,1,22105,145560,3,Male,32,3,1,Research Scientist,1,Divorced,3065,3995,1,Y,Yes,13,3,4,80,1,4,3,4,4,2,2,3,Indeed
31,Current employee,Non-Travel,976,Research & Development,3,2,Life Sciences,1,22106,145561,3,Male,32,3,1,Research Scientist,1,Divorced,3065,3995,2,Y,Yes,13,3,4,80,1,4,3,4,4,2,2,3,Indeed
31,Current employee,Non-Travel,976,Research & Development,3,2,Medical,1,22109,145564,3,Male,32,3,1,Research Scientist,1,Divorced,3065,3995,1,Y,Yes,13,4,4,80,1,4,3,4,4,2,2,3,Indeed
31,Current employee,Non-Travel,976,Research & Development,3,2,Life Sciences,1,22112,145567,3,Male,32,3,1,Research Scientist,1,Divorced,3065,3995,2,Y,Yes,13,3,4,80,1,4,3,4,4,2,2,3,Indeed
31,Current employee,Non-Travel,976,Research & Development,3,2,Medical,1,22113,145568,3,Male,32,3,1,Research Scientist,1,Divorced,3065,3995,1,Y,Yes,13,3,4,80,1,4,3,4,4,2,2,3,Indeed
31,Current employee,Non-Travel,976,Research & Development,3,2,Life Sciences,1,22114,145569,3,Male,32,3,1,Research Scientist,1,Divorced,3065,3995,2,Y,Yes,13,3,4,80,1,4,3,4,4,2,2,3,Indeed
31,Current employee,Travel_Frequently,1125,Research & Development,1,3,Life Sciences,1,22213,145668,4,Male,33,1,2,Research Scientist,1,Married,5003,5771,1,Y,No,21,4,2,80,0,10,6,3,10,8,8,7,Company Website
31,Current employee,Travel_Frequently,1125,Research & Development,1,3,Life Sciences,1,22215,145670,4,Male,33,1,2,Research Scientist,1,Married,5003,5771,2,Y,No,21,3,2,80,0,10,6,3,10,8,8,7,Company Website
31,Current employee,Travel_Frequently,1125,Research & Development,1,3,Life Sciences,1,22219,145674,4,Male,33,1,2,Research Scientist,1,Married,5003,5771,1,Y,No,21,4,2,80,0,10,6,3,10,8,8,7,Company Website
31,Current employee,Travel_Frequently,1125,Research & Development,1,3,Life Sciences,1,22220,145675,4,Male,33,1,2,Research Scientist,1,Married,5003,5771,2,Y,No,21,4,2,80,0,10,6,3,10,8,8,7,Company Website
31,Current employee,Travel_Frequently,1125,Research & Development,1,3,Life Sciences,1,22221,145676,4,Male,33,1,2,Research Scientist,1,Married,5003,5771,1,Y,No,21,4,2,80,0,10,6,3,10,8,8,7,Company Website
31,Current employee,Travel_Frequently,1125,Research & Development,1,3,Life Sciences,1,22223,145678,4,Male,33,1,2,Research Scientist,1,Married,5003,5771,2,Y,No,21,3,2,80,0,10,6,3,10,8,8,7,Company Website
31,Current employee,Travel_Frequently,1125,Research & Development,1,3,Life Sciences,1,22227,145682,4,Male,33,1,2,Research Scientist,1,Married,5003,5771,1,Y,No,21,4,2,80,0,10,6,3,10,8,8,7,Company Website
31,Current employee,Travel_Frequently,1125,Research & Development,1,3,Life Sciences,1,22228,145683,4,Male,33,1,2,Research Scientist,1,Married,5003,5771,2,Y,No,21,4,2,80,0,10,6,3,10,8,8,7,Company Website
31,Current employee,Travel_Rarely,1276,Research & Development,2,1,Medical,1,22422,145877,4,Female,33,1,1,Laboratory Technician,4,Divorced,1129,17536,1,Y,Yes,11,3,3,80,3,1,4,3,1,0,0,0,Jora
31,Current employee,Travel_Rarely,1276,Research & Development,2,1,Life Sciences,1,22425,145880,4,Female,33,1,1,Laboratory Technician,4,Divorced,1129,17536,1,Y,Yes,11,3,3,80,3,1,4,3,1,0,0,0,Jora
31,Current employee,Travel_Rarely,1276,Research & Development,2,1,Medical,1,22426,145881,4,Female,33,1,1,Laboratory Technician,4,Divorced,1129,17536,1,Y,Yes,11,3,3,80,3,1,4,3,1,0,0,0,Jora
31,Current employee,Travel_Rarely,1276,Research & Development,2,1,Life Sciences,1,22427,145882,4,Female,33,1,1,Laboratory Technician,4,Divorced,1129,17536,1,Y,Yes,11,3,3,80,3,1,4,3,1,0,0,0,Jora
31,Current employee,Travel_Rarely,1276,Research & Development,2,1,Medical,1,22430,145885,4,Female,33,1,1,Laboratory Technician,4,Divorced,1129,17536,1,Y,Yes,11,3,3,80,3,1,4,3,1,0,0,0,Jora
31,Current employee,Travel_Rarely,1276,Research & Development,2,1,Life Sciences,1,22433,145888,4,Female,33,1,1,Laboratory Technician,4,Divorced,1129,17536,1,Y,Yes,11,3,3,80,3,1,4,3,1,0,0,0,Jora
31,Current employee,Travel_Rarely,1276,Research & Development,2,1,Medical,1,22434,145889,4,Female,33,1,1,Laboratory Technician,4,Divorced,1129,17536,1,Y,Yes,11,3,3,80,3,1,4,3,1,0,0,0,Jora
31,Current employee,Travel_Rarely,1276,Research & Development,2,1,Life Sciences,1,22435,145890,4,Female,33,1,1,Laboratory Technician,4,Divorced,1129,17536,1,Y,Yes,11,3,3,80,3,1,4,3,1,0,0,0,Jora
31,Current employee,Non-Travel,697,Research & Development,10,3,Medical,1,22469,145924,3,Female,33,3,3,Research Director,3,Married,11031,26862,4,Y,No,20,3,3,80,1,13,2,4,11,7,4,8,Seek
31,Current employee,Non-Travel,697,Research & Development,10,3,Medical,1,22471,145926,3,Female,33,3,3,Research Director,3,Married,11031,26862,2,Y,No,20,4,3,80,1,13,2,4,11,7,4,8,Seek
31,Current employee,Non-Travel,697,Research & Development,10,3,Medical,1,22473,145928,3,Female,33,3,3,Research Director,3,Married,11031,26862,4,Y,No,20,4,3,80,1,13,2,4,11,7,4,8,Seek
31,Current employee,Non-Travel,697,Research & Development,10,3,Medical,1,22474,145929,3,Female,33,3,3,Research Director,3,Married,11031,26862,2,Y,No,20,4,3,80,1,13,2,4,11,7,4,8,Seek
31,Current employee,Non-Travel,697,Research & Development,10,3,Medical,1,22477,145932,3,Female,33,3,3,Research Director,3,Married,11031,26862,4,Y,No,20,3,3,80,1,13,2,4,11,7,4,8,Seek
31,Current employee,Non-Travel,697,Research & Development,10,3,Medical,1,22479,145934,3,Female,33,3,3,Research Director,3,Married,11031,26862,2,Y,No,20,4,3,80,1,13,2,4,11,7,4,8,Seek
31,Current employee,Non-Travel,697,Research & Development,10,3,Medical,1,22481,145936,3,Female,33,3,3,Research Director,3,Married,11031,26862,4,Y,No,20,4,3,80,1,13,2,4,11,7,4,8,Seek
31,Current employee,Non-Travel,697,Research & Development,10,3,Medical,1,22482,145937,3,Female,33,3,3,Research Director,3,Married,11031,26862,2,Y,No,20,4,3,80,1,13,2,4,11,7,4,8,Seek
31,Current employee,Travel_Rarely,1154,Sales,2,2,Life Sciences,1,22661,146116,1,Male,34,3,1,Sales Representative,3,Married,3067,6393,0,Y,No,19,4,3,80,1,3,1,3,2,2,1,2,Seek
31,Current employee,Travel_Rarely,1154,Sales,2,2,Life Sciences,1,22663,146118,1,Male,34,3,1,Sales Representative,3,Married,3067,6393,8,Y,No,19,3,3,80,1,3,1,3,2,2,1,2,Seek
31,Current employee,Travel_Rarely,1154,Sales,2,2,Life Sciences,1,22665,146120,1,Male,34,3,1,Sales Representative,3,Married,3067,6393,0,Y,No,19,3,3,80,1,3,1,3,2,2,1,2,Seek
31,Current employee,Travel_Rarely,1154,Sales,2,2,Life Sciences,1,22666,146121,1,Male,34,3,1,Sales Representative,3,Married,3067,6393,8,Y,No,19,3,3,80,1,3,1,3,2,2,1,2,Seek
31,Current employee,Travel_Rarely,1154,Sales,2,2,Life Sciences,1,22669,146124,1,Male,34,3,1,Sales Representative,3,Married,3067,6393,0,Y,No,19,4,3,80,1,3,1,3,2,2,1,2,Seek
31,Current employee,Travel_Rarely,1154,Sales,2,2,Life Sciences,1,22671,146126,1,Male,34,3,1,Sales Representative,3,Married,3067,6393,8,Y,No,19,3,3,80,1,3,1,3,2,2,1,2,Seek
31,Current employee,Travel_Rarely,1154,Sales,2,2,Life Sciences,1,22673,146128,1,Male,34,3,1,Sales Representative,3,Married,3067,6393,0,Y,No,19,3,3,80,1,3,1,3,2,2,1,2,Seek
31,Current employee,Travel_Rarely,1154,Sales,2,2,Life Sciences,1,22674,146129,1,Male,34,3,1,Sales Representative,3,Married,3067,6393,8,Y,No,19,3,3,80,1,3,1,3,2,2,1,2,Seek
31,Current employee,Travel_Frequently,163,Research & Development,24,1,Technical Degree,1,23171,146626,4,Male,100,3,1,Research Scientist,1,Single,2439,11288,1,Y,No,14,3,4,80,0,4,4,3,4,2,1,2,GlassDoor
31,Current employee,Travel_Frequently,163,Research & Development,24,1,Technical Degree,1,23173,146628,4,Male,100,3,1,Research Scientist,1,Single,2439,11288,4,Y,No,14,3,4,80,0,4,4,3,4,2,1,2,GlassDoor
31,Current employee,Travel_Frequently,163,Research & Development,24,1,Technical Degree,1,23174,146629,4,Male,100,3,1,Research Scientist,1,Single,2439,11288,1,Y,No,14,3,4,80,0,4,4,3,4,2,1,2,GlassDoor
31,Current employee,Travel_Frequently,163,Research & Development,24,1,Technical Degree,1,23175,146630,4,Male,100,3,1,Research Scientist,1,Single,2439,11288,4,Y,No,14,3,4,80,0,4,4,3,4,2,1,2,GlassDoor
31,Current employee,Travel_Frequently,163,Research & Development,24,1,Technical Degree,1,23179,146634,4,Male,100,3,1,Research Scientist,1,Single,2439,11288,1,Y,No,14,3,4,80,0,4,4,3,4,2,1,2,GlassDoor
31,Current employee,Travel_Frequently,163,Research & Development,24,1,Technical Degree,1,23181,146636,4,Male,100,3,1,Research Scientist,1,Single,2439,11288,4,Y,No,14,3,4,80,0,4,4,3,4,2,1,2,GlassDoor
31,Current employee,Travel_Frequently,163,Research & Development,24,1,Technical Degree,1,23182,146637,4,Male,100,3,1,Research Scientist,1,Single,2439,11288,1,Y,No,14,3,4,80,0,4,4,3,4,2,1,2,GlassDoor
31,Current employee,Travel_Frequently,163,Research & Development,24,1,Technical Degree,1,23183,146638,4,Male,100,3,1,Research Scientist,1,Single,2439,11288,4,Y,No,14,3,4,80,0,4,4,3,4,2,1,2,GlassDoor
31,Current employee,Travel_Rarely,1003,Sales,5,3,Technical Degree,1,23203,146658,4,Female,100,3,2,Sales Executive,4,Married,5343,5982,1,Y,No,11,3,3,80,1,10,1,3,10,7,1,9,Indeed
31,Current employee,Travel_Rarely,1003,Sales,5,3,Life Sciences,1,23204,146659,4,Female,100,3,2,Sales Executive,4,Married,5343,5982,5,Y,No,11,3,3,80,1,10,1,3,10,7,1,9,Indeed
31,Current employee,Travel_Rarely,1003,Sales,5,3,Technical Degree,1,23206,146661,4,Female,100,3,2,Sales Executive,4,Married,5343,5982,1,Y,No,11,3,3,80,1,10,1,3,10,7,1,9,Indeed
31,Current employee,Travel_Rarely,1003,Sales,5,3,Life Sciences,1,23207,146662,4,Female,100,3,2,Sales Executive,4,Married,5343,5982,5,Y,No,11,3,3,80,1,10,1,3,10,7,1,9,Indeed
31,Current employee,Travel_Rarely,1003,Sales,5,3,Technical Degree,1,23211,146666,4,Female,100,3,2,Sales Executive,4,Married,5343,5982,1,Y,No,11,3,3,80,1,10,1,3,10,7,1,9,Indeed
31,Current employee,Travel_Rarely,1003,Sales,5,3,Life Sciences,1,23212,146667,4,Female,100,3,2,Sales Executive,4,Married,5343,5982,5,Y,No,11,3,3,80,1,10,1,3,10,7,1,9,Indeed
31,Current employee,Travel_Rarely,1003,Sales,5,3,Technical Degree,1,23214,146669,4,Female,100,3,2,Sales Executive,4,Married,5343,5982,1,Y,No,11,3,3,80,1,10,1,3,10,7,1,9,Indeed
31,Current employee,Travel_Rarely,1003,Sales,5,3,Life Sciences,1,23215,146670,4,Female,100,3,2,Sales Executive,4,Married,5343,5982,5,Y,No,11,3,3,80,1,10,1,3,10,7,1,9,Indeed
31,Current employee,Non-Travel,325,Research & Development,5,3,Medical,1,23396,146851,2,Male,37,3,2,Manufacturing Director,1,Single,9936,3787,0,Y,No,19,3,2,80,0,10,2,3,9,4,1,7,Company Website
31,Current employee,Non-Travel,325,Research & Development,5,3,Life Sciences,1,23398,146853,2,Male,37,3,2,Manufacturing Director,1,Single,9936,3787,1,Y,No,19,3,2,80,0,10,2,3,9,4,1,7,Company Website
31,Current employee,Non-Travel,325,Research & Development,5,3,Medical,1,23402,146857,2,Male,37,3,2,Manufacturing Director,1,Single,9936,3787,0,Y,No,19,3,2,80,0,10,2,3,9,4,1,7,Company Website
31,Current employee,Non-Travel,325,Research & Development,5,3,Life Sciences,1,23403,146858,2,Male,37,3,2,Manufacturing Director,1,Single,9936,3787,1,Y,No,19,3,2,80,0,10,2,3,9,4,1,7,Company Website
31,Current employee,Non-Travel,325,Research & Development,5,3,Medical,1,23404,146859,2,Male,37,3,2,Manufacturing Director,1,Single,9936,3787,0,Y,No,19,3,2,80,0,10,2,3,9,4,1,7,Company Website
31,Current employee,Non-Travel,325,Research & Development,5,3,Life Sciences,1,23406,146861,2,Male,37,3,2,Manufacturing Director,1,Single,9936,3787,1,Y,No,19,3,2,80,0,10,2,3,9,4,1,7,Company Website
31,Current employee,Non-Travel,325,Research & Development,5,3,Medical,1,23410,146865,2,Male,37,3,2,Manufacturing Director,1,Single,9936,3787,0,Y,No,19,3,2,80,0,10,2,3,9,4,1,7,Company Website
31,Current employee,Non-Travel,325,Research & Development,5,3,Life Sciences,1,23411,146866,2,Male,37,3,2,Manufacturing Director,1,Single,9936,3787,1,Y,No,19,3,2,80,0,10,2,3,9,4,1,7,Company Website
20,Voluntary Resignation,Travel_Frequently,871,Research & Development,6,3,Life Sciences,1,173,123628,4,Male,44,2,3,Manufacturing Director,3,Single,9526,8787,1,Y,Yes,18,3,2,80,0,1,5,3,1,0,1,0,Adzuna
20,Voluntary Resignation,Travel_Frequently,871,Research & Development,6,3,Life Sciences,1,1287,124742,1,Male,41,3,1,Research Scientist,2,Single,2501,18775,1,Y,No,17,3,2,80,0,1,4,3,1,1,1,0,LinkedIn
20,Voluntary Resignation,Travel_Frequently,871,Research & Development,6,3,Marketing,1,1289,124744,1,Male,41,3,1,Research Scientist,2,Single,2501,18775,3,Y,No,17,3,2,80,0,1,4,3,1,1,1,0,LinkedIn
20,Voluntary Resignation,Travel_Frequently,871,Research & Development,6,3,Life Sciences,1,1290,124745,3,Male,41,3,1,Human Resources,2,Single,2501,5869,1,Y,No,17,3,2,80,0,1,4,3,1,1,1,0,LinkedIn
20,Voluntary Resignation,Travel_Frequently,871,Research & Development,6,3,Marketing,1,1291,124746,3,Male,41,3,1,Research Scientist,2,Single,2501,6499,3,Y,No,17,3,2,80,0,1,4,3,1,1,1,0,LinkedIn
20,Voluntary Resignation,Travel_Frequently,871,Research & Development,6,3,Life Sciences,1,1294,124749,1,Male,41,3,1,Research Scientist,2,Single,2501,18775,1,Y,No,17,3,2,80,0,1,4,3,1,1,1,0,LinkedIn
20,Voluntary Resignation,Travel_Frequently,871,Research & Development,6,3,Marketing,1,1296,124751,1,Male,41,3,1,Research Scientist,2,Single,2501,18775,3,Y,No,17,3,2,80,0,1,4,3,1,1,1,0,LinkedIn
20,Voluntary Resignation,Travel_Frequently,871,Research & Development,6,3,Life Sciences,1,1297,124752,3,Male,41,3,1,Human Resources,2,Single,2501,5869,1,Y,No,17,3,2,80,0,1,4,3,1,1,1,0,LinkedIn
20,Voluntary Resignation,Travel_Frequently,871,Research & Development,6,3,Marketing,1,1298,124753,3,Male,41,3,1,Research Scientist,2,Single,2501,6499,3,Y,No,17,3,2,80,0,1,4,3,1,1,1,0,LinkedIn
20,Voluntary Resignation,Travel_Frequently,871,Research & Development,6,3,Life Sciences,1,1737,125192,4,Female,66,2,1,Laboratory Technician,4,Single,2926,19783,1,Y,Yes,18,3,2,80,0,1,5,3,1,0,1,0,Adzuna
20,Voluntary Resignation,Travel_Frequently,871,Research & Development,6,3,Marketing,1,1739,125194,4,Female,66,2,1,Laboratory Technician,4,Single,2926,19783,1,Y,Yes,18,3,2,80,0,1,5,3,1,0,1,0,Adzuna
20,Voluntary Resignation,Travel_Frequently,871,Research & Development,6,3,Life Sciences,1,1741,125196,2,Female,66,2,1,Research Scientist,4,Single,2926,5141,1,Y,Yes,18,3,2,80,0,0,2,3,0,0,0,0,Adzuna
20,Voluntary Resignation,Travel_Frequently,871,Research & Development,6,3,Marketing,1,1742,125197,3,Female,66,2,1,Laboratory Technician,4,Single,2926,6297,1,Y,Yes,18,3,2,80,0,1,5,3,1,0,1,0,Adzuna
20,Voluntary Resignation,Travel_Frequently,871,Research & Development,6,3,Marketing,1,1746,125201,4,Female,66,2,1,Laboratory Technician,4,Single,2926,19783,1,Y,Yes,18,3,2,80,0,1,5,3,1,0,1,0,Adzuna
20,Voluntary Resignation,Travel_Frequently,871,Research & Development,6,3,Life Sciences,1,1748,125203,2,Female,66,2,1,Research Scientist,4,Single,2926,5141,1,Y,Yes,18,3,2,80,0,0,2,3,0,0,0,0,Adzuna
20,Voluntary Resignation,Travel_Frequently,871,Research & Development,6,3,Marketing,1,1749,125204,3,Female,66,2,1,Laboratory Technician,4,Single,2926,6297,1,Y,Yes,18,3,2,80,0,1,5,3,1,0,1,0,Adzuna
20,Voluntary Resignation,Travel_Rarely,1362,Research & Development,10,1,Medical,1,8214,131669,4,Male,32,3,1,Research Scientist,3,Single,1009,26999,1,Y,Yes,11,3,4,80,0,1,5,3,1,0,1,1,Jora
20,Voluntary Resignation,Travel_Rarely,1362,Research & Development,10,1,Medical,1,8217,131672,4,Male,32,3,1,Research Scientist,3,Single,1009,26999,3,Y,Yes,11,3,4,80,0,1,5,3,1,0,1,1,Jora
20,Voluntary Resignation,Travel_Rarely,1362,Research & Development,10,1,Medical,1,8218,131673,2,Male,32,3,1,Research Scientist,3,Single,1009,5288,1,Y,Yes,11,3,4,80,0,0,0,3,0,0,0,0,Jora
20,Voluntary Resignation,Travel_Rarely,1362,Research & Development,10,1,Medical,1,8219,131674,3,Male,32,3,1,Research Scientist,3,Single,1009,6582,3,Y,Yes,11,3,4,80,0,1,5,3,1,0,1,1,Jora
20,Voluntary Resignation,Travel_Rarely,1362,Research & Development,10,1,Medical,1,8222,131677,4,Male,32,3,1,Research Scientist,3,Single,1009,26999,1,Y,Yes,11,3,4,80,0,1,5,3,1,0,1,1,Jora
20,Voluntary Resignation,Travel_Rarely,1362,Research & Development,10,1,Medical,1,8225,131680,4,Male,32,3,1,Research Scientist,3,Single,1009,26999,3,Y,Yes,11,3,4,80,0,1,5,3,1,0,1,1,Jora
20,Voluntary Resignation,Travel_Rarely,1362,Research & Development,10,1,Medical,1,8226,131681,2,Male,32,3,1,Research Scientist,3,Single,1009,5288,1,Y,Yes,11,3,4,80,0,0,0,3,0,0,0,0,Jora
20,Voluntary Resignation,Travel_Rarely,1362,Research & Development,10,1,Medical,1,8227,131682,3,Male,32,3,1,Research Scientist,3,Single,1009,6582,3,Y,Yes,11,3,4,80,0,1,5,3,1,0,1,1,Jora
20,Voluntary Resignation,Travel_Rarely,500,Sales,2,3,Medical,1,10629,134084,3,Female,49,2,1,Sales Representative,3,Single,2044,22052,1,Y,No,13,3,4,80,0,2,3,2,2,2,0,2,Seek
20,Voluntary Resignation,Travel_Rarely,500,Sales,2,3,Life Sciences,1,10631,134086,3,Female,49,2,1,Sales Representative,3,Single,2044,22052,8,Y,No,13,4,4,80,0,2,3,2,2,2,0,2,Seek
20,Voluntary Resignation,Travel_Rarely,500,Sales,2,3,Medical,1,10633,134088,2,Female,49,2,1,Research Scientist,3,Single,2044,5288,1,Y,No,13,3,4,80,0,14,6,3,14,11,2,13,Seek
20,Voluntary Resignation,Travel_Rarely,500,Sales,2,3,Life Sciences,1,10634,134089,3,Female,49,2,1,Laboratory Technician,3,Single,2044,6889,8,Y,No,13,3,4,80,0,2,3,2,2,2,0,2,Seek
20,Voluntary Resignation,Travel_Rarely,500,Sales,2,3,Medical,1,10637,134092,3,Female,49,2,1,Sales Representative,3,Single,2044,22052,1,Y,No,13,3,4,80,0,2,3,2,2,2,0,2,Seek
20,Voluntary Resignation,Travel_Rarely,500,Sales,2,3,Life Sciences,1,10640,134095,3,Female,49,2,1,Sales Representative,3,Single,2044,22052,8,Y,No,13,4,4,80,0,2,3,2,2,2,0,2,Seek
20,Voluntary Resignation,Travel_Rarely,500,Sales,2,3,Medical,1,10642,134097,2,Female,49,2,1,Research Scientist,3,Single,2044,5288,1,Y,No,13,3,4,80,0,14,6,3,14,11,2,13,Seek
20,Voluntary Resignation,Travel_Rarely,500,Sales,2,3,Life Sciences,1,10643,134098,3,Female,49,2,1,Laboratory Technician,3,Single,2044,6889,8,Y,No,13,3,4,80,0,2,3,2,2,2,0,2,Seek
20,Voluntary Resignation,Travel_Rarely,129,Research & Development,4,3,Technical Degree,1,11067,134522,1,Male,84,3,1,Laboratory Technician,1,Single,2973,13008,1,Y,No,19,3,2,80,0,1,2,3,1,0,0,0,Adzuna
20,Voluntary Resignation,Travel_Rarely,129,Research & Development,4,3,Life Sciences,1,11070,134525,1,Male,84,3,1,Laboratory Technician,1,Single,2973,13008,1,Y,No,19,4,2,80,0,1,2,3,1,0,0,0,Adzuna
20,Voluntary Resignation,Travel_Rarely,129,Research & Development,4,3,Technical Degree,1,11071,134526,2,Male,84,3,1,Sales Representative,1,Single,2973,5431,1,Y,No,19,3,2,80,0,16,3,2,14,8,6,9,Adzuna
20,Voluntary Resignation,Travel_Rarely,129,Research & Development,4,3,Life Sciences,1,11072,134527,3,Male,84,3,1,Laboratory Technician,1,Single,2973,6297,1,Y,No,19,3,2,80,0,1,2,3,1,0,0,0,Adzuna
20,Voluntary Resignation,Travel_Rarely,129,Research & Development,4,3,Technical Degree,1,11075,134530,1,Male,84,3,1,Laboratory Technician,1,Single,2973,13008,1,Y,No,19,3,2,80,0,1,2,3,1,0,0,0,Adzuna
20,Voluntary Resignation,Travel_Rarely,129,Research & Development,4,3,Life Sciences,1,11078,134533,1,Male,84,3,1,Laboratory Technician,1,Single,2973,13008,1,Y,No,19,4,2,80,0,1,2,3,1,0,0,0,Adzuna
20,Voluntary Resignation,Travel_Rarely,129,Research & Development,4,3,Technical Degree,1,11079,134534,2,Male,84,3,1,Sales Representative,1,Single,2973,5431,1,Y,No,19,3,2,80,0,16,3,2,14,8,6,9,Adzuna
20,Voluntary Resignation,Travel_Rarely,129,Research & Development,4,3,Life Sciences,1,11080,134535,3,Male,84,3,1,Laboratory Technician,1,Single,2973,6297,1,Y,No,19,3,2,80,0,1,2,3,1,0,0,0,Adzuna
20,Voluntary Resignation,Travel_Frequently,769,Sales,9,3,Marketing,1,11564,135019,3,Male,69,3,4,Manufacturing Director,3,Married,13973,4161,3,Y,Yes,18,4,4,80,1,22,2,3,12,11,1,5,GlassDoor
20,Voluntary Resignation,Travel_Frequently,769,Sales,9,3,Medical,1,11565,135020,3,Male,69,3,4,Manufacturing Director,3,Married,13973,4161,1,Y,Yes,18,3,4,80,1,22,2,3,12,11,1,5,GlassDoor
20,Voluntary Resignation,Travel_Frequently,769,Sales,9,3,Marketing,1,11567,135022,3,Male,69,3,4,Manufacturing Director,3,Married,13973,6004,3,Y,Yes,18,3,4,80,0,22,2,3,12,11,1,5,GlassDoor
20,Voluntary Resignation,Travel_Frequently,769,Sales,9,3,Medical,1,11568,135023,3,Male,69,3,4,Manufacturing Director,3,Married,13973,6409,1,Y,Yes,18,3,4,80,0,22,2,3,12,11,1,5,GlassDoor
20,Voluntary Resignation,Travel_Frequently,769,Sales,9,3,Marketing,1,11571,135026,3,Male,69,3,4,Manufacturing Director,3,Married,13973,4161,3,Y,Yes,18,4,4,80,1,22,2,3,12,11,1,5,GlassDoor
20,Voluntary Resignation,Travel_Frequently,769,Sales,9,3,Medical,1,11572,135027,3,Male,69,3,4,Manufacturing Director,3,Married,13973,4161,1,Y,Yes,18,3,4,80,1,22,2,3,12,11,1,5,GlassDoor
20,Voluntary Resignation,Travel_Frequently,769,Sales,9,3,Marketing,1,11574,135029,3,Male,69,3,4,Manufacturing Director,3,Married,13973,6004,3,Y,Yes,18,3,4,80,0,22,2,3,12,11,1,5,GlassDoor
20,Voluntary Resignation,Travel_Frequently,769,Sales,9,3,Medical,1,11575,135030,3,Male,69,3,4,Manufacturing Director,3,Married,13973,6409,1,Y,Yes,18,3,4,80,0,22,2,3,12,11,1,5,GlassDoor
20,Voluntary Resignation,Travel_Rarely,1097,Research & Development,11,3,Medical,1,11711,135166,4,Female,98,2,1,Research Scientist,1,Single,2600,18275,1,Y,Yes,15,3,1,80,0,1,2,3,1,0,0,0,Seek
20,Voluntary Resignation,Travel_Rarely,1097,Research & Development,11,3,Medical,1,11713,135168,4,Female,98,2,1,Research Scientist,1,Single,2600,18275,3,Y,Yes,15,3,1,80,0,1,2,3,1,0,0,0,Seek
20,Voluntary Resignation,Travel_Rarely,1097,Research & Development,11,3,Medical,1,11715,135170,2,Female,98,2,1,Sales Representative,1,Single,2600,5530,1,Y,Yes,15,3,1,80,0,20,2,3,20,7,2,13,Seek
20,Voluntary Resignation,Travel_Rarely,1097,Research & Development,11,3,Medical,1,11717,135172,3,Female,98,2,1,Laboratory Technician,1,Single,2600,6615,3,Y,Yes,15,3,1,80,0,1,2,3,1,0,0,0,Seek
20,Voluntary Resignation,Travel_Rarely,1097,Research & Development,11,3,Medical,1,11720,135175,4,Female,98,2,1,Research Scientist,1,Single,2600,18275,3,Y,Yes,15,3,1,80,0,1,2,3,1,0,0,0,Seek
20,Voluntary Resignation,Travel_Rarely,1097,Research & Development,11,3,Medical,1,11722,135177,2,Female,98,2,1,Sales Representative,1,Single,2600,5530,1,Y,Yes,15,3,1,80,0,20,2,3,20,7,2,13,Seek
20,Voluntary Resignation,Travel_Rarely,1097,Research & Development,11,3,Medical,1,11724,135179,3,Female,98,2,1,Laboratory Technician,1,Single,2600,6615,3,Y,Yes,15,3,1,80,0,1,2,3,1,0,0,0,Seek
20,Voluntary Resignation,Travel_Frequently,769,Sales,9,3,Marketing,1,12450,135905,4,Female,54,3,1,Sales Representative,4,Single,2323,17205,1,Y,Yes,14,3,2,80,0,2,3,3,2,2,0,2,Company Website
20,Voluntary Resignation,Travel_Frequently,769,Sales,9,3,Medical,1,12452,135907,4,Female,54,3,1,Sales Representative,4,Single,2323,17205,9,Y,Yes,14,3,2,80,0,2,3,3,2,2,0,2,Company Website
20,Voluntary Resignation,Travel_Frequently,769,Sales,9,3,Marketing,1,12454,135909,2,Female,54,3,1,Sales Representative,4,Single,2323,5530,1,Y,Yes,14,3,2,80,0,16,2,3,16,15,1,10,Company Website
20,Voluntary Resignation,Travel_Frequently,769,Sales,9,3,Medical,1,12455,135910,3,Female,54,3,1,Sales Representative,4,Single,2323,6950,9,Y,Yes,14,3,2,80,0,2,3,3,2,2,0,2,Company Website
20,Voluntary Resignation,Travel_Frequently,769,Sales,9,3,Marketing,1,12458,135913,4,Female,54,3,1,Sales Representative,4,Single,2323,17205,1,Y,Yes,14,3,2,80,0,2,3,3,2,2,0,2,Company Website
20,Voluntary Resignation,Travel_Frequently,769,Sales,9,3,Medical,1,12460,135915,4,Female,54,3,1,Sales Representative,4,Single,2323,17205,9,Y,Yes,14,3,2,80,0,2,3,3,2,2,0,2,Company Website
20,Voluntary Resignation,Travel_Frequently,769,Sales,9,3,Marketing,1,12462,135917,2,Female,54,3,1,Sales Representative,4,Single,2323,5530,1,Y,Yes,14,3,2,80,0,16,2,3,16,15,1,10,Company Website
20,Voluntary Resignation,Travel_Frequently,769,Sales,9,3,Medical,1,12463,135918,3,Female,54,3,1,Sales Representative,4,Single,2323,6950,9,Y,Yes,14,3,2,80,0,2,3,3,2,2,0,2,Company Website
20,Voluntary Resignation,Travel_Rarely,1362,Research & Development,10,1,Medical,1,15366,138821,3,Male,79,3,2,Research Scientist,4,Single,4661,22455,1,Y,No,13,4,3,80,0,9,4,3,9,8,8,8,Company Website
20,Voluntary Resignation,Travel_Rarely,1362,Research & Development,10,1,Medical,1,15368,138823,3,Male,79,3,2,Research Scientist,4,Single,4661,22455,3,Y,No,13,3,3,80,0,9,4,3,9,8,8,8,Company Website
20,Voluntary Resignation,Travel_Rarely,1362,Research & Development,10,1,Medical,1,15369,138824,3,Male,79,3,2,Research Scientist,4,Single,4661,6148,1,Y,No,13,3,3,80,0,9,4,3,9,8,8,8,Company Website
20,Voluntary Resignation,Travel_Rarely,1362,Research & Development,10,1,Medical,1,15370,138825,3,Male,79,3,2,Research Scientist,4,Single,4661,6582,3,Y,No,13,3,3,80,0,9,4,3,9,8,8,8,Company Website
20,Voluntary Resignation,Travel_Rarely,1362,Research & Development,10,1,Medical,1,15374,138829,3,Male,79,3,2,Research Scientist,4,Single,4661,22455,1,Y,No,13,4,3,80,0,9,4,3,9,8,8,8,Company Website
20,Voluntary Resignation,Travel_Rarely,1362,Research & Development,10,1,Medical,1,15376,138831,3,Male,79,3,2,Research Scientist,4,Single,4661,22455,3,Y,No,13,3,3,80,0,9,4,3,9,8,8,8,Company Website
20,Voluntary Resignation,Travel_Rarely,1362,Research & Development,10,1,Medical,1,15377,138832,3,Male,79,3,2,Research Scientist,4,Single,4661,6148,1,Y,No,13,3,3,80,0,9,4,3,9,8,8,8,Company Website
20,Voluntary Resignation,Travel_Rarely,1362,Research & Development,10,1,Medical,1,15378,138833,3,Male,79,3,2,Research Scientist,4,Single,4661,6582,3,Y,No,13,3,3,80,0,9,4,3,9,8,8,8,Company Website
20,Voluntary Resignation,Travel_Rarely,500,Sales,2,3,Medical,1,16047,139502,3,Male,81,3,3,Manufacturing Director,4,Single,9362,19944,2,Y,No,11,3,3,80,0,10,2,3,2,2,2,2,GlassDoor
20,Voluntary Resignation,Travel_Rarely,500,Sales,2,3,Life Sciences,1,16048,139503,3,Male,81,3,3,Manufacturing Director,4,Single,9362,19944,1,Y,No,11,3,3,80,0,10,2,3,2,2,2,2,GlassDoor
20,Voluntary Resignation,Travel_Rarely,500,Sales,2,3,Medical,1,16050,139505,3,Male,81,3,3,Manufacturing Director,4,Single,9362,6148,2,Y,No,11,3,3,80,0,10,2,3,2,2,2,2,GlassDoor
20,Voluntary Resignation,Travel_Rarely,500,Sales,2,3,Life Sciences,1,16051,139506,3,Male,81,3,3,Manufacturing Director,4,Single,9362,6409,1,Y,No,11,3,3,80,0,10,2,3,2,2,2,2,GlassDoor
20,Voluntary Resignation,Travel_Rarely,500,Sales,2,3,Medical,1,16055,139510,3,Male,81,3,3,Manufacturing Director,4,Single,9362,19944,2,Y,No,11,3,3,80,0,10,2,3,2,2,2,2,GlassDoor
20,Voluntary Resignation,Travel_Rarely,500,Sales,2,3,Life Sciences,1,16056,139511,3,Male,81,3,3,Manufacturing Director,4,Single,9362,19944,1,Y,No,11,3,3,80,0,10,2,3,2,2,2,2,GlassDoor
20,Voluntary Resignation,Travel_Rarely,500,Sales,2,3,Medical,1,16058,139513,3,Male,81,3,3,Manufacturing Director,4,Single,9362,6148,2,Y,No,11,3,3,80,0,10,2,3,2,2,2,2,GlassDoor
20,Voluntary Resignation,Travel_Rarely,500,Sales,2,3,Life Sciences,1,16059,139514,3,Male,81,3,3,Manufacturing Director,4,Single,9362,6409,1,Y,No,11,3,3,80,0,10,2,3,2,2,2,2,GlassDoor
20,Voluntary Resignation,Travel_Rarely,1097,Research & Development,11,3,Medical,1,16390,139845,4,Female,82,3,4,Research Director,3,Married,17169,26703,3,Y,No,19,3,2,80,2,26,2,4,20,17,5,6,Indeed
20,Voluntary Resignation,Travel_Rarely,1097,Research & Development,11,3,Medical,1,16392,139847,4,Female,82,3,4,Research Director,3,Married,17169,26703,2,Y,No,19,4,2,80,2,26,2,4,20,17,5,6,Indeed
20,Voluntary Resignation,Travel_Rarely,1097,Research & Development,11,3,Medical,1,16393,139848,3,Female,82,3,4,Research Director,3,Married,17169,6148,3,Y,No,19,3,2,80,0,26,2,4,20,17,5,6,Indeed
20,Voluntary Resignation,Travel_Rarely,1097,Research & Development,11,3,Medical,1,16394,139849,3,Female,82,3,4,Research Director,3,Married,17169,6409,2,Y,No,19,3,2,80,0,26,2,4,20,17,5,6,Indeed
20,Voluntary Resignation,Travel_Rarely,1097,Research & Development,11,3,Medical,1,16398,139853,4,Female,82,3,4,Research Director,3,Married,17169,26703,3,Y,No,19,3,2,80,2,26,2,4,20,17,5,6,Indeed
20,Voluntary Resignation,Travel_Rarely,1097,Research & Development,11,3,Medical,1,16400,139855,4,Female,82,3,4,Research Director,3,Married,17169,26703,2,Y,No,19,4,2,80,2,26,2,4,20,17,5,6,Indeed
20,Voluntary Resignation,Travel_Rarely,1097,Research & Development,11,3,Medical,1,16401,139856,3,Female,82,3,4,Research Director,3,Married,17169,6148,3,Y,No,19,3,2,80,0,26,2,4,20,17,5,6,Indeed
20,Voluntary Resignation,Travel_Rarely,1097,Research & Development,11,3,Medical,1,16402,139857,3,Female,82,3,4,Research Director,3,Married,17169,6409,2,Y,No,19,3,2,80,0,26,2,4,20,17,5,6,Indeed
20,Voluntary Resignation,Travel_Rarely,129,Research & Development,4,3,Technical Degree,1,22310,145765,4,Male,97,3,2,Sales Executive,4,Married,5617,21075,1,Y,Yes,11,3,3,80,0,10,4,3,10,7,0,8,GlassDoor
20,Voluntary Resignation,Travel_Rarely,129,Research & Development,4,3,Life Sciences,1,22311,145766,4,Male,97,3,2,Sales Executive,4,Married,5617,21075,5,Y,Yes,11,4,3,80,0,10,4,3,10,7,0,8,GlassDoor
20,Voluntary Resignation,Travel_Rarely,129,Research & Development,4,3,Technical Degree,1,22313,145768,3,Male,97,3,2,Sales Executive,4,Married,5617,6208,1,Y,Yes,11,3,3,80,0,10,4,3,10,7,0,8,GlassDoor
20,Voluntary Resignation,Travel_Rarely,129,Research & Development,4,3,Life Sciences,1,22314,145769,3,Male,97,3,2,Research Scientist,4,Married,5617,6881,5,Y,Yes,11,3,3,80,0,10,4,3,10,7,0,8,GlassDoor
20,Voluntary Resignation,Travel_Rarely,129,Research & Development,4,3,Technical Degree,1,22318,145773,4,Male,97,3,2,Sales Executive,4,Married,,21075,1,Y,Yes,11,,3,80,0,10,4,3,10,7,0,8,GlassDoor
20,Voluntary Resignation,Travel_Rarely,129,Research & Development,4,3,Life Sciences,1,22319,145774,4,Male,97,3,2,Sales Executive,4,Married,5617,21075,5,Y,Yes,11,4,3,80,0,10,4,3,10,7,0,8,GlassDoor
20,Voluntary Resignation,Travel_Rarely,129,Research & Development,4,3,Technical Degree,1,22321,145776,3,Male,97,3,2,Sales Executive,4,Married,5617,6208,1,Y,Yes,11,3,3,80,0,10,4,3,10,7,0,8,GlassDoor
20,Voluntary Resignation,Travel_Rarely,129,Research & Development,4,3,Life Sciences,1,22322,145777,3,Male,97,3,2,Research Scientist,4,Married,5617,6881,5,Y,Yes,11,3,3,80,0,10,4,3,10,7,0,8,GlassDoor
20,Current employee,Travel_Rarely,959,Research & Development,1,3,Life Sciences,1,300,123755,2,Male,93,3,1,Laboratory Technician,4,Divorced,2661,8758,1,Y,No,13,4,4,80,0,1,0,4,1,0,0,0,Jora
20,Current employee,Travel_Rarely,959,Research & Development,1,3,Life Sciences,1,3622,127077,1,Female,47,2,1,Research Scientist,2,Married,2622,13248,6,Y,No,21,3,4,80,0,7,3,3,3,2,1,1,GlassDoor
20,Current employee,Travel_Rarely,959,Research & Development,1,3,Life Sciences,1,3623,127078,1,Female,47,2,1,Research Scientist,2,Married,2622,13248,2,Y,No,21,3,4,80,0,7,3,3,3,2,1,1,GlassDoor
20,Current employee,Travel_Rarely,959,Research & Development,1,3,Life Sciences,1,3625,127080,3,Female,47,2,1,Research Scientist,2,Married,2622,5869,6,Y,No,21,4,4,80,0,7,3,3,3,2,1,1,GlassDoor
20,Current employee,Travel_Rarely,959,Research & Development,1,3,Life Sciences,1,3626,127081,3,Female,47,2,1,Research Scientist,2,Married,2622,6499,2,Y,No,21,4,4,80,0,7,3,3,3,2,1,1,GlassDoor
20,Current employee,Travel_Rarely,959,Research & Development,1,3,Life Sciences,1,3630,127085,1,Female,47,2,1,Research Scientist,2,Married,2622,13248,6,Y,No,21,3,4,80,0,7,3,3,3,2,1,1,GlassDoor
20,Current employee,Travel_Rarely,959,Research & Development,1,3,Life Sciences,1,3631,127086,1,Female,47,2,1,Research Scientist,2,Married,2622,13248,2,Y,No,21,3,4,80,0,7,3,3,3,2,1,1,GlassDoor
20,Current employee,Travel_Rarely,959,Research & Development,1,3,Life Sciences,1,3633,127088,3,Female,47,2,1,Research Scientist,2,Married,2622,5869,6,Y,No,21,4,4,80,0,7,3,3,3,2,1,1,GlassDoor
20,Current employee,Travel_Rarely,959,Research & Development,1,3,Life Sciences,1,3634,127089,3,Female,47,2,1,Research Scientist,2,Married,2622,6499,2,Y,No,21,4,4,80,0,7,3,3,3,2,1,1,GlassDoor
20,Current employee,Travel_Rarely,805,Research & Development,3,3,Life Sciences,1,6068,129523,2,Male,54,2,3,Healthcare Representative,3,Single,10965,12066,8,Y,No,24,3,3,80,0,26,2,3,5,2,0,0,Company Website
20,Current employee,Travel_Rarely,805,Research & Development,3,3,Life Sciences,1,6069,129524,2,Male,54,2,3,Healthcare Representative,3,Single,10965,12066,0,Y,No,24,3,3,80,0,26,2,3,5,2,0,0,Company Website
20,Current employee,Travel_Rarely,805,Research & Development,3,3,Life Sciences,1,6071,129526,3,Male,54,2,3,Healthcare Representative,3,Single,10965,5915,8,Y,No,24,4,3,80,0,26,2,3,5,2,0,0,Company Website
20,Current employee,Travel_Rarely,805,Research & Development,3,3,Life Sciences,1,6072,129527,3,Male,54,2,3,Healthcare Representative,3,Single,10965,6208,0,Y,No,24,4,3,80,0,26,2,3,5,2,0,0,Company Website
20,Current employee,Travel_Rarely,805,Research & Development,3,3,Life Sciences,1,6076,129531,2,Male,54,2,3,Healthcare Representative,3,Single,10965,12066,8,Y,No,24,3,3,80,0,26,2,3,5,2,0,0,Company Website
20,Current employee,Travel_Rarely,805,Research & Development,3,3,Life Sciences,1,6077,129532,2,Male,54,2,3,Healthcare Representative,3,Single,10965,12066,0,Y,No,24,3,3,80,0,26,2,3,5,2,0,0,Company Website
20,Current employee,Travel_Rarely,805,Research & Development,3,3,Life Sciences,1,6079,129534,3,Male,54,2,3,Healthcare Representative,3,Single,10965,5915,8,Y,No,24,4,3,80,0,26,2,3,5,2,0,0,Company Website
20,Current employee,Travel_Rarely,805,Research & Development,3,3,Life Sciences,1,6080,129535,3,Male,54,2,3,Healthcare Representative,3,Single,10965,6208,0,Y,No,24,4,3,80,0,26,2,3,5,2,0,0,Company Website
20,Current employee,Travel_Rarely,959,Research & Development,1,3,Life Sciences,1,7804,131259,4,Female,83,2,1,Research Scientist,2,Single,2836,11757,1,Y,No,13,4,4,80,0,1,0,4,1,0,0,0,Jora
20,Current employee,Travel_Rarely,959,Research & Development,1,3,Life Sciences,1,7806,131261,4,Female,83,2,1,Research Scientist,2,Single,2836,11757,2,Y,No,13,3,4,80,0,1,0,4,1,0,0,0,Jora
20,Current employee,Travel_Rarely,959,Research & Development,1,3,Life Sciences,1,7808,131263,2,Female,83,2,1,Research Scientist,2,Single,2836,5141,1,Y,No,13,3,4,80,0,16,6,3,11,8,3,9,Jora
20,Current employee,Travel_Rarely,959,Research & Development,1,3,Life Sciences,1,7809,131264,3,Female,83,2,1,Research Scientist,2,Single,2836,6409,2,Y,No,13,3,4,80,0,1,0,4,1,0,0,0,Jora
20,Current employee,Travel_Rarely,959,Research & Development,1,3,Life Sciences,1,7813,131268,4,Female,83,2,1,Research Scientist,2,Single,2836,11757,2,Y,No,13,3,4,80,0,1,0,4,1,0,0,0,Jora
20,Current employee,Travel_Rarely,959,Research & Development,1,3,Life Sciences,1,7815,131270,2,Female,83,2,1,Research Scientist,2,Single,2836,5141,1,Y,No,13,3,4,80,0,16,6,3,11,8,3,9,Jora
20,Current employee,Travel_Rarely,959,Research & Development,1,3,Life Sciences,1,7816,131271,3,Female,83,2,1,Research Scientist,2,Single,2836,6409,2,Y,No,13,3,4,80,0,1,0,4,1,0,0,0,Jora
20,Current employee,Travel_Rarely,727,Sales,9,1,Life Sciences,1,8423,131878,2,Female,60,2,2,Healthcare Representative,3,Single,4553,20978,1,Y,No,11,4,1,80,0,20,4,3,20,7,11,10,LinkedIn
20,Current employee,Travel_Rarely,727,Sales,9,1,Medical,1,8425,131880,2,Female,60,2,2,Healthcare Representative,3,Single,4553,20978,0,Y,No,11,3,1,80,0,20,4,3,20,7,11,10,LinkedIn
20,Current employee,Travel_Rarely,727,Sales,9,1,Life Sciences,1,8426,131881,3,Female,60,2,2,Healthcare Representative,3,Single,4553,5915,1,Y,No,11,3,1,80,0,20,4,3,20,7,11,10,LinkedIn
20,Current employee,Travel_Rarely,727,Sales,9,1,Medical,1,8427,131882,3,Female,60,2,2,Healthcare Representative,3,Single,4553,6217,0,Y,No,11,3,1,80,0,20,4,3,20,7,11,10,LinkedIn
20,Current employee,Travel_Rarely,727,Sales,9,1,Life Sciences,1,8433,131888,2,Female,60,2,2,Healthcare Representative,3,Single,4553,20978,1,Y,No,11,4,1,80,0,20,4,3,20,7,11,10,LinkedIn
20,Current employee,Travel_Rarely,727,Sales,9,1,Medical,1,8435,131890,2,Female,60,2,2,Healthcare Representative,3,Single,4553,20978,0,Y,No,11,3,1,80,0,20,4,3,20,7,11,10,LinkedIn
20,Current employee,Travel_Rarely,727,Sales,9,1,Life Sciences,1,8436,131891,3,Female,60,2,2,Healthcare Representative,3,Single,4553,5915,1,Y,No,11,3,1,80,0,20,4,3,20,7,11,10,LinkedIn
20,Current employee,Travel_Rarely,727,Sales,9,1,Medical,1,8437,131892,3,Female,60,2,2,Healthcare Representative,3,Single,4553,6217,0,Y,No,11,3,1,80,0,20,4,3,20,7,11,10,LinkedIn
20,Current employee,Travel_Rarely,654,Sales,21,3,Marketing,1,11712,135167,3,Female,69,2,1,Research Scientist,1,Single,2600,18275,1,Y,Yes,15,3,1,80,0,1,2,3,1,0,0,0,Seek
20,Current employee,Travel_Rarely,654,Sales,21,3,Other,1,11714,135169,3,Female,69,2,1,Research Scientist,1,Single,2600,18275,3,Y,Yes,15,3,1,80,0,1,2,3,1,0,0,0,Seek
20,Current employee,Travel_Rarely,654,Sales,21,3,Marketing,1,11716,135171,3,Female,69,2,1,Research Scientist,1,Single,2600,6004,1,Y,Yes,15,3,1,80,0,1,2,3,1,0,0,0,Seek
20,Current employee,Travel_Rarely,654,Sales,21,3,Other,1,11718,135173,3,Female,69,2,1,Sales Representative,1,Single,2600,6615,3,Y,Yes,15,3,1,80,0,1,2,3,1,0,0,0,Seek
20,Current employee,Travel_Rarely,654,Sales,21,3,Marketing,1,11719,135174,3,Female,69,2,1,Research Scientist,1,Single,2600,18275,1,Y,Yes,15,3,1,80,0,1,2,3,1,0,0,0,Seek
20,Current employee,Travel_Rarely,654,Sales,21,3,Other,1,11721,135176,3,Female,69,2,1,Research Scientist,1,Single,2600,18275,3,Y,Yes,15,3,1,80,0,1,2,3,1,0,0,0,Seek
20,Current employee,Travel_Rarely,654,Sales,21,3,Marketing,1,11723,135178,3,Female,69,2,1,Research Scientist,1,Single,2600,6004,1,Y,Yes,15,3,1,80,0,1,2,3,1,0,0,0,Seek
20,Current employee,Travel_Rarely,654,Sales,21,3,Other,1,11725,135180,3,Female,69,2,1,Sales Representative,1,Single,2600,6615,3,Y,Yes,15,3,1,80,0,1,2,3,1,0,0,0,Seek
20,Current employee,Travel_Rarely,805,Research & Development,3,3,Life Sciences,1,13721,137176,1,Male,87,2,1,Laboratory Technician,3,Single,3033,12828,1,Y,No,12,3,1,80,0,2,2,2,2,2,1,2,Jora
20,Current employee,Travel_Rarely,805,Research & Development,3,3,Life Sciences,1,13723,137178,1,Male,87,2,1,Laboratory Technician,3,Single,3033,12828,1,Y,No,12,3,1,80,0,2,2,2,2,2,1,2,Jora
20,Current employee,Travel_Rarely,805,Research & Development,3,3,Life Sciences,1,13725,137180,2,Male,87,2,1,Sales Representative,3,Single,3033,5771,1,Y,No,12,3,1,80,0,0,2,3,0,0,0,0,Jora
20,Current employee,Travel_Rarely,805,Research & Development,3,3,Life Sciences,1,13726,137181,3,Male,87,2,1,Laboratory Technician,3,Single,3033,6217,1,Y,No,12,3,1,80,0,2,2,2,2,2,1,2,Jora
20,Current employee,Travel_Rarely,805,Research & Development,3,3,Life Sciences,1,13729,137184,1,Male,87,2,1,Laboratory Technician,3,Single,3033,12828,1,Y,No,12,3,1,80,0,2,2,2,2,2,1,2,Jora
20,Current employee,Travel_Rarely,805,Research & Development,3,3,Life Sciences,1,13731,137186,1,Male,87,2,1,Laboratory Technician,3,Single,3033,12828,1,Y,No,12,3,1,80,0,2,2,2,2,2,1,2,Jora
20,Current employee,Travel_Rarely,805,Research & Development,3,3,Life Sciences,1,13733,137188,2,Male,87,2,1,Sales Representative,3,Single,3033,5771,1,Y,No,12,3,1,80,0,0,2,3,0,0,0,0,Jora
20,Current employee,Travel_Rarely,805,Research & Development,3,3,Life Sciences,1,13734,137189,3,Male,87,2,1,Laboratory Technician,3,Single,3033,6217,1,Y,No,12,3,1,80,0,2,2,2,2,2,1,2,Jora
20,Current employee,Travel_Rarely,654,Sales,21,3,Marketing,1,14039,137494,3,Male,43,4,1,Sales Representative,4,Single,2678,5050,1,Y,No,17,3,4,80,0,2,2,3,2,1,2,2,Recruit.net
20,Current employee,Travel_Rarely,654,Sales,21,3,Other,1,14042,137497,3,Male,43,4,1,Sales Representative,4,Single,2678,5050,9,Y,No,17,3,4,80,0,2,2,3,2,1,2,2,Recruit.net
20,Current employee,Travel_Rarely,654,Sales,21,3,Marketing,1,14043,137498,2,Male,43,4,1,Laboratory Technician,4,Single,2678,5771,1,Y,No,17,3,4,80,0,5,4,2,3,2,2,2,Recruit.net
20,Current employee,Travel_Rarely,654,Sales,21,3,Other,1,14044,137499,3,Male,43,4,1,Research Scientist,4,Single,2678,7003,9,Y,No,17,3,4,80,0,2,2,3,2,1,2,2,Recruit.net
20,Current employee,Travel_Rarely,654,Sales,21,3,Marketing,1,14047,137502,3,Male,43,4,1,Sales Representative,4,Single,2678,5050,1,Y,No,17,3,4,80,0,2,2,3,2,1,2,2,Recruit.net
20,Current employee,Travel_Rarely,654,Sales,21,3,Other,1,14050,137505,3,Male,43,4,1,Sales Representative,4,Single,2678,5050,9,Y,No,17,3,4,80,0,2,2,3,2,1,2,2,Recruit.net
20,Current employee,Travel_Rarely,654,Sales,21,3,Marketing,1,14051,137506,2,Male,43,4,1,Laboratory Technician,4,Single,2678,5771,1,Y,No,17,3,4,80,0,5,4,2,3,2,2,2,Recruit.net
20,Current employee,Travel_Rarely,654,Sales,21,3,Other,1,14052,137507,3,Male,43,4,1,Research Scientist,4,Single,2678,7003,9,Y,No,17,3,4,80,0,2,2,3,2,1,2,2,Recruit.net
20,Current employee,Travel_Rarely,1141,Sales,2,3,Medical,1,18583,142038,4,Male,87,2,3,Sales Executive,1,Married,10306,21530,9,Y,No,17,4,3,80,0,15,3,3,13,12,6,0,Company Website
20,Current employee,Travel_Rarely,1141,Sales,2,3,Life Sciences,1,18584,142039,4,Male,87,2,3,Sales Executive,1,Married,10306,21530,4,Y,No,17,3,3,80,0,15,3,3,13,12,6,0,Company Website
20,Current employee,Travel_Rarely,1141,Sales,2,3,Medical,1,18586,142041,3,Male,87,2,3,Sales Executive,1,Married,10306,6148,9,Y,No,17,3,3,80,0,15,3,3,13,12,6,0,Company Website
20,Current employee,Travel_Rarely,1141,Sales,2,3,Life Sciences,1,18587,142042,3,Male,87,2,3,Sales Representative,1,Married,10306,6881,4,Y,No,17,3,3,80,0,15,3,3,13,12,6,0,Company Website
20,Current employee,Travel_Rarely,1141,Sales,2,3,Medical,1,18591,142046,4,Male,87,2,3,Sales Executive,1,Married,10306,21530,9,Y,No,17,4,3,80,0,15,3,3,13,12,6,0,Company Website
20,Current employee,Travel_Rarely,1141,Sales,2,3,Life Sciences,1,18592,142047,4,Male,87,2,3,Sales Executive,1,Married,10306,21530,4,Y,No,17,3,3,80,0,15,3,3,13,12,6,0,Company Website
20,Current employee,Travel_Rarely,1141,Sales,2,3,Medical,1,18594,142049,3,Male,87,2,3,Sales Executive,1,Married,10306,6148,9,Y,No,17,3,3,80,0,15,3,3,13,12,6,0,Company Website
20,Current employee,Travel_Rarely,1141,Sales,2,3,Life Sciences,1,18595,142050,3,Male,87,2,3,Sales Representative,1,Married,10306,6881,4,Y,No,17,3,3,80,0,15,3,3,13,12,6,0,Company Website
20,Current employee,Travel_Rarely,1141,Sales,2,3,Medical,1,18839,142294,3,Female,31,3,1,Sales Representative,3,Single,2783,13251,1,Y,No,19,3,1,80,0,2,3,3,2,2,2,2,Recruit.net
20,Current employee,Travel_Rarely,1141,Sales,2,3,Life Sciences,1,18842,142297,3,Female,31,3,1,Sales Representative,3,Single,2783,13251,8,Y,No,19,3,1,80,0,2,3,3,2,2,2,2,Recruit.net
20,Current employee,Travel_Rarely,1141,Sales,2,3,Medical,1,18843,142298,3,Female,31,3,1,Sales Representative,3,Single,2783,5860,1,Y,No,19,3,1,80,0,2,3,3,2,2,2,2,Recruit.net
20,Current employee,Travel_Rarely,1141,Sales,2,3,Life Sciences,1,18844,142299,3,Female,31,3,1,Laboratory Technician,3,Single,2783,6889,8,Y,No,19,3,1,80,0,2,3,3,2,2,2,2,Recruit.net
20,Current employee,Travel_Rarely,1141,Sales,2,3,Medical,1,18847,142302,3,Female,31,3,1,Sales Representative,3,Single,2783,13251,1,Y,No,19,3,1,80,0,2,3,3,2,2,2,2,Recruit.net
20,Current employee,Travel_Rarely,1141,Sales,2,3,Life Sciences,1,18850,142305,3,Female,31,3,1,Sales Representative,3,Single,2783,13251,8,Y,No,19,3,1,80,0,2,3,3,2,2,2,2,Recruit.net
20,Current employee,Travel_Rarely,1141,Sales,2,3,Medical,1,18851,142306,3,Female,31,3,1,Sales Representative,3,Single,2783,5860,1,Y,No,19,3,1,80,0,2,3,3,2,2,2,2,Recruit.net
20,Current employee,Travel_Rarely,1141,Sales,2,3,Life Sciences,1,18852,142307,3,Female,31,3,1,Laboratory Technician,3,Single,2783,6889,8,Y,No,19,3,1,80,0,2,3,3,2,2,2,2,Recruit.net
20,Current employee,Travel_Rarely,727,Sales,9,1,Life Sciences,1,19144,142599,4,Male,54,3,1,Sales Representative,1,Single,2728,21082,1,Y,No,11,3,1,80,0,2,3,3,2,2,0,2,Company Website
20,Current employee,Travel_Rarely,727,Sales,9,1,Medical,1,19147,142602,4,Male,54,3,1,Sales Representative,1,Single,2728,21082,9,Y,No,11,3,1,80,0,2,3,3,2,2,0,2,Company Website
20,Current employee,Travel_Rarely,727,Sales,9,1,Life Sciences,1,19148,142603,3,Male,54,3,1,Laboratory Technician,1,Single,2728,5860,1,Y,No,11,3,1,80,0,2,3,3,2,2,0,2,Company Website
20,Current employee,Travel_Rarely,727,Sales,9,1,Medical,1,19149,142604,3,Male,54,3,1,Research Scientist,1,Single,2728,6950,9,Y,No,11,3,1,80,0,2,3,3,2,2,0,2,Company Website
20,Current employee,Travel_Rarely,727,Sales,9,1,Life Sciences,1,19152,142607,4,Male,54,3,1,Sales Representative,1,Single,2728,21082,1,Y,No,11,3,1,80,0,2,3,3,2,2,0,2,Company Website
20,Current employee,Travel_Rarely,727,Sales,9,1,Medical,1,19155,142610,4,Male,54,3,1,Sales Representative,1,Single,2728,21082,9,Y,No,11,3,1,80,0,2,3,3,2,2,0,2,Company Website
20,Current employee,Travel_Rarely,727,Sales,9,1,Life Sciences,1,19156,142611,3,Male,54,3,1,Laboratory Technician,1,Single,2728,5860,1,Y,No,11,3,1,80,0,2,3,3,2,2,0,2,Company Website
20,Current employee,Travel_Rarely,727,Sales,9,1,Medical,1,19157,142612,3,Male,54,3,1,Research Scientist,1,Single,2728,6950,9,Y,No,11,3,1,80,0,2,3,3,2,2,0,2,Company Website
26,Voluntary Resignation,Travel_Rarely,950,Sales,4,4,Marketing,1,204,123659,3,Male,94,3,2,Healthcare Representative,3,Married,5237,16577,1,Y,Yes,12,3,2,80,0,8,0,3,8,7,7,4,Company Website
26,Voluntary Resignation,Travel_Rarely,1357,Research & Development,25,3,Life Sciences,1,807,124262,1,Male,48,1,1,Laboratory Technician,3,Single,2293,10558,1,Y,No,12,3,3,80,0,1,2,2,1,0,0,1,Seek
26,Voluntary Resignation,Travel_Rarely,1357,Research & Development,25,3,Technical Degree,1,810,124265,1,Male,48,1,1,Laboratory Technician,3,Single,2293,10558,1,Y,No,12,3,3,80,0,1,2,2,1,0,0,1,Seek
26,Voluntary Resignation,Travel_Rarely,1357,Research & Development,25,3,Life Sciences,1,813,124268,1,Male,48,1,1,Laboratory Technician,3,Single,2293,21534,1,Y,No,12,3,3,80,0,1,2,2,1,0,0,1,Seek
26,Voluntary Resignation,Travel_Rarely,1357,Research & Development,25,3,Technical Degree,1,814,124269,1,Male,48,1,1,Laboratory Technician,3,Single,2293,26009,1,Y,No,12,3,3,80,0,1,2,2,1,0,0,1,Seek
26,Voluntary Resignation,Travel_Rarely,1357,Research & Development,25,3,Life Sciences,1,815,124270,1,Male,48,1,1,Laboratory Technician,3,Single,2293,10558,1,Y,No,12,3,3,80,0,1,2,2,1,0,0,1,Seek
26,Voluntary Resignation,Travel_Rarely,1357,Research & Development,25,3,Technical Degree,1,818,124273,1,Male,48,1,1,Laboratory Technician,3,Single,2293,10558,1,Y,No,12,3,3,80,0,1,2,2,1,0,0,1,Seek
26,Voluntary Resignation,Travel_Rarely,1357,Research & Development,25,3,Life Sciences,1,821,124276,1,Male,48,1,1,Laboratory Technician,3,Single,2293,21534,1,Y,No,12,3,3,80,0,1,2,2,1,0,0,1,Seek
26,Voluntary Resignation,Travel_Rarely,1357,Research & Development,25,3,Technical Degree,1,822,124277,1,Male,48,1,1,Laboratory Technician,3,Single,2293,26009,1,Y,No,12,3,3,80,0,1,2,2,1,0,0,1,Seek
26,Voluntary Resignation,Travel_Rarely,1357,Research & Development,25,3,Life Sciences,1,813,124268,1,Male,48,1,1,Laboratory Technician,3,Single,2293,21534,1,Y,No,12,3,3,80,0,1,2,2,1,0,0,1,Seek
26,Voluntary Resignation,Travel_Rarely,1357,Research & Development,25,3,Technical Degree,1,814,124269,1,Male,48,1,1,Laboratory Technician,3,Single,2293,26009,1,Y,No,12,3,3,80,0,1,2,2,1,0,0,1,Seek
26,Voluntary Resignation,Travel_Rarely,1357,Research & Development,25,3,Life Sciences,1,815,124270,1,Male,48,1,1,Laboratory Technician,3,Single,2293,10558,1,Y,No,12,3,3,80,0,1,2,2,1,0,0,1,Seek
26,Voluntary Resignation,Travel_Rarely,1357,Research & Development,25,3,Technical Degree,1,818,124273,1,Male,48,1,1,Laboratory Technician,3,Single,2293,10558,1,Y,No,12,3,3,80,0,1,2,2,1,0,0,1,Seek
26,Voluntary Resignation,Travel_Rarely,1357,Research & Development,25,3,Life Sciences,1,888,124343,1,Male,40,3,1,Research Scientist,2,Married,3022,10227,4,Y,No,21,4,1,80,0,8,1,3,1,0,0,0,Indeed
26,Voluntary Resignation,Travel_Rarely,1357,Research & Development,25,3,Technical Degree,1,890,124345,1,Male,40,3,1,Research Scientist,2,Married,3022,10227,4,Y,No,21,3,1,80,0,8,1,3,1,0,0,0,Indeed
26,Voluntary Resignation,Travel_Rarely,1357,Research & Development,25,3,Life Sciences,1,891,124346,1,Male,40,3,1,Research Scientist,2,Married,3022,22957,4,Y,No,21,4,1,80,0,8,1,3,1,0,0,0,Indeed
26,Voluntary Resignation,Travel_Rarely,1357,Research & Development,25,3,Technical Degree,1,892,124347,1,Male,40,3,1,Research Scientist,2,Married,3022,10227,4,Y,No,21,4,1,80,0,8,1,3,1,0,0,0,Seek
26,Voluntary Resignation,Travel_Rarely,1357,Research & Development,25,3,Life Sciences,1,896,124351,1,Male,40,3,1,Research Scientist,2,Married,3022,10227,4,Y,No,21,4,1,80,0,8,1,3,1,0,0,0,Indeed
26,Voluntary Resignation,Travel_Rarely,1357,Research & Development,25,3,Technical Degree,1,898,124353,1,Male,40,3,1,Research Scientist,2,Married,3022,10227,4,Y,No,21,3,1,80,0,8,1,3,1,0,0,0,Indeed
26,Voluntary Resignation,Travel_Rarely,1357,Research & Development,25,3,Life Sciences,1,899,124354,1,Male,40,3,1,Research Scientist,2,Married,3022,22957,4,Y,No,21,4,1,80,0,8,1,3,1,0,0,0,Indeed
26,Voluntary Resignation,Travel_Rarely,1357,Research & Development,25,3,Technical Degree,1,900,124355,1,Male,40,3,1,Research Scientist,2,Married,3022,10227,4,Y,No,21,4,1,80,0,8,1,3,1,0,0,0,Seek
26,Voluntary Resignation,Travel_Frequently,426,Human Resources,17,4,Life Sciences,1,3478,126933,1,Female,46,3,2,Sales Executive,3,Single,9981,12916,1,Y,No,14,3,4,80,0,7,2,3,7,7,0,7,Seek
26,Voluntary Resignation,Travel_Frequently,426,Human Resources,17,4,Medical,1,3479,126934,1,Female,46,3,2,Sales Executive,3,Single,9981,12916,7,Y,No,14,3,4,80,0,7,2,3,7,7,0,7,Seek
26,Voluntary Resignation,Travel_Frequently,426,Human Resources,17,4,Life Sciences,1,3481,126936,1,Female,46,3,2,Sales Executive,3,Single,9981,23281,1,Y,No,14,3,4,80,0,7,2,3,7,7,0,7,Seek
26,Voluntary Resignation,Travel_Frequently,426,Human Resources,17,4,Medical,1,3482,126937,1,Female,46,3,2,Sales Executive,3,Single,9981,12916,7,Y,No,14,3,4,80,0,7,2,3,7,7,0,7,Company Website
26,Voluntary Resignation,Travel_Frequently,426,Human Resources,17,4,Life Sciences,1,3486,126941,1,Female,46,3,2,Sales Executive,3,Single,9981,12916,1,Y,No,14,3,4,80,0,7,2,3,7,7,0,7,Seek
26,Voluntary Resignation,Travel_Frequently,426,Human Resources,17,4,Medical,1,3487,126942,1,Female,46,3,2,Sales Executive,3,Single,9981,12916,7,Y,No,14,3,4,80,0,7,2,3,7,7,0,7,Seek
26,Voluntary Resignation,Travel_Frequently,426,Human Resources,17,4,Life Sciences,1,3489,126944,1,Female,46,3,2,Sales Executive,3,Single,9981,23281,1,Y,No,14,3,4,80,0,7,2,3,7,7,0,7,Seek
26,Voluntary Resignation,Travel_Frequently,426,Human Resources,17,4,Medical,1,3490,126945,1,Female,46,3,2,Sales Executive,3,Single,9981,12916,7,Y,No,14,3,4,80,0,7,2,3,7,7,0,7,Company Website
26,Voluntary Resignation,Travel_Rarely,950,Sales,4,4,Marketing,1,4779,128234,4,Male,48,2,2,Sales Executive,4,Single,5828,8450,1,Y,Yes,12,3,2,80,0,8,0,3,8,7,7,4,Company Website
26,Voluntary Resignation,Travel_Rarely,950,Sales,4,4,Life Sciences,1,4782,128237,4,Male,48,2,2,Sales Executive,4,Single,5828,8450,5,Y,Yes,12,3,2,80,0,8,0,3,8,7,7,4,Company Website
26,Voluntary Resignation,Travel_Rarely,950,,4,4,Marketing,1,4783,128238,4,Male,48,2,2,Sales Executive,4,Single,5828,21813,1,Y,Yes,12,3,2,80,0,8,0,3,8,7,7,4,Company Website
26,Voluntary Resignation,Travel_Rarely,950,Sales,4,4,Life Sciences,1,4784,128239,4,Male,48,2,2,Sales Executive,4,Single,5828,8450,5,Y,Yes,12,3,2,80,0,8,0,3,8,7,7,4,Seek
26,Voluntary Resignation,Travel_Rarely,950,Sales,4,4,Life Sciences,1,4789,128244,4,Male,48,2,2,Sales Executive,4,Single,5828,8450,5,Y,Yes,12,3,2,80,0,8,0,3,8,7,7,4,Company Website
26,Voluntary Resignation,Travel_Rarely,950,Sales,4,4,Marketing,1,4790,128245,4,Male,48,2,2,Sales Executive,4,Single,5828,21813,1,Y,Yes,12,3,2,80,0,8,0,3,8,7,7,4,Company Website
26,Voluntary Resignation,Travel_Rarely,950,Sales,4,4,Life Sciences,1,4791,128246,4,Male,48,2,2,Sales Executive,4,Single,5828,8450,5,Y,Yes,12,3,2,80,0,8,0,3,8,7,7,4,Seek
26,Voluntary Resignation,Travel_Frequently,342,Research & Development,2,3,Life Sciences,1,5483,128938,2,Female,52,2,2,Sales Executive,3,Divorced,6118,5431,1,Y,No,13,3,3,80,3,10,2,3,10,9,1,2,Company Website
26,Voluntary Resignation,Travel_Frequently,342,Research & Development,2,3,Life Sciences,1,5484,128939,2,Female,52,2,2,Sales Executive,3,Divorced,6118,5431,4,Y,No,13,4,3,80,3,10,2,3,10,9,1,2,Company Website
26,Voluntary Resignation,Travel_Frequently,342,Research & Development,2,3,Life Sciences,1,5486,128941,2,Female,52,2,2,Sales Executive,3,Divorced,6118,23300,1,Y,No,13,3,3,80,3,10,2,3,10,9,1,2,Company Website
26,Voluntary Resignation,Travel_Frequently,342,Research & Development,2,3,Life Sciences,1,5487,128942,2,Female,52,2,2,Sales Executive,3,Divorced,6118,5431,4,Y,No,13,3,3,80,3,10,2,3,10,9,1,2,Recruit.net
26,Voluntary Resignation,Travel_Frequently,342,Research & Development,2,3,Life Sciences,1,5491,128946,2,Female,52,2,2,Sales Executive,3,Divorced,6118,5431,1,Y,No,13,3,3,80,3,10,2,3,10,9,1,2,Company Website
26,Voluntary Resignation,Travel_Frequently,342,Research & Development,2,3,Life Sciences,1,5492,128947,2,Female,52,2,2,Sales Executive,3,Divorced,6118,5431,4,Y,No,13,4,3,80,3,10,2,3,10,9,1,2,Company Website
26,Voluntary Resignation,Travel_Frequently,342,Research & Development,2,3,Life Sciences,1,5494,128949,2,Female,52,2,2,Sales Executive,3,Divorced,6118,23300,1,Y,No,13,3,3,80,3,10,2,3,10,9,1,2,Company Website
26,Voluntary Resignation,Travel_Frequently,342,Research & Development,2,3,Life Sciences,1,5495,128950,2,Female,52,2,2,Sales Executive,3,Divorced,6118,5431,4,Y,No,13,3,3,80,3,10,2,3,10,9,1,2,Recruit.net
26,Voluntary Resignation,Travel_Frequently,575,Research & Development,3,1,Technical Degree,1,6183,129638,3,Male,73,3,1,Research Scientist,1,Single,3102,6582,0,Y,No,22,3,3,80,0,7,2,3,6,4,0,4,Seek
26,Voluntary Resignation,Travel_Frequently,575,Research & Development,3,1,Life Sciences,1,6185,129640,3,Male,73,3,1,Research Scientist,1,Single,3102,6582,2,Y,No,22,3,3,80,0,7,2,3,6,4,0,4,Seek
26,Voluntary Resignation,Travel_Frequently,575,Research & Development,3,1,Technical Degree,1,6187,129642,3,Male,73,3,1,Research Scientist,1,Single,3102,21821,0,Y,No,22,4,3,80,0,7,2,3,6,4,0,4,Seek
26,Voluntary Resignation,Travel_Frequently,575,Research & Development,3,1,Life Sciences,1,6188,129643,3,Male,73,3,1,Research Scientist,1,Single,3102,26894,2,Y,No,22,4,3,80,0,7,2,3,6,4,0,4,Recruit.net
26,Voluntary Resignation,Travel_Frequently,575,Research & Development,3,1,Technical Degree,1,6191,129646,3,Male,73,3,1,Research Scientist,1,Single,3102,6582,0,Y,No,22,3,3,80,0,7,2,3,6,4,0,4,Seek
26,Voluntary Resignation,Travel_Frequently,575,Research & Development,3,1,Life Sciences,1,6193,129648,3,Male,73,3,1,Research Scientist,1,Single,3102,6582,2,Y,No,22,3,3,80,0,7,2,3,6,4,0,4,Seek
26,Voluntary Resignation,Travel_Frequently,575,Research & Development,3,1,Technical Degree,1,6195,129650,3,Male,73,3,1,Research Scientist,1,Single,3102,21821,0,Y,No,22,4,3,80,0,7,2,3,6,4,0,4,Seek
26,Voluntary Resignation,Travel_Frequently,575,Research & Development,3,1,Life Sciences,1,6196,129651,3,Male,73,3,1,Research Scientist,1,Single,3102,26894,2,Y,No,22,4,3,80,0,7,2,3,6,4,0,4,Recruit.net
26,Voluntary Resignation,Travel_Frequently,426,Human Resources,17,4,Life Sciences,1,7284,130739,2,Female,58,3,1,Human Resources,3,Divorced,2741,22808,0,Y,Yes,11,3,2,80,1,8,2,2,7,7,1,0,Seek
26,Voluntary Resignation,Travel_Frequently,426,Human Resources,17,4,Medical,1,7287,130742,2,Female,58,3,1,Human Resources,3,Divorced,2741,22808,0,Y,Yes,11,3,2,80,1,8,2,2,7,7,1,0,Seek
26,Voluntary Resignation,Travel_Frequently,426,Human Resources,17,4,Life Sciences,1,7288,130743,2,Female,58,3,1,Human Resources,3,Divorced,2741,21972,0,Y,Yes,11,3,2,80,1,8,2,2,7,7,1,0,Seek
26,Voluntary Resignation,Travel_Frequently,426,Human Resources,17,4,Medical,1,7289,130744,2,Female,58,3,1,Human Resources,3,Divorced,2741,25103,0,Y,Yes,11,3,2,80,1,8,2,2,7,7,1,0,Seek
26,Voluntary Resignation,Travel_Frequently,426,Human Resources,17,4,Life Sciences,1,7292,130747,2,Female,58,3,1,Human Resources,3,Divorced,2741,22808,0,Y,Yes,11,3,2,80,1,8,2,2,7,7,1,0,Seek
26,Voluntary Resignation,Travel_Frequently,426,Human Resources,17,4,Medical,1,7295,130750,2,Female,58,3,1,Human Resources,3,Divorced,2741,22808,0,Y,Yes,11,3,2,80,1,8,2,2,7,7,1,0,Seek
26,Voluntary Resignation,Travel_Frequently,426,Human Resources,17,4,Life Sciences,1,7296,130751,2,Female,58,3,1,Human Resources,3,Divorced,2741,21972,0,Y,Yes,11,3,2,80,1,8,2,2,7,7,1,0,Seek
26,Voluntary Resignation,Travel_Frequently,426,Human Resources,17,4,Medical,1,7297,130752,2,Female,58,3,1,Human Resources,3,Divorced,2741,25103,0,Y,Yes,11,3,2,80,1,8,2,2,7,7,1,0,Seek
26,Voluntary Resignation,Travel_Rarely,471,Research & Development,24,3,Technical Degree,1,7435,130890,3,Male,66,1,1,Laboratory Technician,4,Single,2340,23213,1,Y,Yes,18,3,2,80,0,1,3,1,1,0,0,0,Recruit.net
26,Voluntary Resignation,Travel_Rarely,471,Research & Development,24,3,Other,1,7438,130893,3,Male,66,1,1,Laboratory Technician,4,Single,2340,23213,1,Y,Yes,18,4,2,80,0,1,3,1,1,0,0,0,Recruit.net
26,Voluntary Resignation,Travel_Rarely,471,Research & Development,24,3,Technical Degree,1,7439,130894,3,Male,66,1,1,Laboratory Technician,4,Single,2340,22052,1,Y,Yes,18,3,2,80,0,1,3,1,1,0,0,0,Recruit.net
26,Voluntary Resignation,Travel_Rarely,471,Research & Development,24,3,Other,1,7440,130895,3,Male,66,1,1,Laboratory Technician,4,Single,2340,26009,1,Y,Yes,18,3,2,80,0,1,3,1,1,0,0,0,Recruit.net
26,Voluntary Resignation,Travel_Rarely,471,Research & Development,24,3,Technical Degree,1,7443,130898,3,Male,66,1,1,Laboratory Technician,4,Single,2340,23213,1,Y,Yes,18,3,2,80,0,1,3,1,1,0,0,0,Recruit.net
26,Voluntary Resignation,Travel_Rarely,471,Research & Development,24,3,Other,1,7445,130900,3,Male,66,1,1,Laboratory Technician,4,Single,2340,23213,1,Y,Yes,18,4,2,80,0,1,3,1,1,0,0,0,Recruit.net
26,Voluntary Resignation,Travel_Rarely,471,Research & Development,24,3,Technical Degree,1,7446,130901,3,Male,66,1,1,Laboratory Technician,4,Single,2340,22052,1,Y,Yes,18,3,2,80,0,1,3,1,1,0,0,0,Recruit.net
26,Voluntary Resignation,Travel_Rarely,471,Research & Development,24,3,Other,1,7447,130902,3,Male,66,1,1,Laboratory Technician,4,Single,2340,26009,1,Y,Yes,18,3,2,80,0,1,3,1,1,0,0,0,Recruit.net
26,Voluntary Resignation,Travel_Rarely,1146,Sales,8,3,Technical Degree,1,9206,132661,4,Male,38,2,2,Sales Executive,1,Single,5326,3064,6,Y,No,17,3,3,80,0,6,2,2,4,3,1,2,Company Website
26,Voluntary Resignation,Travel_Rarely,1146,Sales,8,3,Marketing,1,9209,132664,4,Male,38,2,2,Sales Executive,1,Single,5326,3064,6,Y,No,17,3,3,80,0,6,2,2,4,3,1,2,Company Website
26,Voluntary Resignation,Travel_Rarely,1146,Sales,8,3,Technical Degree,1,9210,132665,4,Male,38,2,2,Sales Executive,1,Single,5326,22384,6,Y,No,17,3,3,80,0,6,2,2,4,3,1,2,Company Website
26,Voluntary Resignation,Travel_Rarely,1146,Sales,8,3,Marketing,1,9211,132666,4,Male,38,2,2,Sales Executive,1,Single,5326,3064,6,Y,No,17,3,3,80,0,6,2,2,4,3,1,2,Seek
26,Voluntary Resignation,Travel_Rarely,1146,Sales,8,3,Technical Degree,1,9214,132669,4,Male,38,2,2,Sales Executive,1,Single,5326,3064,6,Y,No,17,3,3,80,0,6,2,2,4,3,1,2,Company Website
26,Voluntary Resignation,Travel_Rarely,1146,Sales,8,3,Marketing,1,9217,132672,4,Male,38,2,2,Sales Executive,1,Single,5326,3064,6,Y,No,17,3,3,80,0,6,2,2,4,3,1,2,Company Website
26,Voluntary Resignation,Travel_Rarely,1146,Sales,8,3,Technical Degree,1,9218,132673,4,Male,38,2,2,Sales Executive,1,Single,5326,22384,6,Y,No,17,3,3,80,0,6,2,2,4,3,1,2,Company Website
26,Voluntary Resignation,Travel_Rarely,1146,Sales,8,3,Marketing,1,9219,132674,4,Male,38,2,2,Sales Executive,1,Single,5326,3064,6,Y,No,17,3,3,80,0,6,2,2,4,3,1,2,Seek
26,Voluntary Resignation,Travel_Frequently,887,Research & Development,5,2,Medical,1,9859,133314,3,Female,88,2,1,Research Scientist,3,Married,2366,20898,1,Y,Yes,14,3,1,80,1,8,2,3,8,7,1,7,Jora
26,Voluntary Resignation,Travel_Frequently,887,Research & Development,5,2,Life Sciences,1,9861,133316,3,Female,88,2,1,Research Scientist,3,Married,2366,20898,3,Y,Yes,14,3,1,80,1,8,2,3,8,7,1,7,Jora
26,Voluntary Resignation,Travel_Frequently,887,Research & Development,5,2,Medical,1,9863,133318,3,Female,88,2,1,Research Scientist,3,Married,2366,22422,,Y,Yes,14,3,1,80,1,8,2,3,8,7,1,7,Jora
26,Voluntary Resignation,Travel_Frequently,887,Research & Development,5,2,Life Sciences,1,9864,133319,3,Female,88,2,1,Research Scientist,3,Married,2366,26956,3,Y,Yes,14,3,1,80,1,8,2,3,8,7,1,7,Company Website
26,Voluntary Resignation,Travel_Frequently,887,Research & Development,5,2,Medical,1,9867,133322,3,Female,88,2,1,Research Scientist,3,Married,2366,20898,1,Y,Yes,14,3,1,80,1,8,2,3,8,7,1,7,Jora
26,Voluntary Resignation,Travel_Frequently,887,Research & Development,5,2,Life Sciences,1,9869,133324,3,Female,88,2,1,Research Scientist,3,Married,2366,20898,3,Y,Yes,14,3,1,80,1,8,2,3,8,7,1,7,Jora
26,Voluntary Resignation,Travel_Frequently,887,Research & Development,5,2,Medical,1,9871,133326,3,Female,88,2,1,Research Scientist,3,Married,2366,22422,1,Y,Yes,14,3,1,80,1,8,2,3,8,7,1,7,Jora
26,Voluntary Resignation,Travel_Frequently,887,Research & Development,5,2,Life Sciences,1,9872,133327,3,Female,88,2,1,Research Scientist,3,Married,2366,26956,3,Y,Yes,14,3,1,80,1,8,2,3,8,7,1,7,Company Website
26,Voluntary Resignation,Travel_Rarely,950,Sales,4,4,Marketing,1,10647,134102,3,Female,66,3,1,Research Scientist,4,Single,2693,8870,1,Y,No,19,4,1,80,0,1,3,2,1,0,0,0,Company Website
26,Voluntary Resignation,Travel_Rarely,950,Sales,4,4,Life Sciences,1,10648,134103,3,Female,66,3,1,Research Scientist,4,Single,2693,8870,3,Y,No,19,3,1,80,0,1,3,2,1,0,0,0,Company Website
26,Voluntary Resignation,Travel_Rarely,950,Sales,4,4,Marketing,1,10652,134107,3,Female,66,3,1,Research Scientist,4,Single,2693,23428,1,Y,No,19,3,1,80,0,1,3,2,1,0,0,0,Company Website
26,Voluntary Resignation,Travel_Rarely,950,Sales,4,4,Life Sciences,1,10653,134108,3,Female,66,3,1,Research Scientist,4,Single,2693,26956,3,Y,No,19,3,1,80,0,1,3,2,1,0,0,0,Adzuna
26,Voluntary Resignation,Travel_Rarely,950,Sales,4,4,Marketing,1,10655,134110,3,Female,66,3,1,Research Scientist,4,Single,2693,8870,1,Y,No,19,4,1,80,0,1,3,2,1,0,0,0,Company Website
26,Voluntary Resignation,Travel_Rarely,950,Sales,4,4,Marketing,1,10656,134111,3,Female,66,3,1,Research Scientist,4,Single,2693,8870,1,Y,No,19,3,4,80,1,10,3,3,9,8,7,7,Adzuna
26,Voluntary Resignation,Travel_Rarely,950,Sales,4,4,Life Sciences,1,10657,134112,3,Female,66,3,1,Research Scientist,4,Single,2693,8870,3,Y,No,19,3,1,80,0,1,3,2,1,0,0,0,Company Website
26,Voluntary Resignation,Travel_Rarely,950,Sales,4,4,Marketing,1,10661,134116,3,Female,66,3,1,Research Scientist,4,Single,2693,23428,1,Y,No,19,3,1,80,0,1,3,2,1,0,0,0,Company Website
26,Voluntary Resignation,Travel_Rarely,950,Sales,4,4,Life Sciences,1,10662,134117,3,Female,66,3,1,Research Scientist,4,Single,2693,26956,3,Y,No,19,3,1,80,0,1,3,2,1,0,0,0,Adzuna
26,Voluntary Resignation,Non-Travel,265,Sales,29,2,Medical,1,11992,135447,2,Male,79,1,2,Sales Executive,1,Single,4969,21813,8,Y,No,18,3,4,80,0,7,6,3,2,2,2,2,Seek
26,Voluntary Resignation,Non-Travel,265,Sales,29,2,Technical Degree,1,11995,135450,2,Male,79,1,2,Sales Executive,1,Single,4969,21813,8,Y,No,18,3,4,80,0,7,6,3,2,2,2,2,Seek
26,Voluntary Resignation,Non-Travel,265,Sales,29,2,Medical,1,11996,135451,2,Male,79,1,2,Sales Executive,1,Single,4969,22455,8,Y,No,18,3,4,80,0,7,6,3,2,2,2,2,Seek
26,Voluntary Resignation,Non-Travel,265,Sales,29,2,Technical Degree,1,11997,135452,2,Male,79,1,2,Sales Executive,1,Single,4969,21813,8,Y,No,18,3,4,80,0,7,6,3,2,2,2,2,Seek
26,Voluntary Resignation,Non-Travel,265,Sales,29,2,Medical,1,12000,135455,2,Male,79,1,2,Sales Executive,1,Single,4969,21813,8,Y,No,18,3,4,80,0,7,6,3,2,2,2,2,Seek
26,Voluntary Resignation,Non-Travel,265,Sales,29,2,Technical Degree,1,12003,135458,2,Male,79,1,2,Sales Executive,1,Single,4969,21813,8,Y,No,18,3,4,80,0,7,6,3,2,2,2,2,Seek
26,Voluntary Resignation,Non-Travel,265,Sales,29,2,Medical,1,12004,135459,2,Male,79,1,2,Sales Executive,1,Single,4969,22455,8,Y,No,18,3,4,80,0,7,6,3,2,2,2,2,Seek
26,Voluntary Resignation,Non-Travel,265,Sales,29,2,Technical Degree,1,12005,135460,2,Male,79,1,2,Sales Executive,1,Single,4969,21813,8,Y,No,18,3,4,80,0,7,6,3,2,2,2,2,Seek
26,Voluntary Resignation,Travel_Frequently,342,Research & Development,2,3,Life Sciences,1,12221,135676,1,Male,57,3,1,Research Scientist,1,Married,2042,15346,6,Y,Yes,14,3,2,80,1,6,2,3,3,2,1,2,Company Website
26,Voluntary Resignation,Travel_Frequently,342,Research & Development,2,3,Life Sciences,1,12223,135678,1,Male,57,3,1,Research Scientist,1,Married,2042,15346,2,Y,Yes,14,3,2,80,1,6,2,3,3,2,1,2,Company Website
26,Voluntary Resignation,Travel_Frequently,342,Research & Development,2,3,Life Sciences,1,12225,135680,1,Male,57,3,1,Research Scientist,1,Married,2042,22534,6,Y,Yes,14,3,2,80,1,6,2,3,3,2,1,2,Company Website
26,Voluntary Resignation,Travel_Frequently,342,Research & Development,2,3,Life Sciences,1,12226,135681,1,Male,57,3,1,Research Scientist,1,Married,2042,26820,2,Y,Yes,14,3,2,80,1,6,2,3,3,2,1,2,Company Website
26,Voluntary Resignation,Travel_Frequently,342,Research & Development,2,3,Life Sciences,1,12229,135684,1,Male,57,3,1,Research Scientist,1,Married,2042,15346,6,Y,Yes,14,3,2,80,1,6,2,3,3,2,1,2,Company Website
26,Voluntary Resignation,Travel_Frequently,342,Research & Development,2,3,Life Sciences,1,12231,135686,1,Male,57,3,1,Research Scientist,1,Married,2042,15346,2,Y,Yes,14,3,2,80,1,6,2,3,3,2,1,2,Company Website
26,Voluntary Resignation,Travel_Frequently,342,Research & Development,2,3,Life Sciences,1,12233,135688,1,Male,57,3,1,Research Scientist,1,Married,2042,22534,6,Y,Yes,14,3,2,80,1,6,2,3,3,2,1,2,Company Website
26,Voluntary Resignation,Travel_Frequently,342,Research & Development,2,3,Life Sciences,1,12234,135689,1,Male,57,3,1,Research Scientist,1,Married,2042,26820,2,Y,Yes,14,3,2,80,1,6,2,3,3,2,1,2,Company Website
26,Voluntary Resignation,Travel_Rarely,1330,Research & Development,21,3,Medical,1,12783,136238,1,Male,37,3,1,Laboratory Technician,3,Divorced,2377,19373,1,Y,No,20,3,3,80,1,1,0,2,1,1,0,0,Seek
26,Voluntary Resignation,Travel_Rarely,1330,Research & Development,21,3,Other,1,12786,136241,1,Male,37,3,1,Laboratory Technician,3,Divorced,2377,19373,1,Y,No,20,3,3,80,1,1,0,2,1,1,0,0,Seek
26,Voluntary Resignation,Travel_Rarely,1330,Research & Development,21,3,Medical,1,12789,136244,1,Male,37,3,1,Laboratory Technician,3,Divorced,2377,22539,1,Y,No,20,4,3,80,1,1,0,2,1,1,0,0,Seek
26,Voluntary Resignation,Travel_Rarely,1330,Research & Development,21,3,Other,1,12790,136245,1,Male,37,3,1,Laboratory Technician,3,Divorced,2377,25479,1,Y,No,20,4,3,80,1,1,0,2,1,1,0,0,Seek
26,Voluntary Resignation,Travel_Rarely,1330,Research & Development,21,3,Medical,1,12791,136246,1,Male,37,3,1,Laboratory Technician,3,Divorced,2377,19373,1,Y,No,20,3,3,80,1,1,0,2,1,1,0,0,Seek
26,Voluntary Resignation,Travel_Rarely,1330,Research & Development,21,3,Other,1,12794,136249,1,Male,37,3,1,Laboratory Technician,3,Divorced,2377,19373,1,Y,No,20,3,3,80,1,1,0,2,1,1,0,0,Seek
26,Voluntary Resignation,Travel_Rarely,1330,Research & Development,21,3,Medical,1,12797,136252,1,Male,37,3,1,Laboratory Technician,3,Divorced,2377,22539,1,Y,No,20,4,3,80,1,1,0,2,1,1,0,0,Seek
26,Voluntary Resignation,Travel_Rarely,1330,Research & Development,21,3,Other,1,12798,136253,1,Male,37,3,1,Laboratory Technician,3,Divorced,2377,25479,1,Y,No,20,4,3,80,1,1,0,2,1,1,0,0,Seek
26,Voluntary Resignation,Travel_Frequently,887,Research & Development,5,2,Medical,1,15807,139262,3,Male,80,3,3,Sales Executive,2,Married,10596,15395,2,Y,No,11,3,2,80,0,14,5,3,4,2,3,2,Jora
26,Voluntary Resignation,Travel_Frequently,887,Research & Development,5,2,Life Sciences,1,15809,139264,3,Male,80,3,3,Sales Executive,2,Married,10596,15395,5,Y,No,11,3,2,80,0,14,5,3,4,2,3,2,Jora
26,Voluntary Resignation,Travel_Frequently,887,Research & Development,5,2,Medical,1,15810,139265,3,Male,80,3,3,Sales Executive,2,Married,10596,23726,2,Y,No,11,3,2,80,0,14,5,3,4,2,3,2,Jora
26,Voluntary Resignation,Travel_Frequently,887,Research & Development,5,2,Life Sciences,1,15811,139266,3,Male,80,3,3,Sales Executive,2,Married,10596,15395,5,Y,No,11,3,2,80,0,14,5,3,4,2,3,2,Indeed
26,Voluntary Resignation,Travel_Frequently,887,Research & Development,5,2,Medical,1,15815,139270,3,Male,80,3,3,Sales Executive,2,Married,10596,15395,2,Y,No,11,3,2,80,0,14,5,3,4,2,3,2,Jora
26,Voluntary Resignation,Travel_Frequently,887,Research & Development,5,2,Life Sciences,1,15817,139272,3,Male,80,3,3,Sales Executive,2,Married,10596,15395,5,Y,No,11,3,2,80,0,14,5,3,4,2,3,2,Jora
26,Voluntary Resignation,Travel_Frequently,887,Research & Development,5,2,Medical,1,15818,139273,3,Male,80,2,2,Human Resources,4,Married,5204,7790,8,Y,No,11,3,4,80,1,1,2,3,1,0,0,0,Jora
26,Voluntary Resignation,Travel_Frequently,887,Research & Development,5,2,Life Sciences,1,15819,139274,3,Male,80,3,3,Sales Executive,2,Married,10596,15395,5,Y,No,11,3,2,80,0,14,5,3,4,2,3,2,Indeed
26,Voluntary Resignation,Non-Travel,265,Sales,29,2,Medical,1,16492,139947,4,Male,82,3,3,Sales Executive,4,Divorced,10793,8386,1,Y,No,18,4,1,80,1,13,5,3,13,7,9,9,LinkedIn
26,Voluntary Resignation,Non-Travel,265,Sales,29,2,Technical Degree,1,16494,139949,4,Male,82,3,3,Sales Executive,4,Divorced,10793,8386,8,Y,No,18,3,1,80,1,13,5,3,13,7,9,9,LinkedIn
26,Voluntary Resignation,Non-Travel,265,Sales,29,2,Medical,1,16495,139950,4,Male,82,3,3,Sales Executive,4,Divorced,10793,23785,1,Y,No,18,3,1,80,1,13,5,3,13,7,9,9,LinkedIn
26,Voluntary Resignation,Non-Travel,265,Sales,29,2,Technical Degree,1,15848,139951,4,Male,82,3,3,Sales Executive,4,Divorced,10793,8386,8,Y,No,18,3,1,80,1,13,5,3,13,7,9,9,Company Website
26,Voluntary Resignation,Non-Travel,265,Sales,29,2,Medical,1,16500,139955,4,Male,82,3,3,Sales Executive,4,Divorced,10793,8386,1,Y,No,18,4,1,80,1,13,5,3,13,7,9,9,LinkedIn
26,Voluntary Resignation,Non-Travel,265,Sales,29,2,Technical Degree,1,16502,139957,4,Male,82,3,3,Sales Executive,4,Divorced,10793,8386,8,Y,No,18,3,1,80,1,13,5,3,13,7,9,9,LinkedIn
26,Voluntary Resignation,Non-Travel,265,Sales,29,2,Medical,1,16503,139958,4,Male,82,2,1,Laboratory Technician,4,Divorced,2532,6054,6,Y,No,14,3,2,80,1,9,3,2,6,5,1,2,LinkedIn
26,Voluntary Resignation,Non-Travel,265,Sales,29,2,Technical Degree,1,16504,139959,4,Male,82,3,3,Sales Executive,4,Divorced,10793,8386,8,Y,No,18,3,1,80,1,13,5,3,13,7,9,9,Company Website
26,Voluntary Resignation,Travel_Rarely,1330,Research & Development,21,3,Medical,1,16745,140200,4,Male,83,3,1,Research Scientist,2,Single,3420,21158,1,Y,No,13,3,3,80,0,6,3,2,5,2,1,3,GlassDoor
26,Voluntary Resignation,Travel_Rarely,1330,Research & Development,21,3,Other,1,16747,140202,4,Male,83,3,1,Research Scientist,2,Single,3420,21158,4,Y,No,13,3,3,80,0,6,3,2,5,2,1,3,GlassDoor
26,Voluntary Resignation,Travel_Rarely,1330,Research & Development,21,3,Medical,1,16748,140203,4,Male,83,3,1,Research Scientist,2,Single,3420,23848,1,Y,No,13,3,3,80,0,6,3,2,5,2,1,3,GlassDoor
26,Voluntary Resignation,Travel_Rarely,1330,Research & Development,21,3,Other,1,16749,140204,4,Male,83,3,1,Research Scientist,2,Single,3420,26997,4,Y,No,13,3,3,80,0,6,3,2,5,2,1,3,Indeed
26,Voluntary Resignation,Travel_Rarely,1330,Research & Development,21,3,Medical,1,16753,140208,4,Male,83,3,1,Research Scientist,2,Single,3420,21158,1,Y,No,13,3,3,80,0,6,3,2,5,2,1,3,GlassDoor
26,Voluntary Resignation,Travel_Rarely,1330,Research & Development,21,3,Other,1,16755,140210,4,Male,83,3,1,Research Scientist,2,Single,3420,21158,4,Y,No,13,3,3,80,0,6,3,2,5,2,1,3,GlassDoor
26,Voluntary Resignation,Travel_Rarely,1330,Research & Development,21,3,Medical,1,16756,140211,4,Male,83,3,1,Research Scientist,2,Single,3420,23848,1,Y,No,13,3,3,80,0,6,3,2,5,2,1,3,GlassDoor
26,Voluntary Resignation,Travel_Rarely,1330,Research & Development,21,3,Other,1,16757,140212,4,Male,83,3,1,Research Scientist,2,Single,3420,26997,4,Y,No,13,3,3,80,0,6,3,2,5,2,1,3,Indeed
26,Voluntary Resignation,Travel_Rarely,920,Human Resources,20,2,Medical,1,19239,142694,4,Male,89,4,3,Healthcare Representative,4,Married,7005,3458,3,Y,No,15,3,3,80,0,11,2,3,4,3,1,2,GlassDoor
26,Voluntary Resignation,Travel_Rarely,920,Human Resources,20,2,Other,1,19240,142695,4,Male,89,4,3,Healthcare Representative,4,Married,7005,3458,0,Y,No,15,3,3,80,0,11,2,3,4,3,1,2,GlassDoor
26,Voluntary Resignation,Travel_Rarely,920,Human Resources,20,2,Medical,1,19242,142697,4,Male,89,4,3,Healthcare Representative,4,Married,7005,24375,3,Y,No,15,3,3,80,0,11,2,3,4,3,1,2,GlassDoor
26,Voluntary Resignation,Travel_Rarely,920,Human Resources,20,2,Other,1,19243,142698,4,Male,89,4,3,Healthcare Representative,4,Married,7005,24835,0,Y,No,15,3,3,80,0,11,2,3,4,3,1,2,GlassDoor
26,Voluntary Resignation,Travel_Rarely,920,Human Resources,20,2,Medical,1,19246,142701,4,Male,89,4,3,Healthcare Representative,4,Married,7005,3458,3,Y,No,15,3,3,80,0,11,2,3,4,3,1,2,GlassDoor
26,Voluntary Resignation,Travel_Rarely,920,Human Resources,20,2,Other,1,19247,142702,4,Male,89,4,3,Healthcare Representative,4,Married,7005,3458,0,Y,No,15,3,3,80,0,11,2,3,4,3,1,2,GlassDoor
26,Voluntary Resignation,Travel_Rarely,920,Human Resources,20,2,Medical,1,19249,142704,4,Male,89,4,3,Healthcare Representative,4,Married,7005,24375,3,Y,No,15,3,3,80,0,11,2,3,4,3,1,2,GlassDoor
26,Voluntary Resignation,Travel_Rarely,920,Human Resources,20,2,Other,1,19250,142705,4,Male,89,4,3,Healthcare Representative,4,Married,7005,24835,0,Y,No,15,3,3,80,0,11,2,3,4,3,1,2,GlassDoor
26,Voluntary Resignation,Travel_Rarely,920,Human Resources,20,2,Medical,1,20731,144186,4,Female,69,3,1,Human Resources,2,Married,2148,6889,0,Y,Yes,11,3,3,80,0,6,3,3,5,1,1,4,Company Website
26,Voluntary Resignation,Travel_Rarely,920,Human Resources,20,2,Medical,1,20734,144189,4,Female,69,3,1,Human Resources,2,Married,2148,6889,0,Y,Yes,11,3,3,80,0,6,3,3,5,1,1,4,Company Website
26,Voluntary Resignation,Travel_Rarely,,Human Resources,20,2,Medical,1,20735,144190,4,Female,69,3,1,Human Resources,2,Married,2148,22845,0,Y,Yes,11,3,3,80,0,6,3,3,5,1,1,4,Company Website
26,Voluntary Resignation,Travel_Rarely,920,Human Resources,20,2,Medical,1,20736,144191,4,Female,69,3,1,Human Resources,2,Married,2148,25103,0,Y,Yes,11,3,3,80,0,6,3,3,5,1,1,4,Company Website
26,Voluntary Resignation,Travel_Rarely,920,Human Resources,20,2,Medical,1,20739,144194,4,Female,69,3,1,Human Resources,2,Married,2148,6889,0,Y,Yes,11,3,3,80,0,6,3,3,5,1,1,4,Company Website
26,Voluntary Resignation,Travel_Rarely,920,Human Resources,20,2,Medical,1,20742,144197,4,Female,69,3,1,Human Resources,2,Married,2148,6889,0,Y,Yes,11,3,3,80,0,6,3,3,5,1,1,4,Company Website
26,Voluntary Resignation,Travel_Rarely,920,Human Resources,20,2,Medical,1,20743,144198,4,Female,69,3,1,Human Resources,2,Married,2148,22845,0,Y,Yes,11,3,3,80,0,6,3,3,5,1,1,4,Company Website
26,Voluntary Resignation,Travel_Rarely,920,Human Resources,20,2,Medical,1,20744,144199,4,Female,69,3,1,Human Resources,2,Married,2148,25103,0,Y,Yes,11,3,3,80,0,6,3,3,5,1,1,4,Company Website
26,Voluntary Resignation,Travel_Frequently,575,Research & Development,3,1,Technical Degree,1,21935,145390,4,Male,96,3,2,Manufacturing Director,1,Married,5151,12315,1,Y,No,25,3,4,80,1,10,3,3,10,0,7,9,Seek
26,Voluntary Resignation,Travel_Frequently,575,Research & Development,3,1,Life Sciences,1,21936,145391,4,Male,96,3,2,Manufacturing Director,1,Married,5151,12315,1,Y,No,25,3,4,80,1,10,3,3,10,0,7,9,Seek
26,Voluntary Resignation,Travel_Frequently,575,Research & Development,3,1,Technical Degree,1,21938,145393,4,Male,96,3,2,Manufacturing Director,1,Married,5151,24737,1,Y,No,25,4,4,80,1,10,3,3,10,0,7,9,Seek
26,Voluntary Resignation,Travel_Frequently,575,Research & Development,3,1,Life Sciences,1,21939,145394,4,Male,96,3,2,Manufacturing Director,1,Married,5151,26376,1,Y,No,25,4,4,80,1,10,3,3,10,0,7,9,Seek
26,Voluntary Resignation,Travel_Frequently,575,Research & Development,3,1,Technical Degree,1,21943,145398,4,Male,96,3,2,Manufacturing Director,1,Married,5151,12315,1,Y,No,25,3,4,80,1,10,3,3,10,0,7,9,Seek
26,Voluntary Resignation,Travel_Frequently,575,Research & Development,3,1,Life Sciences,1,21944,145399,4,Male,96,3,2,Manufacturing Director,1,Married,5151,12315,1,Y,No,25,3,4,80,1,10,3,3,10,0,7,9,Seek
26,Voluntary Resignation,Travel_Frequently,575,Research & Development,3,1,Technical Degree,1,21946,145401,4,Male,96,3,2,Manufacturing Director,1,Married,5151,24737,1,Y,No,25,4,4,80,1,10,3,3,10,0,7,9,Seek
26,Voluntary Resignation,Travel_Frequently,575,Research & Development,3,1,Life Sciences,1,21567,145402,4,Male,96,3,2,Manufacturing Director,1,Married,3162,23428,0,Y,No,17,3,4,80,0,6,2,2,5,2,3,4,Seek
26,Voluntary Resignation,Travel_Rarely,471,Research & Development,24,3,Technical Degree,1,22086,145541,4,Male,97,3,1,Research Scientist,3,Single,2144,2122,1,Y,No,14,3,3,80,0,5,3,2,5,3,1,4,Seek
26,Voluntary Resignation,Travel_Rarely,471,Research & Development,24,3,Technical Degree,1,22088,145543,4,Male,97,3,1,Research Scientist,3,Single,2144,2122,4,Y,No,14,3,3,80,0,5,3,2,5,3,1,4,Seek
26,Voluntary Resignation,Travel_Rarely,471,Research & Development,24,3,Technical Degree,1,22089,145544,4,Male,97,3,1,Research Scientist,3,Single,2144,24737,1,Y,No,14,3,3,80,0,5,3,2,5,3,1,4,Seek
26,Voluntary Resignation,Travel_Rarely,471,Research & Development,24,3,Technical Degree,1,22090,145545,4,Male,97,3,1,Research Scientist,3,Single,2144,26999,4,Y,No,14,3,3,80,0,5,3,2,5,3,1,4,Jora
26,Voluntary Resignation,Travel_Rarely,471,Research & Development,24,3,Technical Degree,1,22094,145549,4,Male,97,3,1,Research Scientist,3,Single,2144,2122,1,Y,No,14,3,3,80,0,5,3,2,5,3,1,4,Seek
26,Voluntary Resignation,Travel_Rarely,471,Research & Development,24,3,Technical Degree,1,22096,145551,4,Male,97,3,1,Research Scientist,3,Single,2144,2122,4,Y,No,14,3,3,80,0,5,3,2,5,3,1,4,Seek
26,Voluntary Resignation,Travel_Rarely,471,Research & Development,24,3,Technical Degree,1,22097,145552,4,Male,97,3,1,Research Scientist,3,Single,2144,24737,1,Y,No,14,3,3,80,0,5,3,2,5,3,1,4,Seek
26,Voluntary Resignation,Travel_Rarely,471,Research & Development,24,3,Technical Degree,1,22098,145553,4,Male,97,3,1,Research Scientist,3,Single,2144,26999,4,Y,No,14,3,3,80,0,5,3,2,5,3,1,4,Jora
26,Voluntary Resignation,Travel_Rarely,1146,Sales,8,3,Technical Degree,1,22214,145669,4,Male,97,1,2,Research Scientist,1,Married,5003,5771,1,Y,No,21,3,2,80,0,10,6,3,10,8,8,7,Company Website
26,Voluntary Resignation,Travel_Rarely,1146,Sales,8,3,Medical,1,22216,145671,4,Male,97,1,2,Research Scientist,1,Married,5003,5771,3,Y,No,21,3,2,80,0,10,6,3,10,8,8,7,Company Website
26,Voluntary Resignation,Travel_Rarely,1146,Sales,8,3,Technical Degree,1,22217,145672,4,Male,97,1,2,Research Scientist,1,Married,5003,24785,1,Y,No,21,4,2,80,0,10,6,3,10,8,8,7,Company Website
26,Voluntary Resignation,Travel_Rarely,1146,Sales,8,3,Medical,1,22218,145673,4,Male,97,1,2,Research Scientist,1,Married,5003,26959,3,Y,No,21,4,2,80,0,10,6,3,10,8,8,7,Company Website
26,Voluntary Resignation,Travel_Rarely,1146,Sales,8,3,Technical Degree,1,22222,145677,4,Male,97,1,2,Research Scientist,1,Married,5003,5771,1,Y,No,21,3,2,80,0,10,6,3,10,8,8,7,Company Website
26,Voluntary Resignation,Travel_Rarely,1146,Sales,8,3,Medical,1,22224,145679,4,Male,97,1,2,Research Scientist,1,Married,5003,5771,3,Y,No,21,3,2,80,0,10,6,3,10,8,8,7,Company Website
26,Voluntary Resignation,Travel_Rarely,1146,Sales,8,3,Technical Degree,1,22225,145680,4,Male,97,1,2,Research Scientist,1,Married,5003,24785,1,Y,No,21,4,2,80,0,10,6,3,10,8,8,7,Company Website
26,Voluntary Resignation,Travel_Rarely,1146,Sales,8,3,Medical,1,22226,145681,4,Male,97,1,2,Research Scientist,1,Married,5003,26959,3,Y,No,21,4,2,80,0,10,6,3,10,8,8,7,Company Website
26,Current employee,Travel_Rarely,1443,Sales,23,3,Marketing,1,999,124454,3,Female,47,2,2,Sales Executive,4,Married,4157,21436,7,Y,Yes,19,3,3,80,1,5,2,2,2,2,0,0,Seek
26,Current employee,Travel_Rarely,1443,Sales,23,3,Other,1,1002,124457,3,Female,47,2,2,Sales Executive,4,Married,4157,21436,7,Y,Yes,19,3,3,80,1,5,2,2,2,2,0,0,Seek
26,Current employee,Travel_Rarely,1443,Sales,23,3,Marketing,1,1003,124458,3,Female,47,2,2,Sales Executive,4,Married,4157,21630,7,Y,Yes,19,3,3,80,1,5,2,2,2,2,0,0,Seek
26,Current employee,Travel_Rarely,1443,Sales,23,3,Other,1,1004,124459,3,Female,47,2,2,Sales Executive,4,Married,4157,21436,7,Y,Yes,19,3,3,80,1,5,2,2,2,2,0,0,Adzuna
26,Current employee,Travel_Rarely,1443,Sales,23,3,Marketing,1,1007,124462,3,Female,47,2,2,Sales Executive,4,Married,4157,21436,7,Y,Yes,19,3,3,80,1,5,2,2,2,2,0,0,Seek
26,Current employee,Travel_Rarely,1443,Sales,23,3,Other,1,1010,124465,3,Female,47,2,2,Sales Executive,4,Married,4157,21436,7,Y,Yes,19,3,3,80,1,5,2,2,2,2,0,0,Seek
26,Current employee,Travel_Rarely,1443,Sales,23,3,Marketing,1,1011,124466,3,Female,47,2,2,Sales Executive,4,Married,4157,21630,7,Y,Yes,19,3,3,80,1,5,2,2,2,2,0,0,Seek
26,Current employee,Travel_Rarely,1443,Sales,23,3,Other,1,1012,124467,3,Female,47,2,2,Sales Executive,4,Married,4157,21436,7,Y,Yes,19,3,3,80,1,5,2,2,2,2,0,0,Adzuna
26,Current employee,Travel_Rarely,1355,Human Resources,25,1,Life Sciences,1,1511,124966,1,Male,42,3,1,Laboratory Technician,4,Married,2075,18725,3,Y,No,23,3,2,80,2,10,4,3,4,2,0,3,Company Website
26,Current employee,Travel_Rarely,1355,Human Resources,25,1,Technical Degree,1,1513,124968,1,Male,42,3,1,Laboratory Technician,4,Married,2075,18725,1,Y,No,23,3,2,80,2,10,4,3,4,2,0,3,Company Website
26,Current employee,Travel_Rarely,1355,Human Resources,25,1,Life Sciences,1,1514,124969,1,Male,42,3,1,Laboratory Technician,4,Married,2075,23016,3,Y,No,23,4,2,80,2,10,4,3,4,2,0,3,Company Website
26,Current employee,Travel_Rarely,1355,Human Resources,25,1,Technical Degree,1,1515,124970,1,Male,42,3,1,Laboratory Technician,4,Married,2075,26092,1,Y,No,23,4,2,80,2,10,4,3,4,2,0,3,Company Website
26,Current employee,Travel_Rarely,1355,Human Resources,25,1,Life Sciences,1,1518,124973,1,Male,42,3,1,Laboratory Technician,4,Married,2075,18725,3,Y,No,23,3,2,80,2,10,4,3,4,2,0,3,Company Website
26,Current employee,Travel_Rarely,1355,Human Resources,25,1,Technical Degree,1,1520,124975,1,Male,42,3,1,Laboratory Technician,4,Married,2075,18725,1,Y,No,23,3,2,80,2,10,4,3,4,2,0,3,Company Website
26,Current employee,Travel_Rarely,1355,Human Resources,25,1,Life Sciences,1,1521,124976,1,Male,42,3,1,Laboratory Technician,4,Married,2075,23016,3,Y,No,23,4,2,80,2,10,4,3,4,2,0,3,Company Website
26,Current employee,Travel_Rarely,1355,Human Resources,25,1,Technical Degree,1,1522,124977,1,Male,42,3,1,Laboratory Technician,4,Married,2075,26092,1,Y,No,23,4,2,80,2,10,4,3,4,2,0,3,Company Website
26,Current employee,Travel_Rarely,841,Research & Development,6,3,Other,1,2096,125551,3,Female,46,2,1,Research Scientist,2,Married,2368,23300,1,Y,No,19,3,3,80,0,5,3,2,5,4,4,3,Jora
26,Current employee,Travel_Rarely,841,Research & Development,6,3,Marketing,1,2099,125554,3,Female,46,2,1,Research Scientist,2,Married,2368,23300,3,Y,No,19,3,3,80,0,5,3,2,5,4,4,3,Jora
26,Current employee,Travel_Rarely,841,Research & Development,6,3,Other,1,2100,125555,3,Female,46,2,1,Research Scientist,2,Married,2368,21630,1,Y,No,19,3,3,80,0,5,3,2,5,4,4,3,Jora
26,Current employee,Travel_Rarely,841,Research & Development,6,3,Marketing,1,2101,125556,3,Female,46,2,1,Research Scientist,2,Married,2368,26956,3,Y,No,19,3,3,80,0,5,3,2,5,4,4,3,Recruit.net
26,Current employee,Travel_Rarely,841,Research & Development,6,3,Other,1,2104,125559,3,Female,46,2,1,Research Scientist,2,Married,2368,23300,1,Y,No,19,3,3,80,0,5,3,2,5,4,4,3,Jora
26,Current employee,Travel_Rarely,841,Research & Development,6,3,Marketing,1,2107,125562,3,Female,46,2,1,Research Scientist,2,Married,2368,23300,3,Y,No,19,3,3,80,0,5,3,2,5,4,4,3,Jora
26,Current employee,Travel_Rarely,841,Research & Development,6,3,Other,1,2108,125563,3,Female,46,2,1,Research Scientist,2,Married,2368,21630,1,Y,No,19,3,3,80,0,5,3,2,5,4,4,3,Jora
26,Current employee,Travel_Rarely,841,Research & Development,6,3,Marketing,1,2109,125564,3,Female,46,2,1,Research Scientist,2,Married,2368,26956,3,Y,No,19,3,3,80,0,5,3,2,5,4,4,3,Recruit.net
26,Current employee,Travel_Rarely,1355,Human Resources,25,1,Life Sciences,1,2240,125695,3,Female,61,3,1,Human Resources,3,Married,2942,8916,1,Y,No,23,3,4,80,1,8,3,3,8,7,5,7,Company Website
26,Current employee,Travel_Rarely,1355,Human Resources,25,1,Technical Degree,1,2243,125698,3,Female,61,3,1,Human Resources,3,Married,2942,8916,0,Y,No,23,3,4,80,1,8,3,3,8,7,5,7,Company Website
26,Current employee,Travel_Rarely,1355,Human Resources,25,1,Life Sciences,1,2244,125699,3,Female,61,3,1,Human Resources,3,Married,2942,21632,1,Y,No,23,4,4,80,1,8,3,3,8,7,5,7,Company Website
26,Current employee,Travel_Rarely,1355,Human Resources,25,1,Technical Degree,1,2245,125700,3,Female,61,3,1,Human Resources,3,Married,2942,25233,0,Y,No,23,4,4,80,1,8,3,3,8,7,5,7,Company Website
26,Current employee,Travel_Rarely,1355,Human Resources,25,1,Life Sciences,1,2248,125703,3,Female,61,3,1,Human Resources,3,Married,2942,8916,1,Y,No,23,3,4,80,1,8,3,3,8,7,5,7,Company Website
26,Current employee,Travel_Rarely,1355,Human Resources,25,1,Technical Degree,1,2251,125706,3,Female,61,3,1,Human Resources,3,Married,2942,8916,0,Y,No,23,3,4,80,1,8,3,3,8,7,5,7,Company Website
26,Current employee,Travel_Rarely,1355,Human Resources,25,1,Life Sciences,1,2252,125707,3,Female,61,3,1,Human Resources,3,Married,2942,21632,1,Y,No,23,4,4,80,1,8,3,3,8,7,5,7,Company Website
26,Current employee,Travel_Rarely,1355,Human Resources,25,1,Technical Degree,1,2253,125708,3,Female,61,3,1,Human Resources,3,Married,2942,25233,0,Y,No,23,4,4,80,1,8,3,3,8,7,5,7,Company Website
26,Current employee,Travel_Frequently,1479,Research & Development,1,3,Life Sciences,1,2352,125807,1,Male,43,3,1,Research Scientist,4,Single,3452,9752,5,Y,No,13,3,2,80,0,9,2,2,6,5,0,3,Company Website
26,Current employee,Travel_Frequently,1479,Research & Development,1,3,Life Sciences,1,2353,125808,1,Male,43,3,1,Research Scientist,4,Single,3452,9752,2,Y,No,13,4,2,80,0,9,2,2,6,5,0,3,Company Website
26,Current employee,Travel_Frequently,1479,Research & Development,1,3,Life Sciences,1,2355,125810,1,Male,43,3,1,Research Scientist,4,Single,3452,23016,5,Y,No,13,3,2,80,0,9,2,2,6,5,0,3,Company Website
26,Current employee,Travel_Frequently,1479,Research & Development,1,3,Life Sciences,1,2356,125811,1,Male,43,3,1,Research Scientist,4,Single,3452,26820,2,Y,No,13,3,2,80,0,9,2,2,6,5,0,3,Company Website
26,Current employee,Travel_Frequently,1479,Research & Development,1,3,Life Sciences,1,2360,125815,1,Male,43,3,1,Research Scientist,4,Single,3452,9752,5,Y,No,13,3,2,80,0,9,2,2,6,5,0,3,Company Website
26,Current employee,Travel_Frequently,1479,Research & Development,1,3,Life Sciences,1,2361,125816,1,Male,43,3,1,Research Scientist,4,Single,3452,9752,2,Y,No,13,4,2,80,0,9,2,2,6,5,0,3,Company Website
26,Current employee,Travel_Frequently,1479,Research & Development,1,3,Life Sciences,1,2363,125818,1,Male,43,3,1,Research Scientist,4,Single,3452,23016,5,Y,No,13,3,2,80,0,9,2,2,6,5,0,3,Company Website
26,Current employee,Travel_Frequently,1479,Research & Development,1,3,Life Sciences,1,2364,125819,1,Male,43,3,1,Research Scientist,4,Single,3452,26820,2,Y,No,13,3,2,80,0,9,2,2,6,5,0,3,Company Website
26,Current employee,Travel_Rarely,933,Sales,1,3,Life Sciences,1,2833,126288,1,Male,45,3,1,Laboratory Technician,2,Single,2088,15062,4,Y,No,12,4,3,80,0,13,3,2,8,7,7,2,Company Website
26,Current employee,Travel_Rarely,933,Sales,1,3,Life Sciences,1,2834,126289,1,Male,45,3,1,Laboratory Technician,2,Single,2088,15062,1,Y,No,12,3,3,80,0,13,3,2,8,7,7,2,Company Website
26,Current employee,Travel_Rarely,933,Sales,1,3,Life Sciences,1,2836,126291,1,Male,45,3,1,Laboratory Technician,2,Single,2088,23213,4,Y,No,12,3,3,80,0,13,3,2,8,7,7,2,Company Website
26,Current employee,Travel_Rarely,933,Sales,1,3,Life Sciences,1,2837,126292,1,Male,45,3,1,Laboratory Technician,2,Single,2088,25308,1,Y,No,12,3,3,80,0,13,3,2,8,7,7,2,Company Website
26,Current employee,Travel_Rarely,933,Sales,1,3,Life Sciences,1,2841,126296,1,Male,45,3,1,Laboratory Technician,2,Single,2088,15062,4,Y,No,12,4,3,80,0,13,3,2,8,7,7,2,Company Website
26,Current employee,Travel_Rarely,933,Sales,1,3,Life Sciences,1,2842,126297,1,Male,45,3,1,Laboratory Technician,2,Single,2088,15062,1,Y,No,12,3,3,80,0,13,3,2,8,7,7,2,Company Website
26,Current employee,Travel_Rarely,933,Sales,1,3,Life Sciences,1,2844,126299,1,Male,45,3,1,Laboratory Technician,2,Single,2088,23213,4,Y,No,12,3,3,80,0,13,3,2,8,7,7,2,Company Website
26,Current employee,Travel_Rarely,933,Sales,1,3,Life Sciences,1,2845,126300,1,Male,45,3,1,Laboratory Technician,2,Single,2088,25308,1,Y,No,12,3,3,80,0,13,3,2,8,7,7,2,Company Website
26,Current employee,Travel_Rarely,1349,Research & Development,23,3,Life Sciences,1,3236,126691,1,Female,46,3,2,Manufacturing Director,3,Divorced,5265,16439,2,Y,No,16,3,2,80,1,11,5,3,5,3,0,2,Adzuna
26,Current employee,Travel_Rarely,1349,Research & Development,23,3,Other,1,3238,126693,1,Female,46,3,2,Manufacturing Director,3,Divorced,5265,16439,1,Y,No,16,3,2,80,1,11,5,3,5,3,0,2,Adzuna
26,Current employee,Travel_Rarely,1349,Research & Development,23,3,Life Sciences,1,3239,126694,1,Female,46,3,2,Manufacturing Director,3,Divorced,5265,23213,2,Y,No,16,3,2,80,1,11,5,3,5,3,0,2,Adzuna
26,Current employee,Travel_Rarely,1349,Research & Development,23,3,Other,1,3240,126695,1,Female,46,3,2,Manufacturing Director,3,Divorced,5265,26551,1,Y,No,16,3,2,80,1,11,5,3,5,3,0,2,Adzuna
26,Current employee,Travel_Rarely,1349,Research & Development,23,3,Life Sciences,1,3244,126699,1,Female,46,3,2,Manufacturing Director,3,Divorced,5265,16439,2,Y,No,16,3,2,80,1,11,5,3,5,3,0,2,Adzuna
26,Current employee,Travel_Rarely,1349,Research & Development,23,3,Other,1,3246,126701,1,Female,46,3,2,Manufacturing Director,3,Divorced,5265,16439,1,Y,No,16,3,2,80,1,11,5,3,5,3,0,2,Adzuna
26,Current employee,Travel_Rarely,1349,Research & Development,23,3,Life Sciences,1,3247,126702,1,Female,46,3,2,Manufacturing Director,3,Divorced,5265,23213,2,Y,No,16,3,2,80,1,11,5,3,5,3,0,2,Adzuna
26,Current employee,Travel_Rarely,1349,Research & Development,23,3,Other,1,3248,126703,1,Female,46,3,2,Manufacturing Director,3,Divorced,2121,23522,1,Y,Yes,13,3,2,80,0,1,3,4,1,0,0,0,Indeed
26,Current employee,Travel_Rarely,991,Research & Development,6,3,Life Sciences,1,3750,127205,1,Male,47,2,1,Research Scientist,4,Single,2389,14961,1,Y,Yes,13,3,3,80,0,4,3,2,4,3,0,1,LinkedIn
26,Current employee,Travel_Rarely,991,Research & Development,6,3,Marketing,1,3751,127206,1,Male,47,2,1,Research Scientist,4,Single,2389,14961,3,Y,Yes,13,3,3,80,0,4,3,2,4,3,0,1,LinkedIn
26,Current employee,Travel_Rarely,991,Research & Development,6,3,Life Sciences,1,3753,127208,1,Male,47,2,1,Research Scientist,4,Single,2389,23281,1,Y,Yes,13,3,3,80,0,4,3,2,4,3,0,1,LinkedIn
26,Current employee,Travel_Rarely,991,Research & Development,6,3,Marketing,1,3754,127209,1,Male,47,2,1,Research Scientist,4,Single,2389,26956,3,Y,Yes,13,3,3,80,0,4,3,2,4,3,0,1,Indeed
26,Current employee,Travel_Rarely,991,Research & Development,6,3,Life Sciences,1,3758,127213,1,Male,47,2,1,Research Scientist,4,Single,2389,14961,1,Y,Yes,13,3,3,80,0,4,3,2,4,3,0,1,LinkedIn
26,Current employee,Travel_Rarely,991,Research & Development,6,3,Marketing,1,3759,127214,1,Male,47,2,1,Research Scientist,4,Single,2389,14961,3,Y,Yes,13,3,3,80,0,4,3,2,4,3,0,1,LinkedIn
26,Current employee,Travel_Rarely,991,Research & Development,6,3,Life Sciences,1,3761,127216,1,Male,47,2,1,Research Scientist,4,Single,2389,23281,1,Y,Yes,13,3,3,80,0,4,3,2,4,3,0,1,LinkedIn
26,Current employee,Travel_Rarely,991,Research & Development,6,3,Marketing,1,3762,127217,1,Male,47,2,1,Research Scientist,4,Single,2389,26956,3,Y,Yes,13,3,3,80,0,4,3,2,4,3,0,1,Indeed
26,Current employee,Travel_Frequently,575,Research & Development,1,2,Life Sciences,1,4166,127621,1,Female,48,3,2,Manufacturing Director,3,Married,4898,7505,0,Y,No,12,3,4,80,2,5,3,3,4,2,1,2,Adzuna
26,Current employee,Travel_Frequently,575,Research & Development,1,2,Life Sciences,1,4168,127623,1,Female,48,3,2,Manufacturing Director,3,Married,4898,7505,1,Y,No,12,3,4,80,2,5,3,3,4,2,1,2,Adzuna
26,Current employee,Travel_Frequently,575,Research & Development,1,2,Life Sciences,1,4171,127626,1,Female,48,3,2,Manufacturing Director,3,Married,4898,23300,0,Y,No,12,3,4,80,2,5,3,3,4,2,1,2,Adzuna
26,Current employee,Travel_Frequently,575,Research & Development,1,2,Life Sciences,1,4172,127627,1,Female,48,3,2,Manufacturing Director,3,Married,4898,26312,1,Y,No,12,3,4,80,2,5,3,3,4,2,1,2,Adzuna
26,Current employee,Travel_Frequently,575,Research & Development,1,2,Life Sciences,1,4174,127629,1,Female,48,3,2,Manufacturing Director,3,Married,4898,7505,0,Y,No,12,3,4,80,2,5,3,3,4,2,1,2,Adzuna
26,Current employee,Travel_Frequently,575,Research & Development,1,2,Life Sciences,1,4176,127631,1,Female,48,3,2,Manufacturing Director,3,Married,4898,7505,1,Y,No,12,3,4,80,2,5,3,3,4,2,1,2,Adzuna
26,Current employee,Travel_Frequently,575,Research & Development,1,2,Life Sciences,1,4179,127634,1,Female,48,3,2,Manufacturing Director,3,Married,4898,23300,0,Y,No,12,3,4,80,2,5,3,3,4,2,1,2,Adzuna
26,Current employee,Travel_Frequently,575,Research & Development,1,2,Life Sciences,1,4180,127635,1,Female,48,3,2,Manufacturing Director,3,Married,8392,23343,1,Y,No,16,3,3,80,1,10,2,3,10,7,0,7,Company Website
26,Current employee,Travel_Frequently,1479,Research & Development,1,3,Life Sciences,1,4538,127993,3,Female,84,3,2,Manufacturing Director,2,Divorced,6397,26767,1,Y,No,20,3,1,80,1,6,6,1,6,5,1,4,Jora
26,Current employee,Travel_Frequently,1479,Research & Development,1,3,Human Resources,1,4540,127995,3,Female,84,3,2,Manufacturing Director,2,Divorced,6397,26767,1,Y,No,20,3,1,80,1,6,6,1,6,5,1,4,Jora
26,Current employee,Travel_Frequently,1479,Research & Development,1,3,Life Sciences,1,4542,127997,3,Female,84,3,2,Manufacturing Director,2,Divorced,6397,21632,1,Y,No,20,4,1,80,1,6,6,1,6,5,1,4,Jora
26,Current employee,Travel_Frequently,1479,Research & Development,1,3,Human Resources,1,4543,127998,3,Female,84,3,2,Manufacturing Director,2,Divorced,6397,26308,1,Y,No,20,4,1,80,1,6,6,1,6,5,1,4,Jora
26,Current employee,Travel_Frequently,1479,Research & Development,1,3,Life Sciences,1,4546,128001,3,Female,84,3,2,Manufacturing Director,2,Divorced,6397,26767,1,Y,No,20,3,1,80,1,6,6,1,6,5,1,4,Jora
26,Current employee,Travel_Frequently,1479,Research & Development,1,3,Human Resources,1,4548,128003,3,Female,84,3,2,Manufacturing Director,2,Divorced,6397,26767,1,Y,No,20,3,1,80,1,6,6,1,6,5,1,4,Jora
26,Current employee,Travel_Frequently,1479,Research & Development,1,3,Life Sciences,1,4550,128005,3,Female,84,3,2,Manufacturing Director,2,Divorced,6397,21632,1,Y,No,20,4,1,80,1,6,6,1,6,5,1,4,Jora
26,Current employee,Travel_Frequently,1479,Research & Development,1,3,Human Resources,1,4551,128006,3,Female,84,3,2,Manufacturing Director,2,Divorced,6118,23300,1,Y,No,13,3,3,80,3,10,2,3,10,9,1,2,Company Website
26,Current employee,Travel_Frequently,496,Research & Development,11,2,Medical,1,4640,128095,1,Male,60,3,2,Healthcare Representative,1,Married,4741,22722,1,Y,Yes,13,3,3,80,1,5,3,3,5,3,3,3,Recruit.net
26,Current employee,Travel_Frequently,496,Research & Development,11,2,Medical,1,4642,128097,1,Male,60,3,2,Healthcare Representative,1,Married,4741,22722,0,Y,Yes,13,3,3,80,1,5,3,3,5,3,3,3,Recruit.net
26,Current employee,Travel_Frequently,496,Research & Development,11,2,Medical,1,4644,128099,1,Male,60,3,2,Healthcare Representative,1,Married,4741,21653,1,Y,Yes,13,3,3,80,1,5,3,3,5,3,3,3,Recruit.net
26,Current employee,Travel_Frequently,496,Research & Development,11,2,Medical,1,4645,128100,1,Male,60,3,2,Healthcare Representative,1,Married,4741,24812,0,Y,Yes,13,3,3,80,1,5,3,3,5,3,3,3,Recruit.net
26,Current employee,Travel_Frequently,496,Research & Development,11,2,Medical,1,4648,128103,1,Male,60,3,2,Healthcare Representative,1,Married,4741,22722,1,Y,Yes,13,3,3,80,1,5,3,3,5,3,3,3,Recruit.net
26,Current employee,Travel_Frequently,496,Research & Development,11,2,Medical,1,4650,128105,1,Male,60,3,2,Healthcare Representative,1,Married,4741,22722,0,Y,Yes,13,3,3,80,1,5,3,3,5,3,3,3,Recruit.net
26,Current employee,Travel_Frequently,496,Research & Development,11,2,Medical,1,4652,128107,1,Male,60,3,2,Healthcare Representative,1,Married,4741,21653,1,Y,Yes,13,3,3,80,1,5,3,3,5,3,3,3,Recruit.net
26,Current employee,Travel_Frequently,496,Research & Development,11,2,Medical,1,4653,128108,1,Male,60,3,2,Healthcare Representative,1,Married,4741,24812,0,Y,Yes,13,3,3,80,1,5,3,3,5,3,3,3,Recruit.net
26,Current employee,Travel_Rarely,933,Sales,1,3,Life Sciences,1,5749,129204,3,Male,57,3,2,Sales Executive,3,Married,5296,20156,1,Y,No,17,4,2,80,1,8,3,3,8,7,7,7,Seek
26,Current employee,Travel_Rarely,933,Sales,1,3,Human Resources,1,5751,129206,3,Male,57,3,2,Sales Executive,3,Married,5296,20156,4,Y,No,17,3,2,80,1,8,3,3,8,7,7,7,Seek
26,Current employee,Travel_Rarely,933,Sales,1,3,Life Sciences,1,5753,129208,3,Male,57,3,2,Sales Executive,3,Married,5296,21821,1,Y,No,17,3,2,80,1,8,3,3,8,7,7,7,Seek
26,Current employee,Travel_Rarely,933,Sales,1,3,Human Resources,1,5754,129209,3,Male,57,3,2,Sales Executive,3,Married,5296,20156,4,Y,No,17,3,2,80,1,8,3,3,8,7,7,7,Jora
26,Current employee,Travel_Rarely,933,Sales,1,3,Life Sciences,1,5757,129212,3,Male,57,3,2,Sales Executive,3,Married,5296,20156,1,Y,No,17,4,2,80,1,8,3,3,8,7,7,7,Seek
26,Current employee,Travel_Rarely,933,Sales,1,3,Human Resources,1,5759,129214,3,Male,57,3,2,Sales Executive,3,Married,5296,20156,4,Y,No,17,3,2,80,1,8,3,3,8,7,7,7,Seek
26,Current employee,Travel_Rarely,933,Sales,1,3,Life Sciences,1,5761,129216,3,Male,57,3,2,Sales Executive,3,Married,5296,21821,1,Y,No,17,3,2,80,1,8,3,3,8,7,7,7,Seek
26,Current employee,Travel_Rarely,933,Sales,1,3,Human Resources,1,5762,129217,3,Male,57,3,2,Sales Executive,3,Married,5296,20156,4,Y,No,17,3,2,80,1,8,3,3,8,7,7,7,Jora
26,Current employee,Travel_Rarely,583,Research & Development,4,2,Life Sciences,1,6515,129970,2,Male,55,4,3,Sales Executive,1,Married,8392,19566,1,Y,No,16,3,3,80,1,10,2,3,10,7,0,7,Company Website
26,Current employee,Travel_Rarely,583,Research & Development,4,2,Life Sciences,1,6517,129972,2,Male,55,4,3,Sales Executive,1,Married,8392,19566,5,Y,No,16,4,3,80,1,10,2,3,10,7,0,7,Company Website
26,Current employee,Travel_Rarely,583,Research & Development,4,2,Life Sciences,1,6518,129973,2,Male,55,4,3,Sales Executive,1,Married,8392,23343,1,Y,No,16,3,3,80,1,10,2,3,10,7,0,7,Company Website
26,Current employee,Travel_Rarely,583,Research & Development,4,2,Life Sciences,1,6519,129974,2,Male,55,4,3,Sales Executive,1,Married,8392,19566,5,Y,No,16,3,3,80,1,10,2,3,10,7,0,7,Company Website
26,Current employee,Travel_Rarely,583,Research & Development,4,2,Life Sciences,1,6523,129978,2,Male,55,4,3,Sales Executive,1,Married,8392,19566,1,Y,No,16,3,3,80,1,10,2,3,10,7,0,7,Company Website
26,Current employee,Travel_Rarely,583,Research & Development,4,2,Life Sciences,1,6525,129980,2,Male,55,4,3,Sales Executive,1,Married,8392,19566,5,Y,No,16,4,3,80,1,10,2,3,10,7,0,7,Company Website
26,Current employee,Travel_Rarely,583,Research & Development,4,2,Life Sciences,1,6526,129981,2,Male,55,4,3,Sales Executive,1,Married,8392,23343,1,Y,No,16,3,3,80,1,10,2,3,10,7,0,7,Company Website
26,Current employee,Travel_Rarely,583,Research & Development,4,2,Life Sciences,1,6527,129982,2,Male,55,4,3,Sales Executive,1,Married,8392,19566,5,Y,No,16,3,3,80,1,10,2,3,10,7,0,7,Company Website
26,Current employee,Travel_Rarely,1349,Research & Development,23,3,Life Sciences,1,6746,130201,1,Female,90,3,1,Research Scientist,4,Divorced,2886,3032,1,Y,No,22,3,2,80,2,3,3,1,3,2,0,2,Company Website
26,Current employee,Travel_Rarely,1349,Research & Development,23,3,Other,1,6749,130204,1,Female,90,3,1,Research Scientist,4,Divorced,2886,3032,4,Y,No,22,4,2,80,2,3,3,1,3,2,0,2,Company Website
26,Current employee,Travel_Rarely,1349,Research & Development,23,3,Life Sciences,1,6750,130205,1,Female,90,3,1,Research Scientist,4,Divorced,2886,21972,1,Y,No,22,4,2,80,2,3,3,1,3,2,0,2,Company Website
26,Current employee,Travel_Rarely,1349,Research & Development,23,3,Other,1,6751,130206,1,Female,90,3,1,Research Scientist,4,Divorced,2886,26999,4,Y,No,22,4,2,80,2,3,3,1,3,2,0,2,LinkedIn
26,Current employee,Travel_Rarely,1349,Research & Development,23,3,Other,1,6756,130211,1,Female,90,3,1,Research Scientist,4,Divorced,2886,3032,4,Y,No,22,4,2,80,2,3,3,1,3,2,0,2,Company Website
26,Current employee,Travel_Rarely,1349,Research & Development,23,3,Life Sciences,1,6757,130212,1,Female,90,3,1,Research Scientist,4,Divorced,2886,21972,1,Y,No,22,4,2,80,2,3,3,1,3,2,0,2,Company Website
26,Current employee,Travel_Rarely,1349,Research & Development,23,3,Other,1,6758,130213,1,Female,90,3,1,Research Scientist,4,Divorced,2886,26999,4,Y,No,22,4,2,80,2,3,3,1,3,2,0,2,LinkedIn
26,Current employee,Travel_Rarely,775,Sales,29,2,Medical,1,7390,130845,1,Male,45,3,2,Sales Executive,3,Divorced,4306,4267,5,Y,No,12,3,1,80,2,8,5,3,0,0,0,0,Seek
26,Current employee,Travel_Rarely,775,Sales,29,2,Technical Degree,1,7393,130848,1,Male,45,3,2,Sales Executive,3,Divorced,4306,4267,8,Y,No,12,3,1,80,2,8,5,3,0,0,0,0,Seek
26,Current employee,Travel_Rarely,775,Sales,29,2,Medical,1,7394,130849,1,Male,45,3,2,Sales Executive,3,Divorced,4306,22052,5,Y,No,,3,1,80,2,8,5,3,,0,0,0,Seek
26,Current employee,Travel_Rarely,775,Sales,29,2,Technical Degree,1,7395,130850,1,Male,45,3,2,Sales Executive,3,Divorced,4306,4267,8,Y,No,12,3,1,80,2,8,5,3,0,0,0,0,Company Website
26,Current employee,Travel_Rarely,775,Sales,29,2,Medical,1,7398,130853,1,Male,45,3,2,Sales Executive,3,Divorced,4306,4267,5,Y,No,12,3,1,80,2,8,5,3,0,0,0,0,Seek
26,Current employee,Travel_Rarely,775,Sales,29,2,Technical Degree,1,7400,130855,1,Male,45,3,2,Sales Executive,3,Divorced,4306,4267,8,Y,No,12,3,1,80,2,8,5,3,0,0,0,0,Seek
26,Current employee,Travel_Rarely,775,Sales,29,2,Medical,1,7401,130856,1,Male,45,3,2,Sales Executive,3,Divorced,4306,22052,5,Y,No,12,3,1,80,2,8,5,3,0,0,0,0,Seek
26,Current employee,Travel_Rarely,775,Sales,29,2,Technical Degree,1,7402,130857,1,Male,45,3,2,Sales Executive,3,Divorced,4306,4267,8,Y,No,12,3,1,80,2,8,5,3,0,0,0,0,Company Website
26,Current employee,Travel_Rarely,703,Sales,28,2,Marketing,1,7621,131076,1,Male,66,3,2,Sales Executive,2,Married,6272,7428,1,Y,No,20,3,4,80,2,6,5,4,5,3,1,4,Adzuna
26,Current employee,Travel_Rarely,703,Sales,28,2,Technical Degree,1,7624,131079,1,Male,66,3,2,Sales Executive,2,Married,6272,7428,8,Y,No,20,3,4,80,2,6,5,4,5,3,1,4,Adzuna
26,Current employee,Travel_Rarely,703,Sales,28,2,Marketing,1,7625,131080,1,Male,66,3,2,Sales Executive,2,Married,6272,22149,1,Y,No,20,4,4,80,2,6,5,4,5,3,1,4,Adzuna
26,Current employee,Travel_Rarely,703,Sales,28,2,Technical Degree,1,7626,131081,1,Male,66,3,2,Sales Executive,2,Married,6272,7428,8,Y,No,20,4,4,80,2,6,5,4,5,3,1,4,Indeed
26,Current employee,Travel_Rarely,703,Sales,28,2,Marketing,1,7629,131084,1,Male,66,3,2,Sales Executive,2,Married,6272,7428,1,Y,No,20,3,4,80,2,6,5,4,5,3,1,4,Adzuna
26,Current employee,Travel_Rarely,703,Sales,28,2,Technical Degree,1,7632,131087,1,Male,66,3,2,Sales Executive,2,Married,6272,7428,8,Y,No,20,3,4,80,2,6,5,4,5,3,1,4,Adzuna
26,Current employee,Travel_Rarely,703,Sales,28,2,Marketing,1,7633,131088,1,Male,66,3,2,Sales Executive,2,Married,6272,22149,1,Y,No,20,4,4,80,2,6,5,4,5,3,1,4,Adzuna
26,Current employee,Travel_Rarely,703,Sales,28,2,Technical Degree,1,7634,131089,1,Male,66,3,2,Sales Executive,2,Married,6272,7428,8,Y,No,20,4,4,80,2,6,5,4,5,3,1,4,Indeed
26,Current employee,Travel_Rarely,474,Research & Development,3,3,Life Sciences,1,7897,131352,2,Female,58,2,2,Human Resources,3,Single,5985,26894,4,Y,No,11,4,2,80,0,10,1,4,2,2,0,2,Recruit.net
26,Current employee,Travel_Rarely,474,Research & Development,3,3,Life Sciences,1,7899,131354,2,Female,58,2,2,Human Resources,3,Single,5985,26894,0,Y,No,11,3,2,80,0,10,1,4,2,2,0,2,Recruit.net
26,Current employee,Travel_Rarely,474,Research & Development,3,3,Life Sciences,1,7900,131355,2,Female,58,2,2,Human Resources,3,Single,5985,23352,4,Y,No,11,3,2,80,0,10,1,4,2,2,0,2,Recruit.net
26,Current employee,Travel_Rarely,474,Research & Development,3,3,Life Sciences,1,7901,131356,2,Female,58,2,2,Human Resources,3,Single,5985,24835,0,Y,No,11,3,2,80,0,10,1,4,2,2,0,2,Recruit.net
26,Current employee,Travel_Rarely,474,Research & Development,3,3,Life Sciences,1,7905,131360,2,Female,58,2,2,Human Resources,3,Single,5985,26894,4,Y,No,11,4,2,80,0,10,1,4,2,2,0,2,Recruit.net
26,Current employee,Travel_Rarely,474,Research & Development,3,3,Life Sciences,1,7907,131362,2,Female,58,2,2,Human Resources,3,Single,5985,26894,0,Y,No,11,3,2,80,0,10,1,4,2,2,0,2,Recruit.net
26,Current employee,Travel_Rarely,474,Research & Development,3,3,Life Sciences,1,7908,131363,2,Female,58,2,2,Human Resources,3,Single,5985,23352,4,Y,No,11,3,2,80,0,10,1,4,2,2,0,2,Recruit.net
26,Current employee,Travel_Rarely,474,Research & Development,3,3,Life Sciences,1,7909,131364,2,Female,58,2,2,Human Resources,3,Single,5985,24835,0,Y,No,11,3,2,80,0,10,1,4,2,2,0,2,Recruit.net
26,Current employee,Travel_Rarely,991,Research & Development,6,3,Life Sciences,1,8087,131542,3,Female,71,3,1,Laboratory Technician,4,Married,2659,17759,1,Y,Yes,13,3,3,80,1,3,2,3,3,2,0,2,Company Website
26,Current employee,Travel_Rarely,991,Research & Development,6,3,Marketing,1,8089,131544,3,Female,71,3,1,Laboratory Technician,4,Married,2659,17759,1,Y,Yes,13,3,3,80,1,3,2,3,3,2,0,2,Company Website
26,Current employee,Travel_Rarely,991,Research & Development,6,3,Life Sciences,1,8091,131546,3,Female,71,3,1,Laboratory Technician,4,Married,2659,22149,1,Y,Yes,13,3,3,80,1,3,2,3,3,2,0,2,Company Website
26,Current employee,Travel_Rarely,991,Research & Development,6,3,Marketing,1,8092,131547,3,Female,71,3,1,Laboratory Technician,4,Married,2659,25388,1,Y,Yes,13,3,3,80,1,3,2,3,3,2,0,2,Company Website
26,Current employee,Travel_Rarely,991,Research & Development,6,3,Life Sciences,1,8095,131550,3,Female,71,3,1,Laboratory Technician,4,Married,2659,17759,1,Y,Yes,13,3,3,80,1,3,2,3,3,2,0,2,Company Website
26,Current employee,Travel_Rarely,991,Research & Development,6,3,Marketing,1,8097,131552,3,Female,71,3,1,Laboratory Technician,4,Married,2659,17759,1,Y,Yes,13,3,3,80,1,3,2,3,3,2,0,2,Company Website
26,Current employee,Travel_Rarely,991,Research & Development,6,3,Life Sciences,1,8099,131554,3,Female,71,3,1,Laboratory Technician,4,Married,2659,22149,1,Y,Yes,13,3,3,80,1,3,2,3,3,2,0,2,Company Website
26,Current employee,Travel_Rarely,991,Research & Development,6,3,Marketing,1,8100,131555,3,Female,71,3,1,Laboratory Technician,4,Married,2659,25388,1,Y,Yes,13,3,3,80,1,3,2,3,3,2,0,2,Company Website
26,Current employee,Travel_Frequently,575,Research & Development,1,2,Life Sciences,1,9175,132630,1,Female,71,1,1,Laboratory Technician,4,Divorced,4364,5288,3,Y,No,14,4,1,80,1,5,2,3,2,2,2,0,Jora
26,Current employee,Travel_Frequently,575,Research & Development,1,2,Life Sciences,1,9177,132632,1,Female,71,1,1,Laboratory Technician,4,Divorced,4364,5288,0,Y,No,14,4,1,80,1,5,2,3,2,2,2,0,Jora
26,Current employee,Travel_Frequently,575,Research & Development,1,2,Life Sciences,1,9179,132634,1,Female,71,1,1,Laboratory Technician,4,Divorced,4364,22384,3,Y,No,14,3,1,80,1,5,2,3,2,2,2,0,Jora
26,Current employee,Travel_Frequently,575,Research & Development,1,2,Life Sciences,1,9180,132635,1,Female,71,1,1,Laboratory Technician,4,Divorced,4364,25265,0,Y,No,14,3,1,80,1,5,2,3,2,2,2,0,Jora
26,Current employee,Travel_Frequently,575,Research & Development,1,2,Life Sciences,1,9183,132638,1,Female,71,1,1,Laboratory Technician,4,Divorced,4364,5288,3,Y,No,14,4,1,80,1,5,2,3,2,2,2,0,Jora
26,Current employee,Travel_Frequently,575,Research & Development,1,2,Life Sciences,1,9185,132640,1,Female,71,1,1,Laboratory Technician,4,Divorced,4364,5288,0,Y,No,14,4,1,80,1,5,2,3,2,2,2,0,Jora
26,Current employee,Travel_Frequently,575,Research & Development,1,2,Life Sciences,1,9187,132642,1,Female,71,1,1,Laboratory Technician,4,Divorced,4364,22384,3,Y,No,14,3,1,80,1,5,2,3,2,2,2,0,Jora
26,Current employee,Travel_Frequently,575,Research & Development,1,2,Life Sciences,1,9188,132643,1,Female,71,1,1,Laboratory Technician,4,Divorced,4364,25265,0,Y,No,14,3,1,80,1,5,2,3,2,2,2,0,Jora
26,Current employee,Travel_Rarely,482,Research & Development,1,2,Life Sciences,1,9429,132884,3,Female,62,3,2,Laboratory Technician,3,Married,3149,21821,8,Y,No,20,3,2,80,1,9,3,3,5,2,1,4,Adzuna
26,Current employee,Travel_Rarely,482,Research & Development,1,2,Life Sciences,1,9430,132885,3,Female,62,3,2,Laboratory Technician,3,Married,3149,21821,1,Y,No,20,4,2,80,1,9,3,3,5,2,1,4,Adzuna
26,Current employee,Travel_Rarely,482,Research & Development,1,2,Life Sciences,1,9432,132887,3,Female,62,3,2,Laboratory Technician,3,Married,3149,23352,8,Y,No,20,4,2,80,1,9,3,3,5,2,1,4,Adzuna
26,Current employee,Travel_Rarely,482,Research & Development,1,2,Life Sciences,1,9433,132888,3,Female,62,3,2,Laboratory Technician,3,Married,3149,25326,1,Y,No,20,4,2,80,1,9,3,3,5,2,1,4,Adzuna
26,Current employee,Travel_Rarely,482,Research & Development,1,2,Life Sciences,1,9437,132892,3,Female,62,3,2,Laboratory Technician,3,Married,3149,21821,8,Y,No,20,3,2,80,1,9,3,3,5,2,1,4,Adzuna
26,Current employee,Travel_Rarely,482,Research & Development,1,2,Life Sciences,1,9438,132893,3,Female,62,3,2,Laboratory Technician,3,Married,3149,21821,1,Y,No,20,4,2,80,1,9,3,3,5,2,1,4,Adzuna
26,Current employee,Travel_Rarely,482,Research & Development,1,2,Life Sciences,1,9440,132895,3,Female,62,3,2,Laboratory Technician,3,Married,3149,23352,8,Y,No,20,4,2,80,1,9,3,3,5,2,1,4,Adzuna
26,Current employee,Travel_Rarely,482,Research & Development,1,2,Life Sciences,1,9441,132896,3,Female,62,3,2,Laboratory Technician,3,Married,3149,25326,1,Y,No,20,4,2,80,1,9,3,3,5,2,1,4,Adzuna
26,Current employee,Travel_Rarely,1443,Sales,23,3,Marketing,1,10272,133727,3,Male,65,2,1,Laboratory Technician,4,Married,3162,10778,0,Y,No,17,3,4,80,0,6,2,2,5,2,3,4,Seek
26,Current employee,Travel_Rarely,1443,Sales,23,3,Other,1,10274,133729,3,Male,65,2,1,Laboratory Technician,4,Married,3162,10778,1,Y,No,17,3,4,80,0,6,2,2,5,2,3,4,Seek
26,Current employee,Travel_Rarely,1443,Sales,23,3,Marketing,1,10277,133732,3,Male,65,2,1,Laboratory Technician,4,Married,3162,23428,0,Y,No,17,3,4,80,0,6,2,2,5,2,3,4,Seek
26,Current employee,Travel_Rarely,1443,Sales,23,3,Other,1,10278,133733,3,Male,65,2,1,Laboratory Technician,4,Married,3162,25479,1,Y,No,17,3,4,80,0,6,2,2,5,2,3,4,Seek
26,Current employee,Travel_Rarely,1443,Sales,23,3,Marketing,1,10280,133735,3,Male,65,2,1,Laboratory Technician,4,Married,3162,10778,0,Y,No,17,3,4,80,0,6,2,2,5,2,3,4,Seek
26,Current employee,Travel_Rarely,1443,Sales,23,3,Other,1,10282,133737,3,Male,65,2,1,Laboratory Technician,4,Married,3162,10778,1,Y,No,17,3,4,80,0,6,2,2,5,2,3,4,Seek
26,Current employee,Travel_Rarely,1443,Sales,23,3,Marketing,1,10285,133740,3,Male,65,2,1,Laboratory Technician,4,Married,3162,23428,0,Y,No,17,3,4,80,0,6,2,2,5,2,3,4,Seek
26,Current employee,Travel_Rarely,1443,Sales,23,3,Other,1,10286,133741,3,Male,65,2,1,Laboratory Technician,4,Married,3162,25479,1,Y,No,17,3,4,80,0,6,2,2,5,2,3,4,Seek
26,Current employee,Travel_Frequently,1283,Sales,1,3,Medical,1,11003,134458,3,Male,52,2,2,Sales Executive,1,Single,4294,11148,1,Y,No,12,3,2,80,0,7,2,3,7,7,0,7,Adzuna
26,Current employee,Travel_Frequently,1283,Sales,1,3,Life Sciences,1,11005,134460,3,Male,52,2,2,Sales Executive,1,Single,4294,11148,4,Y,No,12,3,2,80,0,7,2,3,7,7,0,7,Adzuna
26,Current employee,Travel_Frequently,1283,Sales,1,3,Medical,1,11007,134462,3,Male,52,2,2,Sales Executive,1,Single,4294,22422,1,Y,No,12,3,2,80,0,7,2,3,7,7,0,7,Adzuna
26,Current employee,Travel_Frequently,1283,Sales,1,3,Life Sciences,1,11008,134463,3,Male,52,2,2,Sales Executive,1,Single,4294,11148,4,Y,No,12,3,2,80,0,7,2,3,7,7,0,7,LinkedIn
26,Current employee,Travel_Frequently,1283,Sales,1,3,Medical,1,11011,134466,3,Male,52,2,2,Sales Executive,1,Single,4294,11148,1,Y,No,12,3,2,80,0,7,2,3,7,7,0,7,Adzuna
26,Current employee,Travel_Frequently,1283,Sales,1,3,Life Sciences,1,11013,134468,3,Male,52,2,2,Sales Executive,1,Single,4294,11148,4,Y,No,12,3,2,80,0,7,2,3,7,7,0,7,Adzuna
26,Current employee,Travel_Frequently,1283,Sales,1,3,Medical,1,11015,134470,3,Male,52,2,2,Sales Executive,1,Single,4294,22422,1,Y,No,12,3,2,80,0,7,2,3,7,7,0,7,Adzuna
26,Current employee,Travel_Frequently,1283,Sales,1,3,Life Sciences,1,11016,134471,3,Male,52,2,2,Sales Executive,1,Single,4294,11148,4,Y,No,12,3,2,80,0,7,2,3,7,7,0,7,LinkedIn
26,Current employee,Travel_Rarely,703,Sales,28,2,Marketing,1,11052,134507,3,Male,67,2,1,Sales Representative,2,Single,2121,9947,1,Y,Yes,13,3,2,80,0,1,3,4,1,0,0,0,Indeed
26,Current employee,Travel_Rarely,703,Sales,28,2,Technical Degree,1,11054,134509,3,Male,67,2,1,Sales Representative,2,Single,2121,9947,9,Y,Yes,13,3,2,80,0,1,3,4,1,0,0,0,Indeed
26,Current employee,Travel_Rarely,703,Sales,28,2,Marketing,1,11057,134512,3,Male,67,2,1,Sales Representative,2,Single,2121,23522,1,Y,Yes,13,3,2,80,0,1,3,4,1,0,0,0,Indeed
26,Current employee,Travel_Rarely,703,Sales,28,2,Technical Degree,1,11058,134513,3,Male,67,2,1,Sales Representative,2,Single,2121,9947,9,Y,Yes,13,3,2,80,0,1,3,4,1,0,0,0,Company Website
26,Current employee,Travel_Rarely,703,Sales,28,2,Marketing,1,11060,134515,3,Male,67,2,1,Sales Representative,2,Single,2121,9947,1,Y,Yes,13,3,2,80,0,1,3,4,1,0,0,0,Indeed
26,Current employee,Travel_Rarely,703,Sales,28,2,Technical Degree,1,11062,134517,3,Male,67,2,1,Sales Representative,2,Single,2121,9947,9,Y,Yes,13,3,2,80,0,1,3,4,1,0,0,0,Indeed
26,Current employee,Travel_Rarely,703,Sales,28,2,Marketing,1,11065,134520,3,Male,67,2,1,Sales Representative,2,Single,2121,23522,1,Y,Yes,13,3,2,80,0,1,3,4,1,0,0,0,Indeed
26,Current employee,Travel_Rarely,703,Sales,28,2,Technical Degree,1,11066,134521,3,Male,67,2,1,Sales Representative,2,Single,2121,9947,9,Y,Yes,13,3,2,80,0,1,3,4,1,0,0,0,Company Website
26,Current employee,Travel_Rarely,1066,Research & Development,2,2,Medical,1,11741,135196,4,Male,32,4,2,Manufacturing Director,4,Married,5472,3334,1,Y,No,12,3,2,80,0,8,2,3,8,7,1,3,LinkedIn
26,Current employee,Travel_Rarely,1066,Research & Development,2,2,Life Sciences,1,11743,135198,4,Male,32,4,2,Manufacturing Director,4,Married,5472,3334,1,Y,No,12,3,2,80,0,8,2,3,8,7,1,3,LinkedIn
26,Current employee,Travel_Rarely,1066,Research & Development,2,2,Medical,1,11745,135200,4,Male,32,4,2,Manufacturing Director,4,Married,5472,22455,1,Y,No,12,3,2,80,0,8,2,3,8,7,1,3,LinkedIn
26,Current employee,Travel_Rarely,1066,Research & Development,2,2,Life Sciences,1,11746,135201,4,Male,32,4,2,Manufacturing Director,4,Married,5472,26376,1,Y,No,12,3,2,80,0,8,2,3,8,7,1,3,LinkedIn
26,Current employee,Travel_Rarely,1066,Research & Development,2,2,Medical,1,11749,135204,4,Male,32,4,2,Manufacturing Director,4,Married,5472,3334,1,Y,No,12,3,2,80,0,8,2,3,8,7,1,3,LinkedIn
26,Current employee,Travel_Rarely,1066,Research & Development,2,2,Life Sciences,1,11751,135206,4,Male,32,4,2,Manufacturing Director,4,Married,5472,3334,1,Y,No,12,3,2,80,0,8,2,3,8,7,1,3,LinkedIn
26,Current employee,Travel_Rarely,1066,Research & Development,2,2,Medical,1,11753,135208,4,Male,32,4,2,Manufacturing Director,4,Married,5472,22455,1,Y,No,12,3,2,80,0,8,2,3,8,7,1,3,LinkedIn
26,Current employee,Travel_Rarely,1066,Research & Development,2,2,Life Sciences,1,11754,135209,4,Male,32,4,2,Manufacturing Director,4,Married,3149,23352,8,Y,No,20,4,2,80,1,9,3,3,5,2,1,4,Adzuna
26,Current employee,Travel_Frequently,921,Research & Development,1,1,Medical,1,12332,135787,1,Female,66,2,1,Research Scientist,3,Divorced,2007,25265,1,Y,No,13,4,3,80,2,5,5,3,5,3,1,3,Company Website
26,Current employee,Travel_Frequently,921,Research & Development,1,1,Life Sciences,1,12334,135789,1,Female,66,2,1,Research Scientist,3,Divorced,2007,25265,2,Y,No,13,3,3,80,2,5,5,3,5,3,1,3,Company Website
26,Current employee,Travel_Frequently,921,Research & Development,1,1,Medical,1,12336,135791,1,,66,2,1,Research Scientist,3,Divorced,2007,22534,1,Y,No,13,,3,80,2,5,5,3,5,3,1,3,Company Website
26,Current employee,Travel_Frequently,921,Research & Development,1,1,Life Sciences,1,12337,135792,1,Female,66,2,1,Research Scientist,3,Divorced,2007,26767,2,Y,No,13,3,3,80,2,5,5,3,5,3,1,3,Company Website
26,Current employee,Travel_Frequently,921,Research & Development,1,1,Medical,1,12340,135795,1,Female,66,2,1,Research Scientist,3,Divorced,2007,25265,1,Y,No,13,4,3,80,2,5,5,3,5,3,1,3,Company Website
26,Current employee,Travel_Frequently,921,Research & Development,1,1,Life Sciences,1,12342,135797,1,Female,66,2,1,Research Scientist,3,Divorced,2007,25265,2,Y,No,13,3,3,80,2,5,5,3,5,3,1,3,Company Website
26,Current employee,Travel_Frequently,921,Research & Development,1,1,Medical,1,12344,135799,1,Female,66,2,1,Research Scientist,3,Divorced,2007,22534,1,Y,No,13,3,3,80,2,5,5,3,5,3,1,3,Company Website
26,Current employee,Travel_Frequently,921,Research & Development,1,1,Life Sciences,1,12345,135800,1,Female,66,2,1,Research Scientist,3,Divorced,17924,4544,1,Y,No,11,3,2,80,1,9,3,3,4,2,1,3,Jora
26,Current employee,Travel_Rarely,192,Research & Development,1,2,Medical,1,12530,135985,1,Male,59,2,1,Laboratory Technician,1,Married,3955,11141,1,Y,No,16,3,1,80,2,6,2,3,5,3,1,3,Indeed
26,Current employee,Travel_Rarely,192,Research & Development,1,2,Life Sciences,1,12532,135987,1,Male,59,2,1,Laboratory Technician,1,Married,3955,11141,0,Y,No,16,3,1,80,2,6,2,3,5,3,1,3,Indeed
26,Current employee,Travel_Rarely,192,Research & Development,1,,Medical,1,12078,135989,1,Male,59,2,1,Laboratory Technician,1,Married,3955,22539,1,Y,No,16,3,1,80,2,6,2,3,5,3,1,3,Indeed
26,Current employee,Travel_Rarely,192,Research & Development,1,2,Life Sciences,1,12535,135990,1,Male,59,2,1,Laboratory Technician,1,Married,3955,25265,0,Y,No,16,3,1,80,2,6,2,3,5,3,1,3,Indeed
26,Current employee,Travel_Rarely,192,Research & Development,1,2,Medical,1,12538,135993,1,Male,59,2,1,Laboratory Technician,1,Married,3955,11141,1,Y,No,16,3,1,80,2,6,2,3,5,3,1,3,Indeed
26,Current employee,Travel_Rarely,192,Research & Development,1,2,Life Sciences,1,12540,135995,1,Male,59,2,1,Laboratory Technician,1,Married,3955,11141,0,Y,No,16,3,1,80,2,6,2,3,5,3,1,3,Indeed
26,Current employee,Travel_Rarely,192,Research & Development,1,2,Medical,1,12542,135997,1,Male,59,2,1,Laboratory Technician,1,Married,3955,22539,1,Y,No,16,3,1,80,2,6,2,3,5,3,1,3,Indeed
26,Current employee,Travel_Rarely,192,Research & Development,1,2,Life Sciences,1,12543,135998,1,Male,59,2,1,Laboratory Technician,1,Married,3955,25265,0,Y,No,16,3,1,80,2,6,2,3,5,3,1,3,Indeed
26,Current employee,Travel_Rarely,1384,Research & Development,3,4,Medical,1,13516,136971,1,Male,82,4,1,Laboratory Technician,4,Married,4420,13421,1,Y,No,22,3,2,80,1,8,2,3,8,7,0,7,Indeed
26,Current employee,Travel_Rarely,1384,Research & Development,3,4,Life Sciences,1,13518,136973,1,Male,82,4,1,Laboratory Technician,4,Married,4420,13421,1,Y,No,22,3,2,80,1,8,2,3,8,7,0,7,Indeed
26,Current employee,Travel_Rarely,1384,Research & Development,3,4,Medical,1,13520,136975,1,Male,82,,1,Laboratory Technician,4,Married,4420,22722,1,Y,No,22,4,2,80,1,8,2,3,8,7,0,7,Indeed
26,Current employee,Travel_Rarely,1384,Research & Development,3,4,Life Sciences,1,13521,136976,1,Male,82,4,1,Laboratory Technician,4,Married,4420,25326,1,Y,No,22,4,2,80,1,8,2,3,8,7,0,7,Indeed
26,Current employee,Travel_Rarely,1384,Research & Development,3,4,Medical,1,13524,136979,1,Male,82,4,1,Laboratory Technician,4,Married,4420,13421,1,Y,No,22,3,2,80,1,8,2,3,8,7,0,7,Indeed
26,Current employee,Travel_Rarely,1384,Research & Development,3,4,Life Sciences,1,13526,136981,1,Male,82,4,1,Laboratory Technician,4,Married,4420,13421,1,Y,No,22,3,2,80,1,8,2,3,8,7,0,7,Indeed
26,Current employee,Travel_Rarely,1384,Research & Development,3,4,Medical,1,13528,136983,1,Male,82,4,1,Laboratory Technician,4,Married,4420,22722,1,Y,No,22,4,2,80,1,8,2,3,8,7,0,7,Indeed
26,Current employee,Travel_Rarely,1384,Research & Development,3,4,Life Sciences,1,13529,136984,1,Male,82,4,1,Laboratory Technician,4,Married,4420,25326,1,Y,No,22,4,2,80,1,8,2,3,8,7,0,7,Indeed
26,Current employee,Travel_Frequently,496,Research & Development,11,2,Medical,1,14273,137728,3,Female,77,4,1,Research Scientist,4,Married,2011,19982,1,Y,No,13,3,4,80,1,10,5,3,10,5,7,7,Recruit.net
26,Current employee,Travel_Frequently,496,Research & Development,11,2,Medical,1,14275,137730,3,Female,77,4,1,Research Scientist,4,Married,2011,19982,3,Y,No,13,3,4,80,1,10,5,3,10,5,7,7,Recruit.net
26,Current employee,Travel_Frequently,496,Research & Development,11,2,Medical,1,14276,137731,3,Female,77,4,1,Research Scientist,4,Married,2011,23522,1,Y,No,13,3,4,80,1,10,5,3,10,5,7,7,Recruit.net
26,Current employee,Travel_Frequently,496,Research & Development,11,2,Medical,1,14277,137732,3,Female,77,4,1,Research Scientist,4,Married,2011,26959,3,Y,No,13,3,4,80,1,10,5,3,10,5,7,7,Seek
26,Current employee,Travel_Frequently,496,Research & Development,11,2,Medical,1,14281,137736,3,Female,77,4,1,Research Scientist,4,Married,2011,19982,1,Y,No,13,3,4,80,1,10,5,3,10,5,7,7,Recruit.net
26,Current employee,Travel_Frequently,496,Research & Development,11,2,Medical,1,14283,137738,3,Female,77,4,1,Research Scientist,4,Married,2011,19982,3,Y,No,13,3,4,80,1,10,5,3,10,5,7,7,Recruit.net
26,Current employee,Travel_Frequently,496,Research & Development,11,2,Medical,1,14284,137739,3,Female,77,4,1,Research Scientist,4,Married,2011,23522,1,Y,No,13,3,4,80,1,10,5,3,10,5,7,7,Recruit.net
26,Current employee,Travel_Frequently,496,Research & Development,11,2,Medical,1,14285,137740,3,Female,77,4,1,Research Scientist,4,Married,2011,26959,3,Y,No,13,3,4,80,1,10,5,3,10,5,7,7,Seek
26,Current employee,Travel_Rarely,583,Research & Development,4,2,Life Sciences,1,14605,138060,3,Male,53,3,1,Research Scientist,4,Single,2875,9973,1,Y,Yes,20,4,2,80,0,8,2,2,8,5,2,2,Adzuna
26,Current employee,Travel_Rarely,583,Research & Development,4,2,Life Sciences,1,14607,138062,3,Male,53,3,1,Research Scientist,4,Single,2875,9973,3,Y,Yes,20,3,2,80,0,8,2,2,8,5,2,2,Adzuna
26,Current employee,Travel_Rarely,583,,4,2,Life Sciences,1,14609,138064,3,Male,53,3,1,Research Scientist,4,Single,2875,22722,1,Y,Yes,20,4,2,80,0,8,2,2,8,5,2,,Adzuna
26,Current employee,Travel_Rarely,583,Research & Development,4,2,Life Sciences,1,14610,138065,3,Male,53,3,1,Research Scientist,4,Single,2875,26897,3,Y,Yes,20,4,2,80,0,8,2,2,8,5,2,2,Adzuna
26,Current employee,Travel_Rarely,583,Research & Development,4,2,Life Sciences,1,14613,138068,3,Male,53,3,1,Research Scientist,4,Single,2875,9973,1,Y,Yes,20,4,2,80,0,8,2,2,8,5,2,2,Adzuna
26,Current employee,Travel_Rarely,583,Research & Development,4,2,Life Sciences,1,14615,138070,3,Male,53,3,1,Research Scientist,4,Single,2875,9973,3,Y,Yes,20,3,2,80,0,8,2,2,8,5,2,2,Adzuna
26,Current employee,Travel_Rarely,583,Research & Development,4,2,Life Sciences,1,14617,138072,3,Male,53,3,1,Research Scientist,4,Single,2875,22722,1,Y,Yes,20,4,2,80,0,8,2,2,8,5,2,2,Adzuna
26,Current employee,Travel_Rarely,583,Research & Development,4,2,Life Sciences,1,14618,138073,3,Male,53,3,1,Research Scientist,4,Single,2875,26897,3,Y,Yes,20,4,2,80,0,8,2,2,8,5,2,2,Adzuna
26,Current employee,Travel_Rarely,775,Sales,29,2,Medical,1,15040,138495,3,Male,78,3,2,Laboratory Technician,3,Married,4883,22845,1,Y,No,18,3,1,80,1,10,3,3,10,4,1,1,Jora
26,Current employee,Travel_Rarely,775,Sales,29,2,Technical Degree,1,15042,138497,3,Male,78,3,2,Laboratory Technician,3,Married,4883,22845,1,Y,No,18,3,1,80,1,10,3,3,10,4,1,1,Jora
26,Current employee,Travel_Rarely,775,Sales,29,2,Medical,1,15043,138498,3,Male,78,3,2,Laboratory Technician,3,Married,4883,23577,1,Y,No,18,3,1,80,1,10,3,3,10,4,1,1,Jora
26,Current employee,Travel_Rarely,775,Sales,29,2,Technical Degree,1,15044,138499,3,Male,78,3,2,Laboratory Technician,3,Married,4883,26092,1,Y,No,18,3,1,80,1,10,3,3,10,4,1,1,Jora
26,Current employee,Travel_Rarely,775,Sales,29,2,Medical,1,15048,138503,3,Male,78,3,2,Laboratory Technician,3,Married,4883,22845,1,Y,No,18,3,1,80,1,10,3,3,10,4,1,1,Jora
26,Current employee,Travel_Rarely,775,Sales,29,2,Technical Degree,1,15050,138505,3,Male,78,3,2,Laboratory Technician,3,Married,4883,22845,1,Y,No,18,3,1,80,1,10,3,3,10,4,1,1,Jora
26,Current employee,Travel_Rarely,775,Sales,29,2,Medical,1,15051,138506,3,Male,78,3,4,Manager,1,Divorced,17924,4544,1,Y,No,11,3,2,80,1,9,3,3,4,2,1,3,Jora
26,Current employee,Travel_Rarely,775,Sales,29,2,Technical Degree,1,15052,138507,3,Male,78,3,2,Laboratory Technician,3,Married,4883,26092,1,Y,No,18,3,1,80,1,10,3,3,10,4,1,1,Jora
26,Current employee,Travel_Rarely,683,Research & Development,2,1,Medical,1,15982,139437,1,Male,36,2,1,Research Scientist,4,Single,3904,4050,0,Y,No,12,4,4,80,0,5,2,3,4,3,1,1,Seek
26,Current employee,Travel_Rarely,683,Research & Development,2,1,,1,15984,139439,1,Male,36,2,1,Research Scientist,4,Single,3904,4050,2,Y,No,12,3,4,80,0,5,2,3,4,3,1,1,Seek
26,Current employee,Travel_Rarely,683,Research & Development,2,1,Medical,1,15986,139441,1,Male,36,2,1,Research Scientist,4,Single,3904,22807,0,Y,No,12,3,4,80,0,5,2,3,4,3,1,1,Seek
26,Current employee,Travel_Rarely,683,Research & Development,2,1,Life Sciences,1,15987,139442,1,Male,36,2,1,Research Scientist,4,Single,3904,26894,2,Y,No,12,3,4,80,0,5,2,3,4,3,1,1,Seek
26,Current employee,Travel_Rarely,683,Research & Development,2,1,Medical,1,15990,139445,1,Male,36,2,1,Research Scientist,4,Single,3904,4050,0,Y,No,12,4,4,80,0,5,2,3,4,3,1,1,Seek
26,Current employee,Travel_Rarely,683,Research & Development,2,1,Life Sciences,1,15992,139447,1,Male,36,2,1,Research Scientist,4,Single,3904,4050,2,Y,No,12,3,4,80,0,5,2,3,4,3,1,1,Seek
26,Current employee,Travel_Rarely,683,Research & Development,2,1,Medical,1,15994,139449,1,Male,36,2,1,Research Scientist,4,Single,3904,22807,0,Y,No,12,3,4,80,0,5,2,3,4,3,1,1,Seek
26,Current employee,Travel_Rarely,683,Research & Development,2,1,Life Sciences,1,15995,139450,1,Male,36,2,1,Research Scientist,4,Single,3904,26894,2,Y,No,12,3,4,80,0,5,2,3,4,3,1,1,Seek
26,Current employee,Travel_Rarely,652,Research & Development,7,3,Other,1,16078,139533,3,Male,100,4,1,Laboratory Technician,1,Single,3578,23577,0,Y,No,12,4,4,80,0,8,2,3,7,7,0,7,Indeed
26,Current employee,Travel_Rarely,652,Research & Development,7,3,Marketing,1,16081,139536,3,Male,100,4,1,Laboratory Technician,1,Single,3578,23577,1,Y,No,12,3,4,80,0,8,2,3,7,7,0,7,Indeed
26,Current employee,Travel_Rarely,652,Research & Development,7,3,Other,1,16082,139537,3,Male,100,4,1,Laboratory Technician,1,Single,3578,22807,0,Y,No,12,3,4,80,0,8,2,3,7,7,0,7,Indeed
26,Current employee,Travel_Rarely,652,Research & Development,7,3,Marketing,1,16083,139538,3,Male,100,4,1,Laboratory Technician,1,Single,3578,25422,1,Y,No,12,3,4,80,0,8,2,3,7,7,0,7,Indeed
26,Current employee,Travel_Rarely,652,Research & Development,7,3,Other,1,16086,139541,3,Male,100,4,1,Laboratory Technician,1,Single,3578,23577,0,Y,No,12,4,4,80,0,8,2,3,7,7,0,7,Indeed
26,Current employee,Travel_Rarely,652,Research & Development,7,3,Marketing,1,16089,139544,3,Male,100,4,1,Laboratory Technician,1,Single,3578,23577,1,Y,No,12,3,4,80,0,8,2,3,7,7,0,7,Indeed
26,Current employee,Travel_Rarely,652,Research & Development,7,3,Other,1,16090,139545,3,Male,100,4,1,Laboratory Technician,1,Single,3578,22807,0,Y,No,12,3,4,80,0,8,2,3,7,7,0,7,Indeed
26,Current employee,Travel_Rarely,652,Research & Development,7,3,Marketing,1,16091,139546,3,Male,100,4,1,Laboratory Technician,1,Single,3578,25422,1,Y,No,12,3,4,80,0,8,2,3,7,7,0,7,Indeed
26,Current employee,Travel_Frequently,1283,Sales,1,3,Medical,1,16126,139581,3,Female,81,3,3,Healthcare Representative,4,Single,7553,22930,0,Y,Yes,12,3,1,80,0,9,1,3,8,7,7,7,Recruit.net
26,Current employee,Travel_Frequently,1283,Sales,1,3,Life Sciences,1,16127,139582,3,Female,81,3,3,Healthcare Representative,4,Single,7553,22930,0,Y,Yes,12,4,1,80,0,9,1,3,8,7,7,7,Recruit.net
26,Current employee,Travel_Frequently,1283,Sales,1,3,Medical,1,16129,139584,3,Female,81,3,3,Healthcare Representative,4,Single,7553,23726,0,Y,Yes,12,3,1,80,0,9,1,3,8,7,7,7,Recruit.net
26,Current employee,Travel_Frequently,1283,Sales,1,3,Life Sciences,1,16130,139585,3,Female,81,3,3,Healthcare Representative,4,Single,7553,24785,0,Y,Yes,12,3,1,80,0,9,1,3,8,7,7,7,Recruit.net
26,Current employee,Travel_Frequently,1283,Sales,1,3,Medical,1,16134,139589,3,Female,81,3,3,Healthcare Representative,4,Single,7553,22930,0,Y,Yes,12,3,1,80,0,9,1,3,8,7,7,7,Recruit.net
26,Current employee,Travel_Frequently,1283,Sales,1,3,Life Sciences,1,16135,139590,3,Female,81,3,3,Healthcare Representative,4,Single,7553,22930,0,Y,Yes,12,4,1,80,0,9,1,3,8,7,7,7,Recruit.net
26,Current employee,Travel_Frequently,1283,Sales,1,3,Medical,1,16137,139592,3,Female,81,3,1,Human Resources,2,Divorced,2277,22650,3,Y,Yes,11,3,2,80,1,34,4,3,33,7,1,9,Recruit.net
26,Current employee,Travel_Frequently,1283,Sales,1,3,Life Sciences,1,16138,139593,3,Female,81,3,3,Healthcare Representative,4,Single,7553,24785,0,Y,Yes,12,3,1,80,0,9,1,3,8,7,7,7,Recruit.net
26,Current employee,Travel_Rarely,1066,Research & Development,2,2,Medical,1,16422,139877,4,Male,82,3,2,Sales Executive,4,Married,9204,23343,4,Y,No,12,3,3,80,1,7,3,2,4,3,0,3,GlassDoor
26,Current employee,Travel_Rarely,1066,Research & Development,2,2,Life Sciences,1,16423,139878,4,Male,82,3,2,Sales Executive,4,Married,9204,23343,4,Y,No,12,3,3,80,1,7,3,2,4,3,0,3,GlassDoor
26,Current employee,Travel_Rarely,1066,Research & Development,2,2,Medical,1,16425,139880,4,Male,82,3,2,Sales Executive,4,Married,9204,23785,4,Y,No,12,3,3,80,1,7,3,2,4,3,0,3,GlassDoor
26,Current employee,Travel_Rarely,1066,Research & Development,2,2,Life Sciences,1,16426,139881,4,Male,82,3,2,Sales Executive,4,Married,9204,23343,4,Y,No,12,3,3,80,1,7,3,2,4,3,0,3,Recruit.net
26,Current employee,Travel_Rarely,1066,Research & Development,2,2,Medical,1,16430,139885,4,Male,82,3,2,Sales Executive,4,Married,9204,23343,4,Y,No,12,3,3,80,1,7,3,2,4,3,0,3,GlassDoor
26,Current employee,Travel_Rarely,1066,Research & Development,2,2,Life Sciences,1,16431,139886,4,Male,82,3,2,Sales Executive,4,Married,9204,23343,4,Y,No,12,3,3,80,1,7,3,2,4,3,0,3,GlassDoor
26,Current employee,Travel_Rarely,1066,Research & Development,2,2,Medical,1,16433,139888,4,Male,82,3,1,Laboratory Technician,4,Single,2795,18016,1,Y,Yes,24,3,1,80,2,7,2,3,5,2,1,4,GlassDoor
26,Current employee,Travel_Rarely,1066,Research & Development,2,2,Life Sciences,1,16434,139889,4,Male,82,3,2,Sales Executive,4,Married,9204,23343,4,Y,No,12,3,3,80,1,7,3,2,4,3,0,3,Recruit.net
26,Current employee,Travel_Frequently,921,Research & Development,1,1,Medical,1,16602,140057,4,Male,82,3,3,Manufacturing Director,4,Married,9380,14720,4,Y,Yes,18,3,4,80,2,10,4,4,3,1,1,2,Indeed
26,Current employee,Travel_Frequently,921,Research & Development,1,1,Life Sciences,1,16603,140058,4,Male,82,3,3,Manufacturing Director,4,Married,9380,14720,1,Y,Yes,18,3,4,80,2,10,4,4,3,1,1,2,Indeed
26,Current employee,Travel_Frequently,921,Research & Development,1,1,Medical,1,16605,140060,4,Male,82,3,3,Manufacturing Director,4,Married,9380,23844,4,Y,Yes,18,3,4,80,2,10,4,4,3,1,1,2,Indeed
26,Current employee,Travel_Frequently,921,Research & Development,1,1,Life Sciences,1,16606,140061,4,Male,82,3,3,Manufacturing Director,4,Married,9380,26312,1,Y,Yes,18,3,4,80,2,10,4,4,3,1,1,2,Indeed
26,Current employee,Travel_Frequently,921,Research & Development,1,1,Medical,1,16610,140065,4,Male,82,3,3,Manufacturing Director,4,Married,9380,14720,4,Y,Yes,18,3,4,80,2,10,4,4,3,1,1,2,Indeed
26,Current employee,Travel_Frequently,921,Research & Development,1,1,Life Sciences,1,16611,140066,4,Male,82,3,3,Manufacturing Director,4,Married,9380,14720,1,Y,Yes,18,3,4,80,2,10,4,4,3,1,1,2,Indeed
26,Current employee,Travel_Frequently,921,Research & Development,1,1,Medical,1,16613,140068,4,Male,82,3,1,Research Scientist,1,Married,2559,7508,1,Y,Yes,13,3,4,80,1,10,3,2,8,2,7,6,Indeed
26,Current employee,Travel_Frequently,921,Research & Development,1,1,Life Sciences,1,16614,140069,4,Male,82,3,3,Manufacturing Director,4,Married,5985,23352,4,Y,No,11,3,2,80,0,10,1,4,2,2,0,2,Recruit.net
26,Current employee,Travel_Rarely,192,Research & Development,1,2,Medical,1,16697,140152,4,Male,83,4,4,Research Director,2,Single,16598,19764,4,Y,No,12,4,2,80,0,35,2,2,9,8,8,8,LinkedIn
26,Current employee,Travel_Rarely,192,Research & Development,1,2,Life Sciences,1,16698,140153,4,Male,83,4,4,Research Director,2,Single,16598,19764,1,Y,No,12,3,2,80,0,35,2,2,9,8,8,8,LinkedIn
26,Current employee,Travel_Rarely,192,Research & Development,1,2,Medical,1,16700,140155,4,Male,83,4,4,Research Director,2,Single,16598,23844,4,Y,No,12,3,2,80,0,35,2,2,9,8,8,8,LinkedIn
26,Current employee,Travel_Rarely,192,Research & Development,1,2,Life Sciences,1,16701,140156,4,Male,83,4,4,Research Director,2,Single,16598,26703,1,Y,No,12,3,2,80,0,35,2,2,9,8,8,8,LinkedIn
26,Current employee,Travel_Rarely,192,Research & Development,1,2,Medical,1,16705,140160,4,Male,83,4,4,Research Director,2,Single,16598,19764,4,Y,No,12,4,2,80,0,35,2,2,9,8,8,8,LinkedIn
26,Current employee,Travel_Rarely,192,Research & Development,1,2,Life Sciences,1,16706,140161,4,Male,83,4,4,Research Director,2,Single,16598,19764,1,Y,No,12,3,2,80,0,35,2,2,9,8,8,8,LinkedIn
26,Current employee,Travel_Rarely,192,Research & Development,1,2,Medical,1,16708,140163,4,Male,83,3,2,Sales Executive,4,Single,4908,24252,1,Y,No,14,3,3,80,0,1,4,1,1,0,0,0,LinkedIn
26,Current employee,Travel_Rarely,192,Research & Development,1,2,Life Sciences,1,16709,140164,4,Male,83,4,4,Research Director,2,Single,2011,23522,1,Y,No,13,3,4,80,1,10,5,3,10,5,7,7,Recruit.net
26,Current employee,Travel_Rarely,1384,Research & Development,3,4,Medical,1,16983,140438,4,Female,83,3,1,Sales Representative,2,Married,2033,7103,1,Y,No,13,3,3,80,1,1,2,3,1,0,0,0,Referral
26,Current employee,Travel_Rarely,1384,Research & Development,3,4,Life Sciences,1,16984,140439,4,Female,83,3,1,Sales Representative,2,Married,2033,7103,8,Y,No,13,3,3,80,1,1,2,3,1,0,0,0,Referral
26,Current employee,Travel_Rarely,1384,Research & Development,3,4,Medical,1,16988,140443,4,Female,83,3,1,Sales Representative,2,Married,2033,23848,1,Y,No,13,3,3,80,1,1,2,3,1,0,0,0,Referral
26,Current employee,Travel_Rarely,1384,Research & Development,3,4,Life Sciences,1,16989,140444,4,Female,83,3,1,Sales Representative,2,Married,2033,7103,8,Y,No,13,3,3,80,1,1,2,3,1,0,0,0,Indeed
26,Current employee,Travel_Rarely,1384,Research & Development,3,4,Medical,1,16991,140446,4,Female,83,3,1,Sales Representative,2,Married,2033,7103,1,Y,No,13,3,3,80,1,1,2,3,1,0,0,0,Referral
26,Current employee,Travel_Rarely,1384,Research & Development,3,4,Life Sciences,1,16992,140447,4,Female,83,3,1,Sales Representative,2,Married,2033,7103,8,Y,No,13,3,3,80,1,1,2,3,1,0,0,0,Referral
26,Current employee,Travel_Rarely,1384,Research & Development,3,4,Medical,1,16996,140451,4,Female,83,3,1,Sales Representative,2,Married,2033,23848,1,Y,No,13,3,3,80,1,1,2,3,1,0,0,0,Referral
26,Current employee,Travel_Rarely,1384,Research & Development,3,4,Life Sciences,1,16997,140452,4,Female,83,3,1,Sales Representative,2,Married,2033,7103,8,Y,No,13,3,3,80,1,1,2,3,1,0,0,0,Indeed
26,Current employee,Travel_Rarely,683,Research & Development,2,1,Medical,1,17685,141140,4,Male,85,3,2,Sales Executive,1,Married,6392,10589,2,Y,No,13,3,4,80,1,8,6,1,2,2,2,2,GlassDoor
26,Current employee,Travel_Rarely,683,Research & Development,2,1,Life Sciences,1,17686,141141,4,Male,85,3,2,Sales Executive,1,Married,6392,10589,4,Y,No,13,3,4,80,1,8,6,1,2,2,2,2,GlassDoor
26,Current employee,Travel_Rarely,683,Research & Development,2,1,Medical,1,17688,141143,4,Male,85,3,2,Sales Executive,1,Married,6392,24117,2,Y,No,13,3,4,80,1,8,6,1,2,2,2,2,GlassDoor
26,Current employee,Travel_Rarely,683,Research & Development,2,1,Life Sciences,1,17689,141144,4,Male,85,3,2,Sales Executive,1,Married,6392,10589,4,Y,No,13,3,4,80,1,8,6,1,2,2,2,2,Seek
26,Current employee,Travel_Rarely,683,Research & Development,2,1,Medical,1,17693,141148,4,Male,85,3,2,Sales Executive,1,Married,6392,10589,2,Y,No,13,3,4,80,1,8,6,1,2,2,2,2,GlassDoor
26,Current employee,Travel_Rarely,683,Research & Development,2,1,Life Sciences,1,17694,141149,4,Male,85,3,2,Sales Executive,1,Married,6392,10589,4,Y,No,13,3,4,80,1,8,6,1,2,2,2,2,GlassDoor
26,Current employee,Travel_Rarely,683,Research & Development,2,1,Medical,1,17696,141151,4,Male,85,3,2,Sales Executive,1,Married,6392,24117,2,Y,No,13,3,4,80,1,8,6,1,2,2,2,2,GlassDoor
26,Current employee,Travel_Rarely,683,Research & Development,2,1,Life Sciences,1,17697,141152,4,Male,85,3,2,Sales Executive,1,Married,6392,10589,4,Y,No,13,3,4,80,1,8,6,1,2,2,2,2,Seek
26,Current employee,Travel_Rarely,474,Research & Development,3,3,Life Sciences,1,17882,141337,1,Female,89,3,1,Research Scientist,4,Married,2061,11133,1,Y,No,21,3,1,80,0,1,5,3,1,0,0,0,Indeed
26,Current employee,Travel_Rarely,474,Research & Development,3,3,Life Sciences,1,17885,141340,1,Female,89,3,1,Research Scientist,4,Married,2061,11133,2,Y,No,21,3,1,80,0,1,5,3,1,0,0,0,Indeed
26,Current employee,Travel_Rarely,474,Research & Development,3,3,Life Sciences,1,17886,141341,1,Female,89,3,1,Research Scientist,4,Married,2061,22808,1,Y,No,21,4,1,80,0,1,5,3,1,0,0,0,Indeed
26,Current employee,Travel_Rarely,474,Research & Development,3,3,Life Sciences,1,17887,141342,1,Female,89,3,1,Research Scientist,4,Married,2061,26897,2,Y,No,21,4,1,80,0,1,5,3,1,0,0,0,Seek
26,Current employee,Travel_Rarely,474,Research & Development,3,3,Life Sciences,1,17890,141345,1,Female,89,3,1,Research Scientist,4,Married,2061,11133,1,Y,No,21,3,1,80,0,1,5,3,1,0,0,0,Indeed
26,Current employee,Travel_Rarely,474,Research & Development,3,3,Life Sciences,1,17892,141347,1,Female,89,3,1,Research Scientist,4,Married,2061,11133,2,Y,No,21,3,1,80,0,1,5,3,1,0,0,0,Indeed
26,Current employee,Travel_Rarely,474,Research & Development,3,3,Life Sciences,1,17893,141348,1,Female,89,3,1,Research Scientist,4,Married,2061,22808,1,Y,No,21,4,1,80,0,1,5,3,1,0,0,0,Indeed
26,Current employee,Travel_Rarely,474,Research & Development,3,3,Life Sciences,1,17894,141349,1,Female,89,3,1,Research Scientist,4,Married,2061,26897,2,Y,No,21,4,1,80,0,1,5,3,1,0,0,0,Seek
26,Current employee,Non-Travel,786,Research & Development,7,3,Medical,1,18769,142224,4,Male,88,4,2,Manufacturing Director,3,Divorced,5206,4973,1,Y,No,17,3,3,80,2,7,6,3,7,7,0,7,Recruit.net
26,Current employee,Non-Travel,786,Research & Development,7,3,Marketing,1,18771,142226,4,Male,88,4,2,Manufacturing Director,3,Divorced,5206,4973,1,Y,No,17,4,3,80,2,7,6,3,7,7,0,7,Recruit.net
26,Current employee,Non-Travel,786,Research & Development,7,3,Medical,1,18774,142229,4,Male,88,4,2,Manufacturing Director,3,Divorced,5206,24117,1,Y,No,17,3,3,80,2,7,6,3,7,7,0,7,Recruit.net
26,Current employee,Non-Travel,786,Research & Development,7,3,Marketing,1,18775,142230,4,Male,88,4,2,Manufacturing Director,3,Divorced,5206,26551,1,Y,No,17,3,3,80,2,7,6,3,7,7,0,7,Recruit.net
26,Current employee,Non-Travel,786,Research & Development,7,3,Medical,1,18777,142232,4,Male,88,4,2,Manufacturing Director,3,Divorced,5206,4973,1,Y,No,17,3,3,80,2,7,6,3,7,7,0,7,Recruit.net
26,Current employee,Non-Travel,786,Research & Development,7,3,Marketing,1,18779,142234,4,Male,88,4,2,Manufacturing Director,3,Divorced,5206,4973,1,Y,No,17,4,3,80,2,7,6,3,7,7,0,7,Recruit.net
26,Current employee,Non-Travel,786,Research & Development,7,3,Medical,1,18782,142237,4,Male,88,4,2,Manufacturing Director,3,Divorced,5206,24117,1,Y,No,17,3,3,80,2,7,6,3,7,7,0,7,Recruit.net
26,Current employee,Non-Travel,786,Research & Development,7,3,Marketing,1,18783,142238,4,Male,88,4,2,Manufacturing Director,3,Divorced,2693,23428,1,Y,No,19,3,1,80,0,1,3,2,1,0,0,0,Company Website
26,Current employee,Travel_Rarely,390,Research & Development,17,4,Medical,1,18920,142375,4,Male,88,4,2,Healthcare Representative,1,Divorced,6842,26308,6,Y,No,20,3,1,80,1,13,3,3,5,4,0,4,GlassDoor
26,Current employee,Travel_Rarely,390,Research & Development,17,4,Medical,1,18922,142377,4,Male,88,4,2,Healthcare Representative,1,Divorced,6842,26308,0,Y,No,20,3,1,80,1,13,3,3,5,4,0,4,GlassDoor
26,Current employee,Travel_Rarely,390,Research & Development,17,4,Medical,1,18923,142378,4,Male,88,4,2,Healthcare Representative,1,Divorced,6842,24375,6,Y,No,20,4,1,80,1,13,3,3,5,4,0,4,GlassDoor
26,Current employee,Travel_Rarely,390,Research & Development,17,4,Medical,1,18924,142379,4,Male,88,4,2,Healthcare Representative,1,Divorced,6842,24812,0,Y,No,20,4,1,80,1,13,3,3,5,4,0,4,GlassDoor
26,Current employee,Travel_Rarely,390,Research & Development,17,4,Medical,1,18928,142383,4,Male,88,4,2,Healthcare Representative,1,Divorced,6842,26308,6,Y,No,20,3,1,80,1,13,3,3,5,4,0,4,GlassDoor
26,Current employee,Travel_Rarely,390,Research & Development,17,4,Medical,1,18930,142385,4,Male,88,4,2,Healthcare Representative,1,Divorced,6842,26308,0,Y,No,20,3,1,80,1,13,3,3,5,4,0,4,GlassDoor
26,Current employee,Travel_Rarely,390,Research & Development,17,4,Medical,1,18931,142386,4,Male,88,4,2,Healthcare Representative,1,Divorced,6842,24375,6,Y,No,20,4,1,80,1,13,3,3,5,4,0,4,GlassDoor
26,Current employee,Travel_Rarely,390,Research & Development,17,4,Medical,1,18932,142387,4,Male,88,4,2,Healthcare Representative,1,Divorced,6842,24812,0,Y,No,20,4,1,80,1,13,3,3,5,4,0,4,GlassDoor
26,Current employee,Non-Travel,786,Research & Development,7,3,Medical,1,19284,142739,4,Male,76,3,1,Laboratory Technician,4,Single,2570,11925,1,Y,No,20,3,3,80,0,7,5,3,7,7,5,7,Referral
26,Current employee,Non-Travel,786,Research & Development,7,3,Marketing,1,19286,142741,4,Male,76,3,1,Laboratory Technician,4,Single,2570,11925,1,Y,No,20,3,3,80,0,7,5,3,7,7,5,7,Referral
26,Current employee,Non-Travel,786,Research & Development,7,3,Medical,1,19288,142743,4,Male,76,3,1,Laboratory Technician,4,Single,2570,22808,1,Y,No,20,4,3,80,0,7,5,3,7,7,5,7,Referral
26,Current employee,Non-Travel,786,Research & Development,7,3,Marketing,1,19289,142744,4,Male,76,3,1,Laboratory Technician,4,Single,2570,25422,1,Y,No,20,4,3,80,0,7,5,3,7,7,5,7,Referral
26,Current employee,Non-Travel,786,Research & Development,7,3,Medical,1,19292,142747,4,Male,76,3,1,Laboratory Technician,4,Single,2570,11925,1,Y,No,20,3,3,80,0,7,5,3,7,7,5,7,Referral
26,Current employee,Non-Travel,786,Research & Development,7,3,Marketing,1,19294,142749,4,Male,76,3,1,Laboratory Technician,4,Single,2570,11925,1,Y,No,20,3,3,80,0,7,5,3,7,7,5,7,Referral
26,Current employee,Non-Travel,786,Research & Development,7,3,Medical,1,19296,142751,4,Male,76,3,1,Laboratory Technician,4,Single,2570,22808,1,Y,No,20,4,3,80,0,7,5,3,7,7,5,7,Referral
26,Current employee,Non-Travel,786,Research & Development,7,3,Marketing,1,19297,142752,4,Male,76,3,1,Laboratory Technician,4,Single,2570,25422,1,Y,No,20,4,3,80,0,7,5,3,7,7,5,7,Referral
26,Current employee,Travel_Rarely,572,Sales,10,3,Medical,1,19331,142786,4,Male,89,1,3,Healthcare Representative,4,Divorced,10883,20467,3,Y,No,20,3,3,80,1,19,2,4,1,0,0,0,Company Website
26,Current employee,Travel_Rarely,572,Sales,10,3,Medical,1,19333,142788,4,Male,89,1,3,Healthcare Representative,4,Divorced,10883,20467,0,Y,No,20,3,3,80,1,19,2,4,1,0,0,0,Company Website
26,Current employee,Travel_Rarely,572,Sales,10,3,Medical,1,19334,142789,4,Male,89,1,3,Healthcare Representative,4,Divorced,10883,24440,3,Y,No,20,4,3,80,1,19,2,4,1,0,0,0,Company Website
26,Current employee,Travel_Rarely,572,Sales,10,3,Medical,1,19335,142790,4,Male,89,1,3,Healthcare Representative,4,Divorced,10883,24788,0,Y,No,20,4,3,80,1,19,2,4,1,0,0,0,Company Website
26,Current employee,Travel_Rarely,572,Sales,10,3,Medical,1,19339,142794,4,Male,89,1,3,Healthcare Representative,4,Divorced,10883,20467,3,Y,No,20,3,3,80,1,19,2,4,1,0,0,0,Company Website
26,Current employee,Travel_Rarely,572,Sales,10,3,Medical,1,19341,142796,4,Male,89,1,3,Healthcare Representative,4,Divorced,10883,20467,0,Y,No,20,3,3,80,1,19,2,4,1,0,0,0,Company Website
26,Current employee,Travel_Rarely,572,Sales,10,3,Medical,1,19342,142797,4,Male,89,1,3,Healthcare Representative,4,Divorced,10883,24440,3,Y,No,20,4,3,80,1,19,2,4,1,0,0,0,Company Website
26,Current employee,Travel_Rarely,572,Sales,10,3,Medical,1,19343,142798,4,Male,89,1,3,Healthcare Representative,4,Divorced,10883,24788,0,Y,No,20,4,3,80,1,19,2,4,1,0,0,0,Company Website
26,Current employee,Travel_Rarely,390,Research & Development,17,4,Medical,1,19570,143025,4,Male,62,1,1,Laboratory Technician,3,Married,2305,6217,1,Y,No,15,3,3,80,3,3,3,4,3,2,0,2,Company Website
26,Current employee,Travel_Rarely,390,Research & Development,17,4,Medical,1,19573,143028,4,Male,62,1,1,Laboratory Technician,3,Married,2305,6217,1,Y,No,15,3,3,80,3,3,3,4,3,2,0,2,Company Website
26,Current employee,Travel_Rarely,390,Research & Development,17,4,Medical,1,19574,143029,4,Male,62,1,1,Laboratory Technician,3,Married,2305,22845,1,Y,No,15,3,3,80,3,3,3,4,3,2,0,2,Company Website
26,Current employee,Travel_Rarely,390,Research & Development,17,4,Medical,1,19575,143030,4,Male,62,1,1,Laboratory Technician,3,Married,2305,25470,1,Y,No,15,3,3,80,3,3,3,4,3,2,0,2,Company Website
26,Current employee,Travel_Rarely,390,Research & Development,17,4,Medical,1,19578,143033,4,Male,62,1,1,Laboratory Technician,3,Married,2305,6217,1,Y,No,15,3,3,80,3,3,3,4,3,2,0,2,Company Website
26,Current employee,Travel_Rarely,390,Research & Development,17,4,Medical,1,19581,143036,4,Male,62,1,1,Laboratory Technician,3,Married,2305,6217,1,Y,No,15,3,3,80,3,3,3,4,3,2,0,2,Company Website
26,Current employee,Travel_Rarely,390,Research & Development,17,4,Medical,1,19582,143037,4,Male,62,1,1,Laboratory Technician,3,Married,2305,22845,1,Y,No,15,3,3,80,3,3,3,4,3,2,0,2,Company Website
26,Current employee,Travel_Rarely,390,Research & Development,17,4,Medical,1,19583,143038,4,Male,62,1,1,Laboratory Technician,3,Married,2305,25470,1,Y,No,15,3,3,80,3,3,3,4,3,2,0,2,Company Website
26,Current employee,Travel_Rarely,157,Research & Development,1,3,Medical,1,19683,143138,4,Male,90,3,2,Healthcare Representative,2,Single,5562,9697,6,Y,No,14,3,4,80,0,19,3,3,10,7,0,9,GlassDoor
26,Current employee,Travel_Rarely,157,Research & Development,1,3,Life Sciences,1,19684,143139,4,Male,90,3,2,Healthcare Representative,2,Single,5562,9697,0,Y,No,14,3,4,80,0,19,3,3,10,7,0,9,GlassDoor
26,Current employee,Travel_Rarely,157,Research & Development,1,3,Medical,1,19686,143141,4,Male,90,3,2,Healthcare Representative,2,Single,5562,24440,6,Y,No,14,3,4,80,0,19,3,3,10,7,0,9,GlassDoor
26,Current employee,Travel_Rarely,157,Research & Development,1,3,Life Sciences,1,19687,143142,4,Male,90,3,2,Healthcare Representative,2,Single,5562,24788,0,Y,No,14,3,4,80,0,19,3,3,10,7,0,9,GlassDoor
26,Current employee,Travel_Rarely,157,Research & Development,1,3,Medical,1,19691,143146,4,Male,90,3,2,Healthcare Representative,2,Single,5562,9697,6,Y,No,14,3,4,80,0,19,3,3,10,7,0,9,GlassDoor
26,Current employee,Travel_Rarely,157,Research & Development,1,3,Life Sciences,1,19692,143147,4,Male,90,3,2,Healthcare Representative,2,Single,5562,9697,0,Y,No,14,3,4,80,0,19,3,3,10,7,0,9,GlassDoor
26,Current employee,Travel_Rarely,157,Research & Development,1,3,Medical,1,19694,143149,4,Male,90,3,2,Healthcare Representative,2,Single,5562,24440,6,Y,No,14,3,4,80,0,19,3,3,10,7,0,9,GlassDoor
26,Current employee,Travel_Rarely,157,Research & Development,1,3,Life Sciences,1,19695,143150,4,Male,90,3,2,Healthcare Representative,2,Single,5562,24788,0,Y,No,14,3,4,80,0,19,3,3,10,7,0,9,GlassDoor
26,Current employee,Travel_Rarely,841,Research & Development,6,3,Other,1,20206,143661,4,Male,92,2,5,Research Director,1,Married,19038,19805,8,Y,No,12,3,2,80,3,34,2,3,1,0,0,0,Indeed
26,Current employee,Travel_Rarely,841,Research & Development,6,3,Marketing,1,20208,143663,4,Male,92,2,5,Research Director,1,Married,19038,19805,2,Y,No,12,3,2,80,3,34,2,3,1,0,0,0,Indeed
26,Current employee,Travel_Rarely,841,Research & Development,6,3,Other,1,20209,143664,4,Male,92,2,5,Research Director,1,Married,19038,24444,8,Y,No,12,3,2,80,3,34,2,3,1,0,0,0,Indeed
26,Current employee,Travel_Rarely,841,Research & Development,6,3,Marketing,1,20210,143665,4,Male,92,2,5,Research Director,1,Married,19038,26703,2,Y,No,12,3,2,80,3,34,2,3,1,0,0,0,Indeed
26,Current employee,Travel_Rarely,841,Research & Development,6,3,Other,1,20213,143668,4,Male,92,2,5,Research Director,1,Married,19038,19805,8,Y,No,12,3,2,80,3,34,2,3,1,0,0,0,Indeed
26,Current employee,Travel_Rarely,841,Research & Development,6,3,Marketing,1,20215,143670,4,Male,92,2,5,Research Director,1,Married,19038,19805,2,Y,No,12,3,2,80,3,34,2,3,1,0,0,0,Indeed
26,Current employee,Travel_Rarely,841,Research & Development,6,3,Other,1,20216,143671,4,Male,92,2,5,Research Director,1,Married,19038,24444,8,Y,No,12,3,2,80,3,34,2,3,1,0,0,0,Indeed
26,Current employee,Travel_Rarely,841,Research & Development,6,3,Marketing,1,20217,143672,4,Male,92,2,5,Research Director,1,Married,1859,23577,1,Y,Yes,25,4,2,80,0,1,2,4,1,1,0,0,Seek
26,Current employee,Travel_Rarely,572,Sales,10,3,Medical,1,20923,144378,3,Male,46,3,2,Sales Executive,4,Single,4684,9125,1,Y,No,13,3,1,80,0,5,4,3,5,3,1,2,Seek
26,Current employee,Travel_Rarely,652,Research & Development,7,3,Other,1,20924,144379,4,Male,94,3,2,Sales Executive,4,Single,4684,9125,1,Y,No,13,3,1,80,0,5,4,3,5,3,1,2,Seek
26,Current employee,Travel_Rarely,652,Research & Development,7,3,Marketing,1,20925,144380,4,Male,94,3,2,Sales Executive,4,Single,4684,9125,6,Y,No,13,3,1,80,0,5,4,3,5,3,1,2,Seek
26,Current employee,Travel_Rarely,572,Sales,10,3,Medical,1,20926,144381,3,Male,46,3,2,Sales Executive,4,Single,4684,9125,6,Y,No,13,3,1,80,0,5,4,3,5,3,1,2,Seek
26,Current employee,Travel_Rarely,572,Sales,10,3,Medical,1,20927,144382,3,Male,46,3,2,Sales Executive,4,Single,4684,22914,1,Y,No,13,3,1,80,0,5,4,3,5,3,1,2,Seek
26,Current employee,Travel_Rarely,652,Research & Development,7,3,Other,1,20928,144383,4,Male,94,3,2,Sales Executive,4,Single,4684,24444,1,Y,No,13,3,1,80,0,5,4,3,5,3,1,2,Seek
26,Current employee,Travel_Rarely,652,Research & Development,7,3,Marketing,1,20929,144384,4,Male,94,3,2,Sales Executive,4,Single,4684,9125,6,Y,No,13,3,1,80,0,5,4,3,5,3,1,2,LinkedIn
26,Current employee,Travel_Rarely,572,Sales,10,3,Medical,1,20930,144385,3,Male,46,3,2,Sales Executive,4,Single,4684,9125,6,Y,No,13,3,1,80,0,5,4,3,5,3,1,2,Jora
26,Current employee,Travel_Rarely,572,Sales,10,3,Medical,1,20931,144386,3,Male,46,3,2,Sales Executive,4,Single,4684,9125,1,Y,No,13,3,1,80,0,5,4,3,5,3,1,2,Seek
26,Current employee,Travel_Rarely,652,Research & Development,7,3,Other,1,20932,144387,4,Male,94,3,2,Sales Executive,4,Single,4684,9125,1,Y,No,13,3,1,80,0,5,4,3,5,3,1,2,Seek
26,Current employee,Travel_Rarely,652,Research & Development,7,3,Marketing,1,20933,144388,4,Male,94,3,2,Sales Executive,4,Single,4684,9125,6,Y,No,13,3,1,80,0,5,4,3,5,3,1,2,Seek
26,Current employee,Travel_Rarely,572,Sales,10,3,Medical,1,20934,144389,3,Male,46,3,2,Sales Executive,4,Single,4684,9125,6,Y,No,13,3,1,80,0,5,4,3,5,3,1,2,Seek
26,Current employee,Travel_Rarely,572,Sales,10,3,Medical,1,20935,144390,3,Male,46,3,2,Sales Executive,4,Single,4684,22914,1,Y,No,13,3,1,80,0,5,4,3,5,3,1,2,Seek
26,Current employee,Travel_Rarely,652,Research & Development,7,3,Other,1,20936,144391,4,Male,94,3,2,Sales Executive,4,Single,4684,24444,1,Y,No,13,3,1,80,0,5,4,3,5,3,1,2,Seek
26,Current employee,Travel_Rarely,652,Research & Development,7,3,Marketing,1,20937,144392,4,Male,94,3,2,Sales Executive,4,Single,4684,9125,6,Y,No,13,3,1,80,0,5,4,3,5,3,1,2,LinkedIn
26,Current employee,Travel_Rarely,572,Sales,10,3,Medical,1,20938,144393,3,Male,46,3,2,Sales Executive,4,Single,4684,9125,6,Y,No,13,3,1,80,0,5,4,3,5,3,1,2,Jora
26,Current employee,Travel_Frequently,1096,Research & Development,6,3,Other,1,21259,144714,4,Female,95,2,5,Manager,3,Married,19392,22539,7,Y,No,13,3,4,80,0,21,2,3,16,12,6,14,LinkedIn
26,Current employee,Travel_Frequently,1096,Research & Development,6,3,Marketing,1,21261,144716,4,Female,95,2,5,Manager,3,Married,19392,22539,1,Y,No,13,3,4,80,0,21,2,3,16,12,6,14,LinkedIn
26,Current employee,Travel_Frequently,1096,Research & Development,6,3,Other,1,21262,144717,4,Female,95,2,5,Manager,3,Married,19392,24444,7,Y,No,13,3,4,80,0,21,2,3,16,12,6,14,LinkedIn
26,Current employee,Travel_Frequently,1096,Research & Development,6,3,Marketing,1,21263,144718,4,Female,95,2,5,Manager,3,Married,19392,26308,1,Y,No,13,3,4,80,0,21,2,3,16,12,6,14,LinkedIn
26,Current employee,Travel_Frequently,1096,Research & Development,6,3,Other,1,21267,144722,4,Female,95,2,5,Manager,3,Married,19392,22539,7,Y,No,13,3,4,80,0,21,2,3,16,12,6,14,LinkedIn
26,Current employee,Travel_Frequently,1096,Research & Development,6,3,Marketing,1,21269,144724,4,Female,95,2,5,Manager,3,Married,19392,22539,1,Y,No,13,3,4,80,0,21,2,3,16,12,6,14,LinkedIn
26,Current employee,Travel_Frequently,1096,Research & Development,6,3,Other,1,21270,144725,4,Female,95,2,5,Manager,3,Married,19392,24444,7,Y,No,13,3,4,80,0,21,2,3,16,12,6,14,LinkedIn
26,Current employee,Travel_Frequently,1096,Research & Development,6,3,Marketing,1,21271,144726,4,Female,95,2,5,Manager,3,Married,4898,23300,0,Y,No,12,3,4,80,2,5,3,3,4,2,1,2,Adzuna
26,Current employee,Travel_Rarely,1167,Sales,5,3,Other,1,21369,144824,4,Female,95,3,1,Sales Representative,2,Married,2856,3692,1,Y,No,19,3,4,80,1,1,3,3,1,0,0,0,Company Website
26,Current employee,Travel_Rarely,1167,Sales,5,3,Life Sciences,1,21371,144826,4,Female,95,3,1,Sales Representative,2,Married,2856,3692,9,Y,No,19,3,4,80,1,1,3,3,1,0,0,0,Company Website
26,Current employee,Travel_Rarely,1167,Sales,5,3,Other,1,21372,144827,4,Female,95,3,1,Sales Representative,2,Married,2856,24444,1,Y,No,19,3,4,80,1,1,3,3,1,0,0,0,Company Website
26,Current employee,Travel_Rarely,1167,Sales,5,3,Life Sciences,1,21373,144828,4,Female,95,3,1,Sales Representative,2,Married,2856,3692,9,Y,No,19,3,4,80,1,1,3,3,1,0,0,0,LinkedIn
26,Current employee,Travel_Rarely,1167,Sales,5,3,Other,1,21377,144832,4,Female,95,3,1,Sales Representative,2,Married,2856,3692,1,Y,No,19,3,4,80,1,1,3,3,1,0,0,0,Company Website
26,Current employee,Travel_Rarely,1167,Sales,5,3,Life Sciences,1,21379,144834,4,Female,95,3,1,Sales Representative,2,Married,2856,3692,9,Y,No,19,3,4,80,1,1,3,3,1,0,0,0,Company Website
26,Current employee,Travel_Rarely,1167,Sales,5,3,Other,1,21380,144835,4,Female,95,3,1,Sales Representative,2,Married,2856,24444,1,Y,No,19,3,4,80,1,1,3,3,1,0,0,0,Company Website
26,Current employee,Travel_Rarely,1167,Sales,5,3,Life Sciences,1,21381,144836,4,Female,95,3,1,Sales Representative,2,Married,2856,3692,9,Y,No,19,3,4,80,1,1,3,3,1,0,0,0,LinkedIn
26,Current employee,Travel_Rarely,482,Research & Development,1,2,Life Sciences,1,21560,145015,2,Female,31,2,1,Research Scientist,3,Married,2933,14908,1,Y,Yes,13,3,3,80,1,1,3,2,1,0,1,0,Recruit.net
26,Current employee,Travel_Rarely,482,Research & Development,1,2,Life Sciences,1,21562,145017,2,Female,31,2,1,Research Scientist,3,Married,2933,14908,2,Y,Yes,13,3,3,80,1,1,3,2,1,0,1,0,Recruit.net
26,Current employee,Travel_Rarely,482,Research & Development,1,2,Life Sciences,1,21564,145019,2,Female,31,2,1,Research Scientist,3,Married,2933,22914,1,Y,,13,3,3,80,1,1,3,2,1,0,1,0,Recruit.net
26,Current employee,Travel_Rarely,482,Research & Development,1,2,Life Sciences,1,21565,145020,2,Female,31,2,1,Research Scientist,3,Married,2933,26767,2,Y,Yes,13,3,3,80,1,1,3,2,1,0,1,0,Recruit.net
26,Current employee,Travel_Rarely,482,Research & Development,1,2,Life Sciences,1,21568,145023,2,Female,31,2,1,Research Scientist,3,Married,2933,14908,1,Y,Yes,13,3,3,80,1,1,3,2,1,0,1,0,Recruit.net
26,Current employee,Travel_Rarely,482,Research & Development,1,2,Life Sciences,1,21570,145025,2,Female,31,2,1,Research Scientist,3,Married,2933,14908,2,Y,Yes,13,3,3,80,1,1,3,2,1,0,1,0,Recruit.net
26,Current employee,Travel_Rarely,482,Research & Development,1,2,Life Sciences,1,21572,145027,2,Female,31,2,1,Research Scientist,3,Married,2933,22914,1,Y,Yes,13,3,3,80,1,1,3,2,1,0,1,0,Recruit.net
26,Current employee,Travel_Rarely,482,Research & Development,1,2,Life Sciences,1,21573,145028,2,Female,31,2,1,Research Scientist,3,Married,2933,26767,2,Y,Yes,13,3,3,80,1,1,3,2,1,0,1,0,Recruit.net
26,Current employee,Travel_Frequently,1096,Research & Development,6,3,Other,1,21758,145213,3,Male,32,4,1,Laboratory Technician,4,Married,2544,7102,0,Y,No,18,3,1,80,1,8,3,3,7,7,7,7,Seek
26,Current employee,Travel_Frequently,1096,Research & Development,6,3,Marketing,1,21761,145216,3,Male,32,4,1,Laboratory Technician,4,Married,2544,7102,1,Y,No,18,4,1,80,1,8,3,3,7,7,7,7,Seek
26,Current employee,Travel_Frequently,1096,Research & Development,6,3,Other,1,21762,145217,3,Male,32,4,1,Laboratory Technician,4,Married,2544,22930,0,Y,No,18,3,1,80,1,8,3,3,7,7,7,7,Seek
26,Current employee,Travel_Frequently,1096,Research & Development,6,3,Marketing,1,21763,145218,3,Male,32,4,1,Laboratory Technician,4,Married,2544,25388,1,Y,No,18,3,1,80,1,8,3,3,7,7,7,7,Seek
26,Current employee,Travel_Frequently,1096,Research & Development,6,3,Other,1,21766,145221,3,Male,32,4,1,Laboratory Technician,4,Married,2544,7102,0,Y,No,18,3,1,80,1,8,3,3,7,7,7,7,Seek
26,Current employee,Travel_Frequently,1096,Research & Development,6,3,Marketing,1,21769,145224,3,Male,32,4,1,Laboratory Technician,4,Married,2544,7102,1,Y,No,18,4,1,80,1,8,3,3,7,7,7,7,Seek
26,Current employee,Travel_Frequently,1096,Research & Development,6,3,Other,1,21770,145225,3,Male,32,4,1,Laboratory Technician,4,Married,2544,22930,0,Y,No,18,3,1,80,1,8,3,3,7,7,7,7,Seek
26,Current employee,Travel_Frequently,1096,Research & Development,6,3,Marketing,1,21771,145226,3,Male,32,4,1,Laboratory Technician,4,Married,2544,25388,1,Y,No,18,3,1,80,1,8,3,3,7,7,7,7,Seek
26,Current employee,Travel_Rarely,157,Research & Development,1,3,Medical,1,22165,145620,3,Male,32,3,1,Laboratory Technician,1,Single,2867,20006,0,Y,No,13,3,4,80,0,8,6,2,7,7,7,6,Company Website
26,Current employee,Travel_Rarely,157,Research & Development,1,3,Life Sciences,1,22167,145622,3,Male,32,3,1,Laboratory Technician,1,Single,2867,20006,0,Y,No,13,3,4,80,0,8,6,2,7,7,7,6,Company Website
26,Current employee,Travel_Rarely,157,Research & Development,1,3,Medical,1,22169,145624,3,Male,32,3,1,Laboratory Technician,1,Single,2867,22930,0,Y,No,13,3,4,80,0,8,6,2,7,7,7,6,Company Website
26,Current employee,Travel_Rarely,157,Research & Development,1,3,Life Sciences,1,22170,145625,3,Male,32,3,1,Laboratory Technician,1,Single,2867,25308,0,Y,No,13,3,4,80,0,8,6,2,7,7,7,6,Company Website
26,Current employee,Travel_Rarely,157,Research & Development,1,3,Medical,1,22173,145628,3,Male,32,3,1,Laboratory Technician,1,Single,2867,20006,0,Y,No,13,3,4,80,0,8,6,2,7,7,7,6,Company Website
26,Current employee,Travel_Rarely,157,Research & Development,1,3,Life Sciences,1,22175,145630,3,Male,32,3,1,Laboratory Technician,1,Single,2867,20006,0,Y,No,13,3,4,80,0,8,6,2,7,7,7,6,Company Website
26,Current employee,Travel_Rarely,157,Research & Development,1,3,Medical,1,22177,145632,3,Male,32,3,1,Laboratory Technician,1,Single,2867,22930,0,Y,No,13,3,4,80,0,8,6,2,7,7,7,6,Company Website
26,Current employee,Travel_Rarely,157,Research & Development,1,3,Life Sciences,1,22178,145633,3,Male,32,3,1,Laboratory Technician,1,Single,2867,25308,0,Y,No,13,3,4,80,0,8,6,2,7,7,7,6,Company Website
26,Current employee,Travel_Rarely,1167,Sales,5,3,Other,1,23412,146867,4,Female,37,2,1,Sales Representative,3,Single,2966,21378,0,Y,No,18,3,4,80,0,5,2,3,4,2,0,0,Company Website
26,Current employee,Travel_Rarely,1167,Sales,5,3,Life Sciences,1,23415,146870,4,Female,37,2,1,Sales Representative,3,Single,2966,21378,9,Y,No,18,3,4,80,0,5,2,3,4,2,0,0,Company Website
26,Current employee,Travel_Rarely,1167,Sales,5,3,Other,1,23416,146871,4,Female,37,2,1,Sales Representative,3,Single,2966,22957,0,Y,No,18,3,4,80,0,5,2,3,4,2,0,0,Company Website
26,Current employee,Travel_Rarely,1167,Sales,5,3,Life Sciences,1,23417,146872,4,Female,37,2,1,Sales Representative,3,Single,2966,21378,9,Y,No,18,3,4,80,0,5,2,3,4,2,0,0,Seek
26,Current employee,Travel_Rarely,1167,Sales,5,3,Other,1,23420,146875,4,Female,37,2,1,Sales Representative,3,Single,2966,21378,0,Y,No,18,3,4,80,0,5,2,3,4,2,0,0,Company Website
26,Current employee,Travel_Rarely,1167,Sales,5,3,Life Sciences,1,23423,146878,4,Female,37,2,1,Sales Representative,3,Single,2966,21378,9,Y,No,18,3,4,80,0,5,2,3,4,2,0,0,Company Website
26,Current employee,Travel_Rarely,1167,Sales,5,3,Other,1,23424,146879,4,Female,37,2,1,Sales Representative,3,Single,2966,22957,0,Y,No,18,3,4,80,0,5,2,3,4,2,0,0,Company Website
26,Current employee,Travel_Rarely,1167,Sales,5,3,Life Sciences,1,23425,146880,4,Female,37,2,1,Sales Representative,3,Single,2966,21378,9,Y,No,18,3,4,80,0,5,2,3,4,2,0,0,Seek
25,Voluntary Resignation,Travel_Rarely,240,Sales,5,3,Marketing,1,297,123752,2,Male,93,3,1,Laboratory Technician,4,Divorced,2661,8758,1,Y,Yes,11,3,4,80,0,6,1,3,6,4,0,3,GlassDoor
25,Voluntary Resignation,Travel_Rarely,240,Sales,5,3,Marketing,1,1814,125269,3,Male,46,2,2,Sales Executive,3,Single,5744,26959,1,Y,Yes,11,3,4,80,0,6,1,3,6,4,0,3,GlassDoor
25,Voluntary Resignation,Travel_Rarely,240,Sales,5,3,Life Sciences,1,1817,125272,3,Male,46,2,2,Sales Executive,3,Single,5744,26959,5,Y,Yes,11,3,4,80,0,6,1,3,6,4,0,3,GlassDoor
25,Voluntary Resignation,Travel_Rarely,240,Sales,5,3,Marketing,1,1818,125273,3,Male,46,2,2,Sales Executive,3,Single,5744,17759,1,Y,Yes,11,3,4,80,3,6,1,3,6,4,0,3,GlassDoor
25,Voluntary Resignation,Travel_Rarely,240,Sales,5,3,Life Sciences,1,1819,125274,3,Male,46,2,2,Sales Executive,3,Single,5744,21030,5,Y,Yes,11,3,4,80,0,6,1,3,6,4,0,3,GlassDoor
25,Voluntary Resignation,Travel_Rarely,240,Sales,5,3,Life Sciences,1,1824,125279,3,Male,46,2,2,Sales Executive,3,Single,5744,26959,5,Y,Yes,11,3,4,80,0,6,1,3,6,4,0,3,GlassDoor
25,Voluntary Resignation,Travel_Rarely,240,Sales,5,3,Marketing,1,1825,125280,3,Male,46,2,2,Sales Executive,3,Single,5744,17759,1,Y,Yes,11,3,4,80,3,6,1,3,6,4,0,3,GlassDoor
25,Voluntary Resignation,Travel_Rarely,240,Sales,5,3,Life Sciences,1,1826,125281,3,Male,46,2,2,Sales Executive,3,Single,5744,21030,5,Y,Yes,11,3,4,80,0,6,1,3,6,4,0,3,GlassDoor
25,Voluntary Resignation,Travel_Frequently,599,Sales,24,1,Life Sciences,1,6499,129954,2,Female,55,3,2,Sales Executive,3,Single,6577,19558,0,Y,No,11,3,2,80,0,6,6,3,5,4,4,4,GlassDoor
25,Voluntary Resignation,Travel_Frequently,599,Sales,24,1,Technical Degree,1,6501,129956,2,Female,55,3,2,Sales Executive,3,Single,6577,19558,7,Y,No,11,3,2,80,0,6,6,3,5,4,4,4,GlassDoor
25,Voluntary Resignation,Travel_Frequently,599,Sales,24,1,Life Sciences,1,6502,129957,2,Female,55,3,2,Sales Executive,3,Single,6577,19281,0,Y,No,11,3,2,80,0,6,6,3,5,4,4,4,GlassDoor
25,Voluntary Resignation,Travel_Frequently,599,Sales,24,1,Technical Degree,1,6503,129958,2,Female,55,3,2,Sales Executive,3,Single,6577,21158,7,Y,No,11,3,2,80,0,6,6,3,5,4,4,4,GlassDoor
25,Voluntary Resignation,Travel_Frequently,599,Sales,24,1,Life Sciences,1,6507,129962,2,Female,55,3,2,Sales Executive,3,Single,6577,19558,0,Y,No,11,3,2,80,0,6,6,3,5,4,4,4,GlassDoor
25,Voluntary Resignation,Travel_Frequently,599,Sales,24,1,Technical Degree,1,6509,129964,2,Female,55,3,2,Sales Executive,3,Single,6577,19558,7,Y,No,11,3,2,80,0,6,6,3,5,4,4,4,GlassDoor
25,Voluntary Resignation,Travel_Frequently,599,Sales,24,1,Life Sciences,1,6510,129965,2,Female,55,3,2,Sales Executive,3,Single,6577,19281,0,Y,No,11,3,2,80,0,6,6,3,5,4,4,4,GlassDoor
25,Voluntary Resignation,Travel_Frequently,599,Sales,24,1,Technical Degree,1,6511,129966,2,Female,55,3,2,Sales Executive,3,Single,6577,21158,7,Y,No,11,3,2,80,0,6,6,3,5,4,4,4,GlassDoor
25,Voluntary Resignation,Travel_Rarely,688,Research & Development,3,3,Medical,1,6546,130001,1,Male,91,3,1,Laboratory Technician,1,Married,4031,9396,5,Y,No,13,3,3,80,1,6,5,3,2,2,0,2,Jora
25,Voluntary Resignation,Travel_Rarely,688,Research & Development,3,3,Life Sciences,1,6548,130003,1,Male,91,3,1,Laboratory Technician,1,Married,4031,9396,1,Y,No,13,3,3,80,1,6,5,3,2,2,0,2,Jora
25,Voluntary Resignation,Travel_Rarely,688,Research & Development,3,3,Medical,1,6550,130005,1,Male,91,3,1,Laboratory Technician,1,Married,4031,18256,5,Y,No,13,3,3,80,1,6,5,3,2,2,0,2,Jora
25,Voluntary Resignation,Travel_Rarely,688,Research & Development,3,3,Life Sciences,1,6551,130006,1,Male,91,3,1,Laboratory Technician,1,Married,4031,19920,1,Y,No,13,3,3,80,1,6,5,3,2,2,0,2,Jora
25,Voluntary Resignation,Travel_Rarely,688,Research & Development,3,3,Medical,1,6554,130009,1,Male,91,3,1,Laboratory Technician,1,Married,4031,9396,5,Y,No,13,3,3,80,1,6,5,3,2,2,0,2,Jora
25,Voluntary Resignation,Travel_Rarely,688,Research & Development,3,3,Life Sciences,1,6556,130011,1,Male,91,3,1,Laboratory Technician,1,Married,4031,9396,1,Y,No,13,3,3,80,1,6,5,3,2,2,0,2,Jora
25,Voluntary Resignation,Travel_Rarely,688,Research & Development,3,3,Medical,1,6558,130013,1,Male,91,3,1,Laboratory Technician,1,Married,4031,18256,5,Y,No,13,3,3,80,1,6,5,3,2,2,0,2,Jora
25,Voluntary Resignation,Travel_Rarely,688,Research & Development,3,3,Life Sciences,1,6559,130014,1,Male,91,3,1,Laboratory Technician,1,Married,4031,19920,1,Y,No,13,3,3,80,1,6,5,3,2,2,0,2,Jora
25,Voluntary Resignation,Travel_Rarely,383,,9,2,Life Sciences,1,7254,130709,2,Male,57,3,3,Manufacturing Director,1,Married,7406,6950,1,Y,Yes,21,3,4,80,1,10,5,2,10,9,5,8,Company Website
25,Voluntary Resignation,Travel_Rarely,383,Sales,9,2,Medical,1,7255,130710,2,Male,57,3,3,Manufacturing Director,1,Married,7406,6950,1,Y,Yes,21,3,4,80,1,10,5,2,10,9,5,8,Company Website
25,Voluntary Resignation,Travel_Rarely,383,Sales,9,2,Life Sciences,1,7257,130712,2,Male,57,3,3,Manufacturing Director,1,Married,7406,19293,1,Y,Yes,21,4,4,80,1,10,5,2,10,9,5,8,Company Website
25,Voluntary Resignation,Travel_Rarely,383,Sales,9,2,Medical,1,7258,130713,2,Male,57,3,3,Manufacturing Director,1,Married,7406,20490,1,Y,Yes,21,4,4,80,1,10,5,2,10,9,5,8,Company Website
25,Voluntary Resignation,Travel_Rarely,383,Sales,9,2,Life Sciences,1,7262,130717,2,Male,57,3,3,Manufacturing Director,1,Married,7406,6950,1,Y,Yes,21,3,4,80,1,10,5,2,10,9,5,8,Company Website
25,Voluntary Resignation,Travel_Rarely,383,Sales,9,2,Medical,1,7263,130718,2,Male,57,3,3,Manufacturing Director,1,Married,7406,6950,1,Y,Yes,21,3,4,80,1,10,5,2,10,9,5,8,Company Website
25,Voluntary Resignation,Travel_Rarely,383,Sales,9,2,Life Sciences,1,7265,130720,2,Male,57,3,3,Manufacturing Director,1,Married,7406,19293,1,Y,Yes,21,4,4,80,1,10,5,2,10,9,5,8,Company Website
25,Voluntary Resignation,Travel_Rarely,383,Sales,9,2,Medical,1,7266,130721,2,Male,57,3,3,Manufacturing Director,1,Married,7406,20490,1,Y,Yes,21,4,4,80,1,10,5,2,10,9,5,8,Company Website
25,Voluntary Resignation,Travel_Rarely,240,Sales,5,3,Marketing,1,10320,133775,3,Female,65,4,2,Laboratory Technician,,Married,,23726,2,Y,Yes,13,3,2,80,1,17,1,2,5,3,1,3,Adzuna
25,Voluntary Resignation,Travel_Rarely,240,Sales,5,3,Life Sciences,1,10322,133777,3,Female,65,4,2,Laboratory Technician,4,Married,5231,23726,1,Y,Yes,13,3,2,80,1,17,1,2,5,3,1,3,Adzuna
25,Voluntary Resignation,Travel_Rarely,240,Sales,5,3,Marketing,1,10323,133778,3,Female,65,4,2,Laboratory Technician,4,Married,5231,19299,2,Y,Yes,13,3,2,80,1,17,1,2,5,3,1,3,Adzuna
25,Voluntary Resignation,Travel_Rarely,240,Sales,5,3,Life Sciences,1,10324,133779,3,Female,65,4,2,Laboratory Technician,4,Married,5231,19944,1,Y,Yes,13,3,2,80,1,17,1,2,5,3,1,3,Adzuna
25,Voluntary Resignation,Travel_Rarely,240,Sales,5,3,Marketing,1,10328,133783,3,Female,65,4,2,Laboratory Technician,4,Married,5231,23726,2,Y,Yes,13,3,2,80,1,17,1,2,5,3,1,3,Adzuna
25,Voluntary Resignation,Travel_Rarely,240,Sales,5,3,Life Sciences,1,10330,133785,3,Female,65,4,2,Laboratory Technician,4,Married,5231,23726,1,Y,Yes,13,3,2,80,1,17,1,2,5,3,1,3,Adzuna
25,Voluntary Resignation,Travel_Rarely,240,Sales,5,3,Marketing,1,10331,133786,3,Female,65,4,2,Laboratory Technician,4,Married,5231,19299,2,Y,Yes,13,3,2,80,1,17,1,2,5,3,1,3,Adzuna
25,Voluntary Resignation,Travel_Rarely,240,Sales,5,3,Life Sciences,1,10332,133787,3,Female,65,4,2,Laboratory Technician,4,Married,5231,19944,1,Y,Yes,13,3,2,80,1,17,1,2,5,3,1,3,Adzuna
25,Voluntary Resignation,Travel_Rarely,867,Sales,19,2,Marketing,1,10971,134426,3,Male,36,2,1,Sales Representative,2,Married,2413,18798,1,Y,Yes,18,3,3,80,3,1,2,3,1,0,0,0,LinkedIn
25,Voluntary Resignation,Travel_Rarely,867,Sales,19,2,Medical,1,10974,134429,3,Male,36,2,1,Sales Representative,2,Married,2413,18798,9,Y,Yes,18,3,3,80,3,1,2,3,1,0,0,0,LinkedIn
25,Voluntary Resignation,Travel_Rarely,867,Sales,19,2,Marketing,1,10975,134430,3,Male,36,2,1,Sales Representative,2,Married,2413,18420,1,Y,Yes,18,3,3,80,3,1,2,3,1,0,0,0,LinkedIn
25,Voluntary Resignation,Travel_Rarely,867,Sales,19,2,Medical,1,10976,134431,3,Male,36,2,1,Sales Representative,2,Married,2413,21530,9,Y,Yes,18,3,3,80,3,1,2,3,1,0,0,0,LinkedIn
25,Voluntary Resignation,Travel_Rarely,867,Sales,19,2,Marketing,1,10979,134434,3,Male,36,2,1,Sales Representative,2,Married,2413,18798,1,Y,Yes,18,3,3,80,3,1,2,3,1,0,0,0,LinkedIn
25,Voluntary Resignation,Travel_Rarely,867,Sales,19,2,Medical,1,10982,134437,3,Male,36,2,1,Sales Representative,2,Married,2413,18798,9,Y,Yes,18,3,3,80,3,1,2,3,1,0,0,0,LinkedIn
25,Voluntary Resignation,Travel_Rarely,867,Sales,19,2,Marketing,1,10983,134438,3,Male,36,2,1,Sales Representative,2,Married,2413,18420,1,Y,Yes,18,3,3,80,3,1,2,3,1,0,0,0,LinkedIn
25,Voluntary Resignation,Travel_Rarely,867,Sales,19,2,Medical,1,10984,134439,3,Male,36,2,1,Sales Representative,2,Married,2413,21530,9,Y,Yes,18,3,3,80,3,1,2,3,1,0,0,0,LinkedIn
25,Voluntary Resignation,Travel_Rarely,867,Sales,19,2,Marketing,1,11460,134915,3,Male,68,3,4,Research Director,4,Divorced,17399,6615,9,Y,No,22,3,3,80,1,32,1,2,5,4,1,3,Company Website
25,Voluntary Resignation,Travel_Rarely,867,Sales,19,2,Medical,1,11462,134917,3,Male,68,3,4,Research Director,4,Divorced,17399,6615,2,Y,No,22,4,3,80,1,32,1,2,5,4,1,3,Company Website
25,Voluntary Resignation,Travel_Rarely,867,Sales,19,2,Marketing,1,11463,134918,3,Male,68,3,4,Research Director,4,Divorced,17399,19305,9,Y,No,22,4,3,80,1,32,1,2,5,4,1,3,Company Website
25,Voluntary Resignation,Travel_Rarely,867,Sales,19,2,Medical,1,11464,134919,3,Male,68,3,4,Research Director,4,Divorced,17399,20490,2,Y,No,22,4,3,80,1,32,1,2,5,4,1,3,Company Website
25,Voluntary Resignation,Travel_Rarely,867,Sales,19,2,Marketing,1,11468,134923,3,Male,68,3,4,Research Director,4,Divorced,17399,6615,9,Y,No,22,3,3,80,1,32,1,2,5,4,1,3,Company Website
25,Voluntary Resignation,Travel_Rarely,867,Sales,19,2,Medical,1,11470,134925,3,Male,68,3,4,Research Director,4,Divorced,17399,6615,2,Y,No,22,4,3,80,1,32,1,2,5,4,1,3,Company Website
25,Voluntary Resignation,Travel_Rarely,867,Sales,19,2,Marketing,1,11471,134926,3,Male,68,3,4,Research Director,4,Divorced,17399,19305,9,Y,No,22,4,3,80,1,32,1,2,5,4,1,3,Company Website
25,Voluntary Resignation,Travel_Rarely,867,Sales,19,2,Medical,1,11472,134927,3,Male,68,3,4,Research Director,4,Divorced,17399,20490,2,Y,No,22,4,3,80,1,32,1,2,5,4,1,3,Company Website
25,Voluntary Resignation,Travel_Rarely,1219,Research & Development,4,1,Technical Degree,1,12767,136222,4,Male,32,3,1,Laboratory Technician,4,Married,3691,4605,1,Y,Yes,15,3,2,80,1,7,3,4,7,7,5,6,Recruit.net
25,Voluntary Resignation,Travel_Rarely,1219,Research & Development,4,1,Life Sciences,1,12769,136224,4,Male,32,3,1,Laboratory Technician,4,Married,3691,4605,1,Y,Yes,15,3,2,80,1,7,3,4,7,7,5,6,Recruit.net
25,Voluntary Resignation,Travel_Rarely,1219,Research & Development,4,1,Technical Degree,1,12771,136226,4,Male,32,3,1,Laboratory Technician,4,Married,3691,18420,1,Y,Yes,15,3,2,80,1,7,3,4,7,7,5,6,Recruit.net
25,Voluntary Resignation,Travel_Rarely,1219,Research & Development,4,1,Life Sciences,1,12772,136227,4,Male,32,3,1,Laboratory Technician,4,Married,3691,19944,1,Y,Yes,15,3,2,80,1,7,3,4,7,7,5,6,Recruit.net
25,Voluntary Resignation,Travel_Rarely,1219,Research & Development,4,1,Technical Degree,1,12775,136230,4,Male,32,3,1,Laboratory Technician,4,Married,3691,4605,1,Y,Yes,15,3,2,80,1,7,3,4,7,7,5,6,Recruit.net
25,Voluntary Resignation,Travel_Rarely,1219,Research & Development,4,1,Life Sciences,1,12777,136232,4,Male,32,3,1,Laboratory Technician,4,Married,3691,4605,1,Y,Yes,15,3,2,80,1,7,3,4,7,7,5,6,Recruit.net
25,Voluntary Resignation,Travel_Rarely,1219,Research & Development,4,1,Technical Degree,1,12779,136234,4,Male,32,3,1,Laboratory Technician,4,Married,3691,18420,1,Y,Yes,15,3,2,80,1,7,3,4,7,7,5,6,Recruit.net
25,Voluntary Resignation,Travel_Rarely,1219,Research & Development,4,1,Life Sciences,1,12780,136235,4,Male,32,3,1,Laboratory Technician,4,Married,3691,19944,1,Y,Yes,15,3,2,80,1,7,3,4,7,7,5,6,Recruit.net
25,Voluntary Resignation,Travel_Frequently,599,Sales,24,1,Life Sciences,1,14589,138044,3,Male,73,1,1,Sales Representative,4,Single,1118,8040,1,Y,Yes,14,4,4,80,0,1,4,3,1,0,1,0,Recruit.net
25,Voluntary Resignation,Travel_Frequently,599,Sales,24,1,Technical Degree,1,14591,138046,3,Male,73,1,1,Sales Representative,4,Single,1118,8040,9,Y,Yes,14,3,4,80,0,1,4,3,1,0,1,0,Recruit.net
25,Voluntary Resignation,Travel_Frequently,599,Sales,24,1,Life Sciences,1,14593,138048,3,Male,73,1,1,Sales Representative,4,Single,1118,18437,1,Y,Yes,14,3,4,80,0,1,4,3,1,0,1,0,Recruit.net
25,Voluntary Resignation,Travel_Frequently,599,Sales,24,1,Technical Degree,1,14594,138049,3,Male,73,1,1,Sales Representative,4,Single,1118,21534,9,Y,Yes,14,3,4,80,0,1,4,3,1,0,1,0,Recruit.net
25,Voluntary Resignation,Travel_Frequently,599,Sales,24,1,Life Sciences,1,14597,138052,3,Male,73,1,1,Sales Representative,4,Single,1118,8040,1,Y,Yes,14,4,4,80,0,1,4,3,1,0,1,0,Recruit.net
25,Voluntary Resignation,Travel_Frequently,599,Sales,24,1,Technical Degree,1,14599,138054,3,Male,73,1,1,Sales Representative,4,Single,1118,8040,9,Y,Yes,14,3,4,80,0,1,4,3,1,0,1,0,Recruit.net
25,Voluntary Resignation,Travel_Frequently,599,Sales,24,1,Life Sciences,1,14601,138056,3,Male,73,1,1,Sales Representative,4,Single,1118,18437,1,Y,Yes,14,3,4,80,0,1,4,3,1,0,1,0,Recruit.net
25,Voluntary Resignation,Travel_Frequently,599,Sales,24,1,Technical Degree,1,14602,138057,3,Male,73,1,1,Sales Representative,4,Single,1118,21534,9,Y,Yes,14,3,4,80,0,1,4,3,1,0,1,0,Recruit.net
25,Voluntary Resignation,Travel_Rarely,688,Research & Development,3,3,Medical,1,14865,138320,3,Female,78,3,3,Healthcare Representative,4,Married,7978,14075,1,Y,No,11,4,4,80,1,10,2,3,10,7,0,5,Jora
25,Voluntary Resignation,Travel_Rarely,688,Research & Development,3,3,Life Sciences,1,14866,138321,3,Female,78,3,3,Healthcare Representative,4,Married,7978,14075,0,Y,No,11,3,4,80,1,10,2,3,10,7,0,5,Jora
25,Voluntary Resignation,Travel_Rarely,688,Research & Development,3,3,Medical,1,14868,138323,3,Female,78,3,3,Healthcare Representative,4,Married,7978,19373,1,Y,No,11,3,4,80,1,10,2,3,10,7,0,5,Jora
25,Voluntary Resignation,Travel_Rarely,688,Research & Development,3,3,Life Sciences,1,14869,138324,3,Female,78,3,3,Healthcare Representative,4,Married,7978,19655,0,Y,No,11,3,4,80,1,10,2,3,10,7,0,5,Jora
25,Voluntary Resignation,Travel_Rarely,688,Research & Development,3,3,Medical,1,14873,138328,3,Female,78,3,3,Healthcare Representative,4,Married,7978,14075,1,Y,No,11,4,4,80,1,10,2,3,10,7,0,5,Jora
25,Voluntary Resignation,Travel_Rarely,688,Research & Development,3,3,Life Sciences,1,14874,138329,3,Female,78,3,3,Healthcare Representative,4,Married,7978,14075,0,Y,No,11,3,4,80,1,10,2,3,10,7,0,5,Jora
25,Voluntary Resignation,Travel_Rarely,688,Research & Development,3,3,Medical,1,14876,138331,3,Female,78,3,3,Healthcare Representative,4,Married,7978,19373,1,Y,No,11,3,4,80,1,10,2,3,10,7,0,5,Jora
25,Voluntary Resignation,Travel_Rarely,688,Research & Development,3,3,Life Sciences,1,14877,138332,3,Female,78,3,3,Healthcare Representative,4,Married,7978,19655,0,Y,No,11,3,4,80,1,10,2,3,10,7,0,5,Jora
25,Voluntary Resignation,Travel_Rarely,383,Sales,9,2,Life Sciences,1,16341,139796,1,Male,68,2,1,Sales Representative,1,Married,4400,15182,3,Y,No,12,4,1,80,0,6,2,3,3,2,2,2,Company Website
25,Voluntary Resignation,Travel_Rarely,383,Sales,9,2,Medical,1,16344,139799,1,Male,68,2,1,Sales Representative,1,Married,4400,15182,9,Y,No,12,4,1,80,0,6,2,3,3,2,2,2,Company Website
25,Voluntary Resignation,Travel_Rarely,383,Sales,9,2,Life Sciences,1,16345,139800,1,Male,68,2,1,Sales Representative,1,Married,4400,18775,3,Y,No,12,3,1,80,0,6,2,3,3,2,2,2,Company Website
25,Voluntary Resignation,Travel_Rarely,383,Sales,9,2,Medical,1,16346,139801,1,Male,68,2,1,Sales Representative,1,Married,4400,21436,9,Y,No,12,3,1,80,0,6,2,3,3,2,2,2,Company Website
25,Voluntary Resignation,Travel_Rarely,383,Sales,9,2,Life Sciences,1,16349,139804,1,Male,68,2,1,Sales Representative,1,Married,4400,15182,3,Y,No,12,4,1,80,0,6,2,3,3,2,2,2,Company Website
25,Voluntary Resignation,Travel_Rarely,383,Sales,9,2,Medical,1,16352,139807,1,Male,68,2,1,Sales Representative,1,Married,4400,15182,9,Y,No,12,4,1,80,0,6,2,3,3,2,2,2,Company Website
25,Voluntary Resignation,Travel_Rarely,383,Sales,9,2,Life Sciences,1,16353,139808,1,Male,68,2,1,Sales Representative,1,Married,4400,18775,3,Y,No,12,3,1,80,0,6,2,3,3,2,2,2,Company Website
25,Voluntary Resignation,Travel_Rarely,383,Sales,9,2,Medical,1,16354,139809,1,Male,68,2,1,Sales Representative,1,Married,4400,21436,9,Y,No,12,3,1,80,0,6,2,3,3,2,2,2,Company Website
25,Voluntary Resignation,Travel_Rarely,1219,Research & Development,4,1,Technical Degree,1,22500,145955,4,Male,98,2,2,Healthcare Representative,3,Single,4617,14120,1,Y,No,12,3,2,80,0,4,2,2,4,3,1,2,LinkedIn
25,Voluntary Resignation,Travel_Rarely,1219,Research & Development,4,1,Life Sciences,1,22502,145957,4,Male,98,2,2,Healthcare Representative,3,Single,4617,14120,0,Y,No,12,3,2,80,0,4,2,2,4,3,1,2,LinkedIn
25,Voluntary Resignation,Travel_Rarely,1219,Research & Development,4,1,Technical Degree,1,22505,145960,4,Male,98,2,2,Healthcare Representative,3,Single,4617,19630,1,Y,No,12,3,2,80,0,4,2,2,4,3,1,2,LinkedIn
25,Voluntary Resignation,Travel_Rarely,1219,Research & Development,4,1,Life Sciences,1,22506,145961,4,Male,98,2,2,Healthcare Representative,3,Single,4617,19764,0,Y,No,12,3,2,80,0,4,2,2,4,3,1,2,LinkedIn
25,Voluntary Resignation,Travel_Rarely,1219,Research & Development,4,1,Technical Degree,1,22508,145963,4,Male,98,2,2,Healthcare Representative,3,Single,4617,14120,1,Y,No,12,,2,80,0,4,2,2,4,3,1,2,LinkedIn
25,Voluntary Resignation,Travel_Rarely,1219,Research & Development,4,1,Life Sciences,1,22510,145965,4,Male,98,2,2,Healthcare Representative,3,Single,4617,14120,0,Y,No,12,3,2,80,0,4,2,2,4,3,1,2,LinkedIn
25,Voluntary Resignation,Travel_Rarely,1219,Research & Development,4,1,Technical Degree,1,22513,145968,4,Male,98,2,2,Healthcare Representative,3,Single,4617,19630,1,Y,No,12,3,2,80,0,4,2,2,4,3,1,2,LinkedIn
25,Voluntary Resignation,Travel_Rarely,1219,Research & Development,4,1,Life Sciences,1,22514,145969,4,Male,98,2,2,Healthcare Representative,3,Single,4617,19764,0,Y,No,12,3,2,80,0,4,2,2,4,3,1,2,LinkedIn
25,Current employee,Travel_Rarely,622,Sales,13,1,Medical,1,84,123539,1,Male,40,3,1,Laboratory Technician,2,Married,3468,16632,1,Y,No,11,4,3,80,0,7,1,3,7,4,0,6,Company Website
25,Current employee,Travel_Rarely,1280,Research & Development,7,1,Medical,1,320,123775,3,Male,50,2,1,Laboratory Technician,3,Single,2028,12947,1,Y,No,11,3,3,80,2,2,2,3,2,2,2,1,Company Website
25,Current employee,Travel_Rarely,309,Human Resources,2,3,Human Resources,1,542,123997,1,Female,39,1,1,Research Scientist,1,Single,3919,4681,1,Y,Yes,22,4,2,80,0,10,5,3,10,2,6,7,Company Website
25,Current employee,Travel_Rarely,309,Human Resources,2,3,Life Sciences,1,543,123998,1,Female,39,1,1,Research Scientist,1,Single,3919,4681,2,Y,Yes,22,3,2,80,0,10,5,3,10,2,6,7,Company Website
25,Current employee,Travel_Rarely,309,Human Resources,2,3,Human Resources,1,545,124000,1,Female,39,1,1,Research Scientist,1,Single,3919,18830,1,Y,Yes,22,4,2,80,0,10,5,3,10,2,6,7,Company Website
25,Current employee,Travel_Rarely,309,Human Resources,2,3,Life Sciences,1,546,124001,1,Female,39,1,1,Research Scientist,1,Single,3919,20623,2,Y,Yes,22,4,2,80,0,10,5,3,10,2,6,7,Company Website
25,Current employee,Travel_Rarely,309,Human Resources,2,3,Human Resources,1,552,124007,1,Female,39,1,1,Research Scientist,1,Single,3919,4681,1,Y,Yes,22,4,2,80,0,10,5,3,10,2,6,7,Company Website
25,Current employee,Travel_Rarely,309,Human Resources,2,3,Life Sciences,1,553,124008,1,Female,39,1,1,Research Scientist,1,Single,3919,4681,2,Y,Yes,22,3,2,80,0,10,5,3,10,2,6,7,Company Website
25,Current employee,Travel_Rarely,309,Human Resources,2,3,Human Resources,1,555,124010,1,Female,39,1,1,Research Scientist,1,Single,3919,18830,1,Y,Yes,22,4,2,80,0,10,5,3,10,2,6,7,Company Website
25,Current employee,Travel_Rarely,309,Human Resources,2,3,Life Sciences,1,556,124011,1,Female,39,1,1,Research Scientist,1,Single,3919,20623,2,Y,Yes,22,4,2,80,0,10,5,3,10,2,6,7,Company Website
25,Current employee,Travel_Rarely,959,Sales,28,3,Life Sciences,1,1555,125010,1,Male,42,2,4,Healthcare Representative,2,Married,13503,14115,1,Y,No,22,3,4,80,1,22,3,2,22,3,11,11,Company Website
25,Current employee,Travel_Rarely,959,Sales,28,3,Technical Degree,1,1557,125012,1,Male,42,2,4,Healthcare Representative,2,Married,13503,14115,0,Y,No,22,3,4,80,1,22,3,2,22,3,11,11,Company Website
25,Current employee,Travel_Rarely,959,Sales,28,3,Life Sciences,1,1558,125013,1,Male,42,2,4,Healthcare Representative,2,Married,13503,19002,1,Y,No,22,4,4,80,1,22,3,2,22,3,11,11,Company Website
25,Current employee,Travel_Rarely,959,Sales,28,3,Technical Degree,1,1559,125014,1,Male,42,2,4,Healthcare Representative,2,Married,13503,19783,0,Y,No,22,4,4,80,1,22,3,2,22,3,11,11,Company Website
25,Current employee,Travel_Rarely,959,Sales,28,3,Life Sciences,1,1562,125017,1,Male,42,2,4,Healthcare Representative,2,Married,13503,14115,1,Y,No,22,3,4,80,1,22,3,2,22,3,11,11,Company Website
25,Current employee,Travel_Rarely,959,Sales,28,3,Technical Degree,1,1564,125019,1,Male,42,2,4,Healthcare Representative,2,Married,13503,14115,0,Y,No,22,3,4,80,1,22,3,2,22,3,11,11,Company Website
25,Current employee,Travel_Rarely,959,Sales,28,3,Life Sciences,1,1565,125020,1,Male,42,2,4,Healthcare Representative,2,Married,13503,19002,1,Y,No,22,4,4,80,1,22,3,2,22,3,11,11,Company Website
25,Current employee,Travel_Rarely,959,Sales,28,3,Technical Degree,1,1566,125021,1,Male,42,2,4,Healthcare Representative,2,Married,13503,19783,0,Y,No,22,4,4,80,1,22,3,2,22,3,11,11,Company Website
25,Current employee,Travel_Rarely,1280,Research & Development,7,1,Medical,1,1829,125284,4,Male,64,2,1,Research Scientist,4,Married,2889,26897,1,Y,No,11,3,3,80,2,2,2,3,2,2,2,1,Company Website
25,Current employee,Travel_Rarely,1280,Research & Development,7,1,Marketing,1,1831,125286,4,Male,64,2,1,Research Scientist,4,Married,2889,26897,3,Y,No,11,3,3,80,2,2,2,3,2,2,2,1,Company Website
25,Current employee,Travel_Rarely,1280,Research & Development,7,1,Medical,1,1833,125288,4,Male,64,2,1,Research Scientist,4,Married,2889,17881,1,Y,No,11,3,3,80,3,2,2,3,2,2,2,1,Company Website
25,Current employee,Travel_Rarely,1280,Research & Development,7,1,Marketing,1,1834,125289,4,Male,64,2,1,Research Scientist,4,Married,2889,20978,3,Y,No,11,3,3,80,2,2,2,3,2,2,2,1,Company Website
25,Current employee,Travel_Rarely,1280,Research & Development,7,1,Marketing,1,1838,125293,4,Male,64,2,1,Research Scientist,4,Married,2889,26897,3,Y,No,11,3,3,80,2,2,2,3,2,2,2,1,Company Website
25,Current employee,Travel_Rarely,1280,Research & Development,7,1,Medical,1,1840,125295,4,Male,64,2,1,Research Scientist,4,Married,2889,17881,1,Y,No,11,3,3,80,3,2,2,3,2,2,2,1,Company Website
25,Current employee,Travel_Rarely,1280,Research & Development,7,1,Marketing,1,1841,125296,4,Male,64,2,1,Research Scientist,4,Married,2889,20978,3,Y,No,11,3,3,80,2,2,2,3,2,2,2,1,Company Website
25,Current employee,Travel_Rarely,685,Research & Development,1,3,Life Sciences,1,2209,125664,1,Female,43,1,2,Sales Executive,3,Married,4559,24788,,Y,Yes,11,3,3,80,1,4,2,3,2,2,2,2,Seek
25,Current employee,Travel_Rarely,685,Research & Development,1,3,Life Sciences,1,2210,125665,1,Female,43,1,2,Sales Executive,3,Married,4559,24788,4,Y,Yes,11,3,3,80,1,4,2,3,2,2,2,2,Seek
25,Current employee,Travel_Rarely,685,Research & Development,1,3,Life Sciences,1,2212,125667,1,Female,43,1,2,Sales Executive,3,Married,4559,19002,3,Y,Yes,11,3,3,80,1,4,2,3,2,2,2,2,Seek
25,Current employee,Travel_Rarely,685,Research & Development,1,3,Life Sciences,1,2213,125668,1,Female,43,1,2,Sales Executive,3,Married,4559,20989,4,Y,Yes,11,3,3,80,1,4,2,3,2,2,2,2,Seek
25,Current employee,Travel_Rarely,685,Research & Development,1,3,Life Sciences,1,2217,125672,1,Female,43,1,2,Sales Executive,3,Married,4559,24788,3,Y,Yes,11,3,3,80,1,4,2,3,2,2,2,2,Seek
25,Current employee,Travel_Rarely,685,Research & Development,1,3,Life Sciences,1,2218,125673,1,Female,43,1,2,Sales Executive,3,Married,4559,24788,4,Y,Yes,11,3,3,80,1,4,2,3,2,2,2,2,Seek
25,Current employee,Travel_Rarely,685,Research & Development,1,3,Life Sciences,1,2220,125675,1,Female,43,1,2,Sales Executive,3,Married,4559,19002,3,Y,Yes,11,3,3,80,1,4,2,3,2,2,2,2,Seek
25,Current employee,Travel_Rarely,685,Research & Development,1,3,Life Sciences,1,2221,125676,1,Female,43,1,2,Sales Executive,3,Married,4559,20989,4,Y,Yes,11,3,3,80,1,4,2,3,2,2,2,2,Seek
25,Current employee,Non-Travel,675,Research & Development,5,2,Life Sciences,1,2289,125744,1,Female,43,2,2,Sales Executive,3,Married,5902,14590,4,Y,No,14,3,3,80,1,17,1,4,15,11,5,9,Company Website
25,Current employee,Non-Travel,675,Research & Development,5,2,Life Sciences,1,2291,125746,1,Female,43,2,2,Sales Executive,3,Married,5902,14590,5,Y,No,14,4,3,80,1,17,1,4,15,11,5,9,Company Website
25,Current employee,Non-Travel,675,Research & Development,5,2,Life Sciences,1,2292,125747,1,Female,43,2,2,Sales Executive,3,Married,5902,19146,4,Y,No,14,3,3,80,1,17,1,4,15,11,5,9,Company Website
25,Current employee,Non-Travel,675,Research & Development,5,2,Life Sciences,1,2293,125748,1,Female,43,2,2,Sales Executive,3,Married,5902,21072,5,Y,No,14,3,3,80,1,17,1,4,15,11,5,9,Company Website
25,Current employee,Non-Travel,675,Research & Development,5,2,Life Sciences,1,2297,125752,1,Female,43,2,2,Sales Executive,3,Married,5902,14590,4,Y,No,14,3,3,80,1,17,1,4,15,11,5,9,Company Website
25,Current employee,Non-Travel,675,Research & Development,5,2,Life Sciences,1,2299,125754,1,Female,43,2,2,Sales Executive,3,Married,5902,14590,5,Y,No,14,4,3,80,1,17,1,4,15,11,5,9,Company Website
25,Current employee,Non-Travel,675,Research & Development,5,2,Life Sciences,1,2300,125755,1,Female,43,2,2,Sales Executive,3,Married,5902,19146,4,Y,No,14,3,3,80,1,17,1,4,15,11,5,9,Company Website
25,Current employee,Non-Travel,675,Research & Development,5,2,Life Sciences,1,2301,125756,1,Female,43,2,2,Sales Executive,3,Married,5902,21072,5,Y,No,14,3,3,80,1,17,1,4,15,11,5,9,Company Website
25,Current employee,Travel_Rarely,959,Sales,28,3,Life Sciences,1,2303,125758,1,Male,41,2,2,Sales Executive,3,Married,8639,24835,2,Y,No,18,3,4,80,0,6,3,3,2,2,2,2,Indeed
25,Current employee,Travel_Rarely,959,Sales,28,3,Technical Degree,1,2306,125761,1,Male,41,2,2,Sales Executive,3,Married,8639,24835,8,Y,No,18,3,4,80,0,6,3,3,2,2,2,2,Indeed
25,Current employee,Travel_Rarely,959,Sales,28,3,Life Sciences,1,2307,125762,1,Male,41,2,2,Sales Executive,3,Married,8639,17881,2,Y,No,18,3,4,80,3,6,3,3,2,2,2,2,Indeed
25,Current employee,Travel_Rarely,959,Sales,28,3,Technical Degree,1,2308,125763,1,Male,41,2,2,Sales Executive,3,Married,8639,21221,8,Y,No,18,3,4,80,0,6,3,3,2,2,2,2,Indeed
25,Current employee,Travel_Rarely,959,Sales,28,3,Life Sciences,1,2311,125766,1,Male,41,2,2,Sales Executive,3,Married,8639,24835,2,Y,No,18,3,4,80,0,6,3,3,2,2,2,2,Indeed
25,Current employee,Travel_Rarely,959,Sales,28,3,Technical Degree,1,2314,125769,1,Male,41,2,2,Sales Executive,3,Married,8639,24835,8,Y,No,18,3,4,80,0,6,3,3,2,2,2,2,Indeed
25,Current employee,Travel_Rarely,959,Sales,28,3,Life Sciences,1,2315,125770,1,Male,41,2,2,Sales Executive,3,Married,8639,17881,2,Y,No,18,3,4,80,3,6,3,3,2,2,2,2,Indeed
25,Current employee,Travel_Rarely,959,Sales,28,3,Technical Degree,1,2316,125771,1,Male,41,2,2,Sales Executive,3,Married,8639,21221,8,Y,No,18,3,4,80,0,6,3,3,2,2,2,2,Indeed
25,Current employee,Travel_Rarely,891,Sales,4,2,Life Sciences,1,3054,126509,1,Female,45,3,5,Manager,3,Married,19033,6499,1,Y,No,14,3,2,80,1,21,2,3,20,8,9,9,Adzuna
25,Current employee,Travel_Rarely,891,Sales,4,2,Life Sciences,1,3056,126511,1,Female,45,3,5,Manager,3,Married,19033,6499,1,Y,No,14,3,2,80,1,21,2,3,20,8,9,9,Adzuna
25,Current employee,Travel_Rarely,891,Sales,4,2,Life Sciences,1,3057,126512,1,Female,45,3,5,Manager,3,Married,19033,19146,1,Y,No,14,3,2,80,1,21,2,3,20,8,9,9,Adzuna
25,Current employee,Travel_Rarely,891,Sales,4,2,Life Sciences,1,3058,126513,1,Female,45,3,5,Manager,3,Married,19033,20156,1,Y,No,14,3,2,80,1,21,2,3,20,8,9,9,Adzuna
25,Current employee,Travel_Rarely,891,Sales,4,2,Life Sciences,1,3062,126517,1,Female,45,3,5,Manager,3,Married,19033,6499,1,Y,No,14,3,2,80,1,21,2,3,20,8,9,9,Adzuna
25,Current employee,Travel_Rarely,891,Sales,4,2,Life Sciences,1,3064,126519,1,Female,45,3,5,Manager,3,Married,19033,6499,1,Y,No,14,3,2,80,1,21,2,3,20,8,9,9,Adzuna
25,Current employee,Travel_Rarely,891,Sales,4,2,Life Sciences,1,3065,126520,1,Female,45,3,5,Manager,3,Married,19033,19146,1,Y,No,14,3,2,80,1,21,2,3,20,8,9,9,Adzuna
25,Current employee,Travel_Rarely,891,Sales,4,2,Life Sciences,1,3066,126521,1,Female,45,3,5,Manager,3,Married,19033,20156,1,Y,No,14,3,2,80,1,21,2,3,20,8,9,9,Adzuna
25,Current employee,Travel_Rarely,810,Sales,8,3,Life Sciences,1,3830,127285,1,Male,47,3,1,Laboratory Technician,4,Married,2436,22149,5,Y,Yes,13,3,3,80,1,8,2,1,5,4,0,4,Recruit.net
25,Current employee,Travel_Rarely,810,Sales,8,3,Medical,1,3831,127286,1,Male,47,3,1,Laboratory Technician,4,Married,2436,22149,1,Y,Yes,13,3,3,80,1,8,2,1,5,4,0,4,Recruit.net
25,Current employee,Travel_Rarely,810,Sales,8,3,Life Sciences,1,3833,127288,1,Male,47,3,1,Laboratory Technician,4,Married,2436,19170,5,Y,Yes,13,3,3,80,1,8,2,1,5,4,0,4,Recruit.net
25,Current employee,Travel_Rarely,810,Sales,8,3,Medical,1,3834,127289,1,Male,47,3,1,Laboratory Technician,4,Married,2436,19982,1,Y,Yes,13,3,3,80,1,8,2,1,5,4,0,4,Recruit.net
25,Current employee,Travel_Rarely,810,Sales,8,3,Life Sciences,1,3838,127293,1,Male,47,3,1,Laboratory Technician,4,Married,2436,22149,5,Y,Yes,13,3,3,80,1,8,2,1,5,4,0,4,Recruit.net
25,Current employee,Travel_Rarely,810,Sales,8,3,Medical,1,3839,127294,1,Male,47,3,1,Laboratory Technician,4,Married,2436,22149,1,Y,Yes,13,3,3,80,1,8,2,1,5,4,0,4,Recruit.net
25,Current employee,Travel_Rarely,810,Sales,8,3,Life Sciences,1,3841,127296,1,Male,47,3,1,Laboratory Technician,4,Married,2436,19170,5,Y,Yes,13,3,3,80,1,8,2,1,5,4,0,4,Recruit.net
25,Current employee,Travel_Rarely,810,Sales,8,3,Medical,1,3842,127297,1,Male,47,3,1,Laboratory Technician,4,Married,2436,19982,1,Y,Yes,13,3,3,80,1,8,2,1,5,4,0,4,Recruit.net
25,Current employee,Travel_Rarely,685,Research & Development,1,3,Life Sciences,1,4165,127620,1,Female,62,3,2,Manufacturing Director,3,Married,4898,7505,0,Y,No,12,3,4,80,2,5,3,3,4,2,1,2,Adzuna
25,Current employee,Travel_Rarely,685,Research & Development,1,3,Human Resources,1,4167,127622,1,Female,62,3,2,Manufacturing Director,3,Married,4898,7505,1,Y,No,12,3,4,80,2,5,3,3,4,2,1,2,Adzuna
25,Current employee,Travel_Rarely,685,Research & Development,1,3,Life Sciences,1,4169,127624,1,Female,62,3,2,Manufacturing Director,3,Married,4898,18154,0,Y,No,12,3,4,80,3,5,3,3,4,2,1,2,Adzuna
25,Current employee,Travel_Rarely,685,Research & Development,1,3,Human Resources,1,4170,127625,1,Female,62,3,2,Manufacturing Director,3,Married,4898,20392,1,Y,No,12,3,4,80,2,5,3,3,4,2,1,2,Adzuna
25,Current employee,Travel_Rarely,685,Research & Development,1,3,Life Sciences,1,4173,127628,1,Female,62,3,2,Manufacturing Director,3,Married,4898,7505,0,Y,No,12,3,4,80,2,5,3,3,4,2,1,2,Adzuna
25,Current employee,Travel_Rarely,685,Research & Development,1,3,Human Resources,1,4175,127630,1,Female,62,3,2,Manufacturing Director,3,Married,4898,7505,1,Y,No,12,3,4,80,2,5,3,3,4,2,1,2,Adzuna
25,Current employee,Travel_Rarely,685,Research & Development,1,3,Life Sciences,1,4177,127632,1,Female,62,3,2,Manufacturing Director,3,Married,4898,18154,0,Y,No,12,3,4,80,3,5,3,3,4,2,1,2,Adzuna
25,Current employee,Travel_Rarely,685,Research & Development,1,3,Human Resources,1,4178,127633,1,Female,62,3,2,Manufacturing Director,3,Married,4898,20392,1,Y,No,12,3,4,80,2,5,3,3,4,2,1,2,Adzuna
25,Current employee,Non-Travel,675,Research & Development,5,2,Life Sciences,1,4356,127811,2,Male,85,4,2,Healthcare Representative,1,Divorced,4000,18384,1,Y,No,12,4,4,80,2,6,2,3,6,3,1,5,Seek
25,Current employee,Non-Travel,675,Research & Development,5,2,Life Sciences,1,4358,127813,2,Male,85,4,2,Healthcare Representative,1,Divorced,4000,18384,0,Y,No,12,3,4,80,2,6,2,3,6,3,1,5,Seek
25,Current employee,Non-Travel,675,Research & Development,5,2,Life Sciences,1,4360,127815,2,Male,85,4,2,Healthcare Representative,1,Divorced,4000,18154,1,Y,No,12,3,4,80,2,6,2,3,6,3,1,5,Seek
25,Current employee,Non-Travel,675,Research & Development,5,2,Life Sciences,1,4361,127816,2,Male,85,4,2,Healthcare Representative,1,Divorced,4000,19764,0,Y,No,12,3,4,80,2,6,2,3,6,3,1,5,Seek
25,Current employee,Non-Travel,675,Research & Development,5,2,Life Sciences,1,4364,127819,2,Male,85,4,2,Healthcare Representative,1,Divorced,4000,18384,1,Y,No,12,4,4,80,2,6,2,3,6,3,1,5,Seek
25,Current employee,Non-Travel,675,Research & Development,5,2,Life Sciences,1,4366,127821,2,Male,85,4,2,Healthcare Representative,1,Divorced,4000,18384,0,Y,No,12,3,4,80,2,6,2,3,6,3,1,5,Seek
25,Current employee,Non-Travel,675,Research & Development,5,2,Life Sciences,1,4368,127823,2,Male,85,4,2,Healthcare Representative,1,Divorced,4000,18154,1,Y,No,12,3,4,80,2,6,2,3,6,3,1,5,Seek
25,Current employee,Non-Travel,675,Research & Development,5,2,Life Sciences,1,4369,127824,2,Male,85,4,2,Healthcare Representative,1,Divorced,4000,19764,0,Y,No,12,3,4,80,2,6,2,3,6,3,1,5,Seek
25,Current employee,Travel_Rarely,1356,Sales,10,4,Life Sciences,1,6280,129735,2,Female,54,3,1,Laboratory Technician,1,Divorced,2576,20490,3,Y,No,16,3,2,80,1,8,5,3,5,2,1,2,Seek
25,Current employee,Travel_Rarely,1356,Sales,10,4,Medical,1,6282,129737,2,Female,54,3,1,Laboratory Technician,1,Divorced,2576,20490,1,Y,No,16,3,2,80,1,8,5,3,5,2,1,2,Seek
25,Current employee,Travel_Rarely,1356,Sales,10,4,Life Sciences,1,6283,129738,2,Female,54,3,1,Laboratory Technician,1,Divorced,2576,19170,3,Y,No,16,3,2,80,1,8,5,3,5,2,1,2,Seek
25,Current employee,Travel_Rarely,1356,Sales,10,4,Medical,1,6284,129739,2,Female,54,3,1,Laboratory Technician,1,Divorced,2576,19982,1,Y,No,16,3,2,80,1,8,5,3,5,2,1,2,Seek
25,Current employee,Travel_Rarely,1356,Sales,10,4,Life Sciences,1,6288,129743,2,Female,54,3,1,Laboratory Technician,1,Divorced,2576,20490,3,Y,No,16,3,2,80,1,8,5,3,5,2,1,2,Seek
25,Current employee,Travel_Rarely,1356,Sales,10,4,Medical,1,6290,129745,2,Female,54,3,1,Laboratory Technician,1,Divorced,2576,20490,1,Y,No,16,3,2,80,1,8,5,3,5,2,1,2,Seek
25,Current employee,Travel_Rarely,1356,Sales,10,4,Life Sciences,1,6291,129746,2,Female,54,3,1,Laboratory Technician,1,Divorced,2576,19170,3,Y,No,16,3,2,80,1,8,5,3,5,2,1,2,Seek
25,Current employee,Travel_Rarely,1356,Sales,10,4,Medical,1,6292,129747,2,Female,54,3,1,Laboratory Technician,1,Divorced,2576,19982,1,Y,No,16,3,2,80,1,8,5,3,5,2,1,2,Seek
25,Current employee,Travel_Rarely,891,Sales,4,2,Life Sciences,1,6419,129874,2,Female,99,2,2,Sales Executive,4,Single,4487,12090,1,Y,Yes,11,4,2,80,0,5,3,3,5,4,1,3,Adzuna
25,Current employee,Travel_Rarely,891,Sales,4,2,Life Sciences,1,6421,129876,2,Female,99,2,2,Sales Executive,4,Single,4487,12090,5,Y,Yes,11,3,2,80,0,5,3,3,5,4,1,3,Adzuna
25,Current employee,Travel_Rarely,891,Sales,4,2,Life Sciences,1,6423,129878,2,Female,99,2,2,Sales Executive,4,Single,4487,18256,1,Y,Yes,11,3,2,80,0,5,3,3,5,4,1,3,Adzuna
25,Current employee,Travel_Rarely,891,Sales,4,2,Life Sciences,1,6424,129879,2,Female,99,2,2,Sales Executive,4,Single,4487,21016,5,Y,Yes,11,3,2,80,0,5,3,3,5,4,1,3,Adzuna
25,Current employee,Travel_Rarely,891,Sales,4,2,Life Sciences,1,6427,129882,2,Female,99,2,2,Sales Executive,4,Single,4487,12090,1,Y,Yes,11,4,2,80,0,5,3,3,5,4,1,3,Adzuna
25,Current employee,Travel_Rarely,891,Sales,4,2,Life Sciences,1,6429,129884,2,Female,99,2,2,Sales Executive,4,Single,4487,12090,5,Y,Yes,11,3,2,80,0,5,3,3,5,4,1,3,Adzuna
25,Current employee,Travel_Rarely,891,Sales,4,2,Life Sciences,1,6431,129886,2,Female,99,2,2,Sales Executive,4,Single,4487,18256,1,Y,Yes,11,3,2,80,0,5,3,3,5,4,1,3,Adzuna
25,Current employee,Travel_Rarely,891,Sales,4,2,Life Sciences,1,6432,129887,2,Female,99,2,2,Sales Executive,4,Single,4487,21016,5,Y,Yes,11,3,2,80,0,5,3,3,5,4,1,3,Adzuna
25,Current employee,Travel_Rarely,1372,Sales,18,1,Life Sciences,1,7105,130560,2,Male,56,3,3,Sales Executive,4,Single,9980,15318,1,Y,No,14,4,4,80,0,10,3,2,10,3,9,7,Seek
25,Current employee,Travel_Rarely,1372,Sales,18,1,Medical,1,7107,130562,2,Male,56,3,3,Sales Executive,4,Single,9980,15318,7,Y,No,14,4,4,80,0,10,3,2,10,3,9,7,Seek
25,Current employee,Travel_Rarely,1372,Sales,18,1,Life Sciences,1,7108,130563,2,Male,56,3,3,Sales Executive,4,Single,9980,19281,1,Y,No,14,3,4,80,0,10,3,2,10,3,9,7,Seek
25,Current employee,Travel_Rarely,1372,Sales,18,1,Medical,1,7109,130564,2,Male,56,3,3,Sales Executive,4,Single,9980,21158,7,Y,No,14,3,4,80,0,10,3,2,10,3,9,7,Seek
25,Current employee,Travel_Rarely,1372,Sales,18,1,Life Sciences,1,7113,130568,2,Male,56,3,3,Sales Executive,4,Single,9980,15318,1,Y,No,14,4,4,80,0,10,3,2,10,3,9,7,Seek
25,Current employee,Travel_Rarely,1372,Sales,18,1,Medical,1,7115,130570,2,Male,56,3,3,Sales Executive,4,Single,9980,15318,7,Y,No,14,4,4,80,0,10,3,2,10,3,9,7,Seek
25,Current employee,Travel_Rarely,1372,Sales,18,1,Life Sciences,1,7116,130571,2,Male,56,3,3,Sales Executive,4,Single,9980,19281,1,Y,No,14,3,4,80,0,10,3,2,10,3,9,7,Seek
25,Current employee,Travel_Rarely,1372,Sales,18,1,Medical,1,7117,130572,2,Male,56,3,3,Sales Executive,4,Single,9980,21158,7,Y,No,14,3,4,80,0,10,3,2,10,3,9,7,Seek
25,Current employee,Travel_Rarely,622,Sales,13,1,Medical,1,7669,131124,2,Male,40,3,1,Sales Representative,3,Married,2096,26376,1,Y,No,11,4,3,80,0,7,1,3,7,4,0,6,Company Website
25,Current employee,Travel_Rarely,622,Sales,13,1,Medical,1,7672,131127,2,Male,40,3,1,Sales Representative,3,Married,2096,26376,9,Y,No,11,3,3,80,0,7,1,3,7,4,0,6,Company Website
25,Current employee,Travel_Rarely,622,Sales,13,1,Medical,1,7673,131128,2,Male,40,3,1,Sales Representative,3,Married,2096,18275,1,Y,No,11,3,3,80,0,7,1,3,7,4,0,6,Company Website
25,Current employee,Travel_Rarely,622,Sales,13,1,Medical,1,7674,131129,2,Male,40,3,1,Sales Representative,3,Married,2096,21530,9,Y,No,11,3,3,80,0,7,1,3,7,4,0,6,Company Website
25,Current employee,Travel_Rarely,622,Sales,13,1,Medical,1,7679,131134,2,Male,40,3,1,Sales Representative,3,Married,2096,26376,9,Y,No,11,3,3,80,0,7,1,3,7,4,0,6,Company Website
25,Current employee,Travel_Rarely,622,Sales,13,1,Medical,1,7680,131135,2,Male,40,3,1,Sales Representative,3,Married,2096,18275,1,Y,No,11,3,3,80,0,7,1,3,7,4,0,6,Company Website
25,Current employee,Travel_Rarely,622,Sales,13,1,Medical,1,7681,131136,2,Male,40,3,1,Sales Representative,3,Married,2096,21530,9,Y,No,11,3,3,80,0,7,1,3,7,4,0,6,Company Website
25,Current employee,Travel_Frequently,772,Research & Development,2,1,Life Sciences,1,8231,131686,2,Male,59,3,1,Research Scientist,1,Single,3348,3164,1,Y,Yes,11,3,1,80,0,10,3,3,10,8,9,7,LinkedIn
25,Current employee,Travel_Frequently,772,Research & Development,2,1,Life Sciences,1,8232,131687,2,Male,59,3,1,Research Scientist,1,Single,3348,3164,2,Y,Yes,11,3,1,80,0,10,3,3,10,8,9,7,LinkedIn
25,Current employee,Travel_Frequently,772,Research & Development,2,1,Life Sciences,1,8234,131689,2,Male,59,3,1,Research Scientist,1,Single,3348,19293,1,Y,Yes,11,3,1,80,0,10,3,3,10,8,9,7,LinkedIn
25,Current employee,Travel_Frequently,772,Research & Development,2,1,Life Sciences,1,8235,131690,2,Male,59,3,1,Research Scientist,1,Single,3348,20623,2,Y,Yes,11,3,1,80,0,10,3,3,10,8,9,7,LinkedIn
25,Current employee,Travel_Frequently,772,Research & Development,2,1,Life Sciences,1,8239,131694,2,Male,59,3,1,Research Scientist,1,Single,3348,3164,1,Y,Yes,11,3,1,80,0,10,3,3,10,8,9,7,LinkedIn
25,Current employee,Travel_Frequently,772,Research & Development,2,1,Life Sciences,1,8240,131695,2,Male,59,3,1,Research Scientist,1,Single,3348,3164,2,Y,Yes,11,3,1,80,0,10,3,3,10,8,9,7,LinkedIn
25,Current employee,Travel_Frequently,772,Research & Development,2,1,Life Sciences,1,8242,131697,2,Male,59,3,1,Research Scientist,1,Single,3348,19293,1,Y,Yes,11,3,1,80,0,10,3,3,10,8,9,7,LinkedIn
25,Current employee,Travel_Frequently,772,Research & Development,2,1,Life Sciences,1,8243,131698,2,Male,59,3,1,Research Scientist,1,Single,3348,20623,2,Y,Yes,11,3,1,80,0,10,3,3,10,8,9,7,LinkedIn
25,Current employee,Travel_Rarely,810,Sales,8,3,Life Sciences,1,8278,131733,4,Male,57,4,2,Sales Executive,2,Married,4851,15678,0,Y,No,22,4,3,80,1,4,4,3,3,2,1,2,Adzuna
25,Current employee,Travel_Rarely,810,Sales,8,3,Marketing,1,8281,131736,4,Male,57,4,2,Sales Executive,2,Married,4851,15678,6,Y,No,22,3,3,80,1,4,4,3,3,2,1,2,Adzuna
25,Current employee,Travel_Rarely,810,Sales,8,3,Life Sciences,1,8282,131737,4,Male,57,4,2,Sales Executive,2,Married,4851,18275,0,Y,No,22,4,3,80,1,4,4,3,3,2,1,2,Adzuna
25,Current employee,Travel_Rarely,810,Sales,8,3,Marketing,1,8283,131738,4,Male,57,4,2,Sales Executive,2,Married,4851,21072,6,Y,No,22,4,3,80,1,4,4,3,3,2,1,2,Adzuna
25,Current employee,Travel_Rarely,810,Sales,8,3,Life Sciences,1,8286,131741,4,Male,57,4,2,Sales Executive,2,Married,4851,15678,0,Y,No,22,4,3,80,1,4,4,3,3,2,1,2,Adzuna
25,Current employee,Travel_Rarely,810,Sales,8,3,Marketing,1,8289,131744,4,Male,57,4,2,Sales Executive,2,Married,4851,15678,6,Y,No,22,3,3,80,1,4,4,3,3,2,1,2,Adzuna
25,Current employee,Travel_Rarely,810,Sales,8,3,Life Sciences,1,8290,131745,4,Male,57,4,2,Sales Executive,2,Married,4851,18275,0,Y,No,22,4,3,80,1,4,4,3,3,2,1,2,Adzuna
25,Current employee,Travel_Rarely,810,Sales,8,3,Marketing,1,8291,131746,4,Male,57,4,2,Sales Executive,2,Married,4851,21072,6,Y,No,22,4,3,80,1,4,4,3,3,2,1,2,Adzuna
25,Current employee,Travel_Rarely,883,Sales,26,1,Medical,1,9043,132498,3,Female,32,3,2,Sales Executive,4,Single,6180,22807,1,Y,No,23,3,2,80,0,6,5,2,6,5,1,4,Adzuna
25,Current employee,Travel_Rarely,883,Sales,26,1,Technical Degree,1,9046,132501,3,Female,32,3,2,Sales Executive,4,Single,6180,22807,7,Y,No,23,3,2,80,0,6,5,2,6,5,1,4,Adzuna
25,Current employee,Travel_Rarely,883,Sales,26,1,Medical,1,9047,132502,3,Female,32,3,2,Sales Executive,4,Single,6180,18275,1,Y,No,23,4,2,80,0,6,5,2,6,5,1,4,Adzuna
25,Current employee,Travel_Rarely,883,Sales,26,1,Technical Degree,1,9048,132503,3,Female,32,3,2,Sales Executive,4,Single,6180,21221,7,Y,No,23,4,2,80,0,6,5,2,6,5,1,4,Adzuna
25,Current employee,Travel_Rarely,883,Sales,26,1,Medical,1,9051,132506,3,Female,32,3,2,Sales Executive,4,Single,6180,22807,1,Y,No,23,3,2,80,0,6,5,2,6,5,1,4,Adzuna
25,Current employee,Travel_Rarely,883,Sales,26,1,Technical Degree,1,9054,132509,3,Female,32,3,2,Sales Executive,4,Single,6180,22807,7,Y,No,23,3,2,80,0,6,5,2,6,5,1,4,Adzuna
25,Current employee,Travel_Rarely,883,Sales,26,1,Medical,1,9055,132510,3,Female,32,3,2,Sales Executive,4,Single,6180,18275,1,Y,No,23,4,2,80,0,6,5,2,6,5,1,4,Adzuna
25,Current employee,Travel_Rarely,883,Sales,26,1,Technical Degree,1,9056,132511,3,Female,32,3,2,Sales Executive,4,Single,6180,21221,7,Y,No,23,4,2,80,0,6,5,2,6,5,1,4,Adzuna
25,Current employee,Travel_Rarely,180,Research & Development,2,1,Medical,1,9923,133378,1,Male,65,4,1,Research Scientist,1,Single,3424,21632,7,Y,No,13,3,3,80,0,6,3,2,4,3,0,1,GlassDoor
25,Current employee,Travel_Rarely,180,Research & Development,2,1,Life Sciences,1,9925,133380,1,Male,65,4,1,Research Scientist,1,Single,3424,21632,2,Y,No,13,3,3,,0,6,3,2,4,3,0,1,GlassDoor
25,Current employee,Travel_Rarely,180,Research & Development,2,1,Medical,1,9927,133382,1,Male,65,4,1,Research Scientist,1,Single,3424,18275,7,Y,No,13,3,3,80,0,6,3,2,4,3,0,1,GlassDoor
25,Current employee,Travel_Rarely,180,Research & Development,2,1,Life Sciences,1,9928,133383,1,Male,65,4,1,Research Scientist,1,Single,3424,20586,2,Y,No,13,3,3,80,0,6,3,2,4,3,0,1,GlassDoor
25,Current employee,Travel_Rarely,180,Research & Development,2,1,Medical,1,9931,133386,1,Male,65,4,1,Research Scientist,1,Single,3424,21632,7,Y,No,13,3,3,80,0,6,3,2,4,3,0,1,GlassDoor
25,Current employee,Travel_Rarely,180,Research & Development,2,1,Life Sciences,1,9933,133388,1,Male,65,4,1,Research Scientist,1,Single,3424,21632,2,Y,No,13,3,3,80,0,6,3,2,4,3,0,1,GlassDoor
25,Current employee,Travel_Rarely,180,Research & Development,2,1,Medical,1,9935,133390,1,Male,65,4,1,Research Scientist,1,Single,3424,18275,7,Y,No,13,3,3,80,0,6,3,2,4,3,0,1,GlassDoor
25,Current employee,Travel_Rarely,180,Research & Development,2,1,Life Sciences,1,9936,133391,1,Male,65,4,1,Research Scientist,1,Single,3424,20586,2,Y,No,13,3,3,80,0,6,3,2,4,3,0,1,GlassDoor
25,Current employee,Travel_Rarely,141,Sales,3,1,Other,1,10175,133630,3,Male,98,3,2,Sales Executive,1,Married,4194,14363,1,Y,Yes,18,3,4,80,0,5,3,3,5,3,0,3,LinkedIn
25,Current employee,Travel_Rarely,141,Sales,3,1,Life Sciences,1,10178,133633,3,Male,98,3,2,Sales Executive,1,Married,4194,14363,4,Y,Yes,18,3,4,80,0,5,3,3,5,3,0,3,LinkedIn
25,Current employee,Travel_Rarely,141,Sales,3,1,Other,1,10179,133634,3,Male,98,3,2,Sales Executive,1,Married,4194,18384,1,Y,Yes,18,3,4,80,0,5,3,3,5,3,0,3,LinkedIn
25,Current employee,Travel_Rarely,141,Sales,3,1,Life Sciences,1,10180,133635,3,Male,98,3,2,Sales Executive,1,Married,4194,21016,4,Y,Yes,18,3,4,80,0,5,3,3,5,3,0,3,LinkedIn
25,Current employee,Travel_Rarely,141,Sales,3,1,Other,1,10183,133638,3,Male,98,3,2,Sales Executive,1,Married,4194,14363,1,Y,Yes,18,3,4,80,0,5,3,3,5,3,0,3,LinkedIn
25,Current employee,Travel_Rarely,141,Sales,3,1,Life Sciences,1,10186,133641,3,Male,98,3,2,Sales Executive,1,Married,4194,14363,4,Y,Yes,18,3,4,80,0,5,3,3,5,3,0,3,LinkedIn
25,Current employee,Travel_Rarely,141,Sales,3,1,Other,1,10187,133642,3,Male,98,3,2,Sales Executive,1,Married,4194,18384,1,Y,Yes,18,3,4,80,0,5,3,3,5,3,0,3,LinkedIn
25,Current employee,Travel_Rarely,141,Sales,3,1,Life Sciences,1,10188,133643,3,Male,98,3,2,Sales Executive,1,Married,4194,21016,4,Y,Yes,18,3,4,80,0,5,3,3,5,3,0,3,LinkedIn
25,Current employee,Travel_Rarely,583,Sales,4,1,Marketing,1,10239,133694,3,Male,87,2,2,Sales Executive,1,Married,4256,18154,1,Y,No,12,3,1,80,0,5,1,4,5,2,0,3,Seek
25,Current employee,Travel_Rarely,583,Sales,4,1,Life Sciences,1,10241,133696,3,Male,87,2,2,Sales Executive,1,Married,4256,18154,5,Y,No,12,3,1,80,0,5,1,4,5,2,0,3,Seek
25,Current employee,Travel_Rarely,583,Sales,4,1,Marketing,1,10243,133698,3,Male,87,2,2,Sales Executive,1,Married,4256,18384,1,Y,No,12,3,1,80,0,5,1,4,5,2,0,3,Seek
25,Current employee,Travel_Rarely,583,Sales,4,1,Life Sciences,1,10244,133699,3,Male,87,2,2,Sales Executive,1,Married,4256,21030,5,Y,No,12,3,1,80,0,5,1,4,5,2,0,3,Seek
25,Current employee,Travel_Rarely,583,Sales,4,1,Marketing,1,10247,133702,3,Male,87,2,2,Sales Executive,1,Married,4256,18154,1,Y,No,12,3,1,80,0,5,1,4,5,2,0,3,Seek
25,Current employee,Travel_Rarely,583,Sales,4,1,Life Sciences,1,10249,133704,3,Male,87,2,2,Sales Executive,1,Married,4256,18154,5,Y,No,12,3,1,80,0,5,1,4,5,2,0,3,Seek
25,Current employee,Travel_Rarely,583,Sales,4,1,Marketing,1,10251,133706,3,Male,87,2,2,Sales Executive,1,Married,4256,18384,1,Y,No,12,3,1,80,0,5,1,4,5,2,0,3,Seek
25,Current employee,Travel_Rarely,583,Sales,4,1,Life Sciences,1,10252,133707,3,Male,87,2,2,Sales Executive,1,Married,4256,21030,5,Y,No,12,3,1,80,0,5,1,4,5,2,0,3,Seek
25,Current employee,Travel_Rarely,583,Sales,4,1,Marketing,1,11383,134838,3,Male,68,2,1,Research Scientist,1,Single,2321,10322,0,Y,Yes,22,3,1,80,0,4,0,3,3,2,1,2,Adzuna
25,Current employee,Travel_Rarely,583,Sales,4,1,Life Sciences,1,11384,134839,3,Male,68,2,1,Research Scientist,1,Single,2321,10322,3,Y,Yes,22,3,1,80,0,4,0,3,3,2,1,2,Adzuna
25,Current employee,Travel_Rarely,583,Sales,4,1,Marketing,1,11386,134841,3,Male,68,2,1,Research Scientist,1,Single,2321,19299,0,Y,Yes,22,4,1,80,0,4,0,3,3,2,1,2,Adzuna
25,Current employee,Travel_Rarely,583,Sales,4,1,Life Sciences,1,11387,134842,3,Male,68,2,1,Research Scientist,1,Single,2321,20898,3,Y,Yes,22,4,1,80,0,4,0,3,3,2,1,2,Adzuna
25,Current employee,Travel_Rarely,583,Sales,4,1,Marketing,1,11391,134846,3,Male,68,2,1,Research Scientist,1,Single,2321,10322,0,Y,Yes,22,3,1,80,0,4,0,3,3,2,1,2,Adzuna
25,Current employee,Travel_Rarely,583,Sales,4,1,Life Sciences,1,11392,134847,3,Male,68,2,1,Research Scientist,1,Single,2321,10322,3,Y,Yes,22,3,1,80,0,4,0,3,3,2,1,2,Adzuna
25,Current employee,Travel_Rarely,583,Sales,4,1,Marketing,1,10442,134849,3,Male,68,2,1,Research Scientist,1,Single,2321,19299,0,Y,Yes,22,4,1,80,0,4,0,3,3,2,1,2,Adzuna
25,Current employee,Travel_Rarely,583,Sales,4,1,Life Sciences,1,11395,134850,3,Male,68,2,1,Research Scientist,1,Single,2321,20898,3,Y,Yes,22,4,1,80,0,4,0,3,3,2,1,2,Adzuna
25,Current employee,Travel_Rarely,1280,Research & Development,7,1,Medical,1,13230,136685,3,Male,74,2,2,Manufacturing Director,4,Married,5056,17689,1,Y,Yes,15,4,3,80,1,10,2,2,10,7,1,2,Indeed
25,Current employee,Travel_Rarely,1280,Research & Development,7,1,Marketing,1,13231,136686,3,Male,74,2,2,Manufacturing Director,4,Married,5056,17689,1,Y,Yes,15,3,3,80,1,10,2,2,10,7,1,2,Indeed
25,Current employee,Travel_Rarely,1280,Research & Development,7,1,Medical,1,13233,136688,3,Male,74,2,2,Manufacturing Director,4,Married,5056,19305,1,Y,Yes,15,3,3,80,1,10,2,2,10,7,1,2,Indeed
25,Current employee,Travel_Rarely,1280,Research & Development,7,1,Marketing,1,13234,136689,3,Male,74,2,2,Manufacturing Director,4,Married,5056,20467,1,Y,Yes,15,3,3,80,1,10,2,2,10,7,1,2,Indeed
25,Current employee,Travel_Rarely,1280,Research & Development,7,1,Medical,1,13238,136693,3,Male,74,2,2,Manufacturing Director,4,Married,5056,17689,1,Y,Yes,15,4,3,80,1,10,2,2,10,7,1,2,Indeed
25,Current employee,Travel_Rarely,1280,Research & Development,7,1,Marketing,1,13239,136694,3,Male,74,2,2,Manufacturing Director,4,Married,5056,17689,1,Y,Yes,15,3,3,80,1,10,2,2,10,7,1,2,Indeed
25,Current employee,Travel_Rarely,1280,Research & Development,7,1,Medical,1,13241,136696,3,Male,74,2,2,Manufacturing Director,4,Married,5056,19305,1,Y,Yes,15,3,3,80,1,10,2,2,10,7,1,2,Indeed
25,Current employee,Travel_Rarely,1280,Research & Development,7,1,Marketing,1,13242,136697,3,Male,74,2,2,Manufacturing Director,4,Married,5056,20467,1,Y,Yes,15,3,3,80,1,10,2,2,10,7,1,2,Indeed
25,Current employee,Travel_Rarely,1356,Sales,10,4,Life Sciences,1,14181,137636,3,Male,57,3,2,Sales Executive,4,Single,4950,20623,0,Y,No,14,4,2,80,0,5,4,3,4,3,1,1,Jora
25,Current employee,Travel_Rarely,1356,Sales,10,4,Medical,1,14184,137639,3,Male,57,3,2,Sales Executive,4,Single,4950,20623,6,Y,No,14,3,2,80,0,5,4,3,4,3,1,1,Jora
25,Current employee,Travel_Rarely,1356,Sales,10,4,Life Sciences,1,14185,137640,3,Male,57,3,2,Sales Executive,4,Single,4950,18437,0,Y,No,14,3,2,80,0,5,4,3,4,3,1,1,Jora
25,Current employee,Travel_Rarely,1356,Sales,10,4,Medical,1,14186,137641,3,Male,57,3,2,Sales Executive,4,Single,4950,21075,6,Y,No,14,3,2,80,0,5,4,3,4,3,1,1,Jora
25,Current employee,Travel_Rarely,1356,Sales,10,4,Life Sciences,1,14189,137644,3,Male,57,3,2,Sales Executive,4,Single,4950,20623,0,Y,No,14,4,2,80,0,5,4,3,4,3,1,1,Jora
25,Current employee,Travel_Rarely,1356,Sales,10,4,Medical,1,14192,137647,3,Male,57,3,2,Sales Executive,4,Single,4950,20623,6,Y,No,14,3,2,80,0,5,4,3,4,3,1,1,Jora
25,Current employee,Travel_Rarely,1356,Sales,10,4,Life Sciences,1,14193,137648,3,Male,57,3,2,Sales Executive,4,Single,4950,18437,0,Y,No,14,3,2,80,0,5,4,3,4,3,1,1,Jora
25,Current employee,Travel_Rarely,1356,Sales,10,4,Medical,1,14194,137649,3,Male,57,3,2,Sales Executive,4,Single,4950,21075,6,Y,No,14,3,2,80,0,5,4,3,4,3,1,1,Jora
25,Current employee,Travel_Rarely,266,Research & Development,1,3,Medical,1,14959,138414,4,Female,40,3,1,Research Scientist,2,Single,2096,18830,1,Y,No,18,3,4,80,0,2,3,2,2,2,2,1,Indeed
25,Current employee,Travel_Rarely,266,Research & Development,1,3,Life Sciences,1,14961,138416,4,Female,40,3,1,Research Scientist,2,Single,2096,18830,2,Y,No,18,4,4,80,0,2,3,2,2,2,2,1,Indeed
25,Current employee,Travel_Rarely,266,Research & Development,1,3,Medical,1,14963,138418,4,Female,40,3,1,Research Scientist,2,Single,2096,18685,1,Y,No,18,3,4,80,0,2,3,2,2,2,2,1,Indeed
25,Current employee,Travel_Rarely,266,Research & Development,1,3,Life Sciences,1,14964,138419,4,Female,40,3,1,Research Scientist,2,Single,2096,20586,2,Y,No,18,3,4,80,0,2,3,2,2,2,2,1,Indeed
25,Current employee,Travel_Rarely,266,Research & Development,1,3,Medical,1,14967,138422,4,Female,40,3,1,Research Scientist,2,Single,2096,18830,1,Y,No,18,3,4,80,0,2,3,2,2,2,2,1,Indeed
25,Current employee,Travel_Rarely,266,Research & Development,1,3,Life Sciences,1,14969,138424,4,Female,40,3,1,Research Scientist,2,Single,2096,18830,2,Y,No,18,4,4,80,0,2,3,2,2,2,2,1,Indeed
25,Current employee,Travel_Rarely,266,Research & Development,1,3,Medical,1,14971,138426,4,Female,40,3,1,Research Scientist,2,Single,2096,18685,1,Y,No,18,3,4,80,0,2,3,2,2,2,2,1,Indeed
25,Current employee,Travel_Rarely,266,Research & Development,1,3,Life Sciences,1,14972,138427,4,Female,40,3,1,Research Scientist,2,Single,2096,20586,2,Y,No,18,3,4,80,0,2,3,2,2,2,2,1,Indeed
25,Current employee,Travel_Rarely,622,Sales,13,1,Medical,1,15168,138623,3,Male,79,3,3,Sales Executive,2,Single,8446,21534,9,Y,Yes,19,3,3,80,0,10,2,2,8,7,7,7,Jora
25,Current employee,Travel_Rarely,622,Sales,13,1,Medical,1,15170,138625,3,Male,79,3,3,Sales Executive,2,Single,8446,21534,7,Y,Yes,19,3,3,80,0,10,2,2,8,7,7,7,Jora
25,Current employee,Travel_Rarely,622,Sales,13,1,Medical,1,15171,138626,3,Male,79,3,3,Sales Executive,2,Single,8446,19373,9,Y,Yes,19,3,3,80,0,10,2,2,8,7,7,7,Jora
25,Current employee,Travel_Rarely,622,Sales,13,1,Medical,1,15172,138627,3,Male,79,3,3,Sales Executive,2,Single,8446,21082,7,Y,Yes,19,3,3,80,0,10,2,2,8,7,7,7,Jora
25,Current employee,Travel_Rarely,622,Sales,13,1,Medical,1,15176,138631,3,Male,79,3,3,Sales Executive,2,Single,8446,21534,9,Y,Yes,19,3,3,80,0,10,2,2,8,7,7,7,Jora
25,Current employee,Travel_Rarely,622,Sales,13,1,Medical,1,15178,138633,3,Male,79,3,3,Sales Executive,2,Single,8446,21534,7,Y,Yes,19,3,3,80,0,10,2,2,8,7,7,7,Jora
25,Current employee,Travel_Rarely,622,Sales,13,1,Medical,1,15179,138634,3,Male,79,3,3,Sales Executive,2,Single,8446,19373,9,Y,Yes,19,3,3,80,0,10,2,2,8,7,7,7,Jora
25,Current employee,Travel_Rarely,622,Sales,13,1,Medical,1,15180,138635,3,Male,79,3,3,Sales Executive,2,Single,8446,21082,7,Y,Yes,19,3,3,80,0,10,2,2,8,7,7,7,Jora
25,Current employee,Travel_Rarely,882,Research & Development,19,1,Medical,1,15461,138916,4,Male,67,3,1,Laboratory Technician,4,Married,3669,9075,3,Y,No,11,3,3,80,3,7,6,2,3,2,1,2,Seek
25,Current employee,Travel_Rarely,882,Research & Development,19,1,Medical,1,15464,138919,4,Male,67,3,1,Laboratory Technician,4,Married,3669,9075,1,Y,No,11,3,3,80,3,7,6,2,3,2,1,2,Seek
25,Current employee,Travel_Rarely,882,Research & Development,19,1,Medical,1,15465,138920,4,Male,67,3,1,Laboratory Technician,4,Married,3669,18685,3,Y,No,11,3,3,80,3,7,6,2,3,2,1,2,Seek
25,Current employee,Travel_Rarely,882,Research & Development,19,1,Medical,1,15466,138921,4,Male,67,3,1,Laboratory Technician,4,Married,3669,20006,1,Y,No,11,3,3,80,3,7,6,2,3,2,1,2,Seek
25,Current employee,Travel_Rarely,882,Research & Development,19,1,Medical,1,15469,138924,4,Male,67,3,1,Laboratory Technician,4,Married,3669,9075,3,Y,No,11,3,3,80,3,7,6,2,3,2,1,2,Seek
25,Current employee,Travel_Rarely,882,Research & Development,19,1,Medical,1,15472,138927,4,Male,67,3,1,Laboratory Technician,4,Married,3669,9075,1,Y,No,11,3,3,80,3,7,6,2,3,2,1,2,Seek
25,Current employee,Travel_Rarely,882,Research & Development,19,1,Medical,1,15473,138928,4,Male,67,3,1,Laboratory Technician,4,Married,3669,18685,3,Y,No,11,3,3,80,3,7,6,2,3,2,1,2,Seek
25,Current employee,Travel_Rarely,882,Research & Development,19,1,Medical,1,15474,138929,4,Male,67,3,1,Laboratory Technician,4,Married,3669,20006,1,Y,No,11,3,3,80,3,7,6,2,3,2,1,2,Seek
25,Current employee,Travel_Rarely,883,Sales,26,1,Medical,1,15588,139043,3,Female,80,2,2,Laboratory Technician,4,Married,5363,10846,0,Y,No,12,3,2,80,1,10,0,3,9,7,0,0,Jora
25,Current employee,Travel_Rarely,883,Sales,26,1,Technical Degree,1,15590,139045,3,Female,80,2,2,Laboratory Technician,4,Married,5363,10846,1,Y,No,12,3,2,80,1,10,0,3,9,7,0,0,Jora
25,Current employee,Travel_Rarely,883,Sales,26,1,Medical,1,15591,139046,3,Female,80,2,2,Laboratory Technician,4,Married,5363,19373,0,Y,No,12,3,2,80,1,10,0,3,9,7,0,0,Jora
25,Current employee,Travel_Rarely,883,Sales,26,1,Technical Degree,1,15592,139047,3,Female,80,2,2,Laboratory Technician,4,Married,5363,20006,1,Y,No,12,3,2,80,1,10,0,3,9,7,0,0,Jora
25,Current employee,Travel_Rarely,883,Sales,26,1,Medical,1,15596,139051,3,Female,80,2,2,Laboratory Technician,4,Married,5363,10846,0,Y,No,12,3,2,80,1,10,0,3,9,7,0,0,Jora
25,Current employee,Travel_Rarely,883,Sales,26,1,Technical Degree,1,15598,139053,3,Female,80,2,2,Laboratory Technician,4,Married,5363,10846,1,Y,No,12,3,2,80,1,10,0,3,9,7,0,0,Jora
25,Current employee,Travel_Rarely,883,Sales,26,1,Medical,1,15599,139054,3,Female,80,2,2,Laboratory Technician,4,Married,5363,19373,0,Y,No,12,3,2,80,1,10,0,3,9,7,0,0,Jora
25,Current employee,Travel_Rarely,883,Sales,26,1,Technical Degree,1,15600,139055,3,Female,80,2,2,Laboratory Technician,4,Married,5363,20006,1,Y,No,12,3,2,80,1,10,0,3,9,7,0,0,Jora
25,Current employee,Travel_Rarely,180,Research & Development,2,1,Medical,1,15855,139310,3,Male,81,3,2,Sales Executive,4,Married,9998,19293,6,Y,No,13,3,1,80,0,8,2,4,5,4,1,2,Seek
25,Current employee,Travel_Rarely,180,Research & Development,2,1,Life Sciences,1,15856,139311,3,Male,81,3,2,Sales Executive,4,Married,9998,19293,4,Y,No,13,3,1,80,0,8,2,4,5,4,1,2,Seek
25,Current employee,Travel_Rarely,180,Research & Development,2,1,Medical,1,15858,139313,3,Male,81,3,2,Sales Executive,4,Married,9998,19373,6,Y,No,13,3,1,80,0,8,2,4,5,4,1,2,Seek
25,Current employee,Travel_Rarely,180,Research & Development,2,1,Life Sciences,1,15859,139314,3,Male,81,3,2,Sales Executive,4,Married,9998,20989,4,Y,No,13,3,1,80,0,8,2,4,5,4,1,2,Seek
25,Current employee,Travel_Rarely,180,Research & Development,2,1,Medical,1,15863,139318,3,Male,81,3,2,Sales Executive,4,Married,9998,19293,6,Y,No,13,3,1,80,0,8,2,4,5,4,1,2,Seek
25,Current employee,Travel_Rarely,180,Research & Development,2,1,Life Sciences,1,15864,139319,3,Male,81,3,2,Sales Executive,4,Married,9998,19293,4,Y,No,13,3,1,80,0,8,2,4,5,4,1,2,Seek
25,Current employee,Travel_Rarely,180,Research & Development,2,1,Medical,1,15866,139321,3,Male,81,3,2,Sales Executive,4,Married,9998,19373,6,Y,No,13,3,1,80,0,8,2,4,5,4,1,2,Seek
25,Current employee,Travel_Rarely,180,Research & Development,2,1,Life Sciences,1,15867,139322,3,Male,81,3,2,Sales Executive,4,Married,9998,20989,4,Y,No,13,3,1,80,0,8,2,4,5,4,1,2,Seek
25,Current employee,Travel_Rarely,1372,Sales,18,1,Life Sciences,1,15902,139357,1,Male,93,4,2,Sales Executive,3,Married,6232,12477,2,Y,No,11,4,2,80,0,6,3,2,3,2,1,2,Company Website
25,Current employee,Travel_Rarely,1372,Sales,18,1,Medical,1,15905,139360,1,Male,93,4,2,Sales Executive,3,Married,6232,12477,7,Y,No,11,3,2,80,0,6,3,2,3,2,1,2,Company Website
25,Current employee,Travel_Rarely,1372,Sales,18,1,Life Sciences,1,15906,139361,1,Male,93,4,2,Sales Executive,3,Married,6232,18725,2,Y,No,11,3,2,80,0,6,3,2,3,2,1,2,Company Website
25,Current employee,Travel_Rarely,1372,Sales,18,1,Medical,1,15907,139362,1,Male,93,4,2,Sales Executive,3,Married,6232,21082,7,Y,No,11,3,2,80,0,6,3,2,3,2,1,2,Company Website
25,Current employee,Travel_Rarely,1372,Sales,18,1,Life Sciences,1,15910,139365,1,Male,93,4,2,Sales Executive,3,Married,6232,12477,2,Y,No,11,4,2,80,0,6,3,2,3,2,1,2,Company Website
25,Current employee,Travel_Rarely,1372,Sales,18,1,Medical,1,15913,139368,1,Male,93,4,2,Sales Executive,3,Married,6232,12477,7,Y,No,11,3,2,80,0,6,3,2,3,2,1,2,Company Website
25,Current employee,Travel_Rarely,1372,Sales,18,1,Life Sciences,1,15914,139369,1,Male,93,4,2,Sales Executive,3,Married,6232,18725,2,Y,No,11,3,2,80,0,6,3,2,3,2,1,2,Company Website
25,Current employee,Travel_Rarely,1372,Sales,18,1,Medical,1,15915,139370,1,Male,93,4,2,Sales Executive,3,Married,6232,21082,7,Y,No,11,3,2,80,0,6,3,2,3,2,1,2,Company Website
25,Current employee,Travel_Rarely,949,Research & Development,1,3,Technical Degree,1,16062,139517,1,Male,81,3,1,Laboratory Technician,4,Married,3229,4910,4,Y,No,11,3,2,80,1,7,2,2,3,2,0,2,Company Website
25,Current employee,Travel_Rarely,949,Research & Development,1,3,Life Sciences,1,16064,139519,1,Male,81,3,1,Laboratory Technician,4,Married,3229,4910,0,Y,No,11,3,2,80,1,7,2,2,3,2,0,2,Company Website
25,Current employee,Travel_Rarely,949,Research & Development,1,3,Technical Degree,1,16066,139521,1,Male,81,3,1,Laboratory Technician,4,Married,3229,18725,4,Y,No,11,3,2,80,1,7,2,2,3,2,0,2,Company Website
25,Current employee,Travel_Rarely,949,Research & Development,1,3,Life Sciences,1,16067,139522,1,Male,81,3,1,Laboratory Technician,4,Married,3229,19805,0,Y,No,11,3,2,80,1,7,2,2,3,2,0,2,Company Website
25,Current employee,Travel_Rarely,949,Research & Development,1,3,Technical Degree,1,16070,139525,1,Male,81,3,1,Laboratory Technician,4,Married,3229,4910,4,Y,No,11,3,2,80,1,7,2,2,3,2,0,2,Company Website
25,Current employee,Travel_Rarely,949,Research & Development,1,3,Life Sciences,1,16072,139527,1,Male,81,3,1,Laboratory Technician,4,Married,3229,4910,0,Y,No,11,3,2,80,1,7,2,2,3,2,0,2,Company Website
25,Current employee,Travel_Rarely,949,Research & Development,1,3,Technical Degree,1,16074,139529,1,Male,81,3,1,Laboratory Technician,4,Married,3229,18725,4,Y,No,11,3,2,80,1,7,2,2,3,2,0,2,Company Website
25,Current employee,Travel_Rarely,949,Research & Development,1,3,Life Sciences,1,16075,139530,1,Male,81,3,1,Laboratory Technician,4,Married,3229,19805,0,Y,No,11,3,2,80,1,7,2,2,3,2,0,2,Company Website
25,Current employee,Travel_Rarely,266,Research & Development,1,3,Medical,1,17401,140856,4,Male,84,3,1,Sales Representative,3,Married,2308,4944,0,Y,Yes,25,3,2,80,1,12,4,3,11,10,5,7,Indeed
25,Current employee,Travel_Rarely,266,Research & Development,1,3,Life Sciences,1,17402,140857,4,Male,84,3,1,Sales Representative,3,Married,2308,4944,8,Y,Yes,25,3,2,80,1,12,4,3,11,10,5,7,Indeed
25,Current employee,Travel_Rarely,266,Research & Development,1,3,Medical,1,17404,140859,4,Male,84,3,1,Sales Representative,3,Married,2308,19555,0,Y,Yes,25,4,2,80,1,12,4,3,11,10,5,7,Indeed
25,Current employee,Travel_Rarely,266,Research & Development,1,3,Life Sciences,1,17405,140860,4,Male,84,3,1,Sales Representative,3,Married,2308,21378,8,Y,Yes,25,4,2,80,1,12,4,3,11,10,5,7,Indeed
25,Current employee,Travel_Rarely,266,Research & Development,1,3,Medical,1,17409,140864,4,Male,84,3,1,Sales Representative,3,Married,2308,4944,0,Y,Yes,25,3,2,80,1,12,4,3,11,10,5,7,Indeed
25,Current employee,Travel_Rarely,266,Research & Development,1,3,Life Sciences,1,17410,140865,4,Male,84,3,1,Sales Representative,3,Married,2308,4944,8,Y,Yes,25,3,2,80,1,12,4,3,11,10,5,7,Indeed
25,Current employee,Travel_Rarely,266,Research & Development,1,3,Medical,1,17412,140867,4,Male,84,3,1,Sales Representative,3,Married,2308,19555,0,Y,Yes,25,4,2,80,1,12,4,3,11,10,5,7,Indeed
25,Current employee,Travel_Rarely,266,Research & Development,1,3,Life Sciences,1,17413,140868,4,Male,84,3,1,Sales Representative,3,Married,2308,21378,8,Y,Yes,25,4,2,80,1,12,4,3,11,10,5,7,Indeed
25,Current employee,Travel_Rarely,882,Research & Development,19,1,Medical,1,17542,140997,4,Male,85,3,4,Manager,4,Single,16437,17381,1,Y,Yes,21,3,4,80,0,21,2,3,21,7,7,7,Jora
25,Current employee,Travel_Rarely,882,Research & Development,19,1,Medical,1,17544,140999,4,Male,85,3,4,Manager,4,Single,16437,17381,1,Y,Yes,21,4,4,80,0,21,2,3,21,7,7,7,Jora
25,Current employee,Travel_Rarely,882,Research & Development,19,1,Medical,1,17545,141000,4,Male,85,3,4,Manager,4,Single,16437,19555,1,Y,Yes,21,4,4,80,0,21,2,3,21,7,7,7,Jora
25,Current employee,Travel_Rarely,882,Research & Development,19,1,Medical,1,17546,141001,4,Male,85,3,4,Manager,4,Single,16437,20392,1,Y,Yes,21,4,4,80,0,21,2,3,21,7,7,7,Jora
25,Current employee,Travel_Rarely,882,Research & Development,19,1,Medical,1,17550,141005,4,Male,85,3,4,Manager,4,Single,16437,17381,1,Y,Yes,21,3,4,80,0,21,2,3,21,7,7,7,Jora
25,Current employee,Travel_Rarely,882,Research & Development,19,1,Medical,1,17552,141007,4,Male,85,3,4,Manager,4,Single,16437,17381,1,Y,Yes,21,4,4,80,0,21,2,3,21,7,7,7,Jora
25,Current employee,Travel_Rarely,882,Research & Development,19,1,Medical,1,17553,141008,4,Male,85,3,4,Manager,4,Single,16437,19555,1,Y,Yes,21,4,4,80,0,21,2,3,21,7,7,7,Jora
25,Current employee,Travel_Rarely,882,Research & Development,19,1,Medical,1,17554,141009,4,Male,85,3,4,Manager,4,Single,16437,20392,1,Y,Yes,21,4,4,80,0,21,2,3,21,7,7,7,Jora
25,Current employee,Travel_Frequently,772,Research & Development,2,1,Life Sciences,1,18768,142223,4,Male,77,4,2,Manufacturing Director,3,Divorced,5206,4973,1,Y,No,17,3,3,80,2,7,6,3,7,7,0,7,Recruit.net
25,Current employee,Travel_Frequently,772,Research & Development,2,1,Life Sciences,1,18770,142225,4,Male,77,4,2,Manufacturing Director,3,Divorced,5206,4973,1,Y,No,17,3,3,80,2,7,6,3,7,7,0,7,Recruit.net
25,Current employee,Travel_Frequently,772,Research & Development,2,1,Life Sciences,1,18772,142227,4,Male,77,4,2,Manufacturing Director,3,Divorced,5206,18775,1,Y,No,17,3,3,80,2,7,6,3,7,7,0,7,Recruit.net
25,Current employee,Travel_Frequently,772,Research & Development,2,1,Life Sciences,1,18773,142228,4,Male,77,4,2,Manufacturing Director,3,Divorced,5206,20467,1,Y,No,17,3,3,80,2,7,6,3,7,7,0,7,Recruit.net
25,Current employee,Travel_Frequently,772,Research & Development,2,1,Life Sciences,1,18776,142231,4,Male,77,4,2,Manufacturing Director,3,Divorced,5206,4973,1,Y,No,17,3,3,80,2,7,6,3,7,7,0,7,Recruit.net
25,Current employee,Travel_Frequently,772,Research & Development,2,1,Life Sciences,1,18778,142233,4,Male,77,4,2,Manufacturing Director,3,Divorced,5206,4973,1,Y,No,17,3,3,80,2,7,6,3,7,7,0,7,Recruit.net
25,Current employee,Travel_Frequently,772,Research & Development,2,1,Life Sciences,1,18780,142235,4,Male,77,4,2,Manufacturing Director,3,Divorced,5206,18775,1,Y,No,17,3,3,80,2,7,6,3,7,7,0,7,Recruit.net
25,Current employee,Travel_Frequently,772,Research & Development,2,1,Life Sciences,1,18781,142236,4,Male,77,4,2,Manufacturing Director,3,Divorced,5206,20467,1,Y,No,17,3,3,80,2,7,6,3,7,7,0,7,Recruit.net
25,Current employee,Travel_Rarely,141,Sales,3,1,Other,1,20604,144059,4,Male,93,3,1,Human Resources,2,Divorced,2592,7129,5,Y,No,13,3,4,80,3,13,3,3,11,10,3,8,LinkedIn
25,Current employee,Travel_Rarely,141,Sales,3,1,Life Sciences,1,20606,144061,4,Male,93,3,1,Human Resources,2,Divorced,2592,7129,0,Y,No,13,4,4,80,3,13,3,3,11,10,3,8,LinkedIn
25,Current employee,Travel_Rarely,141,Sales,3,1,Other,1,20607,144062,4,Male,93,3,1,Human Resources,2,Divorced,2592,19558,5,Y,No,13,3,4,80,3,13,3,3,11,10,3,8,LinkedIn
25,Current employee,Travel_Rarely,141,Sales,3,1,Life Sciences,1,20608,144063,4,Male,93,3,1,Human Resources,2,Divorced,2592,19805,0,Y,No,13,3,4,80,3,13,3,3,11,10,3,8,LinkedIn
25,Current employee,Travel_Rarely,141,Sales,3,1,Other,1,20612,144067,4,Male,93,3,1,Human Resources,2,Divorced,2592,7129,5,Y,No,13,3,4,80,3,13,3,3,11,10,3,8,LinkedIn
25,Current employee,Travel_Rarely,141,Sales,3,1,Life Sciences,1,20614,144069,4,Male,93,3,1,Human Resources,2,Divorced,2592,7129,0,Y,No,13,4,4,80,3,13,3,3,11,10,3,8,LinkedIn
25,Current employee,Travel_Rarely,141,Sales,3,1,Other,1,20615,144070,4,Male,93,3,1,Human Resources,2,Divorced,2592,19558,5,Y,No,13,3,4,80,3,13,3,3,11,10,3,8,LinkedIn
25,Current employee,Travel_Rarely,141,Sales,3,1,Life Sciences,1,20616,144071,4,Male,93,3,1,Human Resources,2,Divorced,2592,19805,0,Y,No,13,3,4,80,3,13,3,3,11,10,3,8,LinkedIn
25,Current employee,Travel_Rarely,977,Research & Development,2,1,Other,1,21323,144778,4,Female,95,2,1,Research Scientist,1,Married,4774,23844,0,Y,No,19,3,4,80,1,8,2,2,7,6,7,3,LinkedIn
25,Current employee,Travel_Rarely,977,Research & Development,2,1,Life Sciences,1,21324,144779,4,Female,95,2,1,Research Scientist,1,Married,4774,23844,2,Y,No,19,3,4,80,1,8,2,2,7,6,7,3,LinkedIn
25,Current employee,Travel_Rarely,977,Research & Development,2,1,Other,1,21326,144781,4,Female,95,2,1,Research Scientist,1,Married,4774,19558,0,Y,No,19,3,4,80,1,8,2,2,7,6,7,3,LinkedIn
25,Current employee,Travel_Rarely,977,Research & Development,2,1,Life Sciences,1,21327,144782,4,Female,95,2,1,Research Scientist,1,Married,4774,20898,2,Y,No,19,3,4,80,1,8,2,2,7,6,7,3,LinkedIn
25,Current employee,Travel_Rarely,977,Research & Development,2,1,Other,1,21331,144786,4,Female,95,2,1,Research Scientist,1,Married,4774,23844,0,Y,No,19,3,4,80,1,8,2,2,7,6,7,3,LinkedIn
25,Current employee,Travel_Rarely,977,Research & Development,2,1,Life Sciences,1,21332,144787,4,Female,95,2,1,Research Scientist,1,Married,4774,23844,2,Y,No,19,3,4,80,1,8,2,2,7,6,7,3,LinkedIn
25,Current employee,Travel_Rarely,977,Research & Development,2,1,Other,1,21334,144789,4,Female,95,2,1,Research Scientist,1,Married,4774,19558,0,Y,No,19,3,4,80,1,8,2,2,7,6,7,3,LinkedIn
25,Current employee,Travel_Rarely,977,Research & Development,2,1,Life Sciences,1,21335,144790,4,Female,95,2,1,Research Scientist,1,Married,4774,20898,2,Y,No,19,3,4,80,1,8,2,2,7,6,7,3,LinkedIn
25,Current employee,Travel_Rarely,1382,Sales,8,2,Other,1,21339,144794,4,Male,95,3,2,Research Scientist,4,Divorced,3902,5141,8,Y,No,14,3,2,80,3,7,2,3,2,2,2,2,Recruit.net
25,Current employee,Travel_Rarely,1382,Sales,8,2,Medical,1,21340,144795,4,Male,95,3,2,Research Scientist,4,Divorced,3902,5141,3,Y,No,14,4,2,80,3,7,2,3,2,2,2,2,Recruit.net
25,Current employee,Travel_Rarely,1382,Sales,8,2,Other,1,21342,144797,4,Male,95,3,2,Research Scientist,4,Divorced,3902,19566,8,Y,No,14,3,2,80,3,7,2,3,2,2,2,2,Recruit.net
25,Current employee,Travel_Rarely,1382,Sales,8,2,Medical,1,21343,144798,4,Male,95,3,2,Research Scientist,4,Divorced,3902,20978,3,Y,No,14,3,2,80,3,7,2,3,2,2,2,2,Recruit.net
25,Current employee,Travel_Rarely,1382,Sales,8,2,Other,1,21347,144802,4,Male,95,3,2,Research Scientist,4,Divorced,3902,5141,8,Y,No,14,3,2,80,3,7,2,3,2,2,2,2,Recruit.net
25,Current employee,Travel_Rarely,1382,Sales,8,2,Medical,1,21348,144803,4,Male,95,3,2,Research Scientist,4,Divorced,3902,5141,3,Y,No,14,4,2,80,3,7,2,3,2,2,2,2,Recruit.net
25,Current employee,Travel_Rarely,1382,Sales,8,2,Other,1,21350,144805,4,Male,95,3,2,Research Scientist,4,Divorced,3902,19566,8,Y,No,14,3,2,80,3,7,2,3,2,2,2,2,Recruit.net
25,Current employee,Travel_Rarely,1382,Sales,8,2,Medical,1,21351,144806,4,Male,95,3,2,Research Scientist,4,Divorced,3902,20978,3,Y,No,14,3,2,80,3,7,2,3,2,2,2,2,Recruit.net
25,Current employee,Travel_Rarely,309,Human Resources,2,3,Human Resources,1,22563,146018,3,Female,34,3,1,Human Resources,2,Married,2187,19655,4,Y,No,14,3,3,80,0,6,3,3,2,0,1,2,LinkedIn
25,Current employee,Travel_Rarely,309,Human Resources,2,3,Life Sciences,1,22565,146020,3,Female,34,3,1,Human Resources,2,Married,2187,19655,0,Y,No,14,3,3,80,0,6,3,3,2,0,1,2,LinkedIn
25,Current employee,Travel_Rarely,309,Human Resources,2,3,Human Resources,1,22567,146022,3,Female,34,3,1,Human Resources,2,Married,2187,18798,4,Y,No,14,3,3,80,0,6,3,3,2,0,1,2,LinkedIn
25,Current employee,Travel_Rarely,309,Human Resources,2,3,Life Sciences,1,22568,146023,3,Female,34,3,1,Human Resources,2,Married,2187,19783,0,Y,No,14,3,3,80,0,6,3,3,2,0,1,2,LinkedIn
25,Current employee,Travel_Rarely,309,Human Resources,2,3,Human Resources,1,22571,146026,3,Female,34,3,1,Human Resources,2,Married,2187,19655,4,Y,No,14,3,3,80,0,6,3,3,2,0,1,2,LinkedIn
25,Current employee,Travel_Rarely,309,Human Resources,2,3,Life Sciences,1,22573,146028,3,Female,34,3,1,Human Resources,2,Married,2187,19655,0,Y,No,14,3,3,80,0,6,3,3,2,0,1,2,LinkedIn
25,Current employee,Travel_Rarely,309,Human Resources,2,3,Human Resources,1,22575,146030,3,Female,34,3,1,Human Resources,2,Married,2187,18798,4,Y,No,14,3,3,80,0,6,3,3,2,0,1,2,LinkedIn
25,Current employee,Travel_Rarely,309,Human Resources,2,3,Life Sciences,1,22576,146031,3,Female,34,3,1,Human Resources,2,Married,2187,19783,0,Y,No,14,3,3,80,0,6,3,3,2,0,1,2,LinkedIn
25,Current employee,Travel_Rarely,977,Research & Development,2,1,Other,1,22595,146050,4,Male,34,3,1,Laboratory Technician,3,Divorced,3977,7298,6,Y,Yes,19,3,3,80,1,7,2,2,2,2,0,2,Seek
25,Current employee,Travel_Rarely,977,Research & Development,2,1,Life Sciences,1,22598,146053,4,Male,34,3,1,Laboratory Technician,3,Divorced,3977,7298,1,Y,Yes,19,4,3,80,1,7,2,2,2,2,0,2,Seek
25,Current employee,Travel_Rarely,977,Research & Development,2,1,Other,1,22599,146054,4,Male,34,3,1,Laboratory Technician,3,Divorced,3977,18798,6,Y,Yes,19,3,3,80,1,7,2,2,2,2,0,2,Seek
25,Current employee,Travel_Rarely,977,Research & Development,2,1,Life Sciences,1,22600,146055,4,Male,34,3,1,Laboratory Technician,3,Divorced,3977,19920,1,Y,Yes,19,3,3,80,1,7,2,2,2,2,0,2,Seek
25,Current employee,Travel_Rarely,977,Research & Development,2,1,Other,1,22603,146058,4,Male,34,3,1,Laboratory Technician,3,Divorced,3977,7298,6,Y,Yes,19,3,3,80,1,7,2,2,2,2,0,2,Seek
25,Current employee,Travel_Rarely,977,Research & Development,2,1,Life Sciences,1,22606,146061,4,Male,34,3,1,Laboratory Technician,3,Divorced,3977,7298,1,Y,Yes,19,4,3,80,1,7,2,2,2,2,0,2,Seek
25,Current employee,Travel_Rarely,977,Research & Development,2,1,Other,1,22607,146062,4,Male,34,3,1,Laboratory Technician,3,Divorced,3977,18798,6,Y,Yes,19,3,3,80,1,7,2,2,2,2,0,2,Seek
25,Current employee,Travel_Rarely,977,Research & Development,2,1,Life Sciences,1,22608,146063,4,Male,34,3,1,Laboratory Technician,3,Divorced,3977,19920,1,Y,Yes,19,3,3,80,1,7,2,2,2,2,0,2,Seek
25,Current employee,Travel_Rarely,949,Research & Development,1,3,Technical Degree,1,22792,146247,4,Female,98,3,2,Healthcare Representative,4,Married,4878,21653,0,Y,Yes,13,3,1,80,1,10,6,3,9,7,8,1,Company Website
25,Current employee,Travel_Rarely,949,Research & Development,1,3,Life Sciences,1,22793,146248,4,Female,98,3,2,Healthcare Representative,4,Married,4878,21653,0,Y,Yes,13,3,1,80,1,10,6,3,9,7,8,1,Company Website
25,Current employee,Travel_Rarely,949,Research & Development,1,3,Technical Degree,1,22795,146250,4,Female,98,3,2,Healthcare Representative,4,Married,4878,19630,0,Y,Yes,13,3,1,80,1,10,6,3,9,7,8,1,Company Website
25,Current employee,Travel_Rarely,949,Research & Development,1,3,Life Sciences,1,22796,146251,4,Female,98,3,2,Healthcare Representative,4,Married,4878,19655,0,Y,Yes,13,3,1,80,1,10,6,3,9,7,8,1,Company Website
25,Current employee,Travel_Rarely,949,Research & Development,1,3,Technical Degree,1,22800,146255,4,Female,98,3,2,Healthcare Representative,4,Married,4878,21653,0,Y,Yes,13,3,1,80,1,10,6,3,9,7,8,1,Company Website
25,Current employee,Travel_Rarely,949,Research & Development,1,3,Life Sciences,1,22801,146256,4,Female,98,3,2,Healthcare Representative,4,Married,4878,21653,0,Y,Yes,13,3,1,80,1,10,6,3,9,7,8,1,Company Website
25,Current employee,Travel_Rarely,949,Research & Development,1,3,Technical Degree,1,22803,146258,4,Female,98,3,2,Healthcare Representative,4,Married,4878,19630,0,Y,Yes,13,3,1,80,1,10,6,3,9,7,8,1,Company Website
25,Current employee,Travel_Rarely,949,Research & Development,1,3,Life Sciences,1,22804,146259,4,Female,98,3,2,Healthcare Representative,4,Married,4878,19655,0,Y,Yes,13,3,1,80,1,10,6,3,9,7,8,1,Company Website
25,Current employee,Travel_Rarely,1382,Sales,8,2,Other,1,22920,146375,1,Female,35,3,2,Sales Executive,3,Divorced,4907,13684,0,Y,Yes,22,4,2,80,1,6,3,2,5,3,0,4,Adzuna
25,Current employee,Travel_Rarely,1382,Sales,8,2,Medical,1,22922,146377,1,Female,35,3,2,Sales Executive,3,Divorced,4907,13684,6,Y,Yes,22,3,2,80,1,6,3,2,5,3,0,4,Adzuna
25,Current employee,Travel_Rarely,1382,Sales,8,2,Other,1,22924,146379,1,Female,35,3,2,Sales Executive,3,Divorced,4907,18830,0,Y,Yes,22,4,2,80,1,6,3,2,5,3,0,4,Adzuna
25,Current employee,Travel_Rarely,1382,Sales,8,2,Medical,1,22925,146380,1,Female,35,3,2,Sales Executive,3,Divorced,4907,21075,6,Y,Yes,22,4,2,80,1,6,3,2,5,3,0,4,Adzuna
25,Current employee,Travel_Rarely,1382,Sales,8,2,Other,1,22928,146383,1,Female,35,3,2,Sales Executive,3,Divorced,4907,13684,0,Y,Yes,22,4,2,80,1,6,3,2,5,3,0,4,Adzuna
25,Current employee,Travel_Rarely,1382,Sales,8,2,Medical,1,22930,146385,1,Female,35,3,2,Sales Executive,3,Divorced,4907,13684,6,Y,Yes,22,3,2,80,1,6,3,2,5,3,0,4,Adzuna
25,Current employee,Travel_Rarely,1382,Sales,8,2,Other,1,22932,146387,1,Female,35,3,2,Sales Executive,3,Divorced,4907,18830,0,Y,Yes,22,4,2,80,1,6,3,2,5,3,0,4,Adzuna
25,Current employee,Travel_Rarely,1382,Sales,8,2,Medical,1,22933,146388,1,Female,35,3,2,Sales Executive,3,Divorced,4907,21075,6,Y,Yes,22,4,2,80,1,6,3,2,5,3,0,4,Adzuna
28,Voluntary Resignation,Travel_Rarely,103,Research & Development,24,3,Life Sciences,1,310,123765,3,Male,50,2,1,Laboratory Technician,3,Single,2028,12947,5,Y,Yes,14,3,2,80,0,6,4,3,4,2,0,3,Seek
28,Voluntary Resignation,Travel_Rarely,103,Research & Development,24,3,Other,1,313,123768,3,Male,50,2,1,Laboratory Technician,3,Single,2028,12947,1,Y,Yes,14,3,2,80,0,6,4,3,4,2,0,3,Seek
28,Voluntary Resignation,Travel_Rarely,103,Research & Development,24,3,Life Sciences,1,314,123769,3,Male,50,2,1,Laboratory Technician,3,Single,2028,12947,5,Y,Yes,14,3,2,80,0,6,4,3,4,2,0,3,Seek
28,Voluntary Resignation,Travel_Rarely,103,Research & Development,24,3,Other,1,315,123770,3,Male,50,2,1,Laboratory Technician,3,Single,2028,12947,1,Y,Yes,14,3,2,80,0,6,4,3,4,2,0,3,GlassDoor
28,Voluntary Resignation,Travel_Rarely,103,Research & Development,24,3,Life Sciences,1,318,123773,3,Male,50,2,1,Laboratory Technician,3,Single,2028,12947,5,Y,Yes,14,3,2,80,0,6,4,3,4,2,0,3,Seek
28,Voluntary Resignation,Travel_Rarely,103,Research & Development,24,3,Life Sciences,1,319,123774,2,Male,80,3,2,Human Resources,2,Divorced,5021,10425,8,Y,Yes,22,3,4,80,1,16,2,3,4,2,0,2,Jora
28,Voluntary Resignation,Travel_Rarely,103,Research & Development,24,3,Life Sciences,1,322,123777,2,Male,88,2,4,Manager,3,Married,17046,9314,0,Y,No,15,3,2,80,1,28,2,3,27,10,15,7,LinkedIn
28,Voluntary Resignation,Travel_Rarely,103,Research & Development,24,3,Other,1,328,123783,3,Male,50,2,1,Laboratory Technician,3,Single,2028,12947,1,Y,Yes,14,3,2,80,0,6,4,3,4,2,0,3,Seek
28,Voluntary Resignation,Travel_Rarely,103,Research & Development,24,3,Life Sciences,1,329,123784,3,Male,50,2,1,Laboratory Technician,3,Single,2028,12947,5,Y,Yes,14,3,2,80,0,6,4,3,4,2,0,3,Seek
28,Voluntary Resignation,Travel_Rarely,103,Research & Development,24,3,Other,1,330,123785,3,Male,50,2,1,Laboratory Technician,3,Single,2028,12947,1,Y,Yes,14,3,2,80,0,6,4,3,4,2,0,3,GlassDoor
28,Voluntary Resignation,Travel_Rarely,103,Research & Development,24,3,Life Sciences,1,694,124149,1,Female,39,4,1,Research Scientist,3,Divorced,2645,21923,1,Y,No,12,3,4,80,2,6,3,2,5,3,1,4,Company Website
28,Voluntary Resignation,Travel_Rarely,103,Research & Development,24,3,Technical Degree,1,696,124151,1,Female,39,4,1,Research Scientist,3,Divorced,2645,21923,4,Y,No,12,4,4,80,2,6,3,2,5,3,1,4,Company Website
28,Voluntary Resignation,Travel_Rarely,103,Research & Development,24,3,Life Sciences,1,697,124152,1,Female,39,4,1,Research Scientist,3,Divorced,2645,21923,1,Y,No,12,3,4,80,2,6,3,2,5,3,1,4,Jora
28,Voluntary Resignation,Travel_Rarely,103,Research & Development,24,3,Technical Degree,1,698,124153,1,Female,39,4,1,Research Scientist,3,Divorced,2645,21923,4,Y,No,12,3,4,80,2,6,3,2,5,3,1,4,Company Website
28,Voluntary Resignation,Travel_Rarely,103,Research & Development,24,3,Life Sciences,1,702,124157,1,Female,39,4,1,Research Scientist,3,Divorced,2645,21923,1,Y,No,12,3,4,80,2,6,3,2,5,3,1,4,Company Website
28,Voluntary Resignation,Travel_Rarely,103,Research & Development,24,3,Technical Degree,1,704,124159,1,Female,39,4,1,Research Scientist,3,Divorced,2645,21923,4,Y,No,12,4,4,80,2,6,3,2,5,3,1,4,Company Website
28,Voluntary Resignation,Travel_Rarely,103,Research & Development,24,3,Life Sciences,1,705,124160,1,Female,39,4,1,Research Scientist,3,Divorced,2645,21923,1,Y,No,12,3,4,80,2,6,3,2,5,3,1,4,Jora
28,Voluntary Resignation,Travel_Rarely,103,Research & Development,24,3,Technical Degree,1,706,124161,1,Female,39,4,1,Research Scientist,3,Divorced,2645,21923,4,Y,No,12,3,4,80,2,6,3,2,5,3,1,4,Company Website
28,Voluntary Resignation,Travel_Rarely,1434,Research & Development,5,4,Technical Degree,1,951,124406,3,Male,50,3,1,Laboratory Technician,3,Single,3441,11179,1,Y,Yes,13,3,3,80,0,2,3,2,2,2,2,2,Seek
28,Voluntary Resignation,Travel_Rarely,1434,Research & Development,5,4,Life Sciences,1,954,124409,3,Male,50,3,1,Laboratory Technician,3,Single,3441,11179,1,Y,Yes,13,3,3,80,0,2,3,2,2,2,2,2,Seek
28,Voluntary Resignation,Travel_Rarely,1434,Research & Development,5,4,Technical Degree,1,955,124410,3,Male,50,3,1,Laboratory Technician,3,Single,3441,11179,1,Y,Yes,13,3,3,80,0,2,3,2,2,2,2,2,Recruit.net
28,Voluntary Resignation,Travel_Rarely,1434,Research & Development,5,4,Life Sciences,1,956,124411,3,Male,50,3,1,Laboratory Technician,3,Single,3441,11179,1,Y,Yes,13,3,3,80,0,2,3,2,2,2,2,2,Adzuna
28,Voluntary Resignation,Travel_Rarely,1434,Research & Development,5,4,Technical Degree,1,959,124414,3,Male,50,3,1,Laboratory Technician,3,Single,3441,11179,1,Y,Yes,13,3,3,80,0,2,3,2,2,2,2,2,Seek
28,Voluntary Resignation,Travel_Rarely,1434,Research & Development,5,4,Life Sciences,1,962,124417,3,Male,50,3,1,Laboratory Technician,3,Single,3441,11179,1,Y,Yes,13,3,3,80,0,2,3,2,2,2,2,2,Seek
28,Voluntary Resignation,Travel_Rarely,1434,Research & Development,5,4,Technical Degree,1,963,124418,3,Male,50,3,1,Laboratory Technician,3,Single,3441,11179,1,Y,Yes,13,3,3,80,0,2,3,2,2,2,2,2,Recruit.net
28,Voluntary Resignation,Travel_Rarely,1434,Research & Development,5,4,Life Sciences,1,964,124419,3,Male,50,3,1,Laboratory Technician,3,Single,3441,11179,1,Y,Yes,13,3,3,80,0,2,3,2,2,2,2,2,Adzuna
28,Voluntary Resignation,Travel_Rarely,529,Research & Development,2,4,Life Sciences,1,2273,125728,1,Male,43,1,3,Manufacturing Director,4,Single,10650,25150,2,Y,No,15,3,4,80,0,18,2,3,4,2,0,3,Company Website
28,Voluntary Resignation,Travel_Rarely,529,Research & Development,2,4,Life Sciences,1,2274,125729,1,Male,43,1,3,Manufacturing Director,4,Single,10650,25150,1,Y,No,15,3,4,80,0,18,2,3,4,2,0,3,Company Website
28,Voluntary Resignation,Travel_Rarely,529,Research & Development,2,4,Life Sciences,1,2276,125731,1,Male,43,1,3,Manufacturing Director,4,Single,10650,25150,2,Y,No,15,3,4,80,0,18,2,3,4,2,0,3,Indeed
28,Voluntary Resignation,Travel_Rarely,529,Research & Development,2,4,Life Sciences,1,2277,125732,1,Male,43,1,3,Manufacturing Director,4,Single,10650,25150,1,Y,No,15,3,4,80,0,18,2,3,4,2,0,3,Company Website
28,Voluntary Resignation,Travel_Rarely,529,Research & Development,2,4,Life Sciences,1,2281,125736,1,Male,43,1,3,Manufacturing Director,4,Single,10650,25150,2,Y,No,15,3,4,80,0,18,2,3,4,2,0,3,Company Website
28,Voluntary Resignation,Travel_Rarely,529,Research & Development,2,4,Life Sciences,1,2092,125737,1,Male,43,1,3,Manufacturing Director,4,Single,10650,25150,1,Y,No,15,3,4,80,0,18,2,3,4,2,0,3,Company Website
28,Voluntary Resignation,Travel_Rarely,529,Research & Development,2,4,Life Sciences,1,2284,125739,1,Male,43,1,3,Manufacturing Director,4,Single,10650,25150,2,Y,No,15,3,4,80,0,18,2,3,4,2,0,3,Indeed
28,Voluntary Resignation,Travel_Rarely,529,Research & Development,2,4,Life Sciences,1,2285,125740,1,Male,43,1,3,Manufacturing Director,4,Single,10650,25150,1,Y,No,15,3,4,80,0,18,2,3,4,2,0,3,Company Website
28,Voluntary Resignation,Travel_Rarely,654,Research & Development,1,2,Life Sciences,1,3990,127445,1,Male,48,4,5,Manager,4,Married,19202,15970,0,Y,No,11,3,3,80,1,25,2,3,24,0,1,7,Company Website
28,Voluntary Resignation,Travel_Rarely,654,Research & Development,1,2,Life Sciences,1,3992,127447,1,Male,48,4,5,Manager,4,Married,19202,15970,1,Y,No,11,3,3,80,1,25,2,3,24,0,1,7,Company Website
28,Voluntary Resignation,Travel_Rarely,654,Research & Development,1,2,Life Sciences,1,3993,127448,1,Male,48,4,5,Manager,4,Married,19202,15970,0,Y,No,11,3,3,80,1,25,2,3,24,0,1,7,Seek
28,Voluntary Resignation,Travel_Rarely,654,Research & Development,1,2,Life Sciences,1,3994,127449,1,Male,48,4,5,Manager,4,Married,19202,15970,1,Y,No,11,3,3,80,1,25,2,3,24,0,1,7,Company Website
28,Voluntary Resignation,Travel_Rarely,654,Research & Development,1,2,Life Sciences,1,3998,127453,1,Male,48,4,5,Manager,4,Married,19202,15970,0,Y,No,11,3,3,80,1,25,2,3,24,0,1,7,Company Website
28,Voluntary Resignation,Travel_Rarely,654,Research & Development,1,2,Life Sciences,1,4000,127455,1,Male,48,4,5,Manager,4,Married,19202,15970,1,Y,No,11,3,3,80,1,25,2,3,24,0,1,7,Company Website
28,Voluntary Resignation,Travel_Rarely,654,Research & Development,1,2,Life Sciences,1,4001,127456,1,Male,48,4,5,Manager,4,Married,19202,15970,0,Y,No,11,3,3,80,1,25,2,3,24,0,1,7,Seek
28,Voluntary Resignation,Travel_Rarely,654,Research & Development,1,2,Life Sciences,1,4002,127457,1,Male,48,4,5,Manager,4,Married,19202,15970,1,Y,No,11,3,3,80,1,25,2,3,24,0,1,7,Company Website
28,Voluntary Resignation,Travel_Rarely,529,Research & Development,2,4,Life Sciences,1,4308,127763,1,Male,79,3,1,Laboratory Technician,3,Single,3485,14935,2,Y,No,11,3,3,80,0,5,5,1,0,0,0,0,Company Website
28,Voluntary Resignation,Travel_Rarely,529,Research & Development,2,4,Life Sciences,1,4310,127765,1,Male,79,3,1,Laboratory Technician,3,Single,3485,14935,1,Y,No,11,3,3,80,0,5,5,1,0,0,0,0,Company Website
28,Voluntary Resignation,Travel_Rarely,529,Research & Development,2,4,Life Sciences,1,4314,127769,1,Male,79,3,1,Laboratory Technician,3,Single,3485,14935,2,Y,No,11,3,3,80,0,5,5,1,0,0,0,0,Indeed
28,Voluntary Resignation,Travel_Rarely,529,Research & Development,2,4,Life Sciences,1,4315,127770,1,Male,79,3,1,Laboratory Technician,3,Single,3485,14935,1,Y,No,11,3,3,80,0,5,5,1,0,0,0,0,GlassDoor
28,Voluntary Resignation,Travel_Rarely,529,Research & Development,2,4,Life Sciences,1,4316,127771,1,Male,79,3,1,Laboratory Technician,3,Single,3485,14935,2,Y,No,11,3,3,80,0,5,5,1,0,0,0,0,Company Website
28,Voluntary Resignation,Travel_Rarely,529,Research & Development,2,4,Life Sciences,1,4318,127773,1,Male,79,3,1,Laboratory Technician,3,Single,3485,14935,1,Y,No,11,3,3,80,0,5,5,1,0,0,0,0,Company Website
28,Voluntary Resignation,Travel_Rarely,529,Research & Development,2,4,Life Sciences,1,4322,127777,1,Male,79,3,1,Laboratory Technician,3,Single,3485,14935,2,Y,No,11,3,3,80,0,5,5,1,0,0,0,0,Indeed
28,Voluntary Resignation,Travel_Rarely,529,Research & Development,2,4,Life Sciences,1,4323,127778,1,Male,79,3,1,Laboratory Technician,3,Single,3485,14935,1,Y,No,11,3,3,80,0,5,5,1,0,0,0,0,GlassDoor
28,Voluntary Resignation,Travel_Rarely,1157,Research & Development,2,4,Medical,1,5246,128701,1,Male,84,1,1,Research Scientist,4,Married,3464,24737,5,Y,Yes,13,3,4,80,0,5,4,2,3,2,2,2,LinkedIn
28,Voluntary Resignation,Travel_Rarely,1157,Research & Development,2,4,Life Sciences,1,5248,128703,1,Male,84,1,1,Research Scientist,4,Married,3464,24737,2,Y,Yes,13,3,4,80,0,5,4,2,3,2,2,2,LinkedIn
28,Voluntary Resignation,Travel_Rarely,1157,Research & Development,2,4,Medical,1,5252,128707,1,Male,84,1,1,Research Scientist,4,Married,3464,24737,5,Y,Yes,13,3,4,80,0,5,4,2,3,2,2,2,Jora
28,Voluntary Resignation,Travel_Rarely,1157,Research & Development,2,4,Life Sciences,1,5253,128708,1,Male,84,1,1,Research Scientist,4,Married,3464,24737,2,Y,Yes,13,3,4,80,0,5,4,2,3,2,2,2,LinkedIn
28,Voluntary Resignation,Travel_Rarely,1157,Research & Development,2,4,Medical,1,5254,128709,1,Male,84,1,1,Research Scientist,4,Married,3464,24737,5,Y,Yes,13,3,4,80,0,5,4,2,3,2,2,2,LinkedIn
28,Voluntary Resignation,Travel_Rarely,1157,Research & Development,2,4,Life Sciences,1,5256,128711,1,Male,84,1,1,Research Scientist,4,Married,3464,24737,2,Y,Yes,13,3,4,80,0,5,4,2,3,2,2,2,LinkedIn
28,Voluntary Resignation,Travel_Rarely,1157,Research & Development,2,4,Medical,1,5260,128715,1,Male,84,1,1,Research Scientist,4,Married,3464,24737,5,Y,Yes,13,3,4,80,0,5,4,2,3,2,2,2,Jora
28,Voluntary Resignation,Travel_Rarely,1157,Research & Development,2,4,Life Sciences,1,5261,128716,1,Male,84,1,1,Research Scientist,4,Married,3464,24737,2,Y,Yes,13,3,4,80,0,5,4,2,3,2,2,2,LinkedIn
28,Voluntary Resignation,Travel_Rarely,1485,Research & Development,12,1,Life Sciences,1,5988,129443,2,Female,54,4,1,Sales Representative,2,Single,2716,25422,1,Y,No,15,4,4,80,0,1,0,3,1,0,0,0,Jora
28,Voluntary Resignation,Travel_Rarely,1485,Research & Development,12,1,Medical,1,5990,129445,2,Female,54,4,1,Sales Representative,2,Single,2716,25422,9,Y,No,15,3,4,80,0,1,0,3,1,0,0,0,Jora
28,Voluntary Resignation,Travel_Rarely,1485,Research & Development,12,1,Life Sciences,1,5993,129448,2,Female,54,4,1,Sales Representative,2,Single,2716,25422,1,Y,No,15,3,4,80,0,1,0,3,1,0,0,0,Recruit.net
28,Voluntary Resignation,Travel_Rarely,1485,Research & Development,12,1,Medical,1,5994,129449,2,Female,54,4,1,Sales Representative,2,Single,2716,25422,9,Y,No,15,3,4,80,0,1,0,3,1,0,0,0,Jora
28,Voluntary Resignation,Travel_Rarely,1485,Research & Development,12,1,Life Sciences,1,5996,129451,2,Female,54,4,1,Sales Representative,2,Single,2716,25422,1,Y,No,15,4,4,80,0,1,0,3,1,0,0,0,Jora
28,Voluntary Resignation,Travel_Rarely,1485,Research & Development,12,1,Medical,1,5998,129453,2,Female,54,4,1,Sales Representative,2,Single,2716,25422,9,Y,No,15,3,4,80,0,1,0,3,1,0,0,0,Jora
28,Voluntary Resignation,Travel_Rarely,1485,Research & Development,12,1,Life Sciences,1,6001,129456,2,Female,54,4,1,Sales Representative,2,Single,2716,25422,1,Y,No,15,3,4,80,0,1,0,3,1,0,0,0,Recruit.net
28,Voluntary Resignation,Travel_Rarely,1485,Research & Development,12,1,Medical,1,6002,129457,2,Female,54,4,1,Sales Representative,2,Single,2716,25422,9,Y,No,15,3,4,80,0,1,0,3,1,0,0,0,Jora
28,Voluntary Resignation,Travel_Rarely,654,Research & Development,1,2,Life Sciences,1,8673,132128,1,Female,67,1,1,Research Scientist,2,Single,2216,3872,7,Y,Yes,13,3,4,80,0,10,4,3,7,7,3,7,Indeed
28,Voluntary Resignation,Travel_Rarely,654,Research & Development,1,2,Life Sciences,1,8675,132130,1,Female,67,1,1,Research Scientist,2,Single,2216,3872,2,Y,Yes,13,3,4,80,0,10,4,3,7,7,3,7,Indeed
28,Voluntary Resignation,Travel_Rarely,654,Research & Development,1,2,Life Sciences,1,8677,132132,1,Female,67,1,1,Research Scientist,2,Single,2216,3872,7,Y,Yes,13,3,4,80,0,10,4,3,7,7,3,7,Seek
28,Voluntary Resignation,Travel_Rarely,654,Research & Development,1,2,Life Sciences,1,8678,132133,1,Female,67,1,1,Research Scientist,2,Single,2216,3872,2,Y,Yes,13,3,4,80,0,10,4,3,7,7,3,7,Indeed
28,Voluntary Resignation,Travel_Rarely,654,Research & Development,1,2,Life Sciences,1,8681,132136,1,Female,67,1,1,Research Scientist,2,Single,2216,3872,7,Y,Yes,13,3,4,80,0,10,4,3,7,7,3,7,Indeed
28,Voluntary Resignation,Travel_Rarely,654,Research & Development,1,2,Life Sciences,1,8682,132137,1,Female,67,1,1,Research Scientist,2,Single,2216,3872,0,Y,Yes,12,3,3,80,3,9,4,2,8,7,1,7,Recruit.net
28,Voluntary Resignation,Travel_Rarely,654,Research & Development,1,2,Life Sciences,1,8683,132138,1,Female,67,1,1,Research Scientist,2,Single,2216,3872,2,Y,No,13,3,4,80,3,10,3,3,7,7,7,7,Recruit.net
28,Voluntary Resignation,Travel_Rarely,654,Research & Development,1,2,Life Sciences,1,8685,132140,1,Female,67,1,1,Research Scientist,2,Single,2216,3872,2,Y,Yes,13,3,4,80,0,10,4,3,7,7,3,7,Indeed
28,Voluntary Resignation,Travel_Rarely,654,Research & Development,1,2,Life Sciences,1,8687,132142,1,Female,67,1,1,Research Scientist,2,Single,2216,3872,7,Y,Yes,13,3,4,80,0,10,4,3,7,7,3,7,Seek
28,Voluntary Resignation,Travel_Rarely,654,Research & Development,1,2,Life Sciences,1,8688,132143,1,Female,67,1,1,Research Scientist,2,Single,2216,3872,2,Y,Yes,13,3,4,80,0,10,4,3,7,7,3,7,Indeed
28,Voluntary Resignation,Travel_Rarely,890,Research & Development,2,4,Medical,1,9604,133059,3,Male,46,3,1,Research Scientist,3,Single,4382,16374,6,Y,No,17,3,4,80,0,5,3,2,2,2,2,1,Adzuna
28,Voluntary Resignation,Travel_Rarely,890,Research & Development,2,4,Life Sciences,1,9607,133062,3,Male,46,3,1,Research Scientist,3,Single,4382,,2,Y,No,17,3,4,80,0,,3,2,2,2,2,1,Adzuna
28,Voluntary Resignation,Travel_Rarely,890,Research & Development,2,4,Medical,1,9608,133063,3,Male,46,3,1,Research Scientist,3,Single,4382,16374,6,Y,No,17,3,4,80,0,5,3,2,2,2,2,1,Indeed
28,Voluntary Resignation,Travel_Rarely,890,Research & Development,2,4,Life Sciences,1,9609,133064,3,Male,46,3,1,Research Scientist,3,Single,4382,16374,2,Y,No,17,3,4,80,0,5,3,2,2,2,2,1,Adzuna
28,Voluntary Resignation,Travel_Rarely,890,Research & Development,2,4,Medical,1,9612,133067,3,Male,46,3,1,Research Scientist,3,Single,4382,16374,6,Y,No,17,3,4,80,0,5,3,2,2,2,2,1,Adzuna
28,Voluntary Resignation,Travel_Rarely,890,Research & Development,2,4,Life Sciences,1,9615,133070,3,Male,46,3,1,Research Scientist,3,Single,4382,16374,2,Y,No,17,3,4,80,0,5,3,2,2,2,2,1,Adzuna
28,Voluntary Resignation,Travel_Rarely,890,Research & Development,2,4,Medical,1,9616,133071,3,Male,46,3,1,Research Scientist,3,Single,4382,16374,6,Y,No,17,3,4,80,0,5,3,2,2,2,2,1,Indeed
28,Voluntary Resignation,Travel_Rarely,890,Research & Development,2,4,Life Sciences,1,9617,133072,3,Male,46,3,1,Research Scientist,3,Single,4382,16374,2,Y,No,17,3,4,80,0,5,3,2,2,2,2,1,Adzuna
28,Voluntary Resignation,Travel_Rarely,1475,Sales,13,2,Marketing,1,12467,135922,3,Female,72,2,1,Laboratory Technician,1,Single,1416,17258,1,Y,No,13,3,1,80,0,1,6,2,1,0,1,0,Indeed
28,Voluntary Resignation,Travel_Rarely,1475,Sales,13,2,Medical,1,12469,135924,3,Female,72,2,1,Laboratory Technician,1,Single,1416,17258,1,Y,No,13,3,1,80,0,1,6,2,1,0,1,0,Indeed
28,Voluntary Resignation,Travel_Rarely,1475,Sales,13,2,Marketing,1,12472,135927,3,Female,72,2,1,Laboratory Technician,1,Single,1416,17258,1,Y,No,13,3,1,80,0,1,6,2,1,0,1,0,Company Website
28,Voluntary Resignation,Travel_Rarely,1475,Sales,13,2,Medical,1,12473,135928,3,Female,72,2,1,Laboratory Technician,1,Single,1416,17258,1,Y,No,13,3,1,80,0,1,6,2,1,0,1,0,LinkedIn
28,Voluntary Resignation,Travel_Rarely,1475,Sales,13,2,Marketing,1,12475,135930,3,Female,72,2,1,Laboratory Technician,1,Single,1416,17258,1,Y,No,13,3,1,80,0,1,6,2,1,0,1,0,Indeed
28,Voluntary Resignation,Travel_Rarely,1475,Sales,13,2,Medical,1,12477,135932,3,Female,72,2,1,Laboratory Technician,1,Single,1416,17258,1,Y,No,13,3,1,80,0,1,6,2,1,0,1,0,Indeed
28,Voluntary Resignation,Travel_Rarely,1475,Sales,13,2,Marketing,1,12480,135935,3,Female,72,2,1,Laboratory Technician,1,Single,1416,17258,1,Y,No,13,3,1,80,0,1,6,2,1,0,1,0,Company Website
28,Voluntary Resignation,Travel_Rarely,1475,Sales,13,2,Medical,1,12481,135936,3,Female,72,2,1,Laboratory Technician,1,Single,1416,17258,1,Y,No,13,3,1,80,0,1,6,2,1,0,1,0,LinkedIn
28,Voluntary Resignation,Non-Travel,1366,Research & Development,24,2,Technical Degree,1,12514,135969,2,Male,72,2,3,Healthcare Representative,1,Single,8722,12355,1,Y,No,12,3,1,80,0,10,2,2,10,7,1,9,Company Website
28,Voluntary Resignation,Non-Travel,1366,Research & Development,24,2,Other,1,12517,135972,2,Male,72,2,3,Healthcare Representative,1,Single,8722,12355,0,Y,No,12,3,1,80,0,10,2,2,10,7,1,9,Company Website
28,Voluntary Resignation,Non-Travel,1366,Research & Development,24,2,Technical Degree,1,12518,135973,2,Male,72,2,3,Healthcare Representative,1,Single,8722,12355,1,Y,No,12,3,1,80,0,10,2,2,10,7,1,9,Seek
28,Voluntary Resignation,Non-Travel,1366,Research & Development,24,2,Other,1,12519,135974,2,Male,72,2,3,Healthcare Representative,1,Single,8722,12355,0,Y,No,12,3,1,80,0,10,2,2,10,7,1,9,Recruit.net
28,Voluntary Resignation,Non-Travel,1366,Research & Development,24,2,Technical Degree,1,12522,135977,2,Male,72,2,3,Healthcare Representative,1,Single,8722,12355,1,Y,No,12,3,1,80,0,10,2,2,10,7,1,9,Company Website
28,Voluntary Resignation,Non-Travel,1366,Research & Development,24,2,Other,1,12525,135980,2,Male,72,2,3,Healthcare Representative,1,Single,8722,12355,0,Y,No,12,3,1,80,0,10,2,2,10,7,1,9,Company Website
28,Voluntary Resignation,Non-Travel,1366,Research & Development,24,2,Technical Degree,1,12526,135981,2,Male,72,2,3,Healthcare Representative,1,Single,8722,12355,1,Y,No,12,3,1,80,0,10,2,2,10,7,1,9,Seek
28,Voluntary Resignation,Non-Travel,1366,Research & Development,24,2,Other,1,12527,135982,2,Male,72,2,3,Healthcare Representative,1,Single,8722,12355,0,Y,No,12,3,1,80,0,10,2,2,10,7,1,9,Recruit.net
28,Voluntary Resignation,Travel_Frequently,1009,Research & Development,1,3,Medical,1,12831,136286,1,Male,45,2,1,Laboratory Technician,2,Divorced,2596,7160,1,Y,No,15,3,1,80,2,1,2,3,1,0,0,0,Adzuna
28,Voluntary Resignation,Travel_Frequently,1009,Research & Development,1,3,Life Sciences,1,12833,136288,1,Male,45,2,1,Laboratory Technician,2,Divorced,2596,7160,0,Y,No,15,3,1,80,2,1,2,3,1,0,0,0,Adzuna
28,Voluntary Resignation,Travel_Frequently,1009,Research & Development,1,3,Medical,1,12835,136290,1,Male,45,2,1,Laboratory Technician,2,Divorced,2596,7160,1,Y,No,15,3,1,80,2,1,2,3,1,0,0,0,Company Website
28,Voluntary Resignation,Travel_Frequently,1009,Research & Development,1,3,Life Sciences,1,12836,136291,1,Male,45,2,1,Laboratory Technician,2,Divorced,2596,7160,0,Y,No,15,3,1,80,2,1,2,3,1,0,0,0,GlassDoor
28,Voluntary Resignation,Travel_Frequently,1009,Research & Development,1,3,Medical,1,12839,136294,1,Male,45,2,1,Laboratory Technician,2,Divorced,2596,7160,1,Y,No,15,3,1,80,2,1,2,3,1,0,0,0,Adzuna
28,Voluntary Resignation,Travel_Frequently,1009,Research & Development,1,3,Life Sciences,1,12841,136296,1,Male,45,2,1,Laboratory Technician,2,Divorced,2596,7160,0,Y,No,15,3,1,80,2,1,2,3,1,0,0,0,Adzuna
28,Voluntary Resignation,Travel_Frequently,1009,Research & Development,1,3,Medical,1,12843,136298,1,Male,45,2,1,Laboratory Technician,2,Divorced,2596,7160,1,Y,No,15,3,1,80,2,1,2,3,1,0,0,0,Company Website
28,Voluntary Resignation,Travel_Frequently,1009,Research & Development,1,3,Life Sciences,1,12844,136299,1,Male,45,2,1,Laboratory Technician,2,Divorced,2596,7160,0,Y,No,15,3,1,80,2,1,2,3,1,0,0,0,GlassDoor
28,Voluntary Resignation,Travel_Rarely,1485,Research & Development,12,1,Life Sciences,1,13500,136955,3,Female,79,3,1,Laboratory Technician,4,Married,2515,22955,1,Y,Yes,11,3,4,80,0,1,4,2,1,1,0,0,Company Website
28,Voluntary Resignation,Travel_Rarely,1485,Research & Development,12,1,Medical,1,13503,136958,3,Female,79,3,1,Laboratory Technician,4,Married,2515,22955,1,Y,Yes,11,3,4,80,0,1,4,2,1,1,0,0,Company Website
28,Voluntary Resignation,Travel_Rarely,1485,Research & Development,12,1,Life Sciences,1,13506,136961,3,Female,79,3,1,Laboratory Technician,4,Married,2515,22955,1,Y,Yes,11,3,4,80,0,1,4,2,1,1,0,0,Company Website
28,Voluntary Resignation,Travel_Rarely,1485,Research & Development,12,1,Medical,1,13507,136962,3,Female,79,3,1,Laboratory Technician,4,Married,2515,22955,1,Y,Yes,11,3,4,80,0,1,4,2,1,1,0,0,GlassDoor
28,Voluntary Resignation,Travel_Rarely,1485,Research & Development,12,1,Life Sciences,1,13508,136963,3,Female,79,3,1,Laboratory Technician,4,Married,2515,22955,1,Y,Yes,11,3,4,80,0,1,4,2,1,1,0,0,Company Website
28,Voluntary Resignation,Travel_Rarely,1485,Research & Development,12,1,Medical,1,13511,136966,3,Female,79,3,1,Laboratory Technician,4,Married,2515,22955,1,Y,Yes,11,3,4,80,0,1,4,2,1,1,0,0,Company Website
28,Voluntary Resignation,Travel_Rarely,1485,Research & Development,12,1,Life Sciences,1,13514,136969,3,Female,79,3,1,Laboratory Technician,4,Married,2515,22955,1,Y,Yes,11,3,4,80,0,1,4,2,1,1,0,0,Company Website
28,Voluntary Resignation,Travel_Rarely,1485,Research & Development,12,1,Medical,1,13515,136970,3,Female,79,3,1,Laboratory Technician,4,Married,2515,22955,1,Y,Yes,11,3,4,80,0,1,4,2,1,1,0,0,GlassDoor
28,Voluntary Resignation,Travel_Rarely,1157,Research & Development,2,4,Medical,1,14432,137887,3,Male,77,4,1,Laboratory Technician,2,Single,2559,16620,5,Y,No,11,4,3,80,0,7,4,2,1,0,0,0,Company Website
28,Voluntary Resignation,Travel_Rarely,1157,Research & Development,2,4,Life Sciences,1,14434,137889,3,Male,77,4,1,Laboratory Technician,2,Single,2559,16620,1,Y,No,11,4,3,80,0,7,4,2,1,0,0,0,Company Website
28,Voluntary Resignation,Travel_Rarely,1157,Research & Development,2,4,Medical,1,14435,137890,3,Male,77,4,1,Laboratory Technician,2,Single,2559,16620,5,Y,No,11,3,3,80,0,7,4,2,1,0,0,0,LinkedIn
28,Voluntary Resignation,Travel_Rarely,1157,Research & Development,2,4,Life Sciences,1,14436,137891,3,Male,77,4,1,Laboratory Technician,2,Single,2559,16620,1,Y,No,11,3,3,80,0,7,4,2,1,0,0,0,Adzuna
28,Voluntary Resignation,Travel_Rarely,1157,Research & Development,2,4,Medical,1,14440,137895,3,Male,77,4,1,Laboratory Technician,2,Single,2559,16620,5,Y,No,11,4,3,80,0,7,4,2,1,0,0,0,Company Website
28,Voluntary Resignation,Travel_Rarely,1157,Research & Development,2,4,Life Sciences,1,14442,137897,3,Male,77,4,1,Laboratory Technician,2,Single,2559,16620,1,Y,No,11,4,3,80,0,7,4,2,1,0,0,0,Company Website
28,Voluntary Resignation,Travel_Rarely,1157,Research & Development,2,4,Medical,1,14443,137898,3,Male,77,4,1,Laboratory Technician,2,Single,2559,16620,5,Y,No,11,3,3,80,0,7,4,2,1,0,0,0,LinkedIn
28,Voluntary Resignation,Travel_Rarely,1157,Research & Development,2,4,Life Sciences,1,14444,137899,3,Male,77,4,1,Laboratory Technician,2,Single,2559,16620,1,Y,No,11,3,3,80,0,7,4,2,1,0,0,0,Adzuna
28,Voluntary Resignation,Travel_Rarely,890,Research & Development,2,4,Medical,1,15744,139199,3,Female,80,3,2,Healthcare Representative,4,Single,6687,6163,1,Y,No,11,3,4,80,0,14,2,4,14,11,4,11,Jora
28,Voluntary Resignation,Travel_Rarely,890,Research & Development,2,4,Life Sciences,1,15746,139201,3,Female,80,3,2,Healthcare Representative,4,Single,6687,6163,0,Y,No,11,3,4,80,0,14,2,4,14,11,4,11,Jora
28,Voluntary Resignation,Travel_Rarely,890,Research & Development,2,4,Medical,1,15747,139202,3,Female,80,3,2,Healthcare Representative,4,Single,6687,6163,1,Y,No,11,3,4,80,0,14,2,4,14,11,4,11,Indeed
28,Voluntary Resignation,Travel_Rarely,890,Research & Development,2,4,Life Sciences,1,15748,139203,3,Female,80,3,2,Healthcare Representative,4,Single,6687,6163,0,Y,No,11,3,4,80,0,14,2,4,14,11,4,11,Seek
28,Voluntary Resignation,Travel_Rarely,890,Research & Development,2,4,Medical,1,15752,139207,3,Female,80,3,2,Healthcare Representative,4,Single,6687,6163,1,Y,No,11,3,4,80,0,14,2,4,14,11,4,11,Jora
28,Voluntary Resignation,Travel_Rarely,890,Research & Development,2,4,Life Sciences,1,15754,139209,3,Female,80,3,2,Healthcare Representative,4,Single,6687,6163,0,Y,No,11,3,4,80,0,14,2,4,14,11,4,11,Jora
28,Voluntary Resignation,Travel_Rarely,890,Research & Development,2,4,Medical,1,15755,139210,3,Female,80,3,2,Healthcare Representative,4,Single,6687,6163,1,Y,No,11,3,4,80,0,14,2,4,14,11,4,11,Indeed
28,Voluntary Resignation,Travel_Rarely,890,Research & Development,2,4,Life Sciences,1,15756,139211,3,Female,80,3,2,Healthcare Representative,4,Single,6687,6163,0,Y,No,11,3,4,80,0,14,2,4,14,11,4,11,Seek
28,Voluntary Resignation,Travel_Frequently,1009,Research & Development,1,3,Medical,1,16793,140248,4,Male,83,3,2,Sales Executive,3,Married,5301,2939,8,Y,No,15,3,3,80,2,4,2,2,2,1,2,2,Test
28,Voluntary Resignation,Travel_Frequently,1009,Research & Development,1,3,Medical,1,16796,140251,4,Male,83,3,2,Sales Executive,3,Married,5301,2939,8,Y,No,15,3,3,80,2,4,2,2,2,1,2,2,Company Website
28,Voluntary Resignation,Travel_Frequently,1009,Research & Development,1,3,Life Sciences,1,16797,140252,4,Male,83,3,2,Sales Executive,3,Married,5301,2939,4,Y,No,15,3,3,80,2,4,2,2,2,1,2,2,Adzuna
28,Voluntary Resignation,Travel_Frequently,1009,Research & Development,1,3,Medical,1,16801,140256,4,Male,83,3,2,Sales Executive,3,Married,5301,2939,8,Y,No,15,3,3,80,2,4,2,2,2,1,2,2,Adzuna
28,Voluntary Resignation,Travel_Frequently,1009,Research & Development,1,3,Life Sciences,1,16802,140257,4,Male,83,3,2,Sales Executive,3,Married,5301,2939,4,Y,No,15,3,3,80,2,4,2,2,2,1,2,2,Adzuna
28,Voluntary Resignation,Travel_Frequently,1009,Research & Development,1,3,Medical,1,16804,140259,4,Male,83,3,2,Sales Executive,3,Married,5301,2939,8,Y,No,15,3,3,80,2,4,2,2,2,1,2,2,Company Website
28,Voluntary Resignation,Travel_Frequently,1009,Research & Development,1,3,Life Sciences,1,16805,140260,4,Male,83,3,2,Sales Executive,3,Married,5301,2939,4,Y,No,15,3,3,80,2,4,2,2,2,1,2,2,Adzuna
28,Voluntary Resignation,Travel_Frequently,1496,Sales,1,3,Technical Degree,1,16903,140358,1,Male,92,3,1,Sales Representative,3,Married,2909,15747,3,Y,No,15,3,4,80,1,5,3,4,3,2,1,2,Company Website
28,Voluntary Resignation,Travel_Frequently,1496,Sales,1,3,Life Sciences,1,16905,140360,1,Male,92,3,1,Sales Representative,3,Married,2909,15747,8,Y,No,15,3,4,80,1,5,3,4,3,2,1,2,Company Website
28,Voluntary Resignation,Travel_Frequently,1496,Sales,1,3,Technical Degree,1,16907,140362,1,Male,92,3,1,Sales Representative,3,Married,2909,15747,3,Y,No,15,3,4,80,1,5,3,4,3,2,1,2,GlassDoor
28,Voluntary Resignation,Travel_Frequently,1496,Sales,1,3,Life Sciences,1,16908,140363,1,Male,92,3,1,Sales Representative,3,Married,2909,15747,8,Y,No,15,3,4,80,1,5,3,4,3,2,1,2,Company Website
28,Voluntary Resignation,Travel_Frequently,1496,Sales,1,3,Technical Degree,1,16911,140366,1,Male,92,3,1,Sales Representative,3,Married,2909,15747,3,Y,No,15,3,4,80,1,5,3,4,3,2,1,2,Company Website
28,Voluntary Resignation,Travel_Frequently,1496,Sales,1,3,Life Sciences,1,16913,140368,1,Male,92,3,1,Sales Representative,3,Married,2909,15747,8,Y,No,15,3,4,80,1,5,3,4,3,2,1,2,Company Website
28,Voluntary Resignation,Travel_Frequently,1496,Sales,1,3,Technical Degree,1,16915,140370,1,Male,92,3,1,Sales Representative,3,Married,2909,15747,3,Y,No,15,3,4,80,1,5,3,4,3,2,1,2,GlassDoor
28,Voluntary Resignation,Travel_Frequently,1496,Sales,1,3,Life Sciences,1,16916,140371,1,Male,92,3,1,Sales Representative,3,Married,2909,15747,8,Y,No,15,3,4,80,1,5,3,4,3,2,1,2,Company Website
28,Voluntary Resignation,Travel_Frequently,289,Research & Development,2,2,Medical,1,17093,140548,3,Male,38,2,1,Laboratory Technician,1,Single,2561,5355,7,Y,No,11,4,3,80,0,8,2,2,0,0,0,0,Indeed
28,Voluntary Resignation,Travel_Frequently,289,Research & Development,2,2,Life Sciences,1,17095,140550,3,Male,38,2,1,Laboratory Technician,1,Single,2561,5355,1,Y,No,11,3,3,80,0,8,2,2,0,0,0,0,Indeed
28,Voluntary Resignation,Travel_Frequently,289,Research & Development,2,2,Medical,1,17097,140552,3,Male,38,2,1,Laboratory Technician,1,Single,2561,5355,7,Y,No,11,3,3,80,0,8,2,2,0,0,0,0,Indeed
28,Voluntary Resignation,Travel_Frequently,289,Research & Development,2,2,Life Sciences,1,17098,140553,3,Male,38,2,1,Laboratory Technician,1,Single,2561,5355,1,Y,No,11,3,3,80,0,8,2,2,0,0,0,0,LinkedIn
28,Voluntary Resignation,Travel_Frequently,289,Research & Development,2,2,Medical,1,17101,140556,3,Male,38,2,1,Laboratory Technician,1,Single,2561,5355,7,Y,No,11,4,3,80,0,8,2,2,0,0,0,0,Indeed
28,Voluntary Resignation,Travel_Frequently,289,Research & Development,2,2,Life Sciences,1,17103,140558,3,Male,38,2,1,Laboratory Technician,1,Single,2561,5355,1,Y,No,11,3,3,80,0,8,2,2,0,0,0,0,Indeed
28,Voluntary Resignation,Travel_Frequently,289,Research & Development,2,2,Medical,1,17105,140560,3,Male,38,2,1,Laboratory Technician,1,Single,2561,5355,7,Y,No,11,3,3,80,0,8,2,2,0,0,0,0,Indeed
28,Voluntary Resignation,Travel_Frequently,289,Research & Development,2,2,Life Sciences,1,17106,140561,3,Male,38,2,1,Laboratory Technician,1,Single,2561,5355,1,Y,No,11,3,3,80,0,8,2,2,0,0,0,0,LinkedIn
28,Voluntary Resignation,Travel_Frequently,289,Research & Development,2,2,Medical,1,18018,141473,4,Male,86,4,1,Research Scientist,3,Married,2073,12826,2,Y,No,16,3,4,80,1,4,2,3,2,2,2,2,Adzuna
28,Voluntary Resignation,Travel_Frequently,289,Research & Development,2,2,Life Sciences,1,18019,141474,4,Male,86,4,1,Research Scientist,3,Married,2073,12826,2,Y,No,16,3,4,80,1,4,2,3,2,2,2,2,Adzuna
28,Voluntary Resignation,Travel_Frequently,289,Research & Development,2,2,Medical,1,18023,141478,4,Male,86,4,1,Research Scientist,3,Married,2073,12826,2,Y,No,16,3,4,80,1,4,2,3,2,2,2,2,Jora
28,Voluntary Resignation,Travel_Frequently,289,Research & Development,2,2,Life Sciences,1,18024,141479,4,Male,86,4,1,Research Scientist,3,Married,2073,12826,2,Y,No,16,3,4,80,1,4,2,3,2,2,2,2,Adzuna
28,Voluntary Resignation,Travel_Frequently,289,Research & Development,2,2,Medical,1,18026,141481,4,Male,86,4,1,Research Scientist,3,Married,2073,12826,2,Y,No,16,3,4,80,1,4,2,3,2,2,2,2,Adzuna
28,Voluntary Resignation,Travel_Frequently,289,Research & Development,2,2,Life Sciences,1,18027,141482,4,Male,86,4,1,Research Scientist,3,Married,2073,12826,2,Y,No,16,3,4,80,1,4,2,3,2,2,2,2,Adzuna
28,Voluntary Resignation,Travel_Frequently,289,Research & Development,2,2,Medical,1,18031,141486,4,Male,86,4,1,Research Scientist,3,Married,2073,12826,2,Y,No,16,3,4,80,1,4,2,3,2,2,2,2,Jora
28,Voluntary Resignation,Travel_Frequently,289,Research & Development,2,2,Life Sciences,1,18032,141487,4,Male,86,4,1,Research Scientist,3,Married,2073,12826,2,Y,No,16,3,4,80,1,4,2,3,2,2,2,2,Adzuna
28,Voluntary Resignation,Travel_Rarely,329,Research & Development,24,3,Medical,1,18156,141611,3,Male,51,3,1,Laboratory Technician,2,Married,2408,7324,1,Y,Yes,17,3,3,80,3,1,3,3,1,1,0,0,Company Website
28,Voluntary Resignation,Travel_Rarely,329,Research & Development,24,3,Technical Degree,1,18159,141614,3,Male,51,3,1,Laboratory Technician,2,Married,2408,7324,1,Y,Yes,17,3,3,80,3,1,3,3,1,1,0,0,Company Website
28,Voluntary Resignation,Travel_Rarely,329,Research & Development,24,3,Medical,1,18160,141615,3,Male,51,3,1,Laboratory Technician,2,Married,2408,7324,1,Y,Yes,17,3,3,80,3,1,3,3,1,1,0,0,LinkedIn
28,Voluntary Resignation,Travel_Rarely,329,Research & Development,24,3,Technical Degree,1,18161,141616,3,Male,51,3,1,Laboratory Technician,2,Married,2408,7324,1,Y,Yes,17,3,3,80,3,1,3,3,1,1,0,0,Seek
28,Voluntary Resignation,Travel_Rarely,329,Research & Development,24,3,Technical Degree,1,18166,141621,3,Male,51,3,1,Laboratory Technician,2,Married,2408,7324,1,Y,Yes,17,3,3,80,3,1,3,3,1,1,0,0,Company Website
28,Voluntary Resignation,Travel_Rarely,329,Research & Development,24,3,Medical,1,18167,141622,3,Male,51,3,1,Laboratory Technician,2,Married,2408,7324,1,Y,Yes,17,3,3,80,3,1,3,3,1,1,0,0,LinkedIn
28,Voluntary Resignation,Travel_Rarely,329,Research & Development,24,3,Technical Degree,1,18168,141623,3,Male,51,3,1,Laboratory Technician,2,Married,2408,7324,1,Y,Yes,17,3,3,80,3,1,3,3,1,1,0,0,Seek
28,Voluntary Resignation,Travel_Rarely,329,Research & Development,24,3,Medical,1,18246,141701,4,Female,87,1,2,Laboratory Technician,1,Single,5769,23447,1,Y,Yes,14,3,1,80,0,10,3,3,10,7,1,4,Jora
28,Voluntary Resignation,Travel_Rarely,329,Research & Development,24,3,Technical Degree,1,18248,141703,4,Female,87,1,2,Laboratory Technician,1,Single,5769,23447,1,Y,Yes,14,4,1,80,0,10,3,3,10,7,1,4,Jora
28,Voluntary Resignation,Travel_Rarely,329,Research & Development,24,3,Medical,1,18249,141704,4,Female,87,1,2,Laboratory Technician,1,Single,5769,23447,1,Y,Yes,14,3,1,80,0,10,3,3,10,7,1,4,Seek
28,Voluntary Resignation,Travel_Rarely,329,Research & Development,24,3,Technical Degree,1,18250,141705,4,Female,87,1,2,Laboratory Technician,1,Single,5769,23447,1,Y,Yes,14,3,1,80,0,10,3,3,10,7,1,4,Recruit.net
28,Voluntary Resignation,Travel_Rarely,329,Research & Development,24,3,Medical,1,18253,141708,4,Female,87,1,2,Laboratory Technician,1,Single,5769,23447,1,Y,Yes,14,3,1,80,0,10,3,3,10,7,1,4,Jora
28,Voluntary Resignation,Travel_Rarely,329,Research & Development,24,3,Technical Degree,1,18255,141710,4,Female,87,1,2,Laboratory Technician,1,Single,5769,23447,1,Y,Yes,14,4,1,80,0,10,3,3,10,7,1,4,Jora
28,Voluntary Resignation,Travel_Rarely,329,Research & Development,24,3,Medical,1,18256,141711,4,Female,87,1,2,Laboratory Technician,1,Single,5769,23447,1,Y,Yes,14,3,1,80,0,10,3,3,10,7,1,4,Seek
28,Voluntary Resignation,Travel_Rarely,329,Research & Development,24,3,Technical Degree,1,18257,141712,4,Female,87,1,2,Laboratory Technician,1,Single,5769,23447,1,Y,Yes,14,3,1,80,0,10,3,3,10,7,1,4,Recruit.net
28,Voluntary Resignation,Travel_Rarely,1434,Research & Development,5,4,Technical Degree,1,21417,144872,4,Female,95,2,2,Sales Executive,3,Married,5673,6060,1,Y,Yes,13,3,1,80,1,10,4,3,10,9,1,7,Company Website
28,Voluntary Resignation,Travel_Rarely,1434,Research & Development,5,4,Life Sciences,1,21418,144873,4,Female,95,2,2,Sales Executive,3,Married,5673,6060,5,Y,Yes,13,3,1,80,1,10,4,3,10,9,1,7,Company Website
28,Voluntary Resignation,Travel_Rarely,1434,Research & Development,5,4,Technical Degree,1,21420,144875,4,Female,95,2,2,Sales Executive,3,Married,5673,6060,1,Y,Yes,13,3,1,80,1,10,4,3,10,9,1,7,Adzuna
28,Voluntary Resignation,Travel_Rarely,1434,Research & Development,5,4,Life Sciences,1,21421,144876,4,Female,95,2,2,Sales Executive,3,Married,5673,6060,5,Y,Yes,13,3,1,80,1,10,4,3,10,9,1,7,Company Website
28,Voluntary Resignation,Travel_Rarely,1434,Research & Development,5,4,Technical Degree,1,21425,144880,4,Female,95,2,2,Sales Executive,3,Married,5673,6060,1,Y,Yes,13,3,1,80,1,10,4,3,10,9,1,7,Company Website
28,Voluntary Resignation,Travel_Rarely,1434,Research & Development,5,4,Life Sciences,1,21426,144881,4,Female,95,2,2,Sales Executive,3,Married,5673,6060,5,Y,Yes,13,3,1,80,1,10,4,3,10,9,1,7,Company Website
28,Voluntary Resignation,Travel_Rarely,1434,Research & Development,5,4,Technical Degree,1,21428,144883,4,Female,95,2,2,Sales Executive,3,Married,5673,6060,1,Y,Yes,13,3,1,80,1,10,4,3,10,9,1,7,Adzuna
28,Voluntary Resignation,Travel_Rarely,1434,Research & Development,5,4,Life Sciences,1,21429,144884,4,Female,95,2,2,Sales Executive,3,Married,5673,6060,5,Y,Yes,13,3,1,80,1,10,4,3,10,9,1,7,Company Website
28,Voluntary Resignation,Travel_Rarely,1475,Sales,13,2,Marketing,1,21886,145341,4,Female,32,3,2,Sales Executive,3,Single,9854,23352,3,Y,Yes,11,3,4,80,0,6,0,3,2,0,2,2,Jora
28,Voluntary Resignation,Travel_Rarely,1475,Sales,13,2,Medical,1,21889,145344,4,Female,32,3,2,Sales Executive,3,Single,9854,23352,7,Y,Yes,11,3,4,80,0,6,0,3,2,0,2,2,Jora
28,Voluntary Resignation,Travel_Rarely,1475,Sales,13,2,Marketing,1,21892,145347,4,Female,32,3,2,Sales Executive,3,Single,9854,23352,3,Y,Yes,11,3,4,80,0,6,0,3,2,0,2,2,Indeed
28,Voluntary Resignation,Travel_Rarely,1475,Sales,13,2,Medical,1,21893,145348,4,Female,32,3,2,Sales Executive,3,Single,9854,23352,7,Y,Yes,11,3,4,80,0,6,0,3,2,0,2,2,Jora
28,Voluntary Resignation,Travel_Rarely,1475,Sales,13,2,Marketing,1,21894,145349,4,Female,32,3,2,Sales Executive,3,Single,9854,23352,3,Y,Yes,11,3,4,80,0,6,0,3,2,0,2,2,Jora
28,Voluntary Resignation,Travel_Rarely,1475,Sales,13,2,Medical,1,21897,145352,4,Female,32,3,2,Sales Executive,3,Single,9854,23352,7,Y,Yes,11,3,4,80,0,6,0,3,2,0,2,2,Jora
28,Voluntary Resignation,Travel_Rarely,1475,Sales,13,2,Marketing,1,21900,145355,4,Female,32,3,2,Sales Executive,3,Single,9854,23352,3,Y,Yes,11,3,4,80,0,6,0,3,2,0,2,2,Indeed
28,Voluntary Resignation,Travel_Rarely,1475,Sales,13,2,Medical,1,21901,145356,4,Female,32,3,2,Sales Executive,3,Single,9854,23352,7,Y,Yes,11,3,4,80,0,6,0,3,2,0,2,2,Jora
28,Voluntary Resignation,Non-Travel,1366,Research & Development,24,2,Technical Degree,1,22439,145894,4,Male,98,3,4,Sales Executive,1,Single,13341,25098,0,Y,No,12,3,1,80,0,21,3,3,20,8,11,10,LinkedIn
28,Voluntary Resignation,Non-Travel,1366,Research & Development,24,2,Technical Degree,1,22441,145896,4,Male,98,3,4,Sales Executive,1,Single,13341,25098,7,Y,No,12,3,1,80,0,21,3,3,20,8,11,10,LinkedIn
28,Voluntary Resignation,Non-Travel,1366,Research & Development,24,2,Technical Degree,1,22442,145897,4,Male,98,3,4,Sales Executive,1,Single,13341,25098,0,Y,No,12,3,1,80,0,21,3,3,20,8,11,10,Jora
28,Voluntary Resignation,Non-Travel,1366,Research & Development,24,2,Technical Degree,1,22443,145898,4,Male,98,3,4,Sales Executive,1,Single,13341,25098,7,Y,No,12,3,1,80,0,21,3,3,20,8,11,10,LinkedIn
28,Voluntary Resignation,Non-Travel,1366,Research & Development,24,2,Technical Degree,1,22447,145902,4,Male,98,3,4,Sales Executive,1,Single,13341,25098,0,Y,No,12,3,1,80,0,21,3,3,20,8,11,10,LinkedIn
28,Voluntary Resignation,Non-Travel,1366,Research & Development,24,2,Technical Degree,1,22449,145904,4,Male,98,3,4,Sales Executive,1,Single,13341,25098,7,Y,No,12,3,1,80,0,21,3,3,20,8,11,10,LinkedIn
28,Voluntary Resignation,Non-Travel,1366,Research & Development,24,2,Technical Degree,1,22450,145905,4,Male,98,3,4,Sales Executive,1,Single,13341,25098,0,Y,No,12,3,1,80,0,21,3,3,20,8,11,10,Jora
28,Voluntary Resignation,Non-Travel,1366,Research & Development,24,2,Technical Degree,1,22451,145906,4,Male,98,3,4,Sales Executive,1,Single,13341,25098,7,Y,No,12,3,1,80,0,21,3,3,20,8,11,10,LinkedIn
28,Voluntary Resignation,Travel_Frequently,1496,Sales,1,3,Technical Degree,1,22905,146360,4,Female,99,4,3,Research Director,4,Married,13744,15471,1,Y,Yes,25,4,1,80,1,16,2,3,16,11,6,8,Indeed
28,Voluntary Resignation,Travel_Frequently,1496,Sales,1,3,Life Sciences,1,Test,146361,4,Female,99,4,3,Research Director,4,Married,13744,15471,1,Y,Yes,25,4,1,80,1,16,2,3,16,11,6,8,Indeed
28,Voluntary Resignation,Travel_Frequently,1496,Sales,1,3,Technical Degree,1,22908,146363,4,Female,99,4,3,Research Director,4,Married,13744,15471,1,Y,Yes,25,4,1,80,1,16,2,3,16,11,6,8,Seek
28,Voluntary Resignation,Travel_Frequently,1496,Sales,1,3,Life Sciences,1,22909,146364,4,Female,99,4,3,Research Director,4,Married,13744,15471,1,Y,Yes,25,4,1,80,1,16,2,3,16,11,6,8,Indeed
28,Voluntary Resignation,Travel_Frequently,1496,Sales,1,3,Technical Degree,1,22913,146368,4,Female,99,4,3,Research Director,4,Married,13744,15471,1,Y,Yes,25,4,1,80,1,16,2,3,16,11,6,8,Indeed
28,Voluntary Resignation,Travel_Frequently,1496,Sales,1,3,Life Sciences,1,22914,146369,4,Female,99,4,3,Research Director,4,Married,13744,15471,1,Y,Yes,25,4,1,80,1,16,2,3,16,11,6,8,Indeed
28,Voluntary Resignation,Travel_Frequently,1496,Sales,1,3,Technical Degree,1,22916,146371,4,Female,99,4,3,Research Director,4,Married,13744,15471,1,Y,Yes,25,4,1,80,1,16,2,3,16,11,6,8,Seek
28,Voluntary Resignation,Travel_Frequently,1496,Sales,1,3,Life Sciences,1,22917,146372,4,Female,99,4,3,Research Director,4,Married,13744,15471,1,Y,Yes,25,4,1,80,1,16,2,3,16,11,6,8,Indeed
28,Current employee,Travel_Rarely,1117,Research & Development,8,2,Life Sciences,1,105,123560,4,Male,79,3,1,Laboratory Technician,4,Single,3068,11864,1,Y,No,21,3,4,80,0,5,3,3,5,3,0,2,Seek
28,Current employee,Non-Travel,120,Sales,4,3,Medical,1,1660,125115,2,Male,43,3,2,Sales Executive,3,Married,4221,8863,1,Y,No,15,3,2,80,0,5,3,4,5,4,0,4,Indeed
28,Current employee,Non-Travel,120,Sales,4,3,Life Sciences,1,1662,125117,2,Male,43,3,2,Sales Executive,3,Married,4221,8863,5,Y,No,15,3,2,80,0,5,3,4,5,4,0,4,Indeed
28,Current employee,Non-Travel,120,Sales,4,3,Medical,1,1664,125119,2,Male,43,3,2,Sales Executive,3,Married,4221,8863,1,Y,No,15,3,2,80,0,5,3,4,5,4,0,4,Adzuna
28,Current employee,Non-Travel,120,Sales,4,3,Life Sciences,1,1665,125120,2,Male,43,3,2,Sales Executive,3,Married,4221,8863,5,Y,No,15,3,2,80,0,5,3,4,5,4,0,4,Indeed
28,Current employee,Non-Travel,120,Sales,4,3,Medical,1,1668,125123,2,Male,43,3,2,Sales Executive,3,Married,4221,8863,1,Y,No,15,3,2,80,0,5,3,4,5,4,0,4,Indeed
28,Current employee,Non-Travel,120,Sales,4,3,Life Sciences,1,1670,125125,2,Male,43,3,2,Sales Executive,3,Married,4221,8863,5,Y,No,15,3,2,80,0,5,3,4,5,4,0,4,Indeed
28,Current employee,Non-Travel,120,Sales,4,3,Medical,1,1672,125127,2,Male,43,3,2,Sales Executive,3,Married,4221,8863,1,Y,No,15,3,2,80,0,5,3,4,5,4,0,4,Adzuna
28,Current employee,Non-Travel,120,Sales,4,3,Life Sciences,1,1673,125128,2,Male,43,3,2,Sales Executive,3,Married,4221,8863,5,Y,No,15,3,2,80,0,5,3,4,5,4,0,4,Indeed
28,Current employee,Travel_Rarely,1117,Research & Development,8,2,Life Sciences,1,2462,125917,1,Male,44,3,1,Laboratory Technician,1,Married,2238,6961,2,Y,No,21,3,4,80,1,7,2,3,5,0,1,4,LinkedIn
28,Current employee,Travel_Rarely,1117,Research & Development,8,2,Medical,1,2463,125918,1,Male,44,3,1,Laboratory Technician,1,Married,2238,6961,1,Y,No,21,3,4,80,1,7,2,3,5,0,1,4,LinkedIn
28,Current employee,Travel_Rarely,1117,Research & Development,8,2,Life Sciences,1,2465,125920,1,Male,44,3,1,Laboratory Technician,1,Married,2238,6961,2,Y,No,21,4,4,80,1,7,2,3,5,0,1,4,LinkedIn
28,Current employee,Travel_Rarely,1117,Research & Development,8,2,Medical,1,2466,125921,1,Male,44,3,1,Laboratory Technician,1,Married,2238,6961,1,Y,No,21,4,4,80,1,7,2,3,5,0,1,4,Indeed
28,Current employee,Travel_Rarely,1117,Research & Development,8,2,Life Sciences,1,2470,125925,1,Male,44,3,1,Laboratory Technician,1,Married,2238,6961,2,Y,No,21,3,4,80,1,7,2,3,5,0,1,4,LinkedIn
28,Current employee,Travel_Rarely,1117,Research & Development,8,2,Medical,1,2471,125926,1,Male,44,3,1,Laboratory Technician,1,Married,2238,6961,1,Y,No,21,3,4,80,1,7,2,3,5,0,1,4,LinkedIn
28,Current employee,Travel_Rarely,1117,Research & Development,8,2,Life Sciences,1,2473,125928,1,Male,44,3,1,Laboratory Technician,1,Married,2238,6961,2,Y,No,21,4,4,80,1,7,2,3,5,0,1,4,LinkedIn
28,Current employee,Travel_Rarely,1117,Research & Development,8,2,Medical,1,2474,125929,1,Male,44,3,1,Laboratory Technician,1,Married,2238,6961,1,Y,No,21,4,4,80,1,7,2,3,5,0,1,4,Indeed
28,Current employee,Travel_Rarely,440,Research & Development,21,3,Medical,1,2673,126128,3,Male,42,3,1,Research Scientist,4,Married,2713,6672,1,Y,No,11,3,3,80,1,5,2,1,5,2,0,2,GlassDoor
28,Current employee,Travel_Rarely,440,Research & Development,21,3,Other,1,2676,126131,3,Male,42,3,1,Research Scientist,4,Married,2713,6672,3,Y,No,11,3,3,80,1,5,2,1,5,2,0,2,GlassDoor
28,Current employee,Travel_Rarely,440,Research & Development,21,3,Medical,1,2679,126134,3,Male,42,3,1,Research Scientist,4,Married,2713,6672,1,Y,No,11,3,3,80,1,5,2,1,5,2,0,2,Company Website
28,Current employee,Travel_Rarely,440,Research & Development,21,3,Other,1,2680,126135,3,Male,42,3,1,Research Scientist,4,Married,2713,6672,3,Y,No,11,3,3,80,1,5,2,1,5,2,0,2,GlassDoor
28,Current employee,Travel_Rarely,440,Research & Development,21,3,Medical,1,2681,126136,3,Male,42,3,1,Research Scientist,4,Married,2713,6672,1,Y,No,11,3,3,80,1,5,2,1,5,2,0,2,GlassDoor
28,Current employee,Travel_Rarely,440,Research & Development,21,3,Other,1,2683,126138,3,Male,42,3,1,Research Scientist,4,Married,2713,6672,3,Y,No,11,3,3,80,1,5,2,1,5,2,0,2,GlassDoor
28,Current employee,Travel_Rarely,440,Research & Development,21,3,Medical,1,2686,126141,3,Male,42,3,1,Research Scientist,4,Married,2713,6672,1,Y,No,11,3,3,80,1,5,2,1,5,2,0,2,Company Website
28,Current employee,Travel_Rarely,440,Research & Development,21,3,Other,1,2687,126142,3,Male,42,3,1,Research Scientist,4,Married,2713,6672,3,Y,No,11,3,3,80,1,5,2,1,5,2,0,2,GlassDoor
28,Current employee,Travel_Rarely,304,Sales,9,4,Life Sciences,1,2929,126384,1,Female,45,3,3,Sales Executive,1,Divorced,10453,2137,1,Y,No,25,3,3,80,3,24,2,3,24,13,15,7,Seek
28,Current employee,Travel_Rarely,304,Sales,9,4,Medical,1,2931,126386,1,Female,45,3,3,Sales Executive,1,Divorced,10453,2137,6,Y,No,25,3,3,80,3,24,2,3,24,13,15,7,Seek
28,Current employee,Travel_Rarely,304,Sales,9,4,Life Sciences,1,2932,126387,1,Female,45,3,3,Sales Executive,1,Divorced,10453,2137,1,Y,No,25,4,3,80,3,24,2,3,24,13,15,7,Jora
28,Current employee,Travel_Rarely,304,Sales,9,4,Medical,1,2933,126388,1,Female,45,3,3,Sales Executive,1,Divorced,10453,2137,6,Y,No,25,4,3,80,3,24,2,3,24,13,15,7,Seek
28,Current employee,Travel_Rarely,304,Sales,9,4,Life Sciences,1,2937,126392,1,Female,45,3,3,Sales Executive,1,Divorced,10453,2137,1,Y,No,25,3,3,80,3,24,2,3,24,13,15,7,Seek
28,Current employee,Travel_Rarely,304,Sales,9,4,Medical,1,2939,126394,1,Female,45,3,3,Sales Executive,1,Divorced,10453,2137,6,Y,No,25,3,3,80,3,24,2,3,24,13,15,7,Seek
28,Current employee,Travel_Rarely,304,Sales,9,4,Life Sciences,1,2940,126395,1,Female,45,3,3,Sales Executive,1,Divorced,10453,2137,1,Y,No,25,4,3,80,3,24,2,3,24,13,15,7,Jora
28,Current employee,Travel_Rarely,304,Sales,9,4,Medical,1,2941,126396,1,Female,45,3,3,Sales Executive,1,Divorced,10453,2137,6,Y,No,25,4,3,80,3,24,2,3,24,13,15,7,Seek
28,Current employee,Travel_Rarely,1158,Research & Development,9,3,Medical,1,4442,127897,4,Male,94,3,1,Research Scientist,4,Married,2070,2613,1,Y,No,23,3,4,80,1,5,3,2,5,2,0,4,Company Website
28,Current employee,Travel_Rarely,1158,Research & Development,9,3,Medical,1,4445,127900,4,Male,94,3,1,Research Scientist,4,Married,2070,2613,3,Y,No,23,3,4,80,1,5,3,2,5,2,0,4,Company Website
28,Current employee,Travel_Rarely,1158,Research & Development,9,3,Medical,1,4446,127901,4,Male,94,3,1,Research Scientist,4,Married,2070,2613,1,Y,No,23,4,4,80,1,5,3,2,5,2,0,4,Seek
28,Current employee,Travel_Rarely,1158,Research & Development,9,3,Medical,1,4447,127902,4,Male,94,3,1,Research Scientist,4,Married,2070,2613,3,Y,No,23,4,4,80,1,5,3,2,5,2,0,4,Company Website
28,Current employee,Travel_Rarely,1158,Research & Development,9,3,Medical,1,4450,127905,4,Male,94,3,1,Research Scientist,4,Married,2070,2613,1,Y,No,23,3,4,80,1,5,3,2,5,2,0,4,Company Website
28,Current employee,Travel_Rarely,1158,Research & Development,9,3,Medical,1,4453,127908,4,Male,94,3,1,Research Scientist,1,Married,2559,7508,1,Y,Yes,13,3,4,80,1,10,3,2,8,2,7,6,Company Website
28,Current employee,Travel_Rarely,1158,Research & Development,9,3,Medical,1,4454,127909,4,Male,94,3,1,Research Scientist,4,Married,2070,2613,1,Y,No,23,4,4,80,1,5,3,2,5,2,0,4,Seek
28,Current employee,Travel_Rarely,1158,Research & Development,9,3,Medical,1,4455,127910,4,Male,94,3,1,Research Scientist,4,Married,2070,2613,3,Y,No,23,4,4,80,1,5,3,2,5,2,0,4,Company Website
28,Current employee,Travel_Rarely,1117,Research & Development,8,2,Life Sciences,1,4719,128174,4,Female,66,3,1,Research Scientist,4,Single,3310,4488,1,Y,No,21,3,4,80,0,5,3,3,5,3,0,2,Seek
28,Current employee,Travel_Rarely,1117,Research & Development,8,2,Marketing,1,4721,128176,4,Female,66,3,1,Research Scientist,4,Single,3310,4488,3,Y,No,21,3,4,80,0,5,3,3,5,3,0,2,Seek
28,Current employee,Travel_Rarely,1117,Research & Development,8,2,Life Sciences,1,4723,128178,4,Female,66,3,1,Research Scientist,4,Single,3310,4488,1,Y,No,21,4,4,80,0,5,3,3,5,3,0,2,LinkedIn
28,Current employee,Travel_Rarely,1117,Research & Development,8,2,Marketing,1,4724,128179,4,Female,66,3,1,Research Scientist,4,Single,3310,4488,3,Y,No,21,4,4,80,0,5,3,3,5,3,0,2,Seek
28,Current employee,Travel_Rarely,1117,Research & Development,8,2,Marketing,1,4728,128183,4,Female,66,3,1,Research Scientist,4,Single,3310,4488,3,Y,No,21,3,4,80,0,5,3,3,5,3,0,2,Seek
28,Current employee,Travel_Rarely,1117,Research & Development,8,2,Life Sciences,1,4730,128185,4,Female,66,3,1,Research Scientist,4,Single,3310,4488,1,Y,No,21,4,4,80,0,5,3,3,5,3,0,2,LinkedIn
28,Current employee,Travel_Rarely,1117,Research & Development,8,2,Marketing,1,4731,128186,4,Female,66,3,1,Research Scientist,4,Single,3310,4488,3,Y,No,21,4,4,80,0,5,3,3,5,3,0,2,Seek
28,Current employee,Travel_Rarely,1476,Research & Development,16,2,Medical,1,4913,128368,2,Male,68,4,2,Healthcare Representative,1,Single,5661,4824,0,Y,No,19,3,3,80,0,9,2,3,8,3,0,7,Recruit.net
28,Current employee,Travel_Rarely,1476,Research & Development,16,2,Medical,1,4916,128371,2,Male,68,4,2,Healthcare Representative,1,Single,5661,4824,0,Y,No,19,3,3,80,0,9,2,3,8,3,0,7,Recruit.net
28,Current employee,Travel_Rarely,1476,Research & Development,16,2,Medical,1,4919,128374,2,Male,68,4,2,Healthcare Representative,1,Single,5661,4824,0,Y,No,19,3,3,80,0,9,2,3,8,3,0,7,Seek
28,Current employee,Travel_Rarely,1476,Research & Development,16,2,Medical,1,4920,128375,2,Male,68,4,2,Healthcare Representative,1,Single,5661,4824,0,Y,No,19,3,3,80,0,9,2,3,8,3,0,7,Company Website
28,Current employee,Travel_Rarely,1476,Research & Development,16,2,Medical,1,4921,128376,2,Male,68,4,2,Healthcare Representative,1,Single,5661,4824,0,Y,No,19,3,3,80,0,9,2,3,8,3,0,7,Recruit.net
28,Current employee,Travel_Rarely,1476,Research & Development,16,2,Medical,1,4924,128379,2,Male,68,4,2,Healthcare Representative,1,Single,5661,4824,0,Y,No,19,3,3,80,0,9,2,3,8,3,0,7,Recruit.net
28,Current employee,Travel_Rarely,1476,Research & Development,16,2,Medical,1,4927,128382,2,Male,68,4,2,Healthcare Representative,1,Single,5661,4824,0,Y,No,19,3,3,80,0,9,2,3,8,3,0,7,Seek
28,Current employee,Travel_Rarely,1476,Research & Development,16,2,Medical,1,4928,128383,2,Male,68,4,2,Healthcare Representative,1,Single,5661,4824,0,Y,No,19,3,3,80,0,9,2,3,8,3,0,7,Company Website
28,Current employee,Travel_Rarely,895,Research & Development,15,2,Life Sciences,1,5639,129094,2,Female,52,3,4,Research Director,4,Single,15992,15901,2,Y,No,14,3,2,80,0,16,2,3,1,0,0,0,Jora
28,Current employee,Travel_Rarely,895,Research & Development,15,2,Medical,1,5640,129095,2,Female,52,3,4,Research Director,4,Single,15992,15901,2,Y,No,14,4,2,80,0,16,2,3,1,0,0,0,Jora
28,Current employee,Travel_Rarely,895,Research & Development,15,2,Life Sciences,1,5642,129097,2,Female,52,3,4,Research Director,4,Single,15992,15901,2,Y,No,14,3,2,80,0,16,2,3,1,0,0,0,Jora
28,Current employee,Travel_Rarely,895,Research & Development,15,2,Medical,1,5643,129098,2,Female,52,3,4,Research Director,4,Single,15992,15901,2,Y,No,14,3,2,80,0,16,2,3,1,0,0,0,Jora
28,Current employee,Travel_Rarely,895,Research & Development,15,2,Life Sciences,1,5647,129102,2,Female,52,3,4,Research Director,4,Single,15992,15901,2,Y,No,14,3,2,80,0,16,2,3,1,0,0,0,Jora
28,Current employee,Travel_Rarely,895,Research & Development,15,2,Medical,1,5648,129103,2,Female,52,3,4,Research Director,4,Single,15992,15901,2,Y,No,14,4,2,80,0,16,2,3,1,0,0,0,Jora
28,Current employee,Travel_Rarely,895,Research & Development,15,2,Life Sciences,1,5650,129105,2,Female,52,3,4,Research Director,4,Single,15992,15901,2,Y,No,14,3,2,80,0,16,2,3,1,0,0,0,Jora
28,Current employee,Travel_Rarely,895,Research & Development,15,2,Medical,1,5651,129106,2,Female,52,3,4,Research Director,4,Single,15992,15901,2,Y,No,14,3,2,80,0,16,2,3,1,0,0,0,Jora
28,Current employee,Travel_Rarely,1451,Research & Development,2,1,Life Sciences,1,5845,129300,2,Female,53,4,1,Laboratory Technician,3,Married,2213,22495,3,Y,Yes,13,4,3,80,1,10,3,3,7,7,1,7,Indeed
28,Current employee,Travel_Rarely,1451,Research & Development,2,1,Life Sciences,1,5846,129301,2,Female,53,4,1,Laboratory Technician,3,Married,2213,22495,1,Y,Yes,13,4,3,80,1,10,3,3,7,7,1,7,Indeed
28,Current employee,Travel_Rarely,1451,Research & Development,2,1,Life Sciences,1,5848,129303,2,Female,53,4,1,Laboratory Technician,3,Married,2213,22495,3,Y,Yes,13,3,3,80,1,10,3,3,7,7,1,7,LinkedIn
28,Current employee,Travel_Rarely,1451,Research & Development,2,1,Life Sciences,1,5849,129304,2,Female,53,4,1,Laboratory Technician,3,Married,2213,22495,1,Y,Yes,13,3,3,80,1,10,3,3,7,7,1,7,Jora
28,Current employee,Travel_Rarely,1451,Research & Development,2,1,Life Sciences,1,5853,129308,2,Female,53,4,1,Laboratory Technician,3,Married,2213,22495,3,Y,Yes,13,4,3,80,1,10,3,3,7,7,1,7,Indeed
28,Current employee,Travel_Rarely,1451,Research & Development,2,1,Life Sciences,1,5854,129309,2,Female,53,4,1,Laboratory Technician,3,Married,2213,22495,1,Y,Yes,13,4,3,80,1,10,3,3,7,7,1,7,Indeed
28,Current employee,Travel_Rarely,1451,Research & Development,2,1,Life Sciences,1,5856,129311,2,Female,53,4,1,Laboratory Technician,3,Married,2213,22495,3,Y,Yes,13,3,3,80,1,10,3,3,7,7,1,7,LinkedIn
28,Current employee,Travel_Rarely,1451,Research & Development,2,1,Life Sciences,1,5857,129312,2,Female,53,4,1,Laboratory Technician,3,Married,2213,22495,1,Y,Yes,13,3,3,80,1,10,3,3,7,7,1,7,Jora
28,Current employee,Travel_Frequently,773,Research & Development,6,3,Life Sciences,1,5893,129348,2,Female,53,3,1,Laboratory Technician,1,Married,3452,17663,6,Y,No,20,3,2,80,1,17,3,3,5,4,0,3,Company Website
28,Current employee,Travel_Frequently,773,Research & Development,6,3,Marketing,1,5894,129349,2,Female,53,3,1,Laboratory Technician,1,Married,3452,17663,1,Y,No,20,3,2,80,1,17,3,3,5,4,0,3,Company Website
28,Current employee,Travel_Frequently,773,Research & Development,6,3,Life Sciences,1,5896,129351,2,Female,53,3,1,Laboratory Technician,1,Married,3452,17663,6,Y,No,20,4,2,80,1,17,3,3,5,4,0,3,Recruit.net
28,Current employee,Travel_Frequently,773,Research & Development,6,3,Marketing,1,5897,129352,2,Female,53,3,1,Laboratory Technician,1,Married,3452,17663,1,Y,No,20,4,2,80,1,17,3,3,5,4,0,3,GlassDoor
28,Current employee,Travel_Frequently,773,Research & Development,6,3,Life Sciences,1,5901,129356,2,Female,53,3,1,Laboratory Technician,1,Married,3452,17663,6,Y,No,20,3,2,80,1,17,3,3,5,4,0,3,Company Website
28,Current employee,Travel_Frequently,773,Research & Development,6,3,Marketing,1,5902,129357,2,Female,53,3,1,Laboratory Technician,1,Married,3452,17663,1,Y,No,20,3,2,80,1,17,3,3,5,4,0,3,Company Website
28,Current employee,Travel_Frequently,773,Research & Development,6,3,Life Sciences,1,5904,129359,2,Female,53,3,1,Laboratory Technician,1,Married,3452,17663,6,Y,No,20,4,2,80,1,17,3,3,5,4,0,3,Recruit.net
28,Current employee,Travel_Frequently,773,Research & Development,6,3,Marketing,1,5905,129360,2,Female,53,3,1,Laboratory Technician,1,Married,3452,17663,1,Y,No,20,4,2,80,1,17,3,3,5,4,0,3,GlassDoor
28,Current employee,Travel_Rarely,304,Sales,9,4,Life Sciences,1,6051,129506,2,Male,92,3,2,Sales Executive,4,Single,5253,20750,1,Y,No,16,3,4,80,0,7,1,3,7,5,0,7,GlassDoor
28,Current employee,Travel_Rarely,304,Sales,9,4,Medical,1,6054,129509,2,Male,92,3,2,Sales Executive,4,Single,5253,20750,6,Y,No,16,3,4,80,0,7,1,3,7,5,0,7,GlassDoor
28,Current employee,Travel_Rarely,304,Sales,9,4,Life Sciences,1,6055,129510,2,Male,92,3,2,Sales Executive,4,Single,5253,20750,1,Y,No,16,3,4,80,0,7,1,3,7,5,0,7,Seek
28,Current employee,Travel_Rarely,304,Sales,9,4,Medical,1,6056,129511,2,Male,92,3,2,Sales Executive,4,Single,5253,20750,6,Y,No,16,3,4,80,0,7,1,3,7,5,0,7,GlassDoor
28,Current employee,Travel_Rarely,304,Sales,9,4,Life Sciences,1,6059,129514,2,Male,92,3,2,Sales Executive,4,Single,5253,20750,1,Y,No,16,3,4,80,0,7,1,3,7,5,0,7,GlassDoor
28,Current employee,Travel_Rarely,304,Sales,9,4,Medical,1,6062,129517,2,Male,92,3,2,Sales Executive,4,Single,5253,20750,6,Y,No,16,3,4,80,0,7,1,3,7,5,0,7,GlassDoor
28,Current employee,Travel_Rarely,304,Sales,9,4,Life Sciences,1,6063,129518,2,Male,92,3,2,Sales Executive,4,Single,5253,20750,1,Y,No,16,3,4,80,0,7,1,3,7,5,0,7,Seek
28,Current employee,Travel_Rarely,304,Sales,9,4,Medical,1,6064,129519,2,Male,92,3,2,Sales Executive,4,Single,5253,20750,6,Y,No,16,3,4,80,0,7,1,3,7,5,0,7,GlassDoor
28,Current employee,Travel_Rarely,1300,Research & Development,17,2,Medical,1,6530,129985,3,Male,79,3,2,Laboratory Technician,1,Divorced,4558,13535,1,Y,No,12,3,4,80,1,10,2,3,10,0,1,8,Indeed
28,Current employee,Travel_Rarely,1300,Research & Development,17,2,Medical,1,6533,129988,3,Male,79,3,2,Laboratory Technician,1,Divorced,4558,13535,1,Y,No,12,3,4,80,1,10,2,3,10,0,1,8,Indeed
28,Current employee,Travel_Rarely,1300,Research & Development,17,2,Medical,1,6536,129991,3,Male,79,3,2,Laboratory Technician,1,Divorced,4558,13535,1,Y,No,12,3,4,80,1,10,2,3,10,0,1,8,LinkedIn
28,Current employee,Travel_Rarely,1300,Research & Development,17,2,Medical,1,6537,129992,3,Male,79,3,2,Laboratory Technician,1,Divorced,4558,13535,1,Y,No,12,3,4,80,1,10,2,3,10,0,1,8,Company Website
28,Current employee,Travel_Rarely,1300,Research & Development,17,2,Medical,1,6538,129993,3,Male,79,3,2,Laboratory Technician,1,Divorced,4558,13535,1,Y,No,12,3,4,80,1,10,2,3,10,0,1,8,Indeed
28,Current employee,Travel_Rarely,1300,Research & Development,17,2,Medical,1,6541,129996,3,Male,79,3,2,Laboratory Technician,1,Divorced,4558,13535,1,Y,No,12,3,4,80,1,10,2,3,10,0,1,8,Indeed
28,Current employee,Travel_Rarely,1300,Research & Development,17,2,Medical,1,6544,129999,3,Male,79,3,2,Laboratory Technician,1,Divorced,4558,13535,1,Y,No,12,3,4,80,1,10,2,3,10,0,1,8,LinkedIn
28,Current employee,Travel_Rarely,1300,Research & Development,17,2,Medical,1,6545,130000,3,Male,79,3,2,Laboratory Technician,1,Divorced,4558,13535,1,Y,No,12,3,4,80,1,10,2,3,10,0,1,8,Company Website
28,Current employee,Travel_Frequently,193,Research & Development,2,3,Life Sciences,1,6626,130081,2,Female,55,1,2,Manufacturing Director,4,Single,6091,24793,2,Y,No,20,3,3,80,0,11,2,3,5,4,0,2,Company Website
28,Current employee,Travel_Frequently,193,Research & Development,2,3,Life Sciences,1,6628,130083,2,Female,55,1,2,Manufacturing Director,4,Single,6091,24793,1,Y,No,20,3,3,80,0,11,2,3,5,4,0,2,Company Website
28,Current employee,Travel_Frequently,193,Research & Development,2,3,Life Sciences,1,6629,130084,2,Female,55,1,2,Manufacturing Director,4,Single,6091,24793,2,Y,No,20,4,3,80,0,11,2,3,5,4,0,2,Seek
28,Current employee,Travel_Frequently,193,Research & Development,2,3,Life Sciences,1,6630,130085,2,Female,55,1,2,Manufacturing Director,4,Single,6091,24793,1,Y,No,20,4,3,80,0,11,2,3,5,4,0,2,Adzuna
28,Current employee,Travel_Frequently,193,Research & Development,2,3,Life Sciences,1,6634,130089,2,Female,55,1,2,Manufacturing Director,4,Single,6091,24793,2,Y,No,20,3,3,80,0,11,2,3,5,4,0,2,Company Website
28,Current employee,Travel_Frequently,193,Research & Development,2,3,Life Sciences,1,6636,130091,2,Female,55,1,2,Manufacturing Director,4,Single,6091,24793,1,Y,No,20,3,3,80,0,11,2,3,5,4,0,2,Company Website
28,Current employee,Travel_Frequently,193,Research & Development,2,3,Life Sciences,1,6637,130092,2,Female,55,1,2,Manufacturing Director,4,Single,6091,24793,2,Y,No,20,4,3,80,0,11,2,3,5,4,0,2,Seek
28,Current employee,Travel_Frequently,193,Research & Development,2,3,Life Sciences,1,6638,130093,2,Female,55,1,2,Manufacturing Director,4,Single,6091,24793,1,Y,No,20,4,3,80,0,11,2,3,5,4,0,2,Adzuna
28,Current employee,Non-Travel,1476,Research & Development,1,3,Life Sciences,1,6687,130142,2,Female,55,3,1,Sales Representative,2,Single,3202,21972,1,Y,Yes,16,4,2,80,0,6,4,3,5,3,1,4,Company Website
28,Current employee,Non-Travel,1476,Research & Development,1,3,Life Sciences,1,6689,130144,2,Female,55,3,1,Sales Representative,2,Single,3202,21972,8,Y,Yes,16,3,2,80,0,6,4,3,5,3,1,4,Company Website
28,Current employee,Non-Travel,1476,Research & Development,1,3,Life Sciences,1,6692,130147,2,Female,55,3,1,Sales Representative,2,Single,3202,21972,1,Y,Yes,16,3,2,80,0,6,4,3,5,3,1,4,Seek
28,Current employee,Non-Travel,1476,Research & Development,1,3,Life Sciences,1,6693,130148,2,Female,55,3,1,Sales Representative,2,Single,3202,21972,8,Y,Yes,16,3,2,80,0,6,4,3,5,3,1,4,Company Website
28,Current employee,Non-Travel,1476,Research & Development,1,3,Life Sciences,1,6694,130149,2,Female,55,3,1,Sales Representative,2,Single,3202,21972,1,Y,Yes,16,4,2,80,0,6,4,3,5,3,1,4,Company Website
28,Current employee,Non-Travel,1476,Research & Development,1,3,Life Sciences,1,6696,130151,2,Female,55,3,1,Sales Representative,2,Single,3202,21972,8,Y,Yes,16,3,2,80,0,6,4,3,5,3,1,4,Company Website
28,Current employee,Non-Travel,1476,Research & Development,1,3,Life Sciences,1,6699,130154,2,Female,55,3,1,Sales Representative,2,Single,3202,21972,1,Y,Yes,16,3,2,80,0,6,4,3,5,3,1,4,Seek
28,Current employee,Non-Travel,1476,Research & Development,1,3,Life Sciences,1,6700,130155,2,Female,55,3,1,Sales Representative,2,Single,3202,21972,8,Y,Yes,16,3,2,80,0,6,4,3,5,3,1,4,Company Website
28,Current employee,Travel_Rarely,736,Sales,26,3,Life Sciences,1,7015,130470,2,Male,56,1,1,Laboratory Technician,4,Divorced,3408,6705,7,Y,No,13,4,1,80,3,8,2,3,4,3,1,3,LinkedIn
28,Current employee,Travel_Rarely,736,Sales,26,3,Technical Degree,1,7017,130472,2,Male,56,1,1,Laboratory Technician,4,Divorced,3408,6705,1,Y,No,13,3,1,80,3,8,2,3,4,3,1,3,LinkedIn
28,Current employee,Travel_Rarely,736,Sales,26,3,Life Sciences,1,7018,130473,2,Male,56,1,1,Laboratory Technician,4,Divorced,3408,6705,7,Y,No,13,3,1,80,3,8,2,3,4,3,1,3,Company Website
28,Current employee,Travel_Rarely,736,Sales,26,3,Technical Degree,1,7019,130474,2,Male,56,1,1,Laboratory Technician,4,Divorced,3408,6705,1,Y,No,13,3,1,80,3,8,2,3,4,3,1,3,Company Website
28,Current employee,Travel_Rarely,736,Sales,26,3,Life Sciences,1,7022,130477,2,Male,56,1,1,Laboratory Technician,4,Divorced,3408,6705,7,Y,No,13,4,1,80,3,8,2,3,4,3,1,3,LinkedIn
28,Current employee,Travel_Rarely,736,Sales,26,3,Technical Degree,1,7024,130479,2,Male,56,1,1,Laboratory Technician,4,Divorced,3408,6705,1,Y,No,13,3,1,80,3,8,2,3,4,3,1,3,LinkedIn
28,Current employee,Travel_Rarely,736,Sales,26,3,Life Sciences,1,7025,130480,2,Male,56,1,1,Laboratory Technician,4,Divorced,3408,6705,7,Y,No,13,3,1,80,3,8,2,3,4,3,1,3,Company Website
28,Current employee,Travel_Rarely,736,Sales,26,3,Technical Degree,1,7026,130481,2,Male,56,1,1,Laboratory Technician,4,Divorced,3408,6705,1,Y,No,13,3,1,80,3,8,2,3,4,3,1,3,Company Website
28,Current employee,Travel_Rarely,1423,Research & Development,1,3,Life Sciences,1,7510,130965,2,Male,57,3,2,Research Scientist,1,Divorced,5577,22087,3,Y,Yes,12,3,2,80,2,18,3,3,10,9,6,9,Seek
28,Current employee,Travel_Rarely,1423,Research & Development,1,3,Life Sciences,1,7511,130966,2,Male,57,3,2,Research Scientist,1,Divorced,5577,22087,2,Y,Yes,12,3,2,80,2,18,3,3,10,9,6,9,Seek
28,Current employee,Travel_Rarely,1423,Research & Development,1,3,Life Sciences,1,7513,130968,2,Male,57,3,2,Research Scientist,1,Divorced,5577,22087,3,Y,Yes,12,3,2,80,2,18,3,3,10,9,6,9,Indeed
28,Current employee,Travel_Rarely,1423,Research & Development,1,3,Life Sciences,1,7514,130969,2,Male,57,3,2,Research Scientist,1,Divorced,5577,22087,2,Y,Yes,12,3,2,80,2,18,3,3,10,9,6,9,Seek
28,Current employee,Travel_Rarely,1423,Research & Development,1,3,Life Sciences,1,7518,130973,2,Male,57,3,2,Research Scientist,1,Divorced,5577,22087,3,Y,Yes,12,3,2,80,2,18,3,3,10,9,6,9,Seek
28,Current employee,Travel_Rarely,1423,Research & Development,1,3,Life Sciences,1,7519,130974,2,Male,57,3,2,Research Scientist,1,Divorced,5577,22087,2,Y,Yes,12,3,2,80,2,18,3,3,10,9,6,9,Seek
28,Current employee,Travel_Rarely,1423,Research & Development,1,3,Life Sciences,1,7521,130976,2,Male,57,3,2,Research Scientist,1,Divorced,5577,22087,3,Y,Yes,12,3,2,80,2,18,3,3,10,9,6,9,Indeed
28,Current employee,Travel_Rarely,1423,Research & Development,1,3,Life Sciences,1,7522,130977,2,Male,57,3,2,Research Scientist,1,Divorced,5577,22087,2,Y,Yes,12,3,2,80,2,18,3,3,10,9,6,9,Seek
28,Current employee,Travel_Frequently,467,Sales,7,3,Life Sciences,1,7526,130981,2,Male,57,4,2,Sales Executive,3,Married,4707,23914,8,Y,No,12,3,4,80,0,6,2,3,4,2,1,2,Jora
28,Current employee,Travel_Frequently,467,Sales,7,3,Marketing,1,7527,130982,2,Male,57,4,2,Sales Executive,3,Married,4707,23914,5,Y,No,12,3,4,80,0,6,2,3,4,2,1,2,Jora
28,Current employee,Travel_Frequently,467,Sales,7,3,Life Sciences,1,7529,130984,2,Male,57,4,2,Sales Executive,3,Married,4707,23914,8,Y,No,12,3,4,80,0,6,2,3,4,2,1,2,LinkedIn
28,Current employee,Travel_Frequently,467,Sales,7,3,Marketing,1,7530,130985,2,Male,57,4,2,Sales Executive,3,Married,4707,23914,5,Y,No,12,3,4,80,0,6,2,3,4,2,1,2,Jora
28,Current employee,Travel_Frequently,467,Sales,7,3,Life Sciences,1,7534,130989,2,Male,57,4,2,Sales Executive,3,Married,4707,23914,8,Y,No,12,3,4,80,0,6,2,3,4,2,1,2,Jora
28,Current employee,Travel_Frequently,467,Sales,7,3,Marketing,1,7535,130990,2,Male,57,4,2,Sales Executive,3,Married,4707,23914,5,Y,No,12,3,4,80,0,6,2,3,4,2,1,2,Jora
28,Current employee,Travel_Frequently,467,Sales,7,3,Life Sciences,1,7537,130992,2,Male,57,4,2,Sales Executive,3,Married,4707,23914,8,Y,No,12,3,4,80,0,6,2,3,4,2,1,2,LinkedIn
28,Current employee,Travel_Frequently,467,Sales,7,3,Marketing,1,7538,130993,2,Male,57,4,2,Sales Executive,3,Married,4707,23914,5,Y,No,12,3,4,80,0,6,2,3,4,2,1,2,Jora
28,Current employee,Travel_Rarely,1083,Research & Development,29,1,Life Sciences,1,7558,131013,2,Female,57,3,2,Healthcare Representative,3,Married,9824,22174,3,Y,No,19,3,3,80,1,18,4,3,1,0,0,0,Recruit.net
28,Current employee,Travel_Rarely,1083,Research & Development,29,1,Technical Degree,1,7560,131015,2,Female,57,3,2,Healthcare Representative,3,Married,9824,22174,0,Y,No,19,3,3,80,1,18,4,3,1,0,0,0,Recruit.net
28,Current employee,Travel_Rarely,1083,Research & Development,29,1,Life Sciences,1,7561,131016,2,Female,57,3,2,Healthcare Representative,3,Married,9824,22174,3,Y,No,19,3,3,80,1,18,4,3,1,0,0,0,Seek
28,Current employee,Travel_Rarely,1083,Research & Development,29,1,Technical Degree,1,7562,131017,2,Female,57,3,2,Healthcare Representative,3,Married,9824,22174,0,Y,No,19,3,3,80,1,18,4,3,1,0,0,0,Company Website
28,Current employee,Travel_Rarely,1083,Research & Development,29,1,Life Sciences,1,7566,131021,2,Female,57,3,2,Healthcare Representative,3,Married,9824,22174,3,Y,No,19,3,3,80,1,18,4,3,1,0,0,0,Recruit.net
28,Current employee,Travel_Rarely,1083,Research & Development,29,1,Technical Degree,1,7568,131023,2,Female,57,3,2,Healthcare Representative,3,Married,9824,22174,0,Y,No,19,3,3,80,1,18,4,3,1,0,0,0,Recruit.net
28,Current employee,Travel_Rarely,1083,Research & Development,29,1,Life Sciences,1,7569,131024,2,Female,57,3,2,Healthcare Representative,3,Married,9824,22174,3,Y,No,19,3,3,80,1,18,4,3,1,0,0,0,Seek
28,Current employee,Travel_Rarely,1083,Research & Development,29,1,Technical Degree,1,7570,131025,2,Female,57,3,2,Healthcare Representative,3,Married,9824,22174,0,Y,No,19,3,3,80,1,18,4,3,1,0,0,0,Company Website
28,Current employee,Travel_Rarely,1181,Research & Development,1,3,Life Sciences,1,8965,132420,2,Male,61,3,2,Laboratory Technician,4,Married,5309,21146,1,Y,No,15,4,4,80,2,10,2,3,10,8,4,7,Company Website
28,Current employee,Travel_Rarely,1181,Research & Development,1,3,Life Sciences,1,8966,132421,2,Male,61,3,2,Laboratory Technician,4,Married,5309,21146,1,Y,No,15,3,4,80,2,10,2,3,10,8,4,7,Company Website
28,Current employee,Travel_Rarely,1181,Research & Development,1,3,Life Sciences,1,8968,132423,2,Male,61,3,2,Laboratory Technician,4,Married,5309,21146,1,Y,No,15,3,4,80,2,10,2,3,10,8,4,7,Jora
28,Current employee,Travel_Rarely,1181,Research & Development,1,3,Life Sciences,1,8969,132424,2,Male,61,3,2,Laboratory Technician,4,Married,5309,21146,1,Y,No,15,3,4,80,2,10,2,3,10,8,4,7,GlassDoor
28,Current employee,Travel_Rarely,1181,Research & Development,1,3,Life Sciences,1,8973,132428,2,Male,61,3,2,Laboratory Technician,4,Married,5309,21146,1,Y,No,15,4,4,80,2,10,2,3,10,8,4,7,Company Website
28,Current employee,Travel_Rarely,1181,Research & Development,1,3,Life Sciences,1,8974,132429,2,Male,61,3,2,Laboratory Technician,4,Married,5309,21146,1,Y,No,15,3,4,80,2,10,2,3,10,8,4,7,Company Website
28,Current employee,Travel_Rarely,1181,Research & Development,1,3,Life Sciences,1,8976,132431,2,Male,61,3,2,Laboratory Technician,4,Married,5309,21146,1,Y,No,15,3,4,80,2,10,2,3,10,8,4,7,Jora
28,Current employee,Travel_Rarely,1181,Research & Development,1,3,Life Sciences,1,8977,132432,2,Male,61,3,2,Laboratory Technician,4,Married,5309,21146,1,Y,No,15,3,4,80,2,10,2,3,10,8,4,7,GlassDoor
28,Current employee,Non-Travel,280,Human Resources,1,2,Life Sciences,1,9223,132678,3,Female,62,4,1,Research Scientist,4,Single,3280,13551,2,Y,No,16,3,3,80,0,10,2,3,4,2,1,3,Company Website
28,Current employee,Non-Travel,280,Human Resources,1,2,Life Sciences,1,9225,132680,3,Female,62,4,1,Research Scientist,4,Single,3280,13551,2,Y,No,16,3,3,80,0,10,2,3,4,2,1,3,Company Website
28,Current employee,Non-Travel,280,Human Resources,1,2,Life Sciences,1,9226,132681,3,Female,62,4,1,Research Scientist,4,Single,3280,13551,2,Y,No,16,3,3,80,0,10,2,3,4,2,1,3,Company Website
28,Current employee,Non-Travel,280,Human Resources,1,2,Life Sciences,1,9227,132682,3,Female,62,4,1,Research Scientist,4,Single,3280,13551,2,Y,No,16,3,3,80,0,10,2,3,4,2,1,3,Company Website
28,Current employee,Non-Travel,280,Human Resources,1,2,Life Sciences,1,9231,132686,3,Female,62,4,1,Research Scientist,4,Single,3280,13551,2,Y,No,16,3,3,80,0,10,2,3,4,2,1,3,Company Website
28,Current employee,Non-Travel,280,Human Resources,1,2,Life Sciences,1,9233,132688,3,Female,62,4,1,Research Scientist,4,Single,3280,13551,2,Y,No,16,3,3,80,0,10,2,3,4,2,1,3,Company Website
28,Current employee,Non-Travel,280,Human Resources,1,2,Life Sciences,1,9234,132689,3,Female,62,4,1,Research Scientist,4,Single,3280,13551,2,Y,No,16,3,3,80,0,10,2,3,4,2,1,3,Company Website
28,Current employee,Non-Travel,280,Human Resources,1,2,Life Sciences,1,9235,132690,3,Female,62,4,1,Research Scientist,4,Single,3280,13551,2,Y,No,16,3,3,80,0,10,2,3,4,2,1,3,Company Website
28,Current employee,Travel_Frequently,783,Sales,1,2,Life Sciences,1,9477,132932,3,Male,63,3,3,Research Director,3,Married,11691,25995,0,Y,No,11,3,4,80,0,14,3,4,13,9,3,7,Indeed
28,Current employee,Travel_Frequently,783,Sales,1,2,Life Sciences,1,9478,132933,3,Male,63,3,3,Research Director,3,Married,11691,25995,1,Y,No,11,4,4,80,0,14,3,4,13,9,3,7,Indeed
28,Current employee,Travel_Frequently,783,Sales,1,2,Life Sciences,1,9480,132935,3,Male,63,3,3,Research Director,3,Married,11691,25995,0,Y,No,11,3,4,80,0,14,3,4,13,9,3,7,Adzuna
28,Current employee,Travel_Frequently,783,Sales,1,2,Life Sciences,1,9481,132936,3,Male,63,3,3,Research Director,3,Married,11691,25995,1,Y,No,11,3,4,80,0,14,3,4,13,9,3,7,Indeed
28,Current employee,Travel_Frequently,783,Sales,1,2,Life Sciences,1,9485,132940,3,Male,63,3,3,Research Director,3,Married,11691,25995,0,Y,No,11,3,4,80,0,14,3,4,13,9,3,7,Indeed
28,Current employee,Travel_Frequently,783,Sales,1,2,Life Sciences,1,9486,132941,3,Male,63,3,3,Research Director,3,Married,11691,25995,1,Y,No,11,4,4,80,0,14,3,4,13,9,3,7,Indeed
28,Current employee,Travel_Frequently,783,Sales,1,2,Life Sciences,1,9488,132943,3,Male,63,3,3,Research Director,3,Married,11691,25995,0,Y,No,11,3,4,80,0,14,3,4,13,9,3,7,Adzuna
28,Current employee,Travel_Frequently,783,Sales,1,2,Life Sciences,1,9489,132944,3,Male,63,3,3,Research Director,3,Married,11691,25995,1,Y,No,11,3,4,80,0,14,3,4,13,9,3,7,Indeed
28,Current employee,Travel_Rarely,760,Sales,2,4,Marketing,1,9828,133283,2,Female,81,3,2,Sales Executive,2,Married,4779,3698,1,Y,Yes,20,3,1,80,0,8,2,3,8,7,7,5,Company Website
28,Current employee,Travel_Rarely,760,Sales,2,4,Life Sciences,1,9831,133286,2,Female,81,3,2,Sales Executive,2,Married,4779,3698,4,Y,Yes,20,3,1,80,0,8,2,3,8,7,7,5,Company Website
28,Current employee,Travel_Rarely,760,Sales,2,4,Marketing,1,9832,133287,2,Female,81,3,2,Sales Executive,2,Married,4779,3698,1,Y,Yes,20,4,1,80,0,8,2,3,8,7,7,5,Recruit.net
28,Current employee,Travel_Rarely,760,Sales,2,4,Life Sciences,1,9833,133288,2,Female,81,3,2,Sales Executive,2,Married,4779,3698,4,Y,Yes,20,4,1,80,0,8,2,3,8,7,7,5,Company Website
28,Current employee,Travel_Rarely,760,Sales,2,4,Marketing,1,9836,133291,2,Female,81,3,2,Sales Executive,2,Married,4779,3698,1,Y,Yes,20,3,1,80,0,8,2,3,8,7,7,5,Company Website
28,Current employee,Travel_Rarely,760,Sales,2,4,Life Sciences,1,9839,133294,2,Female,81,3,2,Sales Executive,2,Married,4779,3698,4,Y,Yes,20,3,1,80,0,8,2,3,8,7,7,5,Company Website
28,Current employee,Travel_Rarely,760,Sales,2,4,Marketing,1,9840,133295,2,Female,81,3,2,Sales Executive,2,Married,4779,3698,1,Y,Yes,20,4,1,80,0,8,2,3,8,7,7,5,Recruit.net
28,Current employee,Travel_Rarely,760,Sales,2,4,Life Sciences,1,9841,133296,2,Female,81,3,2,Sales Executive,2,Married,4779,3698,4,Y,Yes,20,4,1,80,0,8,2,3,8,7,7,5,Company Website
28,Current employee,Travel_Rarely,1169,Human Resources,8,2,Medical,1,10096,133551,2,Male,63,2,1,Human Resources,4,Divorced,4936,23965,1,Y,No,13,3,4,80,1,6,6,3,5,1,0,4,Referral
28,Current employee,Travel_Rarely,1169,Human Resources,8,2,Medical,1,10099,133554,2,Male,63,2,1,Human Resources,4,Divorced,4936,23965,0,Y,No,13,3,4,80,1,6,6,3,5,1,0,4,Referral
28,Current employee,Travel_Rarely,1169,Human Resources,8,2,Medical,1,10024,133555,2,Male,63,2,1,Human Resources,4,Divorced,4936,23965,1,Y,No,13,3,4,80,1,6,6,3,5,1,0,4,Company Website
28,Current employee,Travel_Rarely,1169,Human Resources,8,2,Medical,1,10101,133556,2,Male,63,2,1,Human Resources,4,Divorced,4936,23965,0,Y,No,13,3,4,80,1,6,6,3,5,1,0,4,GlassDoor
28,Current employee,Travel_Rarely,1169,Human Resources,8,2,Medical,1,10104,133559,2,Male,63,2,1,Human Resources,4,Divorced,4936,23965,1,Y,No,13,3,4,80,1,6,6,3,5,1,0,4,Referral
28,Current employee,Travel_Rarely,1169,Human Resources,8,2,Medical,1,10107,133562,2,Male,63,2,1,Human Resources,4,Divorced,4936,23965,0,Y,No,13,3,4,80,1,6,6,3,5,1,0,4,Referral
28,Current employee,Travel_Rarely,1169,Human Resources,8,2,Medical,1,10108,133563,2,Male,63,2,1,Human Resources,4,Divorced,4936,23965,1,Y,No,13,3,4,80,1,6,6,3,5,1,0,4,Company Website
28,Current employee,Travel_Rarely,1169,Human Resources,8,2,Medical,1,10109,133564,2,Male,63,2,1,Human Resources,4,Divorced,4936,23965,0,Y,No,13,3,4,80,1,6,6,3,5,1,0,4,GlassDoor
28,Current employee,Travel_Rarely,821,Sales,5,4,Medical,1,10578,134033,1,Male,98,3,2,Sales Executive,4,Single,4908,24252,1,Y,No,14,3,2,80,0,4,3,3,4,2,0,2,Jora
28,Current employee,Travel_Rarely,821,Sales,5,4,Life Sciences,1,10580,134035,1,Male,98,3,2,Sales Executive,4,Single,4908,24252,5,Y,No,14,3,2,80,0,4,3,3,4,2,0,2,Jora
28,Current employee,Travel_Rarely,821,Sales,5,4,Medical,1,10582,134037,1,Male,98,3,2,Sales Executive,4,Single,4908,24252,1,Y,No,14,3,2,80,0,4,3,3,4,2,0,2,Adzuna
28,Current employee,Travel_Rarely,821,Sales,5,4,Life Sciences,1,10583,134038,1,Male,98,3,2,Sales Executive,4,Single,4908,24252,5,Y,No,14,3,2,80,0,4,3,3,4,2,0,2,Jora
28,Current employee,Travel_Rarely,821,Sales,5,4,Medical,1,10586,134041,1,Male,98,3,2,Sales Executive,4,Single,4908,24252,1,Y,No,14,3,2,80,0,4,3,3,4,2,0,2,Jora
28,Current employee,Travel_Rarely,821,Sales,5,4,Life Sciences,1,10589,134044,1,Male,98,3,2,Sales Executive,4,Single,4908,24252,5,Y,No,14,3,2,80,0,4,3,3,4,2,0,2,Jora
28,Current employee,Travel_Rarely,821,Sales,5,4,Medical,1,10591,134046,1,Male,98,3,2,Sales Executive,4,Single,4908,24252,1,Y,No,14,3,2,80,0,4,3,3,4,2,0,2,Adzuna
28,Current employee,Travel_Rarely,821,Sales,5,4,Life Sciences,1,10592,134047,1,Male,98,3,2,Sales Executive,4,Single,4908,24252,5,Y,No,14,3,2,80,0,4,3,3,4,2,0,2,Jora
28,Current employee,Travel_Rarely,995,Research & Development,9,3,Medical,1,10731,134186,3,Female,77,3,1,Research Scientist,3,Divorced,2377,9834,5,Y,No,18,3,2,80,1,6,2,3,2,2,2,2,Indeed
28,Current employee,Travel_Rarely,995,Research & Development,9,3,Medical,1,10734,134189,3,Female,77,3,1,Research Scientist,3,Divorced,2377,9834,3,Y,No,18,3,2,80,1,6,2,3,2,2,2,2,Indeed
28,Current employee,Travel_Rarely,995,Research & Development,9,3,Medical,1,10737,134192,3,Female,77,3,1,Research Scientist,3,Divorced,2377,9834,5,Y,No,18,3,2,80,1,6,2,3,2,2,2,2,Jora
28,Current employee,Travel_Rarely,995,Research & Development,9,3,Medical,1,10738,134193,3,Female,77,3,1,Research Scientist,3,Divorced,2377,9834,3,Y,No,18,3,2,80,1,6,2,3,2,2,2,2,Indeed
28,Current employee,Travel_Rarely,995,Research & Development,9,3,Medical,1,10739,134194,3,Female,77,3,1,Research Scientist,3,Divorced,2377,9834,5,Y,No,18,3,2,80,1,6,2,3,2,2,2,2,Indeed
28,Current employee,Travel_Rarely,995,Research & Development,9,3,Medical,1,10743,134198,3,Female,77,3,1,Research Scientist,3,Divorced,2377,9834,3,Y,No,18,3,2,80,1,6,2,3,2,2,2,2,Indeed
28,Current employee,Travel_Rarely,995,Research & Development,9,3,Medical,1,10442,134201,3,Female,77,3,1,Research Scientist,3,Divorced,2377,9834,5,Y,No,18,3,2,80,1,6,2,3,2,2,2,2,Jora
28,Current employee,Travel_Rarely,995,Research & Development,9,3,Medical,1,10747,134202,3,Female,77,3,1,Research Scientist,3,Divorced,2377,9834,3,Y,No,18,3,2,80,1,6,2,3,2,2,2,2,Indeed
28,Current employee,Travel_Rarely,760,Sales,2,4,Marketing,1,11307,134762,3,Male,68,3,3,Sales Executive,4,Divorced,7823,6812,6,Y,No,13,3,2,80,1,12,2,3,10,9,0,8,Indeed
28,Current employee,Travel_Rarely,760,Sales,2,4,Life Sciences,1,11308,134763,3,Male,68,3,3,Sales Executive,4,Divorced,7823,6812,4,Y,No,13,4,2,80,1,12,2,3,10,9,0,8,Indeed
28,Current employee,Travel_Rarely,760,Sales,2,4,Marketing,1,11310,134765,3,Male,68,3,3,Sales Executive,4,Divorced,7823,6812,6,Y,No,13,3,2,80,1,12,2,3,10,9,0,8,Indeed
28,Current employee,Travel_Rarely,760,Sales,2,4,Life Sciences,1,11311,134766,3,Male,68,3,3,Sales Executive,4,Divorced,7823,6812,4,Y,No,13,3,2,80,1,12,2,3,10,9,0,8,Indeed
28,Current employee,Travel_Rarely,760,Sales,2,4,Marketing,1,11315,134770,3,Male,68,3,3,Sales Executive,4,Divorced,7823,6812,6,Y,No,13,3,2,80,1,12,2,3,10,9,0,8,Indeed
28,Current employee,Travel_Rarely,760,Sales,2,4,Life Sciences,1,11316,134771,3,Male,68,3,3,Sales Executive,4,Divorced,7823,6812,4,Y,No,13,4,2,80,1,12,2,3,10,9,0,8,Indeed
28,Current employee,Travel_Rarely,760,Sales,2,4,Marketing,1,11318,134773,3,Male,68,3,3,Sales Executive,4,Divorced,7823,6812,6,Y,No,13,3,2,80,1,12,2,3,10,9,0,8,Indeed
28,Current employee,Travel_Rarely,760,Sales,2,4,Life Sciences,1,11319,134774,3,Male,68,3,3,Sales Executive,4,Divorced,7823,6812,4,Y,No,13,3,2,80,1,12,2,3,10,9,0,8,Indeed
28,Current employee,Travel_Rarely,1144,Sales,10,1,Medical,1,12253,135708,4,Male,74,3,1,Sales Representative,2,Married,1052,23384,1,Y,No,22,3,2,80,0,1,5,3,1,0,0,0,GlassDoor
28,Current employee,Travel_Rarely,1144,Sales,10,1,Medical,1,12255,135710,4,Male,74,3,1,Sales Representative,2,Married,1052,23384,9,Y,No,22,3,2,80,0,1,5,3,1,0,0,0,GlassDoor
28,Current employee,Travel_Rarely,1144,Sales,10,1,Medical,1,12257,135712,4,Male,74,3,1,Sales Representative,2,Married,1052,23384,1,Y,No,22,4,2,80,0,1,5,3,1,0,0,0,Jora
28,Current employee,Travel_Rarely,1144,Sales,10,1,Medical,1,12258,135713,4,Male,74,3,1,Sales Representative,2,Married,1052,23384,9,Y,No,22,4,2,80,0,1,5,3,1,0,0,0,GlassDoor
28,Current employee,Travel_Rarely,1144,Sales,10,1,Medical,1,12261,135716,4,Male,74,3,1,Sales Representative,2,Married,1052,23384,1,Y,No,22,3,2,80,0,1,5,3,1,0,0,0,GlassDoor
28,Current employee,Travel_Rarely,1144,Sales,10,1,Medical,1,12263,135718,4,Male,74,3,1,Sales Representative,2,Married,1052,23384,9,Y,No,22,3,2,80,0,1,5,3,1,0,0,0,GlassDoor
28,Current employee,Travel_Rarely,1144,Sales,10,1,Medical,1,12265,135720,4,Male,74,3,1,Sales Representative,2,Married,1052,23384,1,Y,No,22,4,2,80,0,1,5,3,1,0,0,0,Jora
28,Current employee,Travel_Rarely,1144,Sales,10,1,Medical,1,12266,135721,4,Male,74,3,1,Sales Representative,2,Married,1052,23384,9,Y,No,22,4,2,80,0,1,5,3,1,0,0,0,GlassDoor
28,Current employee,Travel_Rarely,857,Research & Development,10,3,Other,1,12640,136095,3,Female,59,3,2,Research Scientist,3,Single,3660,7909,3,Y,No,13,4,4,80,0,10,4,4,8,7,1,7,Recruit.net
28,Current employee,Travel_Rarely,857,Research & Development,10,3,Medical,1,12642,136097,3,Female,59,3,2,Research Scientist,3,Single,3660,7909,3,Y,No,13,3,4,80,0,10,4,4,8,7,1,7,Recruit.net
28,Current employee,Travel_Rarely,857,Research & Development,10,3,Other,1,12644,136099,3,Female,59,3,2,Research Scientist,3,Single,3660,7909,3,Y,No,13,3,4,80,0,10,4,4,8,7,1,7,Adzuna
28,Current employee,Travel_Rarely,857,Research & Development,10,3,Medical,1,12645,136100,3,Female,59,3,2,Research Scientist,3,Single,3660,7909,3,Y,No,13,3,4,80,0,10,4,4,8,7,1,7,Recruit.net
28,Current employee,Travel_Rarely,857,Research & Development,10,3,Other,1,12078,136103,3,Female,59,3,2,Research Scientist,3,Single,3660,7909,3,Y,No,13,4,4,80,0,10,4,4,8,7,1,7,Recruit.net
28,Current employee,Travel_Rarely,857,Research & Development,10,3,Medical,1,12650,136105,3,Female,59,3,2,Research Scientist,3,Single,3660,7909,3,Y,No,13,3,4,80,0,10,4,4,8,7,1,7,Recruit.net
28,Current employee,Travel_Rarely,857,Research & Development,10,3,Other,1,12652,136107,3,Female,59,3,2,Research Scientist,3,Single,3660,7909,3,Y,No,13,3,4,80,0,10,4,4,8,7,1,7,Adzuna
28,Current employee,Travel_Rarely,857,Research & Development,10,3,Medical,1,12653,136108,3,Female,59,3,2,Research Scientist,3,Single,3660,7909,3,Y,No,13,3,4,80,0,10,4,4,8,7,1,7,Recruit.net
28,Current employee,Travel_Rarely,895,Research & Development,15,2,Life Sciences,1,12719,136174,1,Male,50,3,1,Laboratory Technician,3,Divorced,2207,22482,1,Y,No,16,4,4,80,1,4,5,2,4,2,2,2,Seek
28,Current employee,Travel_Rarely,895,Research & Development,15,2,Medical,1,12722,136177,1,Male,50,3,1,Laboratory Technician,3,Divorced,2207,22482,1,Y,No,16,3,4,80,1,4,5,2,4,2,2,2,Seek
28,Current employee,Travel_Rarely,895,Research & Development,15,2,Life Sciences,1,12723,136178,1,Male,50,3,1,Laboratory Technician,3,Divorced,2207,22482,1,Y,No,16,3,4,80,1,4,5,2,4,2,2,2,Seek
28,Current employee,Travel_Rarely,895,Research & Development,15,2,Medical,1,12724,136179,1,Male,50,3,1,Laboratory Technician,3,Divorced,2207,22482,1,Y,No,16,3,4,80,1,4,5,2,4,2,2,2,Jora
28,Current employee,Travel_Rarely,895,Research & Development,15,2,Life Sciences,1,12727,136182,1,Male,50,3,1,Laboratory Technician,3,Divorced,2207,22482,1,Y,No,16,4,4,80,1,4,5,2,4,2,2,2,Seek
28,Current employee,Travel_Rarely,895,Research & Development,15,2,Medical,1,12730,136185,1,Male,50,3,1,Laboratory Technician,3,Divorced,2207,22482,1,Y,No,16,3,4,80,1,4,5,2,4,2,2,2,Seek
28,Current employee,Travel_Rarely,895,Research & Development,15,2,Life Sciences,1,12731,136186,1,Male,50,3,1,Laboratory Technician,3,Divorced,2207,22482,1,Y,No,16,3,4,80,1,4,5,2,4,2,2,2,Seek
28,Current employee,Travel_Rarely,895,Research & Development,15,2,Medical,1,12732,136187,1,Male,50,3,1,Laboratory Technician,3,Divorced,2207,22482,1,Y,No,16,3,4,80,1,4,5,2,4,2,2,2,Jora
28,Current employee,Travel_Rarely,950,Research & Development,3,3,Medical,1,12975,136430,4,Female,93,3,3,Manufacturing Director,2,Divorced,7655,8039,0,Y,No,17,4,2,80,3,10,3,2,9,7,1,7,LinkedIn
28,Current employee,Travel_Rarely,950,Research & Development,3,3,Life Sciences,1,12977,136432,4,Female,93,3,3,Manufacturing Director,2,Divorced,7655,8039,1,Y,No,17,3,2,80,3,10,3,2,9,7,1,7,LinkedIn
28,Current employee,Travel_Rarely,950,Research & Development,3,3,Medical,1,12979,136434,4,Female,93,3,3,Manufacturing Director,2,Divorced,7655,8039,0,Y,No,17,3,2,80,3,10,3,2,9,7,1,7,Jora
28,Current employee,Travel_Rarely,950,Research & Development,3,3,Life Sciences,1,12980,136435,4,Female,93,3,3,Manufacturing Director,2,Divorced,7655,8039,1,Y,No,17,3,2,80,3,10,3,2,9,7,1,7,LinkedIn
28,Current employee,Travel_Rarely,950,Research & Development,3,3,Medical,1,12983,136438,4,Female,93,3,3,Manufacturing Director,2,Divorced,7655,8039,0,Y,No,17,4,2,80,3,10,3,2,9,7,1,7,LinkedIn
28,Current employee,Travel_Rarely,950,Research & Development,3,3,Life Sciences,1,12985,136440,4,Female,93,3,3,Manufacturing Director,2,Divorced,7655,8039,1,Y,No,17,3,2,80,3,10,3,2,9,7,1,7,LinkedIn
28,Current employee,Travel_Rarely,950,Research & Development,3,3,Medical,1,12987,136442,4,Female,93,3,3,Manufacturing Director,2,Divorced,7655,8039,0,Y,No,17,3,2,80,3,10,3,2,9,7,1,7,Jora
28,Current employee,Travel_Rarely,950,Research & Development,3,3,Life Sciences,1,12988,136443,4,Female,93,3,3,Manufacturing Director,2,Divorced,7655,8039,1,Y,No,17,3,2,80,3,10,3,2,9,7,1,7,LinkedIn
28,Current employee,Travel_Rarely,1451,Research & Development,2,1,Life Sciences,1,13134,136589,1,Male,67,2,1,Research Scientist,2,Married,3201,19911,0,Y,No,17,3,1,80,0,6,2,1,5,3,0,4,Seek
28,Current employee,Travel_Rarely,1451,Research & Development,2,1,Life Sciences,1,13136,136591,1,Male,67,2,1,Research Scientist,2,Married,3201,19911,2,Y,No,17,3,1,80,0,6,2,1,5,3,0,4,Seek
28,Current employee,Travel_Rarely,1451,Research & Development,2,1,Life Sciences,1,13138,136593,1,Male,67,2,1,Research Scientist,2,Married,3201,19911,0,Y,No,17,3,1,80,0,6,2,1,5,3,0,4,Recruit.net
28,Current employee,Travel_Rarely,1451,Research & Development,2,1,Life Sciences,1,13139,136594,1,Male,67,2,1,Research Scientist,2,Married,3201,19911,2,Y,No,17,3,1,80,0,6,2,1,5,3,0,4,Seek
28,Current employee,Travel_Rarely,1451,Research & Development,2,1,Life Sciences,1,13142,136597,1,Male,67,2,1,Research Scientist,2,Married,3201,19911,0,Y,No,17,3,1,80,0,6,2,1,5,3,0,4,Seek
28,Current employee,Travel_Rarely,1451,Research & Development,2,1,Life Sciences,1,13144,136599,1,Male,67,2,1,Research Scientist,2,Married,3201,19911,2,Y,No,17,3,1,80,0,6,2,1,5,3,0,4,Seek
28,Current employee,Travel_Rarely,1451,Research & Development,2,1,Life Sciences,1,13146,136601,1,Male,67,2,1,Research Scientist,2,Married,3201,19911,0,Y,No,17,3,1,80,0,6,2,1,5,3,0,4,Recruit.net
28,Current employee,Travel_Rarely,1451,Research & Development,2,1,Life Sciences,1,13147,136602,1,Male,67,2,1,Research Scientist,2,Married,3201,19911,2,Y,No,17,3,1,80,0,6,2,1,5,3,0,4,Seek
28,Current employee,Non-Travel,120,Sales,4,3,Medical,1,13183,136638,3,Male,73,3,2,Manufacturing Director,3,Single,4033,15834,2,Y,No,11,3,4,80,0,5,3,2,3,2,0,2,Adzuna
28,Current employee,Non-Travel,120,Sales,4,3,Life Sciences,1,13185,136640,3,Male,73,3,2,Manufacturing Director,3,Single,4033,15834,1,Y,No,11,3,4,80,0,5,3,2,3,2,0,2,Adzuna
28,Current employee,Non-Travel,120,Sales,4,3,Medical,1,13186,136641,3,Male,73,3,2,Manufacturing Director,3,Single,4033,15834,2,Y,No,11,3,4,80,0,5,3,2,3,2,0,2,Seek
28,Current employee,Non-Travel,120,Sales,4,3,Life Sciences,1,13187,136642,3,Male,73,3,2,Manufacturing Director,3,Single,4033,15834,1,Y,No,11,3,4,80,0,5,3,2,3,2,0,2,Adzuna
28,Current employee,Non-Travel,120,Sales,4,3,Medical,1,13191,136646,3,Male,73,3,2,Manufacturing Director,3,Single,4033,15834,2,Y,No,11,3,4,80,0,5,3,2,3,2,0,2,Adzuna
28,Current employee,Non-Travel,120,Sales,4,3,Life Sciences,1,13193,136648,3,Male,73,3,2,Manufacturing Director,3,Single,4033,15834,1,Y,No,11,3,4,80,0,5,3,2,3,2,0,2,Adzuna
28,Current employee,Non-Travel,120,Sales,4,3,Medical,1,13194,136649,3,Male,73,3,2,Manufacturing Director,3,Single,4033,15834,2,Y,No,11,3,4,80,0,5,3,2,3,2,0,2,Seek
28,Current employee,Non-Travel,120,Sales,4,3,Life Sciences,1,13195,136650,3,Male,73,3,2,Manufacturing Director,3,Single,4033,15834,1,Y,No,11,3,4,80,0,5,3,2,3,2,0,2,Adzuna
28,Current employee,Travel_Frequently,773,Research & Development,6,3,Life Sciences,1,13261,136716,3,Male,39,2,1,Research Scientist,3,Divorced,2703,22088,1,Y,Yes,14,3,4,80,1,3,2,3,3,1,0,2,LinkedIn
28,Current employee,Travel_Frequently,773,Research & Development,6,3,Marketing,1,13264,136719,3,Male,39,2,1,Research Scientist,3,Divorced,2703,22088,3,Y,Yes,14,4,4,80,1,3,2,3,3,1,0,2,LinkedIn
28,Current employee,Travel_Frequently,773,Research & Development,6,3,Life Sciences,1,13265,136720,3,Male,39,2,1,Research Scientist,3,Divorced,2703,22088,1,Y,Yes,14,3,4,80,1,3,2,3,3,1,0,2,Recruit.net
28,Current employee,Travel_Frequently,773,Research & Development,6,3,Marketing,1,13266,136721,3,Male,39,2,1,Research Scientist,3,Divorced,2703,22088,3,Y,Yes,14,3,4,80,1,3,2,3,3,1,0,2,LinkedIn
28,Current employee,Travel_Frequently,773,Research & Development,6,3,Life Sciences,1,13269,136724,3,Male,39,2,1,Research Scientist,3,Divorced,2703,22088,1,Y,Yes,14,3,4,80,1,3,2,3,3,1,0,2,LinkedIn
28,Current employee,Travel_Frequently,773,Research & Development,6,3,Marketing,1,13272,136727,3,Male,39,2,1,Research Scientist,3,Divorced,2703,22088,3,Y,Yes,14,4,4,80,1,3,2,3,3,1,0,2,LinkedIn
28,Current employee,Travel_Frequently,773,Research & Development,6,3,Life Sciences,1,13273,136728,3,Male,39,2,1,Research Scientist,3,Divorced,2703,22088,1,Y,Yes,14,3,4,80,1,3,2,3,3,1,0,2,Recruit.net
28,Current employee,Travel_Frequently,773,Research & Development,6,3,Marketing,1,13274,136729,3,Male,39,2,1,Research Scientist,3,Divorced,2703,22088,3,Y,Yes,14,3,4,80,1,3,2,3,3,1,0,2,LinkedIn
28,Current employee,Travel_Rarely,440,Research & Development,21,3,Medical,1,13517,136972,3,Male,74,4,1,Laboratory Technician,4,Married,4420,13421,1,Y,No,22,3,2,80,1,8,2,3,8,7,0,7,Indeed
28,Current employee,Travel_Rarely,440,Research & Development,21,3,Other,1,13519,136974,3,Male,74,4,1,Laboratory Technician,4,Married,4420,13421,1,Y,No,22,3,2,80,1,8,2,3,8,7,0,7,Indeed
28,Current employee,Travel_Rarely,440,Research & Development,21,3,Medical,1,13522,136977,3,Male,74,4,1,Laboratory Technician,4,Married,4420,13421,1,Y,No,22,4,2,80,1,8,2,3,8,7,0,7,Company Website
28,Current employee,Travel_Rarely,440,Research & Development,21,3,Other,1,13523,136978,3,Male,74,4,1,Laboratory Technician,4,Married,4420,13421,1,Y,No,22,4,2,80,1,8,2,3,8,7,0,7,Company Website
28,Current employee,Travel_Rarely,440,Research & Development,21,3,Medical,1,13525,136980,3,Male,74,4,1,Laboratory Technician,4,Married,4420,13421,1,Y,No,22,3,2,80,1,8,2,3,8,7,0,7,Indeed
28,Current employee,Travel_Rarely,440,Research & Development,21,3,Other,1,13527,136982,3,Male,74,4,1,Laboratory Technician,4,Married,4420,13421,1,Y,No,22,3,2,80,1,8,2,3,8,7,0,7,Indeed
28,Current employee,Travel_Rarely,440,Research & Development,21,3,Medical,1,13530,136985,3,Male,74,4,1,Laboratory Technician,4,Married,4420,13421,1,Y,No,22,4,2,80,1,8,2,3,8,7,0,7,Company Website
28,Current employee,Travel_Rarely,440,Research & Development,21,3,Other,1,13531,136986,3,Male,74,4,1,Laboratory Technician,4,Married,4420,13421,1,Y,No,22,4,2,80,1,8,2,3,8,7,0,7,Company Website
28,Current employee,Travel_Rarely,1179,Research & Development,19,4,Medical,1,13911,137366,4,Male,78,2,1,Laboratory Technician,1,Married,3196,12449,1,Y,No,12,3,3,80,3,6,2,3,6,5,3,3,Company Website
28,Current employee,Travel_Rarely,1179,Research & Development,19,4,Medical,1,13914,137369,4,Male,78,2,1,Laboratory Technician,1,Married,3196,12449,1,Y,No,12,4,3,80,3,6,2,3,6,5,3,3,Company Website
28,Current employee,Travel_Rarely,1179,Research & Development,19,4,Medical,1,13915,137370,4,Male,78,2,1,Laboratory Technician,1,Married,3196,12449,1,Y,No,12,3,3,80,3,6,2,3,6,5,3,3,LinkedIn
28,Current employee,Travel_Rarely,1179,Research & Development,19,4,Medical,1,13916,137371,4,Male,78,2,1,Laboratory Technician,1,Married,3196,12449,1,Y,No,12,3,3,80,3,6,2,3,6,5,3,3,Seek
28,Current employee,Travel_Rarely,1179,Research & Development,19,4,Medical,1,13919,137374,4,Male,78,2,1,Laboratory Technician,1,Married,3196,12449,1,Y,No,12,3,3,80,3,6,2,3,6,5,3,3,Company Website
28,Current employee,Travel_Rarely,1179,Research & Development,19,4,Medical,1,13922,137377,4,Male,78,2,1,Laboratory Technician,1,Married,3196,12449,1,Y,No,12,4,3,80,3,6,2,3,6,5,3,3,Company Website
28,Current employee,Travel_Rarely,1179,Research & Development,19,4,Medical,1,13923,137378,4,Male,78,2,1,Laboratory Technician,1,Married,3196,12449,1,Y,No,12,3,3,80,3,6,2,3,6,5,3,3,LinkedIn
28,Current employee,Travel_Rarely,1179,Research & Development,19,4,Medical,1,13924,137379,4,Male,78,2,1,Laboratory Technician,1,Married,3196,12449,1,Y,No,12,3,3,80,3,6,2,3,6,5,3,3,Seek
28,Current employee,Travel_Rarely,1158,Research & Development,9,3,Medical,1,14182,137637,3,Male,76,3,2,Sales Executive,4,Single,4950,20623,0,Y,No,14,4,2,80,0,5,4,3,4,3,1,1,Jora
28,Current employee,Travel_Rarely,1158,Research & Development,9,3,Medical,1,14183,137638,3,Male,76,3,2,Sales Executive,4,Single,4950,20623,6,Y,No,14,3,2,80,0,5,4,3,4,3,1,1,Jora
28,Current employee,Travel_Rarely,1158,Research & Development,9,3,Medical,1,14187,137642,3,Male,76,3,2,Sales Executive,4,Single,4950,20623,0,Y,No,14,3,2,80,0,5,4,3,4,3,1,1,Indeed
28,Current employee,Travel_Rarely,1158,Research & Development,9,3,Medical,1,14188,137643,3,Male,76,3,2,Sales Executive,4,Single,4950,20623,6,Y,No,14,3,2,80,0,5,4,3,4,3,1,1,Jora
28,Current employee,Travel_Rarely,1158,Research & Development,9,3,Medical,1,14190,137645,3,Male,76,3,2,Sales Executive,4,Single,4950,20623,0,Y,No,14,4,2,80,0,5,4,3,4,3,1,1,Jora
28,Current employee,Travel_Rarely,1158,Research & Development,9,3,Medical,1,14191,137646,3,Male,76,3,2,Sales Executive,4,Single,4950,20623,6,Y,No,14,3,2,80,0,5,4,3,4,3,1,1,Jora
28,Current employee,Travel_Rarely,1158,Research & Development,9,3,Medical,1,14195,137650,3,Male,76,3,2,Sales Executive,4,Single,4950,20623,0,Y,No,14,3,2,80,0,5,4,3,4,3,1,1,Indeed
28,Current employee,Travel_Rarely,1158,Research & Development,9,3,Medical,1,14196,137651,3,Male,76,3,2,Sales Executive,4,Single,4950,20623,6,Y,No,14,3,2,80,0,5,4,3,4,3,1,1,Jora
28,Current employee,Travel_Rarely,1476,Research & Development,16,2,Medical,1,14352,137807,3,Female,77,2,2,Healthcare Representative,1,Single,6812,17198,1,Y,No,19,4,2,80,0,10,2,3,10,9,1,8,Seek
28,Current employee,Travel_Rarely,1476,Research & Development,16,2,Medical,1,14353,137808,3,Female,77,2,2,Healthcare Representative,1,Single,6812,17198,0,Y,No,19,3,2,80,0,10,2,3,10,9,1,8,Seek
28,Current employee,Travel_Rarely,1476,Research & Development,16,2,Medical,1,14355,137810,3,Female,77,2,2,Healthcare Representative,1,Single,6812,17198,1,Y,No,19,3,2,80,0,10,2,3,10,9,1,8,Seek
28,Current employee,Travel_Rarely,1476,Research & Development,16,2,Medical,1,14356,137811,3,Female,77,2,2,Healthcare Representative,1,Single,6812,17198,0,Y,No,19,3,2,80,0,10,2,3,10,9,1,8,Jora
28,Current employee,Travel_Rarely,1476,Research & Development,16,2,Medical,1,14360,137815,3,Female,77,2,2,Healthcare Representative,1,Single,6812,17198,1,Y,No,19,4,2,80,0,10,2,3,10,9,1,8,Seek
28,Current employee,Travel_Rarely,1476,Research & Development,16,2,Medical,1,14361,137816,3,Female,77,2,2,Healthcare Representative,1,Single,6812,17198,0,Y,No,19,3,2,80,0,10,2,3,10,9,1,8,Seek
28,Current employee,Travel_Rarely,1476,Research & Development,16,2,Medical,1,14363,137818,3,Female,77,2,2,Healthcare Representative,1,Single,6812,17198,1,Y,No,19,3,2,80,0,10,2,3,10,9,1,8,Seek
28,Current employee,Travel_Rarely,1476,Research & Development,16,2,Medical,1,14364,137819,3,Female,77,2,2,Healthcare Representative,1,Single,6812,17198,0,Y,No,19,3,2,80,0,10,2,3,10,9,1,8,Jora
28,Current employee,Travel_Frequently,791,Research & Development,1,4,Medical,1,14753,138208,4,Male,44,3,1,Laboratory Technician,3,Single,2154,6842,0,Y,Yes,11,3,3,80,0,5,2,2,4,2,0,2,GlassDoor
28,Current employee,Travel_Frequently,791,Research & Development,1,4,Life Sciences,1,14755,138210,4,Male,44,3,1,Laboratory Technician,3,Single,2154,6842,0,Y,Yes,11,3,3,80,0,5,2,2,4,2,0,2,GlassDoor
28,Current employee,Travel_Frequently,791,Research & Development,1,4,Medical,1,14757,138212,4,Male,44,3,1,Laboratory Technician,3,Single,2154,6842,0,Y,Yes,11,3,3,80,0,5,2,2,4,2,0,2,GlassDoor
28,Current employee,Travel_Frequently,791,Research & Development,1,4,Life Sciences,1,14758,138213,4,Male,44,3,1,Laboratory Technician,3,Single,2154,6842,0,Y,Yes,11,3,3,80,0,5,2,2,4,2,0,2,Seek
28,Current employee,Travel_Frequently,791,Research & Development,1,4,Medical,1,14761,138216,4,Male,44,3,1,Laboratory Technician,3,Single,2154,6842,0,Y,Yes,11,3,3,80,0,5,2,2,4,2,0,2,GlassDoor
28,Current employee,Travel_Frequently,791,Research & Development,1,4,Life Sciences,1,14763,138218,4,Male,44,3,1,Laboratory Technician,3,Single,2154,6842,0,Y,Yes,11,3,3,80,0,5,2,2,4,2,0,2,GlassDoor
28,Current employee,Travel_Frequently,791,Research & Development,1,4,Medical,1,14765,138220,4,Male,44,3,1,Laboratory Technician,3,Single,2154,6842,0,Y,Yes,11,3,3,80,0,5,2,2,4,2,0,2,GlassDoor
28,Current employee,Travel_Frequently,791,Research & Development,1,4,Life Sciences,1,14766,138221,4,Male,44,3,1,Laboratory Technician,3,Single,2154,6842,0,Y,Yes,11,3,3,80,0,5,2,2,4,2,0,2,Seek
28,Current employee,Travel_Rarely,1300,Research & Development,17,2,Medical,1,14849,138304,3,Female,78,3,2,Manufacturing Director,2,Single,5410,2323,9,Y,Yes,11,3,4,80,0,18,2,3,16,14,5,12,Indeed
28,Current employee,Travel_Rarely,1300,Research & Development,17,2,Medical,1,14851,138306,3,Female,78,3,2,Manufacturing Director,2,Single,5410,2323,1,Y,Yes,11,3,4,80,0,18,2,3,16,14,5,12,Indeed
28,Current employee,Travel_Rarely,1300,Research & Development,17,2,Medical,1,14852,138307,3,Female,78,3,2,Manufacturing Director,2,Single,5410,2323,9,Y,Yes,11,3,4,80,0,18,2,3,16,14,5,12,Company Website
28,Current employee,Travel_Rarely,1300,Research & Development,17,2,Medical,1,14853,138308,3,Female,78,3,2,Manufacturing Director,2,Single,5410,2323,1,Y,Yes,11,3,4,80,0,18,2,3,16,14,5,12,Indeed
28,Current employee,Travel_Rarely,1300,Research & Development,17,2,Medical,1,14857,138312,3,Female,78,3,2,Manufacturing Director,2,Single,5410,2323,9,Y,Yes,11,3,4,80,0,18,2,3,16,14,5,12,Indeed
28,Current employee,Travel_Rarely,1300,Research & Development,17,2,Medical,1,14859,138314,3,Female,78,3,2,Manufacturing Director,2,Single,5410,2323,1,Y,Yes,11,3,4,80,0,18,2,3,16,14,5,12,Indeed
28,Current employee,Travel_Rarely,1300,Research & Development,17,2,Medical,1,14860,138315,3,Female,78,3,2,Manufacturing Director,2,Single,5410,2323,9,Y,Yes,11,3,4,80,0,18,2,3,16,14,5,12,Company Website
28,Current employee,Travel_Rarely,1300,Research & Development,17,2,Medical,1,14861,138316,3,Female,78,3,2,Manufacturing Director,2,Single,5410,2323,1,Y,Yes,11,3,4,80,0,18,2,3,16,14,5,12,Indeed
28,Current employee,Travel_Frequently,193,Research & Development,2,3,Life Sciences,1,14880,138335,4,Male,52,2,1,Laboratory Technician,4,Married,3867,14222,1,Y,Yes,12,3,2,80,1,2,2,3,2,2,2,2,LinkedIn
28,Current employee,Travel_Frequently,193,Research & Development,2,3,Life Sciences,1,14882,138337,4,Male,52,2,1,Laboratory Technician,4,Married,3867,14222,1,Y,Yes,12,3,2,80,1,2,2,3,2,2,2,2,LinkedIn
28,Current employee,Travel_Frequently,193,Research & Development,2,3,Life Sciences,1,14884,138339,4,Male,52,2,1,Laboratory Technician,4,Married,3867,14222,1,Y,Yes,12,3,2,80,1,2,2,3,2,2,2,2,Company Website
28,Current employee,Travel_Frequently,193,Research & Development,2,3,Life Sciences,1,14885,138340,4,Male,52,2,1,Laboratory Technician,4,Married,3867,14222,1,Y,Yes,12,3,2,80,1,2,2,3,2,2,2,2,Company Website
28,Current employee,Travel_Frequently,193,Research & Development,2,3,Life Sciences,1,14888,138343,4,Male,52,2,1,Laboratory Technician,4,Married,3867,14222,1,Y,Yes,12,3,2,80,1,2,2,3,2,2,2,2,LinkedIn
28,Current employee,Travel_Frequently,193,Research & Development,2,3,Life Sciences,1,14890,138345,4,Male,52,2,1,Laboratory Technician,4,Married,3867,14222,1,Y,Yes,12,3,2,80,1,2,2,3,2,2,2,2,LinkedIn
28,Current employee,Travel_Frequently,193,Research & Development,2,3,Life Sciences,1,14892,138347,4,Male,52,2,1,Laboratory Technician,4,Married,3867,14222,1,Y,Yes,12,3,2,80,1,2,2,3,2,2,2,2,Company Website
28,Current employee,Travel_Frequently,193,Research & Development,2,3,Life Sciences,1,14893,138348,4,Male,52,2,1,Laboratory Technician,4,Married,3867,14222,1,Y,Yes,12,3,2,80,1,2,2,3,2,2,2,2,Company Website
28,Current employee,Travel_Rarely,640,Research & Development,1,3,Technical Degree,1,14944,138399,4,Male,84,3,1,Research Scientist,1,Single,2080,4732,2,Y,No,11,4,2,80,0,5,2,2,3,2,1,2,Company Website
28,Current employee,Travel_Rarely,640,Research & Development,1,3,Life Sciences,1,14946,138401,4,Male,84,3,1,Research Scientist,1,Single,2080,4732,2,Y,No,11,3,2,80,0,5,2,2,3,2,1,2,Company Website
28,Current employee,Travel_Rarely,640,Research & Development,1,3,Technical Degree,1,14948,138403,4,Male,84,3,1,Research Scientist,1,Single,2080,4732,2,Y,No,11,3,2,80,0,5,2,2,3,2,1,2,LinkedIn
28,Current employee,Travel_Rarely,640,Research & Development,1,3,Life Sciences,1,14949,138404,4,Male,84,3,1,Research Scientist,1,Single,2080,4732,2,Y,No,11,3,2,80,0,5,2,2,3,2,1,2,Company Website
28,Current employee,Travel_Rarely,640,Research & Development,1,3,Technical Degree,1,14952,138407,4,Male,84,3,1,Research Scientist,1,Single,2080,4732,2,Y,No,11,4,2,80,0,5,2,2,3,2,1,2,Company Website
28,Current employee,Travel_Rarely,640,Research & Development,1,3,Life Sciences,1,14954,138409,4,Male,84,3,1,Research Scientist,1,Single,2080,4732,2,Y,No,11,3,2,80,0,5,2,2,3,2,1,2,Company Website
28,Current employee,Travel_Rarely,640,Research & Development,1,3,Technical Degree,1,14956,138411,4,Male,84,3,1,Research Scientist,1,Single,2080,4732,2,Y,No,11,3,2,80,0,5,2,2,3,2,1,2,LinkedIn
28,Current employee,Travel_Rarely,640,Research & Development,1,3,Life Sciences,1,14957,138412,4,Male,84,3,1,Research Scientist,1,Single,2080,4732,2,Y,No,11,3,2,80,0,5,2,2,3,2,1,2,Company Website
28,Current employee,Non-Travel,1476,Research & Development,1,3,Life Sciences,1,15119,138574,3,Female,55,1,2,Laboratory Technician,4,Married,6674,16392,0,Y,No,11,3,1,80,3,10,6,3,9,8,7,5,LinkedIn
28,Current employee,Non-Travel,1476,Research & Development,1,3,Life Sciences,1,15121,138576,3,Female,55,1,2,Laboratory Technician,4,Married,6674,16392,0,Y,No,11,3,1,80,3,10,6,3,9,8,7,5,LinkedIn
28,Current employee,Non-Travel,1476,Research & Development,1,3,Life Sciences,1,15123,138578,3,Female,55,1,2,Laboratory Technician,4,Married,6674,16392,0,Y,No,11,3,1,80,3,10,6,3,9,8,7,5,GlassDoor
28,Current employee,Non-Travel,1476,Research & Development,1,3,Life Sciences,1,15124,138579,3,Female,55,1,2,Laboratory Technician,4,Married,6674,16392,0,Y,No,11,3,1,80,3,10,6,3,9,8,7,5,Company Website
28,Current employee,Non-Travel,1476,Research & Development,1,3,Life Sciences,1,15127,138582,3,Female,55,1,2,Laboratory Technician,4,Married,6674,16392,0,Y,No,11,3,1,80,3,10,6,3,9,8,7,5,LinkedIn
28,Current employee,Non-Travel,1476,Research & Development,1,3,Life Sciences,1,15129,138584,3,Female,55,1,2,Laboratory Technician,4,Married,6674,16392,0,Y,No,11,3,1,80,3,10,6,3,9,8,7,5,LinkedIn
28,Current employee,Non-Travel,1476,Research & Development,1,3,Life Sciences,1,15131,138586,3,Female,55,1,2,Laboratory Technician,4,Married,6674,16392,0,Y,No,11,3,1,80,3,10,6,3,9,8,7,5,GlassDoor
28,Current employee,Non-Travel,1476,Research & Development,1,3,Life Sciences,1,15132,138587,3,Female,55,1,2,Laboratory Technician,4,Married,6674,16392,0,Y,No,11,3,1,80,3,10,6,3,9,8,7,5,Company Website
28,Current employee,Travel_Rarely,736,Sales,26,3,Life Sciences,1,15759,139214,3,Male,48,2,2,Sales Executive,1,Married,4724,24232,1,Y,No,11,3,3,80,1,5,0,3,5,3,0,4,LinkedIn
28,Current employee,Travel_Rarely,736,Sales,26,3,Technical Degree,1,15762,139217,3,Male,48,2,2,Sales Executive,1,Married,4724,24232,7,Y,No,11,3,3,80,1,5,0,3,5,3,0,4,LinkedIn
28,Current employee,Travel_Rarely,736,Sales,26,3,Life Sciences,1,15763,139218,3,Male,48,2,2,Sales Executive,1,Married,4724,24232,1,Y,No,11,3,3,80,1,5,0,3,5,3,0,4,Seek
28,Current employee,Travel_Rarely,736,Sales,26,3,Technical Degree,1,15764,139219,3,Male,48,2,2,Sales Executive,1,Married,4724,24232,7,Y,No,11,3,3,80,1,5,0,3,5,3,0,4,LinkedIn
28,Current employee,Travel_Rarely,736,Sales,26,3,Life Sciences,1,15767,139222,3,Male,48,2,2,Sales Executive,1,Married,4724,24232,1,Y,No,11,3,3,80,1,5,0,3,5,3,0,4,LinkedIn
28,Current employee,Travel_Rarely,736,Sales,26,3,Technical Degree,1,15770,139225,3,Male,48,2,2,Sales Executive,1,Married,4724,24232,7,Y,No,11,3,3,80,1,5,0,3,5,3,0,4,LinkedIn
28,Current employee,Travel_Rarely,736,Sales,26,3,Life Sciences,1,15771,139226,3,Male,48,2,2,Sales Executive,1,Married,4724,24232,1,Y,No,11,3,3,80,1,5,0,3,5,3,0,4,Seek
28,Current employee,Travel_Rarely,736,Sales,26,3,Technical Degree,1,15772,139227,3,Male,48,2,2,Sales Executive,1,Married,4724,24232,7,Y,No,11,3,3,80,1,5,0,3,5,3,0,4,LinkedIn
28,Current employee,Travel_Rarely,1169,Human Resources,8,2,Medical,1,15935,139390,3,Female,81,2,2,Research Scientist,3,Single,4081,20003,1,Y,Yes,14,3,1,80,0,20,3,1,20,7,1,8,Company Website
28,Current employee,Travel_Rarely,1169,Human Resources,8,2,Medical,1,15937,139392,3,Female,81,2,2,Research Scientist,3,Single,4081,20003,3,Y,Yes,14,4,1,80,0,20,3,1,20,7,1,8,Company Website
28,Current employee,Travel_Rarely,1169,Human Resources,8,2,Medical,1,15938,139393,3,Female,81,2,2,Research Scientist,3,Single,4081,20003,1,Y,Yes,14,3,1,80,0,20,3,1,20,7,1,8,Company Website
28,Current employee,Travel_Rarely,1169,Human Resources,8,2,Medical,1,15939,139394,3,Female,81,2,2,Research Scientist,3,Single,4081,20003,3,Y,Yes,14,3,1,80,0,20,3,1,20,7,1,8,Company Website
28,Current employee,Travel_Rarely,1169,Human Resources,8,2,Medical,1,15943,139398,3,Female,81,2,2,Research Scientist,3,Single,4081,20003,1,Y,Yes,14,3,1,80,0,20,3,1,20,7,1,8,Company Website
28,Current employee,Travel_Rarely,1169,Human Resources,8,2,Medical,1,15945,139400,3,Female,81,2,2,Research Scientist,3,Single,4081,20003,3,Y,Yes,14,4,1,80,0,20,3,1,20,7,1,8,Company Website
28,Current employee,Travel_Rarely,1169,Human Resources,8,2,Medical,1,15946,139401,3,Female,81,2,2,Research Scientist,3,Single,4081,20003,1,Y,Yes,14,3,1,80,0,20,3,1,20,7,1,8,Company Website
28,Current employee,Travel_Rarely,1169,Human Resources,8,2,Medical,1,15947,139402,3,Female,81,2,2,Research Scientist,3,Single,4081,20003,3,Y,Yes,14,3,1,80,0,20,3,1,20,7,1,8,Company Website
28,Current employee,Travel_Rarely,821,Sales,5,4,Medical,1,16031,139486,3,Female,81,3,1,Laboratory Technician,3,Single,3629,19106,4,Y,No,18,4,1,80,0,8,6,3,3,2,0,2,Adzuna
28,Current employee,Travel_Rarely,821,Sales,5,4,Life Sciences,1,16032,139487,3,Female,81,3,1,Laboratory Technician,3,Single,3629,19106,1,Y,No,18,3,1,80,0,8,6,3,3,2,0,2,Adzuna
28,Current employee,Travel_Rarely,821,Sales,5,4,Medical,1,16034,139489,3,Female,81,3,1,Laboratory Technician,3,Single,3629,19106,4,Y,No,18,3,1,80,0,8,6,3,3,2,0,2,Seek
28,Current employee,Travel_Rarely,821,Sales,5,4,Life Sciences,1,16035,139490,3,Female,81,3,1,Laboratory Technician,3,Single,3629,19106,1,Y,No,18,3,1,80,0,8,6,3,3,2,0,2,GlassDoor
28,Current employee,Travel_Rarely,821,Sales,5,4,Medical,1,16039,139494,3,Female,81,3,1,Laboratory Technician,3,Single,3629,19106,4,Y,No,18,4,1,80,0,8,6,3,3,2,0,2,Adzuna
28,Current employee,Travel_Rarely,821,Sales,5,4,Life Sciences,1,16040,139495,3,Female,81,3,1,Laboratory Technician,3,Single,3629,19106,1,Y,No,18,3,1,80,0,8,6,3,3,2,0,2,Adzuna
28,Current employee,Travel_Rarely,821,Sales,5,4,Medical,1,16042,139497,3,Female,81,3,1,Laboratory Technician,3,Single,3629,19106,4,Y,No,18,3,1,80,0,8,6,3,3,2,0,2,Seek
28,Current employee,Travel_Rarely,821,Sales,5,4,Life Sciences,1,16043,139498,3,Female,81,3,1,Laboratory Technician,3,Single,3629,19106,1,Y,No,18,3,1,80,0,8,6,3,3,2,0,2,GlassDoor
28,Current employee,Travel_Rarely,995,Research & Development,9,3,Medical,1,16063,139518,3,Male,81,3,1,Laboratory Technician,4,Married,3229,4910,4,Y,No,11,3,2,80,1,7,2,2,3,2,0,2,Company Website
28,Current employee,Travel_Rarely,995,Research & Development,9,3,Medical,1,16065,139520,3,Male,81,3,1,Laboratory Technician,4,Married,3229,4910,1,Y,No,11,3,2,80,1,7,2,2,3,2,0,2,Company Website
28,Current employee,Travel_Rarely,995,Research & Development,9,3,Medical,1,16068,139523,3,Male,81,3,1,Laboratory Technician,4,Married,3229,4910,4,Y,No,11,3,2,80,1,7,2,2,3,2,0,2,Recruit.net
28,Current employee,Travel_Rarely,995,Research & Development,9,3,Medical,1,16069,139524,3,Male,81,3,1,Laboratory Technician,4,Married,3229,4910,1,Y,No,11,3,2,80,1,7,2,2,3,2,0,2,Jora
28,Current employee,Travel_Rarely,995,Research & Development,9,3,Medical,1,16071,139526,3,Male,81,3,1,Laboratory Technician,4,Married,3229,4910,4,Y,No,11,3,2,80,1,7,2,2,3,2,0,2,Company Website
28,Current employee,Travel_Rarely,995,Research & Development,9,3,Medical,1,16073,139528,3,Male,81,3,1,Laboratory Technician,4,Married,3229,4910,1,Y,No,11,3,2,80,1,7,2,2,3,2,0,2,Company Website
28,Current employee,Travel_Rarely,995,Research & Development,9,3,Medical,1,16076,139531,3,Male,81,3,1,Laboratory Technician,4,Married,3229,4910,4,Y,No,11,3,2,80,1,7,2,2,3,2,0,2,Recruit.net
28,Current employee,Travel_Rarely,995,Research & Development,9,3,Medical,1,16077,139532,3,Male,81,3,1,Laboratory Technician,4,Married,3229,4910,1,Y,No,11,3,2,80,1,7,2,2,3,2,0,2,Jora
28,Current employee,Travel_Rarely,1144,Sales,10,1,Medical,1,16570,140025,4,Female,82,4,1,Human Resources,2,Single,2109,24609,9,Y,No,18,3,4,80,0,8,3,3,3,2,0,2,GlassDoor
28,Current employee,Travel_Rarely,1144,Sales,10,1,Medical,1,16572,140027,4,Female,82,4,1,Human Resources,2,Single,2109,24609,0,Y,No,18,3,4,80,0,8,3,3,3,2,0,2,GlassDoor
28,Current employee,Travel_Rarely,1144,Sales,10,1,Medical,1,16573,140028,4,Female,82,4,1,Human Resources,2,Single,2109,24609,9,Y,No,18,3,4,80,0,8,3,3,3,2,0,2,Adzuna
28,Current employee,Travel_Rarely,1144,Sales,10,1,Medical,1,16574,140029,4,Female,82,4,1,Human Resources,2,Single,2109,24609,0,Y,No,18,3,4,80,0,8,3,3,3,2,0,2,Company Website
28,Current employee,Travel_Rarely,1144,Sales,10,1,Medical,1,16578,140033,4,Female,82,4,1,Human Resources,2,Single,2109,24609,9,Y,No,18,3,4,80,0,8,3,3,3,2,0,2,GlassDoor
28,Current employee,Travel_Rarely,1144,Sales,10,1,Medical,1,16580,140035,4,Female,82,4,1,Human Resources,2,Single,2109,24609,0,Y,No,18,3,4,80,0,8,3,3,3,2,0,2,GlassDoor
28,Current employee,Travel_Rarely,1144,Sales,10,1,Medical,1,16581,140036,4,Female,82,4,1,Human Resources,2,Single,2109,24609,9,Y,No,18,3,4,80,0,8,3,3,3,2,0,2,Adzuna
28,Current employee,Travel_Rarely,1144,Sales,10,1,Medical,1,16582,140037,4,Female,82,4,1,Human Resources,2,Single,2109,24609,0,Y,No,18,3,4,80,0,8,3,3,3,2,0,2,Company Website
28,Current employee,Travel_Rarely,866,Sales,5,3,Medical,1,16665,140120,4,Male,84,3,2,Sales Executive,1,Single,8463,23490,0,Y,No,18,3,4,80,0,6,4,3,5,4,1,3,Indeed
28,Current employee,Travel_Rarely,866,Sales,5,3,Life Sciences,1,16668,140123,4,Male,84,3,2,Sales Executive,1,Single,8463,23490,5,Y,No,18,3,4,80,0,6,4,3,5,4,1,3,Indeed
28,Current employee,Travel_Rarely,866,Sales,5,3,Medical,1,16669,140124,4,Male,84,3,2,Sales Executive,1,Single,8463,23490,0,Y,No,18,3,4,80,0,6,4,3,5,4,1,3,Company Website
28,Current employee,Travel_Rarely,866,Sales,5,3,Life Sciences,1,16670,140125,4,Male,84,3,2,Sales Executive,1,Single,8463,23490,5,Y,No,18,3,4,80,0,6,4,3,5,4,1,3,Indeed
28,Current employee,Travel_Rarely,866,Sales,5,3,Medical,1,16673,140128,4,Male,84,3,2,Sales Executive,1,Single,8463,23490,0,Y,No,18,3,4,80,0,6,4,3,5,4,1,3,Indeed
28,Current employee,Travel_Rarely,866,Sales,5,3,Life Sciences,1,16676,140131,4,Male,84,3,2,Sales Executive,1,Single,8463,23490,5,Y,No,18,3,4,80,0,6,4,3,5,4,1,3,Indeed
28,Current employee,Travel_Rarely,866,Sales,5,3,Medical,1,16677,140132,4,Male,84,3,2,Sales Executive,1,Single,8463,23490,0,Y,No,18,3,4,80,0,6,4,3,5,4,1,3,Company Website
28,Current employee,Travel_Rarely,866,Sales,5,3,Life Sciences,1,16678,140133,4,Male,84,3,2,Sales Executive,1,Single,8463,23490,5,Y,No,18,3,4,80,0,6,4,3,5,4,1,3,Indeed
28,Current employee,Travel_Rarely,950,Research & Development,3,3,Medical,1,16825,140280,4,Female,83,3,2,Sales Executive,3,Married,4768,9282,7,Y,No,12,4,3,80,1,11,4,2,1,0,0,0,GlassDoor
28,Current employee,Travel_Rarely,950,Research & Development,3,3,Life Sciences,1,16827,140282,4,Female,83,3,2,Sales Executive,3,Married,4768,9282,5,Y,No,12,3,3,80,1,11,4,2,1,0,0,0,GlassDoor
28,Current employee,Travel_Rarely,950,Research & Development,3,3,Medical,1,16828,140283,4,Female,83,3,2,Sales Executive,3,Married,4768,9282,7,Y,No,12,3,3,80,1,11,4,2,1,0,0,0,Indeed
28,Current employee,Travel_Rarely,950,Research & Development,3,3,Life Sciences,1,16829,140284,4,Female,83,3,2,Sales Executive,3,Married,4768,9282,5,Y,No,12,3,3,80,1,11,4,2,1,0,0,0,GlassDoor
28,Current employee,Travel_Rarely,950,Research & Development,3,3,Medical,1,16833,140288,4,Female,83,3,2,Sales Executive,3,Married,4768,9282,7,Y,No,12,4,3,80,1,11,4,2,1,0,0,0,GlassDoor
28,Current employee,Travel_Rarely,950,Research & Development,3,3,Life Sciences,1,16835,140290,4,Female,83,3,2,Sales Executive,3,Married,4768,9282,5,Y,No,12,3,3,80,1,11,4,2,1,0,0,0,GlassDoor
28,Current employee,Travel_Rarely,950,Research & Development,3,3,Medical,1,16836,140291,4,Female,83,3,2,Sales Executive,3,Married,4768,9282,7,Y,No,12,3,3,80,1,11,4,2,1,0,0,0,Indeed
28,Current employee,Travel_Rarely,950,Research & Development,3,3,Life Sciences,1,16837,140292,4,Female,83,3,2,Sales Executive,3,Married,4768,9282,5,Y,No,12,3,3,80,1,11,4,2,1,0,0,0,GlassDoor
28,Current employee,Travel_Rarely,1423,Research & Development,1,3,Life Sciences,1,17109,140564,1,Male,72,2,1,Research Scientist,3,Divorced,1563,12530,1,Y,No,14,3,4,80,1,1,2,1,1,0,0,0,Adzuna
28,Current employee,Travel_Rarely,1179,Research & Development,19,4,Medical,1,17110,140565,4,Male,84,2,1,Research Scientist,3,Divorced,1563,12530,1,Y,No,14,3,4,80,1,1,2,1,1,0,0,0,Adzuna
28,Current employee,Travel_Rarely,1423,Research & Development,1,3,Life Sciences,1,17111,140566,1,Male,72,2,1,Research Scientist,3,Divorced,1563,12530,2,Y,No,14,4,4,80,1,1,2,1,1,0,0,0,Adzuna
28,Current employee,Travel_Rarely,1179,Research & Development,19,4,Medical,1,17112,140567,4,Male,84,2,1,Research Scientist,3,Divorced,1563,12530,3,Y,No,14,3,4,80,1,1,2,1,1,0,0,0,Adzuna
28,Current employee,Travel_Rarely,1423,Research & Development,1,3,Life Sciences,1,17113,140568,1,Male,72,2,1,Research Scientist,3,Divorced,1563,12530,1,Y,No,14,3,4,80,1,1,2,1,1,0,0,0,Company Website
28,Current employee,Travel_Rarely,1179,Research & Development,19,4,Medical,1,17114,140569,4,Male,84,2,1,Research Scientist,3,Divorced,1563,12530,1,Y,No,14,3,4,80,1,1,2,1,1,0,0,0,Seek
28,Current employee,Travel_Rarely,1423,Research & Development,1,3,Life Sciences,1,17115,140570,1,Male,72,2,1,Research Scientist,3,Divorced,1563,12530,2,Y,No,14,3,4,80,1,1,2,1,1,0,0,0,Adzuna
28,Current employee,Travel_Rarely,1179,Research & Development,19,4,Medical,1,17116,140571,4,Male,84,2,1,Research Scientist,3,Divorced,1563,12530,3,Y,No,14,3,4,80,1,1,2,1,1,0,0,0,Adzuna
28,Current employee,Travel_Rarely,1423,Research & Development,1,3,Life Sciences,1,17117,140572,1,Male,72,2,1,Research Scientist,3,Divorced,1563,12530,1,Y,No,14,3,4,80,1,1,2,1,1,0,0,0,Adzuna
28,Current employee,Travel_Rarely,1179,Research & Development,19,4,Medical,1,17118,140573,4,Male,84,2,1,Research Scientist,3,Divorced,1563,12530,1,Y,No,14,3,4,80,1,1,2,1,1,0,0,0,Adzuna
28,Current employee,Travel_Rarely,1423,Research & Development,1,3,Life Sciences,1,17119,140574,1,Male,72,2,1,Research Scientist,3,Divorced,1563,12530,2,Y,No,14,4,4,80,1,1,2,1,1,0,0,0,Adzuna
28,Current employee,Travel_Rarely,1179,Research & Development,19,4,Medical,1,17120,140575,4,Male,84,2,1,Research Scientist,3,Divorced,1563,12530,3,Y,No,14,3,4,80,1,1,2,1,1,0,0,0,Adzuna
28,Current employee,Travel_Rarely,1423,Research & Development,1,3,Life Sciences,1,17121,140576,1,Male,72,2,1,Research Scientist,3,Divorced,1563,12530,1,Y,No,14,3,4,80,1,1,2,1,1,0,0,0,Company Website
28,Current employee,Travel_Rarely,1179,Research & Development,19,4,Medical,1,17122,140577,4,Male,84,2,1,Research Scientist,3,Divorced,1563,12530,1,Y,No,14,3,4,80,1,1,2,1,1,0,0,0,Seek
28,Current employee,Travel_Rarely,1423,Research & Development,1,3,Life Sciences,1,17123,140578,1,Male,72,2,1,Research Scientist,3,Divorced,1563,12530,2,Y,No,14,3,4,80,1,1,2,1,1,0,0,0,Adzuna
28,Current employee,Travel_Rarely,1179,Research & Development,19,4,Medical,1,17124,140579,4,Male,84,2,1,Research Scientist,3,Divorced,1563,12530,3,Y,No,14,3,4,80,1,1,2,1,1,0,0,0,Adzuna
28,Current employee,Travel_Frequently,467,Sales,7,3,Life Sciences,1,17125,140580,3,Male,55,3,2,Sales Executive,1,Single,4898,11827,0,Y,No,14,3,4,80,0,5,5,3,4,2,1,3,GlassDoor
28,Current employee,Travel_Frequently,467,Sales,7,3,Marketing,1,17127,140582,3,Male,55,3,2,Sales Executive,1,Single,4898,11827,5,Y,No,14,3,4,80,0,5,5,3,4,2,1,3,GlassDoor
28,Current employee,Travel_Frequently,467,Sales,7,3,Life Sciences,1,17129,140584,3,Male,55,3,2,Sales Executive,1,Single,4898,11827,0,Y,No,14,3,4,80,0,5,5,3,4,2,1,3,GlassDoor
28,Current employee,Travel_Frequently,467,Sales,7,3,Marketing,1,17130,140585,3,Male,55,3,2,Sales Executive,1,Single,4898,11827,5,Y,No,14,3,4,80,0,5,5,3,4,2,1,3,GlassDoor
28,Current employee,Travel_Frequently,467,Sales,7,3,Life Sciences,1,17133,140588,3,Male,55,3,2,Sales Executive,1,Single,4898,11827,0,Y,No,14,3,4,80,0,5,5,3,4,2,1,3,GlassDoor
28,Current employee,Travel_Frequently,467,Sales,7,3,Marketing,1,17135,140590,3,Male,55,3,2,Sales Executive,1,Single,4898,11827,5,Y,No,14,3,4,80,0,5,5,3,4,2,1,3,GlassDoor
28,Current employee,Travel_Frequently,467,Sales,7,3,Life Sciences,1,17137,140592,3,Male,55,3,2,Sales Executive,1,Single,4898,11827,0,Y,No,14,3,4,80,0,5,5,3,4,2,1,3,GlassDoor
28,Current employee,Travel_Frequently,467,Sales,7,3,Marketing,1,17138,140593,3,Male,55,3,2,Sales Executive,1,Single,4898,11827,5,Y,No,14,3,4,80,0,5,5,3,4,2,1,3,GlassDoor
28,Current employee,Travel_Rarely,1083,Research & Development,29,1,Life Sciences,1,17173,140628,3,Male,96,1,2,Manufacturing Director,2,Married,6549,3173,1,Y,No,14,3,2,80,2,8,2,2,8,6,1,7,Adzuna
28,Current employee,Travel_Rarely,1083,Research & Development,29,1,Technical Degree,1,17176,140631,3,Male,96,1,2,Manufacturing Director,2,Married,6549,3173,1,Y,No,14,3,2,80,2,8,2,2,8,6,1,7,Adzuna
28,Current employee,Travel_Rarely,1083,Research & Development,29,1,Life Sciences,1,17177,140632,3,Male,96,1,2,Manufacturing Director,2,Married,6549,3173,1,Y,No,14,3,2,80,2,8,2,2,8,6,1,7,Company Website
28,Current employee,Travel_Rarely,1083,Research & Development,29,1,Technical Degree,1,17178,140633,3,Male,96,1,2,Manufacturing Director,2,Married,6549,3173,1,Y,No,14,3,2,80,2,8,2,2,8,6,1,7,Adzuna
28,Current employee,Travel_Rarely,1083,Research & Development,29,1,Life Sciences,1,17181,140636,3,Male,96,1,2,Manufacturing Director,2,Married,6549,3173,1,Y,No,14,3,2,80,2,8,2,2,8,6,1,7,Adzuna
28,Current employee,Travel_Rarely,1083,Research & Development,29,1,Technical Degree,1,17184,140639,3,Male,96,1,2,Manufacturing Director,2,Married,6549,3173,1,Y,No,14,3,2,80,2,8,2,2,8,6,1,7,Adzuna
28,Current employee,Travel_Rarely,1083,Research & Development,29,1,Life Sciences,1,17185,140640,3,Male,96,1,2,Manufacturing Director,2,Married,6549,3173,1,Y,No,14,3,2,80,2,8,2,2,8,6,1,7,Company Website
28,Current employee,Travel_Rarely,1083,Research & Development,29,1,Technical Degree,1,17186,140641,3,Male,96,1,2,Manufacturing Director,2,Married,6549,3173,1,Y,No,14,3,2,80,2,8,2,2,8,6,1,7,Adzuna
28,Current employee,Travel_Frequently,791,Research & Development,1,4,Medical,1,17321,140776,4,Male,84,3,2,Laboratory Technician,3,Single,2272,24812,0,Y,No,14,3,2,80,0,5,2,3,4,3,1,2,Company Website
28,Current employee,Travel_Frequently,791,Research & Development,1,4,Life Sciences,1,17322,140777,4,Male,84,3,2,Laboratory Technician,3,Single,2272,24812,1,Y,No,14,3,2,80,0,5,2,3,4,3,1,2,Company Website
28,Current employee,Travel_Frequently,791,Research & Development,1,4,Medical,1,17326,140781,4,Male,84,3,2,Laboratory Technician,3,Single,2272,24812,0,Y,No,14,3,2,80,0,5,2,3,4,3,1,2,LinkedIn
28,Current employee,Travel_Frequently,791,Research & Development,1,4,Life Sciences,1,17327,140782,4,Male,84,3,2,Laboratory Technician,3,Single,2272,24812,1,Y,No,14,3,2,80,0,5,2,3,4,3,1,2,Indeed
28,Current employee,Travel_Frequently,791,Research & Development,1,4,Medical,1,17329,140784,4,Male,84,3,2,Laboratory Technician,3,Single,2272,24812,0,Y,No,14,3,2,80,0,5,2,3,4,3,1,2,Company Website
28,Current employee,Travel_Frequently,791,Research & Development,1,4,Life Sciences,1,17330,140785,4,Male,84,3,2,Laboratory Technician,3,Single,2272,24812,1,Y,No,14,3,2,80,0,5,2,3,4,3,1,2,Company Website
28,Current employee,Travel_Frequently,791,Research & Development,1,4,Medical,1,17334,140789,4,Male,84,3,2,Laboratory Technician,3,Single,2272,24812,0,Y,No,14,3,2,80,0,5,2,3,4,3,1,2,LinkedIn
28,Current employee,Travel_Frequently,791,Research & Development,1,4,Life Sciences,1,17335,140790,4,Male,84,3,2,Laboratory Technician,3,Single,2272,24812,1,Y,No,14,3,2,80,0,5,2,3,4,3,1,2,Indeed
28,Current employee,Travel_Rarely,866,Sales,5,3,Medical,1,17851,141306,4,Male,86,2,5,Manager,4,Married,19586,23037,1,Y,No,21,3,3,80,1,36,3,3,36,6,2,13,GlassDoor
28,Current employee,Travel_Rarely,866,Sales,5,3,Life Sciences,1,17852,141307,4,Male,86,2,5,Manager,4,Married,19586,23037,1,Y,No,21,3,3,80,1,36,3,3,36,6,2,13,GlassDoor
28,Current employee,Travel_Rarely,866,Sales,5,3,Medical,1,17854,141309,4,Male,86,2,5,Manager,4,Married,19586,23037,1,Y,No,21,4,3,80,1,36,3,3,36,6,2,13,Seek
28,Current employee,Travel_Rarely,866,Sales,5,3,Life Sciences,1,17855,141310,4,Male,86,2,5,Manager,4,Married,19586,23037,1,Y,No,21,4,3,80,1,36,3,3,36,6,2,13,Recruit.net
28,Current employee,Travel_Rarely,866,Sales,5,3,Life Sciences,1,17861,141316,4,Male,86,2,5,Manager,4,Married,19586,23037,1,Y,No,21,3,3,80,1,36,3,3,36,6,2,13,GlassDoor
28,Current employee,Travel_Rarely,866,Sales,5,3,Medical,1,17863,141318,4,Male,86,2,5,Manager,4,Married,19586,23037,1,Y,No,21,4,3,80,1,36,3,3,36,6,2,13,Seek
28,Current employee,Travel_Rarely,866,Sales,5,3,Life Sciences,1,17864,141319,4,Male,86,2,5,Manager,4,Married,19586,23037,1,Y,No,21,4,3,80,1,36,3,3,36,6,2,13,Recruit.net
28,Current employee,Travel_Rarely,580,Research & Development,27,3,Medical,1,18335,141790,4,Male,87,3,2,Manufacturing Director,1,Married,5377,3835,2,Y,No,13,4,4,80,3,10,3,3,7,7,7,7,Recruit.net
28,Current employee,Travel_Rarely,580,Research & Development,27,3,Technical Degree,1,18337,141792,4,Male,87,3,2,Manufacturing Director,1,Married,5377,3835,1,Y,No,13,3,4,80,3,10,3,3,7,7,7,7,Recruit.net
28,Current employee,Travel_Rarely,580,Research & Development,27,3,Medical,1,18338,141793,4,Male,87,3,2,Manufacturing Director,1,Married,5377,3835,2,Y,No,13,3,4,80,3,10,3,3,7,7,7,7,LinkedIn
28,Current employee,Travel_Rarely,580,Research & Development,27,3,Technical Degree,1,18339,141794,4,Male,87,3,2,Manufacturing Director,1,Married,5377,3835,1,Y,No,13,3,4,80,3,10,3,3,7,7,7,7,Recruit.net
28,Current employee,Travel_Rarely,580,Research & Development,27,3,Medical,1,18342,141797,4,Male,87,3,2,Manufacturing Director,1,Married,5377,3835,2,Y,No,13,4,4,80,3,10,3,3,7,7,7,7,Recruit.net
28,Current employee,Travel_Rarely,580,Research & Development,27,3,Technical Degree,1,18344,141799,4,Male,87,3,2,Manufacturing Director,1,Married,5377,3835,1,Y,No,13,3,4,80,3,10,3,3,7,7,7,7,Recruit.net
28,Current employee,Travel_Rarely,580,Research & Development,27,3,Medical,1,18345,141800,4,Male,87,3,2,Manufacturing Director,1,Married,5377,3835,2,Y,No,13,3,4,80,3,10,3,3,7,7,7,7,LinkedIn
28,Current employee,Travel_Rarely,580,Research & Development,27,3,Technical Degree,1,18346,141801,4,Male,87,3,2,Manufacturing Director,1,Married,5377,3835,1,Y,No,13,3,4,80,3,10,3,3,7,7,7,7,Recruit.net
28,Current employee,Travel_Rarely,580,Research & Development,27,3,Medical,1,18386,141841,2,Female,39,1,2,Manufacturing Director,1,Divorced,4877,20460,0,Y,No,21,4,2,80,1,6,5,2,5,3,0,0,LinkedIn
28,Current employee,Travel_Rarely,580,Research & Development,27,3,Technical Degree,1,18389,141844,2,Female,39,1,2,Manufacturing Director,1,Divorced,4877,20460,1,Y,No,21,3,2,80,1,6,5,2,5,3,0,0,LinkedIn
28,Current employee,Travel_Rarely,580,Research & Development,27,3,Medical,1,18390,141845,2,Female,39,1,2,Manufacturing Director,1,Divorced,4877,20460,0,Y,No,21,4,2,80,1,6,5,2,5,3,0,0,Recruit.net
28,Current employee,Travel_Rarely,580,Research & Development,27,3,Technical Degree,1,18391,141846,2,Female,39,1,2,Manufacturing Director,1,Divorced,4877,20460,1,Y,No,21,4,2,80,1,6,5,2,5,3,0,0,Company Website
28,Current employee,Travel_Rarely,580,Research & Development,27,3,Medical,1,18394,141849,2,Female,39,1,2,Manufacturing Director,1,Divorced,4877,20460,0,Y,No,21,4,2,80,1,6,5,2,5,3,0,0,LinkedIn
28,Current employee,Travel_Rarely,580,Research & Development,27,3,Technical Degree,1,18397,141852,2,Female,39,1,2,Manufacturing Director,1,Divorced,4877,20460,1,Y,No,21,3,2,80,1,6,5,2,5,3,0,0,LinkedIn
28,Current employee,Travel_Rarely,580,Research & Development,27,3,Medical,1,18398,141853,2,Female,39,1,2,Manufacturing Director,1,Divorced,4877,20460,0,Y,No,21,4,2,80,1,6,5,2,5,3,0,0,Recruit.net
28,Current employee,Travel_Rarely,580,Research & Development,27,3,Technical Degree,1,18399,141854,2,Female,39,1,2,Manufacturing Director,1,Divorced,4877,20460,1,Y,No,21,4,2,80,1,6,5,2,5,3,0,0,Company Website
28,Current employee,Travel_Rarely,1217,Research & Development,1,3,Medical,1,19315,142770,4,Male,89,2,2,Laboratory Technician,4,Married,3986,11912,1,Y,No,14,3,3,80,1,15,3,4,15,10,4,13,GlassDoor
28,Current employee,Travel_Rarely,1217,Research & Development,1,3,Life Sciences,1,19316,142771,4,Male,89,2,2,Laboratory Technician,4,Married,3986,11912,1,Y,No,14,3,3,80,1,15,3,4,15,10,4,13,GlassDoor
28,Current employee,Travel_Rarely,1217,Research & Development,1,3,Medical,1,19318,142773,4,Male,89,2,2,Laboratory Technician,4,Married,3986,11912,1,Y,No,14,3,3,80,1,15,3,4,15,10,4,13,Seek
28,Current employee,Travel_Rarely,1217,Research & Development,1,3,Life Sciences,1,19319,142774,4,Male,89,2,2,Laboratory Technician,4,Married,3986,11912,1,Y,No,14,3,3,80,1,15,3,4,15,10,4,13,Company Website
28,Current employee,Travel_Rarely,1217,Research & Development,1,3,Medical,1,19323,142778,4,Male,89,2,2,Laboratory Technician,4,Married,3986,11912,1,Y,No,14,3,3,80,1,15,3,4,15,10,4,13,GlassDoor
28,Current employee,Travel_Rarely,1217,Research & Development,1,3,Life Sciences,1,19324,142779,4,Male,89,2,2,Laboratory Technician,4,Married,3986,11912,1,Y,No,14,3,3,80,1,15,3,4,15,10,4,13,GlassDoor
28,Current employee,Travel_Rarely,1217,Research & Development,1,3,Medical,1,19326,142781,4,Male,89,2,2,Laboratory Technician,4,Married,3986,11912,1,Y,No,14,3,3,80,1,15,3,4,15,10,4,13,Seek
28,Current employee,Travel_Rarely,1217,Research & Development,1,3,Life Sciences,1,19327,142782,4,Male,89,2,2,Laboratory Technician,4,Married,3986,11912,1,Y,No,14,3,3,80,1,15,3,4,15,10,4,13,Company Website
28,Current employee,Travel_Rarely,1172,Sales,3,3,Medical,1,19427,142882,4,Male,90,2,1,Research Scientist,4,Single,4930,13970,0,Y,Yes,14,3,3,80,0,6,2,4,5,4,1,4,Jora
28,Current employee,Travel_Rarely,1172,Sales,3,3,Life Sciences,1,19429,142884,4,Male,90,2,1,Research Scientist,4,Single,4930,13970,3,Y,Yes,14,3,3,80,0,6,2,4,5,4,1,4,Jora
28,Current employee,Travel_Rarely,1172,Sales,3,3,Medical,1,19430,142885,4,Male,90,2,1,Research Scientist,4,Single,4930,13970,0,Y,Yes,14,3,3,80,0,6,2,4,5,4,1,4,Indeed
28,Current employee,Travel_Rarely,1172,Sales,3,3,Life Sciences,1,19431,142886,4,Male,90,2,1,Research Scientist,4,Single,4930,13970,3,Y,Yes,14,3,3,80,0,6,2,4,5,4,1,4,Jora
28,Current employee,Travel_Rarely,1172,Sales,3,3,Medical,1,19435,142890,4,Male,90,2,1,Research Scientist,4,Single,4930,13970,0,Y,Yes,14,3,3,80,0,6,2,4,5,4,1,4,Jora
28,Current employee,Travel_Rarely,1172,Sales,3,3,Life Sciences,1,19437,142892,4,Male,90,2,1,Research Scientist,4,Single,4930,13970,3,Y,Yes,14,3,3,80,0,6,2,4,5,4,1,4,Jora
28,Current employee,Travel_Rarely,1172,Sales,3,3,Medical,1,19438,142893,4,Male,90,2,1,Research Scientist,4,Single,4930,13970,0,Y,Yes,14,3,3,80,0,6,2,4,5,4,1,4,Indeed
28,Current employee,Travel_Rarely,1172,Sales,3,3,Life Sciences,1,19439,142894,4,Male,90,2,1,Research Scientist,4,Single,4930,13970,3,Y,Yes,14,3,3,80,0,6,2,4,5,4,1,4,Jora
28,Current employee,Non-Travel,1103,Research & Development,16,3,Medical,1,19635,143090,4,Male,90,1,2,Human Resources,2,Married,6430,20794,6,Y,No,19,3,2,80,1,10,4,3,3,2,1,2,Seek
28,Current employee,Non-Travel,1103,Research & Development,16,3,Medical,1,19637,143092,4,Male,90,1,2,Human Resources,2,Married,6430,20794,0,Y,No,19,3,2,80,1,10,4,3,3,2,1,2,Seek
28,Current employee,Non-Travel,1103,Research & Development,16,3,Medical,1,19638,143093,4,Male,90,1,2,Human Resources,2,Married,6430,20794,6,Y,No,19,3,2,80,1,10,4,3,3,2,1,2,Recruit.net
28,Current employee,Non-Travel,1103,Research & Development,16,3,Medical,1,19639,143094,4,Male,90,1,2,Human Resources,2,Married,6430,20794,0,Y,No,19,3,2,80,1,10,4,3,3,2,1,2,LinkedIn
28,Current employee,Non-Travel,1103,Research & Development,16,3,Medical,1,19643,143098,4,Male,90,1,2,Human Resources,2,Married,6430,20794,6,Y,No,19,3,2,80,1,10,4,3,3,2,1,2,Seek
28,Current employee,Non-Travel,1103,Research & Development,16,3,Medical,1,19645,143100,4,Male,90,1,2,Human Resources,2,Married,6430,20794,0,Y,No,19,3,2,80,1,10,4,3,3,2,1,2,Seek
28,Current employee,Non-Travel,1103,Research & Development,16,3,Medical,1,19646,143101,4,Male,90,1,2,Human Resources,2,Married,6430,20794,6,Y,No,19,3,2,80,1,10,4,3,3,2,1,2,Recruit.net
28,Current employee,Non-Travel,1103,Research & Development,16,3,Medical,1,19647,143102,4,Male,90,1,2,Human Resources,2,Married,6430,20794,0,Y,No,19,3,2,80,1,10,4,3,3,2,1,2,LinkedIn
28,Current employee,Travel_Rarely,1181,Research & Development,1,3,Life Sciences,1,20507,143962,3,Male,82,3,1,Research Scientist,4,Married,2044,5531,1,Y,No,11,3,3,80,1,5,6,4,5,3,0,3,Indeed
28,Current employee,Travel_Rarely,1181,Research & Development,1,3,Life Sciences,1,20509,143964,3,Male,82,3,1,Research Scientist,4,Married,2044,5531,2,Y,No,11,3,3,80,1,5,6,4,5,3,0,3,Indeed
28,Current employee,Travel_Rarely,1181,Research & Development,1,3,Life Sciences,1,20511,143966,3,Male,82,3,1,Research Scientist,4,Married,2044,5531,1,Y,No,11,3,3,80,1,5,6,4,5,3,0,3,Seek
28,Current employee,Travel_Rarely,1181,Research & Development,1,3,Life Sciences,1,20512,143967,3,Male,82,3,1,Research Scientist,4,Married,2044,5531,2,Y,No,11,3,3,80,1,5,6,4,5,3,0,3,Indeed
28,Current employee,Travel_Rarely,1181,Research & Development,1,3,Life Sciences,1,20515,143970,3,Male,82,3,1,Research Scientist,4,Married,2044,5531,1,Y,No,11,3,3,80,1,5,6,4,5,3,0,3,Indeed
28,Current employee,Travel_Rarely,1181,Research & Development,1,3,Life Sciences,1,20517,143972,3,Male,82,3,1,Research Scientist,4,Married,2044,5531,2,Y,No,11,3,3,80,1,5,6,4,5,3,0,3,Indeed
28,Current employee,Travel_Rarely,1181,Research & Development,1,3,Life Sciences,1,20519,143974,3,Male,82,3,1,Research Scientist,4,Married,2044,5531,1,Y,No,11,3,3,80,1,5,6,4,5,3,0,3,Seek
28,Current employee,Travel_Rarely,1181,Research & Development,1,3,Life Sciences,1,20520,143975,3,Male,82,3,1,Research Scientist,4,Married,2044,5531,2,Y,No,11,3,3,80,1,5,6,4,5,3,0,3,Indeed
28,Current employee,Travel_Rarely,857,Research & Development,10,3,Other,1,20828,144283,4,Female,94,2,3,Manufacturing Director,2,Divorced,10333,19271,8,Y,Yes,12,3,3,80,1,28,4,3,22,11,14,10,Jora
28,Current employee,Travel_Rarely,857,Research & Development,10,3,Medical,1,20830,144285,4,Female,94,2,3,Manufacturing Director,2,Divorced,10333,19271,1,Y,Yes,12,3,3,80,1,28,4,3,22,11,14,10,Jora
28,Current employee,Travel_Rarely,857,Research & Development,10,3,Other,1,20831,144286,4,Female,94,2,3,Manufacturing Director,2,Divorced,10333,19271,8,Y,Yes,12,3,3,80,1,28,4,3,22,11,14,10,Company Website
28,Current employee,Travel_Rarely,857,Research & Development,10,3,Medical,1,20832,144287,4,Female,94,2,3,Manufacturing Director,2,Divorced,10333,19271,1,Y,Yes,12,3,3,80,1,28,4,3,22,11,14,10,Jora
28,Current employee,Travel_Rarely,857,Research & Development,10,3,Other,1,20836,144291,4,Female,94,2,3,Manufacturing Director,2,Divorced,10333,19271,8,Y,Yes,12,3,3,80,1,28,4,3,22,11,14,10,Jora
28,Current employee,Travel_Rarely,857,Research & Development,10,3,Medical,1,20838,144293,4,Female,94,2,3,Manufacturing Director,2,Divorced,10333,19271,1,Y,Yes,12,3,3,80,1,28,4,3,22,11,14,10,Jora
28,Current employee,Travel_Rarely,857,Research & Development,10,3,Other,1,20839,144294,4,Female,94,2,3,Manufacturing Director,2,Divorced,10333,19271,8,Y,Yes,12,3,3,80,1,28,4,3,22,11,14,10,Company Website
28,Current employee,Travel_Rarely,857,Research & Development,10,3,Medical,1,20840,144295,4,Female,94,2,3,Manufacturing Director,2,Divorced,10333,19271,1,Y,Yes,12,3,3,80,1,28,4,3,22,11,14,10,Jora
28,Current employee,Travel_Rarely,1217,Research & Development,1,3,Medical,1,20891,144346,3,Female,67,3,1,Research Scientist,1,Married,3591,12719,1,Y,No,25,3,3,80,1,3,3,3,3,2,1,2,Company Website
28,Current employee,Travel_Rarely,1217,Research & Development,1,3,Life Sciences,1,20893,144348,3,Female,67,3,1,Research Scientist,1,Married,3591,12719,2,Y,No,25,3,3,80,1,3,3,3,3,2,1,2,Company Website
28,Current employee,Travel_Rarely,1217,Research & Development,1,3,Medical,1,20895,144350,3,Female,67,3,1,Research Scientist,1,Married,3591,12719,1,Y,No,25,4,3,80,1,3,3,3,3,2,1,2,Adzuna
28,Current employee,Travel_Rarely,1217,Research & Development,1,3,Life Sciences,1,20896,144351,3,Female,67,3,1,Research Scientist,1,Married,3591,12719,2,Y,No,25,4,3,80,1,3,3,3,3,2,1,2,Company Website
28,Current employee,Travel_Rarely,1217,Research & Development,1,3,Medical,1,20899,144354,3,Female,67,3,1,Research Scientist,1,Married,3591,12719,1,Y,No,25,3,3,80,1,3,3,3,3,2,1,2,Company Website
28,Current employee,Travel_Rarely,1217,Research & Development,1,3,Life Sciences,1,20901,144356,3,Female,67,3,1,Research Scientist,1,Married,3591,12719,2,Y,No,25,3,3,80,1,3,3,3,3,2,1,2,Company Website
28,Current employee,Travel_Rarely,1217,Research & Development,1,3,Medical,1,20903,144358,3,Female,67,3,1,Research Scientist,1,Married,3591,12719,1,Y,No,25,4,3,80,1,3,3,3,3,2,1,2,Adzuna
28,Current employee,Travel_Rarely,1217,Research & Development,1,3,Life Sciences,1,20904,144359,3,Female,67,3,1,Research Scientist,1,Married,3591,12719,2,Y,No,25,4,3,80,1,3,3,3,3,2,1,2,Company Website
28,Current employee,Non-Travel,280,Human Resources,1,2,Life Sciences,1,21146,144601,3,Male,43,3,1,Human Resources,4,Divorced,2706,10494,1,Y,No,15,3,2,80,1,3,2,3,3,2,2,2,Recruit.net
28,Current employee,Non-Travel,280,Human Resources,1,2,Life Sciences,1,21148,144603,3,Male,43,3,1,Human Resources,4,Divorced,2706,10494,0,Y,No,15,3,2,80,1,3,2,3,3,2,2,2,Recruit.net
28,Current employee,Non-Travel,280,Human Resources,1,2,Life Sciences,1,21150,144605,3,Male,43,3,1,Human Resources,4,Divorced,2706,10494,1,Y,No,15,3,2,80,1,3,2,3,3,2,2,2,Adzuna
28,Current employee,Non-Travel,280,Human Resources,1,2,Life Sciences,1,21151,144606,3,Male,43,3,1,Human Resources,4,Divorced,2706,10494,0,Y,No,15,3,2,80,1,3,2,3,3,2,2,2,LinkedIn
28,Current employee,Non-Travel,280,Human Resources,1,2,Life Sciences,1,21154,144609,3,Male,43,3,1,Human Resources,4,Divorced,2706,10494,1,Y,No,15,3,2,80,1,3,2,3,3,2,2,2,Recruit.net
28,Current employee,Non-Travel,280,Human Resources,1,2,Life Sciences,1,21156,144611,3,Male,43,3,1,Human Resources,4,Divorced,2706,10494,0,Y,No,15,3,2,80,1,3,2,3,3,2,2,2,Recruit.net
28,Current employee,Non-Travel,280,Human Resources,1,2,Life Sciences,1,21158,144613,3,Male,43,3,1,Human Resources,4,Divorced,2706,10494,1,Y,No,15,3,2,80,1,3,2,3,3,2,2,2,Adzuna
28,Current employee,Non-Travel,280,Human Resources,1,2,Life Sciences,1,21159,144614,3,Male,43,3,1,Human Resources,4,Divorced,2706,10494,0,Y,No,15,3,2,80,1,3,2,3,3,2,2,2,LinkedIn
28,Current employee,Travel_Rarely,1172,Sales,3,3,Medical,1,21368,144823,2,Female,30,3,1,Sales Representative,2,Married,2856,3692,1,Y,No,19,3,4,80,1,1,3,3,1,0,0,0,Company Website
28,Current employee,Travel_Rarely,1172,Sales,3,3,Life Sciences,1,21370,144825,2,Female,30,3,1,Sales Representative,2,Married,2856,3692,8,Y,No,19,3,4,80,1,1,3,3,1,0,0,0,Company Website
28,Current employee,Travel_Rarely,1172,Sales,3,3,Medical,1,21374,144829,2,Female,30,3,1,Sales Representative,2,Married,2856,3692,1,Y,No,19,3,4,80,1,1,3,3,1,0,0,0,Company Website
28,Current employee,Travel_Rarely,1172,Sales,3,3,Life Sciences,1,21375,144830,2,Female,30,3,1,Sales Representative,2,Married,2856,3692,8,Y,No,19,3,4,80,1,1,3,3,1,0,0,0,Company Website
28,Current employee,Travel_Rarely,1172,Sales,3,3,Medical,1,21376,144831,2,Female,30,3,1,Sales Representative,2,Married,2856,3692,1,Y,No,19,3,4,80,1,1,3,3,1,0,0,0,Company Website
28,Current employee,Travel_Rarely,1172,Sales,3,3,Life Sciences,1,21378,144833,2,Female,30,3,1,Sales Representative,2,Married,2856,3692,8,Y,No,19,3,4,80,1,1,3,3,1,0,0,0,Company Website
28,Current employee,Travel_Rarely,1172,Sales,3,3,Medical,1,21382,144837,2,Female,30,3,1,Sales Representative,2,Married,2856,3692,1,Y,No,19,3,4,80,1,1,3,3,1,0,0,0,Company Website
28,Current employee,Travel_Rarely,1172,Sales,3,3,Life Sciences,1,21383,144838,2,Female,30,3,1,Sales Representative,2,Married,2856,3692,8,Y,No,19,3,4,80,1,1,3,3,1,0,0,0,Company Website
28,Current employee,Travel_Frequently,783,Sales,1,2,Life Sciences,1,21806,145261,3,Male,32,2,2,Sales Executive,4,Married,6834,19255,1,Y,Yes,12,4,3,80,1,7,2,3,7,7,0,7,Indeed
28,Current employee,Travel_Frequently,783,Sales,1,2,Life Sciences,1,21808,145263,3,Male,32,2,2,Sales Executive,4,Married,6834,19255,4,Y,Yes,12,3,3,80,1,7,2,3,7,7,0,7,Indeed
28,Current employee,Travel_Frequently,783,Sales,1,2,Life Sciences,1,21810,145265,3,Male,32,2,2,Sales Executive,4,Married,6834,19255,1,Y,Yes,12,3,3,80,1,7,2,3,7,7,0,7,Recruit.net
28,Current employee,Travel_Frequently,783,Sales,1,2,Life Sciences,1,21811,145266,3,Male,32,2,2,Sales Executive,4,Married,6834,19255,4,Y,Yes,12,3,3,80,1,7,2,3,7,7,0,7,Indeed
28,Current employee,Travel_Frequently,783,Sales,1,2,Life Sciences,1,21814,145269,3,Male,32,2,2,Sales Executive,4,Married,6834,19255,1,Y,Yes,12,4,3,80,1,7,2,3,7,7,0,7,Indeed
28,Current employee,Travel_Frequently,783,Sales,1,2,Life Sciences,1,21816,145271,3,Male,32,2,2,Sales Executive,4,Married,6834,19255,4,Y,Yes,12,3,3,80,1,7,2,3,7,7,0,7,Indeed
28,Current employee,Travel_Frequently,783,Sales,1,2,Life Sciences,1,21818,145273,3,Male,32,2,2,Sales Executive,4,Married,6834,19255,1,Y,Yes,12,3,3,80,1,7,2,3,7,7,0,7,Recruit.net
28,Current employee,Travel_Frequently,783,Sales,1,2,Life Sciences,1,21819,145274,3,Male,32,2,2,Sales Executive,4,Married,6834,19255,4,Y,Yes,12,3,3,80,1,7,2,3,7,7,0,7,Indeed
28,Current employee,Non-Travel,1103,Research & Development,16,3,Medical,1,22085,145540,3,Male,32,3,1,Research Scientist,3,Single,2144,2122,1,Y,No,14,4,3,80,0,5,3,2,5,3,1,4,Seek
28,Current employee,Non-Travel,1103,Research & Development,16,3,Medical,1,22087,145542,3,Male,32,3,1,Research Scientist,3,Single,2144,2122,3,Y,No,14,4,3,80,0,5,3,2,5,3,1,4,Seek
28,Current employee,Non-Travel,1103,Research & Development,16,3,Medical,1,22091,145546,3,Male,32,3,1,Research Scientist,3,Single,2144,2122,1,Y,No,14,3,3,80,0,5,3,2,5,3,1,4,Company Website
28,Current employee,Non-Travel,1103,Research & Development,16,3,Medical,1,22092,145547,3,Male,32,3,1,Research Scientist,3,Single,2144,2122,3,Y,No,14,3,3,80,0,5,3,2,5,3,1,4,Seek
28,Current employee,Non-Travel,1103,Research & Development,16,3,Medical,1,22093,145548,3,Male,32,3,1,Research Scientist,3,Single,2144,2122,1,Y,No,14,4,3,80,0,5,3,2,5,3,1,4,Seek
28,Current employee,Non-Travel,1103,Research & Development,16,3,Medical,1,22095,145550,3,Male,32,3,1,Research Scientist,3,Single,2144,2122,3,Y,No,14,4,3,80,0,5,3,2,5,3,1,4,Seek
28,Current employee,Non-Travel,1103,Research & Development,16,3,Medical,1,22099,145554,3,Male,32,3,1,Research Scientist,3,Single,2144,2122,1,Y,No,14,3,3,80,0,5,3,2,5,3,1,4,Company Website
28,Current employee,Non-Travel,1103,Research & Development,16,3,Medical,1,22100,145555,3,Male,32,3,1,Research Scientist,3,Single,2144,2122,3,Y,No,14,3,3,80,0,5,3,2,5,3,1,4,Seek
28,Current employee,Travel_Rarely,640,Research & Development,1,3,Technical Degree,1,22696,146151,4,Male,98,3,2,Research Scientist,1,Divorced,5410,11189,6,Y,Yes,17,3,3,80,1,9,3,2,4,3,1,2,GlassDoor
28,Current employee,Travel_Rarely,640,Research & Development,1,3,Life Sciences,1,22697,146152,4,Male,98,3,2,Research Scientist,1,Divorced,5410,11189,2,Y,Yes,17,4,3,80,1,9,3,2,4,3,1,2,GlassDoor
28,Current employee,Travel_Rarely,640,Research & Development,1,3,Technical Degree,1,22699,146154,4,Male,98,3,2,Research Scientist,1,Divorced,5410,11189,6,Y,Yes,17,3,3,80,1,9,3,2,4,3,1,2,Jora
28,Current employee,Travel_Rarely,640,Research & Development,1,3,Life Sciences,1,22700,146155,4,Male,98,3,2,Research Scientist,1,Divorced,5410,11189,2,Y,Yes,17,3,3,80,1,9,3,2,4,3,1,2,GlassDoor
28,Current employee,Travel_Rarely,640,Research & Development,1,3,Technical Degree,1,22704,146159,4,Male,98,3,2,Research Scientist,1,Divorced,5410,11189,6,Y,Yes,17,3,3,80,1,9,3,2,4,3,1,2,GlassDoor
28,Current employee,Travel_Rarely,640,Research & Development,1,3,Life Sciences,1,22705,146160,4,Male,98,3,2,Research Scientist,1,Divorced,5410,11189,2,Y,Yes,17,4,3,80,1,9,3,2,4,3,1,2,GlassDoor
28,Current employee,Travel_Rarely,640,Research & Development,1,3,Technical Degree,1,22707,146162,4,Male,98,3,2,Research Scientist,1,Divorced,5410,11189,6,Y,Yes,17,3,3,80,1,9,3,2,4,3,1,2,Jora
28,Current employee,Travel_Rarely,640,Research & Development,1,3,Life Sciences,1,22708,146163,4,Male,98,3,2,Research Scientist,1,Divorced,5410,11189,2,Y,Yes,17,3,3,80,1,9,3,2,4,3,1,2,GlassDoor
36,Voluntary Resignation,Travel_Rarely,1218,Sales,9,4,Life Sciences,1,453,123908,3,Male,82,2,1,Sales Representative,1,Single,3407,6986,7,Y,No,23,3,2,80,0,10,4,3,5,3,0,3,Company Website
36,Voluntary Resignation,Travel_Rarely,1218,Sales,9,4,Medical,1,455,123910,3,Male,82,2,1,Sales Representative,1,Single,3407,6986,9,Y,No,23,4,2,80,0,10,4,3,5,3,0,3,Company Website
36,Voluntary Resignation,Travel_Rarely,1218,Sales,9,4,Life Sciences,1,459,123914,3,Male,82,2,1,Sales Representative,1,Single,3407,6986,7,Y,No,23,4,2,80,0,10,4,3,5,3,0,3,Company Website
36,Voluntary Resignation,Travel_Rarely,1218,Sales,9,4,Medical,1,460,123915,3,Male,82,2,1,Sales Representative,1,Single,3407,6986,9,Y,No,23,4,2,80,0,10,4,3,5,3,0,3,Company Website
36,Voluntary Resignation,Travel_Rarely,1218,Sales,9,4,Life Sciences,1,461,123916,3,Male,82,2,1,Sales Representative,1,Single,3407,6986,7,Y,No,23,3,2,80,0,10,4,3,5,3,0,3,Company Website
36,Voluntary Resignation,Travel_Rarely,1218,Sales,9,4,Life Sciences,1,462,123917,3,Male,62,3,1,Sales Representative,1,Divorced,2322,9518,3,Y,No,13,3,3,80,1,3,3,3,0,0,0,0,Company Website
36,Voluntary Resignation,Travel_Rarely,1218,Sales,9,4,Life Sciences,1,463,123918,4,Male,62,2,1,Research Scientist,3,Divorced,2768,8416,3,Y,No,12,3,3,80,1,14,3,3,7,3,5,7,GlassDoor
36,Voluntary Resignation,Travel_Rarely,1218,Sales,9,4,Medical,1,465,123920,3,Male,82,2,1,Sales Representative,1,Single,3407,6986,9,Y,No,23,4,2,80,0,10,4,3,5,3,0,3,Company Website
36,Voluntary Resignation,Travel_Rarely,1218,Sales,9,4,Life Sciences,1,469,123924,3,Male,82,2,1,Sales Representative,1,Single,3407,6986,7,Y,No,23,4,2,80,0,10,4,3,5,3,0,3,Company Website
36,Voluntary Resignation,Travel_Rarely,1218,Sales,9,4,Medical,1,470,123925,3,Male,82,2,1,Sales Representative,1,Single,3407,6986,9,Y,No,23,4,2,80,0,10,4,3,5,3,0,3,Company Website
36,Voluntary Resignation,Travel_Rarely,1218,Sales,9,4,Life Sciences,1,776,124231,1,Male,39,3,1,Laboratory Technician,4,Divorced,1951,10910,1,Y,No,12,4,3,80,1,1,3,3,1,0,0,0,Seek
36,Voluntary Resignation,Travel_Rarely,1218,Sales,9,4,Medical,1,778,124233,1,Male,39,3,1,Laboratory Technician,4,Divorced,1951,10910,1,Y,No,12,3,3,80,1,1,3,3,1,0,0,0,Seek
36,Voluntary Resignation,Travel_Rarely,1218,Sales,9,4,Life Sciences,1,781,124236,1,Male,39,3,1,Laboratory Technician,4,Divorced,1951,10910,1,Y,No,12,3,3,80,1,1,3,3,1,0,0,0,Seek
36,Voluntary Resignation,Travel_Rarely,1218,Sales,9,4,Medical,1,782,124237,1,Male,39,3,1,Laboratory Technician,4,Divorced,1951,10910,1,Y,No,12,3,3,80,1,1,3,3,1,0,0,0,Seek
36,Voluntary Resignation,Travel_Rarely,1218,Sales,9,4,Life Sciences,1,784,124239,1,Male,39,3,1,Laboratory Technician,4,Divorced,1951,10910,1,Y,No,12,4,3,80,1,1,3,3,1,0,0,0,Seek
36,Voluntary Resignation,Travel_Rarely,1218,Sales,9,4,Medical,1,786,124241,1,Male,39,3,1,Laboratory Technician,4,Divorced,1951,10910,1,Y,No,12,3,3,80,1,1,3,3,1,0,0,0,Seek
36,Voluntary Resignation,Travel_Rarely,1218,Sales,9,4,Life Sciences,1,789,124244,1,Male,39,3,1,Laboratory Technician,4,Divorced,1951,10910,1,Y,No,12,3,3,80,1,1,3,3,1,0,0,0,Seek
36,Voluntary Resignation,Travel_Rarely,1218,Sales,9,4,Medical,1,790,124245,1,Male,39,3,1,Laboratory Technician,4,Divorced,1951,10910,1,Y,No,12,3,3,80,1,1,3,3,1,0,0,0,Seek
36,Voluntary Resignation,Travel_Rarely,318,Research & Development,9,3,Medical,1,1241,124696,4,Male,79,2,1,Research Scientist,3,Married,3388,21777,0,Y,Yes,17,3,1,80,1,2,0,2,1,0,0,0,Company Website
36,Voluntary Resignation,Travel_Rarely,318,Research & Development,9,3,Medical,1,1244,124699,4,Male,79,2,1,Research Scientist,3,Married,3388,21777,3,Y,Yes,17,3,1,80,1,2,0,2,1,0,0,0,Company Website
36,Voluntary Resignation,Travel_Rarely,318,Research & Development,9,3,Medical,1,1247,124702,4,Male,79,2,1,Research Scientist,3,Married,3388,21777,0,Y,Yes,17,3,1,80,1,2,0,2,1,0,0,0,Company Website
36,Voluntary Resignation,Travel_Rarely,318,Research & Development,9,3,Medical,1,1248,124703,4,Male,79,2,1,Research Scientist,3,Married,3388,21777,3,Y,Yes,17,3,1,80,1,2,0,2,1,0,0,0,Company Website
36,Voluntary Resignation,Travel_Rarely,318,Research & Development,9,3,Medical,1,1251,124706,4,Male,79,2,2,Human Resources,4,Married,5204,7790,8,Y,No,11,3,4,80,1,1,2,3,1,0,0,0,Company Website
36,Voluntary Resignation,Travel_Rarely,318,Research & Development,9,3,Medical,1,1254,124709,4,Male,79,2,1,Research Scientist,3,Married,3388,21777,0,Y,Yes,17,3,1,80,1,2,0,2,1,0,0,0,Company Website
36,Voluntary Resignation,Travel_Rarely,318,Research & Development,9,3,Medical,1,1255,124710,4,Male,79,2,1,Research Scientist,3,Married,3388,21777,3,Y,Yes,17,3,1,80,1,2,0,2,1,0,0,0,Company Website
36,Voluntary Resignation,Travel_Rarely,530,Sales,3,1,Life Sciences,1,4994,128449,2,Female,51,2,3,Research Director,2,Married,12061,26707,3,Y,No,17,3,3,80,1,19,2,3,10,8,0,1,Seek
36,Voluntary Resignation,Travel_Rarely,530,Sales,3,1,Life Sciences,1,4995,128450,2,Female,51,2,3,Research Director,2,Married,12061,26707,2,Y,No,17,3,3,80,1,19,2,3,10,8,0,1,Seek
36,Voluntary Resignation,Travel_Rarely,530,Sales,3,1,Life Sciences,1,4997,128452,2,Female,51,2,3,Research Director,2,Married,12061,26707,3,Y,No,17,3,3,80,1,19,2,3,10,8,0,1,Seek
36,Voluntary Resignation,Travel_Rarely,530,Sales,3,1,Life Sciences,1,4998,128453,2,Female,51,2,3,Research Director,2,Married,12061,26707,2,Y,No,17,3,3,80,1,19,2,3,10,8,0,1,Seek
36,Voluntary Resignation,Travel_Rarely,530,Sales,3,1,Life Sciences,1,5002,128457,2,Female,51,2,3,Research Director,2,Married,12061,26707,3,Y,No,17,3,3,80,1,19,2,3,10,8,0,1,Seek
36,Voluntary Resignation,Travel_Rarely,530,Sales,3,1,Life Sciences,1,5003,128458,2,Female,51,2,3,Research Director,2,Married,12061,26707,2,Y,No,17,3,3,80,1,19,2,3,10,8,0,1,Seek
36,Voluntary Resignation,Travel_Rarely,530,Sales,3,1,Life Sciences,1,5005,128460,2,Female,51,2,3,Research Director,2,Married,12061,26707,3,Y,No,17,3,3,80,1,19,2,3,10,8,0,1,Seek
36,Voluntary Resignation,Travel_Rarely,530,Sales,3,1,Life Sciences,1,5006,128461,2,Female,51,2,3,Research Director,2,Married,12061,26707,2,Y,No,17,3,3,80,1,19,2,3,10,8,0,1,Seek
36,Voluntary Resignation,Travel_Rarely,885,Research & Development,16,4,Life Sciences,1,5435,128890,2,Male,52,1,2,Sales Executive,4,Married,7457,13273,2,Y,Yes,22,3,3,80,3,6,2,2,4,3,0,2,Seek
36,Voluntary Resignation,Travel_Rarely,885,Research & Development,16,4,Medical,1,5437,128892,2,Male,52,1,2,Sales Executive,4,Married,7457,13273,7,Y,Yes,22,3,3,80,3,6,2,2,4,3,0,2,Seek
36,Voluntary Resignation,Travel_Rarely,885,Research & Development,16,4,Life Sciences,1,5438,128893,2,Male,52,1,2,Sales Executive,4,Married,7457,13273,2,Y,Yes,22,4,3,80,3,6,2,2,4,3,0,2,Seek
36,Voluntary Resignation,Travel_Rarely,885,Research & Development,16,4,Medical,1,5439,128894,2,Male,52,1,2,Sales Executive,4,Married,7457,13273,7,Y,Yes,22,4,3,80,3,6,2,2,4,3,0,2,Seek
36,Voluntary Resignation,Travel_Rarely,885,Research & Development,16,4,Life Sciences,1,5443,128898,2,Male,52,1,2,Sales Executive,4,Married,7457,13273,2,Y,Yes,22,3,3,80,3,6,2,2,4,3,0,2,Seek
36,Voluntary Resignation,Travel_Rarely,885,Research & Development,16,4,Medical,1,5445,128900,2,Male,52,1,2,Sales Executive,4,Married,7457,13273,7,Y,Yes,22,3,3,80,3,6,2,2,4,3,0,2,Seek
36,Voluntary Resignation,Travel_Rarely,885,Research & Development,16,4,Life Sciences,1,5446,128901,2,Male,52,1,2,Sales Executive,4,Married,7457,13273,2,Y,Yes,22,4,3,80,3,6,2,2,4,3,0,2,Seek
36,Voluntary Resignation,Travel_Rarely,885,Research & Development,16,4,Medical,1,5447,128902,2,Male,52,1,2,Sales Executive,4,Married,7457,13273,7,Y,Yes,22,4,3,80,3,6,2,2,4,3,0,2,Seek
36,Voluntary Resignation,Travel_Rarely,530,Sales,3,1,Life Sciences,1,11131,134586,3,Male,51,2,3,Sales Executive,4,Married,10325,5518,1,Y,Yes,11,3,1,80,1,16,6,3,16,7,3,7,Indeed
36,Voluntary Resignation,Travel_Rarely,530,Sales,3,1,Life Sciences,1,11134,134589,3,Male,51,2,3,Sales Executive,4,Married,10325,5518,4,Y,Yes,11,3,1,80,1,16,6,3,16,7,3,7,Indeed
36,Voluntary Resignation,Travel_Rarely,530,Sales,3,1,Life Sciences,1,11135,134590,3,Male,51,2,3,Sales Executive,4,Married,10325,5518,1,Y,Yes,11,3,1,80,1,16,6,3,16,7,3,7,Indeed
36,Voluntary Resignation,Travel_Rarely,530,Sales,3,1,Life Sciences,1,11136,134591,3,Male,51,2,3,Sales Executive,4,Married,10325,5518,4,Y,Yes,11,3,1,80,1,16,6,3,16,7,3,7,Indeed
36,Voluntary Resignation,Travel_Rarely,530,Sales,3,1,Life Sciences,1,11139,134594,3,Male,51,2,3,Sales Executive,4,Married,10325,5518,1,Y,Yes,11,3,1,80,1,16,6,3,16,7,3,7,Indeed
36,Voluntary Resignation,Travel_Rarely,530,Sales,3,1,Life Sciences,1,11142,134597,3,Male,51,2,3,Sales Executive,4,Married,10325,5518,4,Y,Yes,11,3,1,80,1,16,6,3,16,7,3,7,Indeed
36,Voluntary Resignation,Travel_Rarely,530,Sales,3,1,Life Sciences,1,11143,134598,3,Male,51,2,3,Sales Executive,4,Married,10325,5518,1,Y,Yes,11,3,1,80,1,16,6,3,16,7,3,7,Indeed
36,Voluntary Resignation,Travel_Rarely,530,Sales,3,1,Life Sciences,1,11144,134599,3,Male,51,2,3,Sales Executive,4,Married,10325,5518,4,Y,Yes,11,3,1,80,1,16,6,3,16,7,3,7,Indeed
36,Voluntary Resignation,Travel_Rarely,885,Research & Development,16,4,Life Sciences,1,12056,135511,3,Female,43,4,1,Laboratory Technician,1,Single,2743,8269,1,Y,No,16,4,3,80,0,18,1,3,17,13,15,14,Jora
36,Voluntary Resignation,Travel_Rarely,885,Research & Development,16,4,Medical,1,12059,135514,3,Female,43,4,1,Laboratory Technician,1,Single,2743,8269,1,Y,No,16,3,3,80,0,18,1,3,17,13,15,14,Jora
36,Voluntary Resignation,Travel_Rarely,885,Research & Development,16,4,Life Sciences,1,12060,135515,3,Female,43,4,1,Laboratory Technician,1,Single,2743,8269,1,Y,No,16,3,3,80,0,18,1,3,17,13,15,14,Jora
36,Voluntary Resignation,Travel_Rarely,885,Research & Development,16,4,Medical,1,12061,135516,3,Female,43,4,1,Laboratory Technician,1,Single,2743,8269,1,Y,No,16,3,3,80,0,18,1,3,17,13,15,14,Jora
36,Voluntary Resignation,Travel_Rarely,885,Research & Development,16,4,Life Sciences,1,12064,135519,3,Female,43,4,1,Laboratory Technician,1,Single,2743,8269,1,Y,No,16,4,3,80,0,18,1,3,17,13,15,14,Jora
36,Voluntary Resignation,Travel_Rarely,885,Research & Development,16,4,Medical,1,12067,135522,3,Female,43,4,1,Laboratory Technician,1,Single,2743,8269,1,Y,No,16,3,3,80,0,18,1,3,17,13,15,14,Jora
36,Voluntary Resignation,Travel_Rarely,885,Research & Development,16,4,Life Sciences,1,12068,135523,3,Female,43,4,1,Laboratory Technician,1,Single,2743,8269,1,Y,No,16,3,3,80,0,18,1,3,17,13,15,14,Jora
36,Voluntary Resignation,Travel_Rarely,885,Research & Development,16,4,Medical,1,12069,135524,3,Female,43,4,1,Laboratory Technician,1,Single,2743,8269,1,Y,No,16,3,3,80,0,18,1,3,17,13,15,14,Jora
36,Voluntary Resignation,Travel_Rarely,1456,Sales,13,5,Marketing,1,12190,135645,3,Female,71,2,3,Sales Executive,2,Married,7525,23537,2,Y,No,12,4,1,80,1,30,2,3,15,7,6,12,Company Website
36,Voluntary Resignation,Travel_Rarely,1456,Sales,13,5,Medical,1,12192,135647,3,Female,71,2,3,Sales Executive,2,Married,7525,23537,7,Y,No,12,3,1,80,1,30,2,3,15,7,6,12,Company Website
36,Voluntary Resignation,Travel_Rarely,1456,Sales,13,5,Marketing,1,12193,135648,3,Female,71,2,3,Sales Executive,2,Married,7525,23537,2,Y,No,12,3,1,80,1,30,2,3,15,7,6,12,Company Website
36,Voluntary Resignation,Travel_Rarely,1456,Sales,13,5,Medical,1,12194,135649,3,Female,71,2,3,Sales Executive,2,Married,7525,23537,7,Y,No,12,3,1,80,1,30,2,3,15,7,6,12,Company Website
36,Voluntary Resignation,Travel_Rarely,1456,Sales,13,5,Marketing,1,12198,135653,3,Female,71,2,3,Sales Executive,2,Married,7525,23537,2,Y,No,12,4,1,80,1,30,2,3,15,7,6,12,Company Website
36,Voluntary Resignation,Travel_Rarely,1456,Sales,13,5,Medical,1,12200,135655,3,Female,71,2,3,Sales Executive,2,Married,7525,23537,7,Y,No,12,3,1,80,1,30,2,3,15,7,6,12,Company Website
36,Voluntary Resignation,Travel_Rarely,1456,Sales,13,5,Marketing,1,12201,135656,3,Female,71,2,3,Sales Executive,2,Married,7525,23537,2,Y,No,12,3,1,80,1,30,2,3,15,7,6,12,Company Website
36,Voluntary Resignation,Travel_Rarely,1456,Sales,13,5,Medical,1,12202,135657,3,Female,71,2,3,Sales Executive,2,Married,7525,23537,7,Y,No,12,3,1,80,1,30,2,3,15,7,6,12,Company Website
36,Voluntary Resignation,Travel_Rarely,660,Research & Development,15,3,Other,1,12205,135660,1,Male,81,3,2,Laboratory Technician,3,Divorced,4834,7858,7,Y,No,14,3,2,80,1,9,3,2,1,0,0,0,Company Website
36,Voluntary Resignation,Travel_Rarely,660,Research & Development,15,3,Medical,1,12208,135663,1,Male,81,3,2,Laboratory Technician,3,Divorced,4834,7858,1,Y,No,14,3,2,80,1,9,3,2,1,0,0,0,Company Website
36,Voluntary Resignation,Travel_Rarely,660,Research & Development,15,3,Other,1,12211,135666,1,Male,81,3,2,Laboratory Technician,3,Divorced,4834,7858,7,Y,No,14,3,2,80,1,9,3,2,1,0,0,0,Company Website
36,Voluntary Resignation,Travel_Rarely,660,Research & Development,15,3,Medical,1,12212,135667,1,Male,81,3,2,Laboratory Technician,3,Divorced,4834,7858,1,Y,No,14,3,2,80,1,9,3,2,1,0,0,0,Company Website
36,Voluntary Resignation,Travel_Rarely,660,Research & Development,15,3,Other,1,12213,135668,1,Male,81,3,2,Laboratory Technician,3,Divorced,4834,7858,7,Y,No,14,3,2,80,1,9,3,2,1,0,0,0,Company Website
36,Voluntary Resignation,Travel_Rarely,660,Research & Development,15,3,Medical,1,12216,135671,1,Male,81,3,2,Laboratory Technician,3,Divorced,4834,7858,1,Y,No,14,3,2,80,1,9,3,2,1,0,0,0,Company Website
36,Voluntary Resignation,Travel_Rarely,660,Research & Development,15,3,Other,1,12219,135674,1,Male,81,3,2,Laboratory Technician,3,Divorced,4834,7858,7,Y,No,14,3,2,80,1,9,3,2,1,0,0,0,Company Website
36,Voluntary Resignation,Travel_Rarely,660,Research & Development,15,3,Medical,1,12220,135675,1,Male,81,3,2,Laboratory Technician,3,Divorced,4834,7858,1,Y,No,14,3,2,80,1,9,3,2,1,0,0,0,Company Website
36,Voluntary Resignation,Travel_Rarely,318,Research & Development,9,3,Medical,1,13008,136463,3,Male,73,3,3,Sales Executive,2,Single,7351,20619,7,Y,No,16,4,3,80,0,10,2,3,1,0,0,0,Company Website
36,Voluntary Resignation,Travel_Rarely,318,Research & Development,9,3,Medical,1,13010,136465,3,Male,73,3,3,Sales Executive,2,Single,7351,20619,6,Y,No,16,3,3,80,0,10,2,3,1,0,0,0,Company Website
36,Voluntary Resignation,Travel_Rarely,318,Research & Development,9,3,Medical,1,13011,136466,3,Male,73,3,3,Sales Executive,2,Single,7351,20619,7,Y,No,16,3,3,80,0,10,2,3,1,0,0,0,Company Website
36,Voluntary Resignation,Travel_Rarely,318,Research & Development,9,3,Medical,1,13012,136467,3,Male,73,3,3,Sales Executive,2,Single,7351,20619,6,Y,No,16,3,3,80,0,10,2,3,1,0,0,0,Company Website
36,Voluntary Resignation,Travel_Rarely,318,Research & Development,9,3,Medical,1,13016,136471,3,Male,73,3,3,Sales Executive,2,Single,7351,20619,7,Y,No,16,4,3,80,0,10,2,3,1,0,0,0,Company Website
36,Voluntary Resignation,Travel_Rarely,318,Research & Development,9,3,Medical,1,13018,136473,3,Male,73,3,3,Sales Executive,2,Single,7351,20619,6,Y,No,16,3,3,80,0,10,2,3,1,0,0,0,Company Website
36,Voluntary Resignation,Travel_Rarely,318,Research & Development,9,3,Medical,1,13019,136474,3,Male,73,3,3,Sales Executive,2,Single,7351,20619,7,Y,No,16,3,3,80,0,10,2,3,1,0,0,0,Company Website
36,Voluntary Resignation,Travel_Rarely,318,Research & Development,9,3,Medical,1,13020,136475,3,Male,73,3,3,Sales Executive,2,Single,7351,20619,6,Y,No,16,3,3,80,0,10,2,3,1,0,0,0,Company Website
36,Voluntary Resignation,Travel_Rarely,1456,Sales,13,5,Marketing,1,19762,143217,2,Male,96,2,2,Sales Executive,1,Divorced,6134,8658,5,Y,Yes,13,3,2,80,3,16,3,3,2,2,2,2,Recruit.net
36,Voluntary Resignation,Travel_Rarely,1456,Sales,13,5,Medical,1,19765,143220,2,Male,96,2,2,Sales Executive,1,Divorced,6134,8658,7,Y,Yes,13,3,2,80,3,16,3,3,2,2,2,2,Recruit.net
36,Voluntary Resignation,Travel_Rarely,1456,Sales,13,5,Marketing,1,19768,143223,2,Male,96,2,2,Sales Executive,1,Divorced,6134,8658,5,Y,Yes,13,3,2,80,3,16,3,3,2,2,2,2,Recruit.net
36,Voluntary Resignation,Travel_Rarely,1456,Sales,13,5,Medical,1,19769,143224,2,Male,96,2,2,Sales Executive,1,Divorced,6134,8658,7,Y,Yes,13,3,2,80,3,16,3,3,2,2,2,2,Recruit.net
36,Voluntary Resignation,Travel_Rarely,1456,Sales,13,5,Marketing,1,19770,143225,2,Male,96,2,2,Sales Executive,1,Divorced,6134,8658,5,Y,Yes,13,3,2,80,3,16,3,3,2,2,2,2,Recruit.net
36,Voluntary Resignation,Travel_Rarely,1456,Sales,13,5,Medical,1,19773,143228,2,Male,96,2,2,Sales Executive,1,Divorced,6134,8658,7,Y,Yes,13,3,2,80,3,16,3,3,2,2,2,2,Recruit.net
36,Voluntary Resignation,Travel_Rarely,1456,Sales,13,5,Marketing,1,19776,143231,2,Male,96,2,2,Sales Executive,1,Divorced,6134,8658,5,Y,Yes,13,3,2,80,3,16,3,3,2,2,2,2,Recruit.net
36,Voluntary Resignation,Travel_Rarely,1456,Sales,13,5,Medical,1,19777,143232,2,Male,96,2,2,Sales Executive,1,Divorced,6134,8658,7,Y,Yes,13,3,2,80,3,16,3,3,2,2,2,2,Recruit.net
36,Voluntary Resignation,Travel_Rarely,660,Research & Development,15,3,Other,1,20764,144219,4,Female,94,3,2,Healthcare Representative,4,Divorced,6513,9060,4,Y,No,17,3,4,80,1,12,3,3,5,3,0,3,Jora
36,Voluntary Resignation,Travel_Rarely,660,Research & Development,15,3,Medical,1,20766,144221,4,Female,94,3,2,Healthcare Representative,4,Divorced,6513,9060,0,Y,No,17,4,4,80,1,12,3,3,5,3,0,3,Jora
36,Voluntary Resignation,Travel_Rarely,660,Research & Development,15,3,Other,1,20767,144222,4,Female,94,3,2,Healthcare Representative,4,Divorced,6513,9060,4,Y,No,17,3,4,80,1,12,3,3,5,3,0,3,Jora
36,Voluntary Resignation,Travel_Rarely,660,Research & Development,15,3,Medical,1,20768,144223,4,Female,94,3,2,Healthcare Representative,4,Divorced,6513,9060,0,Y,No,17,3,4,80,1,12,3,3,5,3,0,3,Jora
36,Voluntary Resignation,Travel_Rarely,660,Research & Development,15,3,Other,1,20772,144227,4,Female,94,3,2,Healthcare Representative,4,Divorced,6513,9060,4,Y,No,17,3,4,80,1,12,3,3,5,3,0,3,Jora
36,Voluntary Resignation,Travel_Rarely,660,Research & Development,15,3,Medical,1,20774,144229,4,Female,94,3,2,Healthcare Representative,4,Divorced,6513,9060,0,Y,No,17,4,4,80,1,12,3,3,5,3,0,3,Jora
36,Voluntary Resignation,Travel_Rarely,660,Research & Development,15,3,Other,1,20775,144230,4,Female,94,3,2,Healthcare Representative,4,Divorced,6513,9060,4,Y,No,17,3,4,80,1,12,3,3,5,3,0,3,Jora
36,Voluntary Resignation,Travel_Rarely,660,Research & Development,15,3,Medical,1,20776,144231,4,Female,94,3,2,Healthcare Representative,4,Divorced,6513,9060,0,Y,No,17,3,4,80,1,12,3,3,5,3,0,3,Jora
36,Current employee,Travel_Frequently,566,Research & Development,18,4,Life Sciences,1,109,123564,4,Male,79,3,1,Laboratory Technician,4,Single,3068,11864,1,Y,No,13,3,1,80,2,10,3,3,10,8,0,6,Jora
36,Current employee,Travel_Rarely,506,Research & Development,3,3,Technical Degree,1,151,123606,4,Male,67,3,1,Laboratory Technician,3,Divorced,2693,13335,4,Y,No,12,3,4,80,0,10,2,3,8,0,7,7,Company Website
36,Current employee,Non-Travel,1105,Research & Development,24,4,Life Sciences,1,155,123610,4,Male,67,3,1,Laboratory Technician,3,Divorced,2693,13335,8,Y,No,18,3,3,80,1,20,2,1,17,9,0,15,Recruit.net
36,Current employee,Travel_Rarely,1299,Research & Development,27,3,Medical,1,193,123648,3,Male,94,3,2,Healthcare Representative,3,Married,5237,16577,6,Y,No,13,3,2,80,2,17,3,2,7,7,7,7,Seek
36,Current employee,Travel_Rarely,1041,Human Resources,13,3,Human Resources,1,194,123649,1,Male,37,3,2,Healthcare Representative,3,Married,5237,16577,6,Y,No,13,3,2,80,2,17,3,2,7,7,7,7,Seek
36,Current employee,Travel_Rarely,1041,Human Resources,13,3,Medical,1,195,123650,1,Male,37,3,2,Healthcare Representative,3,Married,5237,16577,0,Y,No,13,3,2,80,2,17,3,2,7,7,7,7,Seek
36,Current employee,Travel_Rarely,1299,Research & Development,27,3,Technical Degree,1,196,123651,3,Male,94,3,2,Healthcare Representative,3,Married,5237,16577,0,Y,No,13,3,2,80,2,17,3,2,7,7,7,7,Seek
36,Current employee,Travel_Rarely,1299,Research & Development,27,3,Medical,1,197,123652,3,Male,94,3,2,Healthcare Representative,3,Married,5237,16577,6,Y,No,13,3,2,80,2,17,3,2,7,7,7,7,Seek
36,Current employee,Travel_Rarely,1041,Human Resources,13,3,Human Resources,1,198,123653,1,Male,37,3,2,Healthcare Representative,3,Married,5237,16577,6,Y,No,13,3,2,80,2,17,3,2,7,7,7,7,Seek
36,Current employee,Travel_Rarely,1041,Human Resources,13,3,Medical,1,199,123654,1,Male,37,3,2,Healthcare Representative,3,Married,5237,16577,0,Y,No,13,3,2,80,2,17,3,2,7,7,7,7,Seek
36,Current employee,Travel_Rarely,1299,Research & Development,27,3,Technical Degree,1,200,123655,3,Male,94,3,2,Healthcare Representative,3,Married,5237,16577,0,Y,No,13,3,2,80,2,17,3,2,7,7,7,7,Seek
36,Current employee,Travel_Rarely,1299,Research & Development,27,3,Medical,1,201,123656,3,Male,94,3,2,Healthcare Representative,3,Married,5237,16577,6,Y,No,13,3,2,80,2,17,3,2,7,7,7,7,Seek
36,Current employee,Travel_Rarely,1299,Research & Development,27,3,Medical,1,202,123657,2,Female,55,4,1,Laboratory Technician,4,Married,3038,22002,3,Y,No,12,3,2,80,0,5,3,3,1,0,0,0,Seek
36,Current employee,Travel_Rarely,1299,Research & Development,27,3,Medical,1,205,123660,2,Male,93,2,3,Research Director,3,Married,11935,21526,1,Y,No,18,3,3,80,0,10,2,3,10,2,0,7,Adzuna
36,Current employee,Travel_Rarely,1041,Human Resources,13,3,Human Resources,1,207,123662,1,Male,37,3,2,Healthcare Representative,3,Married,5237,16577,6,Y,No,13,3,2,80,2,17,3,2,7,7,7,7,Seek
36,Current employee,Travel_Rarely,1041,Human Resources,13,3,Medical,1,210,123665,1,Male,37,3,2,Healthcare Representative,3,Married,5237,16577,0,Y,No,13,3,2,80,2,17,3,2,7,7,7,7,Seek
36,Current employee,Travel_Rarely,1299,Research & Development,27,3,Technical Degree,1,211,123666,3,Male,94,3,2,Healthcare Representative,3,Married,5237,16577,0,Y,No,13,3,2,80,2,17,3,2,7,7,7,7,Seek
36,Current employee,Travel_Rarely,1299,Research & Development,27,3,Medical,1,212,123667,3,Male,94,3,2,Healthcare Representative,3,Married,5237,16577,6,Y,No,13,3,2,80,2,17,3,2,7,7,7,7,Seek
36,Current employee,Travel_Rarely,1041,Human Resources,13,3,Human Resources,1,213,123668,1,Male,37,3,2,Healthcare Representative,3,Married,5237,16577,6,Y,No,13,3,2,80,2,17,3,2,7,7,7,7,Seek
36,Current employee,Travel_Rarely,1041,Human Resources,13,3,Medical,1,214,123669,1,Male,37,3,2,Healthcare Representative,3,Married,5237,16577,0,Y,No,13,3,2,80,2,17,3,2,7,7,7,7,Seek
36,Current employee,Travel_Rarely,1299,Research & Development,27,3,Technical Degree,1,215,123670,3,Male,94,3,2,Healthcare Representative,3,Married,5237,16577,0,Y,No,13,3,2,80,2,17,3,2,7,7,7,7,Seek
36,Current employee,Travel_Frequently,566,Research & Development,18,4,Life Sciences,1,321,123776,3,Male,50,2,1,Laboratory Technician,3,Single,2028,12947,4,Y,No,18,4,4,80,2,4,2,3,1,0,0,0,Company Website
36,Current employee,Travel_Frequently,1213,Human Resources,2,1,Human Resources,1,490,123945,1,Male,38,3,1,Research Scientist,4,Single,1232,19281,1,Y,No,14,3,4,80,0,0,6,3,0,0,0,0,Company Website
36,Current employee,Travel_Frequently,1213,Human Resources,2,1,Life Sciences,1,491,123946,1,Male,38,3,1,Research Scientist,4,Single,1232,19281,2,Y,No,14,3,4,80,0,0,6,3,0,0,0,0,Company Website
36,Current employee,Travel_Frequently,1213,Human Resources,2,1,Human Resources,1,495,123950,1,Male,38,3,1,Research Scientist,4,Single,1232,19281,1,Y,No,14,3,4,80,0,0,6,3,0,0,0,0,Company Website
36,Current employee,Travel_Frequently,1213,Human Resources,2,1,Life Sciences,1,496,123951,1,Male,38,3,1,Research Scientist,4,Single,1232,19281,2,Y,No,14,3,4,80,0,0,6,3,0,0,0,0,Company Website
36,Current employee,Travel_Frequently,1213,Human Resources,2,1,Human Resources,1,500,123955,1,Male,38,3,1,Research Scientist,4,Single,1232,19281,1,Y,No,14,3,4,80,0,0,6,3,0,0,0,0,Company Website
36,Current employee,Travel_Frequently,1213,Human Resources,2,1,Life Sciences,1,501,123956,1,Male,38,3,1,Research Scientist,4,Single,1232,19281,2,Y,No,14,3,4,80,0,0,6,3,0,0,0,0,Company Website
36,Current employee,Travel_Frequently,1213,Human Resources,2,1,Human Resources,1,505,123960,1,Male,38,3,1,Research Scientist,4,Single,1232,19281,1,Y,No,14,3,4,80,0,0,6,3,0,0,0,0,Company Website
36,Current employee,Travel_Frequently,1213,Human Resources,2,1,Life Sciences,1,506,123961,1,Male,38,3,1,Research Scientist,4,Single,1232,19281,2,Y,No,14,3,4,80,0,0,6,3,0,0,0,0,Company Website
36,Current employee,Travel_Rarely,852,Research & Development,5,4,Life Sciences,1,741,124196,2,Female,82,2,1,Research Scientist,1,Married,3419,13072,9,Y,Yes,14,4,4,80,1,6,3,4,1,1,0,0,Company Website
36,Current employee,Travel_Rarely,852,Research & Development,5,4,Life Sciences,1,744,124199,2,Female,82,2,1,Research Scientist,1,Married,3419,13072,3,Y,Yes,14,3,4,80,1,6,3,4,1,1,0,0,Company Website
36,Current employee,Travel_Rarely,852,Research & Development,5,4,Life Sciences,1,745,124200,2,Female,82,2,1,Research Scientist,1,Married,3419,13072,9,Y,Yes,14,3,4,80,1,6,3,4,1,1,0,0,Company Website
36,Current employee,Travel_Rarely,852,Research & Development,5,4,Life Sciences,1,746,124201,2,Female,82,2,1,Research Scientist,1,Married,3419,13072,3,Y,Yes,14,3,4,80,1,6,3,4,1,1,0,0,Company Website
36,Current employee,Travel_Rarely,852,Research & Development,5,4,Life Sciences,1,749,124204,2,Female,82,2,1,Research Scientist,1,Married,3419,13072,9,Y,Yes,14,4,4,80,1,6,3,4,1,1,0,0,Company Website
36,Current employee,Travel_Rarely,852,Research & Development,5,4,Life Sciences,1,752,124207,2,Female,82,2,1,Research Scientist,1,Married,3419,13072,3,Y,Yes,14,3,4,80,1,6,3,4,1,1,0,0,Company Website
36,Current employee,Travel_Rarely,852,Research & Development,5,4,Life Sciences,1,753,124208,2,Female,82,2,1,Research Scientist,1,Married,3419,13072,9,Y,Yes,14,3,4,80,1,6,3,4,1,1,0,0,Company Website
36,Current employee,Travel_Rarely,852,Research & Development,5,4,Life Sciences,1,754,124209,2,Female,82,2,1,Research Scientist,1,Married,3419,13072,3,Y,Yes,14,3,4,80,1,6,3,4,1,1,0,0,Company Website
36,Current employee,Travel_Rarely,852,Research & Development,5,4,Life Sciences,1,840,124295,1,Female,40,3,2,Laboratory Technician,4,Single,4011,10781,1,Y,No,23,3,4,80,0,12,2,3,12,8,3,7,Adzuna
36,Current employee,Travel_Rarely,852,Research & Development,5,4,Life Sciences,1,842,124297,1,Female,40,3,2,Laboratory Technician,4,Single,4011,10781,1,Y,No,23,3,4,80,0,12,2,3,12,8,3,7,Adzuna
36,Current employee,Travel_Rarely,852,Research & Development,5,4,Life Sciences,1,845,124300,1,Female,40,3,2,Laboratory Technician,4,Single,4011,10781,1,Y,No,23,4,4,80,0,12,2,3,12,8,3,7,Adzuna
36,Current employee,Travel_Rarely,852,Research & Development,5,4,Life Sciences,1,846,124301,1,Female,40,3,2,Laboratory Technician,4,Single,4011,10781,1,Y,No,23,4,4,80,0,12,2,3,12,8,3,7,Adzuna
36,Current employee,Travel_Rarely,852,Research & Development,5,4,Life Sciences,1,848,124303,1,Female,40,3,2,Laboratory Technician,4,Single,4011,10781,1,Y,No,23,3,4,80,0,12,2,3,12,8,3,7,Adzuna
36,Current employee,Travel_Rarely,852,Research & Development,5,4,Life Sciences,1,850,124305,1,Female,40,3,2,Laboratory Technician,4,Single,4011,10781,1,Y,No,23,3,4,80,0,12,2,3,12,8,3,7,Adzuna
36,Current employee,Travel_Rarely,852,Research & Development,5,4,Life Sciences,1,853,124308,1,Female,40,3,2,Laboratory Technician,4,Single,4011,10781,1,Y,No,23,4,4,80,0,12,2,3,12,8,3,7,Adzuna
36,Current employee,Travel_Rarely,852,Research & Development,5,4,Life Sciences,1,854,124309,1,Female,40,3,2,Laboratory Technician,4,Single,4011,10781,1,Y,No,23,4,4,80,0,12,2,3,12,8,3,7,Adzuna
36,Current employee,Travel_Frequently,1195,Research & Development,11,3,Life Sciences,1,1066,124521,1,Male,40,3,2,Laboratory Technician,4,Divorced,5915,9528,3,Y,No,22,3,4,80,1,10,3,2,7,7,1,7,Recruit.net
36,Current employee,Travel_Frequently,1195,Research & Development,11,3,Medical,1,1068,124523,1,Male,40,3,2,Laboratory Technician,4,Divorced,5915,9528,1,Y,No,22,3,4,80,1,10,3,2,7,7,1,7,Recruit.net
36,Current employee,Travel_Frequently,1195,Research & Development,11,3,Life Sciences,1,1071,124526,1,Male,40,3,2,Laboratory Technician,4,Divorced,5915,9528,3,Y,No,22,4,4,80,1,10,3,2,7,7,1,7,Recruit.net
36,Current employee,Travel_Frequently,1195,Research & Development,11,3,Medical,1,1072,124527,1,Male,40,3,2,Laboratory Technician,4,Divorced,5915,9528,1,Y,No,22,4,4,80,1,10,3,2,7,7,1,7,Recruit.net
36,Current employee,Travel_Frequently,1195,Research & Development,11,3,Life Sciences,1,1074,124529,1,Male,40,3,2,Laboratory Technician,4,Divorced,5915,9528,3,Y,No,22,3,4,80,1,10,3,2,7,7,1,7,Recruit.net
36,Current employee,Travel_Frequently,1195,Research & Development,11,3,Medical,1,1076,124531,1,Male,40,3,2,Laboratory Technician,4,Divorced,5915,9528,1,Y,No,22,3,4,80,1,10,3,2,7,7,1,7,Recruit.net
36,Current employee,Travel_Frequently,1195,Research & Development,11,3,Life Sciences,1,1079,124534,1,Male,40,3,2,Laboratory Technician,4,Divorced,5915,9528,3,Y,No,22,4,4,80,1,10,3,2,7,7,1,7,Recruit.net
36,Current employee,Travel_Frequently,1195,Research & Development,11,3,Medical,1,1080,124535,1,Male,40,3,2,Laboratory Technician,4,Divorced,5915,9528,1,Y,No,22,4,4,80,1,10,3,2,7,7,1,7,Recruit.net
36,Current employee,Travel_Rarely,132,Research & Development,6,3,Life Sciences,1,1146,124601,1,Female,41,3,3,Sales Executive,1,Single,7637,2354,7,Y,No,11,3,4,80,0,28,3,2,21,16,7,9,Adzuna
36,Current employee,Travel_Rarely,132,Research & Development,6,3,Marketing,1,1147,124602,1,Female,41,3,3,Sales Executive,1,Single,7637,2354,5,Y,No,11,3,4,80,0,28,3,2,21,16,7,9,Adzuna
36,Current employee,Travel_Rarely,132,Research & Development,6,3,Life Sciences,1,1149,124604,1,Female,41,3,3,Sales Executive,1,Single,7637,2354,7,Y,No,11,3,4,80,0,28,3,2,21,16,7,9,Adzuna
36,Current employee,Travel_Rarely,132,Research & Development,6,3,Marketing,1,1150,124605,1,Female,41,3,3,Sales Executive,1,Single,7637,2354,5,Y,No,11,3,4,80,0,28,3,2,21,16,7,9,Adzuna
36,Current employee,Travel_Rarely,132,Research & Development,6,3,Life Sciences,1,1154,124609,1,Female,41,3,3,Sales Executive,1,Single,7637,2354,7,Y,No,11,3,4,80,0,28,3,2,21,16,7,9,Adzuna
36,Current employee,Travel_Rarely,132,Research & Development,6,3,Marketing,1,1155,124610,1,Female,41,3,3,Sales Executive,1,Single,7637,2354,5,Y,No,11,3,4,80,0,28,3,2,21,16,7,9,Adzuna
36,Current employee,Travel_Rarely,132,Research & Development,6,3,Life Sciences,1,1157,124612,1,Female,41,3,3,Sales Executive,1,Single,7637,2354,7,Y,No,11,3,4,80,0,28,3,2,21,16,7,9,Adzuna
36,Current employee,Travel_Rarely,132,Research & Development,6,3,Marketing,1,1158,124613,1,Female,41,3,3,Sales Executive,1,Single,7637,2354,5,Y,No,11,3,4,80,0,28,3,2,21,16,7,9,Adzuna
36,Current employee,Travel_Rarely,1223,Research & Development,8,3,Technical Degree,1,1161,124616,3,Female,59,3,3,Healthcare Representative,3,Divorced,10096,8202,1,Y,No,13,4,2,80,3,17,2,3,17,14,12,8,GlassDoor
36,Current employee,Travel_Rarely,1223,Research & Development,8,3,Marketing,1,1163,124618,3,Female,59,3,3,Healthcare Representative,3,Divorced,10096,8202,0,Y,No,13,3,2,80,3,17,2,3,17,14,12,8,GlassDoor
36,Current employee,Travel_Rarely,1223,Research & Development,8,3,Technical Degree,1,1167,124622,3,Female,59,3,3,Healthcare Representative,3,Divorced,10096,8202,1,Y,No,13,3,2,80,3,17,2,3,17,14,12,8,GlassDoor
36,Current employee,Travel_Rarely,1223,Research & Development,8,3,Marketing,1,1168,124623,3,Female,59,3,3,Healthcare Representative,3,Divorced,10096,8202,0,Y,No,13,3,2,80,3,17,2,3,17,14,12,8,GlassDoor
36,Current employee,Travel_Rarely,1223,Research & Development,8,3,Technical Degree,1,1169,124624,3,Female,59,3,3,Healthcare Representative,3,Divorced,10096,8202,1,Y,No,13,4,2,80,3,17,2,3,17,14,12,8,GlassDoor
36,Current employee,Travel_Rarely,1223,Research & Development,8,3,Marketing,1,1171,124626,3,Female,59,3,3,Healthcare Representative,3,Divorced,10096,8202,0,Y,No,13,3,2,80,3,17,2,3,17,14,12,8,GlassDoor
36,Current employee,Travel_Rarely,1223,Research & Development,8,3,Technical Degree,1,1175,124630,3,Female,59,3,3,Healthcare Representative,3,Divorced,10096,8202,1,Y,No,13,3,2,80,3,17,2,3,17,14,12,8,GlassDoor
36,Current employee,Travel_Rarely,1223,Research & Development,8,3,Marketing,1,1176,124631,3,Female,59,3,3,Healthcare Representative,3,Divorced,10096,8202,0,Y,No,13,3,2,80,3,17,2,3,17,14,12,8,GlassDoor
36,Current employee,Travel_Frequently,1195,Research & Development,11,3,Life Sciences,1,1198,124653,2,Male,95,2,2,Manufacturing Director,2,Single,6499,22656,1,Y,No,13,3,3,80,0,6,3,3,6,5,0,3,Indeed
36,Current employee,Travel_Frequently,1195,Research & Development,11,3,Medical,1,1201,124656,2,Male,95,2,2,Manufacturing Director,2,Single,6499,22656,1,Y,No,13,3,3,80,0,6,3,3,6,5,0,3,Indeed
36,Current employee,Travel_Frequently,1195,Research & Development,11,3,Life Sciences,1,1202,124657,2,Male,95,2,2,Manufacturing Director,2,Single,6499,22656,1,Y,No,13,3,3,80,0,6,3,3,6,5,0,3,Indeed
36,Current employee,Travel_Frequently,1195,Research & Development,11,3,Medical,1,1203,124658,2,Male,95,2,2,Manufacturing Director,2,Single,6499,22656,1,Y,No,13,3,3,80,0,6,3,3,6,5,0,3,Indeed
36,Current employee,Travel_Frequently,1195,Research & Development,11,3,Medical,1,1207,124662,2,Male,95,2,2,Manufacturing Director,2,Single,6499,22656,1,Y,No,13,3,3,80,0,6,3,3,6,5,0,3,Indeed
36,Current employee,Travel_Frequently,1195,Research & Development,11,3,Life Sciences,1,1208,124663,2,Male,95,2,2,Manufacturing Director,2,Single,6499,22656,1,Y,No,13,3,3,80,0,6,3,3,6,5,0,3,Indeed
36,Current employee,Travel_Frequently,1195,Research & Development,11,3,Medical,1,1209,124664,2,Male,95,2,2,Manufacturing Director,2,Single,6499,22656,1,Y,No,13,3,3,80,0,6,3,3,6,5,0,3,Indeed
36,Current employee,Travel_Rarely,132,Research & Development,6,3,Life Sciences,1,1316,124771,2,Female,55,4,1,Laboratory Technician,4,Married,3038,22002,3,Y,No,12,3,2,80,0,5,3,3,1,0,0,0,Seek
36,Current employee,Travel_Rarely,132,Research & Development,6,3,Life Sciences,1,1319,124774,2,Female,55,4,1,Laboratory Technician,4,Married,3038,22002,1,Y,No,12,4,2,80,0,5,3,3,1,0,0,0,Seek
36,Current employee,Travel_Rarely,132,Research & Development,6,3,Life Sciences,1,1320,124775,2,Female,55,4,1,Laboratory Technician,4,Married,3038,22002,3,Y,No,12,3,2,80,0,5,3,3,1,0,0,0,Seek
36,Current employee,Travel_Rarely,132,Research & Development,6,3,Life Sciences,1,1321,124776,2,Female,55,4,1,Laboratory Technician,4,Married,3038,22002,1,Y,No,12,3,2,80,0,5,3,3,1,0,0,0,Seek
36,Current employee,Travel_Rarely,132,Research & Development,6,3,Life Sciences,1,1326,124781,2,Female,55,4,1,Laboratory Technician,4,Married,3038,22002,1,Y,No,12,4,2,80,0,5,3,3,1,0,0,0,Seek
36,Current employee,Travel_Rarely,132,Research & Development,6,3,Life Sciences,1,1327,124782,2,Female,55,4,1,Laboratory Technician,4,Married,3038,22002,3,Y,No,12,3,2,80,0,5,3,3,1,0,0,0,Seek
36,Current employee,Travel_Rarely,132,Research & Development,6,3,Life Sciences,1,1328,124783,2,Female,55,4,1,Laboratory Technician,4,Married,3038,22002,1,Y,No,12,3,2,80,0,5,3,3,1,0,0,0,Seek
36,Current employee,Travel_Rarely,922,Research & Development,3,2,Life Sciences,1,1392,124847,1,Male,41,3,2,Human Resources,2,Divorced,5021,10425,8,Y,Yes,22,3,4,80,1,16,2,3,4,2,0,2,Jora
36,Current employee,Travel_Rarely,922,Research & Development,3,2,Life Sciences,1,1393,124848,1,Male,41,3,2,Human Resources,2,Divorced,5021,10425,0,Y,Yes,22,3,4,80,1,16,2,3,4,2,0,2,Jora
36,Current employee,Travel_Rarely,922,Research & Development,3,2,Life Sciences,1,1395,124850,1,Male,41,3,2,Human Resources,2,Divorced,5021,10425,8,Y,Yes,22,4,4,80,1,16,2,3,4,2,0,2,Jora
36,Current employee,Travel_Rarely,922,Research & Development,3,2,Life Sciences,1,1396,124851,1,Male,41,3,2,Human Resources,2,Divorced,5021,10425,0,Y,Yes,22,4,4,80,1,16,2,3,4,2,0,2,Jora
36,Current employee,Travel_Rarely,922,Research & Development,3,2,Life Sciences,1,1399,124854,1,Male,41,3,2,Human Resources,2,Divorced,5021,10425,8,Y,Yes,22,3,4,80,1,16,2,3,4,2,0,2,Jora
36,Current employee,Travel_Rarely,922,Research & Development,3,2,Life Sciences,1,1400,124855,1,Male,41,3,2,Human Resources,2,Divorced,5021,10425,0,Y,Yes,22,3,4,80,1,16,2,3,4,2,0,2,Jora
36,Current employee,Travel_Rarely,922,Research & Development,3,2,Life Sciences,1,1402,124857,1,Male,41,3,2,Human Resources,2,Divorced,5021,10425,8,Y,Yes,22,4,4,80,1,16,2,3,4,2,0,2,Jora
36,Current employee,Travel_Rarely,922,Research & Development,3,2,Life Sciences,1,1403,124858,1,Male,41,3,2,Human Resources,2,Divorced,5021,10425,0,Y,Yes,22,4,4,80,1,16,2,3,4,2,0,2,Jora
36,Current employee,Travel_Frequently,1467,Sales,11,2,Technical Degree,1,1968,125423,2,Female,92,3,3,Sales Executive,4,Married,9738,22952,0,Y,No,14,3,3,80,1,10,6,3,9,7,2,8,Seek
36,Current employee,Travel_Frequently,1467,Sales,11,2,Medical,1,1971,125426,2,Female,92,3,3,Sales Executive,4,Married,9738,22952,6,Y,No,14,3,3,80,1,10,6,3,9,7,2,8,Seek
36,Current employee,Travel_Frequently,1467,Sales,11,2,Technical Degree,1,1972,125427,2,Female,92,3,3,Sales Executive,4,Married,9738,22952,0,Y,No,14,3,3,80,1,10,6,3,9,7,2,8,Seek
36,Current employee,Travel_Frequently,1467,Sales,11,2,Medical,1,1973,125428,2,Female,92,3,3,Sales Executive,4,Married,9738,22952,6,Y,No,14,3,3,80,1,10,6,3,9,7,2,8,Seek
36,Current employee,Travel_Frequently,1467,Sales,11,2,Technical Degree,1,1976,125431,2,Female,92,3,3,Sales Executive,4,Married,9738,22952,0,Y,No,14,3,3,80,1,10,6,3,9,7,2,8,Seek
36,Current employee,Travel_Frequently,1467,Sales,11,2,Medical,1,1979,125434,2,Female,92,2,2,Human Resources,4,Married,5204,7790,8,Y,No,11,3,4,80,1,1,2,3,1,0,0,0,Seek
36,Current employee,Travel_Frequently,1467,Sales,11,2,Technical Degree,1,1980,125435,2,Female,92,3,3,Sales Executive,4,Married,9738,22952,0,Y,No,14,3,3,80,1,10,6,3,9,7,2,8,Seek
36,Current employee,Travel_Frequently,1467,Sales,11,2,Medical,1,1981,125436,2,Female,92,3,3,Sales Executive,4,Married,9738,22952,6,Y,No,14,3,3,80,1,10,6,3,9,7,2,8,Seek
36,Current employee,Travel_Rarely,922,Research & Development,3,2,Life Sciences,1,1984,125439,1,Female,39,3,1,Laboratory Technician,4,Divorced,2835,2561,5,Y,No,22,3,1,80,1,7,2,3,1,0,0,0,Company Website
36,Current employee,Travel_Rarely,1396,Research & Development,5,2,Life Sciences,1,1985,125440,1,Female,42,3,1,Laboratory Technician,4,Divorced,2835,2561,5,Y,No,22,3,1,80,1,7,2,3,1,0,0,0,Company Website
36,Current employee,Travel_Rarely,922,Research & Development,3,2,Life Sciences,1,1986,125441,1,Female,39,3,1,Laboratory Technician,4,Divorced,2835,2561,1,Y,No,22,3,1,80,1,7,2,3,1,0,0,0,Company Website
36,Current employee,Travel_Rarely,1396,Research & Development,5,2,Life Sciences,1,1987,125442,1,Female,42,3,1,Laboratory Technician,4,Divorced,2835,2561,1,Y,No,22,3,1,80,1,7,2,3,1,0,0,0,Company Website
36,Current employee,Travel_Rarely,922,Research & Development,3,2,Life Sciences,1,1988,125443,1,Female,39,3,1,Laboratory Technician,4,Divorced,2835,2561,5,Y,No,22,4,1,80,1,7,2,3,1,0,0,0,Company Website
36,Current employee,Travel_Rarely,1396,Research & Development,5,2,Life Sciences,1,1989,125444,1,Female,42,3,1,Laboratory Technician,4,Divorced,2835,2561,5,Y,No,22,4,1,80,1,7,2,3,1,0,0,0,Company Website
36,Current employee,Travel_Rarely,922,Research & Development,3,2,Life Sciences,1,1990,125445,1,Female,39,3,1,Laboratory Technician,4,Divorced,2835,2561,1,Y,No,22,4,1,80,1,7,2,3,1,0,0,0,Company Website
36,Current employee,Travel_Rarely,1396,Research & Development,5,2,Life Sciences,1,1991,125446,1,Female,42,3,1,Laboratory Technician,4,Divorced,2835,2561,1,Y,No,22,4,1,80,1,7,2,3,1,0,0,0,Company Website
36,Current employee,Travel_Rarely,922,Research & Development,3,2,Life Sciences,1,1992,125447,1,Female,39,3,1,Laboratory Technician,4,Divorced,2835,2561,5,Y,No,22,3,1,80,1,7,2,3,1,0,0,0,Company Website
36,Current employee,Travel_Rarely,1396,Research & Development,5,2,Life Sciences,1,1993,125448,1,Female,42,3,1,Laboratory Technician,4,Divorced,2835,2561,5,Y,No,22,3,1,80,1,7,2,3,1,0,0,0,Company Website
36,Current employee,Travel_Rarely,922,Research & Development,3,2,Life Sciences,1,1994,125449,1,Female,39,3,1,Laboratory Technician,4,Divorced,2835,2561,1,Y,No,22,3,1,80,1,7,2,3,1,0,0,0,Company Website
36,Current employee,Travel_Rarely,1396,Research & Development,5,2,Life Sciences,1,1995,125450,1,Female,42,3,1,Laboratory Technician,4,Divorced,2835,2561,1,Y,No,22,3,1,80,1,7,2,3,1,0,0,0,Company Website
36,Current employee,Travel_Rarely,922,Research & Development,3,2,Life Sciences,1,1996,125451,1,Female,39,3,1,Laboratory Technician,4,Divorced,2835,2561,5,Y,No,22,4,1,80,1,7,2,3,1,0,0,0,Company Website
36,Current employee,Travel_Rarely,1396,Research & Development,5,2,Life Sciences,1,1997,125452,1,Female,42,3,1,Laboratory Technician,4,Divorced,2835,2561,5,Y,No,22,4,1,80,1,7,2,3,1,0,0,0,Company Website
36,Current employee,Travel_Rarely,922,Research & Development,3,2,Life Sciences,1,1998,125453,1,Female,39,3,1,Laboratory Technician,4,Divorced,2835,2561,1,Y,No,22,4,1,80,1,7,2,3,1,0,0,0,Company Website
36,Current employee,Travel_Rarely,1396,Research & Development,5,2,Life Sciences,1,1999,125454,1,Female,42,3,1,Laboratory Technician,4,Divorced,2835,2561,1,Y,No,22,4,1,80,1,7,2,3,1,0,0,0,Company Website
36,Current employee,Travel_Rarely,216,Research & Development,6,2,Medical,1,2256,125711,2,Male,84,3,2,Manufacturing Director,2,Divorced,4941,2819,6,Y,No,20,3,4,80,2,7,0,3,3,2,0,1,Company Website
36,Current employee,Travel_Rarely,216,Research & Development,6,2,Marketing,1,2259,125714,2,Male,84,3,2,Manufacturing Director,2,Divorced,4941,2819,1,Y,No,20,3,4,80,2,7,0,3,3,2,0,1,Company Website
36,Current employee,Travel_Rarely,216,Research & Development,6,2,Medical,1,2260,125715,2,Male,84,3,2,Manufacturing Director,2,Divorced,4941,2819,6,Y,No,20,4,4,80,2,7,0,3,3,2,0,1,Company Website
36,Current employee,Travel_Rarely,216,Research & Development,6,2,Marketing,1,2261,125716,2,Male,84,3,2,Manufacturing Director,2,Divorced,4941,2819,1,Y,No,20,4,4,80,2,7,0,3,3,2,0,1,Company Website
36,Current employee,Travel_Rarely,216,Research & Development,6,2,Medical,1,2264,125719,2,Male,84,3,2,Manufacturing Director,2,Divorced,4941,2819,6,Y,No,20,3,4,80,2,7,0,3,3,2,0,1,Company Website
36,Current employee,Travel_Rarely,216,Research & Development,6,2,Marketing,1,2267,125722,2,Male,84,3,2,Manufacturing Director,2,Divorced,4941,2819,1,Y,No,20,3,4,80,2,7,0,3,3,2,0,1,Company Website
36,Current employee,Travel_Rarely,216,Research & Development,6,2,Medical,1,2268,125723,2,Male,84,3,2,Manufacturing Director,2,Divorced,4941,2819,6,Y,No,20,4,4,80,2,7,0,3,3,2,0,1,Company Website
36,Current employee,Travel_Rarely,216,Research & Development,6,2,Marketing,1,2269,125724,2,Male,84,3,2,Manufacturing Director,2,Divorced,4941,2819,1,Y,No,20,4,4,80,2,7,0,3,3,2,0,1,Company Website
36,Current employee,Travel_Rarely,1403,Research & Development,6,3,Life Sciences,1,2304,125759,1,Male,43,2,2,Sales Executive,3,Married,8639,24835,2,Y,No,18,3,4,80,0,6,3,3,2,2,2,2,Indeed
36,Current employee,Travel_Rarely,1403,Research & Development,6,3,Marketing,1,2305,125760,1,Male,43,2,2,Sales Executive,3,Married,8639,24835,5,Y,No,18,3,4,80,0,6,3,3,2,2,2,2,Indeed
36,Current employee,Travel_Rarely,1403,Research & Development,6,3,Life Sciences,1,2309,125764,1,Male,43,2,2,Sales Executive,3,Married,8639,24835,2,Y,No,18,3,4,80,0,6,3,3,2,2,2,2,Indeed
36,Current employee,Travel_Rarely,1403,Research & Development,6,3,Marketing,1,2310,125765,1,Male,43,2,2,Sales Executive,3,Married,8639,24835,5,Y,No,18,3,4,80,0,6,3,3,2,2,2,2,Indeed
36,Current employee,Travel_Rarely,1403,Research & Development,6,3,Life Sciences,1,2312,125767,1,Male,43,2,2,Sales Executive,3,Married,8639,24835,2,Y,No,18,3,4,80,0,6,3,3,2,2,2,2,Indeed
36,Current employee,Travel_Rarely,1403,Research & Development,6,3,Marketing,1,2313,125768,1,Male,43,2,2,Sales Executive,3,Married,8639,24835,5,Y,No,18,3,4,80,0,6,3,3,2,2,2,2,Indeed
36,Current employee,Travel_Rarely,1403,Research & Development,6,3,Life Sciences,1,2317,125772,1,Male,43,2,2,Sales Executive,3,Married,8639,24835,2,Y,No,18,3,4,80,0,6,3,3,2,2,2,2,Indeed
36,Current employee,Travel_Rarely,1403,Research & Development,6,3,Marketing,1,2318,125773,1,Male,43,2,2,Sales Executive,3,Married,8639,24835,5,Y,No,18,3,4,80,0,6,3,3,2,2,2,2,Indeed
36,Current employee,Travel_Frequently,566,Research & Development,18,4,Life Sciences,1,2509,125964,1,Male,44,3,3,Sales Executive,2,Married,7295,11439,1,Y,No,13,3,1,80,2,10,3,3,10,8,0,6,Jora
36,Current employee,Travel_Frequently,566,Research & Development,18,4,Medical,1,2511,125966,1,Male,44,3,3,Sales Executive,2,Married,7295,11439,7,Y,No,13,3,1,80,2,10,3,3,10,8,0,6,Jora
36,Current employee,Travel_Frequently,566,Research & Development,18,4,Life Sciences,1,2514,125969,1,Male,44,3,3,Sales Executive,2,Married,7295,11439,1,Y,No,13,3,1,80,2,10,3,3,10,8,0,6,Jora
36,Current employee,Travel_Frequently,566,Research & Development,18,4,Medical,1,2515,125970,1,Male,44,3,3,Sales Executive,2,Married,7295,11439,7,Y,No,13,3,1,80,2,10,3,3,10,8,0,6,Jora
36,Current employee,Travel_Frequently,566,Research & Development,18,4,Medical,1,2518,125973,1,Male,44,3,3,Sales Executive,2,Married,7295,11439,7,Y,No,13,3,1,80,2,10,3,3,10,8,0,6,Jora
36,Current employee,Travel_Frequently,566,Research & Development,18,4,Life Sciences,1,2521,125976,1,Male,44,3,3,Sales Executive,2,Married,7295,11439,1,Y,No,13,3,1,80,2,10,3,3,10,8,0,6,Jora
36,Current employee,Travel_Frequently,566,Research & Development,18,4,Medical,1,2522,125977,1,Male,44,3,3,Sales Executive,2,Married,7295,11439,7,Y,No,13,3,1,80,2,10,3,3,10,8,0,6,Jora
36,Current employee,Non-Travel,1105,Research & Development,24,4,Life Sciences,1,2539,125994,1,Male,44,3,2,Laboratory Technician,2,Divorced,2348,10901,8,Y,No,18,3,3,80,1,20,2,1,17,9,0,15,Recruit.net
36,Current employee,Non-Travel,1105,Research & Development,24,4,Technical Degree,1,2541,125996,1,Male,44,3,2,Laboratory Technician,2,Divorced,2348,10901,1,Y,No,18,3,3,80,1,20,2,1,17,9,0,15,Recruit.net
36,Current employee,Non-Travel,1105,Research & Development,24,4,Life Sciences,1,2542,125997,1,Male,44,3,2,Laboratory Technician,2,Divorced,2348,10901,8,Y,No,18,3,3,80,1,20,2,1,17,9,0,15,Recruit.net
36,Current employee,Non-Travel,1105,Research & Development,24,4,Technical Degree,1,2543,125998,1,Male,44,3,2,Laboratory Technician,2,Divorced,2348,10901,1,Y,No,18,3,3,80,1,20,2,1,17,9,0,15,Recruit.net
36,Current employee,Non-Travel,1105,Research & Development,24,4,Technical Degree,1,2548,126003,1,Male,44,3,2,Laboratory Technician,2,Divorced,2348,10901,1,Y,No,18,3,3,80,1,20,2,1,17,9,0,15,Recruit.net
36,Current employee,Non-Travel,1105,Research & Development,24,4,Life Sciences,1,2549,126004,1,Male,44,3,2,Laboratory Technician,2,Divorced,2348,10901,8,Y,No,18,3,3,80,1,20,2,1,17,9,0,15,Recruit.net
36,Current employee,Non-Travel,1105,Research & Development,24,4,Technical Degree,1,2550,126005,1,Male,44,3,2,Laboratory Technician,2,Divorced,2348,10901,1,Y,No,18,3,3,80,1,20,2,1,17,9,0,15,Recruit.net
36,Current employee,Travel_Frequently,1480,Research & Development,3,2,Medical,1,2832,126287,4,Male,30,3,1,Laboratory Technician,2,Single,2088,15062,4,Y,No,12,4,3,80,0,13,3,2,8,7,7,2,Company Website
36,Current employee,Travel_Frequently,1480,Research & Development,3,2,Life Sciences,1,2835,126290,4,Male,30,3,1,Laboratory Technician,2,Single,2088,15062,1,Y,No,12,3,3,80,0,13,3,2,8,7,7,2,Company Website
36,Current employee,Travel_Frequently,1480,Research & Development,3,2,Medical,1,2838,126293,4,Male,30,3,1,Laboratory Technician,2,Single,2088,15062,4,Y,No,12,3,3,80,0,13,3,2,8,7,7,2,Company Website
36,Current employee,Travel_Frequently,1480,Research & Development,3,2,Life Sciences,1,2839,126294,4,Male,30,3,1,Laboratory Technician,2,Single,2088,15062,1,Y,No,12,3,3,80,0,13,3,2,8,7,7,2,Company Website
36,Current employee,Travel_Frequently,1480,Research & Development,3,2,Medical,1,2840,126295,4,Male,30,3,1,Laboratory Technician,2,Single,2088,15062,4,Y,No,12,4,3,80,0,13,3,2,8,7,7,2,Company Website
36,Current employee,Travel_Frequently,1480,Research & Development,3,2,Life Sciences,1,2843,126298,4,Male,30,3,1,Laboratory Technician,2,Single,2088,15062,1,Y,No,12,3,3,80,0,13,3,2,8,7,7,2,Company Website
36,Current employee,Travel_Frequently,1480,Research & Development,3,2,Medical,1,2846,126301,4,Male,30,3,1,Laboratory Technician,2,Single,2088,15062,4,Y,No,12,3,3,80,0,13,3,2,8,7,7,2,Company Website
36,Current employee,Travel_Frequently,1480,Research & Development,3,2,Life Sciences,1,2847,126302,4,Male,30,3,1,Laboratory Technician,2,Single,2088,15062,1,Y,No,12,3,3,80,0,13,3,2,8,7,7,2,Company Website
36,Current employee,Travel_Rarely,329,Research & Development,2,3,Life Sciences,1,2961,126416,1,Female,45,3,1,Research Scientist,4,Married,3929,6984,8,Y,Yes,23,3,3,80,1,7,0,3,4,2,0,2,Referral
36,Current employee,Travel_Rarely,329,Research & Development,2,3,Life Sciences,1,2962,126417,1,Female,45,3,1,Research Scientist,4,Married,3929,6984,2,Y,Yes,23,3,3,80,1,7,0,3,4,2,0,2,Referral
36,Current employee,Travel_Rarely,329,Research & Development,2,3,Life Sciences,1,2966,126421,1,Female,45,3,1,Research Scientist,4,Married,3929,6984,8,Y,Yes,23,4,3,80,1,7,0,3,4,2,0,2,Referral
36,Current employee,Travel_Rarely,329,Research & Development,2,3,Life Sciences,1,2967,126422,1,Female,45,3,1,Research Scientist,4,Married,3929,6984,2,Y,Yes,23,4,3,80,1,7,0,3,4,2,0,2,Referral
36,Current employee,Travel_Rarely,329,Research & Development,2,3,Life Sciences,1,2969,126424,1,Female,45,3,1,Research Scientist,4,Married,3929,6984,8,Y,Yes,23,3,3,80,1,7,0,3,4,2,0,2,Referral
36,Current employee,Travel_Rarely,329,Research & Development,2,3,Life Sciences,1,2970,126425,1,Female,45,3,1,Research Scientist,4,Married,3929,6984,2,Y,Yes,23,3,3,80,1,7,0,3,4,2,0,2,Referral
36,Current employee,Travel_Rarely,329,Research & Development,2,3,Life Sciences,1,2974,126429,1,Female,45,3,1,Research Scientist,4,Married,3929,6984,8,Y,Yes,23,4,3,80,1,7,0,3,4,2,0,2,Referral
36,Current employee,Travel_Rarely,329,Research & Development,2,3,Life Sciences,1,2975,126430,1,Female,45,3,1,Research Scientist,4,Married,3929,6984,2,Y,Yes,23,4,3,80,1,7,0,3,4,2,0,2,Referral
36,Current employee,Travel_Frequently,635,Research & Development,18,1,Medical,1,3395,126850,2,Female,73,3,1,Laboratory Technician,4,Single,2153,7703,1,Y,No,13,4,1,80,0,8,2,3,8,1,1,7,Company Website
36,Current employee,Travel_Frequently,635,Research & Development,18,1,Medical,1,3397,126852,2,Female,73,3,1,Laboratory Technician,4,Single,2153,7703,1,Y,No,13,3,1,80,0,8,2,3,8,1,1,7,Company Website
36,Current employee,Travel_Frequently,635,Research & Development,18,1,Medical,1,3399,126854,2,Female,73,3,1,Laboratory Technician,4,Single,2153,7703,1,Y,No,13,3,1,80,0,8,2,3,8,1,1,7,Company Website
36,Current employee,Travel_Frequently,635,Research & Development,18,1,Medical,1,3400,126855,2,Female,73,3,1,Laboratory Technician,4,Single,2153,7703,1,Y,No,13,3,1,80,0,8,2,3,8,1,1,7,Company Website
36,Current employee,Travel_Frequently,635,Research & Development,18,1,Medical,1,3405,126860,2,Female,73,3,1,Laboratory Technician,4,Single,2153,7703,1,Y,No,13,4,1,80,0,8,2,3,8,1,1,7,Company Website
36,Current employee,Travel_Frequently,635,Research & Development,18,1,Medical,1,3407,126862,2,Female,73,3,1,Laboratory Technician,4,Single,2153,7703,1,Y,No,13,3,1,80,0,8,2,3,8,1,1,7,Company Website
36,Current employee,Travel_Frequently,635,Research & Development,18,1,Medical,1,3409,126864,2,Female,73,3,1,Laboratory Technician,4,Single,2153,7703,1,Y,No,13,3,1,80,0,8,2,3,8,1,1,7,Company Website
36,Current employee,Travel_Frequently,635,Research & Development,18,1,Medical,1,3410,126865,2,Female,73,3,1,Laboratory Technician,4,Single,2153,7703,1,Y,No,13,3,1,80,0,8,2,3,8,1,1,7,Company Website
36,Current employee,Travel_Rarely,1396,Research & Development,5,2,Life Sciences,1,3605,127060,4,Male,62,3,2,Laboratory Technician,2,Single,5914,9945,8,Y,No,16,3,4,80,0,16,3,4,13,11,3,7,Adzuna
36,Current employee,Travel_Rarely,1396,Research & Development,5,2,Life Sciences,1,3608,127063,4,Male,62,3,2,Laboratory Technician,2,Single,5914,9945,1,Y,No,16,3,4,80,0,16,3,4,13,11,3,7,Adzuna
36,Current employee,Travel_Rarely,1396,Research & Development,5,2,Life Sciences,1,3611,127066,4,Male,62,3,2,Laboratory Technician,2,Single,5914,9945,8,Y,No,16,3,4,80,0,16,3,4,13,11,3,7,Adzuna
36,Current employee,Travel_Rarely,1396,Research & Development,5,2,Life Sciences,1,3612,127067,4,Male,62,3,2,Laboratory Technician,2,Single,5914,9945,1,Y,No,16,3,4,80,0,16,3,4,13,11,3,7,Adzuna
36,Current employee,Travel_Rarely,1396,Research & Development,5,2,Life Sciences,1,3613,127068,4,Male,62,3,2,Laboratory Technician,2,Single,5914,9945,8,Y,No,16,3,4,80,0,16,3,4,13,11,3,7,Adzuna
36,Current employee,Travel_Rarely,1396,Research & Development,5,2,Life Sciences,1,3616,127071,4,Male,62,3,2,Laboratory Technician,2,Single,5914,9945,1,Y,No,16,3,4,80,0,16,3,4,13,11,3,7,Adzuna
36,Current employee,Travel_Rarely,1396,Research & Development,5,2,Life Sciences,1,3619,127074,4,Male,62,3,2,Laboratory Technician,2,Single,5914,9945,8,Y,No,16,3,4,80,0,16,3,4,13,11,3,7,Adzuna
36,Current employee,Travel_Rarely,1396,Research & Development,5,2,Life Sciences,1,3620,127075,4,Male,62,3,2,Laboratory Technician,2,Single,5914,9945,1,Y,No,16,3,4,80,0,16,3,4,13,11,3,7,Adzuna
36,Current employee,Non-Travel,427,Research & Development,8,3,Life Sciences,1,4006,127461,1,Male,48,3,3,Research Director,3,Divorced,13675,13523,9,Y,No,12,3,1,80,1,9,3,3,2,2,2,2,GlassDoor
36,Current employee,Non-Travel,427,Research & Development,8,3,Medical,1,4008,127463,1,Male,48,3,3,Research Director,3,Divorced,13675,13523,2,Y,No,12,3,1,80,1,9,3,3,2,2,2,2,GlassDoor
36,Current employee,Non-Travel,427,Research & Development,8,3,Life Sciences,1,4011,127466,1,Male,48,3,3,Research Director,3,Divorced,13675,13523,9,Y,No,12,3,1,80,1,9,3,3,2,2,2,2,GlassDoor
36,Current employee,Non-Travel,427,Research & Development,8,3,Medical,1,4012,127467,1,Male,48,3,3,Research Director,3,Divorced,13675,13523,2,Y,No,12,3,1,80,1,9,3,3,2,2,2,2,GlassDoor
36,Current employee,Non-Travel,427,Research & Development,8,3,Life Sciences,1,4014,127469,1,Male,48,3,3,Research Director,3,Divorced,13675,13523,9,Y,No,12,3,1,80,1,9,3,3,2,2,2,2,GlassDoor
36,Current employee,Non-Travel,427,Research & Development,8,3,Medical,1,4016,127471,1,Male,48,3,3,Research Director,3,Divorced,13675,13523,2,Y,No,12,3,1,80,1,9,3,3,2,2,2,2,GlassDoor
36,Current employee,Non-Travel,427,Research & Development,8,3,Life Sciences,1,4019,127474,1,Male,48,3,3,Research Director,3,Divorced,13675,13523,9,Y,No,12,3,1,80,1,9,3,3,2,2,2,2,GlassDoor
36,Current employee,Non-Travel,427,Research & Development,8,3,Medical,1,4020,127475,1,Male,48,3,3,Research Director,3,Divorced,13675,13523,2,Y,No,12,3,1,80,1,9,3,3,2,2,2,2,GlassDoor
36,Current employee,Non-Travel,1434,Sales,8,4,Life Sciences,1,4150,127605,1,Male,48,3,2,Sales Executive,4,Divorced,6931,10732,2,Y,No,14,3,4,80,1,10,2,3,3,2,0,2,Indeed
36,Current employee,Non-Travel,1434,Sales,8,4,Medical,1,4151,127606,1,Male,48,3,2,Sales Executive,4,Divorced,6931,10732,6,Y,No,14,3,4,80,1,10,2,3,3,2,0,2,Indeed
36,Current employee,Non-Travel,1434,Sales,8,4,Life Sciences,1,4155,127610,1,Male,48,3,2,Sales Executive,4,Divorced,6931,10732,2,Y,No,14,3,4,80,1,10,2,3,3,2,0,2,Indeed
36,Current employee,Non-Travel,1434,Sales,8,4,Medical,1,4156,127611,1,Male,48,3,2,Sales Executive,4,Divorced,6931,10732,6,Y,No,14,3,4,80,1,10,2,3,3,2,0,2,Indeed
36,Current employee,Non-Travel,1434,Sales,8,4,Life Sciences,1,4158,127613,1,Male,48,3,2,Sales Executive,4,Divorced,6931,10732,2,Y,No,14,3,4,80,1,10,2,3,3,2,0,2,Indeed
36,Current employee,Non-Travel,1434,Sales,8,4,Medical,1,4159,127614,1,Male,48,3,2,Sales Executive,4,Divorced,6931,10732,6,Y,No,14,3,4,80,1,10,2,3,3,2,0,2,Indeed
36,Current employee,Non-Travel,1434,Sales,8,4,Life Sciences,1,4163,127618,1,Male,48,3,2,Sales Executive,4,Divorced,6931,10732,2,Y,No,14,3,4,80,1,10,2,3,3,2,0,2,Indeed
36,Current employee,Non-Travel,1434,Sales,8,4,Medical,1,4164,127619,1,Male,48,3,2,Sales Executive,4,Divorced,6931,10732,6,Y,No,14,3,4,80,1,10,2,3,3,2,0,2,Indeed
36,Current employee,Travel_Rarely,1403,Research & Development,6,3,Life Sciences,1,4388,127843,4,Male,47,3,1,Laboratory Technician,4,Married,3210,20251,0,Y,No,11,3,3,80,1,16,4,3,15,13,10,11,Seek
36,Current employee,Travel_Rarely,1403,Research & Development,6,3,Marketing,1,4391,127846,4,Male,47,3,1,Laboratory Technician,4,Married,3210,20251,1,Y,No,11,3,3,80,1,16,4,3,15,13,10,11,Seek
36,Current employee,Travel_Rarely,1403,Research & Development,6,3,Life Sciences,1,4394,127849,4,Male,47,3,1,Laboratory Technician,4,Married,3210,20251,0,Y,No,11,3,3,80,1,16,4,3,15,13,10,11,Seek
36,Current employee,Travel_Rarely,1403,Research & Development,6,3,Marketing,1,4395,127850,4,Male,47,3,1,Laboratory Technician,4,Married,3210,20251,1,Y,No,11,3,3,80,1,16,4,3,15,13,10,11,Seek
36,Current employee,Travel_Rarely,1403,Research & Development,6,3,Life Sciences,1,4396,127851,4,Male,47,3,1,Laboratory Technician,4,Married,3210,20251,0,Y,No,11,3,3,80,1,16,4,3,15,13,10,11,Seek
36,Current employee,Travel_Rarely,1403,Research & Development,6,3,Marketing,1,4399,127854,4,Male,47,3,1,Laboratory Technician,4,Married,3210,20251,1,Y,No,11,3,3,80,1,16,4,3,15,13,10,11,Seek
36,Current employee,Travel_Rarely,1403,Research & Development,6,3,Life Sciences,1,4402,127857,4,Male,47,3,1,Laboratory Technician,4,Married,3210,20251,0,Y,No,11,3,3,80,1,16,4,3,15,13,10,11,Seek
36,Current employee,Travel_Rarely,1403,Research & Development,6,3,Marketing,1,4403,127858,4,Male,47,3,1,Laboratory Technician,4,Married,3210,20251,1,Y,No,11,3,3,80,1,16,4,3,15,13,10,11,Seek
36,Current employee,Travel_Rarely,928,Sales,1,2,Life Sciences,1,4523,127978,1,Female,49,4,2,Sales Executive,1,Divorced,5605,19191,1,Y,Yes,24,3,3,80,1,8,3,3,8,0,7,7,Indeed
36,Current employee,Travel_Rarely,928,Sales,1,2,Life Sciences,1,4524,127979,1,Female,49,4,2,Sales Executive,1,Divorced,5605,19191,4,Y,Yes,24,3,3,80,1,8,3,3,8,0,7,7,Indeed
36,Current employee,Travel_Rarely,928,Sales,1,2,Life Sciences,1,4526,127981,1,Female,49,4,2,Sales Executive,1,Divorced,5605,19191,1,Y,Yes,24,4,3,80,1,8,3,3,8,0,7,7,Indeed
36,Current employee,Travel_Rarely,928,Sales,1,2,Life Sciences,1,4527,127982,1,Female,49,4,2,Sales Executive,1,Divorced,5605,19191,4,Y,Yes,24,4,3,80,1,8,3,3,8,0,7,7,Indeed
36,Current employee,Travel_Rarely,928,Sales,1,2,Life Sciences,1,4531,127986,1,Female,49,4,2,Sales Executive,1,Divorced,5605,19191,1,Y,Yes,24,3,3,80,1,8,3,3,8,0,7,7,Indeed
36,Current employee,Travel_Rarely,928,Sales,1,2,Life Sciences,1,4532,127987,1,Female,49,4,2,Sales Executive,1,Divorced,5605,19191,4,Y,Yes,24,3,3,80,1,8,3,3,8,0,7,7,Indeed
36,Current employee,Travel_Rarely,928,Sales,1,2,Life Sciences,1,4534,127989,1,Female,49,4,2,Sales Executive,1,Divorced,5605,19191,1,Y,Yes,24,4,3,80,1,8,3,3,8,0,7,7,Indeed
36,Current employee,Travel_Rarely,928,Sales,1,2,Life Sciences,1,4535,127990,1,Female,49,4,2,Sales Executive,1,Divorced,5605,19191,4,Y,Yes,24,4,3,80,1,8,3,3,8,0,7,7,Indeed
36,Current employee,Travel_Rarely,1278,Human Resources,8,3,Life Sciences,1,4603,128058,1,Male,49,3,2,Sales Executive,4,Single,4554,20260,1,Y,No,18,3,1,80,0,10,3,2,10,7,0,9,Jora
36,Current employee,Travel_Rarely,1278,Human Resources,8,3,Medical,1,4605,128060,1,Male,49,3,2,Sales Executive,4,Single,4554,20260,6,Y,No,18,3,1,80,0,10,3,2,10,7,0,9,Jora
36,Current employee,Travel_Rarely,1278,Human Resources,8,3,Life Sciences,1,4608,128063,1,Male,49,3,2,Sales Executive,4,Single,4554,20260,1,Y,No,18,3,1,80,0,10,3,2,10,7,0,9,Jora
36,Current employee,Travel_Rarely,1278,Human Resources,8,3,Medical,1,4609,128064,1,Male,49,3,2,Sales Executive,4,Single,4554,20260,6,Y,No,18,3,1,80,0,10,3,2,10,7,0,9,Jora
36,Current employee,Travel_Rarely,1278,Human Resources,8,3,Life Sciences,1,4611,128066,1,Male,49,3,2,Sales Executive,4,Single,4554,20260,1,Y,No,18,3,1,80,0,10,3,2,10,7,0,9,Jora
36,Current employee,Travel_Rarely,1278,Human Resources,8,3,Medical,1,4613,128068,1,Male,49,3,2,Sales Executive,4,Single,4554,20260,6,Y,No,18,3,1,80,0,10,3,2,10,7,0,9,Jora
36,Current employee,Travel_Rarely,1278,Human Resources,8,3,Life Sciences,1,4616,128071,1,Male,49,3,2,Sales Executive,4,Single,4554,20260,1,Y,No,18,3,1,80,0,10,3,2,10,7,0,9,Jora
36,Current employee,Travel_Rarely,1278,Human Resources,8,3,Medical,1,4617,128072,1,Male,49,3,2,Sales Executive,4,Single,4554,20260,6,Y,No,18,3,1,80,0,10,3,2,10,7,0,9,Jora
36,Current employee,Travel_Rarely,506,Research & Development,3,3,Technical Degree,1,4749,128204,3,Male,30,3,2,Research Scientist,2,Single,4485,26285,4,Y,No,12,3,4,80,0,10,2,3,8,0,7,7,Company Website
36,Current employee,Travel_Rarely,506,Research & Development,3,3,Life Sciences,1,4752,128207,3,Male,30,3,2,Research Scientist,2,Single,4485,26285,2,Y,No,12,3,4,80,0,10,2,3,8,0,7,7,Company Website
36,Current employee,Travel_Rarely,506,Research & Development,3,3,Technical Degree,1,4753,128208,3,Male,30,3,2,Research Scientist,2,Single,4485,26285,4,Y,No,12,3,4,80,0,10,2,3,8,0,7,7,Company Website
36,Current employee,Travel_Rarely,506,Research & Development,3,3,Life Sciences,1,4754,128209,3,Male,30,3,2,Research Scientist,2,Single,4485,26285,2,Y,No,12,3,4,80,0,10,2,3,8,0,7,7,Company Website
36,Current employee,Travel_Rarely,506,Research & Development,3,3,Life Sciences,1,4759,128214,3,Male,30,3,2,Research Scientist,2,Single,4485,26285,2,Y,No,12,3,4,80,0,10,2,3,8,0,7,7,Company Website
36,Current employee,Travel_Rarely,506,Research & Development,3,3,Technical Degree,1,4760,128215,3,Male,30,3,2,Research Scientist,2,Single,4485,26285,4,Y,No,12,3,4,80,0,10,2,3,8,0,7,7,Company Website
36,Current employee,Travel_Rarely,506,Research & Development,3,3,Life Sciences,1,4761,128216,3,Male,30,3,2,Research Scientist,2,Single,4485,26285,2,Y,No,12,3,4,80,0,10,2,3,8,0,7,7,Company Website
36,Current employee,Travel_Frequently,566,Research & Development,18,4,Life Sciences,1,4853,128308,3,Male,81,4,1,Laboratory Technician,4,Married,3688,7122,4,Y,No,18,4,4,80,2,4,2,3,1,0,0,0,Company Website
36,Current employee,Travel_Rarely,1425,Research & Development,14,1,Life Sciences,1,4854,128309,2,Male,50,4,1,Laboratory Technician,4,Married,3688,7122,4,Y,No,18,3,4,80,2,4,2,3,1,0,0,0,Company Website
36,Current employee,Travel_Rarely,1425,Research & Development,14,1,Medical,1,4855,128310,2,Male,50,4,1,Laboratory Technician,4,Married,3688,7122,1,Y,No,18,3,4,80,2,4,2,3,1,0,0,0,Company Website
36,Current employee,Travel_Frequently,566,Research & Development,18,4,Medical,1,4856,128311,3,Male,81,4,1,Laboratory Technician,4,Married,3688,7122,1,Y,No,18,3,4,80,2,4,2,3,1,0,0,0,Company Website
36,Current employee,Travel_Frequently,566,Research & Development,18,4,Life Sciences,1,4857,128312,3,Male,81,4,1,Laboratory Technician,4,Married,3688,7122,4,Y,No,18,3,4,80,2,4,2,3,1,0,0,0,Company Website
36,Current employee,Travel_Rarely,1425,Research & Development,14,1,Life Sciences,1,4858,128313,2,Male,50,4,1,Laboratory Technician,4,Married,3688,7122,4,Y,No,18,3,4,80,2,4,2,3,1,0,0,0,Company Website
36,Current employee,Travel_Rarely,1425,Research & Development,14,1,Medical,1,4859,128314,2,Male,50,4,1,Laboratory Technician,4,Married,3688,7122,1,Y,No,18,3,4,80,2,4,2,3,1,0,0,0,Company Website
36,Current employee,Travel_Frequently,566,Research & Development,18,4,Medical,1,4860,128315,3,Male,81,4,1,Laboratory Technician,4,Married,3688,7122,1,Y,No,18,3,4,80,2,4,2,3,1,0,0,0,Company Website
36,Current employee,Travel_Rarely,1425,Research & Development,14,1,Life Sciences,1,4861,128316,2,Male,50,4,1,Laboratory Technician,4,Married,3688,7122,4,Y,No,18,3,4,80,2,4,2,3,1,0,0,0,Company Website
36,Current employee,Travel_Rarely,1425,Research & Development,14,1,Medical,1,4862,128317,2,Male,50,4,1,Laboratory Technician,4,Married,3688,7122,1,Y,No,18,3,4,80,2,4,2,3,1,0,0,0,Company Website
36,Current employee,Travel_Frequently,566,Research & Development,18,4,Medical,1,4863,128318,3,Male,81,4,1,Laboratory Technician,4,Married,3688,7122,1,Y,No,18,3,4,80,2,4,2,3,1,0,0,0,Company Website
36,Current employee,Travel_Frequently,566,Research & Development,18,4,Life Sciences,1,4864,128319,3,Male,81,4,1,Laboratory Technician,4,Married,3688,7122,4,Y,No,18,3,4,80,2,4,2,3,1,0,0,0,Company Website
36,Current employee,Travel_Rarely,1425,Research & Development,14,1,Life Sciences,1,4865,128320,2,Male,50,4,1,Laboratory Technician,4,Married,3688,7122,4,Y,No,18,3,4,80,2,4,2,3,1,0,0,0,Company Website
36,Current employee,Travel_Rarely,1425,Research & Development,14,1,Medical,1,4866,128321,2,Male,50,4,1,Laboratory Technician,4,Married,3688,7122,1,Y,No,18,3,4,80,2,4,2,3,1,0,0,0,Company Website
36,Current employee,Travel_Frequently,566,Research & Development,18,4,Medical,1,4867,128322,3,Male,81,4,1,Laboratory Technician,4,Married,3688,7122,1,Y,No,18,3,4,80,2,4,2,3,1,0,0,0,Company Website
36,Current employee,Non-Travel,1105,Research & Development,24,4,Life Sciences,1,4961,128416,2,Female,47,3,2,Laboratory Technician,2,Married,5674,6927,7,Y,No,15,3,3,80,1,11,3,3,9,8,0,8,LinkedIn
36,Current employee,Non-Travel,1105,Research & Development,24,4,Other,1,4964,128419,2,Female,47,3,2,Laboratory Technician,2,Married,5674,6927,1,Y,No,15,4,3,80,1,11,3,3,9,8,0,8,LinkedIn
36,Current employee,Non-Travel,1105,Research & Development,24,4,Life Sciences,1,4967,128422,2,Female,47,3,2,Laboratory Technician,2,Married,5674,6927,7,Y,No,15,3,3,80,1,11,3,3,9,8,0,8,LinkedIn
36,Current employee,Non-Travel,1105,Research & Development,24,4,Other,1,4968,128423,2,Female,47,3,2,Laboratory Technician,2,Married,5674,6927,1,Y,No,15,3,3,80,1,11,3,3,9,8,0,8,LinkedIn
36,Current employee,Non-Travel,1105,Research & Development,24,4,Life Sciences,1,4969,128424,2,Female,47,3,2,Laboratory Technician,2,Married,5674,6927,7,Y,No,15,3,3,80,1,11,3,3,9,8,0,8,LinkedIn
36,Current employee,Non-Travel,1105,Research & Development,24,4,Other,1,4972,128427,2,Female,47,3,2,Laboratory Technician,2,Married,5674,6927,1,Y,No,15,4,3,80,1,11,3,3,9,8,0,8,LinkedIn
36,Current employee,Non-Travel,1105,Research & Development,24,4,Life Sciences,1,4975,128430,2,Female,47,3,2,Laboratory Technician,2,Married,5674,6927,7,Y,No,15,3,3,80,1,11,3,3,9,8,0,8,LinkedIn
36,Current employee,Non-Travel,1105,Research & Development,24,4,Other,1,4976,128431,2,Female,47,3,2,Laboratory Technician,2,Married,5674,6927,1,Y,No,15,3,3,80,1,11,3,3,9,8,0,8,LinkedIn
36,Current employee,Non-Travel,845,Sales,1,5,Medical,1,5797,129252,4,Female,45,3,2,Sales Executive,4,Single,6653,15276,4,Y,No,15,3,2,80,0,7,6,3,1,0,0,0,Recruit.net
36,Current employee,Non-Travel,845,Sales,1,5,Life Sciences,1,5799,129254,4,Female,45,3,2,Sales Executive,4,Single,6653,15276,4,Y,No,15,3,2,80,0,7,6,3,1,0,0,0,Recruit.net
36,Current employee,Non-Travel,845,Sales,1,5,Medical,1,5801,129256,4,Female,45,3,2,Sales Executive,4,Single,6653,15276,4,Y,No,15,3,2,80,0,7,6,3,1,0,0,0,Recruit.net
36,Current employee,Non-Travel,845,Sales,1,5,Life Sciences,1,5802,129257,4,Female,45,3,2,Sales Executive,4,Single,6653,15276,4,Y,No,15,3,2,80,0,7,6,3,1,0,0,0,Recruit.net
36,Current employee,Non-Travel,845,Sales,1,5,Medical,1,5805,129260,4,Female,45,3,2,Sales Executive,4,Single,6653,15276,4,Y,No,15,3,2,80,0,7,6,3,1,0,0,0,Recruit.net
36,Current employee,Non-Travel,845,Sales,1,5,Life Sciences,1,5807,129262,4,Female,45,3,2,Sales Executive,4,Single,6653,15276,4,Y,No,15,3,2,80,0,7,6,3,1,0,0,0,Recruit.net
36,Current employee,Non-Travel,845,Sales,1,5,Medical,1,5809,129264,4,Female,45,3,2,Sales Executive,4,Single,6653,15276,4,Y,No,15,3,2,80,0,7,6,3,1,0,0,0,Recruit.net
36,Current employee,Non-Travel,845,Sales,1,5,Life Sciences,1,5810,129265,4,Female,45,3,2,Sales Executive,4,Single,6653,15276,4,Y,No,15,3,2,80,0,7,6,3,1,0,0,0,Recruit.net
36,Current employee,Travel_Frequently,541,Sales,3,4,Medical,1,5812,129267,1,Male,48,2,3,Sales Executive,4,Married,9699,7246,4,Y,No,11,4,1,80,1,16,2,3,13,9,1,12,Seek
36,Current employee,Non-Travel,217,Research & Development,18,4,Life Sciences,1,5813,129268,2,Male,53,2,3,Sales Executive,4,Married,9699,7246,4,Y,No,11,4,1,80,1,16,2,3,13,9,1,12,Seek
36,Current employee,Travel_Frequently,541,Sales,3,4,Life Sciences,1,5814,129269,1,Male,48,2,3,Sales Executive,4,Married,9699,7246,4,Y,No,11,3,1,80,1,16,2,3,13,9,1,12,Seek
36,Current employee,Non-Travel,217,Research & Development,18,4,Medical,1,5815,129270,2,Male,53,2,3,Sales Executive,4,Married,9699,7246,7,Y,No,11,3,1,80,1,16,2,3,13,9,1,12,Seek
36,Current employee,Travel_Frequently,541,Sales,3,4,Medical,1,5816,129271,1,Male,48,2,3,Sales Executive,4,Married,9699,7246,4,Y,No,11,3,1,80,1,16,2,3,13,9,1,12,Seek
36,Current employee,Non-Travel,217,Research & Development,18,4,Life Sciences,1,5817,129272,2,Male,53,2,3,Sales Executive,4,Married,9699,7246,4,Y,No,11,3,1,80,1,16,2,3,13,9,1,12,Seek
36,Current employee,Travel_Frequently,541,Sales,3,4,Life Sciences,1,5818,129273,1,Male,48,2,3,Sales Executive,4,Married,9699,7246,4,Y,No,11,3,1,80,1,16,2,3,13,9,1,12,Seek
36,Current employee,Non-Travel,217,Research & Development,18,4,Medical,1,5819,129274,2,Male,53,2,3,Sales Executive,4,Married,9699,7246,7,Y,No,11,3,1,80,1,16,2,3,13,9,1,12,Seek
36,Current employee,Travel_Frequently,541,Sales,3,4,Medical,1,5820,129275,1,Male,48,2,3,Sales Executive,4,Married,9699,7246,4,Y,No,11,4,1,80,1,16,2,3,13,9,1,12,Seek
36,Current employee,Non-Travel,217,Research & Development,18,4,Life Sciences,1,5821,129276,2,Male,53,2,3,Sales Executive,4,Married,9699,7246,4,Y,No,11,4,1,80,1,16,2,3,13,9,1,12,Seek
36,Current employee,Travel_Frequently,541,Sales,3,4,Life Sciences,1,5822,129277,1,Male,48,2,3,Sales Executive,4,Married,9699,7246,4,Y,No,11,3,1,80,1,16,2,3,13,9,1,12,Seek
36,Current employee,Non-Travel,217,Research & Development,18,4,Medical,1,5823,129278,2,Male,53,2,3,Sales Executive,4,Married,9699,7246,7,Y,No,11,3,1,80,1,16,2,3,13,9,1,12,Seek
36,Current employee,Travel_Frequently,541,Sales,3,4,Medical,1,5824,129279,1,Male,48,2,3,Sales Executive,4,Married,9699,7246,4,Y,No,11,3,1,80,1,16,2,3,13,9,1,12,Seek
36,Current employee,Non-Travel,217,Research & Development,18,4,Life Sciences,1,5825,129280,2,Male,53,2,3,Sales Executive,4,Married,9699,7246,4,Y,No,11,3,1,80,1,16,2,3,13,9,1,12,Seek
36,Current employee,Travel_Frequently,541,Sales,3,4,Life Sciences,1,5826,129281,1,Male,48,2,3,Sales Executive,4,Married,9699,7246,4,Y,No,11,3,1,80,1,16,2,3,13,9,1,12,Seek
36,Current employee,Non-Travel,217,Research & Development,18,4,Medical,1,5827,129282,2,Male,53,2,3,Sales Executive,4,Married,9699,7246,7,Y,No,11,3,1,80,1,16,2,3,13,9,1,12,Seek
36,Current employee,Travel_Rarely,329,Research & Development,2,3,Life Sciences,1,6099,129554,4,Female,96,3,1,Research Scientist,3,Married,2543,11868,4,Y,No,13,3,2,80,1,6,3,3,2,2,2,2,Company Website
36,Current employee,Travel_Rarely,329,Research & Development,2,3,Life Sciences,1,6101,129556,4,Female,96,3,1,Research Scientist,3,Married,2543,11868,2,Y,No,13,3,2,80,1,6,3,3,2,2,2,2,Company Website
36,Current employee,Travel_Rarely,329,Research & Development,2,3,Life Sciences,1,6105,129560,4,Female,96,3,1,Research Scientist,3,Married,2543,11868,4,Y,No,13,3,2,80,1,6,3,3,2,2,2,2,Company Website
36,Current employee,Travel_Rarely,329,Research & Development,2,3,Life Sciences,1,6106,129561,4,Female,96,3,1,Research Scientist,3,Married,2543,11868,2,Y,No,13,3,2,80,1,6,3,3,2,2,2,2,Company Website
36,Current employee,Travel_Rarely,329,Research & Development,2,3,Life Sciences,1,6107,129562,4,Female,96,3,1,Research Scientist,3,Married,2543,11868,4,Y,No,13,3,2,80,1,6,3,3,2,2,2,2,Company Website
36,Current employee,Travel_Rarely,329,Research & Development,2,3,Life Sciences,1,6109,129564,4,Female,96,3,1,Research Scientist,3,Married,2543,11868,2,Y,No,13,3,2,80,1,6,3,3,2,2,2,2,Company Website
36,Current employee,Travel_Rarely,329,Research & Development,2,3,Life Sciences,1,6113,129568,4,Female,96,3,1,Research Scientist,3,Married,2543,11868,4,Y,No,13,3,2,80,1,6,3,3,2,2,2,2,Company Website
36,Current employee,Travel_Rarely,329,Research & Development,2,3,Life Sciences,1,6114,129569,4,Female,96,3,1,Research Scientist,3,Married,2543,11868,2,Y,No,13,3,2,80,1,6,3,3,2,2,2,2,Company Website
36,Current employee,Travel_Rarely,164,Sales,2,2,Medical,1,6215,129670,2,Male,61,2,3,Sales Executive,3,Married,7596,3809,1,Y,No,13,3,2,80,2,10,2,3,10,9,9,0,Seek
36,Current employee,Travel_Rarely,164,Sales,2,2,Life Sciences,1,6217,129672,2,Male,61,2,3,Sales Executive,3,Married,7596,3809,4,Y,No,13,3,2,80,2,10,2,3,10,9,9,0,Seek
36,Current employee,Travel_Rarely,164,Sales,2,2,Medical,1,6221,129676,2,Male,61,2,3,Sales Executive,3,Married,7596,3809,1,Y,No,13,3,2,80,2,10,2,3,10,9,9,0,Seek
36,Current employee,Travel_Rarely,164,Sales,2,2,Life Sciences,1,6222,129677,2,Male,61,2,3,Sales Executive,3,Married,7596,3809,4,Y,No,13,3,2,80,2,10,2,3,10,9,9,0,Seek
36,Current employee,Travel_Rarely,164,Sales,2,2,Medical,1,6223,129678,2,Male,61,2,3,Sales Executive,3,Married,7596,3809,1,Y,No,13,3,2,80,2,10,2,3,10,9,9,0,Seek
36,Current employee,Travel_Rarely,164,Sales,2,2,Life Sciences,1,6225,129680,2,Male,61,2,3,Sales Executive,3,Married,7596,3809,4,Y,No,13,3,2,80,2,10,2,3,10,9,9,0,Seek
36,Current employee,Travel_Rarely,164,Sales,2,2,Medical,1,6229,129684,2,Male,61,2,3,Sales Executive,3,Married,7596,3809,1,Y,No,13,3,2,80,2,10,2,3,10,9,9,0,Seek
36,Current employee,Travel_Rarely,164,Sales,2,2,Life Sciences,1,6230,129685,2,Male,61,2,3,Sales Executive,3,Married,7596,3809,4,Y,No,13,3,2,80,2,10,2,3,10,9,9,0,Seek
36,Current employee,Travel_Rarely,917,Research & Development,6,4,Life Sciences,1,6232,129687,2,Male,54,3,1,Research Scientist,4,Single,2285,3427,9,Y,Yes,23,3,3,80,0,3,4,3,1,0,0,0,Jora
36,Current employee,Travel_Rarely,917,Research & Development,6,4,Marketing,1,6234,129689,2,Male,54,3,1,Research Scientist,4,Single,2285,3427,3,Y,Yes,23,3,3,80,0,3,4,3,1,0,0,0,Jora
36,Current employee,Travel_Rarely,917,Research & Development,6,4,Life Sciences,1,6237,129692,2,Male,54,3,1,Research Scientist,4,Single,2285,3427,9,Y,Yes,23,4,3,80,0,3,4,3,1,0,0,0,Jora
36,Current employee,Travel_Rarely,917,Research & Development,6,4,Marketing,1,6238,129693,2,Male,54,3,1,Research Scientist,4,Single,2285,3427,3,Y,Yes,23,4,3,80,0,3,4,3,1,0,0,0,Jora
36,Current employee,Travel_Rarely,917,Research & Development,6,4,Life Sciences,1,6240,129695,2,Male,54,3,1,Research Scientist,4,Single,2285,3427,9,Y,Yes,23,3,3,80,0,3,4,3,1,0,0,0,Jora
36,Current employee,Travel_Rarely,917,Research & Development,6,4,Marketing,1,6242,129697,2,Male,54,3,1,Research Scientist,4,Single,2285,3427,3,Y,Yes,23,3,3,80,0,3,4,3,1,0,0,0,Jora
36,Current employee,Travel_Rarely,917,Research & Development,6,4,Life Sciences,1,6245,129700,2,Male,54,3,1,Research Scientist,4,Single,2285,3427,9,Y,Yes,23,4,3,80,0,3,4,3,1,0,0,0,Jora
36,Current employee,Travel_Rarely,917,Research & Development,6,4,Marketing,1,6246,129701,2,Male,54,3,1,Research Scientist,4,Single,2285,3427,3,Y,Yes,23,4,3,80,0,3,4,3,1,0,0,0,Jora
36,Current employee,Travel_Rarely,429,Research & Development,2,4,Life Sciences,1,6610,130065,2,Female,55,3,2,Research Scientist,3,Divorced,4556,12932,2,Y,No,11,3,2,80,1,19,3,3,5,4,0,2,GlassDoor
36,Current employee,Travel_Rarely,429,Research & Development,2,4,Life Sciences,1,6611,130066,2,Female,55,3,2,Research Scientist,3,Divorced,4556,12932,2,Y,No,11,4,2,80,1,19,3,3,5,4,0,2,GlassDoor
36,Current employee,Travel_Rarely,429,Research & Development,2,4,Life Sciences,1,6613,130068,2,Female,55,3,2,Research Scientist,3,Divorced,4556,12932,2,Y,No,11,3,2,80,1,19,3,3,5,4,0,2,GlassDoor
36,Current employee,Travel_Rarely,429,Research & Development,2,4,Life Sciences,1,6614,130069,2,Female,55,3,2,Research Scientist,3,Divorced,4556,12932,2,Y,No,11,3,2,80,1,19,3,3,5,4,0,2,GlassDoor
36,Current employee,Travel_Rarely,429,Research & Development,2,4,Life Sciences,1,6618,130073,2,Female,55,3,2,Research Scientist,3,Divorced,4556,12932,2,Y,No,11,3,2,80,1,19,3,3,5,4,0,2,GlassDoor
36,Current employee,Travel_Rarely,429,Research & Development,2,4,Life Sciences,1,6619,130074,2,Female,55,3,2,Research Scientist,3,Divorced,4556,12932,2,Y,No,11,4,2,80,1,19,3,3,5,4,0,2,GlassDoor
36,Current employee,Travel_Rarely,429,Research & Development,2,4,Life Sciences,1,6621,130076,2,Female,55,3,2,Research Scientist,3,Divorced,4556,12932,2,Y,No,11,3,2,80,1,19,3,3,5,4,0,2,GlassDoor
36,Current employee,Travel_Rarely,429,Research & Development,2,4,Life Sciences,1,6622,130077,2,Female,55,3,2,Research Scientist,3,Divorced,4556,12932,2,Y,No,11,3,2,80,1,19,3,3,5,4,0,2,GlassDoor
36,Current employee,Non-Travel,635,Sales,10,4,Medical,1,7104,130559,2,Male,32,3,3,Sales Executive,4,Single,9980,15318,1,Y,No,14,3,4,80,0,10,3,2,10,3,9,7,Seek
36,Current employee,Non-Travel,635,Sales,10,4,Medical,1,7106,130561,2,Male,32,3,3,Sales Executive,4,Single,9980,15318,6,Y,No,14,3,4,80,0,10,3,2,10,3,9,7,Seek
36,Current employee,Non-Travel,635,Sales,10,4,Medical,1,7110,130565,2,Male,32,3,3,Sales Executive,4,Single,9980,15318,1,Y,No,14,3,4,80,0,10,3,2,10,3,9,7,Seek
36,Current employee,Non-Travel,635,Sales,10,4,Medical,1,7111,130566,2,Male,32,3,3,Sales Executive,4,Single,9980,15318,6,Y,No,14,3,4,80,0,10,3,2,10,3,9,7,Seek
36,Current employee,Non-Travel,635,Sales,10,4,Medical,1,7112,130567,2,Male,32,3,3,Sales Executive,4,Single,9980,15318,1,Y,No,14,3,4,80,0,10,3,2,10,3,9,7,Seek
36,Current employee,Non-Travel,635,Sales,10,4,Medical,1,7114,130569,2,Male,32,3,3,Sales Executive,4,Single,9980,15318,6,Y,No,14,3,4,80,0,10,3,2,10,3,9,7,Seek
36,Current employee,Non-Travel,635,Sales,10,4,Medical,1,7118,130573,2,Male,32,3,3,Sales Executive,4,Single,9980,15318,1,Y,No,14,3,4,80,0,10,3,2,10,3,9,7,Seek
36,Current employee,Non-Travel,635,Sales,10,4,Medical,1,7119,130574,2,Male,32,3,3,Sales Executive,4,Single,9980,15318,6,Y,No,14,3,4,80,0,10,3,2,10,3,9,7,Seek
36,Current employee,Travel_Rarely,172,Research & Development,4,4,Life Sciences,1,7238,130693,2,Male,57,3,2,Sales Executive,4,Single,6582,8346,4,Y,Yes,13,3,3,80,0,10,2,4,6,5,0,5,Company Website
36,Current employee,Travel_Rarely,172,Research & Development,4,4,Life Sciences,1,7240,130695,2,Male,57,3,2,Sales Executive,4,Single,6582,8346,5,Y,Yes,13,3,3,80,0,10,2,4,6,5,0,5,Company Website
36,Current employee,Travel_Rarely,172,Research & Development,4,4,Life Sciences,1,7243,130698,2,Male,57,3,2,Sales Executive,4,Single,6582,8346,4,Y,Yes,13,3,3,80,0,10,2,4,6,5,0,5,Company Website
36,Current employee,Travel_Rarely,172,Research & Development,4,4,Life Sciences,1,7244,130699,2,Male,57,3,2,Sales Executive,4,Single,6582,8346,5,Y,Yes,13,3,3,80,0,10,2,4,6,5,0,5,Company Website
36,Current employee,Travel_Rarely,172,Research & Development,4,4,Life Sciences,1,7246,130701,2,Male,57,3,2,Sales Executive,4,Single,6582,8346,4,Y,Yes,13,3,3,80,0,10,2,4,6,5,0,5,Company Website
36,Current employee,Travel_Rarely,172,Research & Development,4,4,Life Sciences,1,7248,130703,2,Male,57,3,2,Sales Executive,4,Single,6582,8346,5,Y,Yes,13,3,3,80,0,10,2,4,6,5,0,5,Company Website
36,Current employee,Travel_Rarely,172,Research & Development,4,4,Life Sciences,1,7251,130706,2,Male,57,3,2,Sales Executive,4,Single,6582,8346,4,Y,Yes,13,3,3,80,0,10,2,4,6,5,0,5,Company Website
36,Current employee,Travel_Rarely,172,Research & Development,4,4,Life Sciences,1,7252,130707,2,Male,57,3,2,Sales Executive,4,Single,6582,8346,5,Y,Yes,13,3,3,80,0,10,2,4,6,5,0,5,Company Website
36,Current employee,Travel_Rarely,1157,Sales,2,4,Life Sciences,1,7790,131245,2,Male,58,3,2,Sales Executive,3,Married,9602,3010,4,Y,Yes,11,4,3,80,1,17,3,2,3,0,1,0,Seek
36,Current employee,Travel_Rarely,1157,Sales,2,4,Life Sciences,1,7792,131247,2,Male,58,3,2,Sales Executive,3,Married,9602,3010,4,Y,Yes,11,4,3,80,1,17,3,2,3,0,1,0,Seek
36,Current employee,Travel_Rarely,1157,Sales,2,4,Life Sciences,1,7793,131248,2,Male,58,3,2,Sales Executive,3,Married,9602,3010,4,Y,Yes,11,3,3,80,1,17,3,2,3,0,1,0,Seek
36,Current employee,Travel_Rarely,1157,Sales,2,4,Life Sciences,1,7794,131249,2,Male,58,3,2,Sales Executive,3,Married,9602,3010,4,Y,Yes,11,3,3,80,1,17,3,2,3,0,1,0,Seek
36,Current employee,Travel_Rarely,1157,Sales,2,4,Life Sciences,1,7797,131252,2,Male,58,3,2,Sales Executive,3,Married,9602,3010,4,Y,Yes,11,4,3,80,1,17,3,2,3,0,1,0,Seek
36,Current employee,Travel_Rarely,1157,Sales,2,4,Life Sciences,1,7799,131254,2,Male,58,3,2,Sales Executive,3,Married,9602,3010,4,Y,Yes,11,4,3,80,1,17,3,2,3,0,1,0,Seek
36,Current employee,Travel_Rarely,1157,Sales,2,4,Life Sciences,1,7800,131255,2,Male,58,3,2,Sales Executive,3,Married,9602,3010,4,Y,Yes,11,3,3,80,1,17,3,2,3,0,1,0,Seek
36,Current employee,Travel_Rarely,1157,Sales,2,4,Life Sciences,1,7801,131256,2,Male,58,3,2,Sales Executive,3,Married,9602,3010,4,Y,Yes,11,3,3,80,1,17,3,2,3,0,1,0,Seek
36,Current employee,Travel_Rarely,884,Sales,1,4,Life Sciences,1,7944,131399,2,Male,59,3,1,Sales Representative,3,Single,3447,24444,1,Y,No,11,3,3,80,0,3,2,3,3,2,1,2,Indeed
36,Current employee,Travel_Rarely,884,Sales,1,4,Life Sciences,1,7945,131400,2,Male,59,3,1,Sales Representative,3,Single,3447,24444,8,Y,No,11,3,3,80,0,3,2,3,3,2,1,2,Indeed
36,Current employee,Travel_Rarely,884,Sales,1,4,Life Sciences,1,7949,131404,2,Male,59,3,1,Sales Representative,3,Single,3447,24444,1,Y,No,11,3,3,80,0,3,2,3,3,2,1,2,Indeed
36,Current employee,Travel_Rarely,884,Sales,1,4,Life Sciences,1,7950,131405,2,Male,59,3,1,Sales Representative,3,Single,3447,24444,8,Y,No,11,3,3,80,0,3,2,3,3,2,1,2,Indeed
36,Current employee,Travel_Rarely,884,Sales,1,4,Life Sciences,1,7952,131407,2,Male,59,3,1,Sales Representative,3,Single,3447,24444,1,Y,No,11,3,3,80,0,3,2,3,3,2,1,2,Indeed
36,Current employee,Travel_Rarely,884,Sales,1,4,Life Sciences,1,7953,131408,2,Male,59,3,1,Sales Representative,3,Single,3447,24444,8,Y,No,11,3,3,80,0,3,2,3,3,2,1,2,Indeed
36,Current employee,Travel_Rarely,884,Sales,1,4,Life Sciences,1,7957,131412,2,Male,59,3,1,Sales Representative,3,Single,3447,24444,1,Y,No,11,3,3,80,0,3,2,3,3,2,1,2,Indeed
36,Current employee,Travel_Rarely,884,Sales,1,4,Life Sciences,1,7958,131413,2,Male,59,3,1,Sales Representative,3,Single,3447,24444,8,Y,No,11,3,3,80,0,3,2,3,3,2,1,2,Indeed
36,Current employee,Travel_Frequently,1302,Research & Development,6,4,Life Sciences,1,7976,131431,2,Male,59,3,1,Research Scientist,3,Married,2773,12145,0,Y,No,20,3,4,80,0,3,3,3,2,2,2,2,GlassDoor
36,Current employee,Travel_Frequently,1302,Research & Development,6,4,Marketing,1,7978,131433,2,Male,59,3,1,Research Scientist,3,Married,2773,12145,3,Y,No,20,3,4,80,0,3,3,3,2,2,2,2,GlassDoor
36,Current employee,Travel_Frequently,1302,Research & Development,6,4,Life Sciences,1,7981,131436,2,Male,59,3,1,Research Scientist,3,Married,2773,12145,0,Y,No,20,4,4,80,0,3,3,3,2,2,2,2,GlassDoor
36,Current employee,Travel_Frequently,1302,Research & Development,6,4,Marketing,1,7982,131437,2,Male,59,3,1,Research Scientist,3,Married,2773,12145,3,Y,No,20,4,4,80,0,3,3,3,2,2,2,2,GlassDoor
36,Current employee,Travel_Frequently,1302,Research & Development,6,4,Life Sciences,1,7984,131439,2,Male,59,3,1,Research Scientist,3,Married,2773,12145,0,Y,No,20,3,4,80,0,3,3,3,2,2,2,2,GlassDoor
36,Current employee,Travel_Frequently,1302,Research & Development,6,4,Marketing,1,7986,131441,2,Male,59,3,1,Research Scientist,3,Married,2773,12145,3,Y,No,20,3,4,80,0,3,3,3,2,2,2,2,GlassDoor
36,Current employee,Travel_Frequently,1302,Research & Development,6,4,Life Sciences,1,7989,131444,2,Male,59,3,1,Research Scientist,3,Married,2773,12145,0,Y,No,20,4,4,80,0,3,3,3,2,2,2,2,GlassDoor
36,Current employee,Travel_Frequently,1302,Research & Development,6,4,Marketing,1,7990,131445,2,Male,59,3,1,Research Scientist,3,Married,2773,12145,3,Y,No,20,4,4,80,0,3,3,3,2,2,2,2,GlassDoor
36,Current employee,Travel_Rarely,559,Research & Development,12,4,Life Sciences,1,8056,131511,2,Male,59,3,1,Research Scientist,4,Married,2691,7660,1,Y,No,12,4,4,80,1,10,4,2,10,9,8,8,Company Website
36,Current employee,Travel_Rarely,559,Research & Development,12,4,Medical,1,8058,131513,2,Male,59,3,1,Research Scientist,4,Married,2691,7660,3,Y,No,12,3,4,80,1,10,4,2,10,9,8,8,Company Website
36,Current employee,Travel_Rarely,559,Research & Development,12,4,Life Sciences,1,8061,131516,2,Male,59,3,1,Research Scientist,4,Married,2691,7660,1,Y,No,12,3,4,80,1,10,4,2,10,9,8,8,Company Website
36,Current employee,Travel_Rarely,559,Research & Development,12,4,Medical,1,8062,131517,2,Male,59,3,1,Research Scientist,4,Married,2691,7660,3,Y,No,12,3,4,80,1,10,4,2,10,9,8,8,Company Website
36,Current employee,Travel_Rarely,559,Research & Development,12,4,Life Sciences,1,8064,131519,2,Male,59,3,1,Research Scientist,4,Married,2691,7660,1,Y,No,12,4,4,80,1,10,4,2,10,9,8,8,Company Website
36,Current employee,Travel_Rarely,559,Research & Development,12,4,Medical,1,8066,131521,2,Male,59,3,1,Research Scientist,4,Married,2691,7660,3,Y,No,12,3,4,80,1,10,4,2,10,9,8,8,Company Website
36,Current employee,Travel_Rarely,559,Research & Development,12,4,Life Sciences,1,8069,131524,2,Male,59,3,1,Research Scientist,4,Married,2691,7660,1,Y,No,12,3,4,80,1,10,4,2,10,9,8,8,Company Website
36,Current employee,Travel_Rarely,559,Research & Development,12,4,Medical,1,8070,131525,2,Male,59,3,1,Research Scientist,4,Married,2691,7660,3,Y,No,12,3,4,80,1,10,4,2,10,9,8,8,Company Website
36,Current employee,Travel_Rarely,913,Research & Development,9,2,Medical,1,8182,131637,2,Male,48,2,2,Manufacturing Director,2,Divorced,8847,13934,2,Y,Yes,11,3,3,80,1,13,2,3,3,2,0,2,Recruit.net
36,Current employee,Travel_Rarely,913,Research & Development,9,2,Medical,1,8184,131639,2,Male,48,2,2,Manufacturing Director,2,Divorced,8847,13934,1,Y,Yes,11,3,3,80,1,13,2,3,3,2,0,2,Recruit.net
36,Current employee,Travel_Rarely,913,Research & Development,9,2,Medical,1,8186,131641,2,Male,48,2,2,Manufacturing Director,2,Divorced,8847,13934,2,Y,Yes,11,3,3,80,1,13,2,3,3,2,0,2,Recruit.net
36,Current employee,Travel_Rarely,913,Research & Development,9,2,Medical,1,8187,131642,2,Male,48,2,2,Manufacturing Director,2,Divorced,8847,13934,1,Y,Yes,11,3,3,80,1,13,2,3,3,2,0,2,Recruit.net
36,Current employee,Travel_Rarely,913,Research & Development,9,2,Medical,1,8190,131645,2,Male,48,2,2,Manufacturing Director,2,Divorced,8847,13934,2,Y,Yes,11,3,3,80,1,13,2,3,3,2,0,2,Recruit.net
36,Current employee,Travel_Rarely,913,Research & Development,9,2,Medical,1,8192,131647,2,Male,48,2,2,Manufacturing Director,2,Divorced,8847,13934,1,Y,Yes,11,3,3,80,1,13,2,3,3,2,0,2,Recruit.net
36,Current employee,Travel_Rarely,913,Research & Development,9,2,Medical,1,8194,131649,2,Male,48,2,2,Manufacturing Director,2,Divorced,8847,13934,2,Y,Yes,11,3,3,80,1,13,2,3,3,2,0,2,Recruit.net
36,Current employee,Travel_Rarely,913,Research & Development,9,2,Medical,1,8195,131650,2,Male,48,2,2,Manufacturing Director,2,Divorced,8847,13934,1,Y,Yes,11,3,3,80,1,13,2,3,3,2,0,2,Recruit.net
36,Current employee,Travel_Rarely,711,Research & Development,5,4,Life Sciences,1,8215,131670,2,Male,59,3,1,Research Scientist,3,Single,1009,26999,1,Y,Yes,11,3,4,80,0,1,5,3,1,0,1,1,Jora
36,Current employee,Travel_Rarely,711,Research & Development,5,4,Life Sciences,1,8216,131671,2,Male,59,3,1,Research Scientist,3,Single,1009,26999,3,Y,Yes,11,3,4,80,0,1,5,3,1,0,1,1,Jora
36,Current employee,Travel_Rarely,711,Research & Development,5,4,Life Sciences,1,8220,131675,2,Male,59,3,1,Research Scientist,3,Single,1009,26999,1,Y,Yes,11,3,4,80,0,1,5,3,1,0,1,1,Jora
36,Current employee,Travel_Rarely,711,Research & Development,5,4,Life Sciences,1,8221,131676,2,Male,59,3,1,Research Scientist,3,Single,1009,26999,3,Y,Yes,11,3,4,80,0,1,5,3,1,0,1,1,Jora
36,Current employee,Travel_Rarely,711,Research & Development,5,4,Life Sciences,1,8223,131678,2,Male,59,3,1,Research Scientist,3,Single,1009,26999,1,Y,Yes,11,3,4,80,0,1,5,3,1,0,1,1,Jora
36,Current employee,Travel_Rarely,711,Research & Development,5,4,Life Sciences,1,8224,131679,2,Male,59,3,1,Research Scientist,3,Single,1009,26999,3,Y,Yes,11,3,4,80,0,1,5,3,1,0,1,1,Jora
36,Current employee,Travel_Rarely,711,Research & Development,5,4,Life Sciences,1,8228,131683,2,Male,59,3,1,Research Scientist,3,Single,1009,26999,1,Y,Yes,11,3,4,80,0,1,5,3,1,0,1,1,Jora
36,Current employee,Travel_Rarely,711,Research & Development,5,4,Life Sciences,1,8229,131684,2,Male,59,3,1,Research Scientist,3,Single,1009,26999,3,Y,Yes,11,3,4,80,0,1,5,3,1,0,1,1,Jora
36,Current employee,Travel_Rarely,311,Research & Development,7,3,Life Sciences,1,8279,131734,2,Male,59,4,2,Sales Executive,2,Married,4851,15678,0,Y,No,22,3,3,80,1,4,4,3,3,2,1,2,Adzuna
36,Current employee,Travel_Rarely,311,Research & Development,7,3,Marketing,1,8280,131735,2,Male,59,4,2,Sales Executive,2,Married,4851,15678,5,Y,No,22,3,3,80,1,4,4,3,3,2,1,2,Adzuna
36,Current employee,Travel_Rarely,311,Research & Development,7,3,Life Sciences,1,8284,131739,2,Male,59,4,2,Sales Executive,2,Married,4851,15678,0,Y,No,22,4,3,80,1,4,4,3,3,2,1,2,Adzuna
36,Current employee,Travel_Rarely,311,Research & Development,7,3,Marketing,1,8285,131740,2,Male,59,4,2,Sales Executive,2,Married,4851,15678,5,Y,No,22,4,3,80,1,4,4,3,3,2,1,2,Adzuna
36,Current employee,Travel_Rarely,311,Research & Development,7,3,Life Sciences,1,8287,131742,2,Male,59,4,2,Sales Executive,2,Married,4851,15678,0,Y,No,22,3,3,80,1,4,4,3,3,2,1,2,Adzuna
36,Current employee,Travel_Rarely,311,Research & Development,7,3,Marketing,1,8288,131743,2,Male,59,4,2,Sales Executive,2,Married,4851,15678,5,Y,No,22,3,3,80,1,4,4,3,3,2,1,2,Adzuna
36,Current employee,Travel_Rarely,311,Research & Development,7,3,Life Sciences,1,8292,131747,2,Male,59,4,2,Sales Executive,2,Married,4851,15678,0,Y,No,22,4,3,80,1,4,4,3,3,2,1,2,Adzuna
36,Current employee,Travel_Rarely,311,Research & Development,7,3,Marketing,1,8293,131748,2,Male,59,4,2,Sales Executive,2,Married,4851,15678,5,Y,No,22,4,3,80,1,4,4,3,3,2,1,2,Adzuna
36,Current employee,Travel_Rarely,1040,Research & Development,3,2,Life Sciences,1,8311,131766,2,Male,60,1,1,Research Scientist,4,Divorced,2720,18959,1,Y,No,18,3,4,80,1,10,5,3,10,7,2,8,Company Website
36,Current employee,Travel_Rarely,1040,Research & Development,3,2,Life Sciences,1,8313,131768,2,Male,60,1,1,Research Scientist,4,Divorced,2720,18959,3,Y,No,18,3,4,80,1,10,5,3,10,7,2,8,Company Website
36,Current employee,Travel_Rarely,1040,Research & Development,3,2,Life Sciences,1,8316,131771,2,Male,60,1,1,Research Scientist,4,Divorced,2720,18959,1,Y,No,18,3,4,80,1,10,5,3,10,7,2,8,Company Website
36,Current employee,Travel_Rarely,1040,Research & Development,3,2,Life Sciences,1,8317,131772,2,Male,60,1,1,Research Scientist,4,Divorced,2720,18959,3,Y,No,18,3,4,80,1,10,5,3,10,7,2,8,Company Website
36,Current employee,Travel_Rarely,1040,Research & Development,3,2,Life Sciences,1,8319,131774,2,Male,60,1,1,Research Scientist,4,Divorced,2720,18959,1,Y,No,18,3,4,80,1,10,5,3,10,7,2,8,Company Website
36,Current employee,Travel_Rarely,1040,Research & Development,3,2,Life Sciences,1,8321,131776,2,Male,60,1,1,Research Scientist,4,Divorced,2720,18959,3,Y,No,18,3,4,80,1,10,5,3,10,7,2,8,Company Website
36,Current employee,Travel_Rarely,1040,Research & Development,3,2,Life Sciences,1,8324,131779,2,Male,60,1,1,Research Scientist,4,Divorced,2720,18959,1,Y,No,18,3,4,80,1,10,5,3,10,7,2,8,Company Website
36,Current employee,Travel_Rarely,1040,Research & Development,3,2,Life Sciences,1,8325,131780,2,Male,60,1,1,Research Scientist,4,Divorced,2720,18959,3,Y,No,18,3,4,80,1,10,5,3,10,7,2,8,Company Website
36,Current employee,Travel_Rarely,1351,Research & Development,26,4,Life Sciences,1,8459,131914,2,Male,60,3,2,Sales Executive,3,Married,6796,23452,3,Y,Yes,14,3,1,80,1,18,4,3,4,3,1,3,Adzuna
36,Current employee,Travel_Rarely,1351,Research & Development,26,4,Technical Degree,1,TESTING,TESTING,,,,,,,,,,,,,,,,,,,,,,,,,,
36,Current employee,Travel_Rarely,1351,Research & Development,26,4,Life Sciences,1,8462,131917,2,Male,60,3,2,Sales Executive,3,Married,6796,23452,3,Y,Yes,14,3,1,80,1,18,4,3,4,3,1,3,Adzuna
36,Current employee,Travel_Rarely,1351,Research & Development,26,4,Technical Degree,1,8463,131918,2,Male,60,3,2,Sales Executive,3,Married,6796,23452,8,Y,Yes,14,3,1,80,1,18,4,3,4,3,1,3,Adzuna
36,Current employee,Travel_Rarely,1351,Research & Development,26,4,Life Sciences,1,8469,131924,2,Male,60,3,2,Sales Executive,3,Married,6796,23452,3,Y,Yes,14,3,1,80,1,18,4,3,4,3,1,3,Adzuna
36,Current employee,Travel_Rarely,1351,Research & Development,26,4,Technical Degree,1,8471,131926,2,Male,60,3,2,Sales Executive,3,Married,6796,23452,8,Y,Yes,14,3,1,80,1,18,4,3,4,3,1,3,Adzuna
36,Current employee,Travel_Rarely,1351,Research & Development,26,4,Life Sciences,1,8472,131927,2,Male,60,3,2,Sales Executive,3,Married,6796,23452,3,Y,Yes,14,3,1,80,1,18,4,3,4,3,1,3,Adzuna
36,Current employee,Travel_Rarely,1351,Research & Development,26,4,Technical Degree,1,8473,131928,2,Male,60,3,2,Sales Executive,3,Married,6796,23452,8,Y,Yes,14,3,1,80,1,18,4,3,4,3,1,3,Adzuna
36,Current employee,Travel_Rarely,530,Sales,2,4,Life Sciences,1,8567,132022,2,Male,60,4,4,Research Director,3,Married,14814,13514,3,Y,No,19,3,3,80,0,32,3,3,5,1,1,3,Seek
36,Current employee,Travel_Rarely,530,Sales,2,4,Life Sciences,1,8568,132023,2,Male,60,4,4,Research Director,3,Married,14814,13514,1,Y,No,19,3,3,80,0,32,3,3,5,1,1,3,Seek
36,Current employee,Travel_Rarely,530,Sales,2,4,Life Sciences,1,8570,132025,2,Male,60,4,4,Research Director,3,Married,14814,13514,3,Y,No,19,3,3,80,0,32,3,3,5,1,1,3,Seek
36,Current employee,Travel_Rarely,530,Sales,2,4,Life Sciences,1,8571,132026,2,Male,60,4,4,Research Director,3,Married,14814,13514,1,Y,No,19,3,3,80,0,32,3,3,5,1,1,3,Seek
36,Current employee,Travel_Rarely,530,Sales,2,4,Life Sciences,1,8577,132032,2,Male,60,4,4,Research Director,3,Married,14814,13514,3,Y,No,19,3,3,80,0,32,3,3,5,1,1,3,Seek
36,Current employee,Travel_Rarely,530,Sales,2,4,Life Sciences,1,8578,132033,2,Male,60,4,4,Research Director,3,Married,14814,13514,1,Y,No,19,3,3,80,0,32,3,3,5,1,1,3,Seek
36,Current employee,Travel_Rarely,530,Sales,2,4,Life Sciences,1,8580,132035,2,Male,60,4,4,Research Director,3,Married,14814,13514,3,Y,No,19,3,3,80,0,32,3,3,5,1,1,3,Seek
36,Current employee,Travel_Rarely,530,Sales,2,4,Life Sciences,1,8581,132036,2,Male,60,4,4,Research Director,3,Married,14814,13514,1,Y,No,19,3,3,80,0,32,3,3,5,1,1,3,Seek
36,Current employee,Non-Travel,427,Research & Development,8,3,Life Sciences,1,8691,132146,1,Female,63,4,3,Research Director,1,Married,11713,20335,9,Y,No,14,3,1,80,1,10,2,3,8,7,0,5,Jora
36,Current employee,Non-Travel,427,Research & Development,8,3,Marketing,1,8693,132148,1,Female,63,4,3,Research Director,1,Married,11713,20335,2,Y,No,14,3,1,80,1,10,2,3,8,7,0,5,Jora
36,Current employee,Non-Travel,427,Research & Development,8,3,Life Sciences,1,8697,132152,1,Female,63,4,3,Research Director,1,Married,11713,20335,9,Y,No,14,3,1,80,1,10,2,3,8,7,0,5,Jora
36,Current employee,Non-Travel,427,Research & Development,8,3,Marketing,1,8698,132153,1,Female,63,4,3,Research Director,1,Married,11713,20335,2,Y,No,14,3,1,80,1,10,2,3,8,7,0,5,Jora
36,Current employee,Non-Travel,427,Research & Development,8,3,Life Sciences,1,8699,132154,1,Female,63,4,3,Research Director,1,Married,11713,20335,9,Y,No,14,3,1,80,1,10,2,3,8,7,0,5,Jora
36,Current employee,Non-Travel,427,Research & Development,8,3,Life Sciences,1,8700,132155,1,Female,63,4,3,Research Director,1,Married,11713,20335,1,Y,Yes,15,3,1,80,0,1,2,3,1,0,0,0,Seek
36,Current employee,Non-Travel,427,Research & Development,8,3,Life Sciences,1,8701,132156,1,Female,63,4,3,Research Director,1,Married,11713,20335,1,Y,No,11,4,1,80,2,7,3,3,7,7,0,7,Seek
36,Current employee,Non-Travel,427,Research & Development,8,3,Marketing,1,8703,132158,1,Female,63,4,3,Research Director,1,Married,11713,20335,2,Y,No,14,3,1,80,1,10,2,3,8,7,0,5,Jora
36,Current employee,Non-Travel,427,Research & Development,8,3,Life Sciences,1,8707,132162,1,Female,63,4,3,Research Director,1,Married,11713,20335,9,Y,No,14,3,1,80,1,10,2,3,8,7,0,5,Jora
36,Current employee,Non-Travel,427,Research & Development,8,3,Marketing,1,8708,132163,1,Female,63,4,3,Research Director,1,Married,11713,20335,2,Y,No,14,3,1,80,1,10,2,3,8,7,0,5,Jora
36,Current employee,Travel_Rarely,1383,Research & Development,10,3,Life Sciences,1,8919,132374,2,Male,61,3,1,Sales Representative,2,Divorced,2297,17967,1,Y,No,14,3,4,80,2,2,2,3,2,2,2,2,Indeed
36,Current employee,Travel_Rarely,1383,Research & Development,10,3,Medical,1,8921,132376,2,Male,61,3,1,Sales Representative,2,Divorced,2297,17967,9,Y,No,14,3,4,80,2,2,2,3,2,2,2,2,Indeed
36,Current employee,Travel_Rarely,1383,Research & Development,10,3,Life Sciences,1,8924,132379,2,Male,61,3,1,Sales Representative,2,Divorced,2297,17967,1,Y,No,14,3,4,80,2,2,2,3,2,2,2,2,Indeed
36,Current employee,Travel_Rarely,1383,Research & Development,10,3,Medical,1,8925,132380,2,Male,61,3,1,Sales Representative,2,Divorced,2297,17967,9,Y,No,14,3,4,80,2,2,2,3,2,2,2,2,Indeed
36,Current employee,Travel_Rarely,1383,Research & Development,10,3,Life Sciences,1,8927,132382,2,Male,61,3,1,Sales Representative,2,Divorced,2297,17967,1,Y,No,14,3,4,80,2,2,2,3,2,2,2,2,Indeed
36,Current employee,Travel_Rarely,1383,Research & Development,10,3,Medical,1,8929,132384,2,Male,61,3,1,Sales Representative,2,Divorced,2297,17967,9,Y,No,14,3,4,80,2,2,2,3,2,2,2,2,Indeed
36,Current employee,Travel_Rarely,1383,Research & Development,10,3,Life Sciences,1,8932,132387,2,Male,61,3,1,Sales Representative,2,Divorced,2297,17967,1,Y,No,14,3,4,80,2,2,2,3,2,2,2,2,Indeed
36,Current employee,Travel_Rarely,1383,Research & Development,10,3,Medical,1,8933,132388,2,Male,61,3,1,Sales Representative,2,Divorced,2297,17967,9,Y,No,14,3,4,80,2,2,2,3,2,2,2,2,Indeed
36,Current employee,Non-Travel,1434,Sales,8,4,Life Sciences,1,9143,132598,1,Male,76,2,3,Sales Executive,1,Single,7587,14229,1,Y,No,15,3,2,80,0,10,1,3,10,7,0,9,Company Website
36,Current employee,Non-Travel,1434,Sales,8,4,Marketing,1,9146,132601,1,Male,76,2,3,Sales Executive,1,Single,7587,14229,6,Y,No,15,3,2,80,0,10,1,3,10,7,0,9,Company Website
36,Current employee,Non-Travel,1434,Sales,8,4,Life Sciences,1,9147,132602,1,Male,76,2,3,Sales Executive,1,Single,7587,14229,1,Y,No,15,3,2,80,0,10,1,3,10,7,0,9,Company Website
36,Current employee,Non-Travel,1434,Sales,8,4,Marketing,1,9148,132603,1,Male,76,2,3,Sales Executive,1,Single,7587,14229,6,Y,No,15,3,2,80,0,10,1,3,10,7,0,9,Company Website
36,Current employee,Non-Travel,1434,Sales,8,4,Life Sciences,1,9151,132606,1,Male,76,2,3,Sales Executive,1,Single,7587,14229,1,Y,No,15,3,2,80,0,10,1,3,10,7,0,9,Company Website
36,Current employee,Non-Travel,1434,Sales,8,4,Marketing,1,9154,132609,1,Male,76,2,3,Sales Executive,1,Single,7587,14229,6,Y,No,15,3,2,80,0,10,1,3,10,7,0,9,Company Website
36,Current employee,Non-Travel,1434,Sales,8,4,Life Sciences,1,9155,132610,1,Male,76,2,3,Sales Executive,1,Single,7587,14229,1,Y,No,15,3,2,80,0,10,1,3,10,7,0,9,Company Website
36,Current employee,Non-Travel,1434,Sales,8,4,Marketing,1,9156,132611,1,Male,76,2,3,Sales Executive,1,Single,7587,14229,6,Y,No,15,3,2,80,0,10,1,3,10,7,0,9,Company Website
36,Current employee,Travel_Rarely,676,Research & Development,1,3,Other,1,9524,132979,3,Female,35,3,2,Manufacturing Director,2,Married,5228,23361,0,Y,No,15,3,1,80,1,10,2,3,9,7,0,5,Company Website
36,Current employee,Travel_Rarely,676,Research & Development,1,3,Life Sciences,1,9526,132981,3,Female,35,3,2,Manufacturing Director,2,Married,5228,23361,1,Y,No,15,3,1,80,1,10,2,3,9,7,0,5,Company Website
36,Current employee,Travel_Rarely,676,Research & Development,1,3,Other,1,9530,132985,3,Female,35,3,2,Manufacturing Director,2,Married,5228,23361,0,Y,No,15,3,1,80,1,10,2,3,9,7,0,5,Company Website
36,Current employee,Travel_Rarely,676,Research & Development,1,3,Life Sciences,1,9531,132986,3,Female,35,3,2,Manufacturing Director,2,Married,5228,23361,1,Y,No,15,3,1,80,1,10,2,3,9,7,0,5,Company Website
36,Current employee,Travel_Rarely,676,Research & Development,1,3,Other,1,9532,132987,3,Female,35,3,2,Manufacturing Director,2,Married,5228,23361,0,Y,No,15,3,1,80,1,10,2,3,9,7,0,5,Company Website
36,Current employee,Travel_Rarely,676,Research & Development,1,3,Life Sciences,1,9534,132989,3,Female,35,3,2,Manufacturing Director,2,Married,5228,23361,1,Y,No,15,3,1,80,1,10,2,3,9,7,0,5,Company Website
36,Current employee,Travel_Rarely,676,Research & Development,1,3,Other,1,9538,132993,3,Female,35,3,2,Manufacturing Director,2,Married,5228,23361,0,Y,No,15,3,1,80,1,10,2,3,9,7,0,5,Company Website
36,Current employee,Travel_Rarely,676,Research & Development,1,3,Life Sciences,1,9539,132994,3,Female,35,3,2,Manufacturing Director,2,Married,5228,23361,1,Y,No,15,3,1,80,1,10,2,3,9,7,0,5,Company Website
36,Current employee,Non-Travel,1351,Research & Development,9,4,Life Sciences,1,9573,133028,3,Female,63,4,1,Research Scientist,3,Single,2506,13301,3,Y,No,13,4,3,80,0,7,0,3,2,2,2,2,LinkedIn
36,Current employee,Non-Travel,1351,Research & Development,9,4,Medical,1,9575,133030,3,Female,63,4,1,Research Scientist,3,Single,2506,13301,3,Y,No,13,3,3,80,0,7,0,3,2,2,2,2,LinkedIn
36,Current employee,Non-Travel,1351,Research & Development,9,4,Life Sciences,1,9578,133033,3,Female,63,4,1,Research Scientist,3,Single,2506,13301,3,Y,No,13,3,3,80,0,7,0,3,2,2,2,2,LinkedIn
36,Current employee,Non-Travel,1351,Research & Development,9,4,Medical,1,9579,133034,3,Female,63,4,1,Research Scientist,3,Single,2506,13301,3,Y,No,13,3,3,80,0,7,0,3,2,2,2,2,LinkedIn
36,Current employee,Non-Travel,1351,Research & Development,9,4,Life Sciences,1,9581,133036,3,Female,63,4,1,Research Scientist,3,Single,2506,13301,3,Y,No,13,4,3,80,0,7,0,3,2,2,2,2,LinkedIn
36,Current employee,Non-Travel,1351,Research & Development,9,4,Medical,1,9583,133038,3,Female,63,4,1,Research Scientist,3,Single,2506,13301,3,Y,No,13,3,3,80,0,7,0,3,2,2,2,2,LinkedIn
36,Current employee,Non-Travel,1351,Research & Development,9,4,Life Sciences,1,9586,133041,3,Female,63,4,1,Research Scientist,3,Single,2506,13301,3,Y,No,13,3,3,80,0,7,0,3,2,2,2,2,LinkedIn
36,Current employee,Non-Travel,1351,Research & Development,9,4,Medical,1,9587,133042,3,Female,63,4,1,Research Scientist,3,Single,2506,13301,3,Y,No,13,3,3,80,0,7,0,3,2,2,2,2,LinkedIn
36,Current employee,Travel_Rarely,1041,Human Resources,13,3,Human Resources,1,9620,133075,3,Male,36,3,1,Human Resources,2,Married,2143,25527,4,Y,No,13,3,2,80,1,8,2,3,5,2,0,4,GlassDoor
36,Current employee,Travel_Rarely,1041,Human Resources,13,3,Medical,1,9623,133078,3,Male,36,3,1,Human Resources,2,Married,2143,25527,0,Y,No,13,3,2,80,1,8,2,3,5,2,0,4,GlassDoor
36,Current employee,Travel_Rarely,1041,Human Resources,13,3,Human Resources,1,9624,133079,3,Male,36,3,1,Human Resources,2,Married,2143,25527,4,Y,No,13,3,2,80,1,8,2,3,5,2,0,4,GlassDoor
36,Current employee,Travel_Rarely,1041,Human Resources,13,3,Medical,1,9625,133080,3,Male,36,3,1,Human Resources,2,Married,2143,25527,0,Y,No,13,3,2,80,1,8,2,3,5,2,0,4,GlassDoor
36,Current employee,Travel_Rarely,1041,Human Resources,13,3,Human Resources,1,9628,133083,3,Male,36,3,1,Human Resources,2,Married,2143,25527,4,Y,No,13,3,2,80,1,8,2,3,5,2,0,4,GlassDoor
36,Current employee,Travel_Rarely,1041,Human Resources,13,3,Medical,1,9631,133086,3,Male,36,3,1,Human Resources,2,Married,2143,25527,0,Y,No,13,3,2,80,1,8,2,3,5,2,0,4,GlassDoor
36,Current employee,Travel_Rarely,1041,Human Resources,13,3,Human Resources,1,9632,133087,3,Male,36,3,1,Human Resources,2,Married,2143,25527,4,Y,No,13,3,2,80,1,8,2,3,5,2,0,4,GlassDoor
36,Current employee,Travel_Rarely,1041,Human Resources,13,3,Medical,1,9633,133088,3,Male,36,3,1,Human Resources,2,Married,2143,25527,0,Y,No,13,3,2,80,1,8,2,3,5,2,0,4,GlassDoor
36,Current employee,Travel_Frequently,688,Research & Development,4,2,Life Sciences,1,9955,133410,3,Female,64,2,1,Research Scientist,1,Single,2559,17852,1,Y,No,11,4,4,80,0,6,3,2,6,5,1,1,Indeed
36,Current employee,Travel_Frequently,688,Research & Development,4,2,Life Sciences,1,9956,133411,3,Female,64,2,1,Research Scientist,1,Single,2559,17852,3,Y,No,11,4,4,80,0,6,3,2,6,5,1,1,Indeed
36,Current employee,Travel_Frequently,688,Research & Development,4,2,Life Sciences,1,9960,133415,3,Female,64,2,1,Research Scientist,1,Single,2559,17852,1,Y,No,11,3,4,80,0,6,3,2,6,5,1,1,Indeed
36,Current employee,Travel_Frequently,688,Research & Development,4,2,Life Sciences,1,9961,133416,3,Female,64,2,1,Research Scientist,1,Single,2559,17852,3,Y,No,11,3,4,80,0,6,3,2,6,5,1,1,Indeed
36,Current employee,Travel_Frequently,688,Research & Development,4,2,Life Sciences,1,9963,133418,3,Female,64,2,1,Research Scientist,1,Single,2559,17852,1,Y,No,11,4,4,80,0,6,3,2,6,5,1,1,Indeed
36,Current employee,Travel_Frequently,688,Research & Development,4,2,Life Sciences,1,9964,133419,3,Female,64,2,1,Research Scientist,1,Single,2559,17852,3,Y,No,11,4,4,80,0,6,3,2,6,5,1,1,Indeed
36,Current employee,Travel_Frequently,688,Research & Development,4,2,Life Sciences,1,9968,133423,3,Female,64,2,1,Research Scientist,1,Single,2559,17852,1,Y,No,11,3,4,80,0,6,3,2,6,5,1,1,Indeed
36,Current employee,Travel_Frequently,688,Research & Development,4,2,Life Sciences,1,9969,133424,3,Female,64,2,1,Research Scientist,1,Single,2559,17852,3,Y,No,11,3,4,80,0,6,3,2,6,5,1,1,Indeed
36,Current employee,Travel_Rarely,928,Sales,1,2,Life Sciences,1,9970,133425,2,Male,56,3,2,Sales Executive,4,Married,6201,2823,1,Y,Yes,14,3,4,80,1,18,1,2,18,14,4,11,Adzuna
36,Current employee,Travel_Rarely,928,Sales,1,2,Life Sciences,1,9972,133427,2,Male,56,3,2,Sales Executive,4,Married,6201,2823,4,Y,Yes,14,3,4,80,1,18,1,2,18,14,4,11,Adzuna
36,Current employee,Travel_Rarely,928,Sales,1,2,Life Sciences,1,9974,133429,2,Male,56,3,2,Sales Executive,4,Married,6201,2823,1,Y,Yes,14,3,4,80,1,18,1,2,18,14,4,11,Adzuna
36,Current employee,Travel_Rarely,928,Sales,1,2,Life Sciences,1,9975,133430,2,Male,56,3,2,Sales Executive,4,Married,6201,2823,4,Y,Yes,14,3,4,80,1,18,1,2,18,14,4,11,Adzuna
36,Current employee,Travel_Rarely,928,Sales,1,2,Life Sciences,1,9978,133433,2,Male,56,3,2,Sales Executive,4,Married,6201,2823,1,Y,Yes,14,3,4,80,1,18,1,2,18,14,4,11,Adzuna
36,Current employee,Travel_Rarely,928,Sales,1,2,Life Sciences,1,9980,133435,2,Male,56,3,2,Sales Executive,4,Married,6201,2823,4,Y,Yes,14,3,4,80,1,18,1,2,18,14,4,11,Adzuna
36,Current employee,Travel_Rarely,928,Sales,1,2,Life Sciences,1,9982,133437,2,Male,56,3,2,Sales Executive,4,Married,6201,2823,1,Y,Yes,14,3,4,80,1,18,1,2,18,14,4,11,Adzuna
36,Current employee,Travel_Rarely,928,Sales,1,2,Life Sciences,1,9983,133438,2,Male,56,3,2,Sales Executive,4,Married,6201,2823,4,Y,Yes,14,3,4,80,1,18,1,2,18,14,4,11,Adzuna
36,Current employee,Travel_Rarely,1278,Human Resources,8,3,Life Sciences,1,10159,133614,1,Male,77,2,1,Human Resources,1,Married,2342,8635,0,Y,No,21,3,3,80,0,6,3,3,5,4,0,3,Jora
36,Current employee,Travel_Rarely,1278,Human Resources,8,3,Medical,1,10161,133616,1,Male,77,2,1,Human Resources,1,Married,2342,8635,0,Y,No,21,4,3,80,0,6,3,3,5,4,0,3,Jora
36,Current employee,Travel_Rarely,1278,Human Resources,8,3,Life Sciences,1,10163,133618,1,Male,77,2,1,Human Resources,1,Married,2342,8635,0,Y,No,21,4,3,80,0,6,3,3,5,4,0,3,Jora
36,Current employee,Travel_Rarely,1278,Human Resources,8,3,Medical,1,10164,133619,1,Male,77,2,1,Human Resources,1,Married,2342,8635,0,Y,No,21,4,3,80,0,6,3,3,5,4,0,3,Jora
36,Current employee,Travel_Rarely,1278,Human Resources,8,3,Life Sciences,1,10167,133622,1,Male,77,2,1,Human Resources,1,Married,2342,8635,0,Y,No,21,3,3,80,0,6,3,3,5,4,0,3,Jora
36,Current employee,Travel_Rarely,1278,Human Resources,8,3,Medical,1,10169,133624,1,Male,77,2,1,Human Resources,1,Married,2342,8635,0,Y,No,21,4,3,80,0,6,3,3,5,4,0,3,Jora
36,Current employee,Travel_Rarely,1278,Human Resources,8,3,Life Sciences,1,10171,133626,1,Male,77,2,1,Human Resources,1,Married,2342,8635,0,Y,No,21,4,3,80,0,6,3,3,5,4,0,3,Jora
36,Current employee,Travel_Rarely,1278,Human Resources,8,3,Medical,1,10172,133627,1,Male,77,2,1,Human Resources,1,Married,2342,8635,0,Y,No,21,4,3,80,0,6,3,3,5,4,0,3,Jora
36,Current employee,Travel_Rarely,1425,Research & Development,14,1,Life Sciences,1,10663,134118,3,Male,68,3,2,Healthcare Representative,4,Married,6586,4821,0,Y,Yes,17,3,1,80,1,17,2,2,16,8,4,11,Indeed
36,Current employee,Travel_Rarely,1425,Research & Development,14,1,Medical,1,10665,134120,3,Male,68,3,2,Healthcare Representative,4,Married,6586,4821,0,Y,Yes,17,4,1,80,1,17,2,2,16,8,4,11,Indeed
36,Current employee,Travel_Rarely,1425,Research & Development,14,1,Life Sciences,1,10667,134122,3,Male,68,3,2,Healthcare Representative,4,Married,6586,4821,0,Y,Yes,17,3,1,80,1,17,2,2,16,8,4,11,Indeed
36,Current employee,Travel_Rarely,1425,Research & Development,14,1,Medical,1,10668,134123,3,Male,68,3,2,Healthcare Representative,4,Married,6586,4821,0,Y,Yes,17,3,1,80,1,17,2,2,16,8,4,11,Indeed
36,Current employee,Travel_Rarely,1425,Research & Development,14,1,Life Sciences,1,10671,134126,3,Male,68,3,2,Healthcare Representative,4,Married,6586,4821,0,Y,Yes,17,3,1,80,1,17,2,2,16,8,4,11,Indeed
36,Current employee,Travel_Rarely,1425,Research & Development,14,1,Medical,1,10674,134129,3,Male,68,3,2,Healthcare Representative,4,Married,6586,4821,0,Y,Yes,17,4,1,80,1,17,2,2,16,8,4,11,Indeed
36,Current employee,Travel_Rarely,1425,Research & Development,14,1,Life Sciences,1,10676,134131,3,Male,68,3,2,Healthcare Representative,4,Married,6586,4821,0,Y,Yes,17,3,1,80,1,17,2,2,16,8,4,11,Indeed
36,Current employee,Travel_Rarely,1425,Research & Development,14,1,Medical,1,10677,134132,3,Male,68,3,2,Healthcare Representative,4,Married,6586,4821,0,Y,Yes,17,3,1,80,1,17,2,2,16,8,4,11,Indeed
36,Current employee,Travel_Rarely,188,Research & Development,7,4,Other,1,10923,134378,2,Male,65,3,1,Research Scientist,4,Single,4678,23293,2,Y,No,18,3,3,80,0,8,6,3,6,2,0,1,Company Website
36,Current employee,Travel_Rarely,188,Research & Development,7,4,Marketing,1,10926,134381,2,Male,65,3,1,Research Scientist,4,Single,4678,23293,3,Y,No,18,3,3,80,0,8,6,3,6,2,0,1,Company Website
36,Current employee,Travel_Rarely,188,Research & Development,7,4,Other,1,10929,134384,2,Male,65,3,1,Research Scientist,4,Single,4678,23293,2,Y,No,18,3,3,80,0,8,6,3,6,2,0,1,Company Website
36,Current employee,Travel_Rarely,188,Research & Development,7,4,Marketing,1,10930,134385,2,Male,65,3,1,Research Scientist,4,Single,4678,23293,3,Y,No,18,3,3,80,0,8,6,3,6,2,0,1,Company Website
36,Current employee,Travel_Rarely,188,Research & Development,7,4,Other,1,10931,134386,2,Male,65,3,1,Research Scientist,4,Single,4678,23293,2,Y,No,18,3,3,80,0,8,6,3,6,2,0,1,Company Website
36,Current employee,Travel_Rarely,188,Research & Development,7,4,Marketing,1,10934,134389,2,Male,65,3,1,Research Scientist,4,Single,4678,23293,3,Y,No,18,3,3,80,0,8,6,3,6,2,0,1,Company Website
36,Current employee,Travel_Rarely,188,Research & Development,7,4,Other,1,10937,134392,2,Male,65,3,1,Research Scientist,4,Single,4678,23293,2,Y,No,18,3,3,80,0,8,6,3,6,2,0,1,Company Website
36,Current employee,Travel_Rarely,188,Research & Development,7,4,Marketing,1,10938,134393,2,Male,65,3,1,Research Scientist,4,Single,4678,23293,3,Y,No,18,3,3,80,0,8,6,3,6,2,0,1,Company Website
36,Current employee,Travel_Rarely,938,Research & Development,2,4,Medical,1,11035,134490,3,Male,79,3,1,Laboratory Technician,3,Single,2519,12287,4,Y,No,21,3,3,80,0,16,6,3,11,8,3,9,Company Website
36,Current employee,Travel_Rarely,938,Research & Development,2,4,Life Sciences,1,11037,134492,3,Male,79,3,1,Laboratory Technician,3,Single,2519,12287,1,Y,No,21,3,3,80,0,16,6,3,11,8,3,9,Company Website
36,Current employee,Travel_Rarely,938,Research & Development,2,4,Medical,1,11041,134496,3,Male,79,3,1,Laboratory Technician,3,Single,2519,12287,4,Y,No,21,4,3,80,0,16,6,3,11,8,3,9,Company Website
36,Current employee,Travel_Rarely,938,Research & Development,2,4,Life Sciences,1,11042,134497,3,Male,79,3,1,Laboratory Technician,3,Single,2519,12287,1,Y,No,21,4,3,80,0,16,6,3,11,8,3,9,Company Website
36,Current employee,Travel_Rarely,938,Research & Development,2,4,Medical,1,11043,134498,3,Male,79,3,1,Laboratory Technician,3,Single,2519,12287,4,Y,No,21,3,3,80,0,16,6,3,11,8,3,9,Company Website
36,Current employee,Travel_Rarely,938,Research & Development,2,4,Life Sciences,1,11045,134500,3,Male,79,3,1,Laboratory Technician,3,Single,2519,12287,1,Y,No,21,3,3,80,0,16,6,3,11,8,3,9,Company Website
36,Current employee,Travel_Rarely,938,Research & Development,2,4,Medical,1,11049,134504,3,Male,79,3,1,Laboratory Technician,3,Single,2519,12287,4,Y,No,21,4,3,80,0,16,6,3,11,8,3,9,Company Website
36,Current employee,Travel_Rarely,938,Research & Development,2,4,Life Sciences,1,11050,134505,3,Male,79,3,1,Laboratory Technician,3,Single,2519,12287,1,Y,No,21,4,3,80,0,16,6,3,11,8,3,9,Company Website
36,Current employee,Non-Travel,1229,Sales,8,4,Technical Degree,1,11366,134821,1,Male,84,3,2,Sales Executive,4,Divorced,5079,25952,4,Y,No,13,4,4,80,2,12,3,3,7,7,0,7,Indeed
36,Current employee,Non-Travel,1229,Sales,8,4,Medical,1,11368,134823,1,Male,84,3,2,Sales Executive,4,Divorced,5079,25952,6,Y,No,13,3,4,80,2,12,3,3,7,7,0,7,Indeed
36,Current employee,Non-Travel,1229,Sales,8,4,Technical Degree,1,11370,134825,1,Male,84,3,2,Sales Executive,4,Divorced,5079,25952,4,Y,No,13,3,4,80,2,12,3,3,7,7,0,7,Indeed
36,Current employee,Non-Travel,1229,Sales,8,4,Medical,1,11371,134826,1,Male,84,3,2,Sales Executive,4,Divorced,5079,25952,6,Y,No,13,3,4,80,2,12,3,3,7,7,0,7,Indeed
36,Current employee,Non-Travel,1229,Sales,8,4,Technical Degree,1,11374,134829,1,Male,84,3,2,Sales Executive,4,Divorced,5079,25952,4,Y,No,13,4,4,80,2,12,3,3,7,7,0,7,Indeed
36,Current employee,Non-Travel,1229,Sales,8,4,Medical,1,11376,134831,1,Male,84,3,2,Sales Executive,4,Divorced,5079,25952,6,Y,No,13,3,4,80,2,12,3,3,7,7,0,7,Indeed
36,Current employee,Non-Travel,1229,Sales,8,4,Technical Degree,1,11378,134833,1,Male,84,3,2,Sales Executive,4,Divorced,5079,25952,4,Y,No,13,3,4,80,2,12,3,3,7,7,0,7,Indeed
36,Current employee,Non-Travel,1229,Sales,8,4,Medical,1,11379,134834,1,Male,84,3,2,Sales Executive,4,Divorced,5079,25952,6,Y,No,13,3,4,80,2,12,3,3,7,7,0,7,Indeed
36,Current employee,Travel_Frequently,607,Sales,7,3,Marketing,1,11891,135346,3,Male,70,3,1,Laboratory Technician,4,Married,2380,20165,4,Y,No,18,3,2,80,0,8,5,3,1,0,0,0,Recruit.net
36,Current employee,Travel_Frequently,607,Sales,7,3,Marketing,1,11892,135347,3,Male,70,3,1,Laboratory Technician,4,Married,2380,20165,1,Y,No,18,3,2,80,0,8,5,3,1,0,0,0,Recruit.net
36,Current employee,Travel_Frequently,607,Sales,7,3,Marketing,1,11894,135349,3,Male,70,3,1,Laboratory Technician,4,Married,2380,20165,4,Y,No,18,3,2,80,0,8,5,3,1,0,0,0,Recruit.net
36,Current employee,Travel_Frequently,607,Sales,7,3,Marketing,1,11895,135350,3,Male,70,3,1,Laboratory Technician,4,Married,2380,20165,1,Y,No,18,3,2,80,0,8,5,3,1,0,0,0,Recruit.net
36,Current employee,Travel_Frequently,607,Sales,7,3,Marketing,1,11899,135354,3,Male,70,3,1,Laboratory Technician,4,Married,2380,20165,4,Y,No,18,3,2,80,0,8,5,3,1,0,0,0,Recruit.net
36,Current employee,Travel_Frequently,607,Sales,7,3,Marketing,1,11900,135355,3,Male,70,3,1,Laboratory Technician,4,Married,2380,20165,1,Y,No,18,3,2,80,0,8,5,3,1,0,0,0,Recruit.net
36,Current employee,Travel_Frequently,607,Sales,7,3,Marketing,1,11902,135357,3,Male,70,3,1,Laboratory Technician,4,Married,2380,20165,4,Y,No,18,3,2,80,0,8,5,3,1,0,0,0,Recruit.net
36,Current employee,Travel_Frequently,607,Sales,7,3,Marketing,1,11903,135358,3,Male,70,3,1,Laboratory Technician,4,Married,2380,20165,1,Y,No,18,3,2,80,0,8,5,3,1,0,0,0,Recruit.net
36,Current employee,Travel_Rarely,1174,Sales,3,4,Marketing,1,11993,135448,3,Male,71,1,2,Sales Executive,1,Single,4969,21813,8,Y,No,18,3,4,80,0,7,6,3,2,2,2,2,Seek
36,Current employee,Travel_Rarely,1174,Sales,3,4,Life Sciences,1,11994,135449,3,Male,71,1,2,Sales Executive,1,Single,4969,21813,5,Y,No,18,3,4,80,0,7,6,3,2,2,2,2,Seek
36,Current employee,Travel_Rarely,1174,Sales,3,4,Marketing,1,11998,135453,3,Male,71,1,2,Sales Executive,1,Single,4969,21813,8,Y,No,18,3,4,80,0,7,6,3,2,2,2,2,Seek
36,Current employee,Travel_Rarely,1174,Sales,3,4,Life Sciences,1,11999,135454,3,Male,71,1,2,Sales Executive,1,Single,4969,21813,5,Y,No,18,3,4,80,0,7,6,3,2,2,2,2,Seek
36,Current employee,Travel_Rarely,1174,Sales,3,4,Marketing,1,12001,135456,3,Male,71,1,2,Sales Executive,1,Single,4969,21813,8,Y,No,18,3,4,80,0,7,6,3,2,2,2,2,Seek
36,Current employee,Travel_Rarely,1174,Sales,3,4,Life Sciences,1,12002,135457,3,Male,71,1,2,Sales Executive,1,Single,4969,21813,5,Y,No,18,3,4,80,0,7,6,3,2,2,2,2,Seek
36,Current employee,Travel_Rarely,1174,Sales,3,4,Marketing,1,12006,135461,3,Male,71,1,2,Sales Executive,1,Single,4969,21813,8,Y,No,18,3,4,80,0,7,6,3,2,2,2,2,Seek
36,Current employee,Travel_Rarely,1174,Sales,3,4,Life Sciences,1,12007,135462,3,Male,71,1,2,Sales Executive,1,Single,4969,21813,5,Y,No,18,3,4,80,0,7,6,3,2,2,2,2,Seek
36,Current employee,Travel_Rarely,329,Sales,16,4,Marketing,1,12025,135480,3,Female,71,4,4,Sales Executive,4,Married,13320,11737,3,Y,Yes,18,3,3,80,1,23,2,3,12,11,11,11,Company Website
36,Current employee,Travel_Rarely,329,Sales,16,4,Medical,1,12026,135481,3,Female,71,4,4,Sales Executive,4,Married,13320,11737,7,Y,Yes,18,3,3,80,1,23,2,3,12,11,11,11,Company Website
36,Current employee,Travel_Rarely,329,Sales,16,4,Marketing,1,12028,135483,3,Female,71,4,4,Sales Executive,4,Married,13320,11737,3,Y,Yes,18,3,3,80,1,23,2,3,12,11,11,11,Company Website
36,Current employee,Travel_Rarely,329,Sales,16,4,Medical,1,12029,135484,3,Female,71,4,4,Sales Executive,4,Married,13320,11737,7,Y,Yes,18,3,3,80,1,23,2,3,12,11,11,11,Company Website
36,Current employee,Travel_Rarely,329,Sales,16,4,Marketing,1,12033,135488,3,Female,71,4,4,Sales Executive,4,Married,13320,11737,3,Y,Yes,18,3,3,80,1,23,2,3,12,11,11,11,Company Website
36,Current employee,Travel_Rarely,329,Sales,16,4,Medical,1,12034,135489,3,Female,71,4,4,Sales Executive,4,Married,13320,11737,7,Y,Yes,18,3,3,80,1,23,2,3,12,11,11,11,Company Website
36,Current employee,Travel_Rarely,329,Sales,16,4,Marketing,1,12036,135491,3,Female,71,4,4,Sales Executive,4,Married,13320,11737,3,Y,Yes,18,3,3,80,1,23,2,3,12,11,11,11,Company Website
36,Current employee,Travel_Rarely,329,Sales,16,4,Medical,1,12037,135492,3,Female,71,4,4,Sales Executive,4,Married,13320,11737,7,Y,Yes,18,3,3,80,1,23,2,3,12,11,11,11,Company Website
36,Current employee,Travel_Rarely,796,Research & Development,12,5,Medical,1,12396,135851,4,Female,51,2,3,Manufacturing Director,4,Single,8858,15669,0,Y,No,11,3,2,80,0,15,2,2,14,8,7,8,Referral
36,Current employee,Travel_Rarely,796,Research & Development,12,5,Medical,1,12399,135854,4,Female,51,2,3,Manufacturing Director,4,Single,8858,15669,1,Y,No,11,3,2,80,0,15,2,2,14,8,7,8,Referral
36,Current employee,Travel_Rarely,796,Research & Development,12,5,Medical,1,12402,135857,4,Female,51,2,3,Manufacturing Director,4,Single,8858,15669,0,Y,No,11,3,2,80,0,15,2,2,14,8,7,8,Referral
36,Current employee,Travel_Rarely,796,Research & Development,12,5,Medical,1,12403,135858,4,Female,51,2,3,Manufacturing Director,4,Single,8858,15669,1,Y,No,11,3,2,80,0,15,2,2,14,8,7,8,Referral
36,Current employee,Travel_Rarely,796,Research & Development,12,5,Medical,1,12404,135859,4,Female,51,2,3,Manufacturing Director,4,Single,8858,15669,0,Y,No,11,3,2,80,0,15,2,2,14,8,7,8,Referral
36,Current employee,Travel_Rarely,796,Research & Development,12,5,Medical,1,12407,135862,4,Female,51,2,3,Manufacturing Director,4,Single,8858,15669,1,Y,No,11,3,2,80,0,15,2,2,14,8,7,8,Referral
36,Current employee,Travel_Rarely,796,Research & Development,12,5,Medical,1,12410,135865,4,Female,51,2,3,Manufacturing Director,4,Single,8858,15669,0,Y,No,11,3,2,80,0,15,2,2,14,8,7,8,Referral
36,Current employee,Travel_Rarely,796,Research & Development,12,5,Medical,1,12411,135866,4,Female,51,2,3,Manufacturing Director,4,Single,8858,15669,1,Y,No,11,3,2,80,0,15,2,2,14,8,7,8,Referral
36,Current employee,Travel_Rarely,335,Sales,17,2,Marketing,1,12413,135868,3,Male,72,2,4,Manager,1,Single,16756,17323,7,Y,No,15,3,2,80,0,31,3,4,9,7,6,2,Adzuna
36,Current employee,Travel_Rarely,335,Sales,17,2,Medical,1,12415,135870,3,Male,72,2,4,Manager,1,Single,16756,17323,1,Y,No,15,3,2,80,0,31,3,4,9,7,6,2,Adzuna
36,Current employee,Travel_Rarely,335,Sales,17,2,Marketing,1,12416,135871,3,Male,72,2,4,Manager,1,Single,16756,17323,7,Y,No,15,3,2,80,0,31,3,4,9,7,6,2,Adzuna
36,Current employee,Travel_Rarely,335,Sales,17,2,Medical,1,12417,135872,3,Male,72,2,4,Manager,1,Single,16756,17323,1,Y,No,15,3,2,80,0,31,3,4,9,7,6,2,Adzuna
36,Current employee,Travel_Rarely,335,Sales,17,2,Marketing,1,12424,135879,3,Male,72,2,4,Manager,1,Single,16756,17323,7,Y,No,15,3,2,80,0,31,3,4,9,7,6,2,Adzuna
36,Current employee,Travel_Rarely,335,Sales,17,2,Medical,1,12426,135881,3,Male,72,2,4,Manager,1,Single,16756,17323,1,Y,No,15,3,2,80,0,31,3,4,9,7,6,2,Adzuna
36,Current employee,Travel_Rarely,335,Sales,17,2,Marketing,1,12427,135882,3,Male,72,2,4,Manager,1,Single,16756,17323,7,Y,No,15,3,2,80,0,31,3,4,9,7,6,2,Adzuna
36,Current employee,Travel_Rarely,335,Sales,17,2,Medical,1,12428,135883,3,Male,72,2,4,Manager,1,Single,16756,17323,1,Y,No,15,3,2,80,0,31,3,4,9,7,6,2,Adzuna
36,Current employee,Non-Travel,301,Sales,15,4,Marketing,1,12641,136096,3,Female,72,3,2,Research Scientist,3,Single,3660,7909,3,Y,No,13,3,4,80,0,10,4,4,8,7,1,7,Recruit.net
36,Current employee,Non-Travel,301,Sales,15,4,Medical,1,12643,136098,3,Female,72,3,2,Research Scientist,3,Single,3660,7909,3,Y,No,13,3,4,80,0,10,4,4,8,7,1,7,Recruit.net
36,Current employee,Non-Travel,301,Sales,15,4,Marketing,1,12646,136101,3,Female,72,3,2,Research Scientist,3,Single,3660,7909,3,Y,No,13,3,4,80,0,10,4,4,8,7,1,7,Recruit.net
36,Current employee,Non-Travel,301,Sales,15,4,Medical,1,12647,136102,3,Female,72,3,2,Research Scientist,3,Single,3660,7909,3,Y,No,13,3,4,80,0,10,4,4,8,7,1,7,Recruit.net
36,Current employee,Non-Travel,301,Sales,15,4,Marketing,1,12649,136104,3,Female,72,3,2,Research Scientist,3,Single,3660,7909,3,Y,No,13,3,4,80,0,10,4,4,8,7,1,7,Recruit.net
36,Current employee,Non-Travel,301,Sales,15,4,Medical,1,12651,136106,3,Female,72,3,2,Research Scientist,3,Single,3660,7909,3,Y,No,13,3,4,80,0,10,4,4,8,7,1,7,Recruit.net
36,Current employee,Non-Travel,301,Sales,15,4,Marketing,1,12654,136109,3,Female,72,3,2,Research Scientist,3,Single,3660,7909,3,Y,No,13,3,4,80,0,10,4,4,8,7,1,7,Recruit.net
36,Current employee,Non-Travel,301,Sales,15,4,Medical,1,12655,136110,3,Female,72,3,2,Research Scientist,3,Single,3660,7909,3,Y,No,13,3,4,80,0,10,4,4,8,7,1,7,Recruit.net
36,Current employee,Travel_Rarely,1120,Sales,11,4,Marketing,1,12657,136112,3,Male,72,2,3,Human Resources,1,Married,10482,2326,9,Y,No,14,3,4,80,1,24,1,3,20,6,3,6,Seek
36,Current employee,Travel_Rarely,1120,Sales,11,4,Medical,1,12659,136114,3,Male,72,2,3,Human Resources,1,Married,10482,2326,0,Y,No,14,3,4,80,1,24,1,3,20,6,3,6,Seek
36,Current employee,Travel_Rarely,1120,Sales,11,4,Marketing,1,12660,136115,3,Male,72,2,3,Human Resources,1,Married,10482,2326,9,Y,No,14,3,4,80,1,24,1,3,20,6,3,6,Seek
36,Current employee,Travel_Rarely,1120,Sales,11,4,Medical,1,12661,136116,3,Male,72,2,3,Human Resources,1,Married,10482,2326,0,Y,No,14,3,4,80,1,24,1,3,20,6,3,6,Seek
36,Current employee,Travel_Rarely,1120,Sales,11,4,Marketing,1,12665,136120,3,Male,72,2,3,Human Resources,1,Married,10482,2326,9,Y,No,14,3,4,80,1,24,1,3,20,6,3,6,Seek
36,Current employee,Travel_Rarely,1120,Sales,11,4,Medical,1,12667,136122,3,Male,72,2,3,Human Resources,1,Married,10482,2326,0,Y,No,14,3,4,80,1,24,1,3,20,6,3,6,Seek
36,Current employee,Travel_Rarely,1120,Sales,11,4,Marketing,1,12668,136123,3,Male,72,2,3,Human Resources,1,Married,10482,2326,9,Y,No,14,3,4,80,1,24,1,3,20,6,3,6,Seek
36,Current employee,Travel_Rarely,1120,Sales,11,4,Medical,1,12669,136124,3,Male,72,2,3,Human Resources,1,Married,10482,2326,0,Y,No,14,3,4,80,1,24,1,3,20,6,3,6,Seek
36,Current employee,Travel_Rarely,1299,Research & Development,27,3,Medical,1,12736,136191,3,Male,72,3,2,Healthcare Representative,4,Single,7756,22266,0,Y,No,17,3,3,80,0,7,1,2,6,2,0,4,Jora
36,Current employee,Travel_Rarely,1299,Research & Development,27,3,Technical Degree,1,12738,136193,3,Male,72,3,2,Healthcare Representative,4,Single,7756,22266,0,Y,No,17,3,3,80,0,7,1,2,6,2,0,4,Jora
36,Current employee,Travel_Rarely,1299,Research & Development,27,3,Medical,1,12741,136196,3,Male,72,3,2,Healthcare Representative,4,Single,7756,22266,0,Y,No,17,3,3,80,0,7,1,2,6,2,0,4,Jora
36,Current employee,Travel_Rarely,1299,Research & Development,27,3,Technical Degree,1,12742,136197,3,Male,72,3,2,Healthcare Representative,4,Single,7756,22266,0,Y,No,17,3,3,80,0,7,1,2,6,2,0,4,Jora
36,Current employee,Travel_Rarely,1299,Research & Development,27,3,Medical,1,12744,136199,3,Male,72,3,2,Healthcare Representative,4,Single,7756,22266,0,Y,No,17,3,3,80,0,7,1,2,6,2,0,4,Jora
36,Current employee,Travel_Rarely,1299,Research & Development,27,3,Technical Degree,1,12746,136201,3,Male,72,3,2,Healthcare Representative,4,Single,7756,22266,0,Y,No,17,3,3,80,0,7,1,2,6,2,0,4,Jora
36,Current employee,Travel_Rarely,1299,Research & Development,27,3,Medical,1,12749,136204,3,Male,72,3,2,Healthcare Representative,4,Single,7756,22266,0,Y,No,17,3,3,80,0,7,1,2,6,2,0,4,Jora
36,Current employee,Travel_Rarely,1299,Research & Development,27,3,Technical Degree,1,12750,136205,3,Male,72,3,2,Healthcare Representative,4,Single,7756,22266,0,Y,No,17,3,3,80,0,7,1,2,6,2,0,4,Jora
36,Current employee,Non-Travel,217,Research & Development,18,4,Life Sciences,1,13102,136557,1,Male,78,3,2,Manufacturing Director,4,Single,7779,23238,2,Y,No,20,3,1,80,0,18,0,3,11,9,0,9,LinkedIn
36,Current employee,Non-Travel,217,Research & Development,18,4,Medical,1,13105,136560,1,Male,78,3,2,Manufacturing Director,4,Single,7779,23238,1,Y,No,20,3,1,80,0,18,0,3,11,9,0,9,LinkedIn
36,Current employee,Non-Travel,217,Research & Development,18,4,Life Sciences,1,13108,136563,1,Male,78,3,2,Manufacturing Director,4,Single,7779,23238,2,Y,No,20,4,1,80,0,18,0,3,11,9,0,9,LinkedIn
36,Current employee,Non-Travel,217,Research & Development,18,4,Medical,1,13109,136564,1,Male,78,3,2,Manufacturing Director,4,Single,7779,23238,1,Y,No,20,4,1,80,0,18,0,3,11,9,0,9,LinkedIn
36,Current employee,Non-Travel,217,Research & Development,18,4,Life Sciences,1,13110,136565,1,Male,78,3,2,Manufacturing Director,4,Single,7779,23238,2,Y,No,20,3,1,80,0,18,0,3,11,9,0,9,LinkedIn
36,Current employee,Non-Travel,217,Research & Development,18,4,Medical,1,13113,136568,1,Male,78,3,2,Manufacturing Director,4,Single,7779,23238,1,Y,No,20,3,1,80,0,18,0,3,11,9,0,9,LinkedIn
36,Current employee,Non-Travel,217,Research & Development,18,4,Life Sciences,1,13116,136571,1,Male,78,3,2,Manufacturing Director,4,Single,7779,23238,2,Y,No,20,4,1,80,0,18,0,3,11,9,0,9,LinkedIn
36,Current employee,Non-Travel,217,Research & Development,18,4,Medical,1,13117,136572,1,Male,78,3,2,Manufacturing Director,4,Single,7779,23238,1,Y,No,20,4,1,80,0,18,0,3,11,9,0,9,LinkedIn
36,Current employee,Travel_Rarely,216,Research & Development,6,2,Medical,1,13342,136797,3,Female,74,2,2,Healthcare Representative,4,Divorced,5731,17171,7,Y,No,13,3,3,80,2,9,2,3,6,2,1,3,Recruit.net
36,Current employee,Travel_Rarely,216,Research & Development,6,2,Marketing,1,13343,136798,3,Female,74,2,2,Healthcare Representative,4,Divorced,5731,17171,0,Y,No,13,3,3,80,2,9,2,3,6,2,1,3,Recruit.net
36,Current employee,Travel_Rarely,216,Research & Development,6,2,Medical,1,13345,136800,3,Female,74,2,2,Healthcare Representative,4,Divorced,5731,17171,7,Y,No,13,3,3,80,2,9,2,3,6,2,1,3,Recruit.net
36,Current employee,Travel_Rarely,216,Research & Development,6,2,Marketing,1,13346,136801,3,Female,74,2,2,Healthcare Representative,4,Divorced,5731,17171,0,Y,No,13,3,3,80,2,9,2,3,6,2,1,3,Recruit.net
36,Current employee,Travel_Rarely,216,Research & Development,6,2,Medical,1,13350,136805,3,Female,74,2,2,Healthcare Representative,4,Divorced,5731,17171,7,Y,No,13,3,3,80,2,9,2,3,6,2,1,3,Recruit.net
36,Current employee,Travel_Rarely,216,Research & Development,6,2,Marketing,1,13351,136806,3,Female,74,2,2,Healthcare Representative,4,Divorced,5731,17171,0,Y,No,13,3,3,80,2,9,2,3,6,2,1,3,Recruit.net
36,Current employee,Travel_Rarely,216,Research & Development,6,2,Medical,1,13353,136808,3,Female,74,2,2,Healthcare Representative,4,Divorced,5731,17171,7,Y,No,13,3,3,80,2,9,2,3,6,2,1,3,Recruit.net
36,Current employee,Travel_Rarely,216,Research & Development,6,2,Marketing,1,13354,136809,3,Female,74,2,2,Healthcare Representative,4,Divorced,5731,17171,0,Y,No,13,3,3,80,2,9,2,3,6,2,1,3,Recruit.net
36,Current employee,Travel_Frequently,1480,Research & Development,3,2,Medical,1,13549,137004,3,Female,75,2,2,Research Scientist,4,Married,4422,21203,3,Y,Yes,13,3,4,80,1,16,3,1,1,1,0,0,GlassDoor
36,Current employee,Travel_Frequently,1480,Research & Development,3,2,Life Sciences,1,13550,137005,3,Female,75,2,2,Research Scientist,4,Married,4422,21203,3,Y,Yes,13,4,4,80,1,16,3,1,1,1,0,0,GlassDoor
36,Current employee,Travel_Frequently,1480,Research & Development,3,2,Medical,1,13552,137007,3,Female,75,2,2,Research Scientist,4,Married,4422,21203,3,Y,Yes,13,3,4,80,1,16,3,1,1,1,0,0,GlassDoor
36,Current employee,Travel_Frequently,1480,Research & Development,3,2,Life Sciences,1,13553,137008,3,Female,75,2,2,Research Scientist,4,Married,4422,21203,3,Y,Yes,13,3,4,80,1,16,3,1,1,1,0,0,GlassDoor
36,Current employee,Travel_Frequently,1480,Research & Development,3,2,Medical,1,13557,137012,3,Female,75,2,2,Research Scientist,4,Married,4422,21203,3,Y,Yes,13,3,4,80,1,16,3,1,1,1,0,0,GlassDoor
36,Current employee,Travel_Frequently,1480,Research & Development,3,2,Life Sciences,1,13558,137013,3,Female,75,2,2,Research Scientist,4,Married,4422,21203,3,Y,Yes,13,4,4,80,1,16,3,1,1,1,0,0,GlassDoor
36,Current employee,Travel_Frequently,1480,Research & Development,3,2,Medical,1,13560,137015,3,Female,75,2,2,Research Scientist,4,Married,4422,21203,3,Y,Yes,13,3,4,80,1,16,3,1,1,1,0,0,GlassDoor
36,Current employee,Travel_Frequently,1480,Research & Development,3,2,Life Sciences,1,13561,137016,3,Female,75,2,2,Research Scientist,4,Married,4422,21203,3,Y,Yes,13,3,4,80,1,16,3,1,1,1,0,0,GlassDoor
36,Current employee,Travel_Frequently,635,Research & Development,18,1,Medical,1,13833,137288,3,Male,75,3,1,Human Resources,3,Married,3600,8429,1,Y,No,13,3,4,80,1,5,2,3,5,4,1,4,Seek
36,Current employee,Travel_Frequently,635,Research & Development,18,1,Medical,1,13835,137290,3,Male,75,3,1,Human Resources,3,Married,3600,8429,0,Y,No,13,3,4,80,1,5,2,3,5,4,1,4,Seek
36,Current employee,Travel_Frequently,635,Research & Development,18,1,Medical,1,13838,137293,3,Male,75,3,1,Human Resources,3,Married,3600,8429,1,Y,No,13,3,4,80,1,5,2,3,5,4,1,4,Seek
36,Current employee,Travel_Frequently,635,Research & Development,18,1,Medical,1,13839,137294,3,Male,75,3,1,Human Resources,3,Married,3600,8429,0,Y,No,13,3,4,80,1,5,2,3,5,4,1,4,Seek
36,Current employee,Travel_Frequently,635,Research & Development,18,1,Medical,1,13841,137296,3,Male,75,3,1,Human Resources,3,Married,3600,8429,1,Y,No,13,3,4,80,1,5,2,3,5,4,1,4,Seek
36,Current employee,Travel_Frequently,635,Research & Development,18,1,Medical,1,13843,137298,3,Male,75,3,1,Human Resources,3,Married,3600,8429,0,Y,No,13,3,4,80,1,5,2,3,5,4,1,4,Seek
36,Current employee,Travel_Frequently,635,Research & Development,18,1,Medical,1,13846,137301,3,Male,75,3,1,Human Resources,3,Married,3600,8429,1,Y,No,13,3,4,80,1,5,2,3,5,4,1,4,Seek
36,Current employee,Travel_Frequently,635,Research & Development,18,1,Medical,1,13847,137302,3,Male,75,3,1,Human Resources,3,Married,3600,8429,0,Y,No,13,3,4,80,1,5,2,3,5,4,1,4,Seek
36,Current employee,Travel_Rarely,917,Research & Development,6,4,Life Sciences,1,13991,137446,3,Male,60,1,1,Laboratory Technician,3,Divorced,2741,6865,1,Y,No,14,3,3,80,1,7,4,3,7,7,1,7,Indeed
36,Current employee,Travel_Rarely,917,Research & Development,6,4,Marketing,1,13993,137448,3,Male,60,1,1,Laboratory Technician,3,Divorced,2741,6865,1,Y,No,14,4,3,80,1,7,4,3,7,7,1,7,Indeed
36,Current employee,Travel_Rarely,917,Research & Development,6,4,Life Sciences,1,13997,137452,3,Male,60,1,1,Laboratory Technician,3,Divorced,2741,6865,1,Y,No,14,3,3,80,1,7,4,3,7,7,1,7,Indeed
36,Current employee,Travel_Rarely,917,Research & Development,6,4,Marketing,1,13998,137453,3,Male,60,1,1,Laboratory Technician,3,Divorced,2741,6865,1,Y,No,14,3,3,80,1,7,4,3,7,7,1,7,Indeed
36,Current employee,Travel_Rarely,917,Research & Development,6,4,Life Sciences,1,13999,137454,3,Male,60,1,1,Laboratory Technician,3,Divorced,2741,6865,1,Y,No,14,3,3,80,1,7,4,3,7,7,1,7,Indeed
36,Current employee,Travel_Rarely,917,Research & Development,6,4,Marketing,1,14001,137456,3,Male,60,1,1,Laboratory Technician,3,Divorced,2741,6865,1,Y,No,14,4,3,80,1,7,4,3,7,7,1,7,Indeed
36,Current employee,Travel_Rarely,917,Research & Development,6,4,Life Sciences,1,14005,137460,3,Male,60,1,1,Laboratory Technician,3,Divorced,2741,6865,1,Y,No,14,3,3,80,1,7,4,3,7,7,1,7,Indeed
36,Current employee,Travel_Rarely,917,Research & Development,6,4,Marketing,1,14006,137461,3,Male,60,1,1,Laboratory Technician,3,Divorced,2741,6865,1,Y,No,14,3,3,80,1,7,4,3,7,7,1,7,Indeed
36,Current employee,Travel_Rarely,363,Research & Development,1,3,Technical Degree,1,14135,137590,3,Female,77,1,3,Manufacturing Director,1,Divorced,10252,4235,2,Y,Yes,21,3,3,80,1,17,2,3,7,7,7,7,GlassDoor
36,Current employee,Travel_Rarely,363,Research & Development,1,3,Life Sciences,1,14137,137592,3,Female,77,1,3,Manufacturing Director,1,Divorced,10252,4235,1,Y,Yes,21,3,3,80,1,17,2,3,7,7,7,7,GlassDoor
36,Current employee,Travel_Rarely,363,Research & Development,1,3,Technical Degree,1,14141,137596,3,Female,77,1,3,Manufacturing Director,1,Divorced,10252,4235,2,Y,Yes,21,4,3,80,1,17,2,3,7,7,7,7,GlassDoor
36,Current employee,Travel_Rarely,363,Research & Development,1,3,Life Sciences,1,14142,137597,3,Female,77,1,3,Manufacturing Director,1,Divorced,10252,4235,1,Y,Yes,21,4,3,80,1,17,2,3,7,7,7,7,GlassDoor
36,Current employee,Travel_Rarely,363,Research & Development,1,3,Technical Degree,1,14143,137598,3,Female,77,1,3,Manufacturing Director,1,Divorced,10252,4235,2,Y,Yes,21,3,3,80,1,17,2,3,7,7,7,7,GlassDoor
36,Current employee,Travel_Rarely,363,Research & Development,1,3,Life Sciences,1,14145,137600,3,Female,77,1,3,Manufacturing Director,1,Divorced,10252,4235,1,Y,Yes,21,3,3,80,1,17,2,3,7,7,7,7,GlassDoor
36,Current employee,Travel_Rarely,363,Research & Development,1,3,Technical Degree,1,14149,137604,3,Female,77,1,3,Manufacturing Director,1,Divorced,10252,4235,2,Y,Yes,21,4,3,80,1,17,2,3,7,7,7,7,GlassDoor
36,Current employee,Travel_Rarely,363,Research & Development,1,3,Life Sciences,1,14150,137605,3,Female,77,1,3,Manufacturing Director,1,Divorced,10252,4235,1,Y,Yes,21,4,3,80,1,17,2,3,7,7,7,7,GlassDoor
36,Current employee,Travel_Frequently,469,Research & Development,3,3,Technical Degree,1,14415,137870,3,Male,46,3,1,Research Scientist,2,Married,3692,9256,1,Y,No,12,3,3,80,0,12,2,2,11,10,0,7,Company Website
36,Current employee,Travel_Frequently,469,Research & Development,3,3,Life Sciences,1,14418,137873,3,Male,46,3,1,Research Scientist,2,Married,3692,9256,2,Y,No,12,3,3,80,0,12,2,2,11,10,0,7,Company Website
36,Current employee,Travel_Frequently,469,Research & Development,3,3,Technical Degree,1,14421,137876,3,Male,46,3,1,Research Scientist,2,Married,3692,9256,1,Y,No,12,3,3,80,0,12,2,2,11,10,0,7,Company Website
36,Current employee,Travel_Frequently,469,Research & Development,3,3,Life Sciences,1,14422,137877,3,Male,46,3,1,Research Scientist,2,Married,3692,9256,2,Y,No,12,3,3,80,0,12,2,2,11,10,0,7,Company Website
36,Current employee,Travel_Frequently,469,Research & Development,3,3,Technical Degree,1,14423,137878,3,Male,46,3,1,Research Scientist,2,Married,3692,9256,1,Y,No,12,3,3,80,0,12,2,2,11,10,0,7,Company Website
36,Current employee,Travel_Frequently,469,Research & Development,3,3,Life Sciences,1,14426,137881,3,Male,46,3,1,Research Scientist,2,Married,3692,9256,2,Y,No,12,3,3,80,0,12,2,2,11,10,0,7,Company Website
36,Current employee,Travel_Frequently,469,Research & Development,3,3,Technical Degree,1,14429,137884,3,Male,46,3,1,Research Scientist,2,Married,3692,9256,1,Y,No,12,3,3,80,0,12,2,2,11,10,0,7,Company Website
36,Current employee,Travel_Frequently,469,Research & Development,3,3,Life Sciences,1,14430,137885,3,Male,46,3,1,Research Scientist,2,Married,3692,9256,2,Y,No,12,3,3,80,0,12,2,2,11,10,0,7,Company Website
36,Current employee,Non-Travel,845,Sales,1,5,Medical,1,14622,138077,3,Female,78,1,5,Manager,2,Single,18824,2493,2,Y,Yes,16,3,1,80,0,26,2,3,24,10,1,11,GlassDoor
36,Current employee,Non-Travel,845,Sales,1,5,Life Sciences,1,14623,138078,3,Female,78,1,5,Manager,2,Single,18824,2493,1,Y,Yes,16,3,1,80,0,26,2,3,24,10,1,11,GlassDoor
36,Current employee,Non-Travel,845,Sales,1,5,Medical,1,14625,138080,3,Female,78,1,5,Manager,2,Single,18824,2493,2,Y,Yes,16,3,1,80,0,26,2,3,24,10,1,11,GlassDoor
36,Current employee,Non-Travel,845,Sales,1,5,Life Sciences,1,14626,138081,3,Female,78,1,5,Manager,2,Single,18824,2493,1,Y,Yes,16,3,1,80,0,26,2,3,24,10,1,11,GlassDoor
36,Current employee,Non-Travel,845,Sales,1,5,Medical,1,14630,138085,3,Female,78,1,5,Manager,2,Single,18824,2493,2,Y,Yes,16,3,1,80,0,26,2,3,24,10,1,11,GlassDoor
36,Current employee,Non-Travel,845,Sales,1,5,Life Sciences,1,14631,138086,3,Female,78,1,5,Manager,2,Single,18824,2493,1,Y,Yes,16,3,1,80,0,26,2,3,24,10,1,11,GlassDoor
36,Current employee,Non-Travel,845,Sales,1,5,Medical,1,14633,138088,3,Female,78,1,5,Manager,2,Single,18824,2493,2,Y,Yes,16,3,1,80,0,26,2,3,24,10,1,11,GlassDoor
36,Current employee,Non-Travel,845,Sales,1,5,Life Sciences,1,14634,138089,3,Female,78,1,5,Manager,2,Single,18824,2493,1,Y,Yes,16,3,1,80,0,26,2,3,24,10,1,11,GlassDoor
36,Current employee,Travel_Frequently,541,Sales,3,4,Medical,1,14638,138093,3,Male,78,2,4,Healthcare Representative,2,Divorced,13577,25592,1,Y,Yes,15,3,4,80,1,34,3,3,33,9,15,0,Company Website
36,Current employee,Travel_Frequently,541,Sales,3,4,Life Sciences,1,14639,138094,3,Male,78,2,4,Healthcare Representative,2,Divorced,13577,25592,0,Y,Yes,15,3,4,80,1,34,3,3,33,9,15,0,Company Website
36,Current employee,Travel_Frequently,541,Sales,3,4,Medical,1,14641,138096,3,Male,78,2,4,Healthcare Representative,2,Divorced,13577,25592,1,Y,Yes,15,3,4,80,1,34,3,3,33,9,15,0,Company Website
36,Current employee,Travel_Frequently,541,Sales,3,4,Life Sciences,1,14642,138097,3,Male,78,2,4,Healthcare Representative,2,Divorced,13577,25592,0,Y,Yes,15,3,4,80,1,34,3,3,33,9,15,0,Company Website
36,Current employee,Travel_Frequently,541,Sales,3,4,Medical,1,14648,138103,3,Male,78,2,4,Healthcare Representative,2,Divorced,13577,25592,1,Y,Yes,15,3,4,80,1,34,3,3,33,9,15,0,Company Website
36,Current employee,Travel_Frequently,541,Sales,3,4,Life Sciences,1,14649,138104,3,Male,78,2,4,Healthcare Representative,2,Divorced,13577,25592,0,Y,Yes,15,3,4,80,1,34,3,3,33,9,15,0,Company Website
36,Current employee,Travel_Frequently,541,Sales,3,4,Medical,1,14651,138106,3,Male,78,2,4,Healthcare Representative,2,Divorced,13577,25592,1,Y,Yes,15,3,4,80,1,34,3,3,33,9,15,0,Company Website
36,Current employee,Travel_Frequently,541,Sales,3,4,Life Sciences,1,14652,138107,3,Male,78,2,4,Healthcare Representative,2,Divorced,13577,25592,0,Y,Yes,15,3,4,80,1,34,3,3,33,9,15,0,Company Website
36,Current employee,Travel_Rarely,164,Sales,2,2,Medical,1,14754,138209,3,Male,78,3,1,Laboratory Technician,3,Single,2154,6842,0,Y,Yes,11,3,3,80,0,5,2,2,4,2,0,2,GlassDoor
36,Current employee,Travel_Rarely,164,Sales,2,2,Life Sciences,1,14756,138211,3,Male,78,3,1,Laboratory Technician,3,Single,2154,6842,1,Y,Yes,11,3,3,80,0,5,2,2,4,2,0,2,GlassDoor
36,Current employee,Travel_Rarely,164,Sales,2,2,Medical,1,14759,138214,3,Male,78,3,1,Laboratory Technician,3,Single,2154,6842,0,Y,Yes,11,3,3,80,0,5,2,2,4,2,0,2,GlassDoor
36,Current employee,Travel_Rarely,164,Sales,2,2,Life Sciences,1,14760,138215,3,Male,78,3,1,Laboratory Technician,3,Single,2154,6842,1,Y,Yes,11,3,3,80,0,5,2,2,4,2,0,2,GlassDoor
36,Current employee,Travel_Rarely,164,Sales,2,2,Medical,1,14762,138217,3,Male,78,3,1,Laboratory Technician,3,Single,2154,6842,0,Y,Yes,11,3,3,80,0,5,2,2,4,2,0,2,GlassDoor
36,Current employee,Travel_Rarely,164,Sales,2,2,Life Sciences,1,14764,138219,3,Male,78,3,1,Laboratory Technician,3,Single,2154,6842,1,Y,Yes,11,3,3,80,0,5,2,2,4,2,0,2,GlassDoor
36,Current employee,Travel_Rarely,164,Sales,2,2,Medical,1,14767,138222,3,Male,78,3,1,Laboratory Technician,3,Single,2154,6842,0,Y,Yes,11,3,3,80,0,5,2,2,4,2,0,2,GlassDoor
36,Current employee,Travel_Rarely,164,Sales,2,2,Life Sciences,1,14768,138223,3,Male,78,3,1,Laboratory Technician,3,Single,2154,6842,1,Y,Yes,11,3,3,80,0,5,2,2,4,2,0,2,GlassDoor
36,Current employee,Travel_Rarely,429,Research & Development,2,4,Life Sciences,1,14848,138303,3,Female,53,3,2,Manufacturing Director,2,Single,5410,2323,9,Y,Yes,11,3,4,80,0,18,2,3,16,14,5,12,Indeed
36,Current employee,Travel_Rarely,429,Research & Development,2,4,Life Sciences,1,14850,138305,3,Female,53,3,2,Manufacturing Director,2,Single,5410,2323,1,Y,Yes,11,3,4,80,0,18,2,3,16,14,5,12,Indeed
36,Current employee,Travel_Rarely,429,Research & Development,2,4,Life Sciences,1,14854,138309,3,Female,53,3,2,Manufacturing Director,2,Single,5410,2323,9,Y,Yes,11,3,4,80,0,18,2,3,16,14,5,12,Indeed
36,Current employee,Travel_Rarely,429,Research & Development,2,4,Life Sciences,1,14855,138310,3,Female,53,3,2,Manufacturing Director,2,Single,5410,2323,1,Y,Yes,11,3,4,80,0,18,2,3,16,14,5,12,Indeed
36,Current employee,Travel_Rarely,429,Research & Development,2,4,Life Sciences,1,14856,138311,3,Female,53,3,2,Manufacturing Director,2,Single,5410,2323,9,Y,Yes,11,3,4,80,0,18,2,3,16,14,5,12,Indeed
36,Current employee,Travel_Rarely,429,Research & Development,2,4,Life Sciences,1,14858,138313,3,Female,53,3,2,Manufacturing Director,2,Single,5410,2323,1,Y,Yes,11,3,4,80,0,18,2,3,16,14,5,12,Indeed
36,Current employee,Travel_Rarely,429,Research & Development,2,4,Life Sciences,1,14862,138317,3,Female,53,3,2,Manufacturing Director,2,Single,5410,2323,9,Y,Yes,11,3,4,80,0,18,2,3,16,14,5,12,Indeed
36,Current employee,Travel_Rarely,429,Research & Development,2,4,Life Sciences,1,14863,138318,3,Female,53,3,2,Manufacturing Director,2,Single,5410,2323,1,Y,Yes,11,3,4,80,0,18,2,3,16,14,5,12,Indeed
36,Current employee,Non-Travel,635,Sales,10,4,Medical,1,14992,138447,3,Female,78,3,5,Manager,2,Single,18061,13035,3,Y,No,22,3,3,80,0,22,4,3,0,0,0,0,GlassDoor
36,Current employee,Non-Travel,635,Sales,10,4,Medical,1,14993,138448,3,Female,78,3,5,Manager,2,Single,18061,13035,1,Y,No,22,3,3,80,0,22,4,3,0,0,0,0,GlassDoor
36,Current employee,Non-Travel,635,Sales,10,4,Medical,1,14995,138450,3,Female,78,3,5,Manager,2,Single,18061,13035,3,Y,No,22,4,3,80,0,22,4,3,0,0,0,0,GlassDoor
36,Current employee,Non-Travel,635,Sales,10,4,Medical,1,14996,138451,3,Female,78,3,5,Manager,2,Single,18061,13035,1,Y,No,22,4,3,80,0,22,4,3,0,0,0,0,GlassDoor
36,Current employee,Non-Travel,635,Sales,10,4,Medical,1,15000,138455,3,Female,78,3,5,Manager,2,Single,18061,13035,3,Y,No,22,3,3,80,0,22,4,3,0,0,0,0,GlassDoor
36,Current employee,Non-Travel,635,Sales,10,4,Medical,1,15001,138456,3,Female,78,3,5,Manager,2,Single,18061,13035,1,Y,No,22,3,3,80,0,22,4,3,0,0,0,0,GlassDoor
36,Current employee,Non-Travel,635,Sales,10,4,Medical,1,15003,138458,3,Female,78,3,5,Manager,2,Single,18061,13035,3,Y,No,22,4,3,80,0,22,4,3,0,0,0,0,GlassDoor
36,Current employee,Non-Travel,635,Sales,10,4,Medical,1,15004,138459,3,Female,78,3,5,Manager,2,Single,18061,13035,1,Y,No,22,4,3,80,0,22,4,3,0,0,0,0,GlassDoor
36,Current employee,Travel_Rarely,325,Research & Development,10,4,Technical Degree,1,15087,138542,4,Female,63,3,3,Healthcare Representative,3,Married,7094,5747,3,Y,No,12,3,1,80,0,10,0,3,7,7,1,7,Seek
36,Current employee,Travel_Rarely,325,Research & Development,10,4,Medical,1,15090,138545,4,Female,63,3,3,Healthcare Representative,3,Married,7094,5747,0,Y,No,12,3,1,80,0,10,0,3,7,7,1,7,Seek
36,Current employee,Travel_Rarely,325,Research & Development,10,4,Technical Degree,1,15091,138546,4,Female,63,3,3,Healthcare Representative,3,Married,7094,5747,3,Y,No,12,3,1,80,0,10,0,3,7,7,1,7,Seek
36,Current employee,Travel_Rarely,325,Research & Development,10,4,Medical,1,15092,138547,4,Female,63,3,3,Healthcare Representative,3,Married,7094,5747,0,Y,No,12,3,1,80,0,10,0,3,7,7,1,7,Seek
36,Current employee,Travel_Rarely,325,Research & Development,10,4,Technical Degree,1,15095,138550,4,Female,63,3,3,Healthcare Representative,3,Married,7094,5747,3,Y,No,12,3,1,80,0,10,0,3,7,7,1,7,Seek
36,Current employee,Travel_Rarely,325,Research & Development,10,4,Medical,1,15098,138553,4,Female,63,3,3,Healthcare Representative,3,Married,7094,5747,0,Y,No,12,3,1,80,0,10,0,3,7,7,1,7,Seek
36,Current employee,Travel_Rarely,325,Research & Development,10,4,Technical Degree,1,15099,138554,4,Female,63,3,3,Healthcare Representative,3,Married,7094,5747,3,Y,No,12,3,1,80,0,10,0,3,7,7,1,7,Seek
36,Current employee,Travel_Rarely,325,Research & Development,10,4,Medical,1,15100,138555,4,Female,63,3,3,Healthcare Representative,3,Married,7094,5747,0,Y,No,12,3,1,80,0,10,0,3,7,7,1,7,Seek
36,Current employee,Travel_Rarely,913,Research & Development,9,2,Medical,1,15334,138789,3,Male,79,3,1,Research Scientist,3,Divorced,3544,8532,9,Y,No,16,3,2,80,1,6,0,3,4,2,0,0,Company Website
36,Current employee,Travel_Rarely,913,Research & Development,9,2,Medical,1,15335,138790,3,Male,79,3,1,Research Scientist,3,Divorced,3544,8532,3,Y,No,16,3,2,80,1,6,0,3,4,2,0,0,Company Website
36,Current employee,Travel_Rarely,913,Research & Development,9,2,Medical,1,15337,138792,3,Male,79,3,1,Research Scientist,3,Divorced,3544,8532,9,Y,No,16,3,2,80,1,6,0,3,4,2,0,0,Company Website
36,Current employee,Travel_Rarely,913,Research & Development,9,2,Medical,1,15338,138793,3,Male,79,3,1,Research Scientist,3,Divorced,3544,8532,3,Y,No,16,3,2,80,1,6,0,3,4,2,0,0,Company Website
36,Current employee,Travel_Rarely,913,Research & Development,9,2,Medical,1,15342,138797,3,Male,79,3,1,Research Scientist,3,Divorced,3544,8532,9,Y,No,16,3,2,80,1,6,0,3,4,2,0,0,Company Website
36,Current employee,Travel_Rarely,913,Research & Development,9,2,Medical,1,15343,138798,3,Male,79,3,1,Research Scientist,3,Divorced,3544,8532,3,Y,No,16,3,2,80,1,6,0,3,4,2,0,0,Company Website
36,Current employee,Travel_Rarely,913,Research & Development,9,2,Medical,1,15345,138800,3,Male,79,3,1,Research Scientist,3,Divorced,3544,8532,9,Y,No,16,3,2,80,1,6,0,3,4,2,0,0,Company Website
36,Current employee,Travel_Rarely,913,Research & Development,9,2,Medical,1,15346,138801,3,Male,79,3,1,Research Scientist,3,Divorced,3544,8532,3,Y,No,16,3,2,80,1,6,0,3,4,2,0,0,Company Website
36,Current employee,Travel_Frequently,607,Sales,7,3,Marketing,1,15508,138963,1,Female,83,4,2,Sales Executive,1,Married,4639,2261,2,Y,No,16,3,4,80,1,17,2,2,15,7,6,13,Seek
36,Current employee,Travel_Frequently,607,Sales,7,3,Marketing,1,15510,138965,1,Female,83,4,2,Sales Executive,1,Married,4639,2261,5,Y,No,16,3,4,80,1,17,2,2,15,7,6,13,Seek
36,Current employee,Travel_Frequently,607,Sales,7,3,Marketing,1,15514,138969,1,Female,83,4,2,Sales Executive,1,Married,4639,2261,2,Y,No,16,3,4,80,1,17,2,2,15,7,6,13,Seek
36,Current employee,Travel_Frequently,607,Sales,7,3,Marketing,1,15515,138970,1,Female,83,4,2,Sales Executive,1,Married,4639,2261,5,Y,No,16,3,4,80,1,17,2,2,15,7,6,13,Seek
36,Current employee,Travel_Frequently,607,Sales,7,3,Marketing,1,15516,138971,1,Female,83,4,2,Sales Executive,1,Married,4639,2261,2,Y,No,16,3,4,80,1,17,2,2,15,7,6,13,Seek
36,Current employee,Travel_Frequently,607,Sales,7,3,Marketing,1,15518,138973,1,Female,83,4,2,Sales Executive,1,Married,4639,2261,5,Y,No,16,3,4,80,1,17,2,2,15,7,6,13,Seek
36,Current employee,Travel_Frequently,607,Sales,7,3,Marketing,1,15522,138977,1,Female,83,4,2,Sales Executive,1,Married,4639,2261,2,Y,No,16,3,4,80,1,17,2,2,15,7,6,13,Seek
36,Current employee,Travel_Frequently,607,Sales,7,3,Marketing,1,15523,138978,1,Female,83,4,2,Sales Executive,1,Married,4639,2261,5,Y,No,16,3,4,80,1,17,2,2,15,7,6,13,Seek
36,Current employee,Travel_Rarely,938,Research & Development,2,4,Medical,1,16156,139611,3,Female,81,3,5,Research Director,1,Married,19701,22456,3,Y,Yes,21,3,3,80,1,32,3,3,9,8,1,5,Jora
36,Current employee,Travel_Rarely,938,Research & Development,2,4,Life Sciences,1,16158,139613,3,Female,81,3,5,Research Director,1,Married,19701,22456,1,Y,Yes,21,3,3,80,1,32,3,3,9,8,1,5,Jora
36,Current employee,Travel_Rarely,938,Research & Development,2,4,Medical,1,16159,139614,3,Female,81,3,5,Research Director,1,Married,19701,22456,3,Y,Yes,21,4,3,80,1,32,3,3,9,8,1,5,Jora
36,Current employee,Travel_Rarely,938,Research & Development,2,4,Life Sciences,1,16160,139615,3,Female,81,3,5,Research Director,1,Married,19701,22456,1,Y,Yes,21,4,3,80,1,32,3,3,9,8,1,5,Jora
36,Current employee,Travel_Rarely,938,Research & Development,2,4,Medical,1,16164,139619,3,Female,81,3,5,Research Director,1,Married,19701,22456,3,Y,Yes,21,3,3,80,1,32,3,3,9,8,1,5,Jora
36,Current employee,Travel_Rarely,938,Research & Development,2,4,Life Sciences,1,16166,139621,3,Female,81,3,5,Research Director,1,Married,19701,22456,1,Y,Yes,21,3,3,80,1,32,3,3,9,8,1,5,Jora
36,Current employee,Travel_Rarely,938,Research & Development,2,4,Medical,1,16167,139622,3,Female,81,3,5,Research Director,1,Married,19701,22456,3,Y,Yes,21,4,3,80,1,32,3,3,9,8,1,5,Jora
36,Current employee,Travel_Rarely,938,Research & Development,2,4,Life Sciences,1,16168,139623,3,Female,81,3,5,Research Director,1,Married,19701,22456,1,Y,Yes,21,4,3,80,1,32,3,3,9,8,1,5,Jora
36,Current employee,Travel_Rarely,1174,Sales,3,4,Marketing,1,16185,139640,1,Female,99,3,2,Sales Executive,2,Single,9278,20763,3,Y,Yes,16,3,4,80,0,15,3,3,5,4,0,1,Recruit.net
36,Current employee,Travel_Rarely,1174,Sales,3,4,Life Sciences,1,16187,139642,1,Female,99,3,2,Sales Executive,2,Single,9278,20763,4,Y,Yes,16,3,4,80,0,15,3,3,5,4,0,1,Recruit.net
36,Current employee,Travel_Rarely,1174,Sales,3,4,Marketing,1,16189,139644,1,Female,99,3,2,Sales Executive,2,Single,9278,20763,3,Y,Yes,16,3,4,80,0,15,3,3,5,4,0,1,Recruit.net
36,Current employee,Travel_Rarely,1174,Sales,3,4,Life Sciences,1,16190,139645,1,Female,99,3,2,Sales Executive,2,Single,9278,20763,4,Y,Yes,16,3,4,80,0,15,3,3,5,4,0,1,Recruit.net
36,Current employee,Travel_Rarely,1174,Sales,3,4,Marketing,1,16193,139648,1,Female,99,3,2,Sales Executive,2,Single,9278,20763,3,Y,Yes,16,3,4,80,0,15,3,3,5,4,0,1,Recruit.net
36,Current employee,Travel_Rarely,1174,Sales,3,4,Life Sciences,1,16195,139650,1,Female,99,3,2,Sales Executive,2,Single,9278,20763,4,Y,Yes,16,3,4,80,0,15,3,3,5,4,0,1,Recruit.net
36,Current employee,Travel_Rarely,1174,Sales,3,4,Marketing,1,16197,139652,1,Female,99,3,2,Sales Executive,2,Single,9278,20763,3,Y,Yes,16,3,4,80,0,15,3,3,5,4,0,1,Recruit.net
36,Current employee,Travel_Rarely,1174,Sales,3,4,Life Sciences,1,16198,139653,1,Female,99,3,2,Sales Executive,2,Single,9278,20763,4,Y,Yes,16,3,4,80,0,15,3,3,5,4,0,1,Recruit.net
36,Current employee,Travel_Rarely,172,Research & Development,4,4,Life Sciences,1,16293,139748,1,Male,37,2,2,Laboratory Technician,4,Single,5810,22604,1,Y,No,16,3,3,80,0,10,2,2,10,4,1,8,LinkedIn
36,Current employee,Travel_Rarely,172,Research & Development,4,4,Life Sciences,1,16296,139751,1,Male,37,2,2,Laboratory Technician,4,Single,5810,22604,1,Y,No,16,3,3,80,0,10,2,2,10,4,1,8,LinkedIn
36,Current employee,Travel_Rarely,172,Research & Development,4,4,Life Sciences,1,16297,139752,1,Male,37,2,2,Laboratory Technician,4,Single,5810,22604,1,Y,No,16,3,3,80,0,10,2,2,10,4,1,8,LinkedIn
36,Current employee,Travel_Rarely,172,Research & Development,4,4,Life Sciences,1,16298,139753,1,Male,37,2,2,Laboratory Technician,4,Single,5810,22604,1,Y,No,16,3,3,80,0,10,2,2,10,4,1,8,LinkedIn
36,Current employee,Travel_Rarely,172,Research & Development,4,4,Life Sciences,1,16301,139756,1,Male,37,2,2,Laboratory Technician,4,Single,5810,22604,1,Y,No,16,3,3,80,0,10,2,2,10,4,1,8,LinkedIn
36,Current employee,Travel_Rarely,172,Research & Development,4,4,Life Sciences,1,16304,139759,1,Male,37,2,2,Laboratory Technician,4,Single,5810,22604,1,Y,No,16,3,3,80,0,10,2,2,10,4,1,8,LinkedIn
36,Current employee,Travel_Rarely,172,Research & Development,4,4,Life Sciences,1,16305,139760,1,Male,37,2,2,Laboratory Technician,4,Single,5810,22604,1,Y,No,16,3,3,80,0,10,2,2,10,4,1,8,LinkedIn
36,Current employee,Travel_Rarely,172,Research & Development,4,4,Life Sciences,1,16306,139761,1,Male,37,2,2,Laboratory Technician,4,Single,5810,22604,1,Y,No,16,3,3,80,0,10,2,2,10,4,1,8,LinkedIn
36,Current employee,Travel_Rarely,329,Sales,16,4,Marketing,1,16309,139764,3,Female,98,2,2,Sales Executive,1,Married,5647,13494,4,Y,No,13,3,1,80,2,11,3,2,3,2,0,2,Recruit.net
36,Current employee,Travel_Rarely,329,Sales,16,4,Medical,1,16312,139767,3,Female,98,2,2,Sales Executive,1,Married,5647,13494,7,Y,No,13,3,1,80,2,11,3,2,3,2,0,2,Recruit.net
36,Current employee,Travel_Rarely,329,Sales,16,4,Marketing,1,16313,139768,3,Female,98,2,2,Sales Executive,1,Married,5647,13494,4,Y,No,13,3,1,80,2,11,3,2,3,2,0,2,Recruit.net
36,Current employee,Travel_Rarely,329,Sales,16,4,Medical,1,16314,139769,3,Female,98,2,2,Sales Executive,1,Married,5647,13494,7,Y,No,13,3,1,80,2,11,3,2,3,2,0,2,Recruit.net
36,Current employee,Travel_Rarely,329,Sales,16,4,Marketing,1,16317,139772,3,Female,98,2,2,Sales Executive,1,Married,5647,13494,4,Y,No,13,3,1,80,2,11,3,2,3,2,0,2,Recruit.net
36,Current employee,Travel_Rarely,329,Sales,16,4,Medical,1,16320,139775,3,Female,98,2,2,Sales Executive,1,Married,5647,13494,7,Y,No,13,3,1,80,2,11,3,2,3,2,0,2,Recruit.net
36,Current employee,Travel_Rarely,329,Sales,16,4,Marketing,1,16321,139776,3,Female,98,2,2,Sales Executive,1,Married,5647,13494,4,Y,No,13,3,1,80,2,11,3,2,3,2,0,2,Recruit.net
36,Current employee,Travel_Rarely,329,Sales,16,4,Medical,1,16322,139777,3,Female,98,2,2,Sales Executive,1,Married,5647,13494,7,Y,No,13,3,1,80,2,11,3,2,3,2,0,2,Recruit.net
36,Current employee,Travel_Rarely,796,Research & Development,12,5,Medical,1,16650,140105,4,Male,83,2,3,Research Director,2,Divorced,13757,25178,2,Y,No,11,3,3,80,1,16,5,3,9,8,4,8,Company Website
36,Current employee,Travel_Rarely,796,Research & Development,12,5,Medical,1,16652,140107,4,Male,83,2,3,Research Director,2,Divorced,13757,25178,2,Y,No,11,4,3,80,1,16,5,3,9,8,4,8,Company Website
36,Current employee,Travel_Rarely,796,Research & Development,12,5,Medical,1,16653,140108,4,Male,83,2,3,Research Director,2,Divorced,13757,25178,2,Y,No,11,3,3,80,1,16,5,3,9,8,4,8,Company Website
36,Current employee,Travel_Rarely,796,Research & Development,12,5,Medical,1,16654,140109,4,Male,83,2,3,Research Director,2,Divorced,13757,25178,2,Y,No,11,3,3,80,1,16,5,3,9,8,4,8,Company Website
36,Current employee,Travel_Rarely,796,Research & Development,12,5,Medical,1,16658,140113,4,Male,83,2,3,Research Director,2,Divorced,13757,25178,2,Y,No,11,3,3,80,1,16,5,3,9,8,4,8,Company Website
36,Current employee,Travel_Rarely,796,Research & Development,12,5,Medical,1,16660,140115,4,Male,83,2,3,Research Director,2,Divorced,13757,25178,2,Y,No,11,4,3,80,1,16,5,3,9,8,4,8,Company Website
36,Current employee,Travel_Rarely,796,Research & Development,12,5,Medical,1,16661,140116,4,Male,83,2,3,Research Director,2,Divorced,13757,25178,2,Y,No,11,3,3,80,1,16,5,3,9,8,4,8,Company Website
36,Current employee,Travel_Rarely,796,Research & Development,12,5,Medical,1,16662,140117,4,Male,83,2,3,Research Director,2,Divorced,13757,25178,2,Y,No,11,3,3,80,1,16,5,3,9,8,4,8,Company Website
36,Current employee,Travel_Rarely,1157,Sales,2,4,Life Sciences,1,17636,141091,3,Male,70,3,1,Sales Representative,4,Single,2644,17001,3,Y,Yes,21,3,4,80,0,7,3,2,3,2,1,2,Recruit.net
36,Current employee,Travel_Rarely,1157,Sales,2,4,Life Sciences,1,17638,141093,3,Male,70,3,1,Sales Representative,4,Single,2644,17001,8,Y,Yes,21,3,4,80,0,7,3,2,3,2,1,2,Recruit.net
36,Current employee,Travel_Rarely,1157,Sales,2,4,Life Sciences,1,17642,141097,3,Male,70,3,1,Sales Representative,4,Single,2644,17001,3,Y,Yes,21,4,4,80,0,7,3,2,3,2,1,2,Recruit.net
36,Current employee,Travel_Rarely,1157,Sales,2,4,Life Sciences,1,17643,141098,3,Male,70,3,1,Sales Representative,4,Single,2644,17001,8,Y,Yes,21,4,4,80,0,7,3,2,3,2,1,2,Recruit.net
36,Current employee,Travel_Rarely,1157,Sales,2,4,Life Sciences,1,17644,141099,3,Male,70,3,1,Sales Representative,4,Single,2644,17001,3,Y,Yes,21,3,4,80,0,7,3,2,3,2,1,2,Recruit.net
36,Current employee,Travel_Rarely,1157,Sales,2,4,Life Sciences,1,17646,141101,3,Male,70,3,1,Sales Representative,4,Single,2644,17001,8,Y,Yes,21,3,4,80,0,7,3,2,3,2,1,2,Recruit.net
36,Current employee,Travel_Rarely,1157,Sales,2,4,Life Sciences,1,17650,141105,3,Male,70,3,1,Sales Representative,4,Single,2644,17001,3,Y,Yes,21,4,4,80,0,7,3,2,3,2,1,2,Recruit.net
36,Current employee,Travel_Rarely,1157,Sales,2,4,Life Sciences,1,17651,141106,3,Male,70,3,1,Sales Representative,4,Single,2644,17001,8,Y,Yes,21,4,4,80,0,7,3,2,3,2,1,2,Recruit.net
36,Current employee,Travel_Rarely,884,Sales,1,4,Life Sciences,1,17927,141382,2,Female,73,3,2,Sales Executive,3,Single,6815,21447,6,Y,No,13,4,1,80,0,15,5,3,1,0,0,0,Company Website
36,Current employee,Travel_Rarely,884,Sales,1,4,Life Sciences,1,17929,141384,2,Female,73,3,2,Sales Executive,3,Single,6815,21447,4,Y,No,13,3,1,80,0,15,5,3,1,0,0,0,Company Website
36,Current employee,Travel_Rarely,884,Sales,1,4,Life Sciences,1,17933,141388,2,Female,73,3,2,Sales Executive,3,Single,6815,21447,6,Y,No,13,3,1,80,0,15,5,3,1,0,0,0,Company Website
36,Current employee,Travel_Rarely,884,Sales,1,4,Life Sciences,1,17934,141389,2,Female,73,3,2,Sales Executive,3,Single,6815,21447,4,Y,No,13,3,1,80,0,15,5,3,1,0,0,0,Company Website
36,Current employee,Travel_Rarely,884,Sales,1,4,Life Sciences,1,17935,141390,2,Female,73,3,2,Sales Executive,3,Single,6815,21447,6,Y,No,13,4,1,80,0,15,5,3,1,0,0,0,Company Website
36,Current employee,Travel_Rarely,884,Sales,1,4,Life Sciences,1,17936,141391,2,Female,73,3,2,Sales Executive,3,Single,6815,21447,4,Y,No,13,3,1,80,0,15,5,3,1,0,0,0,Company Website
36,Current employee,Travel_Rarely,884,Sales,1,4,Life Sciences,1,17940,141395,2,Female,73,3,2,Sales Executive,3,Single,6815,21447,6,Y,No,13,3,1,80,0,15,5,3,1,0,0,0,Company Website
36,Current employee,Travel_Rarely,884,Sales,1,4,Life Sciences,1,17941,141396,2,Female,73,3,2,Sales Executive,3,Single,6815,21447,4,Y,No,13,3,1,80,0,15,5,3,1,0,0,0,Company Website
36,Current employee,Travel_Frequently,1302,Research & Development,6,4,Life Sciences,1,18033,141488,1,Male,80,4,2,Laboratory Technician,1,Married,5562,19711,3,Y,Yes,13,4,4,80,1,9,3,3,3,2,0,2,GlassDoor
36,Current employee,Travel_Frequently,1302,Research & Development,6,4,Marketing,1,18036,141491,1,Male,80,4,2,Laboratory Technician,1,Married,5562,19711,1,Y,Yes,13,3,4,80,1,9,3,3,3,2,0,2,GlassDoor
36,Current employee,Travel_Frequently,1302,Research & Development,6,4,Life Sciences,1,18037,141492,1,Male,80,4,2,Laboratory Technician,1,Married,5562,19711,3,Y,Yes,13,3,4,80,1,9,3,3,3,2,0,2,GlassDoor
36,Current employee,Travel_Frequently,1302,Research & Development,6,4,Marketing,1,18038,141493,1,Male,80,4,2,Laboratory Technician,1,Married,5562,19711,1,Y,Yes,13,3,4,80,1,9,3,3,3,2,0,2,GlassDoor
36,Current employee,Travel_Frequently,1302,Research & Development,6,4,Life Sciences,1,18041,141496,1,Male,80,4,2,Laboratory Technician,1,Married,5562,19711,3,Y,Yes,13,4,4,80,1,9,3,3,3,2,0,2,GlassDoor
36,Current employee,Travel_Frequently,1302,Research & Development,6,4,Marketing,1,18044,141499,1,Male,80,4,2,Laboratory Technician,1,Married,5562,19711,1,Y,Yes,13,3,4,80,1,9,3,3,3,2,0,2,GlassDoor
36,Current employee,Travel_Frequently,1302,Research & Development,6,4,Life Sciences,1,18045,141500,1,Male,80,4,2,Laboratory Technician,1,Married,5562,19711,3,Y,Yes,13,3,4,80,1,9,3,3,3,2,0,2,GlassDoor
36,Current employee,Travel_Frequently,1302,Research & Development,6,4,Marketing,1,18046,141501,1,Male,80,4,2,Laboratory Technician,1,Married,5562,19711,1,Y,Yes,13,3,4,80,1,9,3,3,3,2,0,2,GlassDoor
36,Current employee,Travel_Rarely,559,Research & Development,12,4,Life Sciences,1,18290,141745,3,Female,76,3,2,Manufacturing Director,3,Married,4663,12421,9,Y,Yes,12,3,2,80,2,7,2,3,3,2,1,1,Seek
36,Current employee,Travel_Rarely,559,Research & Development,12,4,Medical,1,18293,141748,3,Female,76,3,2,Manufacturing Director,3,Married,4663,12421,1,Y,Yes,12,4,2,80,2,7,2,3,3,2,1,1,Seek
36,Current employee,Travel_Rarely,559,Research & Development,12,4,Life Sciences,1,18296,141751,3,Female,76,3,2,Manufacturing Director,3,Married,4663,12421,9,Y,Yes,12,3,2,80,2,7,2,3,3,2,1,1,Seek
36,Current employee,Travel_Rarely,559,Research & Development,12,4,Medical,1,18297,141752,3,Female,76,3,2,Manufacturing Director,3,Married,4663,12421,1,Y,Yes,12,3,2,80,2,7,2,3,3,2,1,1,Seek
36,Current employee,Travel_Rarely,559,Research & Development,12,4,Medical,1,18300,141755,3,Female,76,3,2,Manufacturing Director,3,Married,4663,12421,1,Y,Yes,12,4,2,80,2,7,2,3,3,2,1,1,Seek
36,Current employee,Travel_Rarely,559,Research & Development,12,4,Life Sciences,1,18303,141758,3,Female,76,3,2,Manufacturing Director,3,Married,4663,12421,9,Y,Yes,12,3,2,80,2,7,2,3,3,2,1,1,Seek
36,Current employee,Travel_Rarely,559,Research & Development,12,4,Medical,1,18304,141759,3,Female,76,3,2,Manufacturing Director,3,Married,4663,12421,1,Y,Yes,12,3,2,80,2,7,2,3,3,2,1,1,Seek
36,Current employee,Non-Travel,894,Research & Development,1,4,Medical,1,18599,142054,4,Female,87,3,1,Research Scientist,2,Married,3936,9953,1,Y,No,11,4,1,80,1,8,2,1,8,4,7,7,Indeed
36,Current employee,Non-Travel,894,Research & Development,1,4,Life Sciences,1,18600,142055,4,Female,87,3,1,Research Scientist,2,Married,3936,9953,2,Y,No,11,3,1,80,1,8,2,1,8,4,7,7,Indeed
36,Current employee,Non-Travel,894,Research & Development,1,4,Medical,1,18602,142057,4,Female,87,3,1,Research Scientist,2,Married,3936,9953,1,Y,No,11,3,1,80,1,8,2,1,8,4,7,7,Indeed
36,Current employee,Non-Travel,894,Research & Development,1,4,Life Sciences,1,18603,142058,4,Female,87,3,1,Research Scientist,2,Married,3936,9953,2,Y,No,11,3,1,80,1,8,2,1,8,4,7,7,Indeed
36,Current employee,Non-Travel,894,Research & Development,1,4,Medical,1,18607,142062,4,Female,87,3,1,Research Scientist,2,Married,3936,9953,1,Y,No,11,4,1,80,1,8,2,1,8,4,7,7,Indeed
36,Current employee,Non-Travel,894,Research & Development,1,4,Life Sciences,1,18608,142063,4,Female,87,3,1,Research Scientist,2,Married,3936,9953,2,Y,No,11,3,1,80,1,8,2,1,8,4,7,7,Indeed
36,Current employee,Non-Travel,894,Research & Development,1,4,Medical,1,18610,142065,4,Female,87,3,1,Research Scientist,2,Married,3936,9953,1,Y,No,11,3,1,80,1,8,2,1,8,4,7,7,Indeed
36,Current employee,Non-Travel,894,Research & Development,1,4,Life Sciences,1,18611,142066,4,Female,87,3,1,Research Scientist,2,Married,3936,9953,2,Y,No,11,3,1,80,1,8,2,1,8,4,7,7,Indeed
36,Current employee,Travel_Rarely,711,Research & Development,5,4,Life Sciences,1,18752,142207,2,Female,42,3,3,Healthcare Representative,1,Married,8008,22792,4,Y,No,12,3,3,80,2,9,6,3,3,2,0,2,LinkedIn
36,Current employee,Travel_Rarely,711,Research & Development,5,4,Life Sciences,1,18754,142209,2,Female,42,3,3,Healthcare Representative,1,Married,8008,22792,0,Y,No,12,3,3,80,2,9,6,3,3,2,0,2,LinkedIn
36,Current employee,Travel_Rarely,711,Research & Development,5,4,Life Sciences,1,18756,142211,2,Female,42,3,3,Healthcare Representative,1,Married,8008,22792,4,Y,No,12,3,3,80,2,9,6,3,3,2,0,2,LinkedIn
36,Current employee,Travel_Rarely,711,Research & Development,5,4,Life Sciences,1,18757,142212,2,Female,42,3,3,Healthcare Representative,1,Married,8008,22792,0,Y,No,12,3,3,80,2,9,6,3,3,2,0,2,LinkedIn
36,Current employee,Travel_Rarely,711,Research & Development,5,4,Life Sciences,1,18760,142215,2,Female,42,3,3,Healthcare Representative,1,Married,8008,22792,4,Y,No,12,3,3,80,2,9,6,3,3,2,0,2,LinkedIn
36,Current employee,Travel_Rarely,711,Research & Development,5,4,Life Sciences,1,18762,142217,2,Female,42,3,3,Healthcare Representative,1,Married,8008,22792,0,Y,No,12,3,3,80,2,9,6,3,3,2,0,2,LinkedIn
36,Current employee,Travel_Rarely,711,Research & Development,5,4,Life Sciences,1,18764,142219,2,Female,42,3,3,Healthcare Representative,1,Married,8008,22792,4,Y,No,12,3,3,80,2,9,6,3,3,2,0,2,LinkedIn
36,Current employee,Travel_Rarely,711,Research & Development,5,4,Life Sciences,1,18765,142220,2,Female,42,3,3,Healthcare Representative,1,Married,8008,22792,0,Y,No,12,3,3,80,2,9,6,3,3,2,0,2,LinkedIn
36,Current employee,Travel_Rarely,311,Research & Development,7,3,Life Sciences,1,18871,142326,1,Male,77,3,1,,2,Single,2013,10950,2,Y,No,11,3,3,80,0,15,4,3,4,3,1,3,Company Website
36,Current employee,Travel_Rarely,311,Research & Development,7,3,Marketing,1,18874,142329,1,Male,77,3,1,Laboratory Technician,2,Single,2013,10950,1,Y,No,11,3,3,80,0,15,4,3,4,3,1,3,Company Website
36,Current employee,Travel_Rarely,311,Research & Development,7,3,Life Sciences,1,18875,142330,1,Male,77,3,1,Laboratory Technician,2,Single,2013,10950,2,Y,No,11,3,3,80,0,15,4,3,4,3,1,3,Company Website
36,Current employee,Travel_Rarely,311,Research & Development,7,3,Marketing,1,18876,142331,1,Male,77,3,1,Laboratory Technician,2,Single,2013,10950,1,Y,No,11,3,3,80,0,15,4,3,4,3,1,3,Company Website
36,Current employee,Travel_Rarely,311,Research & Development,7,3,Life Sciences,1,18879,142334,1,Male,77,3,1,Laboratory Technician,2,Single,2013,10950,2,Y,No,11,3,3,80,0,15,4,3,4,3,1,3,Company Website
36,Current employee,Travel_Rarely,311,Research & Development,7,3,Marketing,1,18882,142337,1,Male,77,3,1,Laboratory Technician,2,Single,2013,10950,1,Y,No,11,3,3,80,0,15,4,3,4,3,1,3,Company Website
36,Current employee,Travel_Rarely,311,Research & Development,7,3,Life Sciences,1,18883,142338,1,Male,77,3,1,Laboratory Technician,2,Single,2013,10950,2,Y,No,11,3,3,80,0,15,4,3,4,3,1,3,Company Website
36,Current employee,Travel_Rarely,311,Research & Development,7,3,Marketing,1,18884,142339,1,Male,77,3,1,Laboratory Technician,2,Single,2013,10950,1,Y,No,11,3,3,80,0,15,4,3,4,3,1,3,Company Website
36,Current employee,Non-Travel,894,Research & Development,1,4,Medical,1,18903,142358,4,Female,33,2,2,Manufacturing Director,3,Married,4374,15411,0,Y,No,15,3,3,80,0,4,6,3,3,2,1,2,Adzuna
36,Current employee,Non-Travel,894,Research & Development,1,4,Life Sciences,1,18905,142360,4,Female,33,2,2,Manufacturing Director,3,Married,4374,15411,1,Y,No,15,3,3,80,0,4,6,3,3,2,1,2,Adzuna
36,Current employee,Non-Travel,894,Research & Development,1,4,Medical,1,18909,142364,4,Female,33,2,2,Manufacturing Director,3,Married,4374,15411,0,Y,No,15,3,3,80,0,4,6,3,3,2,1,2,Adzuna
36,Current employee,Non-Travel,894,Research & Development,1,4,Life Sciences,1,18910,142365,4,Female,33,2,2,Manufacturing Director,3,Married,4374,15411,1,Y,No,15,3,3,80,0,4,6,3,3,2,1,2,Adzuna
36,Current employee,Non-Travel,894,Research & Development,1,4,Medical,1,18911,142366,4,Female,33,2,2,Manufacturing Director,3,Married,4374,15411,0,Y,No,15,3,3,80,0,4,6,3,3,2,1,2,Adzuna
36,Current employee,Non-Travel,894,Research & Development,1,4,Life Sciences,1,18913,142368,4,Female,33,2,2,Manufacturing Director,3,Married,4374,15411,1,Y,No,15,3,3,80,0,4,6,3,3,2,1,2,Adzuna
36,Current employee,Non-Travel,894,Research & Development,1,4,Medical,1,18917,142372,4,Female,33,2,2,Manufacturing Director,3,Married,4374,15411,0,Y,No,15,3,3,80,0,4,6,3,3,2,1,2,Adzuna
36,Current employee,Non-Travel,894,Research & Development,1,4,Life Sciences,1,18918,142373,4,Female,33,2,2,Manufacturing Director,3,Married,4374,15411,1,Y,No,15,3,3,80,0,4,6,3,3,2,1,2,Adzuna
36,Current employee,Travel_Rarely,1040,Research & Development,3,2,Life Sciences,1,18919,142374,4,Male,79,4,2,Healthcare Representative,1,Divorced,6842,26308,6,Y,No,20,3,1,80,1,13,3,3,5,4,0,4,GlassDoor
36,Current employee,Travel_Rarely,1040,Research & Development,3,2,Life Sciences,1,18921,142376,4,Male,79,4,2,Healthcare Representative,1,Divorced,6842,26308,0,Y,No,20,3,1,80,1,13,3,3,5,4,0,4,GlassDoor
36,Current employee,Travel_Rarely,1040,Research & Development,3,2,Life Sciences,1,18925,142380,4,Male,79,4,2,Healthcare Representative,1,Divorced,6842,26308,6,Y,No,20,4,1,80,1,13,3,3,5,4,0,4,GlassDoor
36,Current employee,Travel_Rarely,1040,Research & Development,3,2,Life Sciences,1,18926,142381,4,Male,79,4,2,Healthcare Representative,1,Divorced,6842,26308,0,Y,No,20,4,1,80,1,13,3,3,5,4,0,4,GlassDoor
36,Current employee,Travel_Rarely,1040,Research & Development,3,2,Life Sciences,1,18927,142382,4,Male,79,4,2,Healthcare Representative,1,Divorced,6842,26308,6,Y,No,20,3,1,80,1,13,3,3,5,4,0,4,GlassDoor
36,Current employee,Travel_Rarely,1040,Research & Development,3,2,Life Sciences,1,18929,142384,4,Male,79,4,2,Healthcare Representative,1,Divorced,6842,26308,0,Y,No,20,3,1,80,1,13,3,3,5,4,0,4,GlassDoor
36,Current employee,Travel_Rarely,1040,Research & Development,3,2,Life Sciences,1,18933,142388,4,Male,79,4,2,Healthcare Representative,1,Divorced,6842,26308,6,Y,No,20,4,1,80,1,13,3,3,5,4,0,4,GlassDoor
36,Current employee,Travel_Rarely,1040,Research & Development,3,2,Life Sciences,1,18934,142389,4,Male,79,4,2,Healthcare Representative,1,Divorced,6842,26308,0,Y,No,20,4,1,80,1,13,3,3,5,4,0,4,GlassDoor
36,Current employee,Travel_Rarely,1351,Research & Development,26,4,Life Sciences,1,19175,142630,1,Male,80,3,2,Healthcare Representative,3,Married,5347,7419,6,Y,No,14,3,2,80,2,10,2,2,3,2,0,2,Jora
36,Current employee,Travel_Rarely,1351,Research & Development,26,4,Technical Degree,1,19178,142633,1,Male,80,3,2,Healthcare Representative,3,Married,5347,7419,0,Y,No,14,3,2,80,2,10,2,2,3,2,0,2,Jora
36,Current employee,Travel_Rarely,1351,Research & Development,26,4,Life Sciences,1,19179,142634,1,Male,80,3,2,Healthcare Representative,3,Married,5347,7419,6,Y,No,14,3,2,80,2,10,2,2,3,2,0,2,Jora
36,Current employee,Travel_Rarely,1351,Research & Development,26,4,Technical Degree,1,19180,142635,1,Male,80,3,2,Healthcare Representative,3,Married,5347,7419,0,Y,No,14,3,2,80,2,10,2,2,3,2,0,2,Jora
36,Current employee,Travel_Rarely,1351,Research & Development,26,4,Life Sciences,1,19183,142638,1,Male,80,3,2,Healthcare Representative,3,Married,5347,7419,6,Y,No,14,3,2,80,2,10,2,2,3,2,0,2,Jora
36,Current employee,Travel_Rarely,1351,Research & Development,26,4,Technical Degree,1,19186,142641,1,Male,80,3,2,Healthcare Representative,3,Married,5347,7419,0,Y,No,14,3,2,80,2,10,2,2,3,2,0,2,Jora
36,Current employee,Travel_Rarely,1351,Research & Development,26,4,Life Sciences,1,19187,142642,1,Male,80,3,2,Healthcare Representative,3,Married,5347,7419,6,Y,No,14,3,2,80,2,10,2,2,3,2,0,2,Jora
36,Current employee,Travel_Rarely,1351,Research & Development,26,4,Technical Degree,1,19188,142643,1,Male,80,3,2,Healthcare Representative,3,Married,5347,7419,0,Y,No,14,3,2,80,2,10,2,2,3,2,0,2,Jora
36,Current employee,Travel_Rarely,530,Sales,2,4,Life Sciences,1,19506,142961,3,Female,51,3,2,Sales Representative,4,Single,4502,7439,3,Y,No,15,3,3,80,0,17,2,2,13,7,6,7,Company Website
36,Current employee,Travel_Rarely,530,Sales,2,4,Life Sciences,1,19508,142963,3,Female,51,3,2,Sales Representative,4,Single,4502,7439,8,Y,No,15,4,3,80,0,17,2,2,13,7,6,7,Company Website
36,Current employee,Travel_Rarely,530,Sales,2,4,Life Sciences,1,19510,142965,3,Female,51,3,2,Sales Representative,4,Single,4502,7439,3,Y,No,15,3,3,80,0,17,2,2,13,7,6,7,Company Website
36,Current employee,Travel_Rarely,530,Sales,2,4,Life Sciences,1,19511,142966,3,Female,51,3,2,Sales Representative,4,Single,4502,7439,8,Y,No,15,3,3,80,0,17,2,2,13,7,6,7,Company Website
36,Current employee,Travel_Rarely,530,Sales,2,4,Life Sciences,1,19514,142969,3,Female,51,3,2,Sales Representative,4,Single,4502,7439,3,Y,No,15,3,3,80,0,17,2,2,13,7,6,7,Company Website
36,Current employee,Travel_Rarely,530,Sales,2,4,Life Sciences,1,19516,142971,3,Female,51,3,2,Sales Representative,4,Single,4502,7439,8,Y,No,15,4,3,80,0,17,2,2,13,7,6,7,Company Website
36,Current employee,Travel_Rarely,530,Sales,2,4,Life Sciences,1,19518,142973,3,Female,51,3,2,Sales Representative,4,Single,4502,7439,3,Y,No,15,3,3,80,0,17,2,2,13,7,6,7,Company Website
36,Current employee,Travel_Rarely,530,Sales,2,4,Life Sciences,1,19519,142974,3,Female,51,3,2,Sales Representative,4,Single,4502,7439,8,Y,No,15,3,3,80,0,17,2,2,13,7,6,7,Company Website
36,Current employee,Travel_Rarely,557,Sales,3,3,Medical,1,19937,143392,4,Male,91,3,2,Sales Executive,3,Married,8346,20943,1,Y,No,19,3,3,80,1,6,3,3,5,2,0,2,Company Website
36,Current employee,Travel_Rarely,557,Sales,3,3,Life Sciences,1,19938,143393,4,Male,91,3,2,Sales Executive,3,Married,8346,20943,5,Y,No,19,3,3,80,1,6,3,3,5,2,0,2,Company Website
36,Current employee,Travel_Rarely,557,Sales,3,3,Medical,1,19942,143397,4,Male,91,3,2,Sales Executive,3,Married,8346,20943,1,Y,No,19,3,3,80,1,6,3,3,5,2,0,2,Company Website
36,Current employee,Travel_Rarely,557,Sales,3,3,Life Sciences,1,19943,143398,4,Male,91,3,2,Sales Executive,3,Married,8346,20943,5,Y,No,19,3,3,80,1,6,3,3,5,2,0,2,Company Website
36,Current employee,Travel_Rarely,557,Sales,3,3,Medical,1,19945,143400,4,Male,91,3,2,Sales Executive,3,Married,8346,20943,1,Y,No,19,3,3,80,1,6,3,3,5,2,0,2,Company Website
36,Current employee,Travel_Rarely,557,Sales,3,3,Life Sciences,1,19946,143401,4,Male,91,3,2,Sales Executive,3,Married,8346,20943,5,Y,No,19,3,3,80,1,6,3,3,5,2,0,2,Company Website
36,Current employee,Travel_Rarely,557,Sales,3,3,Medical,1,19950,143405,4,Male,91,3,2,Sales Executive,3,Married,8346,20943,1,Y,No,19,3,3,80,1,6,3,3,5,2,0,2,Company Website
36,Current employee,Travel_Rarely,557,Sales,3,3,Life Sciences,1,19951,143406,4,Male,91,3,2,Sales Executive,3,Married,8346,20943,5,Y,No,19,3,3,80,1,6,3,3,5,2,0,2,Company Website
36,Current employee,Travel_Frequently,884,Research & Development,23,2,Medical,1,20017,143472,4,Male,92,4,1,Research Scientist,4,Married,2932,5586,0,Y,Yes,14,4,1,80,3,6,3,3,5,0,1,2,Seek
36,Current employee,Travel_Frequently,884,Research & Development,23,2,Other,1,20019,143474,4,Male,92,4,1,Research Scientist,4,Married,2932,5586,4,Y,Yes,14,3,1,80,3,6,3,3,5,0,1,2,Seek
36,Current employee,Travel_Frequently,884,Research & Development,23,2,Medical,1,20022,143477,4,Male,92,4,1,Research Scientist,4,Married,2932,5586,0,Y,Yes,14,3,1,80,3,6,3,3,5,0,1,2,Seek
36,Current employee,Travel_Frequently,884,Research & Development,23,2,Other,1,20023,143478,4,Male,92,4,1,Research Scientist,4,Married,2932,5586,4,Y,Yes,14,3,1,80,3,6,3,3,5,0,1,2,Seek
36,Current employee,Travel_Frequently,884,Research & Development,23,2,Medical,1,20025,143480,4,Male,92,4,1,Research Scientist,4,Married,2932,5586,0,Y,Yes,14,4,1,80,3,6,3,3,5,0,1,2,Seek
36,Current employee,Travel_Frequently,884,Research & Development,23,2,Other,1,20027,143482,4,Male,92,4,1,Research Scientist,4,Married,2932,5586,4,Y,Yes,14,3,1,80,3,6,3,3,5,0,1,2,Seek
36,Current employee,Travel_Frequently,884,Research & Development,23,2,Medical,1,20030,143485,4,Male,92,4,1,Research Scientist,4,Married,2932,5586,0,Y,Yes,14,3,1,80,3,6,3,3,5,0,1,2,Seek
36,Current employee,Travel_Frequently,884,Research & Development,23,2,Other,1,20031,143486,4,Male,92,4,1,Research Scientist,4,Married,2932,5586,4,Y,Yes,14,3,1,80,3,6,3,3,5,0,1,2,Seek
36,Current employee,Travel_Rarely,1383,Research & Development,10,3,Life Sciences,1,20427,143882,4,Male,90,3,3,Healthcare Representative,1,Married,8321,25949,7,Y,Yes,13,3,4,80,1,15,1,3,12,8,5,7,Company Website
36,Current employee,Travel_Rarely,1383,Research & Development,10,3,Medical,1,20429,143884,4,Male,90,3,3,Healthcare Representative,1,Married,8321,25949,0,Y,Yes,13,3,4,80,1,15,1,3,12,8,5,7,Company Website
36,Current employee,Travel_Rarely,1383,Research & Development,10,3,Life Sciences,1,20433,143888,4,Male,90,3,3,Healthcare Representative,1,Married,8321,25949,7,Y,Yes,13,3,4,80,1,15,1,3,12,8,5,7,Company Website
36,Current employee,Travel_Rarely,1383,Research & Development,10,3,Medical,1,20434,143889,4,Male,90,3,3,Healthcare Representative,1,Married,8321,25949,0,Y,Yes,13,3,4,80,1,15,1,3,12,8,5,7,Company Website
36,Current employee,Travel_Rarely,1383,Research & Development,10,3,Life Sciences,1,20435,143890,4,Male,90,3,3,Healthcare Representative,1,Married,8321,25949,7,Y,Yes,13,3,4,80,1,15,1,3,12,8,5,7,Company Website
36,Current employee,Travel_Rarely,1383,Research & Development,10,3,Medical,1,20437,143892,4,Male,90,3,3,Healthcare Representative,1,Married,8321,25949,0,Y,Yes,13,3,4,80,1,15,1,3,12,8,5,7,Company Website
36,Current employee,Travel_Rarely,1383,Research & Development,10,3,Life Sciences,1,20441,143896,4,Male,90,3,3,Healthcare Representative,1,Married,8321,25949,7,Y,Yes,13,3,4,80,1,15,1,3,12,8,5,7,Company Website
36,Current employee,Travel_Rarely,1383,Research & Development,10,3,Medical,1,20442,143897,4,Male,90,3,3,Healthcare Representative,1,Married,8321,25949,0,Y,Yes,13,3,4,80,1,15,1,3,12,8,5,7,Company Website
36,Current employee,Travel_Rarely,676,Research & Development,1,3,Other,1,20572,144027,4,Male,93,4,2,Healthcare Representative,1,Married,5538,5696,5,Y,No,18,3,3,80,2,10,2,2,0,0,0,0,Company Website
36,Current employee,Travel_Rarely,676,Research & Development,1,3,Life Sciences,1,20573,144028,4,Male,93,4,2,Healthcare Representative,1,Married,5538,5696,0,Y,No,18,4,3,80,2,10,2,2,0,0,0,0,Company Website
36,Current employee,Travel_Rarely,676,Research & Development,1,3,Other,1,20575,144030,4,Male,93,4,2,Healthcare Representative,1,Married,5538,5696,5,Y,No,18,3,3,80,2,10,2,2,0,0,0,0,Company Website
36,Current employee,Travel_Rarely,676,Research & Development,1,3,Life Sciences,1,20576,144031,4,Male,93,4,2,Healthcare Representative,1,Married,5538,5696,0,Y,No,18,3,3,80,2,10,2,2,0,0,0,0,Company Website
36,Current employee,Travel_Rarely,676,Research & Development,1,3,Other,1,20580,144035,4,Male,93,4,2,Healthcare Representative,1,Married,5538,5696,5,Y,No,18,3,3,80,2,10,2,2,0,0,0,0,Company Website
36,Current employee,Travel_Rarely,676,Research & Development,1,3,Life Sciences,1,20581,144036,4,Male,93,4,2,Healthcare Representative,1,Married,5538,5696,0,Y,No,18,4,3,80,2,10,2,2,0,0,0,0,Company Website
36,Current employee,Travel_Rarely,676,Research & Development,1,3,Other,1,20583,144038,4,Male,93,4,2,Healthcare Representative,1,Married,5538,5696,5,Y,No,18,3,3,80,2,10,2,2,0,0,0,0,Company Website
36,Current employee,Travel_Rarely,676,Research & Development,1,3,Life Sciences,1,20584,144039,4,Male,93,4,2,Healthcare Representative,1,Married,5538,5696,0,Y,No,18,3,3,80,2,10,2,2,0,0,0,0,Company Website
36,Current employee,Travel_Rarely,188,Research & Development,7,4,Other,1,20668,144123,4,Male,93,3,1,Research Scientist,3,Single,2438,24978,4,Y,No,13,3,3,80,0,7,2,2,3,2,1,2,Company Website
36,Current employee,Travel_Rarely,188,Research & Development,7,4,Marketing,1,20669,144124,4,Male,93,3,1,Research Scientist,3,Single,2438,24978,3,Y,No,13,3,3,80,0,7,2,2,3,2,1,2,Company Website
36,Current employee,Travel_Rarely,188,Research & Development,7,4,Other,1,20671,144126,4,Male,93,3,1,Research Scientist,3,Single,2438,24978,4,Y,No,13,3,3,80,0,7,2,2,3,2,1,2,Company Website
36,Current employee,Travel_Rarely,188,Research & Development,7,4,Marketing,1,20672,144127,4,Male,93,3,1,Research Scientist,3,Single,2438,24978,3,Y,No,13,3,3,80,0,7,2,2,3,2,1,2,Company Website
36,Current employee,Travel_Rarely,188,Research & Development,7,4,Other,1,20676,144131,4,Male,93,3,1,Research Scientist,3,Single,2438,24978,4,Y,No,13,3,3,80,0,7,2,2,3,2,1,2,Company Website
36,Current employee,Travel_Rarely,188,Research & Development,7,4,Marketing,1,20677,144132,4,Male,93,3,1,Research Scientist,3,Single,2438,24978,3,Y,No,13,3,3,80,0,7,2,2,3,2,1,2,Company Website
36,Current employee,Travel_Rarely,188,Research & Development,7,4,Other,1,20679,144134,4,Male,93,3,1,Research Scientist,3,Single,2438,24978,4,Y,No,13,3,3,80,0,7,2,2,3,2,1,2,Company Website
36,Current employee,Travel_Rarely,188,Research & Development,7,4,Marketing,1,20680,144135,4,Male,93,3,1,Research Scientist,3,Single,2438,24978,3,Y,No,13,3,3,80,0,7,2,2,3,2,1,2,Company Website
36,Current employee,Travel_Rarely,430,Research & Development,2,4,Other,1,21018,144473,4,Female,73,3,2,Research Scientist,2,Married,6962,19573,4,Y,Yes,22,4,4,80,1,15,2,3,1,0,0,0,Company Website
36,Current employee,Travel_Rarely,430,Research & Development,2,4,Life Sciences,1,21020,144475,4,Female,73,3,2,Research Scientist,2,Married,6962,19573,2,Y,Yes,22,3,4,80,1,15,2,3,1,0,0,0,Company Website
36,Current employee,Travel_Rarely,430,Research & Development,2,4,Other,1,21024,144479,4,Female,73,3,2,Research Scientist,2,Married,6962,19573,4,Y,Yes,22,4,4,80,1,15,2,3,1,0,0,0,Company Website
36,Current employee,Travel_Rarely,430,Research & Development,2,4,Life Sciences,1,21025,144480,4,Female,73,3,2,Research Scientist,2,Married,6962,19573,2,Y,Yes,22,4,4,80,1,15,2,3,1,0,0,0,Company Website
36,Current employee,Travel_Rarely,430,Research & Development,2,4,Other,1,21026,144481,4,Female,73,3,2,Research Scientist,2,Married,6962,19573,4,Y,Yes,22,4,4,80,1,15,2,3,1,0,0,0,Company Website
36,Current employee,Travel_Rarely,430,Research & Development,2,4,Life Sciences,1,21028,144483,4,Female,73,3,2,Research Scientist,2,Married,6962,19573,2,Y,Yes,22,3,4,80,1,15,2,3,1,0,0,0,Company Website
36,Current employee,Travel_Rarely,430,Research & Development,2,4,Other,1,21032,144487,4,Female,73,3,2,Research Scientist,2,Married,6962,19573,4,Y,Yes,22,4,4,80,1,15,2,3,1,0,0,0,Company Website
36,Current employee,Travel_Rarely,430,Research & Development,2,4,Life Sciences,1,21033,144488,4,Female,73,3,2,Research Scientist,2,Married,6962,19573,2,Y,Yes,22,4,4,80,1,15,2,3,1,0,0,0,Company Website
36,Current employee,Travel_Rarely,430,Research & Development,2,4,Other,1,21211,144666,4,Female,95,4,4,Sales Executive,1,Divorced,13225,7739,2,Y,No,12,4,4,80,1,25,5,3,19,17,2,8,Recruit.net
36,Current employee,Travel_Rarely,430,Research & Development,2,4,Life Sciences,1,21212,144667,4,Female,95,4,4,Sales Executive,1,Divorced,13225,7739,4,Y,No,12,3,4,80,1,25,5,3,19,17,2,8,Recruit.net
36,Current employee,Travel_Rarely,430,Research & Development,2,4,Other,1,21214,144669,4,Female,95,4,4,Sales Executive,1,Divorced,13225,7739,2,Y,No,12,3,4,80,1,25,5,3,19,17,2,8,Recruit.net
36,Current employee,Travel_Rarely,430,Research & Development,2,4,Life Sciences,1,21215,144670,4,Female,95,4,4,Sales Executive,1,Divorced,13225,7739,4,Y,No,12,3,4,80,1,25,5,3,19,17,2,8,Recruit.net
36,Current employee,Travel_Rarely,430,Research & Development,2,4,Other,1,21219,144674,4,Female,95,4,4,Sales Executive,1,Divorced,13225,7739,2,Y,No,12,4,4,80,1,25,5,3,19,17,2,8,Recruit.net
36,Current employee,Travel_Rarely,430,Research & Development,2,4,Life Sciences,1,21220,144675,4,Female,95,4,4,Sales Executive,1,Divorced,13225,7739,4,Y,No,12,3,4,80,1,25,5,3,19,17,2,8,Recruit.net
36,Current employee,Travel_Rarely,430,Research & Development,2,4,Other,1,21222,144677,4,Female,95,4,4,Sales Executive,1,Divorced,13225,7739,2,Y,No,12,3,4,80,1,25,5,3,19,17,2,8,Recruit.net
36,Current employee,Travel_Rarely,430,Research & Development,2,4,Life Sciences,1,21223,144678,4,Female,95,4,4,Sales Executive,1,Divorced,13225,7739,4,Y,No,12,3,4,80,1,25,5,3,19,17,2,8,Recruit.net
36,Current employee,Travel_Rarely,1266,Sales,10,4,Technical Degree,1,21416,144871,2,Female,30,2,2,Sales Executive,3,Married,5673,6060,1,Y,Yes,13,3,1,80,1,10,4,3,10,9,1,7,Company Website
36,Current employee,Travel_Rarely,1266,Sales,10,4,Medical,1,21419,144874,2,Female,30,2,2,Sales Executive,3,Married,5673,6060,6,Y,Yes,13,3,1,80,1,10,4,3,10,9,1,7,Company Website
36,Current employee,Travel_Rarely,1266,Sales,10,4,Technical Degree,1,21422,144877,2,Female,30,2,2,Sales Executive,3,Married,5673,6060,1,Y,Yes,13,3,1,80,1,10,4,3,10,9,1,7,Company Website
36,Current employee,Travel_Rarely,1266,Sales,10,4,Medical,1,21423,144878,2,Female,30,2,2,Sales Executive,3,Married,5673,6060,6,Y,Yes,13,3,1,80,1,10,4,3,10,9,1,7,Company Website
36,Current employee,Travel_Rarely,1266,Sales,10,4,Technical Degree,1,21424,144879,2,Female,30,2,2,Sales Executive,3,Married,5673,6060,1,Y,Yes,13,3,1,80,1,10,4,3,10,9,1,7,Company Website
36,Current employee,Travel_Rarely,1266,Sales,10,4,Medical,1,21427,144882,2,Female,30,2,2,Sales Executive,3,Married,5673,6060,6,Y,Yes,13,3,1,80,1,10,4,3,10,9,1,7,Company Website
36,Current employee,Travel_Rarely,1266,Sales,10,4,Technical Degree,1,21430,144885,2,Female,30,2,2,Sales Executive,3,Married,5673,6060,1,Y,Yes,13,3,1,80,1,10,4,3,10,9,1,7,Company Website
36,Current employee,Travel_Rarely,1266,Sales,10,4,Medical,1,21431,144886,2,Female,30,2,2,Sales Executive,3,Married,5673,6060,6,Y,Yes,13,3,1,80,1,10,4,3,10,9,1,7,Company Website
36,Current employee,Travel_Rarely,1223,Research & Development,8,3,Technical Degree,1,21433,144888,4,Male,95,3,2,Laboratory Technician,3,Divorced,4197,18624,1,Y,No,11,3,1,80,1,10,2,3,10,8,0,2,Company Website
36,Current employee,Travel_Rarely,1223,Research & Development,8,3,Medical,1,21434,144889,4,Male,95,3,2,Laboratory Technician,3,Divorced,4197,18624,1,Y,No,11,3,1,80,1,10,2,3,10,8,0,2,Company Website
36,Current employee,Travel_Rarely,1223,Research & Development,8,3,Technical Degree,1,21438,144893,4,Male,95,3,2,Laboratory Technician,3,Divorced,4197,18624,1,Y,No,11,3,1,80,1,10,2,3,10,8,0,2,Company Website
36,Current employee,Travel_Rarely,1223,Research & Development,8,3,Medical,1,21439,144894,4,Male,95,3,2,Laboratory Technician,3,Divorced,4197,18624,1,Y,No,11,3,1,80,1,10,2,3,10,8,0,2,Company Website
36,Current employee,Travel_Rarely,1223,Research & Development,8,3,Technical Degree,1,21441,144896,4,Male,95,3,2,Laboratory Technician,3,Divorced,4197,18624,1,Y,No,11,3,1,80,1,10,2,3,10,8,0,2,Company Website
36,Current employee,Travel_Rarely,1223,Research & Development,8,3,Medical,1,21442,144897,4,Male,95,3,2,Laboratory Technician,3,Divorced,4197,18624,1,Y,No,11,3,1,80,1,10,2,3,10,8,0,2,Company Website
36,Current employee,Travel_Rarely,1223,Research & Development,8,3,Technical Degree,1,21446,144901,4,Male,95,3,2,Laboratory Technician,3,Divorced,4197,18624,1,Y,No,11,3,1,80,1,10,2,3,10,8,0,2,Company Website
36,Current employee,Travel_Rarely,1223,Research & Development,8,3,Medical,1,21447,144902,4,Male,95,3,2,Laboratory Technician,3,Divorced,4197,18624,1,Y,No,11,3,1,80,1,10,2,3,10,8,0,2,Company Website
36,Current employee,Travel_Frequently,1467,Sales,11,2,Technical Degree,1,21481,144936,4,Male,95,3,2,Research Scientist,1,Married,4284,13588,5,Y,Yes,22,3,3,80,1,16,2,3,5,3,0,4,LinkedIn
36,Current employee,Travel_Frequently,1467,Sales,11,2,Medical,1,21483,144938,4,Male,95,3,2,Research Scientist,1,Married,4284,13588,3,Y,Yes,22,3,3,80,1,16,2,3,5,3,0,4,LinkedIn
36,Current employee,Travel_Frequently,1467,Sales,11,2,Technical Degree,1,21484,144939,4,Male,95,3,2,Research Scientist,1,Married,4284,13588,5,Y,Yes,22,4,3,80,1,16,2,3,5,3,0,4,LinkedIn
36,Current employee,Travel_Frequently,1467,Sales,11,2,Medical,1,21485,144940,4,Male,95,3,2,Research Scientist,1,Married,4284,13588,3,Y,Yes,22,4,3,80,1,16,2,3,5,3,0,4,LinkedIn
36,Current employee,Travel_Frequently,1467,Sales,11,2,Technical Degree,1,21489,144944,4,Male,95,3,2,Research Scientist,1,Married,4284,13588,5,Y,Yes,22,3,3,80,1,16,2,3,5,3,0,4,LinkedIn
36,Current employee,Travel_Frequently,1467,Sales,11,2,Medical,1,21491,144946,4,Male,95,3,2,Research Scientist,1,Married,4284,13588,3,Y,Yes,22,3,3,80,1,16,2,3,5,3,0,4,LinkedIn
36,Current employee,Travel_Frequently,1467,Sales,11,2,Technical Degree,1,21492,144947,4,Male,95,3,2,Research Scientist,1,Married,4284,13588,5,Y,Yes,22,4,3,80,1,16,2,3,5,3,0,4,LinkedIn
36,Current employee,Travel_Frequently,1467,Sales,11,2,Medical,1,21493,144948,4,Male,95,3,2,Research Scientist,1,Married,4284,13588,3,Y,Yes,22,4,3,80,1,16,2,3,5,3,0,4,LinkedIn
36,Current employee,Travel_Frequently,1213,Human Resources,2,1,Human Resources,1,21528,144983,2,Male,31,2,2,Human Resources,4,Single,3886,4223,1,Y,No,21,3,4,80,0,10,2,2,10,1,0,8,Jora
36,Current employee,Travel_Frequently,1213,Human Resources,2,1,Life Sciences,1,21530,144985,2,Male,31,2,2,Human Resources,4,Single,3886,4223,0,Y,No,21,3,4,80,0,10,2,2,10,1,0,8,Jora
36,Current employee,Travel_Frequently,1213,Human Resources,2,1,Human Resources,1,21534,144989,2,Male,31,2,2,Human Resources,4,Single,3886,4223,1,Y,No,21,4,4,80,0,10,2,2,10,1,0,8,Jora
36,Current employee,Travel_Frequently,1213,Human Resources,2,1,Life Sciences,1,21535,144990,2,Male,31,2,2,Human Resources,4,Single,3886,4223,0,Y,No,21,4,4,80,0,10,2,2,10,1,0,8,Jora
36,Current employee,Travel_Frequently,1213,Human Resources,2,1,Human Resources,1,21536,144991,2,Male,31,2,2,Human Resources,4,Single,3886,4223,1,Y,No,21,3,4,80,0,10,2,2,10,1,0,8,Jora
36,Current employee,Travel_Frequently,1213,Human Resources,2,1,Life Sciences,1,21538,144993,2,Male,31,2,2,Human Resources,4,Single,3886,4223,0,Y,No,21,3,4,80,0,10,2,2,10,1,0,8,Jora
36,Current employee,Travel_Frequently,1213,Human Resources,2,1,Human Resources,1,21542,144997,2,Male,31,2,2,Human Resources,4,Single,3886,4223,1,Y,No,21,4,4,80,0,10,2,2,10,1,0,8,Jora
36,Current employee,Travel_Frequently,1213,Human Resources,2,1,Life Sciences,1,21543,144998,2,Male,31,2,2,Human Resources,4,Single,3886,4223,0,Y,No,21,4,4,80,0,10,2,2,10,1,0,8,Jora
36,Current employee,Travel_Rarely,335,Sales,17,2,Marketing,1,21656,145111,3,Male,31,2,2,Sales Executive,2,Married,5507,16822,2,Y,No,16,4,3,80,2,12,1,1,4,2,1,3,Jora
36,Current employee,Travel_Rarely,335,Sales,17,2,Medical,1,21659,145114,3,Male,31,2,2,Sales Executive,2,Married,5507,16822,7,Y,No,16,3,3,80,2,12,1,1,4,2,1,3,Jora
36,Current employee,Travel_Rarely,335,Sales,17,2,Marketing,1,21660,145115,3,Male,31,2,2,Sales Executive,2,Married,5507,16822,2,Y,No,16,3,3,80,2,12,1,1,4,2,1,3,Jora
36,Current employee,Travel_Rarely,335,Sales,17,2,Medical,1,21661,145116,3,Male,31,2,2,Sales Executive,2,Married,5507,16822,7,Y,No,16,3,3,80,2,12,1,1,4,2,1,3,Jora
36,Current employee,Travel_Rarely,335,Sales,17,2,Marketing,1,21664,145119,3,Male,31,2,2,Sales Executive,2,Married,5507,16822,2,Y,No,16,4,3,80,2,12,1,1,4,2,1,3,Jora
36,Current employee,Travel_Rarely,335,Sales,17,2,Medical,1,21667,145122,3,Male,31,2,2,Sales Executive,2,Married,5507,16822,7,Y,No,16,3,3,80,2,12,1,1,4,2,1,3,Jora
36,Current employee,Travel_Rarely,335,Sales,17,2,Marketing,1,21668,145123,3,Male,31,2,2,Sales Executive,2,Married,5507,16822,2,Y,No,16,3,3,80,2,12,1,1,4,2,1,3,Jora
36,Current employee,Travel_Rarely,335,Sales,17,2,Medical,1,21669,145124,3,Male,31,2,2,Sales Executive,2,Married,5507,16822,7,Y,No,16,3,3,80,2,12,1,1,4,2,1,3,Jora
36,Current employee,Travel_Rarely,506,Research & Development,3,3,Technical Degree,1,21759,145214,4,Male,96,4,1,Laboratory Technician,4,Married,2544,7102,0,Y,No,18,3,1,80,1,8,3,3,7,7,7,7,Seek
36,Current employee,Travel_Rarely,506,Research & Development,3,3,Life Sciences,1,21760,145215,4,Male,96,4,1,Laboratory Technician,4,Married,2544,7102,1,Y,No,18,3,1,80,1,8,3,3,7,7,7,7,Seek
36,Current employee,Travel_Rarely,506,Research & Development,3,3,Technical Degree,1,21764,145219,4,Male,96,4,1,Laboratory Technician,4,Married,2544,7102,0,Y,No,18,3,1,80,1,8,3,3,7,7,7,7,Seek
36,Current employee,Travel_Rarely,506,Research & Development,3,3,Life Sciences,1,21765,145220,4,Male,96,4,1,Laboratory Technician,4,Married,2544,7102,1,Y,No,18,3,1,80,1,8,3,3,7,7,7,7,Seek
36,Current employee,Travel_Rarely,506,Research & Development,3,3,Technical Degree,1,21767,145222,4,Male,96,4,1,Laboratory Technician,4,Married,2544,7102,0,Y,No,18,3,1,80,1,8,3,3,7,7,7,7,Seek
36,Current employee,Travel_Rarely,506,Research & Development,3,3,Life Sciences,1,21768,145223,4,Male,96,4,1,Laboratory Technician,4,Married,2544,7102,1,Y,No,18,3,1,80,1,8,3,3,7,7,7,7,Seek
36,Current employee,Travel_Rarely,506,Research & Development,3,3,Technical Degree,1,21772,145227,4,Male,96,4,1,Laboratory Technician,4,Married,2544,7102,0,Y,No,18,3,1,80,1,8,3,3,7,7,7,7,Seek
36,Current employee,Travel_Rarely,506,Research & Development,3,3,Life Sciences,1,21773,145228,4,Male,96,4,1,Laboratory Technician,4,Married,2544,7102,1,Y,No,18,3,1,80,1,8,3,3,7,7,7,7,Seek
36,Current employee,Non-Travel,1351,Research & Development,9,4,Life Sciences,1,22117,145572,1,Male,32,4,1,Laboratory Technician,2,Married,2810,9238,1,Y,No,22,3,2,80,0,5,3,3,5,4,0,2,Adzuna
36,Current employee,Non-Travel,1351,Research & Development,9,4,Medical,1,22120,145575,1,Male,32,4,1,Laboratory Technician,2,Married,2810,9238,1,Y,No,22,3,2,80,0,5,3,3,5,4,0,2,Adzuna
36,Current employee,Non-Travel,1351,Research & Development,9,4,Life Sciences,1,22121,145576,1,Male,32,4,1,Laboratory Technician,2,Married,2810,9238,1,Y,No,22,4,2,80,0,5,3,3,5,4,0,2,Adzuna
36,Current employee,Non-Travel,1351,Research & Development,9,4,Medical,1,22122,145577,1,Male,32,4,1,Laboratory Technician,2,Married,2810,9238,1,Y,No,22,4,2,80,0,5,3,3,5,4,0,2,Adzuna
36,Current employee,Non-Travel,1351,Research & Development,9,4,Life Sciences,1,22125,145580,1,Male,32,4,1,Laboratory Technician,2,Married,2810,9238,1,Y,No,22,3,2,80,0,5,3,3,5,4,0,2,Adzuna
36,Current employee,Non-Travel,1351,Research & Development,9,4,Medical,1,22128,145583,1,Male,32,4,1,Laboratory Technician,2,Married,2810,9238,1,Y,No,22,3,2,80,0,5,3,3,5,4,0,2,Adzuna
36,Current employee,Non-Travel,1351,Research & Development,9,4,Life Sciences,1,22129,145584,1,Male,32,4,1,Laboratory Technician,2,Married,2810,9238,1,Y,No,22,4,2,80,0,5,3,3,5,4,0,2,Adzuna
36,Current employee,Non-Travel,1351,Research & Development,9,4,Medical,1,22130,145585,1,Male,32,4,1,Laboratory Technician,2,Married,2810,9238,1,Y,No,22,4,2,80,0,5,3,3,5,4,0,2,Adzuna
36,Current employee,Non-Travel,1229,Sales,8,4,Technical Degree,1,22374,145829,4,Male,98,3,3,Healthcare Representative,3,Married,7510,16873,1,Y,No,17,3,2,80,1,10,1,3,10,9,0,9,GlassDoor
36,Current employee,Non-Travel,1229,Sales,8,4,Medical,1,22375,145830,4,Male,98,3,3,Healthcare Representative,3,Married,7510,16873,0,Y,No,17,3,2,80,1,10,1,3,10,9,0,9,GlassDoor
36,Current employee,Non-Travel,1229,Sales,8,4,Technical Degree,1,22377,145832,4,Male,98,3,3,Healthcare Representative,3,Married,7510,16873,1,Y,No,17,3,2,80,1,10,1,3,10,9,0,9,GlassDoor
36,Current employee,Non-Travel,1229,Sales,8,4,Medical,1,22378,145833,4,Male,98,3,3,Healthcare Representative,3,Married,7510,16873,0,Y,No,17,3,2,80,1,10,1,3,10,9,0,9,GlassDoor
36,Current employee,Non-Travel,1229,Sales,8,4,Technical Degree,1,22382,145837,4,Male,98,3,3,Healthcare Representative,3,Married,7510,16873,1,Y,No,17,3,2,80,1,10,1,3,10,9,0,9,GlassDoor
36,Current employee,Non-Travel,1229,Sales,8,4,Medical,1,22383,145838,4,Male,98,3,3,Healthcare Representative,3,Married,7510,16873,0,Y,No,17,3,2,80,1,10,1,3,10,9,0,9,GlassDoor
36,Current employee,Non-Travel,1229,Sales,8,4,Technical Degree,1,22385,145840,4,Male,98,3,3,Healthcare Representative,3,Married,7510,16873,1,Y,No,17,3,2,80,1,10,1,3,10,9,0,9,GlassDoor
36,Current employee,Non-Travel,1229,Sales,8,4,Medical,1,22386,145841,4,Male,98,3,3,Healthcare Representative,3,Married,7510,16873,0,Y,No,17,3,2,80,1,10,1,3,10,9,0,9,GlassDoor
36,Current employee,Travel_Rarely,363,Research & Development,1,3,Technical Degree,1,22596,146051,4,Male,98,3,1,Laboratory Technician,3,Divorced,3977,7298,6,Y,Yes,19,3,3,80,1,7,2,2,2,2,0,2,Seek
36,Current employee,Travel_Rarely,,Research & Development,1,3,Life Sciences,1,22597,146052,4,Male,98,3,1,Laboratory Technician,3,,3977,7298,1,Y,Yes,19,3,3,80,1,7,2,2,2,2,0,2,Seek
36,Current employee,Travel_Rarely,363,Research & Development,1,3,Technical Degree,1,22601,146056,4,Male,98,3,1,Laboratory Technician,3,Divorced,3977,7298,6,Y,Yes,19,3,3,80,1,7,2,2,2,2,0,2,Seek
36,Current employee,Travel_Rarely,363,Research & Development,1,3,Life Sciences,1,22602,146057,4,Male,98,3,1,Laboratory Technician,3,Divorced,3977,7298,1,Y,Yes,19,3,3,80,1,7,2,2,2,2,0,2,Seek
36,Current employee,Travel_Rarely,363,Research & Development,1,3,Technical Degree,1,22604,146059,4,,98,3,1,Laboratory Technician,3,Divorced,3977,7298,6,Y,Yes,19,3,3,80,1,7,2,2,2,2,0,2,Seek
36,Current employee,Travel_Rarely,363,Research & Development,1,3,Life Sciences,1,22605,146060,4,Male,98,3,1,Laboratory Technician,3,Divorced,3977,7298,1,Y,Yes,19,3,3,80,1,7,2,2,2,2,0,2,Seek
36,Current employee,Travel_Rarely,363,Research & Development,1,3,Technical Degree,1,22609,146064,4,Male,98,3,1,Laboratory Technician,3,Divorced,3977,7298,6,Y,Yes,19,3,3,80,1,7,2,2,2,2,0,2,Seek
36,Current employee,Travel_Rarely,363,Research & Development,1,3,Life Sciences,1,22610,146065,4,Male,98,3,1,Laboratory Technician,3,Divorced,3977,7298,1,Y,Yes,19,3,3,80,1,7,2,2,2,2,0,2,Seek
36,Current employee,Travel_Frequently,469,Research & Development,3,3,Technical Degree,1,22628,146083,4,Male,98,2,1,Laboratory Technician,3,Divorced,2008,20439,1,Y,No,12,3,3,80,3,1,2,2,1,1,0,0,LinkedIn
36,Current employee,Travel_Frequently,469,Research & Development,3,3,Life Sciences,1,22630,146085,4,Male,98,2,1,Laboratory Technician,3,Divorced,2008,20439,1,Y,No,12,3,3,80,3,1,2,2,1,1,0,0,LinkedIn
36,Current employee,Travel_Frequently,469,Research & Development,3,3,Technical Degree,1,22633,146088,4,Male,98,2,1,Laboratory Technician,3,Divorced,2008,20439,1,Y,No,12,3,3,80,3,1,2,2,1,1,0,0,LinkedIn
36,Current employee,Travel_Frequently,469,Research & Development,3,3,Life Sciences,1,22634,146089,4,Male,98,2,1,Laboratory Technician,3,Divorced,2008,20439,1,Y,No,12,3,3,80,3,1,2,2,1,1,0,0,LinkedIn
36,Current employee,Travel_Frequently,469,Research & Development,3,3,Technical Degree,1,22636,146091,4,Male,98,2,1,Laboratory Technician,3,Divorced,,20439,1,Y,No,12,3,3,80,3,1,2,2,1,1,0,0,
36,Current employee,Travel_Frequently,469,Research & Development,3,3,Life Sciences,1,22638,146093,4,Male,98,2,1,Laboratory Technician,3,Divorced,2008,20439,1,Y,No,12,3,3,80,3,1,2,2,1,1,0,0,LinkedIn
36,Current employee,Travel_Frequently,469,Research & Development,3,3,Technical Degree,1,22641,146096,4,Male,98,2,1,Laboratory Technician,3,Divorced,2008,20439,1,Y,No,12,3,3,80,3,1,2,2,1,1,0,0,LinkedIn
36,Current employee,Travel_Frequently,469,Research & Development,3,3,Life Sciences,1,22642,146097,4,Male,98,2,1,Laboratory Technician,3,Divorced,2008,20439,1,Y,No,12,3,3,80,3,1,2,2,1,1,0,0,LinkedIn
36,Current employee,Travel_Rarely,325,Research & Development,10,4,Technical Degree,1,22728,146183,4,Female,98,3,3,Research Director,2,Married,11957,17231,0,Y,No,18,3,1,80,2,14,3,1,13,8,5,12,Indeed
36,Current employee,Travel_Rarely,325,Research & Development,10,4,Medical,1,22730,146185,4,Female,98,3,3,Research Director,2,Married,11957,17231,2,Y,No,18,3,1,80,2,14,3,1,13,8,5,12,Indeed
36,Current employee,Travel_Rarely,325,Research & Development,10,4,Technical Degree,1,22731,146186,4,Female,98,3,3,Research Director,2,Married,11957,17231,0,Y,No,18,3,1,80,2,14,3,1,13,8,5,12,Indeed
36,Current employee,Travel_Rarely,325,Research & Development,10,4,Medical,1,22732,146187,4,Female,98,3,3,Research Director,2,Married,11957,17231,2,Y,No,18,3,1,80,2,14,3,1,13,8,5,12,Indeed
36,Current employee,Travel_Rarely,325,Research & Development,10,4,Technical Degree,1,22736,146191,4,Female,98,3,3,Research Director,2,Married,11957,17231,0,Y,No,18,3,1,80,2,14,3,1,13,8,5,12,Indeed
36,Current employee,Travel_Rarely,325,Research & Development,10,4,Medical,1,22738,146193,4,Female,98,3,3,Research Director,2,Married,11957,17231,2,Y,No,18,3,1,80,2,14,3,1,13,8,5,12,Indeed
36,Current employee,Travel_Rarely,325,Research & Development,10,4,Technical Degree,1,22739,146194,4,Female,98,3,3,Research Director,2,Married,11957,17231,0,Y,No,18,3,1,80,2,14,3,1,13,8,5,12,Indeed
36,Current employee,Travel_Rarely,325,Research & Development,10,4,Medical,1,22740,146195,4,Female,98,3,3,Research Director,2,Married,11957,17231,2,Y,No,18,3,1,80,2,14,3,1,13,8,5,12,Indeed
36,Current employee,Travel_Rarely,557,Sales,3,3,Medical,1,23015,146470,1,Female,35,2,3,Sales Executive,4,Married,7644,12695,0,Y,No,19,3,3,80,2,10,2,3,9,7,3,4,Company Website
36,Current employee,Travel_Rarely,557,Sales,3,3,Life Sciences,1,23018,146473,1,Female,35,2,3,Sales Executive,4,Married,7644,12695,4,Y,No,19,3,3,80,2,10,2,3,9,7,3,4,Company Website
36,Current employee,Travel_Rarely,557,Sales,3,3,Medical,1,23019,146474,1,Female,35,2,3,Sales Executive,4,Married,7644,12695,0,Y,No,19,3,3,80,2,10,2,3,9,7,3,4,Company Website
36,Current employee,Travel_Rarely,557,Sales,3,3,Life Sciences,1,23020,146475,1,Female,35,2,3,Sales Executive,4,Married,7644,12695,4,Y,No,19,3,3,80,2,10,2,3,9,7,3,4,Company Website
36,Current employee,Travel_Rarely,557,Sales,3,3,Medical,1,23023,146478,1,Female,35,2,3,Sales Executive,4,Married,7644,12695,0,Y,No,19,3,3,80,2,10,2,3,9,7,3,4,Company Website
36,Current employee,Travel_Rarely,557,Sales,3,3,Life Sciences,1,23026,146481,1,Female,35,2,3,Sales Executive,4,Married,7644,12695,4,Y,No,19,3,3,80,2,10,2,3,9,7,3,4,Company Website
36,Current employee,Travel_Rarely,557,Sales,3,3,Medical,1,23027,146482,1,Female,35,2,3,Sales Executive,4,Married,7644,12695,0,Y,No,19,3,3,80,2,10,2,3,9,7,3,4,Company Website
36,Current employee,Travel_Rarely,557,Sales,3,3,Life Sciences,1,23028,146483,1,Female,35,2,3,Sales Executive,4,Married,7644,12695,4,Y,No,19,3,3,80,2,10,2,3,9,7,3,4,Company Website
36,Current employee,Travel_Frequently,688,Research & Development,4,2,Life Sciences,1,23030,146485,4,Female,35,3,2,Manufacturing Director,2,Divorced,5131,9192,7,Y,No,13,3,2,80,3,18,3,3,4,2,0,2,Indeed
36,Current employee,Travel_Frequently,688,Research & Development,4,2,Life Sciences,1,23032,146487,4,Female,35,3,2,Manufacturing Director,2,Divorced,5131,9192,1,Y,No,13,3,2,80,3,18,3,3,4,2,0,2,Indeed
36,Current employee,Travel_Frequently,688,Research & Development,4,2,Life Sciences,1,23036,146491,4,Female,35,3,2,Manufacturing Director,2,Divorced,5131,9192,7,Y,No,13,3,2,80,3,18,3,3,4,2,0,2,Indeed
36,Current employee,Travel_Frequently,688,Research & Development,4,2,Life Sciences,1,23037,146492,4,Female,35,3,2,Manufacturing Director,2,Divorced,5131,9192,1,Y,No,13,3,2,80,3,18,3,3,4,2,0,2,Indeed
36,Current employee,Travel_Frequently,688,Research & Development,4,2,Life Sciences,1,23038,146493,4,Female,35,3,2,Manufacturing Director,2,Divorced,5131,9192,7,Y,No,13,3,2,80,3,18,3,3,4,2,0,2,Indeed
36,Current employee,Travel_Frequently,688,Research & Development,4,2,Life Sciences,1,23040,146495,4,Female,35,3,2,Manufacturing Director,2,Divorced,5131,9192,1,Y,No,13,3,2,80,3,18,3,3,4,2,0,2,Indeed
36,Current employee,Travel_Frequently,688,Research & Development,4,2,Life Sciences,1,23044,146499,4,Female,35,3,2,Manufacturing Director,2,Divorced,5131,9192,7,Y,No,13,3,2,80,3,18,3,3,4,2,0,2,Indeed
36,Current employee,Travel_Frequently,688,Research & Development,4,2,Life Sciences,1,23045,146500,4,Female,35,3,2,Manufacturing Director,2,Divorced,5131,9192,1,Y,No,13,3,2,80,3,18,3,3,4,2,0,2,Indeed
36,Current employee,Non-Travel,301,Sales,15,4,Marketing,1,23138,146593,4,Male,36,1,2,Sales Executive,4,Divorced,5406,10436,1,Y,No,24,3,1,80,1,15,4,2,15,12,11,11,Recruit.net
36,Current employee,Non-Travel,301,Sales,15,4,Medical,1,23140,146595,4,Male,36,1,2,Sales Executive,4,Divorced,5406,10436,7,Y,No,24,4,1,80,1,15,4,2,15,12,11,11,Recruit.net
36,Current employee,Non-Travel,301,Sales,15,4,Marketing,1,23142,146597,4,Male,36,1,2,Sales Executive,4,Divorced,5406,10436,1,Y,No,24,4,1,80,1,15,4,2,15,12,11,11,Recruit.net
36,Current employee,Non-Travel,301,Sales,15,4,Medical,1,23143,146598,4,Male,36,1,2,Sales Executive,4,Divorced,5406,10436,7,Y,No,24,4,1,80,1,15,4,2,15,12,11,11,Recruit.net
36,Current employee,Non-Travel,301,Sales,15,4,Marketing,1,23146,146601,4,Male,36,1,2,Sales Executive,4,Divorced,5406,10436,1,Y,No,24,3,1,80,1,15,4,2,15,12,11,11,Recruit.net
36,Current employee,Non-Travel,301,Sales,15,4,Medical,1,23148,146603,4,Male,36,1,2,Sales Executive,4,Divorced,5406,10436,7,Y,No,24,4,1,80,1,15,4,2,15,12,11,11,Recruit.net
36,Current employee,Non-Travel,301,Sales,15,4,Marketing,1,23150,146605,4,Male,36,1,2,Sales Executive,4,Divorced,5406,10436,1,Y,No,24,4,1,80,1,15,4,2,15,12,11,11,Recruit.net
36,Current employee,Non-Travel,301,Sales,15,4,Medical,1,23151,146606,4,Male,36,1,2,Sales Executive,4,Divorced,5406,10436,7,Y,No,24,4,1,80,1,15,4,2,15,12,11,11,Recruit.net
36,Current employee,Travel_Rarely,1120,Sales,11,4,Marketing,1,23236,146691,2,Female,36,2,2,Sales Executive,4,Married,6652,14369,4,Y,No,13,3,1,80,1,8,2,2,6,3,0,0,Seek
36,Current employee,Travel_Rarely,1120,Sales,11,4,Medical,1,23239,146694,2,Female,36,2,2,Sales Executive,4,Married,6652,14369,6,Y,No,13,3,1,80,1,8,2,2,6,3,0,0,Seek
36,Current employee,Travel_Rarely,1120,Sales,11,4,Marketing,1,23242,146697,2,Female,36,2,2,Sales Executive,4,Married,6652,14369,4,Y,No,13,3,1,80,1,8,2,2,6,3,0,0,Seek
36,Current employee,Travel_Rarely,1120,Sales,11,4,Medical,1,23243,146698,2,Female,36,2,2,Sales Executive,4,Married,6652,14369,6,Y,No,13,3,1,80,1,8,2,2,6,3,0,0,Seek
36,Current employee,Travel_Rarely,1120,Sales,11,4,Marketing,1,23244,146699,2,Female,36,2,2,Sales Executive,4,Married,6652,14369,4,Y,No,13,3,1,80,1,8,2,2,6,3,0,0,Seek
36,Current employee,Travel_Rarely,1120,Sales,11,4,Medical,1,23244,146702,2,Female,36,2,2,Sales Executive,4,Married,6652,14369,6,Y,No,13,3,1,80,1,8,2,2,6,3,0,0,Seek
36,Current employee,Travel_Rarely,1120,Sales,11,4,Marketing,1,23250,146705,2,Female,36,2,2,Sales Executive,4,Married,6652,14369,4,Y,No,13,3,1,80,1,8,2,2,6,3,0,0,Seek
36,Current employee,Travel_Rarely,1120,Sales,11,4,Medical,1,23251,146706,2,Female,36,2,2,Sales Executive,4,Married,6652,14369,6,Y,No,13,3,1,80,1,8,2,2,6,3,0,0,Seek
36,Current employee,Travel_Rarely,1266,Sales,10,4,Technical Degree,1,23365,146820,4,Male,100,2,3,Sales Executive,1,Divorced,10854,16586,4,Y,Yes,13,3,2,80,1,20,3,3,3,2,2,0,LinkedIn
36,Current employee,Travel_Rarely,1266,Sales,10,4,Medical,1,23366,146821,4,Male,100,2,3,Sales Executive,1,Divorced,10854,16586,6,Y,Yes,13,3,2,80,1,20,3,3,3,2,2,0,LinkedIn
36,Current employee,Travel_Rarely,1266,Sales,10,4,Technical Degree,1,23368,146823,4,Male,100,2,3,Sales Executive,1,Divorced,10854,16586,4,Y,Yes,13,3,2,80,1,20,3,3,3,2,2,0,LinkedIn
36,Current employee,Travel_Rarely,1266,Sales,10,4,Medical,1,23369,146824,4,Male,100,2,3,Sales Executive,1,Divorced,10854,16586,6,Y,Yes,13,3,2,80,1,20,3,3,3,2,2,0,LinkedIn
36,Current employee,Travel_Rarely,1266,Sales,10,4,Technical Degree,1,23373,146828,4,Male,100,2,3,Sales Executive,1,Divorced,10854,16586,4,Y,Yes,13,3,2,80,1,20,3,3,3,2,2,0,LinkedIn
36,Current employee,Travel_Rarely,1266,Sales,10,4,Medical,1,23374,146829,4,Male,100,3,4,Manager,1,Divorced,17924,4544,1,Y,No,11,3,2,80,1,9,3,3,4,2,1,3,LinkedIn
36,Current employee,Travel_Rarely,1266,Sales,10,4,Technical Degree,1,23376,146831,4,Male,100,2,3,Sales Executive,1,Divorced,10854,16586,4,Y,Yes,13,3,2,80,1,20,3,3,3,2,2,0,LinkedIn
36,Current employee,Travel_Rarely,1266,Sales,10,4,Medical,1,23377,146832,4,Male,100,2,3,Sales Executive,1,Divorced,10854,16586,6,Y,Yes,13,3,2,80,1,20,3,3,3,2,2,0,LinkedIn
36,Current employee,Travel_Frequently,884,Research & Development,23,2,Medical,1,23428,146883,3,Male,37,4,2,Laboratory Technician,4,Married,2571,12290,4,Y,No,17,3,3,80,1,17,3,3,5,2,0,3,Company Website
36,Current employee,Travel_Frequently,884,Research & Development,23,2,Other,1,23431,146886,3,Male,37,4,2,Laboratory Technician,4,Married,2571,12290,1,Y,No,17,3,3,80,1,17,3,3,5,2,0,3,Company Website
36,Current employee,Travel_Frequently,884,Research & Development,23,2,Medical,1,23432,146887,3,Male,37,4,2,Laboratory Technician,4,Married,2571,12290,4,Y,No,17,3,3,80,1,17,3,3,5,2,0,3,Company Website
36,Current employee,Travel_Frequently,884,Research & Development,23,2,Other,1,23433,146888,3,Male,37,4,2,Laboratory Technician,4,Married,2571,12290,1,Y,No,17,3,3,80,1,17,3,3,5,2,0,3,Company Website
36,Current employee,Travel_Frequently,884,Research & Development,23,2,Medical,1,23436,146891,3,Male,37,4,2,Laboratory Technician,4,Married,2571,12290,4,Y,No,17,3,3,80,1,17,3,3,5,2,0,3,Company Website
36,Current employee,Travel_Frequently,884,Research & Development,23,2,Other,1,23439,146894,3,Male,37,4,2,Laboratory Technician,4,Married,2571,12290,1,Y,No,17,3,3,80,1,17,3,3,5,2,0,3,Company Website
36,Current employee,Travel_Frequently,884,Research & Development,23,2,Medical,1,23440,146895,3,Male,37,4,2,Laboratory Technician,4,Married,2571,12290,4,Y,No,17,3,3,80,1,17,3,3,5,2,0,3,Company Website
36,Current employee,Travel_Frequently,884,Research & Development,23,2,Other,1,23441,146896,3,Male,37,4,2,Laboratory Technician,4,Married,2571,12290,1,Y,No,17,3,3,80,1,17,3,3,5,2,0,3,Company Website
29,Voluntary Resignation,Travel_Rarely,350,Human Resources,13,3,Human Resources,1,472,123927,1,Female,38,3,3,Research Director,2,Single,11994,21293,0,Y,No,11,3,3,80,0,13,4,3,12,6,2,11,Company Website
29,Voluntary Resignation,Travel_Rarely,350,Human Resources,13,3,Medical,1,474,123929,1,Female,38,3,3,Research Director,2,Single,11994,21293,2,Y,No,11,3,3,80,0,13,4,3,12,6,2,11,Company Website
29,Voluntary Resignation,Travel_Rarely,350,Human Resources,13,3,Human Resources,1,475,123930,1,Female,38,3,3,Research Director,2,Single,11994,21293,0,Y,No,11,3,3,80,0,13,4,3,12,6,2,11,Company Website
29,Voluntary Resignation,Travel_Rarely,350,Human Resources,13,3,Medical,1,476,123931,1,Female,38,3,3,Research Director,2,Single,11994,21293,2,Y,No,11,3,3,80,0,13,4,3,12,6,2,11,Company Website
29,Voluntary Resignation,Travel_Rarely,350,Human Resources,13,3,Human Resources,1,482,123937,1,Female,38,3,3,Research Director,2,Single,11994,21293,0,Y,No,11,3,3,80,0,13,4,3,12,6,2,11,Company Website
29,Voluntary Resignation,Travel_Rarely,350,Human Resources,13,3,Medical,1,484,123939,1,Female,38,3,3,Research Director,2,Single,11994,21293,2,Y,No,11,3,3,80,0,13,4,3,12,6,2,11,Company Website
29,Voluntary Resignation,Travel_Rarely,350,Human Resources,13,3,Human Resources,1,485,123940,1,Female,38,3,3,Research Director,2,Single,11994,21293,0,Y,No,11,3,3,80,0,13,4,3,12,6,2,11,Company Website
29,Voluntary Resignation,Travel_Rarely,350,Human Resources,13,3,Medical,1,486,123941,1,Female,38,3,3,Research Director,2,Single,11994,21293,2,Y,No,11,3,3,80,0,13,4,3,12,6,2,11,Company Website
29,Voluntary Resignation,Travel_Rarely,121,Sales,27,3,Marketing,1,3363,126818,2,Female,35,3,3,Sales Executive,4,Married,7639,24525,1,Y,No,22,3,4,80,3,10,3,2,10,4,1,9,Company Website
29,Voluntary Resignation,Travel_Rarely,121,Sales,27,3,Technical Degree,1,3366,126821,2,Female,35,3,3,Sales Executive,4,Married,7639,24525,8,Y,No,22,4,4,80,3,10,3,2,10,4,1,9,Company Website
29,Voluntary Resignation,Travel_Rarely,121,Sales,27,3,Marketing,1,3367,126822,2,Female,35,3,3,Sales Executive,4,Married,7639,24525,1,Y,No,22,4,4,80,3,10,3,2,10,4,1,9,Company Website
29,Voluntary Resignation,Travel_Rarely,121,Sales,27,3,Technical Degree,1,3368,126823,2,Female,35,3,3,Sales Executive,4,Married,7639,24525,8,Y,No,22,4,4,80,3,10,3,2,10,4,1,9,Company Website
29,Voluntary Resignation,Travel_Rarely,121,Sales,27,3,Marketing,1,3371,126826,2,Female,35,3,3,Sales Executive,4,Married,7639,24525,1,Y,No,22,3,4,80,3,10,3,2,10,4,1,9,Company Website
29,Voluntary Resignation,Travel_Rarely,121,Sales,27,3,Technical Degree,1,3374,126829,2,Female,35,3,3,Sales Executive,4,Married,7639,24525,8,Y,No,22,4,4,80,3,10,3,2,10,4,1,9,Company Website
29,Voluntary Resignation,Travel_Rarely,121,Sales,27,3,Marketing,1,3375,126830,2,Female,35,3,3,Sales Executive,4,Married,7639,24525,1,Y,No,22,4,4,80,3,10,3,2,10,4,1,9,Company Website
29,Voluntary Resignation,Travel_Rarely,121,Sales,27,3,Technical Degree,1,3376,126831,2,Female,35,3,3,Sales Executive,4,Married,7639,24525,8,Y,No,22,4,4,80,3,10,3,2,10,4,1,9,Company Website
29,Voluntary Resignation,Travel_Rarely,992,Research & Development,1,3,Technical Degree,1,3557,127012,3,Male,85,3,1,Research Scientist,3,Single,2058,19757,0,Y,No,14,3,4,80,0,7,1,2,6,2,1,5,GlassDoor
29,Voluntary Resignation,Travel_Rarely,992,Research & Development,1,3,Human Resources,1,3559,127014,3,Male,85,3,1,Research Scientist,3,Single,2058,19757,2,Y,No,14,3,4,80,0,7,1,2,6,2,1,5,GlassDoor
29,Voluntary Resignation,Travel_Rarely,992,Research & Development,1,3,Technical Degree,1,3561,127016,3,Male,85,3,1,Research Scientist,3,Single,2058,19757,0,Y,No,14,3,4,80,0,7,1,2,6,2,1,5,GlassDoor
29,Voluntary Resignation,Travel_Rarely,992,Research & Development,1,3,Human Resources,1,3562,127017,3,Male,85,3,1,Research Scientist,3,Single,2058,19757,2,Y,No,14,3,4,80,0,7,1,2,6,2,1,5,GlassDoor
29,Voluntary Resignation,Travel_Rarely,992,Research & Development,1,3,Technical Degree,1,3565,127020,3,Male,85,3,1,Research Scientist,3,Single,2058,19757,0,Y,No,14,3,4,80,0,7,1,2,6,2,1,5,GlassDoor
29,Voluntary Resignation,Travel_Rarely,992,Research & Development,1,3,Human Resources,1,3567,127022,3,Male,85,3,1,Research Scientist,3,Single,2058,19757,2,Y,No,14,3,4,80,0,7,1,2,6,2,1,5,GlassDoor
29,Voluntary Resignation,Travel_Rarely,992,Research & Development,1,3,Technical Degree,1,3569,127024,3,Male,85,3,1,Research Scientist,3,Single,2058,19757,0,Y,No,14,3,4,80,0,7,1,2,6,2,1,5,GlassDoor
29,Voluntary Resignation,Travel_Rarely,992,Research & Development,1,3,Human Resources,1,3570,127025,3,Male,85,3,1,Research Scientist,3,Single,2058,19757,2,Y,No,14,3,4,80,0,7,1,2,6,2,1,5,GlassDoor
29,Voluntary Resignation,Travel_Rarely,896,Research & Development,18,1,Medical,1,3749,127204,3,Male,86,2,1,Research Scientist,4,Single,2389,14961,1,Y,Yes,13,3,3,80,0,4,3,2,4,3,0,1,LinkedIn
29,Voluntary Resignation,Travel_Rarely,896,Research & Development,18,1,Medical,1,3752,127207,3,Male,86,2,1,Research Scientist,4,Single,2389,14961,3,Y,Yes,13,3,3,80,0,4,3,2,4,3,0,1,LinkedIn
29,Voluntary Resignation,Travel_Rarely,896,Research & Development,18,1,Medical,1,3755,127210,3,Male,86,2,1,Research Scientist,4,Single,2389,14961,1,Y,Yes,13,3,3,80,0,4,3,2,4,3,0,1,LinkedIn
29,Voluntary Resignation,Travel_Rarely,896,Research & Development,18,1,Medical,1,3756,127211,3,Male,86,2,1,Research Scientist,4,Single,2389,14961,3,Y,Yes,13,3,3,80,0,4,3,2,4,3,0,1,LinkedIn
29,Voluntary Resignation,Travel_Rarely,896,Research & Development,18,1,Medical,1,3757,127212,3,Male,86,2,1,Research Scientist,4,Single,2389,14961,1,Y,Yes,13,3,3,80,0,4,3,2,4,3,0,1,LinkedIn
29,Voluntary Resignation,Travel_Rarely,896,Research & Development,18,1,Medical,1,3760,127215,3,Male,86,2,1,Research Scientist,4,Single,2389,14961,3,Y,Yes,13,3,3,80,0,4,3,2,4,3,0,1,LinkedIn
29,Voluntary Resignation,Travel_Rarely,896,Research & Development,18,1,Medical,1,3763,127218,3,Male,86,2,1,Research Scientist,4,Single,2389,14961,1,Y,Yes,13,3,3,80,0,4,3,2,4,3,0,1,LinkedIn
29,Voluntary Resignation,Travel_Rarely,896,Research & Development,18,1,Medical,1,3764,127219,3,Male,86,2,1,Research Scientist,4,Single,2389,14961,3,Y,Yes,13,3,3,80,0,4,3,2,4,3,0,1,LinkedIn
29,Voluntary Resignation,Travel_Rarely,805,Research & Development,1,2,Life Sciences,1,4341,127796,1,Male,48,2,2,Healthcare Representative,4,Married,5582,14408,0,Y,No,21,3,2,80,1,10,2,3,9,0,7,8,Indeed
29,Voluntary Resignation,Travel_Rarely,805,Research & Development,1,2,Life Sciences,1,4342,127797,1,Male,48,2,2,Healthcare Representative,4,Married,5582,14408,0,Y,No,21,3,2,80,1,10,2,3,9,0,7,8,Indeed
29,Voluntary Resignation,Travel_Rarely,805,Research & Development,1,2,Life Sciences,1,4344,127799,1,Male,48,2,2,Healthcare Representative,4,Married,5582,14408,0,Y,No,21,4,2,80,1,10,2,3,9,0,7,8,Indeed
29,Voluntary Resignation,Travel_Rarely,805,Research & Development,1,2,Life Sciences,1,4345,127800,1,Male,48,2,2,Healthcare Representative,4,Married,5582,14408,0,Y,No,21,4,2,80,1,10,2,3,9,0,7,8,Indeed
29,Voluntary Resignation,Travel_Rarely,805,Research & Development,1,2,Life Sciences,1,4349,127804,1,Male,48,2,2,Healthcare Representative,4,Married,5582,14408,0,Y,No,21,3,2,80,1,10,2,3,9,0,7,8,Indeed
29,Voluntary Resignation,Travel_Rarely,805,Research & Development,1,2,Life Sciences,1,4350,127805,1,Male,48,2,2,Healthcare Representative,4,Married,5582,14408,0,Y,No,21,3,2,80,1,10,2,3,9,0,7,8,Indeed
29,Voluntary Resignation,Travel_Rarely,805,Research & Development,1,2,Life Sciences,1,4352,127807,1,Male,48,2,2,Healthcare Representative,4,Married,5582,14408,0,Y,No,21,4,2,80,1,10,2,3,9,0,7,8,Indeed
29,Voluntary Resignation,Travel_Rarely,805,Research & Development,1,2,Life Sciences,1,4353,127808,1,Male,48,2,2,Healthcare Representative,4,Married,5582,14408,0,Y,No,21,4,2,80,1,10,2,3,9,0,7,8,Indeed
29,Voluntary Resignation,Travel_Rarely,906,Research & Development,10,3,Life Sciences,1,5137,128592,2,Female,51,2,4,Healthcare Representative,3,Single,13964,17810,7,Y,Yes,12,4,4,80,0,25,2,3,7,1,0,7,Company Website
29,Voluntary Resignation,Travel_Rarely,906,Research & Development,10,3,Medical,1,5139,128594,2,Female,51,2,4,Healthcare Representative,3,Single,13964,17810,0,Y,Yes,12,4,4,80,0,25,2,3,7,1,0,7,Company Website
29,Voluntary Resignation,Travel_Rarely,906,Research & Development,10,3,Life Sciences,1,5140,128595,2,Female,51,2,4,Healthcare Representative,3,Single,13964,17810,7,Y,Yes,12,3,4,80,0,25,2,3,7,1,0,7,Company Website
29,Voluntary Resignation,Travel_Rarely,906,Research & Development,10,3,Medical,1,5141,128596,2,Female,51,2,4,Healthcare Representative,3,Single,13964,17810,0,Y,Yes,12,3,4,80,0,25,2,3,7,1,0,7,Company Website
29,Voluntary Resignation,Travel_Rarely,906,Research & Development,10,3,Life Sciences,1,5145,128600,2,Female,51,2,4,Healthcare Representative,3,Single,13964,17810,7,Y,Yes,12,4,4,80,0,25,2,3,7,1,0,7,Company Website
29,Voluntary Resignation,Travel_Rarely,906,Research & Development,10,3,Medical,1,5147,128602,2,Female,51,2,4,Healthcare Representative,3,Single,13964,17810,0,Y,Yes,12,4,4,80,0,25,2,3,7,1,0,7,Company Website
29,Voluntary Resignation,Travel_Rarely,906,Research & Development,10,3,Life Sciences,1,5148,128603,2,Female,51,2,4,Healthcare Representative,3,Single,13964,17810,7,Y,Yes,12,3,4,80,0,25,2,3,7,1,0,7,Company Website
29,Voluntary Resignation,Travel_Rarely,906,Research & Development,10,3,Medical,1,5149,128604,2,Female,51,2,4,Healthcare Representative,3,Single,13964,17810,0,Y,Yes,12,3,4,80,0,25,2,3,7,1,0,7,Company Website
29,Voluntary Resignation,Travel_Rarely,318,Research & Development,8,4,Other,1,5450,128905,2,Male,77,1,1,Laboratory Technician,1,Married,2119,4759,1,Y,Yes,11,3,4,80,0,7,4,2,7,7,0,7,Recruit.net
29,Voluntary Resignation,Travel_Rarely,318,Research & Development,8,4,Marketing,1,5452,128907,2,Male,77,1,1,Laboratory Technician,1,Married,2119,4759,1,Y,Yes,11,4,4,80,0,7,4,2,7,7,0,7,Recruit.net
29,Voluntary Resignation,Travel_Rarely,318,Research & Development,8,4,Other,1,5454,128909,2,Male,77,1,1,Laboratory Technician,1,Married,2119,4759,1,Y,Yes,11,3,4,80,0,7,4,2,7,7,0,7,Recruit.net
29,Voluntary Resignation,Travel_Rarely,318,Research & Development,8,4,Marketing,1,5455,128910,2,Male,77,1,1,Laboratory Technician,1,Married,2119,4759,1,Y,Yes,11,3,4,80,0,7,4,2,7,7,0,7,Recruit.net
29,Voluntary Resignation,Travel_Rarely,318,Research & Development,8,4,Other,1,5458,128913,2,Male,77,1,1,Laboratory Technician,1,Married,2119,4759,1,Y,Yes,11,3,4,80,0,7,4,2,7,7,0,7,Recruit.net
29,Voluntary Resignation,Travel_Rarely,318,Research & Development,8,4,Marketing,1,5460,128915,2,Male,77,1,1,Laboratory Technician,1,Married,2119,4759,1,Y,Yes,11,4,4,80,0,7,4,2,7,7,0,7,Recruit.net
29,Voluntary Resignation,Travel_Rarely,318,Research & Development,8,4,Other,1,5462,128917,2,Male,77,1,1,Laboratory Technician,1,Married,2119,4759,1,Y,Yes,11,3,4,80,0,7,4,2,7,7,0,7,Recruit.net
29,Voluntary Resignation,Travel_Rarely,318,Research & Development,8,4,Marketing,1,5463,128918,2,Male,77,1,1,Laboratory Technician,1,Married,2119,4759,1,Y,Yes,11,3,4,80,0,7,4,2,7,7,0,7,Recruit.net
29,Voluntary Resignation,Travel_Rarely,408,Sales,23,1,Life Sciences,1,5956,129411,2,Male,53,2,2,Sales Executive,3,Married,6380,6110,2,Y,Yes,12,3,1,80,2,8,6,3,6,4,1,0,Company Website
29,Voluntary Resignation,Travel_Rarely,408,Sales,23,1,Other,1,5958,129413,2,Male,53,2,2,Sales Executive,3,Married,6380,6110,7,Y,Yes,12,3,1,80,2,8,6,3,6,4,1,0,Company Website
29,Voluntary Resignation,Travel_Rarely,408,Sales,23,1,Life Sciences,1,5959,129414,2,Male,53,2,2,Sales Executive,3,Married,6380,6110,2,Y,Yes,12,3,1,80,2,8,6,3,6,4,1,0,Company Website
29,Voluntary Resignation,Travel_Rarely,408,Sales,23,1,Other,1,5960,129415,2,Male,53,2,2,Sales Executive,3,Married,6380,6110,7,Y,Yes,12,3,1,80,2,8,6,3,6,4,1,0,Company Website
29,Voluntary Resignation,Travel_Rarely,408,Sales,23,1,Life Sciences,1,5964,129419,2,Male,53,2,2,Sales Executive,3,Married,6380,6110,2,Y,Yes,12,3,1,80,2,8,6,3,6,4,1,0,Company Website
29,Voluntary Resignation,Travel_Rarely,408,Sales,23,1,Other,1,5966,129421,2,Male,53,2,2,Sales Executive,3,Married,6380,6110,7,Y,Yes,12,3,1,80,2,8,6,3,6,4,1,0,Company Website
29,Voluntary Resignation,Travel_Rarely,408,Sales,23,1,Life Sciences,1,5967,129422,2,Male,53,2,2,Sales Executive,3,Married,6380,6110,2,Y,Yes,12,3,1,80,2,8,6,3,6,4,1,0,Company Website
29,Voluntary Resignation,Travel_Rarely,408,Sales,23,1,Other,1,5968,129423,2,Male,53,2,2,Sales Executive,3,Married,6380,6110,7,Y,Yes,12,3,1,80,2,8,6,3,6,4,1,0,Company Website
29,Voluntary Resignation,Travel_Rarely,408,Research & Development,25,5,Technical Degree,1,6791,130246,3,Female,71,2,1,Research Scientist,2,Married,2546,18300,5,Y,No,16,3,2,80,0,6,2,4,2,2,1,1,GlassDoor
29,Voluntary Resignation,Travel_Rarely,408,Research & Development,25,5,Technical Degree,1,6794,130249,3,Female,71,2,1,Research Scientist,2,Married,2546,18300,4,Y,No,16,3,2,80,0,6,2,4,2,2,1,1,GlassDoor
29,Voluntary Resignation,Travel_Rarely,408,Research & Development,25,5,Technical Degree,1,6795,130250,3,Female,71,2,1,Research Scientist,2,Married,2546,18300,5,Y,No,16,3,2,80,0,6,2,4,2,2,1,1,GlassDoor
29,Voluntary Resignation,Travel_Rarely,408,Research & Development,25,5,Technical Degree,1,6796,130251,3,Female,71,2,1,Research Scientist,2,Married,2546,18300,4,Y,No,16,3,2,80,0,6,2,4,2,2,1,1,GlassDoor
29,Voluntary Resignation,Travel_Rarely,408,Research & Development,25,5,Technical Degree,1,6801,130256,3,Female,71,2,1,Research Scientist,2,Married,2546,18300,4,Y,No,16,3,2,80,0,6,2,4,2,2,1,1,GlassDoor
29,Voluntary Resignation,Travel_Rarely,408,Research & Development,25,5,Technical Degree,1,6802,130257,3,Female,71,2,1,Research Scientist,2,Married,2546,18300,5,Y,No,16,3,2,80,0,6,2,4,2,2,1,1,GlassDoor
29,Voluntary Resignation,Travel_Rarely,408,Research & Development,25,5,Technical Degree,1,6803,130258,3,Female,71,2,1,Research Scientist,2,Married,2546,18300,4,Y,No,16,3,2,80,0,6,2,4,2,2,1,1,GlassDoor
29,Voluntary Resignation,Travel_Rarely,805,Research & Development,1,2,Life Sciences,1,9460,132915,2,Female,36,2,1,Laboratory Technician,1,Married,2319,6689,1,Y,Yes,11,4,4,80,1,1,1,3,1,0,0,0,Company Website
29,Voluntary Resignation,Travel_Rarely,805,Research & Development,1,2,Life Sciences,1,9462,132917,2,Female,36,2,1,Laboratory Technician,1,Married,2319,6689,0,Y,Yes,11,3,4,80,1,1,1,3,1,0,0,0,Company Website
29,Voluntary Resignation,Travel_Rarely,805,Research & Development,1,2,Life Sciences,1,9464,132919,2,Female,36,2,1,Laboratory Technician,1,Married,2319,6689,1,Y,Yes,11,3,4,80,1,1,1,3,1,0,0,0,Company Website
29,Voluntary Resignation,Travel_Rarely,805,Research & Development,1,2,Life Sciences,1,9465,132920,2,Female,36,2,1,Laboratory Technician,1,Married,2319,6689,0,Y,Yes,11,3,4,80,1,1,1,3,1,0,0,0,Company Website
29,Voluntary Resignation,Travel_Rarely,805,Research & Development,1,2,Life Sciences,1,9468,132923,2,Female,36,2,1,Laboratory Technician,1,Married,2319,6689,1,Y,Yes,11,4,4,80,1,1,1,3,1,0,0,0,Company Website
29,Voluntary Resignation,Travel_Rarely,805,Research & Development,1,2,Life Sciences,1,9470,132925,2,Female,36,2,1,Laboratory Technician,1,Married,2319,6689,0,Y,Yes,11,3,4,80,1,1,1,3,1,0,0,0,Company Website
29,Voluntary Resignation,Travel_Rarely,805,Research & Development,1,2,Life Sciences,1,9472,132927,2,Female,36,2,1,Laboratory Technician,1,Married,2319,6689,1,Y,Yes,11,3,4,80,1,1,1,3,1,0,0,0,Company Website
29,Voluntary Resignation,Travel_Rarely,805,Research & Development,1,2,Life Sciences,1,9473,132928,2,Female,36,2,1,Laboratory Technician,1,Married,2319,6689,0,Y,Yes,11,3,4,80,1,1,1,3,1,0,0,0,Company Website
29,Voluntary Resignation,Travel_Rarely,341,Sales,1,3,Medical,1,10351,133806,2,Female,48,2,1,Sales Representative,3,Divorced,2800,23522,6,Y,Yes,19,3,3,80,3,5,3,3,3,2,0,2,Company Website
29,Voluntary Resignation,Travel_Rarely,341,Sales,1,3,Life Sciences,1,10353,133808,2,Female,48,2,1,Sales Representative,3,Divorced,2800,23522,8,Y,Yes,19,3,3,80,3,5,3,3,3,2,0,2,Company Website
29,Voluntary Resignation,Travel_Rarely,341,Sales,1,3,Medical,1,10357,133812,2,Female,48,2,1,Sales Representative,3,Divorced,2800,23522,6,Y,Yes,19,3,3,80,3,5,3,3,3,2,0,2,Company Website
29,Voluntary Resignation,Travel_Rarely,341,Sales,1,3,Life Sciences,1,10358,133813,2,Female,48,2,1,Sales Representative,3,Divorced,2800,23522,8,Y,Yes,19,3,3,80,3,5,3,3,3,2,0,2,Company Website
29,Voluntary Resignation,Travel_Rarely,341,Sales,1,3,Medical,1,10359,133814,2,Female,48,2,1,Sales Representative,3,Divorced,2800,23522,6,Y,Yes,19,3,3,80,3,5,3,3,3,2,0,2,Company Website
29,Voluntary Resignation,Travel_Rarely,341,Sales,1,3,Life Sciences,1,10361,133816,2,Female,48,2,1,Sales Representative,3,Divorced,2800,23522,8,Y,Yes,19,3,3,80,3,5,3,3,3,2,0,2,Company Website
29,Voluntary Resignation,Travel_Rarely,341,Sales,1,3,Medical,1,10365,133820,2,Female,48,2,1,Sales Representative,3,Divorced,2800,23522,6,Y,Yes,19,3,3,80,3,5,3,3,3,2,0,2,Company Website
29,Voluntary Resignation,Travel_Rarely,341,Sales,1,3,Life Sciences,1,10366,133821,2,Female,48,2,1,Sales Representative,3,Divorced,2800,23522,8,Y,Yes,19,3,3,80,3,5,3,3,3,2,0,2,Company Website
29,Voluntary Resignation,Travel_Rarely,121,Sales,27,3,Marketing,1,10494,133949,3,Female,66,2,2,Human Resources,4,Married,5204,7790,8,Y,No,11,3,3,80,2,13,2,3,5,4,0,4,Seek
29,Voluntary Resignation,Travel_Rarely,121,Sales,27,3,Technical Degree,1,10496,133951,3,Female,66,2,2,Human Resources,4,Married,5204,7790,0,Y,No,11,3,3,80,2,13,2,3,5,4,0,4,Seek
29,Voluntary Resignation,Travel_Rarely,121,Sales,27,3,Marketing,1,10497,133952,3,Female,66,2,2,Human Resources,4,Married,5204,7790,8,Y,No,11,3,3,80,2,13,2,3,5,4,0,4,Seek
29,Voluntary Resignation,Travel_Rarely,121,Sales,27,3,Technical Degree,1,10498,133953,3,Female,66,2,2,Human Resources,4,Married,5204,7790,0,Y,No,11,3,3,80,2,13,2,3,5,4,0,4,Seek
29,Voluntary Resignation,Travel_Rarely,121,Sales,27,3,Marketing,1,10502,133957,3,Female,66,2,2,Human Resources,4,Married,5204,7790,8,Y,No,11,3,3,80,2,13,2,3,5,4,0,4,Seek
29,Voluntary Resignation,Travel_Rarely,121,Sales,27,3,Marketing,1,10503,133958,3,Female,66,2,2,Human Resources,4,Married,5204,7790,8,Y,No,11,3,4,80,1,1,2,3,1,0,0,0,Company Website
29,Voluntary Resignation,Travel_Rarely,121,Sales,27,3,Technical Degree,1,10505,133960,3,Female,66,2,2,Human Resources,4,Married,5204,7790,0,Y,No,11,3,3,80,2,13,2,3,5,4,0,4,Seek
29,Voluntary Resignation,Travel_Rarely,121,Sales,27,3,Marketing,1,10506,133961,3,Female,66,2,2,Human Resources,4,Married,5204,7790,8,Y,No,11,3,3,80,2,13,2,3,5,4,0,4,Seek
29,Voluntary Resignation,Travel_Rarely,121,Sales,27,3,Technical Degree,1,10507,133962,3,Female,66,2,2,Human Resources,4,Married,5204,7790,0,Y,No,11,3,3,80,2,13,2,3,5,4,0,4,Seek
29,Voluntary Resignation,Travel_Rarely,906,Research & Development,10,3,Life Sciences,1,11414,134869,4,Female,92,2,1,Research Scientist,1,Single,2404,11479,6,Y,Yes,20,3,3,80,0,3,5,3,0,0,0,0,Company Website
29,Voluntary Resignation,Travel_Rarely,906,Research & Development,10,3,Medical,1,11417,134872,4,Female,92,2,1,Research Scientist,1,Single,2404,11479,3,Y,Yes,20,3,3,80,0,3,5,3,0,0,0,0,Company Website
29,Voluntary Resignation,Travel_Rarely,906,Research & Development,10,3,Life Sciences,1,11418,134873,4,Female,92,2,1,Research Scientist,1,Single,2404,11479,6,Y,Yes,20,4,3,80,0,3,5,3,0,0,0,0,Company Website
29,Voluntary Resignation,Travel_Rarely,906,Research & Development,10,3,Medical,1,11419,134874,4,Female,92,2,1,Research Scientist,1,Single,2404,11479,3,Y,Yes,20,4,3,80,0,3,5,3,0,0,0,0,Company Website
29,Voluntary Resignation,Travel_Rarely,906,Research & Development,10,3,Life Sciences,1,11421,134876,4,Female,92,2,1,Research Scientist,1,Single,2404,11479,6,Y,Yes,20,3,3,80,0,3,5,3,0,0,0,0,Company Website
29,Voluntary Resignation,Travel_Rarely,906,Research & Development,10,3,Medical,1,11424,134879,4,Female,92,2,1,Research Scientist,1,Single,2404,11479,3,Y,Yes,20,3,3,80,0,3,5,3,0,0,0,0,Company Website
29,Voluntary Resignation,Travel_Rarely,906,Research & Development,10,3,Life Sciences,1,11425,134880,4,Female,92,2,1,Research Scientist,1,Single,2404,11479,6,Y,Yes,20,4,3,80,0,3,5,3,0,0,0,0,Company Website
29,Voluntary Resignation,Travel_Rarely,906,Research & Development,10,3,Medical,1,11426,134881,4,Female,92,2,1,Research Scientist,1,Single,2404,11479,3,Y,Yes,20,4,3,80,0,3,5,3,0,0,0,0,Company Website
29,Voluntary Resignation,Travel_Rarely,428,Sales,9,3,Marketing,1,12206,135661,3,Male,71,3,2,Laboratory Technician,3,Divorced,4834,7858,7,Y,No,14,3,2,80,1,9,3,2,1,0,0,0,Company Website
29,Voluntary Resignation,Travel_Rarely,428,Sales,9,3,Medical,1,12207,135662,3,Male,71,3,2,Laboratory Technician,3,Divorced,4834,7858,1,Y,No,14,4,2,80,1,9,3,2,1,0,0,0,Company Website
29,Voluntary Resignation,Travel_Rarely,428,Sales,9,3,Marketing,1,12209,135664,3,Male,71,3,2,Laboratory Technician,3,Divorced,4834,7858,7,Y,No,14,3,2,80,1,9,3,2,1,0,0,0,Company Website
29,Voluntary Resignation,Travel_Rarely,428,Sales,9,3,Medical,1,12210,135665,3,Male,71,3,2,Laboratory Technician,3,Divorced,4834,7858,1,Y,No,14,3,2,80,1,9,3,2,1,0,0,0,Company Website
29,Voluntary Resignation,Travel_Rarely,428,Sales,9,3,Marketing,1,12214,135669,3,Male,71,3,2,Laboratory Technician,3,Divorced,4834,7858,7,Y,No,14,3,2,80,1,9,3,2,1,0,0,0,Company Website
29,Voluntary Resignation,Travel_Rarely,428,Sales,9,3,Medical,1,12215,135670,3,Male,71,3,2,Laboratory Technician,3,Divorced,4834,7858,1,Y,No,14,4,2,80,1,9,3,2,1,0,0,0,Company Website
29,Voluntary Resignation,Travel_Rarely,428,Sales,9,3,Marketing,1,12217,135672,3,Male,71,3,2,Laboratory Technician,3,Divorced,4834,7858,7,Y,No,14,3,2,80,1,9,3,2,1,0,0,0,Company Website
29,Voluntary Resignation,Travel_Rarely,428,Sales,9,3,Medical,1,12218,135673,3,Male,71,3,2,Laboratory Technician,3,Divorced,4834,7858,1,Y,No,14,3,2,80,1,9,3,2,1,0,0,0,Company Website
29,Voluntary Resignation,Travel_Rarely,408,Sales,23,1,Life Sciences,1,13404,136859,4,Female,45,2,3,Sales Executive,1,Married,7336,11162,1,Y,No,13,3,1,80,1,11,3,1,11,8,3,10,Seek
29,Voluntary Resignation,Travel_Rarely,408,Sales,23,1,Other,1,13407,136862,4,Female,45,2,3,Sales Executive,1,Married,7336,11162,7,Y,No,13,3,1,80,1,11,3,1,11,8,3,10,Seek
29,Voluntary Resignation,Travel_Rarely,408,Sales,23,1,Life Sciences,1,13408,136863,4,Female,45,2,3,Sales Executive,1,Married,7336,11162,1,Y,No,13,3,1,80,1,11,3,1,11,8,3,10,Seek
29,Voluntary Resignation,Travel_Rarely,408,Sales,23,1,Other,1,13409,136864,4,Female,45,2,3,Sales Executive,1,Married,7336,11162,7,Y,No,13,3,1,80,1,11,3,1,11,8,3,10,Seek
29,Voluntary Resignation,Travel_Rarely,408,Sales,23,1,Life Sciences,1,13412,136867,4,Female,45,2,3,Sales Executive,1,Married,7336,11162,1,Y,No,13,3,1,80,1,11,3,1,11,8,3,10,Seek
29,Voluntary Resignation,Travel_Rarely,408,Sales,23,1,Other,1,13415,136870,4,Female,45,2,3,Sales Executive,1,Married,7336,11162,7,Y,No,13,3,1,80,1,11,3,1,11,8,3,10,Seek
29,Voluntary Resignation,Travel_Rarely,408,Sales,23,1,Life Sciences,1,13416,136871,4,Female,45,2,3,Sales Executive,1,Married,7336,11162,1,Y,No,13,3,1,80,1,11,3,1,11,8,3,10,Seek
29,Voluntary Resignation,Travel_Rarely,408,Sales,23,1,Other,1,13417,136872,4,Female,45,2,3,Sales Executive,1,Married,7336,11162,7,Y,No,13,3,1,80,1,11,3,1,11,8,3,10,Seek
29,Voluntary Resignation,Travel_Rarely,896,Research & Development,18,1,Medical,1,13944,137399,3,Male,76,3,2,Sales Executive,1,Married,8966,21026,3,Y,Yes,15,3,4,80,3,15,2,3,7,7,1,7,Adzuna
29,Voluntary Resignation,Travel_Rarely,896,Research & Development,18,1,Medical,1,13946,137401,3,Male,76,3,2,Sales Executive,1,Married,8966,21026,7,Y,Yes,15,3,4,80,3,15,2,3,7,7,1,7,Adzuna
29,Voluntary Resignation,Travel_Rarely,896,Research & Development,18,1,Medical,1,13947,137402,3,Male,76,3,2,Sales Executive,1,Married,8966,21026,3,Y,Yes,15,3,4,80,3,15,2,3,7,7,1,7,Adzuna
29,Voluntary Resignation,Travel_Rarely,896,Research & Development,18,1,Medical,1,13948,137403,3,Male,76,3,2,Sales Executive,1,Married,8966,21026,7,Y,Yes,15,3,4,80,3,15,2,3,7,7,1,7,Adzuna
29,Voluntary Resignation,Travel_Rarely,896,Research & Development,18,1,Medical,1,13952,137407,3,Male,76,3,2,Sales Executive,1,Married,8966,21026,3,Y,Yes,15,3,4,80,3,15,2,3,7,7,1,7,Adzuna
29,Voluntary Resignation,Travel_Rarely,896,Research & Development,18,1,Medical,1,13954,137409,3,Male,76,3,2,Sales Executive,1,Married,8966,21026,7,Y,Yes,15,3,4,80,3,15,2,3,7,7,1,7,Adzuna
29,Voluntary Resignation,Travel_Rarely,896,Research & Development,18,1,Medical,1,13955,137410,3,Male,76,3,2,Sales Executive,1,Married,8966,21026,3,Y,Yes,15,3,4,80,3,15,2,3,7,7,1,7,Adzuna
29,Voluntary Resignation,Travel_Rarely,896,Research & Development,18,1,Medical,1,13956,137411,3,Male,76,3,2,Sales Executive,1,Married,8966,21026,7,Y,Yes,15,3,4,80,3,15,2,3,7,7,1,7,Adzuna
29,Voluntary Resignation,Travel_Rarely,806,Research & Development,7,3,Technical Degree,1,14928,138383,2,Female,39,3,1,Laboratory Technician,3,Divorced,3339,17285,3,Y,Yes,13,4,1,80,2,10,2,3,7,7,7,7,GlassDoor
29,Voluntary Resignation,Travel_Rarely,806,Research & Development,7,3,Marketing,1,14931,138386,2,Female,39,3,1,Laboratory Technician,3,Divorced,3339,17285,1,Y,Yes,13,3,1,80,2,10,2,3,7,7,7,7,GlassDoor
29,Voluntary Resignation,Travel_Rarely,806,Research & Development,7,3,Technical Degree,1,14932,138387,2,Female,39,3,1,Laboratory Technician,3,Divorced,3339,17285,3,Y,Yes,13,3,1,80,2,10,2,3,7,7,7,7,GlassDoor
29,Voluntary Resignation,Travel_Rarely,806,Research & Development,7,3,Marketing,1,14933,138388,2,Female,39,3,1,Laboratory Technician,3,Divorced,3339,17285,1,Y,Yes,13,3,1,80,2,10,2,3,7,7,7,7,GlassDoor
29,Voluntary Resignation,Travel_Rarely,806,Research & Development,7,3,Technical Degree,1,14936,138391,2,Female,39,3,1,Laboratory Technician,3,Divorced,3339,17285,3,Y,Yes,13,4,1,80,2,10,2,3,7,7,7,7,GlassDoor
29,Voluntary Resignation,Travel_Rarely,806,Research & Development,7,3,Marketing,1,14939,138394,2,Female,39,3,1,Laboratory Technician,3,Divorced,3339,17285,1,Y,Yes,13,3,1,80,2,10,2,3,7,7,7,7,GlassDoor
29,Voluntary Resignation,Travel_Rarely,806,Research & Development,7,3,Technical Degree,1,14940,138395,2,Female,39,3,1,Laboratory Technician,3,Divorced,3339,17285,3,Y,Yes,13,3,1,80,2,10,2,3,7,7,7,7,GlassDoor
29,Voluntary Resignation,Travel_Rarely,806,Research & Development,7,3,Marketing,1,14941,138396,2,Female,39,3,1,Laboratory Technician,3,Divorced,3339,17285,1,Y,Yes,13,3,1,80,2,10,2,3,7,7,7,7,GlassDoor
29,Voluntary Resignation,Travel_Rarely,341,Sales,1,3,Medical,1,15967,139422,3,Female,81,3,1,Research Scientist,3,Single,2394,25681,1,Y,Yes,13,3,4,80,0,8,2,3,8,2,7,7,Company Website
29,Voluntary Resignation,Travel_Rarely,341,Sales,1,3,Life Sciences,1,15968,139423,3,Female,81,3,1,Research Scientist,3,Single,2394,25681,2,Y,Yes,13,3,4,80,0,8,2,3,8,2,7,7,Company Website
29,Voluntary Resignation,Travel_Rarely,341,Sales,1,3,Medical,1,15972,139427,3,Female,81,3,1,Research Scientist,3,Single,2394,25681,1,Y,Yes,13,3,4,80,0,8,2,3,8,2,7,7,Company Website
29,Voluntary Resignation,Travel_Rarely,341,Sales,1,3,Life Sciences,1,15973,139428,3,Female,81,3,1,Research Scientist,3,Single,2394,25681,2,Y,Yes,13,3,4,80,0,8,2,3,8,2,7,7,Company Website
29,Voluntary Resignation,Travel_Rarely,341,Sales,1,3,Medical,1,15975,139430,3,Female,81,3,1,Research Scientist,3,Single,2394,25681,1,Y,Yes,13,3,4,80,0,8,2,3,8,2,7,7,Company Website
29,Voluntary Resignation,Travel_Rarely,341,Sales,1,3,Life Sciences,1,15976,139431,3,Female,81,3,1,Research Scientist,3,Single,2394,25681,2,Y,Yes,13,3,4,80,0,8,2,3,8,2,7,7,Company Website
29,Voluntary Resignation,Travel_Rarely,341,Sales,1,3,Medical,1,15980,139435,3,Female,81,3,1,Research Scientist,3,Single,2394,25681,1,Y,Yes,13,3,4,80,0,8,2,3,8,2,7,7,Company Website
29,Voluntary Resignation,Travel_Rarely,341,Sales,1,3,Life Sciences,1,15981,139436,3,Female,81,3,1,Research Scientist,3,Single,2394,25681,2,Y,Yes,13,3,4,80,0,8,2,3,8,2,7,7,Company Website
29,Voluntary Resignation,Travel_Frequently,337,Research & Development,14,1,Other,1,16125,139580,3,Female,84,3,3,Healthcare Representative,4,Single,7553,22930,0,Y,Yes,12,3,1,80,0,9,1,3,8,7,7,7,Recruit.net
29,Voluntary Resignation,Travel_Frequently,337,Research & Development,14,1,Medical,1,16128,139583,3,Female,84,3,3,Healthcare Representative,4,Single,7553,22930,0,Y,Yes,12,4,1,80,0,9,1,3,8,7,7,7,Recruit.net
29,Voluntary Resignation,Travel_Frequently,337,Research & Development,14,1,Other,1,16131,139586,3,Female,84,3,3,Healthcare Representative,4,Single,7553,22930,0,Y,Yes,12,3,1,80,0,9,1,3,8,7,7,7,Recruit.net
29,Voluntary Resignation,Travel_Frequently,337,Research & Development,14,1,Medical,1,16132,139587,3,Female,84,3,3,Healthcare Representative,4,Single,7553,22930,0,Y,Yes,12,3,1,80,0,9,1,3,8,7,7,7,Recruit.net
29,Voluntary Resignation,Travel_Frequently,337,Research & Development,14,1,Other,1,16133,139588,3,Female,84,3,3,Healthcare Representative,4,Single,7553,22930,0,Y,Yes,12,3,1,80,0,9,1,3,8,7,7,7,Recruit.net
29,Voluntary Resignation,Travel_Frequently,337,Research & Development,14,1,Medical,1,16136,139591,3,Female,84,3,3,Healthcare Representative,4,Single,7553,22930,0,Y,Yes,12,4,1,80,0,9,1,3,8,7,7,7,Recruit.net
29,Voluntary Resignation,Travel_Frequently,337,Research & Development,14,1,Other,1,16139,139594,3,Female,84,3,3,Healthcare Representative,4,Single,7553,22930,0,Y,Yes,12,3,1,80,0,9,1,3,8,7,7,7,Recruit.net
29,Voluntary Resignation,Travel_Frequently,337,Research & Development,14,1,Medical,1,16140,139595,3,Female,84,3,3,Healthcare Representative,4,Single,7553,22930,0,Y,Yes,12,3,1,80,0,9,1,3,8,7,7,7,Recruit.net
29,Voluntary Resignation,Travel_Frequently,115,Sales,13,3,Technical Degree,1,16919,140374,1,Female,51,3,2,Sales Executive,2,Single,5765,17485,5,Y,No,11,3,1,80,0,7,4,1,5,3,0,0,Seek
29,Voluntary Resignation,Travel_Frequently,115,Sales,13,3,Medical,1,16921,140376,1,Female,51,3,2,Sales Executive,2,Single,5765,17485,7,Y,No,11,3,1,80,0,7,4,1,5,3,0,0,Seek
29,Voluntary Resignation,Travel_Frequently,115,Sales,13,3,Technical Degree,1,16923,140378,1,Female,51,3,2,Sales Executive,2,Single,5765,17485,5,Y,No,11,3,1,80,0,7,4,1,5,3,0,0,Seek
29,Voluntary Resignation,Travel_Frequently,115,Sales,13,3,Medical,1,16924,140379,1,Female,51,3,2,Sales Executive,2,Single,5765,17485,7,Y,No,11,3,1,80,0,7,4,1,5,3,0,0,Seek
29,Voluntary Resignation,Travel_Frequently,115,Sales,13,3,Technical Degree,1,16927,140382,1,Female,51,3,2,Sales Executive,2,Single,5765,17485,5,Y,No,11,3,1,80,0,7,4,1,5,3,0,0,Seek
29,Voluntary Resignation,Travel_Frequently,115,Sales,13,3,Medical,1,16929,140384,1,Female,51,3,2,Sales Executive,2,Single,5765,17485,7,Y,No,11,3,1,80,0,7,4,1,5,3,0,0,Seek
29,Voluntary Resignation,Travel_Frequently,115,Sales,13,3,Technical Degree,1,16931,140386,1,Female,51,3,2,Sales Executive,2,Single,5765,17485,5,Y,No,11,3,1,80,0,7,4,1,5,3,0,0,Seek
29,Voluntary Resignation,Travel_Frequently,115,Sales,13,3,Medical,1,16932,140387,1,Female,51,3,2,Sales Executive,2,Single,5765,17485,7,Y,No,11,3,1,80,0,7,4,1,5,3,0,0,Seek
29,Voluntary Resignation,Travel_Rarely,224,Research & Development,1,4,Technical Degree,1,17234,140689,1,Male,100,2,1,Research Scientist,1,Single,2362,7568,6,Y,No,13,3,3,80,0,11,2,1,9,7,0,7,Jora
29,Voluntary Resignation,Travel_Rarely,224,Research & Development,1,4,Life Sciences,1,17236,140691,1,Male,100,2,1,Research Scientist,1,Single,2362,7568,2,Y,No,13,3,3,80,0,11,2,1,9,7,0,7,Jora
29,Voluntary Resignation,Travel_Rarely,224,Research & Development,1,4,Technical Degree,1,17238,140693,1,Male,100,2,1,Research Scientist,1,Single,2362,7568,6,Y,No,13,3,3,80,0,11,2,1,9,7,0,7,Jora
29,Voluntary Resignation,Travel_Rarely,224,Research & Development,1,4,Life Sciences,1,17239,140694,1,Male,100,2,1,Research Scientist,1,Single,2362,7568,2,Y,No,13,3,3,80,0,11,2,1,9,7,0,7,Jora
29,Voluntary Resignation,Travel_Rarely,224,Research & Development,1,4,Technical Degree,1,17242,140697,1,Male,100,2,1,Research Scientist,1,Single,2362,7568,6,Y,No,13,3,3,80,0,11,2,1,9,7,0,7,Jora
29,Voluntary Resignation,Travel_Rarely,224,Research & Development,1,4,Life Sciences,1,17244,140699,1,Male,100,2,1,Research Scientist,1,Single,2362,7568,2,Y,No,13,3,3,80,0,11,2,1,9,7,0,7,Jora
29,Voluntary Resignation,Travel_Rarely,224,Research & Development,1,4,Technical Degree,1,17246,140701,1,Male,100,2,1,Research Scientist,1,Single,2362,7568,6,Y,No,13,3,3,80,0,11,2,1,9,7,0,7,Jora
29,Voluntary Resignation,Travel_Rarely,224,Research & Development,1,4,Life Sciences,1,17247,140702,1,Male,100,2,1,Research Scientist,1,Single,2362,7568,2,Y,No,13,3,3,80,0,11,2,1,9,7,0,7,Jora
29,Voluntary Resignation,Travel_Rarely,1092,Research & Development,1,4,Medical,1,19953,143408,4,Female,91,3,1,Research Scientist,4,Single,3445,6152,1,Y,No,11,3,3,80,0,6,5,2,6,2,1,4,Company Website
29,Voluntary Resignation,Travel_Rarely,1092,Research & Development,1,4,Life Sciences,1,19954,143409,4,Female,91,3,1,Research Scientist,4,Single,3445,6152,2,Y,No,11,3,3,80,0,6,5,2,6,2,1,4,Company Website
29,Voluntary Resignation,Travel_Rarely,1092,Research & Development,1,4,Medical,1,19958,143413,4,Female,91,3,1,Research Scientist,4,Single,3445,6152,1,Y,No,11,3,3,80,0,6,5,2,6,2,1,4,Company Website
29,Voluntary Resignation,Travel_Rarely,1092,Research & Development,1,4,Life Sciences,1,19959,143414,4,Female,91,3,1,Research Scientist,4,Single,3445,6152,2,Y,No,11,3,3,80,0,6,5,2,6,2,1,4,Company Website
29,Voluntary Resignation,Travel_Rarely,1092,Research & Development,1,4,Medical,1,19961,143416,4,Female,91,3,1,Research Scientist,4,Single,3445,6152,1,Y,No,11,3,3,80,0,6,5,2,6,2,1,4,Company Website
29,Voluntary Resignation,Travel_Rarely,1092,Research & Development,1,4,Life Sciences,1,19962,143417,4,Female,91,3,1,Research Scientist,4,Single,3445,6152,2,Y,No,11,3,3,80,0,6,5,2,6,2,1,4,Company Website
29,Voluntary Resignation,Travel_Rarely,1092,Research & Development,1,4,Medical,1,19966,143421,4,Female,91,3,1,Research Scientist,4,Single,3445,6152,1,Y,No,11,3,3,80,0,6,5,2,6,2,1,4,Company Website
29,Voluntary Resignation,Travel_Rarely,1092,Research & Development,1,4,Life Sciences,1,19967,143422,4,Female,91,3,1,Research Scientist,4,Single,3445,6152,2,Y,No,11,3,3,80,0,6,5,2,6,2,1,4,Company Website
29,Voluntary Resignation,Travel_Rarely,428,Sales,9,3,Marketing,1,19968,143423,2,Female,52,1,1,Sales Representative,2,Single,2760,14630,1,Y,No,13,3,3,80,0,2,3,3,2,2,2,2,Company Website
29,Voluntary Resignation,Travel_Rarely,428,Sales,9,3,Medical,1,19971,143426,2,Female,52,1,1,Sales Representative,2,Single,2760,14630,9,Y,No,13,3,3,80,0,2,3,3,2,2,2,2,Company Website
29,Voluntary Resignation,Travel_Rarely,428,Sales,9,3,Marketing,1,19972,143427,2,Female,52,1,1,Sales Representative,2,Single,2760,14630,1,Y,No,13,3,3,80,0,2,3,3,2,2,2,2,Company Website
29,Voluntary Resignation,Travel_Rarely,428,Sales,9,3,Medical,1,19973,143428,2,Female,52,1,1,Sales Representative,2,Single,2760,14630,9,Y,No,13,3,3,80,0,2,3,3,2,2,2,2,Company Website
29,Voluntary Resignation,Travel_Rarely,428,Sales,9,3,Marketing,1,19976,143431,2,Female,52,1,1,Sales Representative,2,Single,2760,14630,1,Y,No,13,3,3,80,0,2,3,3,2,2,2,2,Company Website
29,Voluntary Resignation,Travel_Rarely,428,Sales,9,3,Medical,1,19979,143434,2,Female,52,1,1,Sales Representative,2,Single,2760,14630,9,Y,No,13,3,3,80,0,2,3,3,2,2,2,2,Company Website
29,Voluntary Resignation,Travel_Rarely,428,Sales,9,3,Marketing,1,19980,143435,2,Female,52,1,1,Sales Representative,2,Single,2760,14630,1,Y,No,13,3,3,80,0,2,3,3,2,2,2,2,Company Website
29,Voluntary Resignation,Travel_Rarely,428,Sales,9,3,Medical,1,19981,143436,2,Female,52,1,1,Sales Representative,2,Single,2760,14630,9,Y,No,13,3,3,80,0,2,3,3,2,2,2,2,Company Website
29,Voluntary Resignation,Travel_Rarely,318,Research & Development,8,4,Other,1,20268,143723,4,Female,92,2,4,Manufacturing Director,3,Married,12965,22308,4,Y,Yes,20,3,4,80,3,27,2,2,3,2,0,2,Indeed
29,Voluntary Resignation,Travel_Rarely,318,Research & Development,8,4,Medical,1,20270,143725,4,Female,92,2,4,Manufacturing Director,3,Married,12965,22308,1,Y,Yes,20,4,4,80,3,27,2,2,3,2,0,2,Indeed
29,Voluntary Resignation,Travel_Rarely,318,Research & Development,8,4,Other,1,20271,143726,4,Female,92,2,4,Manufacturing Director,3,Married,12965,22308,4,Y,Yes,20,4,4,80,3,27,2,2,3,2,0,2,Indeed
29,Voluntary Resignation,Travel_Rarely,318,Research & Development,8,4,Medical,1,20272,143727,4,Female,92,2,4,Manufacturing Director,3,Married,12965,22308,1,Y,Yes,20,4,4,80,3,27,2,2,3,2,0,2,Indeed
29,Voluntary Resignation,Travel_Rarely,318,Research & Development,8,4,Other,1,20276,143731,4,Female,92,2,4,Manufacturing Director,3,Married,12965,22308,4,Y,Yes,20,3,4,80,3,27,2,2,3,2,0,2,Indeed
29,Voluntary Resignation,Travel_Rarely,318,Research & Development,8,4,Medical,1,20278,143733,4,Female,92,2,4,Manufacturing Director,3,Married,12965,22308,1,Y,Yes,20,4,4,80,3,27,2,2,3,2,0,2,Indeed
29,Voluntary Resignation,Travel_Rarely,318,Research & Development,8,4,Other,1,20279,143734,4,Female,92,2,4,Manufacturing Director,3,Married,12965,22308,4,Y,Yes,20,4,4,80,3,27,2,2,3,2,0,2,Indeed
29,Voluntary Resignation,Travel_Rarely,318,Research & Development,8,4,Medical,1,20280,143735,4,Female,92,2,4,Manufacturing Director,3,Married,12965,22308,1,Y,Yes,20,4,4,80,3,27,2,2,3,2,0,2,Indeed
29,Voluntary Resignation,Travel_Frequently,337,Research & Development,14,1,Other,1,20956,144411,4,Female,94,3,1,Research Scientist,3,Single,1514,8018,1,Y,No,16,3,3,80,0,0,4,1,0,0,0,0,Jora
29,Voluntary Resignation,Travel_Frequently,337,Research & Development,14,1,Medical,1,20958,144413,4,Female,94,3,1,Research Scientist,3,Single,1514,8018,3,Y,No,16,4,3,80,0,0,4,1,0,0,0,0,Jora
29,Voluntary Resignation,Travel_Frequently,337,Research & Development,14,1,Other,1,20961,144416,4,Female,94,3,1,Research Scientist,3,Single,1514,8018,1,Y,No,16,3,3,80,0,0,4,1,0,0,0,0,Jora
29,Voluntary Resignation,Travel_Frequently,337,Research & Development,14,1,Medical,1,20962,144417,4,Female,94,3,1,Research Scientist,3,Single,1514,8018,3,Y,No,16,3,3,80,0,0,4,1,0,0,0,0,Jora
29,Voluntary Resignation,Travel_Frequently,337,Research & Development,14,1,Other,1,20964,144419,4,Female,94,3,1,Research Scientist,3,Single,1514,8018,1,Y,No,16,3,3,80,0,0,4,1,0,0,0,0,Jora
29,Voluntary Resignation,Travel_Frequently,337,Research & Development,14,1,Medical,1,20966,144421,4,Female,94,3,1,Research Scientist,3,Single,1514,8018,3,Y,No,16,4,3,80,0,0,4,1,0,0,0,0,Jora
29,Voluntary Resignation,Travel_Frequently,337,Research & Development,14,1,Other,1,20969,144424,4,Female,94,3,1,Research Scientist,3,Single,1514,8018,1,Y,No,16,3,3,80,0,0,4,1,0,0,0,0,Jora
29,Voluntary Resignation,Travel_Frequently,337,Research & Development,14,1,Medical,1,20970,144425,4,Female,94,3,1,Research Scientist,3,Single,1514,8018,3,Y,No,16,3,3,80,0,0,4,1,0,0,0,0,Jora
29,Voluntary Resignation,Travel_Rarely,350,Human Resources,13,3,Human Resources,1,20987,144442,1,Male,56,2,1,Human Resources,1,Divorced,2335,3157,4,Y,Yes,15,3,4,80,3,4,3,3,2,2,2,0,Recruit.net
29,Voluntary Resignation,Travel_Rarely,350,Human Resources,13,3,Medical,1,20990,144445,1,Male,56,2,1,Human Resources,1,Divorced,2335,3157,0,Y,Yes,15,4,4,80,3,4,3,3,2,2,2,0,Recruit.net
29,Voluntary Resignation,Travel_Rarely,350,Human Resources,13,3,Human Resources,1,20991,144446,1,Male,56,2,1,Human Resources,1,Divorced,2335,3157,4,Y,Yes,15,3,4,80,3,4,3,3,2,2,2,0,Recruit.net
29,Voluntary Resignation,Travel_Rarely,350,Human Resources,13,3,Medical,1,20992,144447,1,Male,56,2,1,Human Resources,1,Divorced,2335,3157,0,Y,Yes,15,3,4,80,3,4,3,3,2,2,2,0,Recruit.net
29,Voluntary Resignation,Travel_Rarely,350,Human Resources,13,3,Human Resources,1,20995,144450,1,Male,56,2,1,Human Resources,1,Divorced,2335,3157,4,Y,Yes,15,3,4,80,3,4,3,3,2,2,2,0,Recruit.net
29,Voluntary Resignation,Travel_Rarely,350,Human Resources,13,3,Medical,1,20998,144453,1,Male,56,2,1,Human Resources,1,Divorced,2335,3157,0,Y,Yes,15,4,4,80,3,4,3,3,2,2,2,0,Recruit.net
29,Voluntary Resignation,Travel_Rarely,350,Human Resources,13,3,Human Resources,1,20999,144454,1,Male,56,2,1,Human Resources,1,Divorced,2335,3157,4,Y,Yes,15,3,4,80,3,4,3,3,2,2,2,0,Recruit.net
29,Voluntary Resignation,Travel_Rarely,350,Human Resources,13,3,Medical,1,21000,144455,1,Male,56,2,1,Human Resources,1,Divorced,2335,3157,0,Y,Yes,15,3,4,80,3,4,3,3,2,2,2,0,Recruit.net
29,Voluntary Resignation,Travel_Rarely,992,Research & Development,1,3,Technical Degree,1,21641,145096,4,Male,96,3,1,Laboratory Technician,4,Single,2587,10261,1,Y,No,16,3,4,80,0,5,3,3,4,2,1,0,Seek
29,Voluntary Resignation,Travel_Rarely,992,Research & Development,1,3,Life Sciences,1,21642,145097,4,Male,96,3,1,Laboratory Technician,4,Single,2587,10261,1,Y,No,16,3,4,80,0,5,3,3,,2,1,0,Seek
29,Voluntary Resignation,Travel_Rarely,992,Research & Development,1,3,Technical Degree,1,21644,145099,4,Male,96,3,1,Laboratory Technician,4,Single,2587,10261,1,Y,No,16,3,4,80,0,5,3,3,4,2,1,0,Seek
29,Voluntary Resignation,Travel_Rarely,992,Research & Development,1,3,Life Sciences,1,21645,145100,4,Male,96,3,1,Laboratory Technician,4,Single,2587,10261,1,Y,No,16,3,4,80,0,5,3,3,4,2,1,0,Seek
29,Voluntary Resignation,Travel_Rarely,992,Research & Development,1,3,Technical Degree,1,21649,145104,4,Male,96,3,1,Laboratory Technician,4,Single,2587,10261,1,Y,No,16,3,4,80,0,5,3,3,4,2,1,0,Seek
29,Voluntary Resignation,Travel_Rarely,992,Research & Development,1,3,Life Sciences,1,21650,145105,4,Male,96,3,1,Laboratory Technician,4,Single,2587,10261,1,Y,No,16,3,4,80,0,5,3,3,4,2,1,0,Seek
29,Voluntary Resignation,Travel_Rarely,992,Research & Development,1,3,Technical Degree,1,21652,145107,4,Male,96,3,1,Laboratory Technician,4,Single,2587,10261,1,Y,No,16,3,4,80,0,5,3,3,4,2,1,0,Seek
29,Voluntary Resignation,Travel_Rarely,992,Research & Development,1,3,Life Sciences,1,21653,145108,4,Male,96,3,1,Laboratory Technician,4,Single,2587,10261,1,Y,No,16,3,4,80,0,5,3,3,4,2,1,0,Seek
29,Voluntary Resignation,Travel_Frequently,746,Sales,24,3,Technical Degree,1,21822,145277,3,Male,32,4,1,Sales Representative,1,Single,1091,10642,1,Y,No,17,3,4,80,0,1,3,3,1,0,0,0,Jora
29,Voluntary Resignation,Travel_Frequently,746,Sales,24,3,Technical Degree,1,21825,145280,3,Male,32,4,1,Sales Representative,1,Single,1091,10642,9,Y,No,17,3,4,80,0,1,3,3,1,0,0,0,Jora
29,Voluntary Resignation,Travel_Frequently,746,Sales,24,3,Technical Degree,1,21826,145281,3,Male,32,4,1,Sales Representative,1,Single,1091,10642,1,Y,No,17,3,4,80,0,1,3,3,1,0,0,0,Jora
29,Voluntary Resignation,Travel_Frequently,746,Sales,24,3,Technical Degree,1,21827,145282,3,Male,32,4,1,Sales Representative,1,Single,1091,10642,9,Y,No,17,3,4,80,0,1,3,3,1,0,0,0,Jora
29,Voluntary Resignation,Travel_Frequently,746,Sales,24,3,Technical Degree,1,21830,145285,3,Male,32,4,1,Sales Representative,1,Single,1091,10642,1,Y,No,17,3,4,80,0,1,3,3,1,0,0,0,Jora
29,Voluntary Resignation,Travel_Frequently,746,Sales,24,3,Technical Degree,1,21833,145288,3,Male,32,4,1,Sales Representative,1,Single,1091,10642,9,Y,No,17,3,4,80,0,1,3,3,1,0,0,0,Jora
29,Voluntary Resignation,Travel_Frequently,746,Sales,24,3,Technical Degree,1,21834,145289,3,Male,32,4,1,Sales Representative,1,Single,1091,10642,1,Y,No,17,3,4,80,0,1,3,3,1,0,0,0,Jora
29,Voluntary Resignation,Travel_Frequently,746,Sales,24,3,Technical Degree,1,21835,145290,3,Male,32,4,1,Sales Representative,1,Single,1091,10642,9,Y,No,17,3,4,80,0,1,3,3,1,0,0,0,Jora
29,Voluntary Resignation,Travel_Rarely,408,Research & Development,25,5,Technical Degree,1,22022,145477,4,Male,97,3,5,Research Director,4,Married,19161,13738,3,Y,No,15,3,4,80,0,28,3,3,5,4,4,3,Jora
29,Voluntary Resignation,Travel_Rarely,408,Research & Development,25,5,Technical Degree,1,22024,145479,4,Male,97,3,5,Research Director,4,Married,19161,13738,2,Y,No,15,3,4,80,0,28,3,3,5,4,4,3,Jora
29,Voluntary Resignation,Travel_Rarely,408,Research & Development,25,5,Technical Degree,1,22025,145480,4,Male,97,3,5,Research Director,4,Married,19161,13738,3,Y,No,15,3,4,80,0,28,3,3,5,4,4,3,Jora
29,Voluntary Resignation,Travel_Rarely,408,Research & Development,25,5,Technical Degree,1,22026,145481,4,Male,97,3,5,Research Director,4,Married,19161,13738,2,Y,No,15,3,4,80,0,28,3,3,5,4,4,3,Jora
29,Voluntary Resignation,Travel_Rarely,408,Research & Development,25,5,Technical Degree,1,22030,145485,4,Male,97,3,5,Research Director,4,Married,19161,13738,3,Y,No,15,3,4,80,0,28,3,3,5,4,4,3,Jora
29,Voluntary Resignation,Travel_Rarely,408,Research & Development,25,5,Technical Degree,1,22032,145487,4,Male,97,3,5,Research Director,4,Married,19161,13738,2,Y,No,15,3,4,80,0,28,3,3,5,4,4,3,Jora
29,Voluntary Resignation,Travel_Rarely,408,Research & Development,25,5,Technical Degree,1,22033,145488,4,Male,97,3,5,Research Director,4,Married,19161,13738,3,Y,No,15,3,4,80,0,28,3,3,5,4,4,3,Jora
29,Voluntary Resignation,Travel_Rarely,408,Research & Development,25,5,Technical Degree,1,22034,145489,4,Male,97,3,5,Research Director,4,Married,19161,13738,2,Y,No,15,3,4,80,0,28,3,3,5,4,4,3,Jora
29,Voluntary Resignation,Travel_Rarely,806,Research & Development,7,3,Technical Degree,1,22678,146133,4,Male,98,2,2,Manufacturing Director,3,Married,5321,14284,2,Y,No,11,4,4,80,1,10,1,3,8,3,7,7,Adzuna
29,Voluntary Resignation,Travel_Rarely,806,Research & Development,7,3,Marketing,1,22680,146135,4,Male,98,2,2,Manufacturing Director,3,Married,5321,14284,1,Y,No,11,3,4,80,1,10,1,3,8,3,7,7,Adzuna
29,Voluntary Resignation,Travel_Rarely,806,Research & Development,7,3,Technical Degree,1,22681,146136,4,Male,98,2,2,Manufacturing Director,3,Married,5321,14284,2,Y,No,11,3,4,80,1,10,1,3,8,3,7,7,Adzuna
29,Voluntary Resignation,Travel_Rarely,806,Research & Development,7,3,Marketing,1,22682,146137,4,Male,98,2,2,Manufacturing Director,3,Married,5321,14284,1,Y,No,11,3,4,80,1,10,1,3,8,3,7,7,Adzuna
29,Voluntary Resignation,Travel_Rarely,806,Research & Development,7,3,Technical Degree,1,22686,146141,4,Male,98,2,2,Manufacturing Director,3,Married,5321,14284,2,Y,No,11,4,4,80,1,10,1,3,8,3,7,7,Adzuna
29,Voluntary Resignation,Travel_Rarely,806,Research & Development,7,3,Marketing,1,22688,146143,4,Male,98,2,2,Manufacturing Director,3,Married,5321,14284,1,Y,No,11,3,4,80,1,10,1,3,8,3,7,7,Adzuna
29,Voluntary Resignation,Travel_Rarely,806,Research & Development,7,3,Technical Degree,1,22689,146144,4,Male,98,2,2,Manufacturing Director,3,Married,5321,14284,2,Y,No,11,3,4,80,1,10,1,3,8,3,7,7,Adzuna
29,Voluntary Resignation,Travel_Rarely,806,Research & Development,7,3,Marketing,1,22690,146145,4,Male,98,2,2,Manufacturing Director,3,Married,5321,14284,1,Y,No,11,3,4,80,1,10,1,3,8,3,7,7,Adzuna
29,Voluntary Resignation,Travel_Frequently,115,Sales,13,3,Technical Degree,1,22921,146376,4,Female,99,3,2,Sales Executive,3,Divorced,4907,13684,0,Y,Yes,22,3,2,80,1,6,3,2,5,3,0,4,Adzuna
29,Voluntary Resignation,Travel_Frequently,115,Sales,13,3,Medical,1,22923,146378,4,Female,99,3,2,Sales Executive,3,Divorced,4907,13684,7,Y,Yes,22,3,2,80,1,6,3,2,5,3,0,4,Adzuna
29,Voluntary Resignation,Travel_Frequently,115,Sales,13,3,Technical Degree,1,22926,146381,4,Female,99,3,2,Sales Executive,3,Divorced,4907,13684,0,Y,Yes,22,4,2,80,1,6,3,2,5,3,0,4,Adzuna
29,Voluntary Resignation,Travel_Frequently,115,Sales,13,3,Medical,1,22927,146382,4,Female,99,3,2,Sales Executive,3,Divorced,4907,13684,7,Y,Yes,22,4,2,80,1,6,3,2,5,3,0,4,Adzuna
29,Voluntary Resignation,Travel_Frequently,115,Sales,13,3,Technical Degree,1,22929,146384,4,Female,99,3,2,Sales Executive,3,Divorced,4907,13684,0,Y,Yes,22,3,2,80,1,6,3,2,5,3,0,4,Adzuna
29,Voluntary Resignation,Travel_Frequently,115,Sales,13,3,Medical,1,22931,146386,4,Female,99,3,2,Sales Executive,3,Divorced,4907,13684,7,Y,Yes,22,3,2,80,1,6,3,2,5,3,0,4,Adzuna
29,Voluntary Resignation,Travel_Frequently,115,Sales,13,3,Technical Degree,1,22934,146389,4,Female,99,3,2,Sales Executive,3,Divorced,4907,13684,0,Y,Yes,22,4,2,80,1,6,3,2,5,3,0,4,Adzuna
29,Voluntary Resignation,Travel_Frequently,115,Sales,13,3,Medical,1,22935,146390,4,Female,99,3,2,Sales Executive,3,Divorced,4907,13684,7,Y,Yes,22,4,2,80,1,6,3,2,5,3,0,4,Adzuna
29,Voluntary Resignation,Travel_Rarely,224,Research & Development,1,4,Technical Degree,1,22937,146392,4,Male,99,3,1,Sales Representative,4,Divorced,3482,19788,2,Y,No,15,3,2,80,2,16,3,2,9,8,0,0,GlassDoor
29,Voluntary Resignation,Travel_Rarely,224,Research & Development,1,4,Life Sciences,1,22938,146393,4,Male,99,3,1,Sales Representative,4,Divorced,3482,19788,8,Y,No,15,3,2,80,2,16,3,2,9,8,0,0,GlassDoor
29,Voluntary Resignation,Travel_Rarely,224,Research & Development,1,4,Technical Degree,1,22940,146395,4,Male,99,3,1,Sales Representative,4,Divorced,3482,19788,2,Y,No,15,3,2,80,2,16,3,2,9,8,0,0,GlassDoor
29,Voluntary Resignation,Travel_Rarely,224,Research & Development,1,4,Life Sciences,1,22941,146396,4,Male,99,3,1,Sales Representative,4,Divorced,3482,19788,8,Y,No,15,3,2,80,2,16,3,2,9,8,0,0,GlassDoor
29,Voluntary Resignation,Travel_Rarely,224,Research & Development,1,4,Technical Degree,1,22945,146400,4,Male,99,3,1,Sales Representative,4,Divorced,3482,19788,2,Y,No,15,3,2,80,2,16,3,2,9,8,0,0,GlassDoor
29,Voluntary Resignation,Travel_Rarely,224,Research & Development,1,4,Life Sciences,1,22946,146401,4,Male,99,3,1,Sales Representative,4,Divorced,3482,19788,8,Y,No,15,3,2,80,2,16,3,2,9,8,0,0,GlassDoor
29,Voluntary Resignation,Travel_Rarely,224,Research & Development,1,4,Technical Degree,1,22948,146403,4,Male,99,3,1,Sales Representative,4,Divorced,3482,19788,2,Y,No,15,3,2,80,2,16,3,2,9,8,0,0,GlassDoor
29,Voluntary Resignation,Travel_Rarely,224,Research & Development,1,4,Life Sciences,1,22949,146404,4,Male,99,3,1,Sales Representative,4,Divorced,3482,19788,8,Y,No,15,3,2,80,2,16,3,2,9,8,0,0,GlassDoor
29,Voluntary Resignation,Travel_Rarely,1092,Research & Development,1,4,Medical,1,23058,146513,1,Male,36,3,1,Research Scientist,4,Married,4787,26124,9,Y,Yes,14,3,2,80,3,4,3,4,2,2,2,2,GlassDoor
29,Voluntary Resignation,Travel_Rarely,1092,Research & Development,1,4,Life Sciences,1,23060,146515,1,Male,36,3,1,Research Scientist,4,Married,4787,26124,2,Y,Yes,14,3,2,80,3,4,3,4,2,2,2,2,GlassDoor
29,Voluntary Resignation,Travel_Rarely,1092,Research & Development,1,4,Medical,1,23062,146517,1,Male,36,3,1,Research Scientist,4,Married,4787,26124,9,Y,Yes,14,3,2,80,3,4,3,4,2,2,2,2,GlassDoor
29,Voluntary Resignation,Travel_Rarely,1092,Research & Development,1,4,Life Sciences,1,23063,146518,1,Male,36,3,1,Research Scientist,4,Married,4787,26124,2,Y,Yes,14,3,2,80,3,4,3,4,2,2,2,2,GlassDoor
29,Voluntary Resignation,Travel_Rarely,1092,Research & Development,1,4,Medical,1,23066,146521,1,Male,36,3,1,Research Scientist,4,Married,4787,26124,9,Y,Yes,14,3,2,80,3,4,3,4,2,2,2,2,GlassDoor
29,Voluntary Resignation,Travel_Rarely,1092,Research & Development,1,4,Life Sciences,1,23068,146523,1,Male,36,3,1,Research Scientist,4,Married,4787,26124,2,Y,Yes,14,3,2,80,3,4,3,4,2,2,2,2,GlassDoor
29,Voluntary Resignation,Travel_Rarely,1092,Research & Development,1,4,Medical,1,23070,146525,1,Male,36,3,1,Research Scientist,4,Married,4787,26124,9,Y,Yes,14,3,2,80,3,4,3,4,2,2,2,2,GlassDoor
29,Voluntary Resignation,Travel_Rarely,1092,Research & Development,1,4,Life Sciences,1,23071,146526,1,Male,36,3,1,Research Scientist,4,Married,4787,26124,2,Y,Yes,14,3,2,80,3,4,3,4,2,2,2,2,GlassDoor
29,Voluntary Resignation,Travel_Frequently,746,Sales,24,3,Technical Degree,1,23397,146852,4,Male,100,3,2,Manufacturing Director,1,Single,9936,3787,0,Y,No,19,3,2,80,0,10,2,3,9,4,1,7,Company Website
29,Voluntary Resignation,Travel_Frequently,746,Sales,24,3,Technical Degree,1,23399,146854,4,Male,100,3,2,Manufacturing Director,1,Single,9936,3787,1,Y,No,19,4,2,80,0,10,2,3,9,4,1,7,Company Website
29,Voluntary Resignation,Travel_Frequently,746,Sales,24,3,Technical Degree,1,23400,146855,4,Male,100,3,2,Manufacturing Director,1,Single,9936,3787,0,Y,No,19,3,2,80,0,10,2,3,9,4,1,7,Company Website
29,Voluntary Resignation,Travel_Frequently,746,Sales,24,3,Technical Degree,1,23401,146856,4,Male,100,3,2,Manufacturing Director,1,Single,9936,3787,1,Y,No,19,3,2,80,0,10,2,3,9,4,1,7,Company Website
29,Voluntary Resignation,Travel_Frequently,746,Sales,24,3,Technical Degree,1,23405,146860,4,Male,100,3,2,Manufacturing Director,1,Single,9936,3787,0,Y,No,19,3,2,80,0,10,2,3,9,4,1,7,Company Website
29,Voluntary Resignation,Travel_Frequently,746,Sales,24,3,Technical Degree,1,23407,146862,4,Male,100,3,2,Manufacturing Director,1,Single,9936,3787,1,Y,No,19,4,2,80,0,10,2,3,9,4,1,7,Company Website
29,Voluntary Resignation,Travel_Frequently,746,Sales,24,3,Technical Degree,1,23408,146863,4,Male,100,3,2,Manufacturing Director,1,Single,9936,3787,0,Y,No,19,3,2,80,0,10,2,3,9,4,1,7,Company Website
29,Voluntary Resignation,Travel_Frequently,746,Sales,24,3,Technical Degree,1,23409,146864,4,Male,100,3,2,Manufacturing Director,1,Single,9936,3787,1,Y,No,19,3,2,80,0,10,2,3,9,4,1,7,Company Website
29,Current employee,Travel_Rarely,153,Research & Development,15,2,Life Sciences,1,239,123694,4,Female,49,2,2,Laboratory Technician,3,Single,4193,12682,0,Y,Yes,12,4,4,80,0,10,3,3,9,5,0,8,Seek
29,Current employee,Travel_Rarely,153,Research & Development,15,2,Medical,1,242,123697,4,Female,49,2,2,Laboratory Technician,3,Single,4193,12682,1,Y,Yes,12,3,4,80,0,10,3,3,9,5,0,8,Seek
29,Current employee,Travel_Rarely,153,Research & Development,15,2,Life Sciences,1,243,123698,4,Female,49,2,2,Laboratory Technician,3,Single,4193,12682,0,Y,Yes,12,3,4,80,0,10,3,3,9,5,0,8,Seek
29,Current employee,Travel_Rarely,153,Research & Development,15,2,Medical,1,244,123699,4,Female,49,2,2,Laboratory Technician,3,Single,4193,12682,1,Y,Yes,12,3,4,80,0,10,3,3,9,5,0,8,Seek
29,Current employee,Travel_Rarely,153,Research & Development,15,2,Life Sciences,1,247,123702,4,Female,49,2,2,Laboratory Technician,3,Single,4193,12682,0,Y,Yes,12,4,4,80,0,10,3,3,9,5,0,8,Seek
29,Current employee,Travel_Rarely,153,Research & Development,15,2,Life Sciences,1,248,123703,3,Male,32,2,2,Sales Executive,1,Single,4312,23016,0,Y,No,14,3,2,80,0,16,2,3,15,13,2,8,LinkedIn
29,Current employee,Travel_Rarely,153,Research & Development,15,2,Life Sciences,1,251,123706,1,Male,52,2,1,Human Resources,4,Single,2564,18437,1,Y,No,12,3,3,80,0,1,3,4,1,0,0,0,Company Website
29,Current employee,Travel_Rarely,153,Research & Development,15,2,Medical,1,257,123712,4,Female,49,2,2,Laboratory Technician,3,Single,4193,12682,1,Y,Yes,12,3,4,80,0,10,3,3,9,5,0,8,Seek
29,Current employee,Travel_Rarely,153,Research & Development,15,2,Life Sciences,1,258,123713,4,Female,49,2,2,Laboratory Technician,3,Single,4193,12682,0,Y,Yes,12,3,4,80,0,10,3,3,9,5,0,8,Seek
29,Current employee,Travel_Rarely,153,Research & Development,15,2,Medical,1,259,123714,4,Female,49,2,2,Laboratory Technician,3,Single,4193,12682,1,Y,Yes,12,3,4,80,0,10,3,3,9,5,0,8,Seek
29,Current employee,Travel_Rarely,1389,Research & Development,21,4,Life Sciences,1,333,123788,2,Female,51,4,3,Manufacturing Director,1,Divorced,9980,10195,1,Y,No,11,3,3,80,1,10,1,3,10,9,8,8,Company Website
29,Current employee,Travel_Rarely,1389,Research & Development,21,4,Other,1,336,123791,2,Female,51,4,3,Manufacturing Director,1,Divorced,9980,10195,1,Y,No,11,3,3,80,1,10,1,3,10,9,8,8,Company Website
29,Current employee,Travel_Rarely,1389,Research & Development,21,4,Life Sciences,1,337,123792,2,Female,51,4,3,Manufacturing Director,1,Divorced,9980,10195,1,Y,No,11,3,3,80,1,10,1,3,10,9,8,8,Company Website
29,Current employee,Travel_Rarely,1389,Research & Development,21,4,Other,1,338,123793,2,Female,51,4,3,Manufacturing Director,1,Divorced,9980,10195,1,Y,No,11,3,3,80,1,10,1,3,10,9,8,8,Company Website
29,Current employee,Travel_Rarely,1389,Research & Development,21,4,Life Sciences,1,341,123796,2,Female,51,4,3,Manufacturing Director,1,Divorced,9980,10195,1,Y,No,11,3,3,80,1,10,1,3,10,9,8,8,Company Website
29,Current employee,Travel_Rarely,1389,Research & Development,21,4,Life Sciences,1,342,123797,4,Male,55,2,2,Laboratory Technician,4,Married,5126,15998,1,Y,Yes,12,4,3,80,2,10,1,2,10,8,3,0,LinkedIn
29,Current employee,Travel_Rarely,1389,Research & Development,21,4,Life Sciences,1,345,123800,3,Female,49,3,1,Laboratory Technician,4,Single,2564,7181,0,Y,No,14,4,3,80,0,12,2,2,11,7,6,7,Recruit.net
29,Current employee,Travel_Rarely,1246,Sales,19,3,Life Sciences,1,349,123804,2,Female,51,4,3,Manufacturing Director,1,Divorced,9980,10195,5,Y,No,11,3,4,80,0,28,3,2,2,2,1,2,Jora
29,Current employee,Travel_Rarely,1389,Research & Development,21,4,Other,1,351,123806,2,Female,51,4,3,Manufacturing Director,1,Divorced,9980,10195,1,Y,No,11,3,3,80,1,10,1,3,10,9,8,8,Company Website
29,Current employee,Travel_Rarely,1389,Research & Development,21,4,Life Sciences,1,352,123807,2,Female,51,4,3,Manufacturing Director,1,Divorced,9980,10195,1,Y,No,11,3,3,80,1,10,1,3,10,9,8,8,Company Website
29,Current employee,Travel_Rarely,1389,Research & Development,21,4,Other,1,353,123808,2,Female,51,4,3,Manufacturing Director,1,Divorced,9980,10195,1,Y,No,11,3,3,80,1,10,1,3,10,9,8,8,Company Website
29,Current employee,Travel_Rarely,153,Research & Development,15,2,Life Sciences,1,662,124117,1,Male,39,3,2,Sales Representative,4,Married,2086,3335,3,Y,No,14,3,3,80,1,19,6,4,1,0,0,0,Company Website
29,Current employee,Travel_Rarely,153,Research & Development,15,2,Medical,1,664,124119,1,Male,39,3,2,Sales Representative,4,Married,2086,3335,9,Y,No,14,3,3,80,1,19,6,4,1,0,0,0,Company Website
29,Current employee,Travel_Rarely,153,Research & Development,15,2,Life Sciences,1,665,124120,1,Male,39,3,2,Sales Representative,4,Married,2086,3335,3,Y,No,14,3,3,80,1,19,6,4,1,0,0,0,Company Website
29,Current employee,Travel_Rarely,153,Research & Development,15,2,Medical,1,666,124121,1,Male,39,3,2,Sales Representative,4,Married,2086,3335,9,Y,No,14,3,3,80,1,19,6,4,1,0,0,0,Company Website
29,Current employee,Travel_Rarely,153,Research & Development,15,2,Life Sciences,1,670,124125,1,Male,39,3,2,Sales Representative,4,Married,2086,3335,3,Y,No,14,3,3,80,1,19,6,4,1,0,0,0,Company Website
29,Current employee,Travel_Rarely,153,Research & Development,15,2,Medical,1,672,124127,1,Male,39,3,2,Sales Representative,4,Married,2086,3335,9,Y,No,14,3,3,80,1,19,6,4,1,0,0,0,Company Website
29,Current employee,Travel_Rarely,153,Research & Development,15,2,Life Sciences,1,673,124128,1,Male,39,3,2,Sales Representative,4,Married,2086,3335,3,Y,No,14,3,3,80,1,19,6,4,1,0,0,0,Company Website
29,Current employee,Travel_Rarely,153,Research & Development,15,2,Medical,1,674,124129,1,Male,39,3,2,Sales Representative,4,Married,2086,3335,9,Y,No,14,3,3,80,1,19,6,4,1,0,0,0,Company Website
29,Current employee,Travel_Rarely,1389,Research & Development,21,4,Life Sciences,1,710,124165,1,Male,39,2,1,Sales Representative,3,Married,2683,3810,1,Y,Yes,14,3,3,80,0,3,2,3,3,2,0,2,Company Website
29,Current employee,Travel_Rarely,1389,Research & Development,21,4,Other,1,712,124167,1,Male,39,2,1,Sales Representative,3,Married,2683,3810,9,Y,Yes,14,3,3,80,0,3,2,3,3,2,0,2,Company Website
29,Current employee,Travel_Rarely,1389,Research & Development,21,4,Life Sciences,1,713,124168,1,Male,39,2,1,Sales Representative,3,Married,2683,3810,1,Y,Yes,14,3,3,80,0,3,2,3,3,2,0,2,Company Website
29,Current employee,Travel_Rarely,1389,Research & Development,21,4,Other,1,714,124169,1,Male,39,2,1,Sales Representative,3,Married,2683,3810,9,Y,Yes,14,3,3,80,0,3,2,3,3,2,0,2,Company Website
29,Current employee,Travel_Rarely,1389,Research & Development,21,4,Life Sciences,1,718,124173,1,Male,39,2,1,Sales Representative,3,Married,2683,3810,1,Y,Yes,14,3,3,80,0,3,2,3,3,2,0,2,Company Website
29,Current employee,Travel_Rarely,1389,Research & Development,21,4,Other,1,720,124175,1,Male,39,2,1,Sales Representative,3,Married,2683,3810,9,Y,Yes,14,3,3,80,0,3,2,3,3,2,0,2,Company Website
29,Current employee,Travel_Rarely,1389,Research & Development,21,4,Life Sciences,1,721,124176,1,Male,39,2,1,Sales Representative,3,Married,2683,3810,1,Y,Yes,14,3,3,80,0,3,2,3,3,2,0,2,Company Website
29,Current employee,Travel_Rarely,1389,Research & Development,21,4,Other,1,722,124177,1,Male,39,2,1,Sales Representative,3,Married,2683,3810,9,Y,Yes,14,3,3,80,0,3,2,3,3,2,0,2,Company Website
29,Current employee,Travel_Rarely,1328,Research & Development,2,3,Life Sciences,1,1114,124569,1,Female,40,3,2,Laboratory Technician,4,Single,2406,5456,1,Y,No,11,3,4,80,0,10,2,3,10,3,9,9,Company Website
29,Current employee,Travel_Rarely,1328,Research & Development,2,3,Life Sciences,1,1115,124570,1,Female,40,3,2,Laboratory Technician,4,Single,2406,5456,1,Y,No,11,3,4,80,0,10,2,3,10,3,9,9,Company Website
29,Current employee,Travel_Rarely,1328,Research & Development,2,3,Life Sciences,1,1117,124572,1,Female,40,3,2,Laboratory Technician,4,Single,2406,5456,1,Y,No,11,3,4,80,0,10,2,3,10,3,9,9,Company Website
29,Current employee,Travel_Rarely,1328,Research & Development,2,3,Life Sciences,1,1118,124573,1,Female,40,3,2,Laboratory Technician,4,Single,2406,5456,1,Y,No,11,3,4,80,0,10,2,3,10,3,9,9,Company Website
29,Current employee,Travel_Rarely,1328,Research & Development,2,3,Life Sciences,1,1122,124577,1,Female,40,3,2,Laboratory Technician,4,Single,2406,5456,1,Y,No,11,3,4,80,0,10,2,3,10,3,9,9,Company Website
29,Current employee,Travel_Rarely,1328,Research & Development,2,3,Life Sciences,1,1123,124578,1,Female,40,3,2,Laboratory Technician,4,Single,2406,5456,1,Y,No,11,3,4,80,0,10,2,3,10,3,9,9,Company Website
29,Current employee,Travel_Rarely,1328,Research & Development,2,3,Life Sciences,1,1125,124580,1,Female,40,3,2,Laboratory Technician,4,Single,2406,5456,1,Y,No,11,3,4,80,0,10,2,3,10,3,9,9,Company Website
29,Current employee,Travel_Rarely,1328,Research & Development,2,3,Life Sciences,1,1126,124581,1,Female,40,3,2,Laboratory Technician,4,Single,2406,5456,1,Y,No,11,3,4,80,0,10,2,3,10,3,9,9,Company Website
29,Current employee,Travel_Rarely,1328,Research & Development,2,3,Life Sciences,1,1271,124726,3,Male,76,3,1,Research Scientist,2,Married,2703,4956,0,Y,No,23,3,4,80,1,6,3,3,5,4,0,4,Jora
29,Current employee,Travel_Rarely,1328,Research & Development,2,3,Life Sciences,1,1274,124729,3,Male,76,3,1,Research Scientist,2,Married,2703,4956,2,Y,No,23,3,4,80,1,6,3,3,5,4,0,4,Jora
29,Current employee,Travel_Rarely,1328,Research & Development,2,3,Life Sciences,1,1275,124730,3,Male,76,3,1,Research Scientist,2,Married,2703,4956,0,Y,No,23,4,4,80,1,6,3,3,5,4,0,4,Jora
29,Current employee,Travel_Rarely,1328,Research & Development,2,3,Life Sciences,1,1276,124731,3,Male,76,3,1,Research Scientist,2,Married,2703,4956,2,Y,No,23,4,4,80,1,6,3,3,5,4,0,4,Jora
29,Current employee,Travel_Rarely,1328,Research & Development,2,3,Life Sciences,1,1281,124736,3,Male,76,3,1,Research Scientist,2,Married,2703,4956,2,Y,No,23,3,4,80,1,6,3,3,5,4,0,4,Jora
29,Current employee,Travel_Rarely,1328,Research & Development,2,3,Life Sciences,1,1282,124737,3,Male,76,3,1,Research Scientist,2,Married,2703,4956,0,Y,No,23,4,4,80,1,6,3,3,5,4,0,4,Jora
29,Current employee,Travel_Rarely,1328,Research & Development,2,3,Life Sciences,1,1283,124738,3,Male,76,3,1,Research Scientist,2,Married,2703,4956,2,Y,No,23,4,4,80,1,6,3,3,5,4,0,4,Jora
29,Current employee,Travel_Rarely,665,Research & Development,15,3,Life Sciences,1,2177,125632,1,Female,43,4,1,Research Scientist,3,Single,4739,16090,4,Y,No,12,3,4,80,0,18,2,3,3,2,1,2,LinkedIn
29,Current employee,Travel_Rarely,665,Research & Development,15,3,Medical,1,2178,125633,1,Female,43,4,1,Research Scientist,3,Single,4739,16090,3,Y,No,12,3,4,80,0,18,2,3,3,2,1,2,LinkedIn
29,Current employee,Travel_Rarely,665,Research & Development,15,3,Life Sciences,1,2180,125635,1,Female,43,4,1,Research Scientist,3,Single,4739,16090,4,Y,No,12,3,4,80,0,18,2,3,3,2,1,2,LinkedIn
29,Current employee,Travel_Rarely,665,Research & Development,15,3,Medical,1,2181,125636,1,Female,43,4,1,Research Scientist,3,Single,4739,16090,3,Y,No,12,3,4,80,0,18,2,3,3,2,1,2,LinkedIn
29,Current employee,Travel_Rarely,665,Research & Development,15,3,Life Sciences,1,2185,125640,1,Female,43,4,1,Research Scientist,3,Single,4739,16090,4,Y,No,12,3,4,80,0,18,2,3,3,2,1,2,LinkedIn
29,Current employee,Travel_Rarely,665,Research & Development,15,3,Medical,1,2186,125641,1,Female,43,4,1,Research Scientist,3,Single,4739,16090,3,Y,No,12,3,4,80,0,18,2,3,3,2,1,2,LinkedIn
29,Current employee,Travel_Rarely,665,Research & Development,15,3,Life Sciences,1,2188,125643,1,Female,43,4,1,Research Scientist,3,Single,4739,16090,4,Y,No,12,3,4,80,0,18,2,3,3,2,1,2,LinkedIn
29,Current employee,Travel_Rarely,665,Research & Development,15,3,Medical,1,2189,125644,1,Female,43,4,1,Research Scientist,3,Single,4739,16090,3,Y,No,12,3,4,80,0,18,2,3,3,2,1,2,LinkedIn
29,Current employee,Travel_Frequently,442,Sales,2,2,Life Sciences,1,2398,125853,1,Male,43,1,2,Sales Executive,4,Divorced,4668,22812,0,Y,No,17,3,4,80,3,9,2,4,8,7,0,7,LinkedIn
29,Current employee,Travel_Frequently,442,Sales,2,2,Life Sciences,1,2399,125854,1,Male,43,1,2,Sales Executive,4,Divorced,4668,22812,4,Y,No,17,3,4,80,3,9,2,4,8,7,0,7,LinkedIn
29,Current employee,Travel_Frequently,442,Sales,2,2,Life Sciences,1,2401,125856,1,Male,43,1,2,Sales Executive,4,Divorced,4668,22812,0,Y,No,17,3,4,80,3,9,2,4,8,7,0,7,LinkedIn
29,Current employee,Travel_Frequently,442,Sales,2,2,Life Sciences,1,2402,125857,1,Male,43,1,2,Sales Executive,4,Divorced,4668,22812,4,Y,No,17,3,4,80,3,9,2,4,8,7,0,7,LinkedIn
29,Current employee,Travel_Frequently,442,Sales,2,2,Life Sciences,1,2406,125861,1,Male,43,1,2,Sales Executive,4,Divorced,4668,22812,0,Y,No,17,3,4,80,3,9,2,4,8,7,0,7,LinkedIn
29,Current employee,Travel_Frequently,442,Sales,2,2,Life Sciences,1,2407,125862,1,Male,43,1,2,Sales Executive,4,Divorced,4668,22812,4,Y,No,17,3,4,80,3,9,2,4,8,7,0,7,LinkedIn
29,Current employee,Travel_Frequently,442,Sales,2,2,Life Sciences,1,2409,125864,1,Male,43,1,2,Sales Executive,4,Divorced,4668,22812,0,Y,No,17,3,4,80,3,9,2,4,8,7,0,7,LinkedIn
29,Current employee,Travel_Frequently,442,Sales,2,2,Life Sciences,1,2410,125865,1,Male,43,1,2,Sales Executive,4,Divorced,4668,22812,4,Y,No,17,3,4,80,3,9,2,4,8,7,0,7,LinkedIn
29,Current employee,Non-Travel,1496,Research & Development,1,1,Technical Degree,1,2568,126023,4,Male,41,3,2,Manufacturing Director,3,Married,4319,26283,1,Y,No,13,3,1,80,1,10,1,3,10,7,0,9,Company Website
29,Current employee,Non-Travel,1496,Research & Development,1,1,Human Resources,1,2570,126025,4,Male,41,3,2,Manufacturing Director,3,Married,4319,26283,1,Y,No,13,3,1,80,1,10,1,3,10,7,0,9,Company Website
29,Current employee,Non-Travel,1496,Research & Development,1,1,Technical Degree,1,2572,126027,4,Male,41,3,2,Manufacturing Director,3,Married,4319,26283,1,Y,No,13,3,1,80,1,10,1,3,10,7,0,9,Company Website
29,Current employee,Non-Travel,1496,Research & Development,1,1,Human Resources,1,2573,126028,4,Male,41,3,2,Manufacturing Director,3,Married,4319,26283,1,Y,No,13,3,1,80,1,10,1,3,10,7,0,9,Company Website
29,Current employee,Non-Travel,1496,Research & Development,1,1,Technical Degree,1,2576,126031,4,Male,41,3,2,Manufacturing Director,3,Married,4319,26283,1,Y,No,13,3,1,80,1,10,1,3,10,7,0,9,Company Website
29,Current employee,Non-Travel,1496,Research & Development,1,1,Human Resources,1,2577,126032,4,Male,41,3,2,Manufacturing Director,3,Married,4319,26283,1,Y,No,13,3,1,80,1,10,1,3,10,7,0,9,Company Website
29,Current employee,Non-Travel,1496,Research & Development,1,1,Technical Degree,1,2579,126034,4,Male,41,3,2,Manufacturing Director,3,Married,4319,26283,1,Y,No,13,3,1,80,1,10,1,3,10,7,0,9,Company Website
29,Current employee,Non-Travel,1496,Research & Development,1,1,Human Resources,1,2580,126035,4,Male,41,3,2,Manufacturing Director,3,Married,4319,26283,1,Y,No,13,3,1,80,1,10,1,3,10,7,0,9,Company Website
29,Current employee,Non-Travel,746,Sales,2,3,Life Sciences,1,2817,126272,1,Female,45,1,1,Sales Representative,1,Single,2325,20989,0,Y,No,21,3,1,80,0,1,5,4,0,0,0,0,Seek
29,Current employee,Non-Travel,746,Sales,2,3,Life Sciences,1,2819,126274,1,Female,45,1,1,Sales Representative,1,Single,2325,20989,8,Y,No,21,3,1,80,0,1,5,4,0,0,0,0,Seek
29,Current employee,Non-Travel,746,Sales,2,3,Life Sciences,1,2822,126277,1,Female,45,1,1,Sales Representative,1,Single,2325,20989,0,Y,No,21,4,1,80,0,1,5,4,0,0,0,0,Seek
29,Current employee,Non-Travel,746,Sales,2,3,Life Sciences,1,2823,126278,1,Female,45,1,1,Sales Representative,1,Single,2325,20989,8,Y,No,21,4,1,80,0,1,5,4,0,0,0,0,Seek
29,Current employee,Non-Travel,746,Sales,2,3,Life Sciences,1,2825,126280,1,Female,45,1,1,Sales Representative,1,Single,2325,20989,0,Y,No,21,3,1,80,0,1,5,4,0,0,0,0,Seek
29,Current employee,Non-Travel,746,Sales,2,3,Life Sciences,1,2827,126282,1,Female,45,1,1,Sales Representative,1,Single,2325,20989,8,Y,No,21,3,1,80,0,1,5,4,0,0,0,0,Seek
29,Current employee,Non-Travel,746,Sales,2,3,Life Sciences,1,2830,126285,1,Female,45,1,1,Sales Representative,1,Single,2325,20989,0,Y,No,21,4,1,80,0,1,5,4,0,0,0,0,Seek
29,Current employee,Non-Travel,746,Sales,2,3,Life Sciences,1,2831,126286,1,Female,45,1,1,Sales Representative,1,Single,2325,20989,8,Y,No,21,4,1,80,0,1,5,4,0,0,0,0,Seek
29,Current employee,Travel_Rarely,1283,Research & Development,23,3,Life Sciences,1,2897,126352,1,Male,45,3,1,Research Scientist,4,Single,2500,10515,0,Y,No,14,4,1,80,0,4,2,4,3,1,0,2,Seek
29,Current employee,Travel_Rarely,1283,Research & Development,23,3,Other,1,2899,126354,1,Male,45,3,1,Research Scientist,4,Single,2500,10515,4,Y,No,14,3,1,80,0,4,2,4,3,1,0,2,Seek
29,Current employee,Travel_Rarely,1283,Research & Development,23,3,Life Sciences,1,2900,126355,1,Male,45,3,1,Research Scientist,4,Single,2500,10515,0,Y,No,14,3,1,80,0,4,2,4,3,1,0,2,Seek
29,Current employee,Travel_Rarely,1283,Research & Development,23,3,Other,1,2901,126356,1,Male,45,3,1,Research Scientist,4,Single,2500,10515,4,Y,No,14,3,1,80,0,4,2,4,3,1,0,2,Seek
29,Current employee,Travel_Rarely,1283,Research & Development,23,3,Life Sciences,1,2905,126360,1,Male,45,3,1,Research Scientist,4,Single,2500,10515,0,Y,No,14,4,1,80,0,4,2,4,3,1,0,2,Seek
29,Current employee,Travel_Rarely,1283,Research & Development,23,3,Other,1,2907,126362,1,Male,45,3,1,Research Scientist,4,Single,2500,10515,4,Y,No,14,3,1,80,0,4,2,4,3,1,0,2,Seek
29,Current employee,Travel_Rarely,1283,Research & Development,23,3,Life Sciences,1,2908,126363,1,Male,45,3,1,Research Scientist,4,Single,2500,10515,0,Y,No,14,3,1,80,0,4,2,4,3,1,0,2,Seek
29,Current employee,Travel_Rarely,1283,Research & Development,23,3,Other,1,2909,126364,1,Male,45,3,1,Research Scientist,4,Single,2500,10515,4,Y,No,14,3,1,80,0,4,2,4,3,1,0,2,Seek
29,Current employee,Travel_Frequently,1413,Sales,1,1,Medical,1,3717,127172,2,Female,42,3,3,Sales Executive,4,Married,7918,6599,1,Y,No,14,3,4,80,1,11,5,3,11,10,4,1,Seek
29,Current employee,Travel_Frequently,1413,Sales,1,1,Human Resources,1,3719,127174,2,Female,42,3,3,Sales Executive,4,Married,7918,6599,4,Y,No,14,3,4,80,1,11,5,3,11,10,4,1,Seek
29,Current employee,Travel_Frequently,1413,Sales,1,1,Medical,1,3721,127176,2,Female,42,3,3,Sales Executive,4,Married,7918,6599,1,Y,No,14,3,4,80,1,11,5,3,11,10,4,1,Seek
29,Current employee,Travel_Frequently,1413,Sales,1,1,Human Resources,1,3722,127177,2,Female,42,3,3,Sales Executive,4,Married,7918,6599,4,Y,No,14,3,4,80,1,11,5,3,11,10,4,1,Seek
29,Current employee,Travel_Frequently,1413,Sales,1,1,Medical,1,3725,127180,2,Female,42,3,3,Sales Executive,4,Married,7918,6599,1,Y,No,14,3,4,80,1,11,5,3,11,10,4,1,Seek
29,Current employee,Travel_Frequently,1413,Sales,1,1,Human Resources,1,3727,127182,2,Female,42,3,3,Sales Executive,4,Married,7918,6599,4,Y,No,14,3,4,80,1,11,5,3,11,10,4,1,Seek
29,Current employee,Travel_Frequently,1413,Sales,1,1,Medical,1,3729,127184,2,Female,42,3,3,Sales Executive,4,Married,7918,6599,1,Y,No,14,3,4,80,1,11,5,3,11,10,4,1,Seek
29,Current employee,Travel_Frequently,1413,Sales,1,1,Human Resources,1,3730,127185,2,Female,42,3,3,Sales Executive,4,Married,7918,6599,4,Y,No,14,3,4,80,1,11,5,3,11,10,4,1,Seek
29,Current employee,Travel_Frequently,806,Research & Development,1,4,Life Sciences,1,3846,127301,1,Female,47,3,4,Manager,4,Married,16064,7744,5,Y,Yes,22,3,3,80,1,22,3,3,17,13,1,9,Seek
29,Current employee,Travel_Frequently,806,Research & Development,1,4,Life Sciences,1,3847,127302,1,Female,47,3,4,Manager,4,Married,16064,7744,1,Y,Yes,22,3,3,80,1,22,3,3,17,13,1,9,Seek
29,Current employee,Travel_Frequently,806,Research & Development,1,4,Life Sciences,1,3849,127304,1,Female,47,3,4,Manager,4,Married,16064,7744,5,Y,Yes,22,4,3,80,1,22,3,3,17,13,1,9,Seek
29,Current employee,Travel_Frequently,806,Research & Development,1,4,Life Sciences,1,3850,127305,1,Female,47,3,4,Manager,4,Married,16064,7744,1,Y,Yes,22,4,3,80,1,22,3,3,17,13,1,9,Seek
29,Current employee,Travel_Frequently,806,Research & Development,1,4,Life Sciences,1,3854,127309,1,Female,47,3,4,Manager,4,Married,16064,7744,5,Y,Yes,22,3,3,80,1,22,3,3,17,13,1,9,Seek
29,Current employee,Travel_Frequently,806,Research & Development,1,4,Life Sciences,1,3855,127310,1,Female,47,3,4,Manager,4,Married,16064,7744,1,Y,Yes,22,3,3,80,1,22,3,3,17,13,1,9,Seek
29,Current employee,Travel_Frequently,806,Research & Development,1,4,Life Sciences,1,3857,127312,1,Female,47,3,4,Manager,4,Married,16064,7744,5,Y,Yes,22,4,3,80,1,22,3,3,17,13,1,9,Seek
29,Current employee,Travel_Frequently,806,Research & Development,1,4,Life Sciences,1,3858,127313,1,Female,47,3,4,Manager,4,Married,16064,7744,1,Y,Yes,22,4,3,80,1,22,3,3,17,13,1,9,Seek
29,Current employee,Travel_Rarely,1396,Sales,10,3,Life Sciences,1,4038,127493,1,Male,48,2,2,Manufacturing Director,1,Married,5957,23687,6,Y,No,13,3,2,80,1,13,3,3,11,9,5,9,Indeed
29,Current employee,Travel_Rarely,1396,Sales,10,3,Medical,1,4040,127495,1,Male,48,2,2,Manufacturing Director,1,Married,5957,23687,1,Y,No,13,3,2,80,1,13,3,3,11,9,5,9,Indeed
29,Current employee,Travel_Rarely,1396,Sales,10,3,Life Sciences,1,4041,127496,1,Male,48,2,2,Manufacturing Director,1,Married,5957,23687,6,Y,No,13,3,2,80,1,13,3,3,11,9,5,9,Indeed
29,Current employee,Travel_Rarely,1396,Sales,10,3,Medical,1,4042,127497,1,Male,48,2,2,Manufacturing Director,1,Married,5957,23687,1,Y,No,13,3,2,80,1,13,3,3,11,9,5,9,Indeed
29,Current employee,Travel_Rarely,1396,Sales,10,3,Life Sciences,1,4046,127501,1,Male,48,2,2,Manufacturing Director,1,Married,5957,23687,6,Y,No,13,3,2,80,1,13,3,3,11,9,5,9,Indeed
29,Current employee,Travel_Rarely,1396,Sales,10,3,Medical,1,4048,127503,1,Male,48,2,2,Manufacturing Director,1,Married,5957,23687,1,Y,No,13,3,2,80,1,13,3,3,11,9,5,9,Indeed
29,Current employee,Travel_Rarely,1396,Sales,10,3,Life Sciences,1,4049,127504,1,Male,48,2,2,Manufacturing Director,1,Married,5957,23687,6,Y,No,13,3,2,80,1,13,3,3,11,9,5,9,Indeed
29,Current employee,Travel_Rarely,1396,Sales,10,3,Medical,1,4050,127505,1,Male,48,2,2,Manufacturing Director,1,Married,5957,23687,1,Y,No,13,3,2,80,1,13,3,3,11,9,5,9,Indeed
29,Current employee,Travel_Rarely,665,Research & Development,15,3,Life Sciences,1,4117,127572,3,Male,60,3,1,Research Scientist,4,Single,2340,22673,1,Y,No,19,4,1,80,0,6,1,3,6,5,1,5,GlassDoor
29,Current employee,Travel_Rarely,665,Research & Development,15,3,Medical,1,4120,127575,3,Male,60,3,1,Research Scientist,4,Single,2340,22673,3,Y,No,19,3,1,80,0,6,1,3,6,5,1,5,GlassDoor
29,Current employee,Travel_Rarely,665,Research & Development,15,3,Life Sciences,1,4121,127576,3,Male,60,3,1,Research Scientist,4,Single,2340,22673,1,Y,No,19,3,1,80,0,6,1,3,6,5,1,5,GlassDoor
29,Current employee,Travel_Rarely,665,Research & Development,15,3,Medical,1,4122,127577,3,Male,60,3,1,Research Scientist,4,Single,2340,22673,3,Y,No,19,3,1,80,0,6,1,3,6,5,1,5,GlassDoor
29,Current employee,Travel_Rarely,665,Research & Development,15,3,Life Sciences,1,4125,127580,3,Male,60,3,1,Research Scientist,4,Single,2340,22673,1,Y,No,19,4,1,80,0,6,1,3,6,5,1,5,GlassDoor
29,Current employee,Travel_Rarely,665,Research & Development,15,3,Medical,1,4128,127583,3,Male,60,3,1,Research Scientist,4,Single,2340,22673,3,Y,No,19,3,1,80,0,6,1,3,6,5,1,5,GlassDoor
29,Current employee,Travel_Rarely,665,Research & Development,15,3,Life Sciences,1,4129,127584,3,Male,60,3,1,Research Scientist,4,Single,2340,22673,1,Y,No,19,3,1,80,0,6,1,3,6,5,1,5,GlassDoor
29,Current employee,Travel_Rarely,665,Research & Development,15,3,Medical,1,4130,127585,3,Male,60,3,1,Research Scientist,4,Single,2340,22673,3,Y,No,19,3,1,80,0,6,1,3,6,5,1,5,GlassDoor
29,Current employee,Travel_Rarely,1247,Sales,20,2,Marketing,1,4149,127604,4,Male,45,3,2,Sales Executive,4,Divorced,6931,10732,2,Y,No,14,3,4,80,1,10,2,3,3,2,0,2,Indeed
29,Current employee,Travel_Rarely,1247,Sales,20,2,Medical,1,4152,127607,4,Male,45,3,2,Sales Executive,4,Divorced,6931,10732,7,Y,No,14,3,4,80,1,10,2,3,3,2,0,2,Indeed
29,Current employee,Travel_Rarely,1247,Sales,20,2,Marketing,1,4153,127608,4,Male,45,3,2,Sales Executive,4,Divorced,6931,10732,2,Y,No,14,3,4,80,1,10,2,3,3,2,0,2,Indeed
29,Current employee,Travel_Rarely,1247,Sales,20,2,Medical,1,4154,127609,4,Male,45,3,2,Sales Executive,4,Divorced,6931,10732,7,Y,No,14,3,4,80,1,10,2,3,3,2,0,2,Indeed
29,Current employee,Travel_Rarely,1247,Sales,20,2,Marketing,1,4157,127612,4,Male,45,3,2,Sales Executive,4,Divorced,6931,10732,2,Y,No,14,3,4,80,1,10,2,3,3,2,0,2,Indeed
29,Current employee,Travel_Rarely,1247,Sales,20,2,Medical,1,4160,127615,4,Male,45,3,2,Sales Executive,4,Divorced,6931,10732,7,Y,No,14,3,4,80,1,10,2,3,3,2,0,2,Indeed
29,Current employee,Travel_Rarely,1247,Sales,20,2,Marketing,1,4161,127616,4,Male,45,3,2,Sales Executive,4,Divorced,6931,10732,2,Y,No,14,3,4,80,1,10,2,3,3,2,0,2,Indeed
29,Current employee,Travel_Rarely,1247,Sales,20,2,Medical,1,4162,127617,4,Male,45,3,2,Sales Executive,4,Divorced,6931,10732,7,Y,No,14,3,4,80,1,10,2,3,3,2,0,2,Indeed
29,Current employee,Travel_Rarely,1210,Sales,2,3,Medical,1,4324,127779,1,Male,78,2,2,Sales Executive,2,Married,6644,3687,2,Y,No,19,3,2,80,2,10,2,3,0,0,0,0,Company Website
29,Current employee,Travel_Rarely,1210,Sales,2,3,Life Sciences,1,4326,127781,1,Male,78,2,2,Sales Executive,2,Married,6644,3687,4,Y,No,19,3,2,80,2,10,2,,0,0,0,0,Company Website
29,Current employee,Travel_Rarely,1210,Sales,2,3,Medical,1,4328,127783,1,Male,78,2,2,Sales Executive,2,Married,6644,3687,2,Y,No,19,3,2,80,2,10,2,3,0,0,0,0,Company Website
29,Current employee,Travel_Rarely,1210,Sales,2,3,Life Sciences,1,4329,127784,1,Male,78,2,2,Sales Executive,2,Married,6644,3687,4,Y,No,19,3,2,80,2,10,2,3,0,0,0,0,Company Website
29,Current employee,Travel_Rarely,1210,Sales,2,3,Medical,1,4332,127787,1,Male,78,2,2,Sales Executive,2,Married,6644,3687,2,Y,No,19,3,2,80,2,10,2,3,0,0,0,0,Company Website
29,Current employee,Travel_Rarely,1210,Sales,2,3,Life Sciences,1,4334,127789,1,Male,78,2,2,Sales Executive,2,Married,6644,3687,4,Y,No,19,3,2,80,2,10,2,3,0,0,0,0,Company Website
29,Current employee,Travel_Rarely,1210,Sales,2,3,Medical,1,4336,127791,1,Male,78,2,2,Sales Executive,2,Married,6644,3687,2,Y,No,19,3,2,80,2,10,2,3,0,0,0,0,Company Website
29,Current employee,Travel_Rarely,1210,Sales,2,3,Life Sciences,1,4337,127792,1,Male,78,2,2,Sales Executive,2,Married,6644,3687,4,Y,No,19,3,2,80,2,10,2,3,0,0,0,0,Company Website
29,Current employee,Travel_Rarely,1252,Research & Development,23,2,Life Sciences,1,4357,127812,1,Male,48,4,2,Healthcare Representative,1,Divorced,4000,18384,1,Y,No,12,3,4,80,2,6,2,3,6,3,1,5,Seek
29,Current employee,Travel_Rarely,1252,Research & Development,23,2,Other,1,4359,127814,1,Male,48,4,2,Healthcare Representative,1,Divorced,4000,18384,0,Y,No,12,3,4,80,2,6,2,3,6,3,1,5,Seek
29,Current employee,Travel_Rarely,1252,Research & Development,23,2,Life Sciences,1,4362,127817,1,Male,48,4,2,Healthcare Representative,1,Divorced,4000,18384,1,Y,No,12,3,4,80,2,6,2,3,6,3,1,5,Seek
29,Current employee,Travel_Rarely,1252,Research & Development,23,2,Other,1,4363,127818,1,Male,48,4,2,Healthcare Representative,1,Divorced,4000,18384,0,Y,No,12,3,4,80,2,6,2,3,6,3,1,5,Seek
29,Current employee,Travel_Rarely,1252,Research & Development,23,2,Life Sciences,1,4365,127820,1,Male,48,4,2,Healthcare Representative,1,Divorced,4000,18384,1,Y,No,12,3,4,80,2,6,2,3,6,3,1,5,Seek
29,Current employee,Travel_Rarely,1252,Research & Development,23,2,Other,1,4367,127822,1,Male,48,4,2,Healthcare Representative,1,Divorced,4000,18384,0,Y,No,12,3,4,80,2,6,2,3,6,3,1,5,Seek
29,Current employee,Travel_Rarely,1252,Research & Development,23,2,Life Sciences,1,4370,127825,1,Male,48,4,2,Healthcare Representative,1,Divorced,4000,18384,1,Y,No,12,3,4,80,2,6,2,3,6,3,1,5,Seek
29,Current employee,Travel_Rarely,1252,Research & Development,23,2,Other,1,4371,127826,1,Male,48,4,2,Healthcare Representative,1,Divorced,4000,18384,0,Y,No,12,3,4,80,2,6,2,3,6,3,1,5,Seek
29,Current employee,Travel_Frequently,442,Sales,2,2,Life Sciences,1,4602,128057,2,Male,44,3,2,Sales Executive,4,Single,4554,20260,1,Y,No,18,4,1,80,0,10,3,2,10,7,0,9,Jora
29,Current employee,Travel_Frequently,442,Sales,2,2,Life Sciences,1,4604,128059,2,Male,44,3,2,Sales Executive,4,Single,4554,20260,4,Y,No,18,4,1,80,0,10,3,2,10,7,0,9,Jora
29,Current employee,Travel_Frequently,442,Sales,2,2,Life Sciences,1,4606,128061,2,Male,44,3,2,Sales Executive,4,Single,4554,20260,1,Y,No,18,3,1,80,0,10,3,2,10,7,0,9,Jora
29,Current employee,Travel_Frequently,442,Sales,2,2,Life Sciences,1,4607,128062,2,Male,44,3,2,Sales Executive,4,Single,4554,20260,4,Y,No,18,3,1,80,0,10,3,2,10,7,0,9,Jora
29,Current employee,Travel_Frequently,442,Sales,2,2,Life Sciences,1,4610,128065,2,Male,44,3,2,Sales Executive,4,Single,4554,20260,1,Y,No,18,4,1,80,0,10,3,2,10,7,0,9,Jora
29,Current employee,Travel_Frequently,442,Sales,2,2,Life Sciences,1,4612,128067,2,Male,44,3,2,Sales Executive,4,Single,4554,20260,4,Y,No,18,4,1,80,0,10,3,2,10,7,0,9,Jora
29,Current employee,Travel_Frequently,442,Sales,2,2,Life Sciences,1,4614,128069,2,Male,44,3,2,Sales Executive,4,Single,4554,20260,1,Y,No,18,3,1,80,0,10,3,2,10,7,0,9,Jora
29,Current employee,Travel_Frequently,442,Sales,2,2,Life Sciences,1,4615,128070,2,Male,44,3,2,Sales Executive,4,Single,4554,20260,4,Y,No,18,3,1,80,0,10,3,2,10,7,0,9,Jora
29,Current employee,Travel_Rarely,738,Research & Development,9,5,Other,1,5466,128921,2,Male,30,2,1,Laboratory Technician,4,Single,3983,7621,0,Y,No,17,3,3,80,0,4,2,3,3,2,2,2,Seek
29,Current employee,Travel_Rarely,738,Research & Development,9,5,Medical,1,5468,128923,2,Male,30,2,1,Laboratory Technician,4,Single,3983,7621,1,Y,No,17,3,3,80,0,4,2,3,3,2,2,2,Seek
29,Current employee,Travel_Rarely,738,Research & Development,9,5,Other,1,5470,128925,2,Male,30,2,1,Laboratory Technician,4,Single,3983,7621,0,Y,No,17,3,3,80,0,4,2,3,3,2,2,2,Seek
29,Current employee,Travel_Rarely,738,Research & Development,9,5,Medical,1,5471,128926,2,Male,30,2,1,Laboratory Technician,4,Single,3983,7621,1,Y,No,17,3,3,80,0,4,2,3,3,2,2,2,Seek
29,Current employee,Travel_Rarely,738,Research & Development,9,5,Other,1,5474,128929,2,Male,30,2,1,Laboratory Technician,4,Single,3983,7621,0,Y,No,17,3,3,80,0,4,2,3,3,2,2,2,Seek
29,Current employee,Travel_Rarely,738,Research & Development,9,5,Medical,1,5476,128931,2,Male,30,2,1,Laboratory Technician,4,Single,3983,7621,1,Y,No,17,3,3,80,0,4,2,3,3,2,2,2,Seek
29,Current employee,Travel_Rarely,738,Research & Development,9,5,Other,1,5478,128933,2,Male,30,2,1,Laboratory Technician,4,Single,3983,7621,0,Y,No,17,3,3,80,0,4,2,3,3,2,2,2,Seek
29,Current employee,Travel_Rarely,738,Research & Development,9,5,Medical,1,5479,128934,2,Male,30,2,1,Laboratory Technician,4,Single,3983,7621,1,Y,No,17,3,3,80,0,4,2,3,3,2,2,2,Seek
29,Current employee,Travel_Rarely,144,Sales,10,1,Marketing,1,5560,129015,4,Female,39,2,2,Sales Executive,2,Divorced,8268,11866,1,Y,Yes,14,3,1,80,2,7,2,3,7,7,1,7,Indeed
29,Current employee,Travel_Rarely,144,Sales,10,1,Medical,1,5563,129018,4,Female,39,2,2,Sales Executive,2,Divorced,8268,11866,6,Y,Yes,14,3,1,80,2,7,2,3,7,7,1,7,Indeed
29,Current employee,Travel_Rarely,144,Sales,10,1,Marketing,1,5564,129019,4,Female,39,2,2,Sales Executive,2,Divorced,8268,11866,1,Y,Yes,14,3,1,80,2,7,2,3,7,7,1,7,Indeed
29,Current employee,Travel_Rarely,144,Sales,10,1,Medical,1,5565,129020,4,Female,39,2,2,Sales Executive,2,Divorced,8268,11866,6,Y,Yes,14,3,1,80,2,7,2,3,7,7,1,7,Indeed
29,Current employee,Travel_Rarely,144,Sales,10,1,Marketing,1,5568,129023,4,Female,39,2,2,Sales Executive,2,Divorced,8268,11866,1,Y,Yes,14,3,1,80,2,7,2,3,7,7,1,7,Indeed
29,Current employee,Travel_Rarely,144,Sales,10,1,Medical,1,5571,129026,4,Female,39,2,2,Sales Executive,2,Divorced,8268,11866,6,Y,Yes,14,3,1,80,2,7,2,3,7,7,1,7,Indeed
29,Current employee,Travel_Rarely,144,Sales,10,1,Marketing,1,5572,129027,4,Female,39,2,2,Sales Executive,2,Divorced,8268,11866,1,Y,Yes,14,3,1,80,2,7,2,3,7,7,1,7,Indeed
29,Current employee,Travel_Rarely,144,Sales,10,1,Medical,1,5573,129028,4,Female,39,2,2,Sales Executive,2,Divorced,8268,11866,6,Y,Yes,14,3,1,80,2,7,2,3,7,7,1,7,Indeed
29,Current employee,Non-Travel,746,Sales,2,3,Life Sciences,1,5654,129109,4,Male,61,3,2,Sales Executive,3,Married,4649,16928,1,Y,No,14,4,1,80,1,4,3,2,4,3,0,2,LinkedIn
29,Current employee,Non-Travel,746,Sales,2,3,Life Sciences,1,5656,129111,4,Male,61,3,2,Sales Executive,3,Married,4649,16928,4,Y,No,14,3,1,80,1,4,3,2,4,3,0,2,LinkedIn
29,Current employee,Non-Travel,746,Sales,2,3,Life Sciences,1,5658,129113,4,Male,61,3,2,Sales Executive,3,Married,4649,16928,1,Y,No,14,3,1,80,1,4,3,2,4,3,0,2,LinkedIn
29,Current employee,Non-Travel,746,Sales,2,3,Life Sciences,1,5659,129114,4,Male,61,3,2,Sales Executive,3,Married,4649,16928,4,Y,No,14,3,1,80,1,4,3,2,4,3,0,2,LinkedIn
29,Current employee,Non-Travel,746,Sales,2,3,Life Sciences,1,5662,129117,4,Male,61,3,2,Sales Executive,3,Married,4649,16928,1,Y,No,14,4,1,80,1,4,3,2,4,3,0,2,LinkedIn
29,Current employee,Non-Travel,746,Sales,2,3,Life Sciences,1,5664,129119,4,Male,61,3,2,Sales Executive,3,Married,4649,16928,4,Y,No,14,3,1,80,1,4,3,2,4,3,0,2,LinkedIn
29,Current employee,Non-Travel,746,Sales,2,3,Life Sciences,1,5666,129121,4,Male,61,3,2,Sales Executive,3,Married,4649,16928,1,Y,No,14,3,1,80,1,4,3,2,4,3,0,2,LinkedIn
29,Current employee,Non-Travel,746,Sales,2,3,Life Sciences,1,5667,129122,4,Male,61,3,2,Sales Executive,3,Married,4649,16928,4,Y,No,14,3,1,80,1,4,3,2,4,3,0,2,LinkedIn
29,Current employee,Travel_Rarely,1107,Research & Development,28,4,Life Sciences,1,5750,129205,2,Male,52,3,2,Sales Executive,3,Married,5296,20156,1,Y,No,17,4,2,80,1,8,3,3,8,7,7,7,Seek
29,Current employee,Travel_Rarely,1107,Research & Development,28,4,Technical Degree,1,5752,129207,2,Male,52,3,2,Sales Executive,3,Married,5296,20156,8,Y,No,17,3,2,80,1,8,3,3,8,7,7,7,Seek
29,Current employee,Travel_Rarely,1107,Research & Development,28,4,Life Sciences,1,5755,129210,2,Male,52,3,2,Sales Executive,3,Married,5296,20156,1,Y,No,17,3,2,80,1,8,3,3,8,7,7,7,Seek
29,Current employee,Travel_Rarely,1107,Research & Development,28,4,Technical Degree,1,5756,129211,2,Male,52,3,2,Sales Executive,3,Married,5296,20156,8,Y,No,17,3,2,80,1,8,3,3,8,7,7,7,Seek
29,Current employee,Travel_Rarely,1107,Research & Development,28,4,Life Sciences,1,5758,129213,2,Male,52,3,2,Sales Executive,3,Married,5296,20156,1,Y,No,17,4,2,80,1,8,3,3,8,7,7,7,Seek
29,Current employee,Travel_Rarely,1107,Research & Development,28,4,Technical Degree,1,5760,129215,2,Male,52,3,2,Sales Executive,3,Married,5296,20156,8,Y,No,17,3,2,80,1,8,3,3,8,7,7,7,Seek
29,Current employee,Travel_Rarely,1107,Research & Development,28,4,Life Sciences,1,5763,129218,2,Male,52,3,2,Sales Executive,3,Married,5296,20156,1,Y,No,17,3,2,80,1,8,3,3,8,7,7,7,Seek
29,Current employee,Travel_Rarely,1107,Research & Development,28,4,Technical Degree,1,5764,129219,2,Male,52,3,2,Sales Executive,3,Married,5296,20156,8,Y,No,17,3,2,80,1,8,3,3,8,7,7,7,Seek
29,Current employee,Travel_Frequently,490,Research & Development,10,3,Life Sciences,1,5877,129332,2,Female,53,3,1,Sales Representative,3,Single,2851,9150,1,Y,Yes,13,3,2,80,0,1,2,3,1,0,0,0,GlassDoor
29,Current employee,Travel_Frequently,490,Research & Development,10,3,Medical,1,5879,129334,2,Female,53,3,1,Sales Representative,3,Single,2851,9150,9,Y,Yes,13,3,2,80,0,1,2,3,1,0,0,0,GlassDoor
29,Current employee,Travel_Frequently,490,Research & Development,10,3,Life Sciences,1,5880,129335,2,Female,53,3,1,Sales Representative,3,Single,2851,9150,1,Y,Yes,13,3,2,80,0,1,2,3,1,0,0,0,GlassDoor
29,Current employee,Travel_Frequently,490,Research & Development,10,3,Medical,1,5881,129336,2,Female,53,3,1,Sales Representative,3,Single,2851,9150,9,Y,Yes,13,3,2,80,0,1,2,3,1,0,0,0,GlassDoor
29,Current employee,Travel_Frequently,490,Research & Development,10,3,Life Sciences,1,5885,129340,2,Female,53,3,1,Sales Representative,3,Single,2851,9150,1,Y,Yes,13,3,2,80,0,1,2,3,1,0,0,0,GlassDoor
29,Current employee,Travel_Frequently,490,Research & Development,10,3,Medical,1,5887,129342,2,Female,53,3,1,Sales Representative,3,Single,2851,9150,9,Y,Yes,13,3,2,80,0,1,2,3,1,0,0,0,GlassDoor
29,Current employee,Travel_Frequently,490,Research & Development,10,3,Life Sciences,1,5888,129343,2,Female,53,3,1,Sales Representative,3,Single,2851,9150,1,Y,Yes,13,3,2,80,0,1,2,3,1,0,0,0,GlassDoor
29,Current employee,Travel_Frequently,490,Research & Development,10,3,Medical,1,5889,129344,2,Female,53,3,1,Sales Representative,3,Single,2851,9150,9,Y,Yes,13,3,2,80,0,1,2,3,1,0,0,0,GlassDoor
29,Current employee,Travel_Rarely,1283,Research & Development,23,3,Life Sciences,1,6003,129458,4,Male,54,3,1,Research Scientist,4,Single,2201,18168,9,Y,No,16,3,4,80,0,6,4,3,3,2,1,2,LinkedIn
29,Current employee,Travel_Rarely,1283,Research & Development,23,3,Other,1,6006,129461,4,Male,54,3,1,Research Scientist,4,Single,2201,18168,4,Y,No,16,4,4,80,0,6,4,3,3,2,1,2,LinkedIn
29,Current employee,Travel_Rarely,1283,Research & Development,23,3,Life Sciences,1,6007,129462,4,Male,54,3,1,Research Scientist,4,Single,2201,18168,9,Y,No,16,3,4,80,0,6,4,3,3,2,1,2,LinkedIn
29,Current employee,Travel_Rarely,1283,Research & Development,23,3,Other,1,6008,129463,4,Male,54,3,1,Research Scientist,4,Single,2201,18168,4,Y,No,16,3,4,80,0,6,4,3,3,2,1,2,LinkedIn
29,Current employee,Travel_Rarely,1283,Research & Development,23,3,Life Sciences,1,6011,129466,4,Male,54,3,1,Research Scientist,4,Single,2201,18168,9,Y,No,16,3,4,80,0,6,4,3,3,2,1,2,LinkedIn
29,Current employee,Travel_Rarely,1283,Research & Development,23,3,Other,1,6014,129469,4,Male,54,3,1,Research Scientist,4,Single,2201,18168,4,Y,No,16,4,4,80,0,6,4,3,3,2,1,2,LinkedIn
29,Current employee,Travel_Rarely,1283,Research & Development,23,3,Life Sciences,1,6015,129470,4,Male,54,3,1,Research Scientist,4,Single,2201,18168,9,Y,No,16,3,4,80,0,6,4,3,3,2,1,2,LinkedIn
29,Current employee,Travel_Rarely,1283,Research & Development,23,3,Other,1,6016,129471,4,Male,54,3,1,Research Scientist,4,Single,2201,18168,4,Y,No,16,3,4,80,0,6,4,3,3,2,1,2,LinkedIn
29,Current employee,Travel_Rarely,942,Research & Development,15,1,Life Sciences,1,6100,129555,2,Female,54,3,1,Research Scientist,3,Married,2543,11868,4,Y,No,13,3,2,80,1,6,3,3,2,2,2,2,Company Website
29,Current employee,Travel_Rarely,942,Research & Development,15,1,Medical,1,6102,129557,2,Female,54,3,1,Research Scientist,3,Married,2543,11868,3,Y,No,13,3,2,80,1,6,3,3,2,2,2,2,Company Website
29,Current employee,Travel_Rarely,942,Research & Development,15,1,Life Sciences,1,6103,129558,2,Female,54,3,1,Research Scientist,3,Married,2543,11868,4,Y,No,13,3,2,80,1,6,3,3,2,2,2,2,Company Website
29,Current employee,Travel_Rarely,942,Research & Development,15,1,Medical,1,6104,129559,2,Female,54,3,1,Research Scientist,3,Married,2543,11868,3,Y,No,13,3,2,80,1,6,3,3,2,2,2,2,Company Website
29,Current employee,Travel_Rarely,942,Research & Development,15,1,Life Sciences,1,6108,129563,2,Female,54,3,1,Research Scientist,3,Married,2543,11868,4,Y,No,13,3,2,80,1,6,3,3,2,2,2,2,Company Website
29,Current employee,Travel_Rarely,942,Research & Development,15,1,Medical,1,6110,129565,2,Female,54,3,1,Research Scientist,3,Married,2543,11868,3,Y,No,13,3,2,80,1,6,3,3,2,2,2,2,Company Website
29,Current employee,Travel_Rarely,942,Research & Development,15,1,Life Sciences,1,6111,129566,2,Female,54,3,1,Research Scientist,3,Married,2543,11868,4,Y,No,13,3,2,80,1,6,3,3,2,2,2,2,Company Website
29,Current employee,Travel_Rarely,942,Research & Development,15,1,Medical,1,6112,129567,2,Female,54,3,1,Research Scientist,3,Married,2543,11868,3,Y,No,13,3,2,80,1,6,3,3,2,2,2,2,Company Website
29,Current employee,Travel_Rarely,1010,Research & Development,1,3,Life Sciences,1,6341,129796,2,Male,54,3,5,Research Director,1,Married,19406,8509,4,Y,No,11,4,3,80,1,24,4,2,4,2,1,2,Seek
29,Current employee,Travel_Rarely,1010,Research & Development,1,3,Life Sciences,1,6342,129797,2,Male,54,3,5,Research Director,1,Married,19406,8509,1,Y,No,11,3,3,80,1,24,4,2,4,2,1,2,Seek
29,Current employee,Travel_Rarely,1010,Research & Development,1,3,Life Sciences,1,6344,129799,2,Male,54,3,5,Research Director,1,Married,19406,8509,4,Y,No,11,3,3,80,1,24,4,2,4,2,1,2,Seek
29,Current employee,Travel_Rarely,1010,Research & Development,1,3,Life Sciences,1,6345,129800,2,Male,54,3,5,Research Director,1,Married,19406,8509,1,Y,No,11,3,3,80,1,24,4,2,4,2,1,2,Seek
29,Current employee,Travel_Rarely,1010,Research & Development,1,3,Life Sciences,1,6349,129804,2,Male,54,3,5,Research Director,1,Married,19406,8509,4,Y,No,11,4,3,80,1,24,4,2,4,2,1,2,Seek
29,Current employee,Travel_Rarely,1010,Research & Development,1,3,Life Sciences,1,6350,129805,2,Male,54,3,5,Research Director,1,Married,19406,8509,1,Y,No,11,3,3,80,1,24,4,2,4,2,1,2,Seek
29,Current employee,Travel_Rarely,1010,Research & Development,1,3,Life Sciences,1,6352,129807,2,Male,54,3,5,Research Director,1,Married,19406,8509,4,Y,No,11,3,3,80,1,24,4,2,4,2,1,2,Seek
29,Current employee,Travel_Rarely,1010,Research & Development,1,3,Life Sciences,1,6353,129808,2,Male,54,3,5,Research Director,1,Married,19406,8509,1,Y,No,11,3,3,80,1,24,4,2,4,2,1,2,Seek
29,Current employee,Travel_Rarely,1329,Research & Development,7,3,Life Sciences,1,6420,129875,2,Female,54,2,2,Sales Executive,4,Single,4487,12090,1,Y,Yes,11,3,2,80,0,5,3,3,5,4,1,3,Adzuna
29,Current employee,Travel_Rarely,1329,Research & Development,7,3,Marketing,1,6422,129877,2,Female,54,2,2,Sales Executive,4,Single,4487,12090,5,Y,Yes,11,4,2,80,0,5,3,3,5,4,1,3,Adzuna
29,Current employee,Travel_Rarely,1329,Research & Development,7,3,Life Sciences,1,6425,129880,2,Female,54,2,2,Sales Executive,4,Single,4487,12090,1,Y,Yes,11,3,2,80,0,5,3,3,5,4,1,3,Adzuna
29,Current employee,Travel_Rarely,1329,Research & Development,7,3,Marketing,1,6426,129881,2,Female,54,2,2,Sales Executive,4,Single,4487,12090,5,Y,Yes,11,3,2,80,0,5,3,3,5,4,1,3,Adzuna
29,Current employee,Travel_Rarely,1329,Research & Development,7,3,Life Sciences,1,6428,129883,2,Female,54,2,2,Sales Executive,4,Single,4487,12090,1,Y,Yes,11,3,2,80,0,5,3,3,5,4,1,3,Adzuna
29,Current employee,Travel_Rarely,1329,Research & Development,7,3,Marketing,1,6430,129885,2,Female,54,2,2,Sales Executive,4,Single,4487,12090,5,Y,Yes,11,4,2,80,0,5,3,3,5,4,1,3,Adzuna
29,Current employee,Travel_Rarely,1329,Research & Development,7,3,Life Sciences,1,6433,129888,2,Female,54,2,2,Sales Executive,4,Single,4487,12090,1,Y,Yes,11,3,2,80,0,5,3,3,5,4,1,3,Adzuna
29,Current employee,Travel_Rarely,1329,Research & Development,7,3,Marketing,1,6434,129889,2,Female,54,2,2,Sales Executive,4,Single,4487,12090,5,Y,Yes,11,3,2,80,0,5,3,3,5,4,1,3,Adzuna
29,Current employee,Travel_Rarely,694,Research & Development,1,3,Life Sciences,1,6452,129907,2,Male,55,2,1,Laboratory Technician,1,Married,2218,16193,1,Y,No,12,4,3,80,1,4,3,3,4,2,3,2,Company Website
29,Current employee,Travel_Rarely,694,Research & Development,1,3,Life Sciences,1,6454,129909,2,Male,55,2,1,Laboratory Technician,1,Married,2218,16193,1,Y,No,12,3,3,80,1,4,3,3,4,2,3,2,Company Website
29,Current employee,Travel_Rarely,694,Research & Development,1,3,Life Sciences,1,6455,129910,2,Male,55,2,1,Laboratory Technician,1,Married,2218,16193,1,Y,No,12,3,3,80,1,4,3,3,4,2,3,2,Company Website
29,Current employee,Travel_Rarely,694,Research & Development,1,3,Life Sciences,1,6456,129911,2,Male,55,2,1,Laboratory Technician,1,Married,2218,16193,1,Y,No,12,3,3,80,1,4,3,3,4,2,3,2,Company Website
29,Current employee,Travel_Rarely,694,Research & Development,1,3,Life Sciences,1,6460,129915,2,Male,55,2,1,Laboratory Technician,1,Married,2218,16193,1,Y,No,12,4,3,80,1,4,3,3,4,2,3,2,Company Website
29,Current employee,Travel_Rarely,694,Research & Development,1,3,Life Sciences,1,6462,129917,2,Male,55,2,1,Laboratory Technician,1,Married,2218,16193,1,Y,No,12,3,3,80,1,4,3,3,4,2,3,2,Company Website
29,Current employee,Travel_Rarely,694,Research & Development,1,3,Life Sciences,1,6463,129918,2,Male,55,2,1,Laboratory Technician,1,Married,2218,16193,1,Y,No,12,3,3,80,1,4,3,3,4,2,3,2,Company Website
29,Current employee,Travel_Rarely,694,Research & Development,1,3,Life Sciences,1,6464,129919,2,Male,55,2,1,Laboratory Technician,1,Married,2218,16193,1,Y,No,12,3,3,80,1,4,3,3,4,2,3,2,Company Website
29,Current employee,Travel_Rarely,986,Research & Development,3,4,Medical,1,6776,130231,2,Male,93,2,3,Research Director,3,Married,11935,21526,1,Y,No,18,3,3,80,0,10,2,3,10,2,0,7,Adzuna
29,Current employee,Travel_Rarely,986,Research & Development,3,4,Life Sciences,1,6778,130233,2,Male,93,2,3,Research Director,3,Married,11935,21526,1,Y,No,18,3,3,80,0,10,2,3,10,2,0,7,Adzuna
29,Current employee,Travel_Rarely,986,Research & Development,3,4,Medical,1,6780,130235,2,Male,93,2,3,Research Director,3,Married,11935,21526,1,Y,No,18,3,3,80,0,10,2,3,10,2,0,7,Adzuna
29,Current employee,Travel_Rarely,986,Research & Development,3,4,Life Sciences,1,6781,130236,2,Male,93,2,3,Research Director,3,Married,11935,21526,1,Y,No,18,3,3,80,0,10,2,3,10,2,0,7,Adzuna
29,Current employee,Travel_Rarely,986,Research & Development,3,4,Life Sciences,1,6785,130240,2,Male,93,2,3,Research Director,3,Married,11935,21526,1,Y,No,18,3,3,80,0,10,2,3,10,2,0,7,Adzuna
29,Current employee,Travel_Rarely,986,Research & Development,3,4,Medical,1,6787,130242,2,Male,93,2,3,Research Director,3,Married,11935,21526,1,Y,No,18,3,3,80,0,10,2,3,10,2,0,7,Adzuna
29,Current employee,Travel_Rarely,986,Research & Development,3,4,Life Sciences,1,6788,130243,2,Male,93,2,3,Research Director,3,Married,11935,21526,1,Y,No,18,3,3,80,0,10,2,3,10,2,0,7,Adzuna
29,Current employee,Travel_Rarely,232,Research & Development,19,3,Technical Degree,1,7300,130755,4,Male,34,3,2,Manufacturing Director,4,Divorced,4262,22645,4,Y,No,12,3,2,80,2,8,2,4,3,2,1,2,GlassDoor
29,Current employee,Travel_Rarely,232,Research & Development,19,3,Medical,1,7303,130758,4,Male,34,3,2,Manufacturing Director,4,Divorced,4262,22645,1,Y,No,12,3,2,80,2,8,2,4,3,2,1,2,GlassDoor
29,Current employee,Travel_Rarely,232,Research & Development,19,3,Technical Degree,1,7304,130759,4,Male,34,3,2,Manufacturing Director,4,Divorced,4262,22645,4,Y,No,12,3,2,80,2,8,2,4,3,2,1,2,GlassDoor
29,Current employee,Travel_Rarely,232,Research & Development,19,3,Medical,1,7305,130760,4,Male,34,3,2,Manufacturing Director,4,Divorced,4262,22645,1,Y,No,12,3,2,80,2,8,2,4,3,2,1,2,GlassDoor
29,Current employee,Travel_Rarely,232,Research & Development,19,3,Technical Degree,1,7308,130763,4,Male,34,3,2,Manufacturing Director,4,Divorced,4262,22645,4,Y,No,12,3,2,80,2,8,2,4,3,2,1,2,GlassDoor
29,Current employee,Travel_Rarely,232,Research & Development,19,3,Medical,1,7310,130765,4,Male,34,3,2,Manufacturing Director,4,Divorced,4262,22645,1,Y,No,12,3,2,80,2,8,2,4,3,2,1,2,GlassDoor
29,Current employee,Travel_Rarely,232,Research & Development,19,3,Technical Degree,1,7311,130766,4,Male,34,3,2,Manufacturing Director,4,Divorced,4262,22645,4,Y,No,12,3,2,80,2,8,2,4,3,2,1,2,GlassDoor
29,Current employee,Travel_Rarely,232,Research & Development,19,3,Medical,1,7312,130767,4,Male,34,3,2,Manufacturing Director,4,Divorced,4262,22645,1,Y,No,12,3,2,80,2,8,2,4,3,2,1,2,GlassDoor
29,Current employee,Travel_Rarely,1246,Sales,19,3,Life Sciences,1,7466,130921,2,Female,57,3,3,Healthcare Representative,3,Married,10527,8984,5,Y,No,11,3,4,80,0,28,3,2,2,2,1,2,Jora
29,Current employee,Travel_Rarely,1246,Sales,19,3,Medical,1,7468,130923,2,Female,57,3,3,Healthcare Representative,3,Married,10527,8984,0,Y,No,11,3,4,80,0,28,3,2,2,2,1,2,Jora
29,Current employee,Travel_Rarely,1246,Sales,19,3,Life Sciences,1,7469,130924,2,Female,57,3,3,Healthcare Representative,3,Married,10527,8984,5,Y,No,11,3,4,80,0,28,3,2,2,2,1,2,Jora
29,Current employee,Travel_Rarely,1246,Sales,19,3,Medical,1,7470,130925,2,Female,57,3,3,Healthcare Representative,3,Married,10527,8984,0,Y,No,11,3,4,80,0,28,3,2,2,2,1,2,Jora
29,Current employee,Travel_Rarely,1246,Sales,19,3,Medical,1,7475,130930,2,Female,57,2,2,Human Resources,4,Married,5204,7790,8,Y,No,11,3,4,80,1,1,2,3,1,0,0,0,Jora
29,Current employee,Travel_Rarely,1246,Sales,19,3,Life Sciences,1,7476,130931,2,Female,57,3,3,Healthcare Representative,3,Married,10527,8984,5,Y,No,11,3,4,80,0,28,3,2,2,2,1,2,Jora
29,Current employee,Travel_Rarely,1246,Sales,19,3,Medical,1,7477,130932,2,Female,57,3,3,Healthcare Representative,3,Married,10527,8984,0,Y,No,11,3,4,80,0,28,3,2,2,2,1,2,Jora
29,Current employee,Travel_Frequently,410,Research & Development,2,1,Life Sciences,1,7542,130997,2,Male,57,3,1,Sales Representative,4,Married,2400,5530,0,Y,No,13,3,3,80,2,3,3,3,2,2,2,1,LinkedIn
29,Current employee,Travel_Frequently,410,Research & Development,2,1,Life Sciences,1,7543,130998,2,Male,57,3,1,Sales Representative,4,Married,2400,5530,8,Y,No,13,4,3,80,2,3,3,3,2,2,2,1,LinkedIn
29,Current employee,Travel_Frequently,410,Research & Development,2,1,Life Sciences,1,7547,131002,2,Male,57,3,1,Sales Representative,4,Married,2400,5530,0,Y,No,13,3,3,80,2,3,3,3,2,2,2,1,LinkedIn
29,Current employee,Travel_Frequently,410,Research & Development,2,1,Life Sciences,1,7548,131003,2,Male,57,3,1,Sales Representative,4,Married,2400,5530,8,Y,No,13,3,3,80,2,3,3,3,2,2,2,1,LinkedIn
29,Current employee,Travel_Frequently,410,Research & Development,2,1,Life Sciences,1,7550,131005,2,Male,57,3,1,Sales Representative,4,Married,2400,5530,0,Y,No,13,3,3,80,2,3,3,3,2,2,2,1,LinkedIn
29,Current employee,Travel_Frequently,410,Research & Development,2,1,Life Sciences,1,7551,131006,2,Male,57,3,1,Sales Representative,4,Married,2400,5530,8,Y,No,13,4,3,80,2,3,3,3,2,2,2,1,LinkedIn
29,Current employee,Travel_Frequently,410,Research & Development,2,1,Life Sciences,1,7555,131010,2,Male,57,3,1,Sales Representative,4,Married,2400,5530,0,Y,No,13,3,3,80,2,3,3,3,2,2,2,1,LinkedIn
29,Current employee,Travel_Frequently,410,Research & Development,2,1,Life Sciences,1,7556,131011,2,Male,57,3,1,Sales Representative,4,Married,2400,5530,8,Y,No,13,3,3,80,2,3,3,3,2,2,2,1,LinkedIn
29,Current employee,Travel_Rarely,598,Research & Development,9,3,Life Sciences,1,7820,131275,2,Female,58,3,2,Healthcare Representative,4,Married,4089,5718,1,Y,No,13,3,2,80,2,10,4,3,10,2,2,2,LinkedIn
29,Current employee,Travel_Rarely,598,Research & Development,9,3,Medical,1,7822,131277,2,Female,58,3,2,Healthcare Representative,4,Married,4089,5718,0,Y,No,13,3,2,80,2,10,4,3,10,2,2,2,LinkedIn
29,Current employee,Travel_Rarely,598,Research & Development,9,3,Life Sciences,1,7823,131278,2,Female,58,3,2,Healthcare Representative,4,Married,4089,5718,1,Y,No,13,3,2,80,2,10,4,3,10,2,2,2,LinkedIn
29,Current employee,Travel_Rarely,598,Research & Development,9,3,Medical,1,7824,131279,2,Female,58,3,2,Healthcare Representative,4,Married,4089,5718,0,Y,No,13,3,2,80,2,10,4,3,10,2,2,2,LinkedIn
29,Current employee,Travel_Rarely,598,Research & Development,9,3,Life Sciences,1,7827,131282,2,Female,58,3,2,Healthcare Representative,4,Married,4089,5718,1,Y,No,13,3,2,80,2,10,4,3,10,2,2,2,LinkedIn
29,Current employee,Travel_Rarely,598,Research & Development,9,3,Medical,1,7829,131284,2,Female,58,3,2,Healthcare Representative,4,Married,4089,5718,0,Y,No,13,3,2,80,2,10,4,3,10,2,2,2,LinkedIn
29,Current employee,Travel_Rarely,598,Research & Development,9,3,Life Sciences,1,7830,131285,2,Female,58,3,2,Healthcare Representative,4,Married,4089,5718,1,Y,No,13,3,2,80,2,10,4,3,10,2,2,2,LinkedIn
29,Current employee,Travel_Rarely,598,Research & Development,9,3,Medical,1,7831,131286,2,Female,58,3,2,Healthcare Representative,4,Married,4089,5718,0,Y,No,13,3,2,80,2,10,4,3,10,2,2,2,LinkedIn
29,Current employee,Travel_Frequently,995,Research & Development,2,1,Life Sciences,1,7960,131415,2,Male,59,3,5,Manager,4,Married,19513,9358,4,Y,Yes,12,3,1,80,1,26,2,4,2,2,0,1,Adzuna
29,Current employee,Travel_Frequently,995,Research & Development,2,1,Life Sciences,1,7961,131416,2,Male,59,3,5,Manager,4,Married,19513,9358,1,Y,Yes,12,3,1,80,1,26,2,4,2,2,0,1,Adzuna
29,Current employee,Travel_Frequently,995,Research & Development,2,1,Life Sciences,1,7963,131418,2,Male,59,3,5,Manager,4,Married,19513,9358,4,Y,Yes,12,3,1,80,1,26,2,4,2,2,0,1,Adzuna
29,Current employee,Travel_Frequently,995,Research & Development,2,1,Life Sciences,1,7964,131419,2,Male,59,3,5,Manager,4,Married,19513,9358,1,Y,Yes,12,3,1,80,1,26,2,4,2,2,0,1,Adzuna
29,Current employee,Travel_Frequently,995,Research & Development,2,1,Life Sciences,1,7968,131423,2,Male,59,3,5,Manager,4,Married,19513,9358,4,Y,Yes,12,3,1,80,1,26,2,4,2,2,0,1,Adzuna
29,Current employee,Travel_Frequently,995,Research & Development,2,1,Life Sciences,1,7969,131424,2,Male,59,3,5,Manager,4,Married,19513,9358,1,Y,Yes,12,3,1,80,1,26,2,4,2,2,0,1,Adzuna
29,Current employee,Travel_Frequently,995,Research & Development,2,1,Life Sciences,1,7971,131426,2,Male,59,3,5,Manager,4,Married,19513,9358,4,Y,Yes,12,3,1,80,1,26,2,4,2,2,0,1,Adzuna
29,Current employee,Travel_Frequently,995,Research & Development,2,1,Life Sciences,1,7972,131427,2,Male,59,3,5,Manager,4,Married,19513,9358,1,Y,Yes,12,3,1,80,1,26,2,4,2,2,0,1,Adzuna
29,Current employee,Travel_Rarely,1176,Sales,3,2,Medical,1,8119,131574,2,Female,62,3,2,Sales Executive,3,Married,5561,3487,1,Y,No,14,3,1,80,1,6,5,2,6,0,1,2,Recruit.net
29,Current employee,Travel_Rarely,1176,Sales,3,2,Life Sciences,1,8121,131576,2,Female,62,3,2,Sales Executive,3,Married,5561,3487,4,Y,No,14,3,1,80,1,6,5,2,6,0,1,2,Recruit.net
29,Current employee,Travel_Rarely,1176,Sales,3,2,Medical,1,8123,131578,2,Female,62,3,2,Sales Executive,3,Married,5561,3487,1,Y,No,14,3,1,80,1,6,5,2,6,0,1,2,Recruit.net
29,Current employee,Travel_Rarely,1176,Sales,3,2,Life Sciences,1,8124,131579,2,Female,62,3,2,Sales Executive,3,Married,5561,3487,4,Y,No,14,3,1,80,1,6,5,2,6,0,1,2,Recruit.net
29,Current employee,Travel_Rarely,1176,Sales,3,2,Medical,1,8127,131582,2,Female,62,3,2,Sales Executive,3,Married,5561,3487,1,Y,No,14,3,1,80,1,6,5,2,6,0,1,2,Recruit.net
29,Current employee,Travel_Rarely,1176,Sales,3,2,Life Sciences,1,8129,131584,2,Female,62,3,2,Sales Executive,3,Married,5561,3487,4,Y,No,14,3,1,80,1,6,5,2,6,0,1,2,Recruit.net
29,Current employee,Travel_Rarely,1176,Sales,3,2,Medical,1,8131,131586,2,Female,62,3,2,Sales Executive,3,Married,5561,3487,1,Y,No,14,3,1,80,1,6,5,2,6,0,1,2,Recruit.net
29,Current employee,Travel_Rarely,1176,Sales,3,2,Life Sciences,1,8132,131587,2,Female,62,3,2,Sales Executive,3,Married,5561,3487,4,Y,No,14,3,1,80,1,6,5,2,6,0,1,2,Recruit.net
29,Current employee,Travel_Frequently,806,Research & Development,1,4,Life Sciences,1,8310,131765,2,Male,76,1,1,Research Scientist,4,Divorced,2720,18959,1,Y,No,18,4,4,80,1,10,5,3,10,7,2,8,Company Website
29,Current employee,Travel_Frequently,806,Research & Development,1,4,Life Sciences,1,8312,131767,2,Male,76,1,1,Research Scientist,4,Divorced,2720,18959,2,Y,No,18,3,4,80,1,10,5,3,10,7,2,8,Company Website
29,Current employee,Travel_Frequently,806,Research & Development,1,4,Life Sciences,1,8314,131769,2,Male,76,1,1,Research Scientist,4,Divorced,2720,18959,1,Y,No,18,3,4,80,1,10,5,3,10,7,2,8,Company Website
29,Current employee,Travel_Frequently,806,Research & Development,1,4,Life Sciences,1,8315,131770,2,Male,76,1,1,Research Scientist,4,Divorced,2720,18959,2,Y,No,18,3,4,80,1,10,5,3,10,7,2,8,Company Website
29,Current employee,Travel_Frequently,806,Research & Development,1,4,Life Sciences,1,8318,131773,2,Male,76,1,1,Research Scientist,4,Divorced,2720,18959,1,Y,No,18,4,4,80,1,10,5,3,10,7,2,8,Company Website
29,Current employee,Travel_Frequently,806,Research & Development,1,4,Life Sciences,1,8320,131775,2,Male,76,1,1,Research Scientist,4,Divorced,2720,18959,2,Y,No,18,3,4,80,1,10,5,3,10,7,2,8,Company Website
29,Current employee,Travel_Frequently,806,Research & Development,1,4,Life Sciences,1,8322,131777,2,Male,76,1,1,Research Scientist,4,Divorced,2720,18959,1,Y,No,18,3,4,80,1,10,5,3,10,7,2,8,Company Website
29,Current employee,Travel_Frequently,806,Research & Development,1,4,Life Sciences,1,8323,131778,2,Male,76,1,1,Research Scientist,4,Divorced,2720,18959,2,Y,No,18,3,4,80,1,10,5,3,10,7,2,8,Company Website
29,Current employee,Travel_Rarely,1396,Sales,10,3,Life Sciences,1,8775,132230,3,Male,99,3,1,Sales Representative,3,Single,2642,2755,1,Y,No,11,3,3,80,0,1,6,3,1,0,0,0,Company Website
29,Current employee,Travel_Rarely,1396,Sales,10,3,Medical,1,8777,132232,3,Male,99,3,1,Sales Representative,3,Single,2642,2755,9,Y,No,11,4,3,80,0,1,6,3,1,0,0,0,Company Website
29,Current employee,Travel_Rarely,1396,Sales,10,3,Life Sciences,1,8779,132234,3,Male,99,3,1,Sales Representative,3,Single,2642,2755,1,Y,No,11,3,3,80,0,1,6,3,1,0,0,0,Company Website
29,Current employee,Travel_Rarely,1396,Sales,10,3,Medical,1,8780,132235,3,Male,99,3,1,Sales Representative,3,Single,2642,2755,9,Y,No,11,3,3,80,0,1,6,3,1,0,0,0,Company Website
29,Current employee,Travel_Rarely,1396,Sales,10,3,Life Sciences,1,8783,132238,3,Male,99,3,1,Sales Representative,3,Single,2642,2755,1,Y,No,11,3,3,80,0,1,6,3,1,0,0,0,Company Website
29,Current employee,Travel_Rarely,1396,Sales,10,3,Medical,1,8785,132240,3,Male,99,3,1,Sales Representative,3,Single,2642,2755,9,Y,No,11,4,3,80,0,1,6,3,1,0,0,0,Company Website
29,Current employee,Travel_Rarely,1396,Sales,10,3,Life Sciences,1,8787,132242,3,Male,99,3,1,Sales Representative,3,Single,2642,2755,1,Y,No,11,3,3,80,0,1,6,3,1,0,0,0,Company Website
29,Current employee,Travel_Rarely,1396,Sales,10,3,Medical,1,8788,132243,3,Male,99,3,1,Sales Representative,3,Single,2642,2755,9,Y,No,11,3,3,80,0,1,6,3,1,0,0,0,Company Website
29,Current employee,Travel_Frequently,461,Research & Development,1,3,Life Sciences,1,8808,132263,2,Male,61,2,2,Sales Executive,4,Married,6804,23683,3,Y,No,18,3,3,80,1,7,5,3,2,2,2,2,Adzuna
29,Current employee,Travel_Frequently,461,Research & Development,1,3,Life Sciences,1,8809,132264,2,Male,61,2,2,Sales Executive,4,Married,6804,23683,4,Y,No,18,3,3,80,1,7,5,3,2,2,2,2,Adzuna
29,Current employee,Travel_Frequently,461,Research & Development,1,3,Life Sciences,1,8811,132266,2,Male,61,2,2,Sales Executive,4,Married,6804,23683,3,Y,No,18,3,3,80,1,7,5,3,2,2,2,2,Adzuna
29,Current employee,Travel_Frequently,461,Research & Development,1,3,Life Sciences,1,8812,132267,2,Male,61,2,2,Sales Executive,4,Married,6804,23683,4,Y,No,18,3,3,80,1,7,5,3,2,2,2,2,Adzuna
29,Current employee,Travel_Frequently,461,Research & Development,1,3,Life Sciences,1,8816,132271,2,Male,61,2,2,Sales Executive,4,Married,6804,23683,3,Y,No,18,3,3,80,1,7,5,3,2,2,2,2,Adzuna
29,Current employee,Travel_Frequently,461,Research & Development,1,3,Life Sciences,1,8817,132272,2,Male,61,2,2,Sales Executive,4,Married,6804,23683,4,Y,No,18,3,3,80,1,7,5,3,2,2,2,2,Adzuna
29,Current employee,Travel_Frequently,461,Research & Development,1,3,Life Sciences,1,8819,132274,2,Male,61,2,2,Sales Executive,4,Married,6804,23683,3,Y,No,18,3,3,80,1,7,5,3,2,2,2,2,Adzuna
29,Current employee,Travel_Frequently,461,Research & Development,1,3,Life Sciences,1,8820,132275,2,Male,61,2,2,Sales Executive,4,Married,6804,23683,4,Y,No,18,3,3,80,1,7,5,3,2,2,2,2,Adzuna
29,Current employee,Travel_Rarely,1090,Sales,10,3,Marketing,1,8918,132373,4,Male,83,3,1,Sales Representative,2,Divorced,2297,17967,1,Y,No,14,3,4,80,2,2,2,3,2,2,2,2,Indeed
29,Current employee,Travel_Rarely,1090,Sales,10,3,Medical,1,8920,132375,4,Male,83,3,1,Sales Representative,2,Divorced,2297,17967,9,Y,No,14,3,4,80,2,2,2,3,2,2,2,2,Indeed
29,Current employee,Travel_Rarely,1090,Sales,10,3,Marketing,1,8922,132377,4,Male,83,3,1,Sales Representative,2,Divorced,2297,17967,1,Y,No,14,3,4,80,2,2,2,3,2,2,2,2,Indeed
29,Current employee,Travel_Rarely,1090,Sales,10,3,Medical,1,8923,132378,4,Male,83,3,1,Sales Representative,2,Divorced,2297,17967,9,Y,No,14,3,4,80,2,2,2,3,2,2,2,2,Indeed
29,Current employee,Travel_Rarely,1090,Sales,10,3,Marketing,1,8926,132381,4,Male,83,3,1,Sales Representative,2,Divorced,2297,17967,1,Y,No,14,3,4,80,2,2,2,3,2,2,2,2,Indeed
29,Current employee,Travel_Rarely,1090,Sales,10,3,Medical,1,8928,132383,4,Male,83,3,1,Sales Representative,2,Divorced,2297,17967,9,Y,No,14,3,4,80,2,2,2,3,2,2,2,2,Indeed
29,Current employee,Travel_Rarely,1090,Sales,10,3,Marketing,1,8930,132385,4,Male,83,3,1,Sales Representative,2,Divorced,2297,17967,1,Y,No,14,3,4,80,2,2,2,3,2,2,2,2,Indeed
29,Current employee,Travel_Rarely,1090,Sales,10,3,Medical,1,8931,132386,4,Male,83,3,1,Sales Representative,2,Divorced,2297,17967,9,Y,No,14,3,4,80,2,2,2,3,2,2,2,2,Indeed
29,Current employee,Travel_Rarely,657,Research & Development,27,3,Medical,1,9191,132646,2,Female,66,3,2,Healthcare Representative,3,Married,4335,25549,4,Y,No,12,3,1,80,1,11,3,2,8,7,1,1,LinkedIn
29,Current employee,Travel_Rarely,657,Research & Development,27,3,Technical Degree,1,9194,132649,2,Female,66,3,2,Healthcare Representative,3,Married,4335,25549,0,Y,No,12,3,1,80,1,11,3,2,8,7,1,1,LinkedIn
29,Current employee,Travel_Rarely,657,Research & Development,27,3,Medical,1,9195,132650,2,Female,66,3,2,Healthcare Representative,3,Married,4335,25549,4,Y,No,12,3,1,80,1,11,3,2,8,7,1,1,LinkedIn
29,Current employee,Travel_Rarely,657,Research & Development,27,3,Technical Degree,1,9196,132651,2,Female,66,3,2,Healthcare Representative,3,Married,4335,25549,0,Y,No,12,3,1,80,1,11,3,2,8,7,1,1,LinkedIn
29,Current employee,Travel_Rarely,657,Research & Development,27,3,Medical,1,9199,132654,2,Female,66,3,2,Healthcare Representative,3,Married,4335,25549,4,Y,No,12,3,1,80,1,11,3,2,8,7,1,1,LinkedIn
29,Current employee,Travel_Rarely,657,Research & Development,27,3,Technical Degree,1,9202,132657,2,Female,66,3,2,Healthcare Representative,3,Married,4335,25549,0,Y,No,12,3,1,80,1,11,3,2,8,7,1,1,LinkedIn
29,Current employee,Travel_Rarely,657,Research & Development,27,3,Medical,1,9203,132658,2,Female,66,3,2,Healthcare Representative,3,Married,4335,25549,4,Y,No,12,3,1,80,1,11,3,2,8,7,1,1,LinkedIn
29,Current employee,Travel_Rarely,657,Research & Development,27,3,Technical Degree,1,9204,132659,2,Female,66,3,2,Healthcare Representative,3,Married,4335,25549,0,Y,No,12,3,1,80,1,11,3,2,8,7,1,1,LinkedIn
29,Current employee,Travel_Rarely,726,Research & Development,29,1,Life Sciences,1,9239,132694,3,Female,62,3,2,Manufacturing Director,1,Divorced,5485,22670,9,Y,Yes,11,3,2,80,2,9,4,3,5,3,1,4,Company Website
29,Current employee,Travel_Rarely,726,Research & Development,29,1,Technical Degree,1,9241,132696,3,Female,62,3,2,Manufacturing Director,1,Divorced,5485,22670,1,Y,Yes,11,4,2,80,2,9,4,3,5,3,1,4,Company Website
29,Current employee,Travel_Rarely,726,Research & Development,29,1,Life Sciences,1,9242,132697,3,Female,62,3,2,Manufacturing Director,1,Divorced,5485,22670,9,Y,Yes,11,3,2,80,2,9,4,3,5,3,1,4,Company Website
29,Current employee,Travel_Rarely,726,Research & Development,29,1,Technical Degree,1,9243,132698,3,Female,62,3,2,Manufacturing Director,1,Divorced,5485,22670,1,Y,Yes,11,3,2,80,2,9,4,3,5,3,1,4,Company Website
29,Current employee,Travel_Rarely,726,Research & Development,29,1,Life Sciences,1,9246,132701,3,Female,62,3,2,Manufacturing Director,1,Divorced,5485,22670,9,Y,Yes,11,3,2,80,2,9,4,3,5,3,1,4,Company Website
29,Current employee,Travel_Rarely,726,Research & Development,29,1,Technical Degree,1,9248,132703,3,Female,62,3,2,Manufacturing Director,1,Divorced,5485,22670,1,Y,Yes,11,4,2,80,2,9,4,3,5,3,1,4,Company Website
29,Current employee,Travel_Rarely,726,Research & Development,29,1,Life Sciences,1,9249,132704,3,Female,62,3,2,Manufacturing Director,1,Divorced,5485,22670,9,Y,Yes,11,3,2,80,2,9,4,3,5,3,1,4,Company Website
29,Current employee,Travel_Rarely,726,Research & Development,29,1,Technical Degree,1,9250,132705,3,Female,62,3,2,Manufacturing Director,1,Divorced,5485,22670,1,Y,Yes,11,3,2,80,2,9,4,3,5,3,1,4,Company Website
29,Current employee,Travel_Rarely,592,Research & Development,7,3,Life Sciences,1,9381,132836,3,Male,62,3,5,Manager,4,Divorced,18430,16225,1,Y,No,13,3,2,80,1,24,4,2,24,7,14,9,LinkedIn
29,Current employee,Travel_Rarely,592,Research & Development,7,3,Marketing,1,9382,132837,3,Male,62,3,5,Manager,4,Divorced,18430,16225,1,Y,No,13,3,2,80,1,24,4,2,24,7,14,9,LinkedIn
29,Current employee,Travel_Rarely,592,Research & Development,7,3,Life Sciences,1,9384,132839,3,Male,62,3,5,Manager,4,Divorced,18430,16225,1,Y,No,13,3,2,80,1,24,4,2,24,7,14,9,LinkedIn
29,Current employee,Travel_Rarely,592,Research & Development,7,3,Marketing,1,9385,132840,3,Male,62,3,5,Manager,4,Divorced,18430,16225,1,Y,No,13,3,2,80,1,24,4,2,24,7,14,9,LinkedIn
29,Current employee,Travel_Rarely,592,Research & Development,7,3,Life Sciences,1,9389,132844,3,Male,62,3,5,Manager,4,Divorced,18430,16225,1,Y,No,13,3,2,80,1,24,4,2,24,7,14,9,LinkedIn
29,Current employee,Travel_Rarely,592,Research & Development,7,3,Marketing,1,9390,132845,3,Male,62,3,5,Manager,4,Divorced,18430,16225,1,Y,No,13,3,2,80,1,24,4,2,24,7,14,9,LinkedIn
29,Current employee,Travel_Rarely,592,Research & Development,7,3,Life Sciences,1,9392,132847,3,Male,62,3,5,Manager,4,Divorced,18430,16225,1,Y,No,13,3,2,80,1,24,4,2,24,7,14,9,LinkedIn
29,Current employee,Travel_Rarely,592,Research & Development,7,3,Marketing,1,9393,132848,3,Male,62,3,5,Manager,4,Divorced,18430,16225,1,Y,No,13,3,2,80,1,24,4,2,24,7,14,9,LinkedIn
29,Current employee,Travel_Rarely,1252,Research & Development,23,2,Life Sciences,1,9540,132995,3,Male,81,4,1,Research Scientist,3,Married,2700,23779,1,Y,No,24,3,3,80,1,10,3,3,10,7,0,7,Indeed
29,Current employee,Travel_Rarely,1252,Research & Development,23,2,Other,1,9543,132998,3,Male,81,4,1,Research Scientist,3,Married,2700,23779,4,Y,No,24,3,3,80,1,10,3,3,10,7,0,7,Indeed
29,Current employee,Travel_Rarely,1252,Research & Development,23,2,Life Sciences,1,9544,132999,3,Male,81,4,1,Research Scientist,3,Married,2700,23779,1,Y,No,24,4,3,80,1,10,3,3,10,7,0,7,Indeed
29,Current employee,Travel_Rarely,1252,Research & Development,23,2,Other,1,9545,133000,3,Male,81,4,1,Research Scientist,3,Married,2700,23779,4,Y,No,24,4,3,80,1,10,3,3,10,7,0,7,Indeed
29,Current employee,Travel_Rarely,1252,Research & Development,23,2,Life Sciences,1,9548,133003,3,Male,81,4,1,Research Scientist,3,Married,2700,23779,1,Y,No,24,3,3,80,1,10,3,3,10,7,0,7,Indeed
29,Current employee,Travel_Rarely,1252,Research & Development,23,2,Other,1,9551,133006,3,Male,81,4,1,Research Scientist,3,Married,2700,23779,4,Y,No,24,3,3,80,1,10,3,3,10,7,0,7,Indeed
29,Current employee,Travel_Rarely,1252,Research & Development,23,2,Life Sciences,1,9552,133007,3,Male,81,4,1,Research Scientist,3,Married,2700,23779,1,Y,No,24,4,3,80,1,10,3,3,10,7,0,7,Indeed
29,Current employee,Travel_Rarely,1252,Research & Development,23,2,Other,1,9553,133008,3,Male,81,4,1,Research Scientist,3,Married,2700,23779,4,Y,No,24,4,3,80,1,10,3,3,10,7,0,7,Indeed
29,Current employee,Travel_Rarely,136,Research & Development,1,3,Life Sciences,1,9589,133044,3,Female,63,2,2,Manufacturing Director,4,Married,6062,4051,9,Y,Yes,13,3,4,80,1,8,4,3,4,3,0,2,Recruit.net
29,Current employee,Travel_Rarely,136,Research & Development,1,3,Life Sciences,1,9591,133046,3,Female,63,2,2,Manufacturing Director,4,Married,6062,4051,1,Y,Yes,13,3,4,80,1,8,4,3,4,3,0,2,Recruit.net
29,Current employee,Travel_Rarely,136,Research & Development,1,3,Life Sciences,1,9592,133047,3,Female,63,2,2,Manufacturing Director,4,Married,6062,4051,9,Y,Yes,13,3,4,80,1,8,4,3,4,3,0,2,Recruit.net
29,Current employee,Travel_Rarely,136,Research & Development,1,3,Life Sciences,1,9593,133048,3,Female,63,2,2,Manufacturing Director,4,Married,6062,4051,1,Y,Yes,13,3,4,80,1,8,4,3,4,3,0,2,Recruit.net
29,Current employee,Travel_Rarely,136,Research & Development,1,3,Life Sciences,1,9597,133052,3,Female,63,2,2,Manufacturing Director,4,Married,6062,4051,9,Y,Yes,13,3,4,80,1,8,4,3,4,3,0,2,Recruit.net
29,Current employee,Travel_Rarely,136,Research & Development,1,3,Life Sciences,1,9599,133054,3,Female,63,2,2,Manufacturing Director,4,Married,6062,4051,1,Y,Yes,13,3,4,80,1,8,4,3,4,3,0,2,Recruit.net
29,Current employee,Travel_Rarely,136,Research & Development,1,3,Life Sciences,1,9600,133055,3,Female,63,2,2,Manufacturing Director,4,Married,6062,4051,9,Y,Yes,13,3,4,80,1,8,4,3,4,3,0,2,Recruit.net
29,Current employee,Travel_Rarely,136,Research & Development,1,3,Life Sciences,1,9601,133056,3,Female,63,2,2,Manufacturing Director,4,Married,6062,4051,1,Y,Yes,13,3,4,80,1,8,4,3,4,3,0,2,Recruit.net
29,Current employee,Travel_Rarely,1086,Research & Development,7,1,Medical,1,10544,133999,1,Female,62,2,1,Laboratory Technician,4,Divorced,2532,6054,6,Y,No,14,4,3,80,3,8,5,3,4,3,0,3,Recruit.net
29,Current employee,Travel_Rarely,1086,Research & Development,7,1,Marketing,1,10547,134002,1,Female,62,2,1,Laboratory Technician,4,Divorced,2532,6054,1,Y,No,14,4,3,80,3,8,5,3,4,3,0,3,Recruit.net
29,Current employee,Travel_Rarely,1086,Research & Development,7,1,Medical,1,10548,134003,1,Female,62,2,1,Laboratory Technician,4,Divorced,2532,6054,6,Y,No,14,3,3,80,3,8,5,3,4,3,0,3,Recruit.net
29,Current employee,Travel_Rarely,1086,Research & Development,7,1,Marketing,1,10549,134004,1,Female,62,2,1,Laboratory Technician,4,Divorced,2532,6054,1,Y,No,14,3,3,80,3,8,5,3,4,3,0,3,Recruit.net
29,Current employee,Travel_Rarely,1086,Research & Development,7,1,Medical,1,10552,134007,1,Female,62,2,1,Laboratory Technician,4,Divorced,2532,6054,6,Y,No,14,4,3,80,3,8,5,3,4,3,0,3,Recruit.net
29,Current employee,Travel_Rarely,1086,Research & Development,7,1,Marketing,1,10556,134011,1,Female,62,2,1,Laboratory Technician,4,Divorced,2532,6054,1,Y,No,14,4,3,80,3,8,5,3,4,3,0,3,Recruit.net
29,Current employee,Travel_Rarely,1086,Research & Development,7,1,Medical,1,10557,134012,1,Female,62,2,1,Laboratory Technician,4,Divorced,2532,6054,6,Y,No,14,3,3,80,3,8,5,3,4,3,0,3,Recruit.net
29,Current employee,Travel_Rarely,1086,Research & Development,7,1,Marketing,1,10558,134013,1,Female,62,2,1,Laboratory Technician,4,Divorced,2532,6054,1,Y,No,14,3,3,80,3,8,5,3,4,3,0,3,Recruit.net
29,Current employee,Travel_Rarely,1247,Sales,20,2,Marketing,1,10613,134068,3,Female,66,3,2,Manufacturing Director,2,Divorced,4765,23814,4,Y,No,21,3,3,80,1,4,2,4,1,0,0,0,Recruit.net
29,Current employee,Travel_Rarely,1247,Sales,20,2,Other,1,10615,134070,3,Female,66,3,2,Manufacturing Director,2,Divorced,4765,23814,1,Y,No,21,3,3,80,1,4,2,4,1,0,0,0,Recruit.net
29,Current employee,Travel_Rarely,1247,Sales,20,2,Marketing,1,10616,134071,3,Female,66,3,2,Manufacturing Director,2,Divorced,4765,23814,4,Y,No,21,4,3,80,1,4,2,4,1,0,0,0,Recruit.net
29,Current employee,Travel_Rarely,1247,Sales,20,2,Other,1,10617,134072,3,Female,66,3,2,Manufacturing Director,2,Divorced,4765,23814,1,Y,No,21,4,3,80,1,4,2,4,1,0,0,0,Recruit.net
29,Current employee,Travel_Rarely,1247,Sales,20,2,Marketing,1,10621,134076,3,Female,66,3,2,Manufacturing Director,2,Divorced,4765,23814,4,Y,No,21,3,3,80,1,4,2,4,1,0,0,0,Recruit.net
29,Current employee,Travel_Rarely,1247,Sales,20,2,Marketing,1,10622,134077,3,Female,66,3,2,Manufacturing Director,2,Divorced,4765,23814,4,Y,No,21,3,2,80,1,9,3,2,2,2,2,1,Company Website
29,Current employee,Travel_Rarely,1247,Sales,20,2,Other,1,10624,134079,3,Female,66,3,2,Manufacturing Director,2,Divorced,4765,23814,1,Y,No,21,3,3,80,1,4,2,4,1,0,0,0,Recruit.net
29,Current employee,Travel_Rarely,1247,Sales,20,2,Marketing,1,10625,134080,3,Female,66,3,2,Manufacturing Director,2,Divorced,4765,23814,4,Y,No,21,4,3,80,1,4,2,4,1,0,0,0,Recruit.net
29,Current employee,Travel_Rarely,1247,Sales,20,2,Other,1,10626,134081,3,Female,66,3,2,Manufacturing Director,2,Divorced,4765,23814,1,Y,No,21,4,3,80,1,4,2,4,1,0,0,0,Recruit.net
29,Current employee,Travel_Rarely,144,Sales,10,1,Marketing,1,10780,134235,3,Male,66,3,1,Laboratory Technician,2,Divorced,2008,6896,1,Y,No,14,3,2,80,2,1,3,3,1,0,1,0,Recruit.net
29,Current employee,Travel_Rarely,144,Sales,10,1,Medical,1,10782,134237,3,Male,66,3,1,Laboratory Technician,2,Divorced,2008,6896,1,Y,No,14,4,2,80,2,1,3,3,1,0,1,0,Recruit.net
29,Current employee,Travel_Rarely,144,Sales,10,1,Marketing,1,10783,134238,3,Male,66,3,1,Laboratory Technician,2,Divorced,2008,6896,1,Y,No,14,3,2,80,2,1,3,3,1,0,1,0,Recruit.net
29,Current employee,Travel_Rarely,144,Sales,10,1,Medical,1,10784,134239,3,Male,66,3,1,Laboratory Technician,2,Divorced,2008,6896,1,Y,No,14,3,2,80,2,1,3,3,1,0,1,0,Recruit.net
29,Current employee,Travel_Rarely,144,Sales,10,1,Marketing,1,10788,134243,3,Male,66,3,1,Laboratory Technician,2,Divorced,2008,6896,1,Y,No,14,3,2,80,2,1,3,3,1,0,1,0,Recruit.net
29,Current employee,Travel_Rarely,144,Sales,10,1,Medical,1,10790,134245,3,Male,66,3,1,Laboratory Technician,2,Divorced,2008,6896,1,Y,No,14,4,2,80,2,1,3,3,1,0,1,0,Recruit.net
29,Current employee,Travel_Rarely,144,Sales,10,1,Marketing,1,10791,134246,3,Male,66,3,1,Laboratory Technician,2,Divorced,2008,6896,1,Y,No,14,3,2,80,2,1,3,3,1,0,1,0,Recruit.net
29,Current employee,Travel_Rarely,144,Sales,10,1,Medical,1,10792,134247,3,Male,66,3,1,Laboratory Technician,2,Divorced,2008,6896,1,Y,No,14,3,2,80,2,1,3,3,1,0,1,0,Recruit.net
29,Current employee,Travel_Frequently,1404,Sales,20,3,Technical Degree,1,11194,134649,3,Female,84,3,1,Sales Representative,4,Married,2157,18203,1,Y,No,15,4,2,80,1,3,5,3,3,1,0,2,Indeed
29,Current employee,Travel_Frequently,1404,Sales,20,3,Medical,1,11197,134652,3,Female,84,3,1,Sales Representative,4,Married,2157,18203,9,Y,No,15,3,2,80,1,3,5,3,3,1,0,2,Indeed
29,Current employee,Travel_Frequently,1404,Sales,20,3,Technical Degree,1,11198,134653,3,Female,84,3,1,Sales Representative,4,Married,2157,18203,1,Y,No,15,3,2,80,1,3,5,3,3,1,0,2,Indeed
29,Current employee,Travel_Frequently,1404,Sales,20,3,Medical,1,11199,134654,3,Female,84,3,1,Sales Representative,4,Married,2157,18203,9,Y,No,15,3,2,80,1,3,5,3,3,1,0,2,Indeed
29,Current employee,Travel_Frequently,1404,Sales,20,3,Technical Degree,1,11202,134657,3,Female,84,3,1,Sales Representative,4,Married,2157,18203,1,Y,No,15,4,2,80,1,3,5,3,3,1,0,2,Indeed
29,Current employee,Travel_Frequently,1404,Sales,20,3,Medical,1,11205,134660,3,Female,84,3,1,Sales Representative,4,Married,2157,18203,9,Y,No,15,3,2,80,1,3,5,3,3,1,0,2,Indeed
29,Current employee,Travel_Frequently,1404,Sales,20,3,Technical Degree,1,11206,134661,3,Female,84,3,1,Sales Representative,4,Married,2157,18203,1,Y,No,15,3,2,80,1,3,5,3,3,1,0,2,Indeed
29,Current employee,Travel_Frequently,1404,Sales,20,3,Medical,1,11207,134662,3,Female,84,3,1,Sales Representative,4,Married,2157,18203,9,Y,No,15,3,2,80,1,3,5,3,3,1,0,2,Indeed
29,Current employee,Travel_Rarely,1090,Sales,10,3,Marketing,1,11227,134682,3,Male,67,3,4,Manager,4,Married,17099,13829,2,Y,No,15,3,2,80,1,26,2,2,9,8,7,8,LinkedIn
29,Current employee,Travel_Rarely,1090,Sales,10,3,Medical,1,11229,134684,3,Male,67,3,4,Manager,4,Married,17099,13829,1,Y,No,15,3,2,80,1,26,2,2,9,8,7,8,LinkedIn
29,Current employee,Travel_Rarely,1090,Sales,10,3,Marketing,1,11230,134685,3,Male,67,3,4,Manager,4,Married,17099,13829,2,Y,No,15,3,2,80,1,26,2,2,9,8,7,8,LinkedIn
29,Current employee,Travel_Rarely,1090,Sales,10,3,Medical,1,11231,134686,3,Male,67,3,4,Manager,4,Married,17099,13829,1,Y,No,15,3,2,80,1,26,2,2,9,8,7,8,LinkedIn
29,Current employee,Travel_Rarely,1090,Sales,10,3,Marketing,1,11235,134690,3,Male,67,3,4,Manager,4,Married,17099,13829,2,Y,No,15,3,2,80,1,26,2,2,9,8,7,8,LinkedIn
29,Current employee,Travel_Rarely,1090,Sales,10,3,Medical,1,11237,134692,3,Male,67,3,4,Manager,4,Married,17099,13829,1,Y,No,15,3,2,80,1,26,2,2,9,8,7,8,LinkedIn
29,Current employee,Travel_Rarely,1090,Sales,10,3,Marketing,1,11238,134693,3,Male,67,3,4,Manager,4,Married,17099,13829,2,Y,No,15,3,2,80,1,26,2,2,9,8,7,8,LinkedIn
29,Current employee,Travel_Rarely,1090,Sales,10,3,Medical,1,11239,134694,3,Male,67,3,4,Manager,4,Married,17099,13829,1,Y,No,15,3,2,80,1,26,2,2,9,8,7,8,LinkedIn
29,Current employee,Travel_Rarely,1107,Research & Development,28,4,Life Sciences,1,12959,136414,3,Female,93,3,1,Research Scientist,4,Divorced,2514,26968,4,Y,No,22,3,1,80,1,11,1,3,7,5,1,7,Company Website
29,Current employee,Travel_Rarely,1107,Research & Development,28,4,Technical Degree,1,12962,136417,3,Female,93,3,1,Research Scientist,4,Divorced,2514,26968,4,Y,No,22,3,1,80,1,11,1,3,7,5,1,7,Company Website
29,Current employee,Travel_Rarely,1107,Research & Development,28,4,Life Sciences,1,12963,136418,3,Female,93,3,1,Research Scientist,4,Divorced,2514,26968,4,Y,No,22,4,1,80,1,11,1,3,7,5,1,7,Company Website
29,Current employee,Travel_Rarely,1107,Research & Development,28,4,Technical Degree,1,12964,136419,3,Female,93,3,1,Research Scientist,4,Divorced,2514,26968,4,Y,No,22,4,1,80,1,11,1,3,7,5,1,7,Company Website
29,Current employee,Travel_Rarely,1107,Research & Development,28,4,Life Sciences,1,12967,136422,3,Female,93,3,1,Research Scientist,4,Divorced,2514,26968,4,Y,No,22,3,1,80,1,11,1,3,7,5,1,7,Company Website
29,Current employee,Travel_Rarely,1107,Research & Development,28,4,Technical Degree,1,12970,136425,3,Female,93,3,1,Research Scientist,4,Divorced,2514,26968,4,Y,No,22,3,1,80,1,11,1,3,7,5,1,7,Company Website
29,Current employee,Travel_Rarely,1107,Research & Development,28,4,Life Sciences,1,12971,136426,3,Female,93,3,1,Research Scientist,4,Divorced,2514,26968,4,Y,No,22,4,1,80,1,11,1,3,7,5,1,7,Company Website
29,Current employee,Travel_Rarely,1107,Research & Development,28,4,Technical Degree,1,12972,136427,3,Female,93,3,1,Research Scientist,4,Divorced,2514,26968,4,Y,No,22,4,1,80,1,11,1,3,7,5,1,7,Company Website
29,Current employee,Travel_Frequently,490,Research & Development,10,3,Life Sciences,1,13198,136653,4,Female,61,3,1,Research Scientist,2,Divorced,3291,17940,0,Y,No,14,3,4,80,2,8,2,2,7,5,1,1,GlassDoor
29,Current employee,Travel_Frequently,490,Research & Development,10,3,Medical,1,13200,136655,4,Female,61,3,1,Research Scientist,2,Divorced,3291,17940,3,Y,No,14,3,4,80,2,8,2,2,7,5,1,1,GlassDoor
29,Current employee,Travel_Frequently,490,Research & Development,10,3,Life Sciences,1,13202,136657,4,Female,61,3,1,Research Scientist,2,Divorced,3291,17940,0,Y,No,14,3,4,80,2,8,2,2,7,5,1,1,GlassDoor
29,Current employee,Travel_Frequently,490,Research & Development,10,3,Medical,1,13203,136658,4,Female,61,3,1,Research Scientist,2,Divorced,3291,17940,3,Y,No,14,3,4,80,2,8,2,2,7,5,1,1,GlassDoor
29,Current employee,Travel_Frequently,490,Research & Development,10,3,Life Sciences,1,13206,136661,4,Female,61,3,1,Research Scientist,2,Divorced,3291,17940,0,Y,No,14,3,4,80,2,8,2,2,7,5,1,1,GlassDoor
29,Current employee,Travel_Frequently,490,Research & Development,10,3,Medical,1,13208,136663,4,Female,61,3,1,Research Scientist,2,Divorced,3291,17940,3,Y,No,14,3,4,80,2,8,2,2,7,5,1,1,GlassDoor
29,Current employee,Travel_Frequently,490,Research & Development,10,3,Life Sciences,1,13210,136665,4,Female,61,3,1,Research Scientist,2,Divorced,3291,17940,0,Y,No,14,3,4,80,2,8,2,2,7,5,1,1,GlassDoor
29,Current employee,Travel_Frequently,490,Research & Development,10,3,Medical,1,13211,136666,4,Female,61,3,1,Research Scientist,2,Divorced,3291,17940,3,Y,No,14,3,4,80,2,8,2,2,7,5,1,1,GlassDoor
29,Current employee,Travel_Rarely,718,Research & Development,8,1,Medical,1,13229,136684,2,Male,79,2,2,Manufacturing Director,4,Married,5056,17689,1,Y,Yes,15,3,3,80,1,10,2,2,10,7,1,2,Indeed
29,Current employee,Travel_Rarely,718,Research & Development,8,1,Medical,1,13232,136687,2,Male,79,2,2,Manufacturing Director,4,Married,5056,17689,1,Y,Yes,15,3,3,80,1,10,2,2,10,7,1,2,Indeed
29,Current employee,Travel_Rarely,718,Research & Development,8,1,Medical,1,13235,136690,2,Male,79,2,2,Manufacturing Director,4,Married,5056,17689,1,Y,Yes,15,3,3,80,1,10,2,2,10,7,1,2,Indeed
29,Current employee,Travel_Rarely,718,Research & Development,8,1,Medical,1,13236,136691,2,Male,79,2,2,Manufacturing Director,4,Married,5056,17689,1,Y,Yes,15,3,3,80,1,10,2,2,10,7,1,2,Indeed
29,Current employee,Travel_Rarely,718,Research & Development,8,1,Medical,1,13237,136692,2,Male,79,2,2,Manufacturing Director,4,Married,5056,17689,1,Y,Yes,15,3,3,80,1,10,2,2,10,7,1,2,Indeed
29,Current employee,Travel_Rarely,718,Research & Development,8,1,Medical,1,13240,136695,2,Male,79,2,2,Manufacturing Director,4,Married,5056,17689,1,Y,Yes,15,3,3,80,1,10,2,2,10,7,1,2,Indeed
29,Current employee,Travel_Rarely,718,Research & Development,8,1,Medical,1,13243,136698,2,Male,79,2,2,Manufacturing Director,4,Married,5056,17689,1,Y,Yes,15,3,3,80,1,10,2,2,10,7,1,2,Indeed
29,Current employee,Travel_Rarely,718,Research & Development,8,1,Medical,1,13244,136699,2,Male,79,2,2,Manufacturing Director,4,Married,5056,17689,1,Y,Yes,15,3,3,80,1,10,2,2,10,7,1,2,Indeed
29,Current employee,Travel_Rarely,1401,Research & Development,6,1,Medical,1,13657,137112,2,Female,54,3,1,Laboratory Technician,4,Married,3131,26342,1,Y,No,13,3,1,80,1,10,5,3,10,8,0,8,Jora
29,Current employee,Travel_Rarely,1401,Research & Development,6,1,Marketing,1,13660,137115,2,Female,54,3,1,Laboratory Technician,4,Married,3131,26342,1,Y,No,13,3,1,80,1,10,5,3,10,8,0,8,Jora
29,Current employee,Travel_Rarely,1401,Research & Development,6,1,Medical,1,13661,137116,2,Female,54,3,1,Laboratory Technician,4,Married,3131,26342,1,Y,No,13,3,1,80,1,10,5,3,10,8,0,8,Jora
29,Current employee,Travel_Rarely,1401,Research & Development,6,1,Marketing,1,13662,137117,2,Female,54,3,1,Laboratory Technician,4,Married,3131,26342,1,Y,No,13,3,1,80,1,10,5,3,10,8,0,8,Jora
29,Current employee,Travel_Rarely,1401,Research & Development,6,1,Medical,1,13665,137120,2,Female,54,3,1,Laboratory Technician,4,Married,3131,26342,1,Y,No,13,3,1,80,1,10,5,3,10,8,0,8,Jora
29,Current employee,Travel_Rarely,1401,Research & Development,6,1,Marketing,1,13668,137123,2,Female,54,3,1,Laboratory Technician,4,Married,3131,26342,1,Y,No,13,3,1,80,1,10,5,3,10,8,0,8,Jora
29,Current employee,Travel_Rarely,1401,Research & Development,6,1,Medical,1,13669,137124,2,Female,54,3,1,Laboratory Technician,4,Married,3131,26342,1,Y,No,13,3,1,80,1,10,5,3,10,8,0,8,Jora
29,Current employee,Travel_Rarely,1401,Research & Development,6,1,Marketing,1,13670,137125,2,Female,54,3,1,Laboratory Technician,4,Married,3131,26342,1,Y,No,13,3,1,80,1,10,5,3,10,8,0,8,Jora
29,Current employee,Travel_Rarely,942,Research & Development,15,1,Life Sciences,1,13768,137223,2,Female,69,1,1,Research Scientist,4,Married,2168,26933,0,Y,Yes,18,3,1,80,1,6,2,2,5,4,1,3,Seek
29,Current employee,Travel_Rarely,942,Research & Development,15,1,Medical,1,13770,137225,2,Female,69,1,1,Research Scientist,4,Married,2168,26933,3,Y,Yes,18,3,1,80,1,6,2,2,5,4,1,3,Seek
29,Current employee,Travel_Rarely,942,Research & Development,15,1,Life Sciences,1,13772,137227,2,Female,69,1,1,Research Scientist,4,Married,2168,26933,0,Y,Yes,18,3,1,80,1,6,2,2,5,4,1,3,Seek
29,Current employee,Travel_Rarely,942,Research & Development,15,1,Medical,1,13773,137228,2,Female,69,1,1,Research Scientist,4,Married,2168,26933,3,Y,Yes,18,3,1,80,1,6,2,2,5,4,1,3,Seek
29,Current employee,Travel_Rarely,942,Research & Development,15,1,Life Sciences,1,13776,137231,2,Female,69,1,1,Research Scientist,4,Married,2168,26933,0,Y,Yes,18,3,1,80,1,6,2,2,5,4,1,3,Seek
29,Current employee,Travel_Rarely,942,Research & Development,15,1,Medical,1,13778,137233,2,Female,69,1,1,Research Scientist,4,Married,2168,26933,3,Y,Yes,18,3,1,80,1,6,2,2,5,4,1,3,Seek
29,Current employee,Travel_Rarely,942,Research & Development,15,1,Life Sciences,1,13780,137235,2,Female,69,1,1,Research Scientist,4,Married,2168,26933,0,Y,Yes,18,3,1,80,1,6,2,2,5,4,1,3,Seek
29,Current employee,Travel_Rarely,942,Research & Development,15,1,Medical,1,13781,137236,2,Female,69,1,1,Research Scientist,4,Married,2168,26933,3,Y,Yes,18,3,1,80,1,6,2,2,5,4,1,3,Seek
29,Current employee,Travel_Frequently,1413,Sales,1,1,Medical,1,13928,137383,3,Male,76,3,5,Research Director,2,Married,19081,10849,5,Y,No,11,3,1,80,1,25,2,3,4,2,0,3,Indeed
29,Current employee,Travel_Frequently,1413,Sales,1,1,Life Sciences,1,13929,137384,3,Male,76,3,5,Research Director,2,Married,19081,10849,1,Y,No,11,3,1,80,1,25,2,3,4,2,0,3,Indeed
29,Current employee,Travel_Frequently,1413,Sales,1,1,Medical,1,13931,137386,3,Male,76,3,5,Research Director,2,Married,19081,10849,5,Y,No,11,3,1,80,1,25,2,3,4,2,0,3,Indeed
29,Current employee,Travel_Frequently,1413,Sales,1,1,Life Sciences,1,13932,137387,3,Male,76,3,5,Research Director,2,Married,19081,10849,1,Y,No,11,3,1,80,1,25,2,3,4,2,0,3,Indeed
29,Current employee,Travel_Frequently,1413,Sales,1,1,Medical,1,13936,137391,3,Male,76,3,5,Research Director,2,Married,19081,10849,5,Y,No,11,3,1,80,1,25,2,3,4,2,0,3,Indeed
29,Current employee,Travel_Frequently,1413,Sales,1,1,Life Sciences,1,13937,137392,3,Male,76,3,5,Research Director,2,Married,19081,10849,1,Y,No,11,3,1,80,1,25,2,3,4,2,0,3,Indeed
29,Current employee,Travel_Frequently,1413,Sales,1,1,Medical,1,13939,137394,3,Male,76,3,5,Research Director,2,Married,19081,10849,5,Y,No,11,3,1,80,1,25,2,3,4,2,0,3,Indeed
29,Current employee,Travel_Frequently,1413,Sales,1,1,Life Sciences,1,13940,137395,3,Male,76,3,5,Research Director,2,Married,19081,10849,1,Y,No,11,3,1,80,1,25,2,3,4,2,0,3,Indeed
29,Current employee,Travel_Rarely,1210,Sales,2,3,Medical,1,14120,137575,3,Female,76,3,2,Research Scientist,3,Single,4998,2338,4,Y,Yes,14,3,4,80,0,10,2,3,8,7,0,7,Referral
29,Current employee,Travel_Rarely,1210,Sales,2,3,Life Sciences,1,14122,137577,3,Female,76,3,2,Research Scientist,3,Single,4998,2338,2,Y,Yes,14,3,4,80,0,10,2,3,8,7,0,7,Referral
29,Current employee,Travel_Rarely,1210,Sales,2,3,Medical,1,14123,137578,3,Female,76,3,2,Research Scientist,3,Single,4998,2338,4,Y,Yes,14,3,4,80,0,10,2,3,8,7,0,7,Referral
29,Current employee,Travel_Rarely,1210,Sales,2,3,Life Sciences,1,14124,137579,3,Female,76,3,2,Research Scientist,3,Single,4998,2338,2,Y,Yes,14,3,4,80,0,10,2,3,8,7,0,7,Referral
29,Current employee,Travel_Rarely,1210,Sales,2,3,Medical,1,14128,137583,3,Female,76,3,2,Research Scientist,3,Single,4998,2338,4,Y,Yes,14,3,4,80,0,10,2,3,8,7,0,7,Referral
29,Current employee,Travel_Rarely,1210,Sales,2,3,Life Sciences,1,14130,137585,3,Female,76,3,2,Research Scientist,3,Single,4998,2338,2,Y,Yes,14,3,4,80,0,10,2,3,8,7,0,7,Referral
29,Current employee,Travel_Rarely,1210,Sales,2,3,Medical,1,14131,137586,3,Female,76,3,2,Research Scientist,3,Single,4998,2338,4,Y,Yes,14,3,4,80,0,10,2,3,8,7,0,7,Referral
29,Current employee,Travel_Rarely,1210,Sales,2,3,Life Sciences,1,14132,137587,3,Female,76,3,2,Research Scientist,3,Single,4998,2338,2,Y,Yes,14,3,4,80,0,10,2,3,8,7,0,7,Referral
29,Current employee,Travel_Rarely,1010,Research & Development,1,3,Life Sciences,1,14304,137759,1,Female,97,3,1,Research Scientist,4,Divorced,3760,5598,1,Y,No,15,3,1,80,3,3,5,3,3,2,1,2,Jora
29,Current employee,Travel_Rarely,1010,Research & Development,1,3,Life Sciences,1,14306,137761,1,Female,97,3,1,Research Scientist,4,Divorced,3760,5598,2,Y,No,15,4,1,80,3,3,5,3,3,2,1,2,Jora
29,Current employee,Travel_Rarely,1010,Research & Development,1,3,Life Sciences,1,14308,137763,1,Female,97,3,1,Research Scientist,4,Divorced,3760,5598,1,Y,No,15,3,1,80,3,3,5,3,3,2,1,2,Jora
29,Current employee,Travel_Rarely,1010,Research & Development,1,3,Life Sciences,1,14309,137764,1,Female,97,3,1,Research Scientist,4,Divorced,3760,5598,2,Y,No,15,3,1,80,3,3,5,3,3,2,1,2,Jora
29,Current employee,Travel_Rarely,1010,Research & Development,1,3,Life Sciences,1,14311,137766,1,Female,97,3,1,Research Scientist,4,Divorced,3760,5598,1,Y,No,15,3,1,80,3,3,5,3,3,2,1,2,Jora
29,Current employee,Travel_Rarely,1010,Research & Development,1,3,Life Sciences,1,14313,137768,1,Female,97,3,1,Research Scientist,4,Divorced,3760,5598,2,Y,No,15,4,1,80,3,3,5,3,3,2,1,2,Jora
29,Current employee,Travel_Rarely,1010,Research & Development,1,3,Life Sciences,1,14315,137770,1,Female,97,3,1,Research Scientist,4,Divorced,3760,5598,1,Y,No,15,3,1,80,3,3,5,3,3,2,1,2,Jora
29,Current employee,Travel_Rarely,1010,Research & Development,1,3,Life Sciences,1,14316,137771,1,Female,97,3,1,Research Scientist,4,Divorced,3760,5598,2,Y,No,15,3,1,80,3,3,5,3,3,2,1,2,Jora
29,Current employee,Travel_Rarely,1329,Research & Development,7,3,Life Sciences,1,14463,137918,3,Male,82,3,2,Healthcare Representative,4,Divorced,6623,4204,1,Y,Yes,11,3,2,80,2,6,2,3,6,0,1,0,Company Website
29,Current employee,Travel_Rarely,1329,Research & Development,7,3,Marketing,1,14465,137920,3,Male,82,3,2,Healthcare Representative,4,Divorced,6623,4204,0,Y,Yes,11,4,2,80,2,6,2,3,6,0,1,0,Company Website
29,Current employee,Travel_Rarely,1329,Research & Development,7,3,Life Sciences,1,14467,137922,3,Male,82,3,2,Healthcare Representative,4,Divorced,6623,4204,1,Y,Yes,11,3,2,80,2,6,2,3,6,0,1,0,Company Website
29,Current employee,Travel_Rarely,1329,Research & Development,7,3,Marketing,1,14468,137923,3,Male,82,3,2,Healthcare Representative,4,Divorced,6623,4204,0,Y,Yes,11,3,2,80,2,6,2,3,6,0,1,0,Company Website
29,Current employee,Travel_Rarely,1329,Research & Development,7,3,Life Sciences,1,14471,137926,3,Male,82,3,2,Healthcare Representative,4,Divorced,6623,4204,1,Y,Yes,11,3,2,80,2,6,2,3,6,0,1,0,Company Website
29,Current employee,Travel_Rarely,1329,Research & Development,7,3,Marketing,1,14473,137928,3,Male,82,3,2,Healthcare Representative,4,Divorced,6623,4204,0,Y,Yes,11,4,2,80,2,6,2,3,6,0,1,0,Company Website
29,Current employee,Travel_Rarely,1329,Research & Development,7,3,Life Sciences,1,14475,137930,3,Male,82,3,2,Healthcare Representative,4,Divorced,6623,4204,1,Y,Yes,11,3,2,80,2,6,2,3,6,0,1,0,Company Website
29,Current employee,Travel_Rarely,1329,Research & Development,7,3,Marketing,1,14476,137931,3,Male,82,3,2,Healthcare Representative,4,Divorced,6623,4204,0,Y,Yes,11,3,2,80,2,6,2,3,6,0,1,0,Company Website
29,Current employee,Travel_Rarely,694,Research & Development,1,3,Life Sciences,1,14495,137950,4,Female,87,2,4,Research Director,4,Divorced,16124,3423,3,Y,No,14,3,2,80,2,9,2,2,7,7,1,7,Adzuna
29,Current employee,Travel_Rarely,694,Research & Development,1,3,Life Sciences,1,14497,137952,4,Female,87,2,4,Research Director,4,Divorced,16124,3423,1,Y,No,14,4,2,80,2,9,2,2,7,7,1,7,Adzuna
29,Current employee,Travel_Rarely,694,Research & Development,1,3,Life Sciences,1,14499,137954,4,Female,87,2,4,Research Director,4,Divorced,16124,3423,3,Y,No,14,3,2,80,2,9,2,2,7,7,1,7,Adzuna
29,Current employee,Travel_Rarely,694,Research & Development,1,3,Life Sciences,1,14500,137955,4,Female,87,2,4,Research Director,4,Divorced,16124,3423,1,Y,No,14,3,2,80,2,9,2,2,7,7,1,7,Adzuna
29,Current employee,Travel_Rarely,694,Research & Development,1,3,Life Sciences,1,14503,137958,4,Female,87,2,4,Research Director,4,Divorced,16124,3423,3,Y,No,14,3,2,80,2,9,2,2,7,7,1,7,Adzuna
29,Current employee,Travel_Rarely,694,Research & Development,1,3,Life Sciences,1,14505,137960,4,Female,87,2,4,Research Director,4,Divorced,16124,3423,1,Y,No,14,4,2,80,2,9,2,2,7,7,1,7,Adzuna
29,Current employee,Travel_Rarely,694,Research & Development,1,3,Life Sciences,1,14507,137962,4,Female,87,2,4,Research Director,4,Divorced,16124,3423,3,Y,No,14,3,2,80,2,9,2,2,7,7,1,7,Adzuna
29,Current employee,Travel_Rarely,694,Research & Development,1,3,Life Sciences,1,14508,137963,4,Female,87,2,4,Research Director,4,Divorced,16124,3423,1,Y,No,14,3,2,80,2,9,2,2,7,7,1,7,Adzuna
29,Current employee,Travel_Rarely,986,Research & Development,3,4,Medical,1,14913,138368,3,Female,78,3,2,Manufacturing Director,3,Single,4695,12858,7,Y,Yes,18,3,3,80,0,10,3,3,8,4,1,7,Adzuna
29,Current employee,Travel_Rarely,986,Research & Development,3,4,Life Sciences,1,14914,138369,3,Female,78,3,2,Manufacturing Director,3,Single,4695,12858,1,Y,Yes,18,3,3,80,0,10,3,3,8,4,1,7,Adzuna
29,Current employee,Travel_Rarely,986,Research & Development,3,4,Medical,1,14916,138371,3,Female,78,3,2,Manufacturing Director,3,Single,4695,12858,7,Y,Yes,18,3,3,80,0,10,3,3,8,4,1,7,Adzuna
29,Current employee,Travel_Rarely,986,Research & Development,3,4,Life Sciences,1,14917,138372,3,Female,78,3,2,Manufacturing Director,3,Single,4695,12858,1,Y,Yes,18,3,3,80,0,10,3,3,8,4,1,7,Adzuna
29,Current employee,Travel_Rarely,986,Research & Development,3,4,Medical,1,14921,138376,3,Female,78,3,2,Manufacturing Director,3,Single,4695,12858,7,Y,Yes,18,3,3,80,0,10,3,3,8,4,1,7,Adzuna
29,Current employee,Travel_Rarely,986,Research & Development,3,4,Life Sciences,1,14922,138377,3,Female,78,3,2,Manufacturing Director,3,Single,4695,12858,1,Y,Yes,18,3,3,80,0,10,3,3,8,4,1,7,Adzuna
29,Current employee,Travel_Rarely,986,Research & Development,3,4,Medical,1,14924,138379,3,Female,78,3,2,Manufacturing Director,3,Single,4695,12858,7,Y,Yes,18,3,3,80,0,10,3,3,8,4,1,7,Adzuna
29,Current employee,Travel_Rarely,986,Research & Development,3,4,Life Sciences,1,14925,138380,3,Female,78,3,2,Manufacturing Director,3,Single,4695,12858,1,Y,Yes,18,3,3,80,0,10,3,3,8,4,1,7,Adzuna
29,Current employee,Travel_Rarely,1176,Sales,3,2,Medical,1,15300,138755,3,Female,79,1,5,Manager,3,Married,19187,6992,4,Y,No,14,4,4,80,1,23,5,3,19,9,9,11,Company Website
29,Current employee,Travel_Rarely,1176,Sales,3,2,Life Sciences,1,15302,138757,3,Female,79,1,5,Manager,3,Married,19187,6992,1,Y,No,14,4,4,80,1,23,5,3,19,9,9,11,Company Website
29,Current employee,Travel_Rarely,1176,Sales,3,2,Medical,1,15303,138758,3,Female,79,1,5,Manager,3,Married,19187,6992,4,Y,No,14,3,4,80,1,23,5,3,19,9,9,11,Company Website
29,Current employee,Travel_Rarely,1176,Sales,3,2,Life Sciences,1,15304,138759,3,Female,79,1,5,Manager,3,Married,19187,6992,1,Y,No,14,3,4,80,1,23,5,3,19,9,9,11,Company Website
29,Current employee,Travel_Rarely,1176,Sales,3,2,Medical,1,15310,138765,3,Female,79,1,5,Manager,3,Married,19187,6992,4,Y,No,14,4,4,80,1,23,5,3,19,9,9,11,Company Website
29,Current employee,Travel_Rarely,1176,Sales,3,2,Life Sciences,1,15312,138767,3,Female,79,1,5,Manager,3,Married,19187,6992,1,Y,No,14,4,4,80,1,23,5,3,19,9,9,11,Company Website
29,Current employee,Travel_Rarely,1176,Sales,3,2,Medical,1,15313,138768,3,Female,79,1,5,Manager,3,Married,19187,6992,4,Y,No,14,3,4,80,1,23,5,3,19,9,9,11,Company Website
29,Current employee,Travel_Rarely,1176,Sales,3,2,Life Sciences,1,15314,138769,3,Female,79,1,5,Manager,3,Married,19187,6992,1,Y,No,14,3,4,80,1,23,5,3,19,9,9,11,Company Website
29,Current employee,Travel_Rarely,657,Research & Development,27,3,Medical,1,15650,139105,3,Female,80,2,1,Research Scientist,3,Divorced,2029,15891,1,Y,No,20,3,3,80,3,5,2,3,5,4,0,0,Company Website
29,Current employee,Travel_Rarely,657,Research & Development,27,3,Technical Degree,1,15652,139107,3,Female,80,2,1,Research Scientist,3,Divorced,2029,15891,4,Y,No,20,4,3,80,3,5,2,3,5,4,0,0,Company Website
29,Current employee,Travel_Rarely,657,Research & Development,27,3,Medical,1,15653,139108,3,Female,80,2,1,Research Scientist,3,Divorced,2029,15891,1,Y,No,20,4,3,80,3,5,2,3,5,4,0,0,Company Website
29,Current employee,Travel_Rarely,657,Research & Development,27,3,Technical Degree,1,15654,139109,3,Female,80,2,1,Research Scientist,3,Divorced,2029,15891,4,Y,No,20,4,3,80,3,5,2,3,5,4,0,0,Company Website
29,Current employee,Travel_Rarely,657,Research & Development,27,3,Medical,1,15658,139113,3,Female,80,2,1,Research Scientist,3,Divorced,2029,15891,1,Y,No,20,3,3,80,3,5,2,3,5,4,0,0,Company Website
29,Current employee,Travel_Rarely,657,Research & Development,27,3,Technical Degree,1,15660,139115,3,Female,80,2,1,Research Scientist,3,Divorced,2029,15891,4,Y,No,20,4,3,80,3,5,2,3,5,4,0,0,Company Website
29,Current employee,Travel_Rarely,657,Research & Development,27,3,Medical,1,15661,139116,3,Female,80,2,1,Research Scientist,3,Divorced,2029,15891,1,Y,No,20,4,3,80,3,5,2,3,5,4,0,0,Company Website
29,Current employee,Travel_Rarely,657,Research & Development,27,3,Technical Degree,1,15662,139117,3,Female,80,2,1,Research Scientist,3,Divorced,2029,15891,4,Y,No,20,4,3,80,3,5,2,3,5,4,0,0,Company Website
29,Current employee,Travel_Rarely,1086,Research & Development,7,1,Medical,1,16015,139470,3,Female,81,3,1,Laboratory Technician,1,Married,2950,17363,9,Y,No,13,3,3,80,0,12,2,1,5,4,0,4,Indeed
29,Current employee,Travel_Rarely,1086,Research & Development,7,1,Marketing,1,16016,139471,3,Female,81,3,1,Laboratory Technician,1,Married,2950,17363,1,Y,No,13,3,3,80,0,12,2,1,5,4,0,4,Indeed
29,Current employee,Travel_Rarely,1086,Research & Development,7,1,Medical,1,16018,139473,3,Female,81,3,1,Laboratory Technician,1,Married,2950,17363,9,Y,No,13,3,3,80,0,12,2,1,5,4,0,4,Indeed
29,Current employee,Travel_Rarely,1086,Research & Development,7,1,Marketing,1,16019,139474,3,Female,81,3,1,Laboratory Technician,1,Married,2950,17363,1,Y,No,13,3,3,80,0,12,2,1,5,4,0,4,Indeed
29,Current employee,Travel_Rarely,1086,Research & Development,7,1,Medical,1,16023,139478,3,Female,81,3,1,Laboratory Technician,1,Married,2950,17363,9,Y,No,13,3,3,80,0,12,2,1,5,4,0,4,Indeed
29,Current employee,Travel_Rarely,1086,Research & Development,7,1,Marketing,1,16024,139479,3,Female,81,3,1,Laboratory Technician,1,Married,2950,17363,1,Y,No,13,3,3,80,0,12,2,1,5,4,0,4,Indeed
29,Current employee,Travel_Rarely,1086,Research & Development,7,1,Medical,1,16026,139481,3,Female,81,3,1,Laboratory Technician,1,Married,2950,17363,9,Y,No,13,3,3,80,0,12,2,1,5,4,0,4,Indeed
29,Current employee,Travel_Rarely,1086,Research & Development,7,1,Marketing,1,16027,139482,3,Female,81,3,1,Laboratory Technician,1,Married,2950,17363,1,Y,No,13,3,3,80,0,12,2,1,5,4,0,4,Indeed
29,Current employee,Travel_Rarely,332,Human Resources,17,3,Other,1,16093,139548,2,Male,51,2,3,Human Resources,1,Single,7988,9769,1,Y,No,13,3,1,80,0,10,3,2,10,9,0,9,Jora
29,Current employee,Travel_Rarely,332,Human Resources,17,3,Medical,1,16096,139551,2,Male,51,2,3,Human Resources,1,Single,7988,9769,0,Y,No,13,4,1,80,0,10,3,2,10,9,0,9,Jora
29,Current employee,Travel_Rarely,332,Human Resources,17,3,Other,1,16097,139552,2,Male,51,2,3,Human Resources,1,Single,7988,9769,1,Y,No,13,3,1,80,0,10,3,2,10,9,0,9,Jora
29,Current employee,Travel_Rarely,332,Human Resources,17,3,Medical,1,16098,139553,2,Male,51,2,3,Human Resources,1,Single,7988,9769,0,Y,No,13,3,1,80,0,10,3,2,10,9,0,9,Jora
29,Current employee,Travel_Rarely,332,Human Resources,17,3,Other,1,16101,139556,2,Male,51,2,3,Human Resources,1,Single,7988,9769,1,Y,No,13,3,1,80,0,10,3,2,10,9,0,9,Jora
29,Current employee,Travel_Rarely,332,Human Resources,17,3,Medical,1,16104,139559,2,Male,51,2,3,Human Resources,1,Single,7988,9769,0,Y,No,13,4,1,80,0,10,3,2,10,9,0,9,Jora
29,Current employee,Travel_Rarely,332,Human Resources,17,3,Other,1,16105,139560,2,Male,51,2,3,Human Resources,1,Single,7988,9769,1,Y,No,13,3,1,80,0,10,3,2,10,9,0,9,Jora
29,Current employee,Travel_Rarely,332,Human Resources,17,3,Medical,1,16106,139561,2,Male,51,2,3,Human Resources,1,Single,7988,9769,0,Y,No,13,3,1,80,0,10,3,2,10,9,0,9,Jora
29,Current employee,Travel_Rarely,718,Research & Development,8,1,Medical,1,16872,140327,4,Male,83,3,3,Healthcare Representative,2,Divorced,10466,20948,3,Y,No,14,3,2,80,2,29,3,3,8,7,0,7,Company Website
29,Current employee,Travel_Rarely,718,Research & Development,8,1,Medical,1,16874,140329,4,Male,83,3,3,Healthcare Representative,2,Divorced,10466,20948,0,Y,No,14,3,2,80,2,29,3,3,8,7,0,7,Company Website
29,Current employee,Travel_Rarely,718,Research & Development,8,1,Medical,1,16875,140330,4,Male,83,3,3,Healthcare Representative,2,Divorced,10466,20948,3,Y,No,14,3,2,80,2,29,3,3,8,7,0,7,Company Website
29,Current employee,Travel_Rarely,718,Research & Development,8,1,Medical,1,16876,140331,4,Male,83,3,3,Healthcare Representative,2,Divorced,10466,20948,0,Y,No,14,3,2,80,2,29,3,3,8,7,0,7,Company Website
29,Current employee,Travel_Rarely,718,Research & Development,8,1,Medical,1,16880,140335,4,Male,83,3,3,Healthcare Representative,2,Divorced,10466,20948,3,Y,No,14,3,2,80,2,29,3,3,8,7,0,7,Company Website
29,Current employee,Travel_Rarely,718,Research & Development,8,1,Medical,1,16882,140337,4,Male,83,3,3,Healthcare Representative,2,Divorced,10466,20948,0,Y,No,14,3,2,80,2,29,3,3,8,7,0,7,Company Website
29,Current employee,Travel_Rarely,718,Research & Development,8,1,Medical,1,16883,140338,4,Male,83,3,3,Healthcare Representative,2,Divorced,10466,20948,3,Y,No,14,3,2,80,2,29,3,3,8,7,0,7,Company Website
29,Current employee,Travel_Rarely,718,Research & Development,8,1,Medical,1,16884,140339,4,Male,83,3,3,Healthcare Representative,2,Divorced,10466,20948,0,Y,No,14,3,2,80,2,29,3,3,8,7,0,7,Company Website
29,Current employee,Travel_Rarely,1246,Sales,19,3,Life Sciences,1,17013,140468,3,Male,77,2,2,Sales Executive,3,Divorced,8620,23757,1,Y,No,14,3,3,80,2,10,3,3,10,7,0,4,Company Website
29,Current employee,Travel_Rarely,1246,Sales,19,3,Medical,1,17016,140471,3,Male,77,2,2,Sales Executive,3,Divorced,8620,23757,7,Y,No,14,3,3,80,2,10,3,3,10,7,0,4,Company Website
29,Current employee,Travel_Rarely,1246,Sales,19,3,Life Sciences,1,17017,140472,3,Male,77,2,2,Sales Executive,3,Divorced,8620,23757,1,Y,No,14,3,3,80,2,10,3,3,10,7,0,4,Company Website
29,Current employee,Travel_Rarely,1246,Sales,19,3,Medical,1,17018,140473,3,Male,77,2,2,Sales Executive,3,Divorced,8620,23757,7,Y,No,14,3,3,80,2,10,3,3,10,7,0,4,Company Website
29,Current employee,Travel_Rarely,1246,Sales,19,3,Life Sciences,1,17021,140476,3,Male,77,2,2,Sales Executive,3,Divorced,8620,23757,1,Y,No,14,3,3,80,2,10,3,3,10,7,0,4,Company Website
29,Current employee,Travel_Rarely,1246,Sales,19,3,Medical,1,17024,140479,3,Male,77,2,2,Sales Executive,3,Divorced,8620,23757,7,Y,No,14,3,3,80,2,10,3,3,10,7,0,4,Company Website
29,Current employee,Travel_Rarely,1246,Sales,19,3,Life Sciences,1,17025,140480,3,Male,77,2,2,Sales Executive,3,Divorced,8620,23757,1,Y,No,14,3,3,80,2,10,3,3,10,7,0,4,Company Website
29,Current employee,Travel_Rarely,1246,Sales,19,3,Medical,1,17026,140481,3,Male,77,2,2,Sales Executive,3,Divorced,8620,23757,7,Y,No,14,3,3,80,2,10,3,3,10,7,0,4,Company Website
29,Current employee,Travel_Rarely,1401,Research & Development,6,1,Medical,1,17030,140485,4,Male,84,3,1,Human Resources,3,Divorced,2064,15428,0,Y,No,21,3,1,80,1,6,3,4,5,3,1,3,Indeed
29,Current employee,Travel_Rarely,1401,Research & Development,6,1,Marketing,1,17032,140487,4,Male,84,3,1,Human Resources,3,Divorced,2064,15428,0,Y,No,21,3,1,80,1,6,3,4,5,3,1,3,Indeed
29,Current employee,Travel_Rarely,1401,Research & Development,6,1,Medical,1,17033,140488,4,Male,84,3,1,Human Resources,3,Divorced,2064,15428,0,Y,No,21,4,1,80,1,6,3,4,5,3,1,3,Indeed
29,Current employee,Travel_Rarely,1401,Research & Development,6,1,Marketing,1,17034,140489,4,Male,84,3,1,Human Resources,3,Divorced,2064,15428,0,Y,No,21,4,1,80,1,6,3,4,5,3,1,3,Indeed
29,Current employee,Travel_Rarely,1401,Research & Development,6,1,Medical,1,17038,140493,4,Male,84,3,1,Human Resources,3,Divorced,2064,15428,0,Y,No,21,3,1,80,1,6,3,4,5,3,1,3,Indeed
29,Current employee,Travel_Rarely,1401,Research & Development,6,1,Marketing,1,17040,140495,4,Male,84,3,1,Human Resources,3,Divorced,2064,15428,0,Y,No,21,3,1,80,1,6,3,4,5,3,1,3,Indeed
29,Current employee,Travel_Rarely,1401,Research & Development,6,1,Medical,1,17041,140496,4,Male,84,3,1,Human Resources,3,Divorced,2064,15428,0,Y,No,21,4,1,80,1,6,3,4,5,3,1,3,Indeed
29,Current employee,Travel_Rarely,1401,Research & Development,6,1,Marketing,1,17042,140497,4,Male,84,3,1,Human Resources,3,Divorced,2064,15428,0,Y,No,21,4,1,80,1,6,3,4,5,3,1,3,Indeed
29,Current employee,Travel_Frequently,410,Research & Development,2,1,Life Sciences,1,17157,140612,4,Female,97,3,1,Laboratory Technician,2,Married,3180,4668,0,Y,No,13,3,3,80,3,4,3,3,3,2,0,2,Indeed
29,Current employee,Travel_Frequently,410,Research & Development,2,1,Life Sciences,1,17159,140614,4,Female,97,3,1,Laboratory Technician,2,Married,3180,4668,1,Y,No,13,3,3,80,3,4,3,3,3,2,0,2,Indeed
29,Current employee,Travel_Frequently,410,Research & Development,2,1,Life Sciences,1,17161,140616,4,Female,97,3,1,Laboratory Technician,2,Married,3180,4668,0,Y,No,13,3,3,80,3,4,3,3,3,2,0,2,Indeed
29,Current employee,Travel_Frequently,410,Research & Development,2,1,Life Sciences,1,17162,140617,4,Female,97,3,1,Laboratory Technician,2,Married,3180,4668,1,Y,No,13,3,3,80,3,4,3,3,3,2,0,2,Indeed
29,Current employee,Travel_Frequently,410,Research & Development,2,1,Life Sciences,1,17165,140620,4,Female,97,3,1,Laboratory Technician,2,Married,3180,4668,0,Y,No,13,3,3,80,3,4,3,3,3,2,0,2,Indeed
29,Current employee,Travel_Frequently,410,Research & Development,2,1,Life Sciences,1,17167,140622,4,Female,97,3,1,Laboratory Technician,2,Married,3180,4668,1,Y,No,13,3,3,80,3,4,3,3,3,2,0,2,Indeed
29,Current employee,Travel_Frequently,410,Research & Development,2,1,Life Sciences,1,17169,140624,4,Female,97,3,1,Laboratory Technician,2,Married,3180,4668,0,Y,No,13,3,3,80,3,4,3,3,3,2,0,2,Indeed
29,Current employee,Travel_Frequently,410,Research & Development,2,1,Life Sciences,1,17170,140625,4,Female,97,3,1,Laboratory Technician,2,Married,3180,4668,1,Y,No,13,3,3,80,3,4,3,3,3,2,0,2,Indeed
29,Current employee,Travel_Rarely,441,Research & Development,8,1,Other,1,17446,140901,3,Female,39,1,2,Healthcare Representative,1,Married,9715,7288,3,Y,No,13,3,3,80,1,9,3,3,7,7,0,7,Company Website
29,Current employee,Travel_Rarely,441,Research & Development,8,1,Medical,1,17448,140903,3,Female,39,1,2,Healthcare Representative,1,Married,9715,7288,0,Y,No,13,3,3,80,1,9,3,3,7,7,0,7,Company Website
29,Current employee,Travel_Rarely,441,Research & Development,8,1,Other,1,17450,140905,3,Female,39,1,2,Healthcare Representative,1,Married,9715,7288,3,Y,No,13,3,3,80,1,9,3,3,7,7,0,7,Company Website
29,Current employee,Travel_Rarely,441,Research & Development,8,1,Medical,1,17451,140906,3,Female,39,1,2,Healthcare Representative,1,Married,9715,7288,0,Y,No,13,3,3,80,1,9,3,3,7,7,0,7,Company Website
29,Current employee,Travel_Rarely,441,Research & Development,8,1,Other,1,17454,140909,3,Female,39,1,2,Healthcare Representative,1,Married,9715,7288,3,Y,No,13,3,3,80,1,9,3,3,7,7,0,7,Company Website
29,Current employee,Travel_Rarely,441,Research & Development,8,1,Medical,1,17456,140911,3,Female,39,1,2,Healthcare Representative,1,Married,9715,7288,0,Y,No,13,3,3,80,1,9,3,3,7,7,0,7,Company Website
29,Current employee,Travel_Rarely,441,Research & Development,8,1,Other,1,17458,140913,3,Female,39,1,2,Healthcare Representative,1,Married,9715,7288,3,Y,No,13,3,3,80,1,9,3,3,7,7,0,7,Company Website
29,Current employee,Travel_Rarely,441,Research & Development,8,1,Medical,1,17459,140914,3,Female,39,1,2,Healthcare Representative,1,Married,9715,7288,0,Y,No,13,3,3,80,1,9,3,3,7,7,0,7,Company Website
29,Current employee,Travel_Rarely,598,Research & Development,9,3,Life Sciences,1,17668,141123,3,Male,91,4,1,Research Scientist,3,Married,2451,22376,6,Y,No,18,3,1,80,2,5,2,2,1,0,0,0,Adzuna
29,Current employee,Travel_Rarely,598,Research & Development,9,3,Medical,1,17671,141126,3,Male,91,4,1,Research Scientist,3,Married,2451,22376,3,Y,No,18,3,1,80,2,5,2,2,1,0,0,0,Adzuna
29,Current employee,Travel_Rarely,598,Research & Development,9,3,Life Sciences,1,17672,141127,3,Male,91,4,1,Research Scientist,3,Married,2451,22376,6,Y,No,18,3,1,80,2,5,2,2,1,0,0,0,Adzuna
29,Current employee,Travel_Rarely,598,Research & Development,9,3,Medical,1,17673,141128,3,Male,91,4,1,Research Scientist,3,Married,2451,22376,3,Y,No,18,3,1,80,2,5,2,2,1,0,0,0,Adzuna
29,Current employee,Travel_Rarely,598,Research & Development,9,3,Life Sciences,1,17676,141131,3,Male,91,4,1,Research Scientist,3,Married,2451,22376,6,Y,No,18,3,1,80,2,5,2,2,1,0,0,0,Adzuna
29,Current employee,Travel_Rarely,598,Research & Development,9,3,Medical,1,17679,141134,3,Male,91,4,1,Research Scientist,3,Married,2451,22376,3,Y,No,18,3,1,80,2,5,2,2,1,0,0,0,Adzuna
29,Current employee,Travel_Rarely,598,Research & Development,9,3,Life Sciences,1,17680,141135,3,Male,91,4,1,Research Scientist,3,Married,2451,22376,6,Y,No,18,3,1,80,2,5,2,2,1,0,0,0,Adzuna
29,Current employee,Travel_Rarely,598,Research & Development,9,3,Medical,1,17681,141136,3,Male,91,4,1,Research Scientist,3,Married,2451,22376,3,Y,No,18,3,1,80,2,5,2,2,1,0,0,0,Adzuna
29,Current employee,Travel_Rarely,1370,Research & Development,3,1,Medical,1,17942,141397,2,Male,87,3,1,Laboratory Technician,1,Single,4723,16213,1,Y,Yes,18,3,4,80,0,10,3,3,10,9,1,5,Company Website
29,Current employee,Travel_Rarely,1370,Research & Development,3,1,Life Sciences,1,17944,141399,2,Male,87,3,1,Laboratory Technician,1,Single,4723,16213,1,Y,Yes,18,4,4,80,0,10,3,3,10,9,1,5,Company Website
29,Current employee,Travel_Rarely,1370,Research & Development,3,1,Medical,1,17946,141401,2,Male,87,3,1,Laboratory Technician,1,Single,4723,16213,1,Y,Yes,18,3,4,80,0,10,3,3,10,9,1,5,Company Website
29,Current employee,Travel_Rarely,1370,Research & Development,3,1,Life Sciences,1,17947,141402,2,Male,87,3,1,Laboratory Technician,1,Single,4723,16213,1,Y,Yes,18,3,4,80,0,10,3,3,10,9,1,5,Company Website
29,Current employee,Travel_Rarely,1370,Research & Development,3,1,Medical,1,17950,141405,2,Male,87,3,1,Laboratory Technician,1,Single,4723,16213,1,Y,Yes,18,3,4,80,0,10,3,3,10,9,1,5,Company Website
29,Current employee,Travel_Rarely,1370,Research & Development,3,1,Life Sciences,1,17951,141406,2,Male,87,3,1,Laboratory Technician,1,Single,4723,16213,1,Y,Yes,18,4,4,80,0,10,3,3,10,9,1,5,Company Website
29,Current employee,Travel_Rarely,1370,Research & Development,3,1,Medical,1,17953,141408,2,Male,87,3,1,Laboratory Technician,1,Single,4723,16213,1,Y,Yes,18,3,4,80,0,10,3,3,10,9,1,5,Company Website
29,Current employee,Travel_Rarely,1370,Research & Development,3,1,Life Sciences,1,17954,141409,2,Male,87,3,1,Laboratory Technician,1,Single,4723,16213,1,Y,Yes,18,3,4,80,0,10,3,3,10,9,1,5,Company Website
29,Current employee,Travel_Frequently,995,Research & Development,2,1,Life Sciences,1,17985,141440,1,Male,87,3,2,Healthcare Representative,4,Divorced,8853,24483,1,Y,No,19,4,4,80,1,6,0,4,6,4,1,3,Company Website
29,Current employee,Travel_Frequently,995,Research & Development,2,1,Life Sciences,1,17987,141442,1,Male,87,3,2,Healthcare Representative,4,Divorced,8853,24483,0,Y,No,19,3,4,80,1,6,0,4,6,4,1,3,Company Website
29,Current employee,Travel_Frequently,995,Research & Development,2,1,Life Sciences,1,17989,141444,1,Male,87,3,2,Healthcare Representative,4,Divorced,8853,24483,1,Y,No,19,3,4,80,1,6,0,4,6,4,1,3,Company Website
29,Current employee,Travel_Frequently,995,Research & Development,2,1,Life Sciences,1,17990,141445,1,Male,87,3,2,Healthcare Representative,4,Divorced,8853,24483,0,Y,No,19,3,4,80,1,6,0,4,6,4,1,3,Company Website
29,Current employee,Travel_Frequently,995,Research & Development,2,1,Life Sciences,1,17993,141448,1,Male,87,3,2,Healthcare Representative,4,Divorced,8853,24483,1,Y,No,19,4,4,80,1,6,0,4,6,4,1,3,Company Website
29,Current employee,Travel_Frequently,995,Research & Development,2,1,Life Sciences,1,17995,141450,1,Male,87,3,2,Healthcare Representative,4,Divorced,8853,24483,0,Y,No,19,3,4,80,1,6,0,4,6,4,1,3,Company Website
29,Current employee,Travel_Frequently,995,Research & Development,2,1,Life Sciences,1,17997,141452,1,Male,87,3,2,Healthcare Representative,4,Divorced,8853,24483,1,Y,No,19,3,4,80,1,6,0,4,6,4,1,3,Company Website
29,Current employee,Travel_Frequently,995,Research & Development,2,1,Life Sciences,1,17998,141453,1,Male,87,3,2,Healthcare Representative,4,Divorced,8853,24483,0,Y,No,19,3,4,80,1,6,0,4,6,4,1,3,Company Website
29,Current employee,Travel_Rarely,1370,Research & Development,3,1,Medical,1,18201,141656,4,Female,87,4,1,Research Scientist,4,Married,3312,18783,3,Y,No,17,4,4,80,2,6,3,3,3,2,0,2,GlassDoor
29,Current employee,Travel_Rarely,1370,Research & Development,3,1,Life Sciences,1,18202,141657,4,Female,87,4,1,Research Scientist,4,Married,3312,18783,3,Y,No,17,3,4,80,2,6,3,3,3,2,0,2,GlassDoor
29,Current employee,Travel_Rarely,1370,Research & Development,3,1,Medical,1,18204,141659,4,Female,87,4,1,Research Scientist,4,Married,3312,18783,3,Y,No,17,3,4,80,2,6,3,3,3,2,0,2,GlassDoor
29,Current employee,Travel_Rarely,1370,Research & Development,3,1,Life Sciences,1,18205,141660,4,Female,87,4,1,Research Scientist,4,Married,3312,18783,3,Y,No,17,3,4,80,2,6,3,3,3,2,0,2,GlassDoor
29,Current employee,Travel_Rarely,1370,Research & Development,3,1,Medical,1,18208,141663,4,Female,87,4,1,Research Scientist,4,Married,3312,18783,3,Y,No,17,4,4,80,2,6,3,3,3,2,0,2,GlassDoor
29,Current employee,Travel_Rarely,1370,Research & Development,3,1,Life Sciences,1,18209,141664,4,Female,87,4,1,Research Scientist,4,Married,3312,18783,3,Y,No,17,3,4,80,2,6,3,3,3,2,0,2,GlassDoor
29,Current employee,Travel_Rarely,1370,Research & Development,3,1,Medical,1,18211,141666,4,Female,87,4,1,Research Scientist,4,Married,3312,18783,3,Y,No,17,3,4,80,2,6,3,3,3,2,0,2,GlassDoor
29,Current employee,Travel_Rarely,1370,Research & Development,3,1,Life Sciences,1,18212,141667,4,Female,87,4,1,Research Scientist,4,Married,3312,18783,3,Y,No,17,3,4,80,2,6,3,3,3,2,0,2,GlassDoor
29,Current employee,Travel_Rarely,469,Sales,10,3,Medical,1,18544,141999,4,Female,87,2,2,Manufacturing Director,4,Divorced,5770,5388,1,Y,No,19,3,1,80,2,10,3,3,10,7,3,9,Adzuna
29,Current employee,Travel_Rarely,469,Sales,10,3,Medical,1,18546,142001,4,Female,87,2,2,Manufacturing Director,4,Divorced,5770,5388,1,Y,No,19,3,1,80,2,10,3,3,10,7,3,9,Adzuna
29,Current employee,Travel_Rarely,469,Sales,10,3,Medical,1,18547,142002,4,Female,87,2,2,Manufacturing Director,4,Divorced,5770,5388,1,Y,No,19,3,1,80,2,10,3,3,10,7,3,9,Adzuna
29,Current employee,Travel_Rarely,469,Sales,10,3,Medical,1,18548,142003,4,Female,87,2,2,Manufacturing Director,4,Divorced,5770,5388,1,Y,No,19,3,1,80,2,10,3,3,10,7,3,9,Adzuna
29,Current employee,Travel_Rarely,469,Sales,10,3,Medical,1,18552,142007,4,Female,87,2,2,Manufacturing Director,4,Divorced,5770,5388,1,Y,No,19,3,1,80,2,10,3,3,10,7,3,9,Adzuna
29,Current employee,Travel_Rarely,469,Sales,10,3,Medical,1,18554,142009,4,Female,87,2,2,Manufacturing Director,4,Divorced,5770,5388,1,Y,No,19,3,1,80,2,10,3,3,10,7,3,9,Adzuna
29,Current employee,Travel_Rarely,469,Sales,10,3,Medical,1,17031,142010,4,Female,87,2,2,Manufacturing Director,4,Divorced,5770,5388,1,Y,No,19,3,1,80,2,10,3,3,10,7,3,9,Adzuna
29,Current employee,Travel_Rarely,469,Sales,10,3,Medical,1,18556,142011,4,Female,87,2,2,Manufacturing Director,4,Divorced,5770,5388,1,Y,No,19,3,1,80,2,10,3,3,10,7,3,9,Adzuna
29,Current employee,Travel_Rarely,991,Sales,5,3,Medical,1,18629,142084,4,Male,87,3,2,Human Resources,4,Married,5743,10503,4,Y,Yes,11,3,3,80,0,14,3,3,10,7,0,2,Seek
29,Current employee,Travel_Rarely,991,Sales,5,3,Life Sciences,1,18631,142086,4,Male,87,3,2,Human Resources,4,Married,5743,10503,0,Y,Yes,11,3,3,80,0,14,3,3,10,7,0,2,Seek
29,Current employee,Travel_Rarely,991,Sales,5,3,Medical,1,18632,142087,4,Male,87,3,2,Human Resources,4,Married,5743,10503,4,Y,Yes,11,3,3,80,0,14,3,3,10,7,0,2,Seek
29,Current employee,Travel_Rarely,991,Sales,5,3,Life Sciences,1,18633,142088,4,Male,87,3,2,Human Resources,4,Married,5743,10503,0,Y,Yes,11,3,3,80,0,14,3,3,10,7,0,2,Seek
29,Current employee,Travel_Rarely,991,Sales,5,3,Medical,1,18637,142092,4,Male,87,3,2,Human Resources,4,Married,5743,10503,4,Y,Yes,11,3,3,80,0,14,3,3,10,7,0,2,Seek
29,Current employee,Travel_Rarely,991,Sales,5,3,Life Sciences,1,18639,142094,4,Male,87,3,2,Human Resources,4,Married,5743,10503,0,Y,Yes,11,3,3,80,0,14,3,3,10,7,0,2,Seek
29,Current employee,Travel_Rarely,991,Sales,5,3,Medical,1,18640,142095,4,Male,87,3,2,Human Resources,4,Married,5743,10503,4,Y,Yes,11,3,3,80,0,14,3,3,10,7,0,2,Seek
29,Current employee,Travel_Rarely,991,Sales,5,3,Life Sciences,1,18641,142096,4,Male,87,3,2,Human Resources,4,Married,5743,10503,0,Y,Yes,11,3,3,80,0,14,3,3,10,7,0,2,Seek
29,Current employee,Travel_Rarely,469,Sales,10,3,Medical,1,18738,142193,3,Male,42,2,2,Sales Executive,3,Single,5869,23413,9,Y,No,11,3,3,80,0,8,2,3,5,2,1,4,Jora
29,Current employee,Travel_Rarely,469,Sales,10,3,Medical,1,18740,142195,3,Male,42,2,2,Sales Executive,3,Single,5869,23413,6,Y,No,11,3,3,80,0,8,2,3,5,2,1,4,Jora
29,Current employee,Travel_Rarely,469,Sales,10,3,Medical,1,18742,142197,3,Male,42,2,2,Sales Executive,3,Single,5869,23413,9,Y,No,11,3,3,80,0,8,2,3,5,2,1,4,Jora
29,Current employee,Travel_Rarely,469,Sales,10,3,Medical,1,18743,142198,3,Male,42,2,2,Sales Executive,3,Single,5869,23413,6,Y,No,11,3,3,80,0,8,2,3,5,2,1,4,Jora
29,Current employee,Travel_Rarely,469,Sales,10,3,Medical,1,18745,142200,3,Male,42,2,2,Sales Executive,3,Single,5869,23413,9,Y,No,11,3,3,80,0,8,2,3,5,2,1,4,Jora
29,Current employee,Travel_Rarely,469,Sales,10,3,Medical,1,18747,142202,3,Male,42,2,2,Sales Executive,3,Single,5869,23413,6,Y,No,11,3,3,80,0,8,2,3,5,2,1,4,Jora
29,Current employee,Travel_Rarely,469,Sales,10,3,Medical,1,18749,142204,3,Male,42,2,2,Sales Executive,3,Single,5869,23413,9,Y,No,11,3,3,80,0,8,2,3,5,2,1,4,Jora
29,Current employee,Travel_Rarely,469,Sales,10,3,Medical,1,18750,142205,3,Male,42,2,2,Sales Executive,3,Single,5869,23413,6,Y,No,11,3,3,80,0,8,2,3,5,2,1,4,Jora
29,Current employee,Travel_Rarely,1082,Research & Development,9,4,Medical,1,18904,142359,4,Female,88,2,2,Manufacturing Director,3,Married,4374,15411,0,Y,No,15,3,3,80,0,4,6,3,3,2,1,2,Adzuna
29,Current employee,Travel_Rarely,1082,Research & Development,9,4,Medical,1,18906,142361,4,Female,88,2,2,Manufacturing Director,3,Married,4374,15411,1,Y,No,15,3,3,80,0,4,6,3,3,2,1,2,Adzuna
29,Current employee,Travel_Rarely,1082,Research & Development,9,4,Medical,1,18907,142362,4,Female,88,2,2,Manufacturing Director,3,Married,4374,15411,0,Y,No,15,3,3,80,0,4,6,3,3,2,1,2,Adzuna
29,Current employee,Travel_Rarely,1082,Research & Development,9,4,Medical,1,18908,142363,4,Female,88,2,2,Manufacturing Director,3,Married,4374,15411,1,Y,No,15,3,3,80,0,4,6,3,3,2,1,2,Adzuna
29,Current employee,Travel_Rarely,1082,Research & Development,9,4,Medical,1,18912,142367,4,Female,88,2,2,Manufacturing Director,3,Married,4374,15411,0,Y,No,15,3,3,80,0,4,6,3,3,2,1,2,Adzuna
29,Current employee,Travel_Rarely,1082,Research & Development,9,4,Medical,1,18914,142369,4,Female,88,2,2,Manufacturing Director,3,Married,4374,15411,1,Y,No,15,3,3,80,0,4,6,3,3,2,1,2,Adzuna
29,Current employee,Travel_Rarely,1082,Research & Development,9,4,Medical,1,18915,142370,4,Female,88,2,2,Manufacturing Director,3,Married,4374,15411,0,Y,No,15,3,3,80,0,4,6,3,3,2,1,2,Adzuna
29,Current employee,Travel_Rarely,1082,Research & Development,9,4,Medical,1,18916,142371,4,Female,88,2,2,Manufacturing Director,3,Married,4374,15411,1,Y,No,15,3,3,80,0,4,6,3,3,2,1,2,Adzuna
29,Current employee,Travel_Rarely,991,Sales,5,3,Medical,1,18997,142452,1,Male,43,2,2,Sales Executive,2,Divorced,4187,3356,1,Y,Yes,13,3,2,80,1,10,3,2,10,0,0,9,Recruit.net
29,Current employee,Travel_Rarely,991,Sales,5,3,Life Sciences,1,18999,142454,1,Male,43,2,2,Sales Executive,2,Divorced,4187,3356,5,Y,Yes,13,3,2,80,1,10,3,2,10,0,0,9,Recruit.net
29,Current employee,Travel_Rarely,991,Sales,5,3,Medical,1,19003,142458,1,Male,43,2,2,Sales Executive,2,Divorced,4187,3356,1,Y,Yes,13,3,2,80,1,10,3,2,10,0,0,9,Recruit.net
29,Current employee,Travel_Rarely,991,Sales,5,3,Life Sciences,1,19004,142459,1,Male,43,2,2,Sales Executive,2,Divorced,4187,3356,5,Y,Yes,13,3,2,80,1,10,3,2,10,0,0,9,Recruit.net
29,Current employee,Travel_Rarely,991,Sales,5,3,Medical,1,19005,142460,1,Male,43,2,2,Sales Executive,2,Divorced,4187,3356,1,Y,Yes,13,3,2,80,1,10,3,2,10,0,0,9,Recruit.net
29,Current employee,Travel_Rarely,991,Sales,5,3,Life Sciences,1,19007,142462,1,Male,43,2,2,Sales Executive,2,Divorced,4187,3356,5,Y,Yes,13,3,2,80,1,10,3,2,10,0,0,9,Recruit.net
29,Current employee,Travel_Rarely,991,Sales,5,3,Medical,1,19011,142466,1,Male,43,2,2,Sales Executive,2,Divorced,4187,3356,1,Y,Yes,13,3,2,80,1,10,3,2,10,0,0,9,Recruit.net
29,Current employee,Travel_Rarely,991,Sales,5,3,Life Sciences,1,19012,142467,1,Male,43,2,2,Sales Executive,2,Divorced,4187,3356,5,Y,Yes,13,3,2,80,1,10,3,2,10,0,0,9,Recruit.net
29,Current employee,Travel_Frequently,574,Research & Development,20,1,Medical,1,19363,142818,4,Male,89,1,2,Sales Executive,4,Divorced,9525,7677,1,Y,No,14,3,3,80,2,6,2,2,6,3,1,3,Adzuna
29,Current employee,Travel_Frequently,574,Research & Development,20,1,Other,1,19365,142820,4,Male,89,1,2,Sales Executive,4,Divorced,9525,7677,7,Y,No,14,4,3,80,2,6,2,2,6,3,1,3,Adzuna
29,Current employee,Travel_Frequently,574,Research & Development,20,1,Medical,1,19366,142821,4,Male,89,1,2,Sales Executive,4,Divorced,9525,7677,1,Y,No,14,3,3,80,2,6,2,2,6,3,1,3,Adzuna
29,Current employee,Travel_Frequently,574,Research & Development,20,1,Other,1,19367,142822,4,Male,89,1,2,Sales Executive,4,Divorced,9525,7677,7,Y,No,14,3,3,80,2,6,2,2,6,3,1,3,Adzuna
29,Current employee,Travel_Frequently,574,Research & Development,20,1,Medical,1,19371,142826,4,Male,89,1,2,Sales Executive,4,Divorced,9525,7677,1,Y,No,14,3,3,80,2,6,2,2,6,3,1,3,Adzuna
29,Current employee,Travel_Frequently,574,Research & Development,20,1,Other,1,19373,142828,4,Male,89,1,2,Sales Executive,4,Divorced,9525,7677,7,Y,No,14,4,3,80,2,6,2,2,6,3,1,3,Adzuna
29,Current employee,Travel_Frequently,574,Research & Development,20,1,Medical,1,19374,142829,4,Male,89,1,2,Sales Executive,4,Divorced,9525,7677,1,Y,No,14,3,3,80,2,6,2,2,6,3,1,3,Adzuna
29,Current employee,Travel_Frequently,574,Research & Development,20,1,Other,1,19375,142830,4,Male,89,1,2,Sales Executive,4,Divorced,9525,7677,7,Y,No,14,3,3,80,2,6,2,2,6,3,1,3,Adzuna
29,Current employee,Travel_Rarely,352,Human Resources,6,1,Medical,1,19395,142850,4,Male,90,3,1,Sales Representative,4,Divorced,2275,25103,1,Y,Yes,21,3,2,80,1,3,2,3,3,2,0,2,Company Website
29,Current employee,Travel_Rarely,352,Human Resources,6,1,Marketing,1,19396,142851,4,Male,90,3,1,Sales Representative,4,Divorced,2275,25103,9,Y,Yes,21,3,2,80,1,3,2,3,3,2,0,2,Company Website
29,Current employee,Travel_Rarely,352,Human Resources,6,1,Medical,1,19400,142855,4,Male,90,3,1,Sales Representative,4,Divorced,2275,25103,1,Y,Yes,21,4,2,80,1,3,2,3,3,2,0,2,Company Website
29,Current employee,Travel_Rarely,352,Human Resources,6,1,Marketing,1,19401,142856,4,Male,90,3,1,Sales Representative,4,Divorced,2275,25103,9,Y,Yes,21,4,2,80,1,3,2,3,3,2,0,2,Company Website
29,Current employee,Travel_Rarely,352,Human Resources,6,1,Medical,1,19403,142858,4,Male,90,3,1,Sales Representative,4,Divorced,2275,25103,1,Y,Yes,21,3,2,80,1,3,2,3,3,2,0,2,Company Website
29,Current employee,Travel_Rarely,352,Human Resources,6,1,Marketing,1,19404,142859,4,Male,90,3,1,Sales Representative,4,Divorced,2275,25103,9,Y,Yes,21,3,2,80,1,3,2,3,3,2,0,2,Company Website
29,Current employee,Travel_Rarely,352,Human Resources,6,1,Medical,1,19408,142863,4,Male,90,3,1,Sales Representative,4,Divorced,2275,25103,1,Y,Yes,21,4,2,80,1,3,2,3,3,2,0,2,Company Website
29,Current employee,Travel_Rarely,352,Human Resources,6,1,Marketing,1,19409,142864,4,Male,90,3,1,Sales Representative,4,Divorced,2275,25103,9,Y,Yes,21,4,2,80,1,3,2,3,3,2,0,2,Company Website
29,Current employee,Travel_Rarely,1082,Research & Development,9,4,Medical,1,19490,142945,4,Female,43,3,1,Laboratory Technician,3,Married,2974,25412,9,Y,No,17,3,3,80,1,9,2,3,5,3,1,2,GlassDoor
29,Current employee,Travel_Rarely,1082,Research & Development,9,4,Medical,1,19492,142947,4,Female,43,3,1,Laboratory Technician,3,Married,2974,25412,1,Y,No,17,4,3,80,1,9,2,3,5,3,1,2,GlassDoor
29,Current employee,Travel_Rarely,1082,Research & Development,9,4,Medical,1,19494,142949,4,Female,43,3,1,Laboratory Technician,3,Married,2974,25412,9,Y,No,17,3,3,80,1,9,2,3,5,3,1,2,GlassDoor
29,Current employee,Travel_Rarely,1082,Research & Development,9,4,Medical,1,19495,142950,4,Female,43,3,1,Laboratory Technician,3,Married,2974,25412,1,Y,No,17,3,3,80,1,9,2,3,5,3,1,2,GlassDoor
29,Current employee,Travel_Rarely,1082,Research & Development,9,4,Medical,1,19498,142953,4,Female,43,3,1,Laboratory Technician,3,Married,2974,25412,9,Y,No,17,3,3,80,1,9,2,3,5,3,1,2,GlassDoor
29,Current employee,Travel_Rarely,1082,Research & Development,9,4,Medical,1,19500,142955,4,Female,43,3,1,Laboratory Technician,3,Married,2974,25412,1,Y,No,17,4,3,80,1,9,2,3,5,3,1,2,GlassDoor
29,Current employee,Travel_Rarely,1082,Research & Development,9,4,Medical,1,19502,142957,4,Female,43,3,1,Laboratory Technician,3,Married,2974,25412,9,Y,No,17,3,3,80,1,9,2,3,5,3,1,2,GlassDoor
29,Current employee,Travel_Rarely,1082,Research & Development,9,4,Medical,1,19503,142958,4,Female,43,3,1,Laboratory Technician,3,Married,2974,25412,1,Y,No,17,3,3,80,1,9,2,3,5,3,1,2,GlassDoor
29,Current employee,Travel_Frequently,461,Research & Development,1,3,Life Sciences,1,19984,143439,4,Male,70,4,2,Healthcare Representative,3,Single,6294,23060,8,Y,Yes,12,3,4,80,0,10,5,4,3,2,0,2,Company Website
29,Current employee,Travel_Rarely,468,Research & Development,28,4,Medical,1,19985,143440,4,Male,91,4,2,Healthcare Representative,3,Single,6294,23060,8,Y,Yes,12,3,4,80,0,10,5,4,3,2,0,2,Company Website
29,Current employee,Travel_Frequently,461,Research & Development,1,3,Life Sciences,1,19986,143441,4,Male,70,4,2,Healthcare Representative,3,Single,6294,23060,0,Y,Yes,12,3,4,80,0,10,5,4,3,2,0,2,Company Website
29,Current employee,Travel_Rarely,468,Research & Development,28,4,Technical Degree,1,19987,143442,4,Male,91,4,2,Healthcare Representative,3,Single,6294,23060,0,Y,Yes,12,3,4,80,0,10,5,4,3,2,0,2,Company Website
29,Current employee,Travel_Frequently,461,Research & Development,1,3,Life Sciences,1,19988,143443,4,Male,70,4,2,Healthcare Representative,3,Single,6294,23060,8,Y,Yes,12,3,4,80,0,10,5,4,3,2,0,2,Company Website
29,Current employee,Travel_Rarely,468,Research & Development,28,4,Medical,1,19989,143444,4,Male,91,4,2,Healthcare Representative,3,Single,6294,23060,8,Y,Yes,12,3,4,80,0,10,5,4,3,2,0,2,Company Website
29,Current employee,Travel_Frequently,461,Research & Development,1,3,Life Sciences,1,19990,143445,4,Male,70,4,2,Healthcare Representative,3,Single,6294,23060,0,Y,Yes,12,3,4,80,0,10,5,4,3,2,0,2,Company Website
29,Current employee,Travel_Rarely,468,Research & Development,28,4,Technical Degree,1,19991,143446,4,Male,91,4,2,Healthcare Representative,3,Single,6294,23060,0,Y,Yes,12,3,4,80,0,10,5,4,3,2,0,2,Company Website
29,Current employee,Travel_Frequently,461,Research & Development,1,3,Life Sciences,1,19992,143447,4,Male,70,4,2,Healthcare Representative,3,Single,6294,23060,8,Y,Yes,12,3,4,80,0,10,5,4,3,2,0,2,Company Website
29,Current employee,Travel_Rarely,468,Research & Development,28,4,Medical,1,19993,143448,4,Male,91,4,2,Healthcare Representative,3,Single,6294,23060,8,Y,Yes,12,3,4,80,0,10,5,4,3,2,0,2,Company Website
29,Current employee,Travel_Frequently,461,Research & Development,1,3,Life Sciences,1,19994,143449,4,Male,70,4,2,Healthcare Representative,3,Single,6294,23060,0,Y,Yes,12,3,4,80,0,10,5,4,3,2,0,2,Company Website
29,Current employee,Travel_Rarely,468,Research & Development,28,4,Technical Degree,1,19995,143450,4,Male,91,4,2,Healthcare Representative,3,Single,6294,23060,0,Y,Yes,12,3,4,80,0,10,5,4,3,2,0,2,Company Website
29,Current employee,Travel_Frequently,461,Research & Development,1,3,Life Sciences,1,19996,143451,4,Male,70,4,2,Healthcare Representative,3,Single,6294,23060,8,Y,Yes,12,3,4,80,0,10,5,4,3,2,0,2,Company Website
29,Current employee,Travel_Rarely,468,Research & Development,28,4,Medical,1,19997,143452,4,Male,91,4,2,Healthcare Representative,3,Single,6294,23060,8,Y,Yes,12,3,4,80,0,10,5,4,3,2,0,2,Company Website
29,Current employee,Travel_Frequently,461,Research & Development,1,3,Life Sciences,1,19998,143453,4,Male,70,4,2,Healthcare Representative,3,Single,6294,23060,0,Y,Yes,12,3,4,80,0,10,5,4,3,2,0,2,Company Website
29,Current employee,Travel_Rarely,468,Research & Development,28,4,Technical Degree,1,19999,143454,4,Male,91,4,2,Healthcare Representative,3,Single,6294,23060,0,Y,Yes,12,3,4,80,0,10,5,4,3,2,0,2,Company Website
29,Current employee,Travel_Rarely,590,Research & Development,4,3,Technical Degree,1,20111,143566,4,Female,91,2,1,Research Scientist,1,Divorced,2109,10007,1,Y,No,13,4,3,80,1,1,2,3,1,0,0,0,LinkedIn
29,Current employee,Travel_Rarely,590,Research & Development,4,3,Life Sciences,1,20113,143568,4,Female,91,2,1,Research Scientist,1,Divorced,2109,10007,3,Y,No,13,3,3,80,1,1,2,3,1,0,0,0,LinkedIn
29,Current employee,Travel_Rarely,590,Research & Development,4,3,Technical Degree,1,20115,143570,4,Female,91,2,1,Research Scientist,1,Divorced,2109,10007,1,Y,No,13,3,3,80,1,1,2,3,1,0,0,0,LinkedIn
29,Current employee,Travel_Rarely,590,Research & Development,4,3,Life Sciences,1,20116,143571,4,Female,91,2,1,Research Scientist,1,Divorced,2109,10007,3,Y,No,13,3,3,80,1,1,2,3,1,0,0,0,LinkedIn
29,Current employee,Travel_Rarely,590,Research & Development,4,3,Technical Degree,1,20118,143573,4,Female,91,2,1,Research Scientist,1,Divorced,2109,10007,1,Y,No,13,4,3,80,1,1,2,3,1,0,0,0,LinkedIn
29,Current employee,Travel_Rarely,590,Research & Development,4,3,Life Sciences,1,20120,143575,4,Female,91,2,1,Research Scientist,1,Divorced,2109,10007,3,Y,No,13,3,3,80,1,1,2,3,1,0,0,0,LinkedIn
29,Current employee,Travel_Rarely,590,Research & Development,4,3,Technical Degree,1,20122,143577,4,Female,91,2,1,Research Scientist,1,Divorced,2109,10007,1,Y,No,13,3,3,80,1,1,2,3,1,0,0,0,LinkedIn
29,Current employee,Travel_Rarely,590,Research & Development,4,3,Life Sciences,1,20123,143578,4,Female,91,2,1,Research Scientist,1,Divorced,2109,10007,3,Y,No,13,3,3,80,1,1,2,3,1,0,0,0,LinkedIn
29,Current employee,Travel_Rarely,738,Research & Development,9,5,Other,1,20284,143739,4,Male,92,3,1,Human Resources,4,Single,3539,5033,0,Y,No,13,3,2,80,0,10,5,3,9,7,1,8,Jora
29,Current employee,Travel_Rarely,738,Research & Development,9,5,Medical,1,20286,143741,4,Male,92,3,1,Human Resources,4,Single,3539,5033,0,Y,No,13,4,2,80,0,10,5,3,9,7,1,8,Jora
29,Current employee,Travel_Rarely,738,Research & Development,9,5,Other,1,20287,143742,4,Male,92,3,1,Human Resources,4,Single,3539,5033,0,Y,No,13,3,2,80,0,10,5,3,9,7,1,8,Jora
29,Current employee,Travel_Rarely,738,Research & Development,9,5,Medical,1,20288,143743,4,Male,92,3,1,Human Resources,4,Single,3539,5033,0,Y,No,13,3,2,80,0,10,5,3,9,7,1,8,Jora
29,Current employee,Travel_Rarely,738,Research & Development,9,5,Other,1,20292,143747,4,Male,92,3,1,Human Resources,4,Single,3539,5033,0,Y,No,13,3,2,80,0,10,5,3,9,7,1,8,Jora
29,Current employee,Travel_Rarely,738,Research & Development,9,5,Medical,1,20294,143749,4,Male,92,3,1,Human Resources,4,Single,3539,5033,0,Y,No,13,4,2,80,0,10,5,3,9,7,1,8,Jora
29,Current employee,Travel_Rarely,738,Research & Development,9,5,Other,1,20295,143750,4,Male,92,3,1,Human Resources,4,Single,3539,5033,0,Y,No,13,3,2,80,0,10,5,3,9,7,1,8,Jora
29,Current employee,Travel_Rarely,738,Research & Development,9,5,Medical,1,20296,143751,4,Male,92,3,1,Human Resources,4,Single,3539,5033,0,Y,No,13,3,2,80,0,10,5,3,9,7,1,8,Jora
29,Current employee,Travel_Rarely,332,Human Resources,17,3,Other,1,20940,144395,4,Male,94,3,4,Research Director,3,Married,15787,21624,2,Y,Yes,14,4,2,80,0,23,3,3,2,2,2,2,Seek
29,Current employee,Travel_Rarely,332,Human Resources,17,3,Medical,1,20942,144397,4,Male,94,3,4,Research Director,3,Married,15787,21624,2,Y,Yes,14,3,2,80,0,23,3,3,2,2,2,2,Seek
29,Current employee,Travel_Rarely,332,Human Resources,17,3,Other,1,20943,144398,4,Male,94,3,4,Research Director,3,Married,15787,21624,2,Y,Yes,14,3,2,80,0,23,3,3,2,2,2,2,Seek
29,Current employee,Travel_Rarely,332,Human Resources,17,3,Medical,1,20944,144399,4,Male,94,3,4,Research Director,3,Married,15787,21624,2,Y,Yes,14,3,2,80,0,23,3,3,2,2,2,2,Seek
29,Current employee,Travel_Rarely,332,Human Resources,17,3,Other,1,20948,144403,4,Male,94,3,4,Research Director,3,Married,15787,21624,2,Y,Yes,14,4,2,80,0,23,3,3,2,2,2,2,Seek
29,Current employee,Travel_Rarely,332,Human Resources,17,3,Medical,1,20950,144405,4,Male,94,3,4,Research Director,3,Married,15787,21624,2,Y,Yes,14,3,2,80,0,23,3,3,2,2,2,2,Seek
29,Current employee,Travel_Rarely,332,Human Resources,17,3,Other,1,20951,144406,4,Male,94,3,4,Research Director,3,Married,15787,21624,2,Y,Yes,14,3,2,80,0,23,3,3,2,2,2,2,Seek
29,Current employee,Travel_Rarely,332,Human Resources,17,3,Medical,1,20952,144407,4,Male,94,3,4,Research Director,3,Married,15787,21624,2,Y,Yes,14,3,2,80,0,23,3,3,2,2,2,2,Seek
29,Current employee,Travel_Rarely,441,Research & Development,8,1,Other,1,21019,144474,4,Female,94,3,2,Research Scientist,2,Married,6962,19573,4,Y,Yes,22,3,4,80,1,15,2,3,1,0,0,0,Company Website
29,Current employee,Travel_Rarely,441,Research & Development,8,1,Medical,1,21021,144476,4,Female,94,3,2,Research Scientist,2,Married,6962,19573,3,Y,Yes,22,3,4,80,1,15,2,3,1,0,0,0,Company Website
29,Current employee,Travel_Rarely,441,Research & Development,8,1,Other,1,21022,144477,4,Female,94,3,2,Research Scientist,2,Married,6962,19573,4,Y,Yes,22,4,4,80,1,15,2,3,1,0,0,0,Company Website
29,Current employee,Travel_Rarely,441,Research & Development,8,1,Medical,1,21023,144478,4,Female,94,3,2,Research Scientist,2,Married,6962,19573,3,Y,Yes,22,4,4,80,1,15,2,3,1,0,0,0,Company Website
29,Current employee,Travel_Rarely,441,Research & Development,8,1,Other,1,21027,144482,4,Female,94,3,2,Research Scientist,2,Married,6962,19573,4,Y,Yes,22,3,4,80,1,15,2,3,1,0,0,0,Company Website
29,Current employee,Travel_Rarely,441,Research & Development,8,1,Medical,1,21029,144484,4,Female,94,3,2,Research Scientist,2,Married,6962,19573,3,Y,Yes,22,3,4,80,1,15,2,3,1,0,0,0,Company Website
29,Current employee,Travel_Rarely,441,Research & Development,8,1,Other,1,21030,144485,4,Female,94,3,2,Research Scientist,2,Married,6962,19573,4,Y,Yes,22,4,4,80,1,15,2,3,1,0,0,0,Company Website
29,Current employee,Travel_Rarely,441,Research & Development,8,1,Medical,1,21031,144486,4,Female,94,3,2,Research Scientist,2,Married,6962,19573,3,Y,Yes,22,4,4,80,1,15,2,3,1,0,0,0,Company Website
29,Current employee,Travel_Frequently,574,Research & Development,20,1,Medical,1,21066,144521,4,Male,40,3,1,Laboratory Technician,4,Married,3812,7003,1,Y,No,13,3,2,80,0,11,3,4,11,8,3,10,GlassDoor
29,Current employee,Travel_Frequently,574,Research & Development,20,1,Medical,1,21068,144523,4,Male,40,3,1,Laboratory Technician,4,Married,3812,7003,1,Y,No,13,3,2,80,0,11,3,4,11,8,3,10,GlassDoor
29,Current employee,Travel_Frequently,574,Research & Development,20,1,Medical,1,21072,144527,4,Male,40,3,1,Laboratory Technician,4,Married,3812,7003,1,Y,No,13,3,2,80,0,11,3,4,11,8,3,10,GlassDoor
29,Current employee,Travel_Frequently,574,Research & Development,20,1,Medical,1,21073,144528,4,Male,40,3,1,Laboratory Technician,4,Married,3812,7003,1,Y,No,13,3,2,80,0,11,3,4,11,8,3,10,GlassDoor
29,Current employee,Travel_Frequently,574,Research & Development,20,1,Medical,1,21074,144529,4,Male,40,3,1,Laboratory Technician,4,Married,3812,7003,1,Y,No,13,3,2,80,0,11,3,4,11,8,3,10,GlassDoor
29,Current employee,Travel_Frequently,574,Research & Development,20,1,Medical,1,21076,144531,4,Male,40,3,1,Laboratory Technician,4,Married,3812,7003,1,Y,No,13,3,2,80,0,11,3,4,11,8,3,10,GlassDoor
29,Current employee,Travel_Frequently,574,Research & Development,20,1,Medical,1,21080,144535,4,Male,40,3,1,Laboratory Technician,4,Married,3812,7003,1,Y,No,13,3,2,80,0,11,3,4,11,8,3,10,GlassDoor
29,Current employee,Travel_Frequently,574,Research & Development,20,1,Medical,1,21081,144536,4,Male,40,3,1,Laboratory Technician,4,Married,3812,7003,1,Y,No,13,3,2,80,0,11,3,4,11,8,3,10,GlassDoor
29,Current employee,Travel_Rarely,726,Research & Development,29,1,Life Sciences,1,21162,144617,4,Male,30,1,2,Healthcare Representative,3,Divorced,6384,21143,8,Y,No,17,4,4,80,2,11,3,3,7,0,1,6,Seek
29,Current employee,Travel_Rarely,726,Research & Development,29,1,Technical Degree,1,21165,144620,4,Male,30,1,2,Healthcare Representative,3,Divorced,6384,21143,0,Y,No,17,3,4,80,2,11,3,3,7,0,1,6,Seek
29,Current employee,Travel_Rarely,726,Research & Development,29,1,Life Sciences,1,21166,144621,4,Male,30,1,2,Healthcare Representative,3,Divorced,6384,21143,8,Y,No,17,3,4,80,2,11,3,3,7,0,1,6,Seek
29,Current employee,Travel_Rarely,726,Research & Development,29,1,Technical Degree,1,21167,144622,4,Male,30,1,2,Healthcare Representative,3,Divorced,6384,21143,0,Y,No,17,3,4,80,2,11,3,3,7,0,1,6,Seek
29,Current employee,Travel_Rarely,726,Research & Development,29,1,Life Sciences,1,21170,144625,4,Male,30,1,2,Healthcare Representative,3,Divorced,6384,21143,8,Y,No,17,4,4,80,2,11,3,3,7,0,1,6,Seek
29,Current employee,Travel_Rarely,726,Research & Development,29,1,Technical Degree,1,21173,144628,4,Male,30,1,2,Healthcare Representative,3,Divorced,6384,21143,0,Y,No,17,3,4,80,2,11,3,3,7,0,1,6,Seek
29,Current employee,Travel_Rarely,726,Research & Development,29,1,Life Sciences,1,21174,144629,4,Male,30,1,2,Healthcare Representative,3,Divorced,6384,21143,8,Y,No,17,3,4,80,2,11,3,3,7,0,1,6,Seek
29,Current employee,Travel_Rarely,726,Research & Development,29,1,Technical Degree,1,21175,144630,4,Male,30,1,2,Healthcare Representative,3,Divorced,6384,21143,0,Y,No,17,3,4,80,2,11,3,3,7,0,1,6,Seek
29,Current employee,Travel_Rarely,352,Human Resources,6,1,Medical,1,21242,144697,4,Male,30,2,1,Human Resources,2,Married,2804,15434,1,Y,No,11,3,4,80,0,1,3,3,1,0,0,0,Jora
29,Current employee,Travel_Rarely,352,Human Resources,6,1,Marketing,1,21244,144699,4,Male,30,2,1,Human Resources,2,Married,2804,15434,0,Y,No,11,3,4,80,0,1,3,3,1,0,0,0,Jora
29,Current employee,Travel_Rarely,352,Human Resources,6,1,Medical,1,21246,144701,4,Male,30,2,1,Human Resources,2,Married,2804,15434,1,Y,No,11,3,4,80,0,1,3,3,1,0,0,0,Jora
29,Current employee,Travel_Rarely,352,Human Resources,6,1,Marketing,1,21247,144702,4,Male,30,2,1,Human Resources,2,Married,2804,15434,0,Y,No,11,3,4,80,0,1,3,3,1,0,0,0,Jora
29,Current employee,Travel_Rarely,352,Human Resources,6,1,Medical,1,21250,144705,4,Male,30,2,1,Human Resources,2,Married,2804,15434,1,Y,No,11,3,4,80,0,1,3,3,1,0,0,0,Jora
29,Current employee,Travel_Rarely,352,Human Resources,6,1,Marketing,1,21252,144707,4,Male,30,2,1,Human Resources,2,Married,2804,15434,0,Y,No,11,3,4,80,0,1,3,3,1,0,0,0,Jora
29,Current employee,Travel_Rarely,352,Human Resources,6,1,Medical,1,21254,144709,4,Male,30,2,1,Human Resources,2,Married,2804,15434,1,Y,No,11,3,4,80,0,1,3,3,1,0,0,0,Jora
29,Current employee,Travel_Rarely,352,Human Resources,6,1,Marketing,1,21255,144710,4,Male,30,2,1,Human Resources,2,Married,2804,15434,0,Y,No,11,3,4,80,0,1,3,3,1,0,0,0,Jora
29,Current employee,Travel_Rarely,1378,Research & Development,13,2,Other,1,21355,144810,4,Male,95,2,1,Research Scientist,4,Married,2662,7975,8,Y,No,20,3,2,80,1,19,2,4,5,2,0,4,Seek
29,Current employee,Travel_Rarely,1378,Research & Development,13,2,Medical,1,21357,144812,4,Male,95,2,1,Research Scientist,4,Married,2662,7975,3,Y,No,20,4,2,80,1,19,2,4,5,2,0,4,Seek
29,Current employee,Travel_Rarely,1378,Research & Development,13,2,Other,1,21358,144813,4,Male,95,2,1,Research Scientist,4,Married,2662,7975,8,Y,No,20,4,2,80,1,19,2,4,5,2,0,4,Seek
29,Current employee,Travel_Rarely,1378,Research & Development,13,2,Medical,1,21359,144814,4,Male,95,2,1,Research Scientist,4,Married,2662,7975,3,Y,No,20,4,2,80,1,19,2,4,5,2,0,4,Seek
29,Current employee,Travel_Rarely,1378,Research & Development,13,2,Other,1,21362,144817,4,Male,95,2,1,Research Scientist,4,Married,2662,7975,8,Y,No,20,3,2,80,1,19,2,4,5,2,0,4,Seek
29,Current employee,Travel_Rarely,1378,Research & Development,13,2,Medical,1,21364,144819,4,Male,95,2,1,Research Scientist,4,Married,2662,7975,3,Y,No,20,4,2,80,1,19,2,4,5,2,0,4,Seek
29,Current employee,Travel_Rarely,1378,Research & Development,13,2,Other,1,21365,144820,4,Male,95,2,1,Research Scientist,4,Married,2662,7975,8,Y,No,20,4,2,80,1,19,2,4,5,2,0,4,Seek
29,Current employee,Travel_Rarely,1378,Research & Development,13,2,Medical,1,21366,144821,4,Male,95,2,1,Research Scientist,4,Married,2662,7975,3,Y,No,20,4,2,80,1,19,2,4,5,2,0,4,Seek
29,Current employee,Travel_Rarely,592,Research & Development,7,3,Life Sciences,1,21464,144919,4,Male,30,3,1,Laboratory Technician,1,Single,2062,19384,3,Y,No,14,3,2,80,0,11,2,3,3,2,1,2,Company Website