Age,Attrition,BusinessTravel,DailyRate,Department,DistanceFromHome,Education,EducationField,EmployeeCount,EmployeeNumber,Application ID,EnvironmentSatisfaction,Gender,HourlyRate,JobInvolvement,JobLevel,JobRole,JobSatisfaction,MaritalStatus,MonthlyIncome,MonthlyRate,NumCompaniesWorked,Over18,OverTime,PercentSalaryHike,PerformanceRating,RelationshipSatisfaction,StandardHours,StockOptionLevel,TotalWorkingYears,TrainingTimesLastYear,WorkLifeBalance,YearsAtCompany,YearsInCurrentRole,YearsSinceLastPromotion,YearsWithCurrManager,Employee Source
40,Current employee,Travel_Rarely,1194,Research & Development,1,3,Life Sciences,1,9076,132531,2,Male,62,4,1,Research Scientist,3,Single,3505,19630,2,Y,No,18,4,4,80,0,2,3,3,2,2,0,2,Company Website
40,Current employee,Travel_Rarely,1194,Research & Development,1,3,Life Sciences,1,9080,132535,2,Male,62,4,1,Research Scientist,3,Single,3505,19630,1,Y,No,18,3,4,80,0,2,3,3,2,2,0,2,Company Website
40,Current employee,Travel_Rarely,1194,Research & Development,1,3,Life Sciences,1,9081,132536,2,Male,62,4,1,Research Scientist,3,Single,3505,19630,2,Y,No,18,3,4,80,0,2,3,3,2,2,0,2,Company Website
40,Current employee,Travel_Rarely,1194,Research & Development,1,3,Life Sciences,1,9083,132538,2,Male,62,4,1,Research Scientist,3,Single,3505,19630,1,Y,No,18,3,4,80,0,2,3,3,2,2,0,2,Company Website
40,Current employee,Travel_Rarely,1194,Research & Development,1,3,Life Sciences,1,9084,132539,2,Male,62,4,1,Research Scientist,3,Single,3505,19630,2,Y,No,18,4,4,80,0,2,3,3,2,2,0,2,Company Website
40,Current employee,Travel_Rarely,1194,Research & Development,1,3,Life Sciences,1,9088,132543,2,Male,62,4,1,Research Scientist,3,Single,3505,19630,1,Y,No,18,3,4,80,0,2,3,3,2,2,0,2,Company Website
40,Current employee,Travel_Rarely,1194,Research & Development,1,3,Life Sciences,1,9089,132544,2,Male,62,4,1,Research Scientist,3,Single,3505,19630,2,Y,No,18,3,4,80,0,2,3,3,2,2,0,2,Company Website
40,Current employee,Travel_Rarely,750,Research & Development,12,3,Life Sciences,1,9106,132561,2,Male,62,3,2,Sales Executive,4,Single,6274,18686,1,Y,No,22,3,3,80,0,6,5,3,6,5,1,4,Adzuna
40,Current employee,Travel_Rarely,750,Research & Development,12,3,Medical,1,9108,132563,2,Male,62,3,2,Sales Executive,4,Single,6274,18686,7,Y,No,22,3,3,80,0,6,5,3,6,5,1,4,Adzuna
40,Current employee,Travel_Rarely,750,Research & Development,12,3,Life Sciences,1,9111,132566,2,Male,62,3,2,Sales Executive,4,Single,6274,18686,1,Y,No,22,4,3,80,0,6,5,3,6,5,1,4,Adzuna
40,Current employee,Travel_Rarely,750,Research & Development,12,3,Medical,1,9112,132567,2,Male,62,3,2,Sales Executive,4,Single,6274,18686,7,Y,No,22,4,3,80,0,6,5,3,6,5,1,4,Adzuna
40,Current employee,Travel_Rarely,750,Research & Development,12,3,Life Sciences,1,9114,132569,2,Male,62,3,2,Sales Executive,4,Single,6274,18686,1,Y,No,22,3,3,80,0,6,5,3,6,5,1,4,Adzuna
40,Current employee,Travel_Rarely,750,Research & Development,12,3,Medical,1,9116,132571,2,Male,62,3,2,Sales Executive,4,Single,6274,18686,7,Y,No,22,3,3,80,0,6,5,3,6,5,1,4,Adzuna
40,Current employee,Travel_Rarely,750,Research & Development,12,3,Life Sciences,1,9119,132574,2,Male,62,3,2,Sales Executive,4,Single,6274,18686,1,Y,No,22,4,3,80,0,6,5,3,6,5,1,4,Adzuna
40,Current employee,Travel_Rarely,750,Research & Development,12,3,Medical,1,9120,132575,2,Male,62,3,2,Sales Executive,4,Single,6274,18686,7,Y,No,22,4,3,80,0,6,5,3,6,5,1,4,Adzuna
40,Current employee,Travel_Frequently,791,Research & Development,2,2,Medical,1,9348,132803,3,Female,38,4,2,Healthcare Representative,2,Married,4244,9931,1,Y,No,24,4,4,80,1,8,2,3,8,7,3,7,Seek
40,Current employee,Travel_Frequently,791,Research & Development,2,2,Life Sciences,1,9350,132805,3,Female,38,4,2,Healthcare Representative,2,Married,4244,9931,0,Y,No,24,4,4,80,1,8,2,3,8,7,3,7,Seek
40,Current employee,Travel_Frequently,791,Research & Development,2,2,Medical,1,9354,132809,3,Female,38,4,2,Healthcare Representative,2,Married,4244,9931,1,Y,No,24,4,4,80,1,8,2,3,8,7,3,7,Seek
40,Current employee,Travel_Frequently,791,Research & Development,2,2,Life Sciences,1,9355,132810,3,Female,38,4,2,Healthcare Representative,2,Married,4244,9931,0,Y,No,24,4,4,80,1,8,2,3,8,7,3,7,Seek
40,Current employee,Travel_Frequently,791,Research & Development,2,2,Medical,1,9356,132811,3,Female,38,4,2,Healthcare Representative,2,Married,4244,9931,1,Y,No,24,4,4,80,1,8,2,3,8,7,3,7,Seek
40,Current employee,Travel_Frequently,791,Research & Development,2,2,Life Sciences,1,9358,132813,3,Female,38,4,2,Healthcare Representative,2,Married,4244,9931,0,Y,No,24,4,4,80,1,8,2,3,8,7,3,7,Seek
40,Current employee,Travel_Frequently,791,Research & Development,2,2,Medical,1,9362,132817,3,Female,38,4,2,Healthcare Representative,2,Married,4244,9931,1,Y,No,24,4,4,80,1,8,2,3,8,7,3,7,Seek
40,Current employee,Travel_Frequently,791,Research & Development,2,2,Life Sciences,1,9363,132818,3,Female,38,4,2,Healthcare Representative,2,Married,4244,9931,0,Y,No,24,4,4,80,1,8,2,3,8,7,3,7,Seek
40,Current employee,Travel_Rarely,1137,Research & Development,1,4,Life Sciences,1,9413,132868,3,Male,62,2,1,Laboratory Technician,2,Divorced,2694,26551,1,Y,No,11,3,3,80,3,1,4,3,1,0,0,0,Seek
40,Current employee,Travel_Rarely,1137,Research & Development,1,4,Life Sciences,1,9418,132873,3,Male,62,2,1,Laboratory Technician,2,Divorced,2694,26551,1,Y,No,11,3,3,80,3,1,4,3,1,0,0,0,Seek
40,Current employee,Travel_Rarely,1137,Research & Development,1,4,Life Sciences,1,9419,132874,3,Male,62,2,1,Laboratory Technician,2,Divorced,2694,26551,1,Y,No,11,3,3,80,3,1,4,3,1,0,0,0,Seek
40,Current employee,Travel_Rarely,1137,Research & Development,1,4,Life Sciences,1,9421,132876,3,Male,62,2,1,Laboratory Technician,2,Divorced,2694,26551,1,Y,No,11,3,3,80,3,1,4,3,1,0,0,0,Seek
40,Current employee,Travel_Rarely,1137,Research & Development,1,4,Life Sciences,1,9422,132877,3,Male,62,2,1,Laboratory Technician,2,Divorced,2694,26551,1,Y,No,11,3,3,80,3,1,4,3,1,0,0,0,Seek
40,Current employee,Travel_Rarely,1137,Research & Development,1,4,Life Sciences,1,9426,132881,3,Male,62,2,1,Laboratory Technician,2,Divorced,2694,26551,1,Y,No,11,3,3,80,3,1,4,3,1,0,0,0,Seek
40,Current employee,Travel_Rarely,1137,Research & Development,1,4,Life Sciences,1,9427,132882,3,Male,62,2,1,Laboratory Technician,2,Divorced,2694,26551,1,Y,No,11,3,3,80,3,1,4,3,1,0,0,0,Seek
40,Current employee,Travel_Frequently,720,Research & Development,16,4,Medical,1,9652,133107,1,Male,51,2,2,Laboratory Technician,3,Single,5094,11983,6,Y,No,14,3,4,80,0,10,6,3,1,0,0,0,Indeed
40,Current employee,Travel_Frequently,720,Research & Development,16,4,Medical,1,9655,133110,1,Male,51,2,2,Laboratory Technician,3,Single,5094,11983,1,Y,No,14,3,4,80,0,10,6,3,1,0,0,0,Indeed
40,Current employee,Travel_Frequently,720,Research & Development,16,4,Medical,1,9658,133113,1,Male,51,2,2,Laboratory Technician,3,Single,5094,11983,6,Y,No,14,3,4,80,0,10,6,3,1,0,0,0,Indeed
40,Current employee,Travel_Frequently,720,Research & Development,16,4,Medical,1,9659,133114,1,Male,51,2,2,Laboratory Technician,3,Single,5094,11983,1,Y,No,14,3,4,80,0,10,6,3,1,0,0,0,Indeed
40,Current employee,Travel_Frequently,720,Research & Development,16,4,Medical,1,9660,133115,1,Male,51,2,2,Laboratory Technician,3,Single,5094,11983,6,Y,No,14,3,4,80,0,10,6,3,1,0,0,0,Indeed
40,Current employee,Travel_Frequently,720,Research & Development,16,4,Medical,1,9663,133118,1,Male,51,2,2,Laboratory Technician,3,Single,5094,11983,1,Y,No,14,3,4,80,0,10,6,3,1,0,0,0,Indeed
40,Current employee,Travel_Frequently,720,Research & Development,16,4,Medical,1,9666,133121,1,Male,51,2,2,Laboratory Technician,3,Single,5094,11983,6,Y,No,14,3,4,80,0,10,6,3,1,0,0,0,Indeed
40,Current employee,Travel_Frequently,720,Research & Development,16,4,Medical,1,9667,133122,1,Male,51,2,2,Laboratory Technician,3,Single,5094,11983,1,Y,No,14,3,4,80,0,10,6,3,1,0,0,0,Indeed
40,Current employee,Travel_Rarely,543,Research & Development,1,4,Life Sciences,1,9876,133331,3,Male,64,3,1,Research Scientist,4,Married,1706,16571,1,Y,No,11,3,3,80,3,0,6,2,0,0,0,0,LinkedIn
40,Current employee,Travel_Rarely,543,Research & Development,1,4,Life Sciences,1,9877,133332,3,Male,64,3,1,Research Scientist,4,Married,1706,16571,2,Y,No,11,3,3,80,3,0,6,2,0,0,0,0,LinkedIn
40,Current employee,Travel_Rarely,543,Research & Development,1,4,Life Sciences,1,9881,133336,3,Male,64,3,1,Research Scientist,4,Married,1706,16571,1,Y,No,11,3,3,80,3,0,6,2,0,0,0,0,LinkedIn
40,Current employee,Travel_Rarely,543,Research & Development,1,4,Life Sciences,1,9882,133337,3,Male,64,3,1,Research Scientist,4,Married,1706,16571,2,Y,No,11,3,3,80,3,0,6,2,0,0,0,0,LinkedIn
40,Current employee,Travel_Rarely,543,Research & Development,1,4,Life Sciences,1,9884,133339,3,Male,64,3,1,Research Scientist,4,Married,1706,16571,1,Y,No,11,3,3,80,3,0,6,2,0,0,0,0,LinkedIn
40,Current employee,Travel_Rarely,543,Research & Development,1,4,Life Sciences,1,9885,133340,3,Male,64,3,1,Research Scientist,4,Married,1706,16571,2,Y,No,11,3,3,80,3,0,6,2,0,0,0,0,LinkedIn
40,Current employee,Travel_Rarely,543,Research & Development,1,4,Life Sciences,1,9889,133344,3,Male,64,3,1,Research Scientist,4,Married,1706,16571,1,Y,No,11,3,3,80,3,0,6,2,0,0,0,0,LinkedIn
40,Current employee,Travel_Rarely,543,Research & Development,1,4,Life Sciences,1,9890,133345,3,Male,64,3,1,Research Scientist,4,Married,1706,16571,2,Y,No,11,3,3,80,3,0,6,2,0,0,0,0,LinkedIn
40,Current employee,Travel_Rarely,1322,Research & Development,2,4,Life Sciences,1,10097,133552,3,Male,64,2,1,Human Resources,4,Divorced,4936,23965,1,Y,No,13,3,4,80,1,6,6,3,5,1,0,4,Referral
40,Current employee,Travel_Rarely,1322,Research & Development,2,4,Life Sciences,1,10098,133553,3,Male,64,2,1,Human Resources,4,Divorced,4936,23965,0,Y,No,13,3,4,80,1,6,6,3,5,1,0,4,Referral
40,Current employee,Travel_Rarely,1322,Research & Development,2,4,Life Sciences,1,10102,133557,3,Male,64,2,1,Human Resources,4,Divorced,4936,23965,1,Y,No,13,3,4,80,1,6,6,3,5,1,0,4,Referral
40,Current employee,Travel_Rarely,1322,Research & Development,2,4,Life Sciences,1,10103,133558,3,Male,64,2,1,Human Resources,4,Divorced,4936,23965,0,Y,No,13,3,4,80,1,6,6,3,5,1,0,4,Referral
40,Current employee,Travel_Rarely,1322,Research & Development,2,4,Life Sciences,1,10105,133560,3,Male,64,2,1,Human Resources,4,Divorced,4936,23965,1,Y,No,13,3,4,80,1,6,6,3,5,1,0,4,Referral
40,Current employee,Travel_Rarely,1322,Research & Development,2,4,Life Sciences,1,10106,133561,3,Male,64,2,1,Human Resources,4,Divorced,4936,23965,0,Y,No,13,3,4,80,1,6,6,3,5,1,0,4,Referral
40,Current employee,Travel_Rarely,1322,Research & Development,2,4,Life Sciences,1,10110,133565,3,Male,64,2,1,Human Resources,4,Divorced,4936,23965,1,Y,No,13,3,4,80,1,6,6,3,5,1,0,4,Referral
40,Current employee,Travel_Rarely,1322,Research & Development,2,4,Life Sciences,1,10111,133566,3,Male,64,2,1,Human Resources,4,Divorced,4936,23965,0,Y,No,13,3,4,80,1,6,6,3,5,1,0,4,Referral
40,Current employee,Travel_Rarely,630,Sales,4,4,Marketing,1,10430,133885,3,Female,65,3,2,Healthcare Representative,4,Married,5562,21782,4,Y,No,13,3,2,80,1,12,2,2,5,2,2,2,Seek
40,Current employee,Travel_Rarely,630,Sales,4,4,Life Sciences,1,10432,133887,3,Female,65,3,2,Healthcare Representative,4,Married,5562,21782,0,Y,No,13,3,2,80,1,12,2,2,5,2,2,2,Seek
40,Current employee,Travel_Rarely,630,Sales,4,4,Marketing,1,10433,133888,3,Female,65,3,2,Healthcare Representative,4,Married,5562,21782,4,Y,No,13,3,2,80,1,12,2,2,5,2,2,2,Seek
40,Current employee,Travel_Rarely,630,Sales,4,4,Life Sciences,1,10434,133889,3,Female,65,3,2,Healthcare Representative,4,Married,5562,21782,0,Y,No,13,3,2,80,1,12,2,2,5,2,2,2,Seek
40,Current employee,Travel_Rarely,630,Sales,4,4,Marketing,1,10438,133893,3,Female,65,3,2,Healthcare Representative,4,Married,5562,21782,4,Y,No,13,3,2,80,1,12,2,2,5,2,2,2,Seek
40,Current employee,Travel_Rarely,630,Sales,4,4,Life Sciences,1,10440,133895,3,Female,65,3,2,Healthcare Representative,4,Married,5562,21782,0,Y,No,13,3,2,80,1,12,2,2,5,2,2,2,Seek
40,Current employee,Travel_Rarely,630,Sales,4,4,Marketing,1,10441,133896,3,Female,65,3,2,Healthcare Representative,4,Married,5562,21782,4,Y,No,13,3,2,80,1,12,2,2,5,2,2,2,Seek
40,Current employee,Travel_Rarely,630,Sales,4,4,Life Sciences,1,10442,133897,3,Female,65,3,2,Healthcare Representative,4,Married,5562,21782,0,Y,No,13,3,2,80,1,12,2,2,5,2,2,2,Seek
40,Current employee,Travel_Rarely,759,Sales,2,2,Marketing,1,10876,134331,3,Female,66,3,3,Laboratory Technician,2,Married,7403,22477,4,Y,No,11,3,3,80,1,29,3,2,26,9,1,7,Indeed
40,Current employee,Travel_Rarely,759,Sales,2,2,Life Sciences,1,10877,134332,3,Female,66,3,3,Laboratory Technician,2,Married,7403,22477,1,Y,No,11,3,3,80,1,29,3,2,26,9,1,7,Indeed
40,Current employee,Travel_Rarely,759,Sales,2,2,Marketing,1,10879,134334,3,Female,66,3,3,Laboratory Technician,2,Married,7403,22477,4,Y,No,11,3,3,80,1,29,3,2,26,9,1,7,Indeed
40,Current employee,Travel_Rarely,759,Sales,2,2,Life Sciences,1,10880,134335,3,Female,66,3,3,Laboratory Technician,2,Married,7403,22477,1,Y,No,11,3,3,80,1,29,3,2,26,9,1,7,Indeed
40,Current employee,Travel_Rarely,759,Sales,2,2,Marketing,1,10884,134339,3,Female,66,3,3,Laboratory Technician,2,Married,7403,22477,4,Y,No,11,3,3,80,1,29,3,2,26,9,1,7,Indeed
40,Current employee,Travel_Rarely,759,Sales,2,2,Life Sciences,1,10885,134340,3,Female,66,3,3,Laboratory Technician,2,Married,7403,22477,1,Y,No,11,3,3,80,1,29,3,2,26,9,1,7,Indeed
40,Current employee,Travel_Rarely,759,Sales,2,2,Marketing,1,10887,134342,3,Female,66,3,3,Laboratory Technician,2,Married,7403,22477,4,Y,No,11,3,3,80,1,29,3,2,26,9,1,7,Indeed
40,Current employee,Travel_Rarely,759,Sales,2,2,Life Sciences,1,10888,134343,3,Female,66,3,3,Laboratory Technician,2,Married,7403,22477,1,Y,No,11,3,3,80,1,29,3,2,26,9,1,7,Indeed
40,Current employee,Travel_Rarely,658,Sales,10,4,Marketing,1,10987,134442,1,Male,67,2,3,Sales Executive,2,Divorced,9705,20652,2,Y,No,12,3,2,80,1,11,2,2,1,0,0,0,Recruit.net
40,Current employee,Travel_Rarely,658,Sales,10,4,Medical,1,10990,134445,1,Male,67,2,3,Sales Executive,2,Divorced,9705,20652,6,Y,No,12,3,2,80,1,11,2,2,1,0,0,0,Recruit.net
40,Current employee,Travel_Rarely,658,Sales,10,4,Marketing,1,10993,134448,1,Male,67,2,3,Sales Executive,2,Divorced,9705,20652,2,Y,No,12,3,2,80,1,11,2,2,1,0,0,0,Recruit.net
40,Current employee,Travel_Rarely,658,Sales,10,4,Medical,1,10994,134449,1,Male,67,2,3,Sales Executive,2,Divorced,9705,20652,6,Y,No,12,3,2,80,1,11,2,2,1,0,0,0,Recruit.net
40,Current employee,Travel_Rarely,658,Sales,10,4,Marketing,1,10995,134450,1,Male,67,2,3,Sales Executive,2,Divorced,9705,20652,2,Y,No,12,3,2,80,1,11,2,2,1,0,0,0,Recruit.net
40,Current employee,Travel_Rarely,658,Sales,10,4,Medical,1,10998,134453,1,Male,67,2,3,Sales Executive,2,Divorced,9705,20652,6,Y,No,12,3,2,80,1,11,2,2,1,0,0,0,Recruit.net
40,Current employee,Travel_Rarely,658,Sales,10,4,Marketing,1,11001,134456,1,Male,67,2,3,Sales Executive,2,Divorced,9705,20652,2,Y,No,12,3,2,80,1,11,2,2,1,0,0,0,Recruit.net
40,Current employee,Travel_Rarely,658,Sales,10,4,Medical,1,11002,134457,1,Male,67,2,3,Sales Executive,2,Divorced,9705,20652,6,Y,No,12,3,2,80,1,11,2,2,1,0,0,0,Recruit.net
40,Current employee,Travel_Frequently,1469,Research & Development,9,4,Medical,1,11099,134554,4,Male,35,3,1,Research Scientist,2,Divorced,3617,25063,8,Y,Yes,14,3,4,80,1,3,2,3,1,1,0,0,GlassDoor
40,Current employee,Travel_Frequently,1469,Research & Development,9,4,Medical,1,11102,134557,4,Male,35,3,1,Research Scientist,2,Divorced,3617,25063,3,Y,Yes,14,3,4,80,1,3,2,3,1,1,0,0,GlassDoor
40,Current employee,Travel_Frequently,1469,Research & Development,9,4,Medical,1,11105,134560,4,Male,35,3,1,Research Scientist,2,Divorced,3617,25063,8,Y,Yes,14,3,4,80,1,3,2,3,1,1,0,0,GlassDoor
40,Current employee,Travel_Frequently,1469,Research & Development,9,4,Medical,1,11106,134561,4,Male,35,3,1,Research Scientist,2,Divorced,3617,25063,3,Y,Yes,14,3,4,80,1,3,2,3,1,1,0,0,GlassDoor
40,Current employee,Travel_Frequently,1469,Research & Development,9,4,Medical,1,11107,134562,4,Male,35,3,1,Research Scientist,2,Divorced,3617,25063,8,Y,Yes,14,3,4,80,1,3,2,3,1,1,0,0,GlassDoor
40,Current employee,Travel_Frequently,1469,Research & Development,9,4,Medical,1,11110,134565,4,Male,35,3,1,Research Scientist,2,Divorced,3617,25063,3,Y,Yes,14,3,4,80,1,3,2,3,1,1,0,0,GlassDoor
40,Current employee,Travel_Frequently,1469,Research & Development,9,4,Medical,1,11113,134568,4,Male,35,3,1,Research Scientist,2,Divorced,3617,25063,8,Y,Yes,14,3,4,80,1,3,2,3,1,1,0,0,GlassDoor
40,Current employee,Travel_Frequently,1469,Research & Development,9,4,Medical,1,11114,134569,4,Male,35,3,1,Research Scientist,2,Divorced,3617,25063,3,Y,Yes,14,3,4,80,1,3,2,3,1,1,0,0,GlassDoor
40,Current employee,Travel_Rarely,658,Sales,10,4,Marketing,1,11476,134931,3,Female,68,4,2,Healthcare Representative,2,Married,5488,20161,1,Y,Yes,13,3,1,80,1,6,2,3,6,5,1,2,Company Website
40,Current employee,Travel_Rarely,658,Sales,10,4,Medical,1,11478,134933,3,Female,68,4,2,Healthcare Representative,2,Married,5488,20161,0,Y,Yes,13,4,1,80,1,6,2,3,6,5,1,2,Company Website
40,Current employee,Travel_Rarely,658,Sales,10,4,Marketing,1,11481,134936,3,Female,68,4,2,Healthcare Representative,2,Married,5488,20161,1,Y,Yes,13,3,1,80,1,6,2,3,6,5,1,2,Company Website
40,Current employee,Travel_Rarely,658,Sales,10,4,Medical,1,11482,134937,3,Female,68,4,2,Healthcare Representative,2,Married,5488,20161,0,Y,Yes,13,3,1,80,1,6,2,3,6,5,1,2,Company Website
40,Current employee,Travel_Rarely,658,Sales,10,4,Marketing,1,11483,134938,3,Female,68,4,2,Healthcare Representative,2,Married,5488,20161,1,Y,Yes,13,3,1,80,1,6,2,3,6,5,1,2,Company Website
40,Current employee,Travel_Rarely,658,Sales,10,4,Medical,1,11485,134940,3,Female,68,4,2,Healthcare Representative,2,Married,5488,20161,0,Y,Yes,13,4,1,80,1,6,2,3,6,5,1,2,Company Website
40,Current employee,Travel_Rarely,658,Sales,10,4,Marketing,1,11488,134943,3,Female,68,4,2,Healthcare Representative,2,Married,5488,20161,1,Y,Yes,13,3,1,80,1,6,2,3,6,5,1,2,Company Website
40,Current employee,Travel_Rarely,658,Sales,10,4,Medical,1,11489,134944,3,Female,68,4,2,Healthcare Representative,2,Married,5488,20161,0,Y,Yes,13,3,1,80,1,6,2,3,6,5,1,2,Company Website
40,Current employee,Travel_Rarely,300,Sales,26,3,Marketing,1,11549,135004,3,Female,69,3,1,Research Scientist,3,Married,2132,11539,4,Y,Yes,11,3,2,80,0,7,2,3,5,2,0,1,Adzuna
40,Current employee,Travel_Rarely,300,Sales,26,3,Technical Degree,1,11551,135006,3,Female,69,3,1,Research Scientist,3,Married,2132,11539,4,Y,Yes,11,3,2,80,0,7,2,3,5,2,0,1,Adzuna
40,Current employee,Travel_Rarely,300,Sales,26,3,Marketing,1,11554,135009,3,Female,69,3,1,Research Scientist,3,Married,2132,11539,4,Y,Yes,11,3,2,80,0,7,2,3,5,2,0,1,Adzuna
40,Current employee,Travel_Rarely,300,Sales,26,3,Technical Degree,1,11555,135010,3,Female,69,3,1,Research Scientist,3,Married,2132,11539,4,Y,Yes,11,3,2,80,0,7,2,3,5,2,0,1,Adzuna
40,Current employee,Travel_Rarely,300,Sales,26,3,Marketing,1,11556,135011,3,Female,69,3,1,Research Scientist,3,Married,2132,11539,4,Y,Yes,11,3,2,80,0,7,2,3,5,2,0,1,Adzuna
40,Current employee,Travel_Rarely,300,Sales,26,3,Technical Degree,1,11558,135013,3,Female,69,3,1,Research Scientist,3,Married,2132,11539,4,Y,Yes,11,3,2,80,0,7,2,3,5,2,0,1,Adzuna
40,Current employee,Travel_Rarely,300,Sales,26,3,Marketing,1,11561,135016,3,Female,69,3,1,Research Scientist,3,Married,2132,11539,4,Y,Yes,11,3,2,80,0,7,2,3,5,2,0,1,Adzuna
40,Current employee,Travel_Rarely,300,Sales,26,3,Technical Degree,1,11562,135017,3,Female,69,3,1,Research Scientist,3,Married,2132,11539,4,Y,Yes,11,3,2,80,0,7,2,3,5,2,0,1,Adzuna
40,Current employee,Travel_Rarely,1124,Sales,1,1,Life Sciences,1,11836,135291,4,Female,65,2,4,Manufacturing Director,4,Married,12742,7060,3,Y,No,14,3,2,80,2,9,2,2,7,7,1,7,Adzuna
40,Current employee,Non-Travel,218,Research & Development,22,3,Other,1,12087,135542,4,Female,82,3,3,Manufacturing Director,1,Single,10880,5083,1,Y,No,13,3,3,80,0,1,4,1,1,0,0,0,Adzuna
40,Current employee,Travel_Rarely,300,Sales,26,3,Marketing,1,12316,135771,3,Male,74,3,2,Sales Executive,1,Married,8396,22217,1,Y,No,14,3,2,80,1,8,3,2,7,7,7,5,GlassDoor
40,Current employee,Travel_Rarely,300,Sales,26,3,Technical Degree,1,12319,135774,3,Male,74,3,2,Sales Executive,1,Married,8396,22217,7,Y,No,14,3,2,80,1,8,3,2,7,7,7,5,GlassDoor
40,Current employee,Travel_Rarely,300,Sales,26,3,Marketing,1,12322,135777,3,Male,74,3,2,Sales Executive,1,Married,8396,22217,1,Y,No,14,3,2,80,1,8,3,2,7,7,7,5,GlassDoor
40,Current employee,Travel_Rarely,300,Sales,26,3,Technical Degree,1,12323,135778,3,Male,74,3,2,Sales Executive,1,Married,8396,22217,7,Y,No,14,3,2,80,1,8,3,2,7,7,7,5,GlassDoor
40,Current employee,Travel_Rarely,300,Sales,26,3,Marketing,1,12324,135779,3,Male,74,3,2,Sales Executive,1,Married,8396,22217,1,Y,No,14,3,2,80,1,8,3,2,7,7,7,5,GlassDoor
40,Current employee,Travel_Rarely,300,Sales,26,3,Technical Degree,1,12327,135782,3,Male,74,3,2,Sales Executive,1,Married,8396,22217,7,Y,No,14,3,2,80,1,8,3,2,7,7,7,5,GlassDoor
40,Current employee,Travel_Rarely,300,Sales,26,3,Marketing,1,12330,135785,3,Male,74,3,2,Sales Executive,1,Married,8396,22217,1,Y,No,14,3,2,80,1,8,3,2,7,7,7,5,GlassDoor
40,Current employee,Travel_Rarely,300,Sales,26,3,Technical Degree,1,12331,135786,3,Male,74,3,2,Sales Executive,1,Married,8396,22217,7,Y,No,14,3,2,80,1,8,3,2,7,7,7,5,GlassDoor
40,Current employee,Travel_Rarely,444,Sales,2,2,Marketing,1,12579,136034,3,Female,72,2,3,Healthcare Representative,3,Married,8823,24608,0,Y,No,18,3,1,80,1,20,4,2,19,9,1,9,Recruit.net
40,Current employee,Travel_Rarely,444,Sales,2,2,Life Sciences,1,12580,136035,3,Female,72,2,3,Healthcare Representative,3,Married,8823,24608,0,Y,No,18,3,1,80,1,20,4,2,19,9,1,9,Recruit.net
40,Current employee,Travel_Rarely,444,Sales,2,2,Marketing,1,12584,136039,3,Female,72,2,3,Healthcare Representative,3,Married,8823,24608,0,Y,No,18,3,1,80,1,20,4,2,19,9,1,9,Recruit.net
40,Current employee,Travel_Rarely,444,Sales,2,2,Life Sciences,1,12585,136040,3,Female,72,2,3,Healthcare Representative,3,Married,8823,24608,0,Y,No,18,3,1,80,1,20,4,2,19,9,1,9,Recruit.net
40,Current employee,Travel_Rarely,444,Sales,2,2,Marketing,1,12587,136042,3,Female,72,2,3,Healthcare Representative,3,Married,8823,24608,0,Y,No,18,3,1,80,1,20,4,2,19,9,1,9,Recruit.net
40,Current employee,Travel_Rarely,444,Sales,2,2,Life Sciences,1,12588,136043,3,Female,72,2,3,Healthcare Representative,3,Married,8823,24608,0,Y,No,18,3,1,80,1,20,4,2,19,9,1,9,Recruit.net
40,Current employee,Travel_Rarely,444,Sales,2,2,Marketing,1,12592,136047,3,Female,72,2,3,Healthcare Representative,3,Married,8823,24608,0,Y,No,18,3,1,80,1,20,4,2,19,9,1,9,Recruit.net
40,Current employee,Travel_Rarely,444,Sales,2,2,Life Sciences,1,12593,136048,3,Female,72,2,3,Healthcare Representative,3,Married,8823,24608,0,Y,No,18,3,1,80,1,20,4,2,19,9,1,9,Recruit.net
40,Current employee,Travel_Rarely,1492,Research & Development,20,4,Technical Degree,1,12594,136049,1,Male,61,3,3,Healthcare Representative,4,Married,10322,26542,4,Y,No,20,3,4,80,1,14,6,3,11,10,11,1,Seek
40,Current employee,Travel_Rarely,1492,Research & Development,20,4,Medical,1,12597,136052,1,Male,61,3,3,Healthcare Representative,4,Married,10322,26542,0,Y,No,20,3,4,80,1,14,6,3,11,10,11,1,Seek
40,Current employee,Travel_Rarely,1492,Research & Development,20,4,Technical Degree,1,12600,136055,1,Male,61,3,3,Healthcare Representative,4,Married,10322,26542,4,Y,No,20,4,4,80,1,14,6,3,11,10,11,1,Seek
40,Current employee,Travel_Rarely,1492,Research & Development,20,4,Medical,1,12601,136056,1,Male,61,3,3,Healthcare Representative,4,Married,10322,26542,0,Y,No,20,4,4,80,1,14,6,3,11,10,11,1,Seek
40,Current employee,Travel_Rarely,1492,Research & Development,20,4,Technical Degree,1,12602,136057,1,Male,61,3,3,Healthcare Representative,4,Married,10322,26542,4,Y,No,20,3,4,80,1,14,6,3,11,10,11,1,Seek
40,Current employee,Travel_Rarely,1492,Research & Development,20,4,Medical,1,12605,136060,1,Male,61,3,2,Sales Executive,4,Single,4908,24252,1,Y,No,14,3,3,80,0,1,4,1,1,0,0,0,Seek
40,Current employee,Travel_Rarely,1492,Research & Development,20,4,Technical Degree,1,12608,136063,1,Male,61,3,3,Healthcare Representative,4,Married,10322,26542,4,Y,No,20,4,4,80,1,14,6,3,11,10,11,1,Seek
40,Current employee,Travel_Rarely,1492,Research & Development,20,4,Medical,1,12609,136064,1,Male,61,3,3,Healthcare Representative,4,Married,10322,26542,0,Y,No,20,4,4,80,1,14,6,3,11,10,11,1,Seek
40,Current employee,Travel_Rarely,1308,Research & Development,14,3,Medical,1,13055,136510,3,Male,44,2,5,Research Director,3,Single,19626,17544,1,Y,No,14,3,1,80,0,21,2,4,20,7,4,9,Recruit.net
40,Current employee,Travel_Rarely,1308,Research & Development,14,3,Medical,1,13058,136513,3,Male,44,2,5,Research Director,3,Single,19626,17544,2,Y,No,14,3,1,80,0,21,2,4,20,7,4,9,Recruit.net
40,Current employee,Travel_Rarely,1308,Research & Development,14,3,Medical,1,13059,136514,3,Male,44,2,5,Research Director,3,Single,19626,17544,1,Y,No,14,3,1,80,0,21,2,4,20,7,4,9,Recruit.net
40,Current employee,Travel_Rarely,1308,Research & Development,14,3,Medical,1,13060,136515,3,Male,44,2,5,Research Director,3,Single,19626,17544,2,Y,No,14,3,1,80,0,21,2,4,20,7,4,9,Recruit.net
40,Current employee,Travel_Rarely,1308,Research & Development,14,3,Medical,1,13063,136518,3,Male,44,2,5,Research Director,3,Single,19626,17544,1,Y,No,14,3,1,80,0,21,2,4,20,7,4,9,Recruit.net
40,Current employee,Travel_Rarely,1308,Research & Development,14,3,Medical,1,13066,136521,3,Male,44,2,5,Research Director,3,Single,19626,17544,2,Y,No,14,3,1,80,0,21,2,4,20,7,4,9,Recruit.net
40,Current employee,Travel_Rarely,1308,Research & Development,14,3,Medical,1,13067,136522,3,Male,44,2,5,Research Director,3,Single,19626,17544,1,Y,No,14,3,1,80,0,21,2,4,20,7,4,9,Recruit.net
40,Current employee,Travel_Rarely,1308,Research & Development,14,3,Medical,1,13068,136523,3,Male,44,2,5,Research Director,3,Single,19626,17544,2,Y,No,14,3,1,80,0,21,2,4,20,7,4,9,Recruit.net
40,Current employee,Travel_Frequently,593,Research & Development,9,4,Medical,1,13420,136875,2,Female,88,3,3,Research Director,3,Single,13499,13782,9,Y,No,17,3,3,80,0,20,3,2,18,7,2,13,Seek
40,Current employee,Travel_Frequently,593,Research & Development,9,4,Medical,1,13423,136878,2,Female,88,3,3,Research Director,3,Single,13499,13782,2,Y,No,17,3,3,80,0,20,3,2,18,7,2,13,Seek
40,Current employee,Travel_Frequently,593,Research & Development,9,4,Medical,1,13426,136881,2,Female,88,3,3,Research Director,3,Single,13499,13782,9,Y,No,17,3,3,80,0,20,3,2,18,7,2,13,Seek
40,Current employee,Travel_Frequently,593,Research & Development,9,4,Medical,1,13427,136882,2,Female,88,3,3,Research Director,3,Single,13499,13782,2,Y,No,17,3,3,80,0,20,3,2,18,7,2,13,Seek
40,Current employee,Travel_Frequently,593,Research & Development,9,4,Medical,1,13428,136883,2,Female,88,3,3,Research Director,3,Single,13499,13782,9,Y,No,17,3,3,80,0,20,3,2,18,7,2,13,Seek
40,Current employee,Travel_Frequently,593,Research & Development,9,4,Medical,1,13431,136886,2,Female,88,3,3,Research Director,3,Single,13499,13782,2,Y,No,17,3,3,80,0,20,3,2,18,7,2,13,Seek
40,Current employee,Travel_Frequently,593,Research & Development,9,4,Medical,1,13434,136889,2,Female,88,3,3,Research Director,3,Single,13499,13782,9,Y,No,17,3,3,80,0,20,3,2,18,7,2,13,Seek
40,Current employee,Travel_Frequently,593,Research & Development,9,4,Medical,1,13435,136890,2,Female,88,3,3,Research Director,3,Single,13499,13782,2,Y,No,17,3,3,80,0,20,3,2,18,7,2,13,Seek
40,Current employee,Travel_Frequently,1395,Research & Development,26,3,Medical,1,13437,136892,3,Male,74,3,4,Sales Executive,1,Single,13758,2447,0,Y,Yes,12,4,2,80,0,22,2,2,21,9,13,14,Seek
40,Current employee,Travel_Frequently,1395,Research & Development,26,3,Technical Degree,1,13439,136894,3,Male,74,3,4,Sales Executive,1,Single,13758,2447,8,Y,Yes,12,3,2,80,0,22,2,2,21,9,13,14,Seek
40,Current employee,Travel_Frequently,1395,Research & Development,26,3,Medical,1,13440,136895,3,Male,74,3,4,Sales Executive,1,Single,13758,2447,0,Y,Yes,12,3,2,80,0,22,2,2,21,9,13,14,Seek
40,Current employee,Travel_Frequently,1395,Research & Development,26,3,Technical Degree,1,13441,136896,3,Male,74,3,4,Sales Executive,1,Single,13758,2447,8,Y,Yes,12,3,2,80,0,22,2,2,21,9,13,14,Seek
40,Current employee,Travel_Frequently,1395,Research & Development,26,3,Medical,1,13445,136900,3,Male,74,3,4,Sales Executive,1,Single,13758,2447,0,Y,Yes,12,4,2,80,0,22,2,2,21,9,13,14,Seek
40,Current employee,Travel_Frequently,1395,Research & Development,26,3,Technical Degree,1,13447,136902,3,Male,74,3,4,Sales Executive,1,Single,13758,2447,8,Y,Yes,12,3,2,80,0,22,2,2,21,9,13,14,Seek
40,Current employee,Travel_Frequently,1395,Research & Development,26,3,Medical,1,13448,136903,3,Male,74,3,4,Sales Executive,1,Single,13758,2447,0,Y,Yes,12,3,2,80,0,22,2,2,21,9,13,14,Seek
40,Current employee,Travel_Frequently,1395,Research & Development,26,3,Technical Degree,1,13449,136904,3,Male,74,3,4,Sales Executive,1,Single,13758,2447,8,Y,Yes,12,3,2,80,0,22,2,2,21,9,13,14,Seek
40,Current employee,Travel_Frequently,902,Research & Development,26,2,Medical,1,13548,137003,3,Female,92,2,2,Research Scientist,4,Married,4422,21203,3,Y,Yes,13,3,4,80,1,16,3,1,1,1,0,0,GlassDoor
40,Current employee,Travel_Frequently,902,Research & Development,26,2,Technical Degree,1,13551,137006,3,Female,92,2,2,Research Scientist,4,Married,4422,21203,4,Y,Yes,13,4,4,80,1,16,3,1,1,1,0,0,GlassDoor
40,Current employee,Travel_Frequently,902,Research & Development,26,2,Medical,1,13554,137009,3,Female,92,2,2,Research Scientist,4,Married,4422,21203,3,Y,Yes,13,3,4,80,1,16,3,1,1,1,0,0,GlassDoor
40,Current employee,Travel_Frequently,902,Research & Development,26,2,Technical Degree,1,13555,137010,3,Female,92,2,2,Research Scientist,4,Married,4422,21203,4,Y,Yes,13,3,4,80,1,16,3,1,1,1,0,0,GlassDoor
40,Current employee,Travel_Frequently,902,Research & Development,26,2,Medical,1,13556,137011,3,Female,92,2,2,Research Scientist,4,Married,4422,21203,3,Y,Yes,13,3,4,80,1,16,3,1,1,1,0,0,GlassDoor
40,Current employee,Travel_Frequently,902,Research & Development,26,2,Technical Degree,1,13559,137014,3,Female,92,2,2,Research Scientist,4,Married,4422,21203,4,Y,Yes,13,4,4,80,1,16,3,1,1,1,0,0,GlassDoor
40,Current employee,Travel_Frequently,902,Research & Development,26,2,Medical,1,13562,137017,3,Female,92,2,2,Research Scientist,4,Married,4422,21203,3,Y,Yes,13,3,4,80,1,16,3,1,1,1,0,0,GlassDoor
40,Current employee,Travel_Frequently,902,Research & Development,26,2,Technical Degree,1,13563,137018,3,Female,92,2,2,Research Scientist,4,Married,4422,21203,4,Y,Yes,13,3,4,80,1,16,3,1,1,1,0,0,GlassDoor
40,Current employee,Travel_Rarely,989,Research & Development,4,1,Medical,1,13658,137113,3,Female,75,3,1,Laboratory Technician,4,Married,3131,26342,1,Y,No,13,3,1,80,1,10,5,3,10,8,0,8,Jora
40,Current employee,Travel_Rarely,989,Research & Development,4,1,Life Sciences,1,13659,137114,3,Female,75,3,1,Laboratory Technician,4,Married,3131,26342,1,Y,No,13,3,1,80,1,10,5,3,10,8,0,8,Jora
40,Current employee,Travel_Rarely,989,Research & Development,4,1,Medical,1,13663,137118,3,Female,75,3,1,Laboratory Technician,4,Married,3131,26342,1,Y,No,13,3,1,80,1,10,5,3,10,8,0,8,Jora
40,Current employee,Travel_Rarely,989,Research & Development,4,1,Life Sciences,1,13664,137119,3,Female,75,3,1,Laboratory Technician,4,Married,3131,26342,1,Y,No,13,3,1,80,1,10,5,3,10,8,0,8,Jora
40,Current employee,Travel_Rarely,989,Research & Development,4,1,Medical,1,13666,137121,3,Female,75,3,1,Laboratory Technician,4,Married,3131,26342,1,Y,No,13,3,1,80,1,10,5,3,10,8,0,8,Jora
40,Current employee,Travel_Rarely,989,Research & Development,4,1,Life Sciences,1,13667,137122,3,Female,75,3,1,Laboratory Technician,4,Married,3131,26342,1,Y,No,13,3,1,80,1,10,5,3,10,8,0,8,Jora
40,Current employee,Travel_Rarely,989,Research & Development,4,1,Medical,1,13671,137126,3,Female,75,3,1,Laboratory Technician,4,Married,3131,26342,1,Y,No,13,3,1,80,1,10,5,3,10,8,0,8,Jora
40,Current employee,Travel_Rarely,989,Research & Development,4,1,Life Sciences,1,13672,137127,3,Female,75,3,1,Laboratory Technician,4,Married,3131,26342,1,Y,No,13,3,1,80,1,10,5,3,10,8,0,8,Jora
40,Current employee,Travel_Rarely,905,Research & Development,19,2,Medical,1,13801,137256,3,Female,75,3,4,Manager,1,Married,17048,24097,8,Y,No,23,3,1,80,0,28,2,3,26,15,15,9,LinkedIn
40,Current employee,Travel_Rarely,905,Research & Development,19,2,Medical,1,13803,137258,3,Female,75,3,4,Manager,1,Married,17048,24097,1,Y,No,23,4,1,80,0,28,2,3,26,15,15,9,LinkedIn
40,Current employee,Travel_Rarely,905,Research & Development,19,2,Medical,1,13804,137259,3,Female,75,3,4,Manager,1,Married,17048,24097,8,Y,No,23,4,1,80,0,28,2,3,26,15,15,9,LinkedIn
40,Current employee,Travel_Rarely,905,Research & Development,19,2,Medical,1,13805,137260,3,Female,75,3,4,Manager,1,Married,17048,24097,1,Y,No,23,4,1,80,0,28,2,3,26,15,15,9,LinkedIn
40,Current employee,Travel_Rarely,905,Research & Development,19,2,Medical,1,13809,137264,3,Female,75,3,4,Manager,1,Married,17048,24097,8,Y,No,23,3,1,80,0,28,2,3,26,15,15,9,LinkedIn
40,Current employee,Travel_Rarely,905,Research & Development,19,2,Medical,1,13811,137266,3,Female,75,3,4,Manager,1,Married,17048,24097,1,Y,No,23,4,1,80,0,28,2,3,26,15,15,9,LinkedIn
40,Current employee,Travel_Rarely,905,Research & Development,19,2,Medical,1,13812,137267,3,Female,75,3,4,Manager,1,Married,17048,24097,8,Y,No,23,4,1,80,0,28,2,3,26,15,15,9,LinkedIn
40,Current employee,Travel_Rarely,905,Research & Development,19,2,Medical,1,13813,137268,3,Female,75,3,4,Manager,1,Married,17048,24097,1,Y,No,23,4,1,80,0,28,2,3,26,15,15,9,LinkedIn
40,Current employee,Travel_Frequently,1184,Sales,2,4,Medical,1,13880,137335,2,Male,62,3,2,Sales Executive,2,Married,4327,25440,5,Y,No,12,3,4,80,3,5,2,3,0,0,0,0,Adzuna
40,Current employee,Travel_Frequently,1184,Sales,2,4,Life Sciences,1,13882,137337,2,Male,62,3,2,Sales Executive,2,Married,4327,25440,4,Y,No,12,3,4,80,3,5,2,3,0,0,0,0,Adzuna
40,Current employee,Travel_Frequently,1184,Sales,2,4,Medical,1,13884,137339,2,Male,62,3,2,Sales Executive,2,Married,4327,25440,5,Y,No,12,3,4,80,3,5,2,3,0,0,0,0,Adzuna
40,Current employee,Travel_Frequently,1184,Sales,2,4,Life Sciences,1,13885,137340,2,Male,62,3,2,Sales Executive,2,Married,4327,25440,4,Y,No,12,3,4,80,3,5,2,3,0,0,0,0,Adzuna
40,Current employee,Travel_Frequently,1184,Sales,2,4,Medical,1,13888,137343,2,Male,62,3,2,Sales Executive,2,Married,4327,25440,5,Y,No,12,3,4,80,3,5,2,3,0,0,0,0,Adzuna
40,Current employee,Travel_Frequently,1184,Sales,2,4,Life Sciences,1,13890,137345,2,Male,62,3,2,Sales Executive,2,Married,4327,25440,4,Y,No,12,3,4,80,3,5,2,3,0,0,0,0,Adzuna
40,Current employee,Travel_Frequently,1184,Sales,2,4,Medical,1,13892,137347,2,Male,62,3,2,Sales Executive,2,Married,4327,25440,5,Y,No,12,3,4,80,3,5,2,3,0,0,0,0,Adzuna
40,Current employee,Travel_Frequently,1184,Sales,2,4,Life Sciences,1,13893,137348,2,Male,62,3,2,Sales Executive,2,Married,4327,25440,4,Y,No,12,3,4,80,3,5,2,3,0,0,0,0,Adzuna
40,Current employee,Travel_Rarely,1416,Research & Development,2,2,Medical,1,14088,137543,3,Male,76,4,2,Sales Executive,4,Divorced,5220,10893,0,Y,Yes,18,3,2,80,1,12,3,3,11,7,1,9,Company Website
40,Current employee,Travel_Rarely,1416,Research & Development,2,2,Life Sciences,1,14089,137544,3,Male,76,4,2,Sales Executive,4,Divorced,5220,10893,4,Y,Yes,18,3,2,80,1,12,3,3,11,7,1,9,Company Website
40,Current employee,Travel_Rarely,1416,Research & Development,2,2,Medical,1,14091,137546,3,Male,76,4,2,Sales Executive,4,Divorced,5220,10893,0,Y,Yes,18,3,2,80,1,12,3,3,11,7,1,9,Company Website
40,Current employee,Travel_Rarely,1416,Research & Development,2,2,Life Sciences,1,14092,137547,3,Male,76,4,2,Sales Executive,4,Divorced,5220,10893,4,Y,Yes,18,3,2,80,1,12,3,3,11,7,1,9,Company Website
40,Current employee,Travel_Rarely,1416,Research & Development,2,2,Medical,1,14096,137551,3,Male,76,4,2,Sales Executive,4,Divorced,5220,10893,0,Y,Yes,18,3,2,80,1,12,3,3,11,7,1,9,Company Website
40,Current employee,Travel_Rarely,1416,Research & Development,2,2,Life Sciences,1,14097,137552,3,Male,76,4,2,Sales Executive,4,Divorced,5220,10893,4,Y,Yes,18,3,2,80,1,12,3,3,11,7,1,9,Company Website
40,Current employee,Travel_Rarely,1416,Research & Development,2,2,Medical,1,14099,137554,3,Male,76,4,2,Sales Executive,4,Divorced,5220,10893,0,Y,Yes,18,3,2,80,1,12,3,3,11,7,1,9,Company Website
40,Current employee,Travel_Rarely,1416,Research & Development,2,2,Life Sciences,1,14100,137555,3,Male,76,4,2,Sales Executive,4,Divorced,5220,10893,4,Y,Yes,18,3,2,80,1,12,3,3,11,7,1,9,Company Website
40,Current employee,Travel_Rarely,107,Sales,10,3,Technical Degree,1,14165,137620,2,Female,84,2,2,Sales Executive,2,Divorced,6852,11591,7,Y,No,12,3,2,80,1,7,2,4,5,1,1,3,Indeed
40,Current employee,Travel_Rarely,107,Sales,10,3,Medical,1,14168,137623,2,Female,84,2,2,Sales Executive,2,Divorced,6852,11591,6,Y,No,12,3,2,80,1,7,2,4,5,1,1,3,Indeed
40,Current employee,Travel_Rarely,107,Sales,10,3,Technical Degree,1,14169,137624,2,Female,84,2,2,Sales Executive,2,Divorced,6852,11591,7,Y,No,12,3,2,80,1,7,2,4,5,1,1,3,Indeed
40,Current employee,Travel_Rarely,107,Sales,10,3,Medical,1,14170,137625,2,Female,84,2,2,Sales Executive,2,Divorced,6852,11591,6,Y,No,12,3,2,80,1,7,2,4,5,1,1,3,Indeed
40,Current employee,Travel_Rarely,107,Sales,10,3,Technical Degree,1,14173,137628,2,Female,84,2,2,Sales Executive,2,Divorced,6852,11591,7,Y,No,12,3,2,80,1,7,2,4,5,1,1,3,Indeed
40,Current employee,Travel_Rarely,107,Sales,10,3,Medical,1,14176,137631,2,Female,84,2,2,Sales Executive,2,Divorced,6852,11591,6,Y,No,12,3,2,80,1,7,2,4,5,1,1,3,Indeed
40,Current employee,Travel_Rarely,107,Sales,10,3,Technical Degree,1,14177,137632,2,Female,84,2,2,Sales Executive,2,Divorced,6852,11591,7,Y,No,12,3,2,80,1,7,2,4,5,1,1,3,Indeed
40,Current employee,Travel_Rarely,107,Sales,10,3,Medical,1,14178,137633,2,Female,84,2,2,Sales Executive,2,Divorced,6852,11591,6,Y,No,12,3,2,80,1,7,2,4,5,1,1,3,Indeed
40,Current employee,Travel_Rarely,1124,Sales,1,2,Medical,1,14496,137951,3,Female,77,2,4,Research Director,4,Divorced,16124,3423,3,Y,No,14,3,2,80,2,9,2,2,7,7,1,7,Adzuna
40,Current employee,Travel_Rarely,1124,Sales,1,2,Life Sciences,1,14498,137953,3,Female,77,2,4,Research Director,4,Divorced,16124,3423,1,Y,No,14,3,2,80,2,9,2,2,7,7,1,7,Adzuna
40,Current employee,Travel_Rarely,1124,Sales,1,2,Medical,1,14501,137956,3,Female,77,2,4,Research Director,4,Divorced,16124,3423,3,Y,No,14,3,2,80,2,9,2,2,7,7,1,7,Adzuna
40,Current employee,Travel_Rarely,1124,Sales,1,2,Life Sciences,1,14502,137957,3,Female,77,2,4,Research Director,4,Divorced,16124,3423,1,Y,No,14,3,2,80,2,9,2,2,7,7,1,7,Adzuna
40,Current employee,Travel_Rarely,1124,Sales,1,2,Medical,1,14504,137959,3,Female,77,2,4,Research Director,4,Divorced,16124,3423,3,Y,No,14,3,2,80,2,9,2,2,7,7,1,7,Adzuna
40,Current employee,Travel_Rarely,1124,Sales,1,2,Life Sciences,1,14506,137961,3,Female,77,2,4,Research Director,4,Divorced,16124,3423,1,Y,No,14,3,2,80,2,9,2,2,7,7,1,7,Adzuna
40,Current employee,Travel_Rarely,1124,Sales,1,2,Life Sciences,1,14509,137964,3,Female,77,2,4,Research Director,4,Divorced,16124,3423,1,Y,No,14,3,2,80,2,9,2,2,7,7,1,7,Adzuna
40,Current employee,Travel_Rarely,555,Research & Development,2,3,Medical,1,14770,138225,3,Male,78,4,5,Manager,1,Divorced,19190,17477,1,Y,No,14,4,4,80,2,26,4,2,25,9,14,13,Company Website
40,Current employee,Travel_Rarely,555,Research & Development,2,3,Life Sciences,1,14771,138226,3,Male,78,4,5,Manager,1,Divorced,19190,17477,1,Y,No,14,3,4,80,2,26,4,2,25,9,14,13,Company Website
40,Current employee,Travel_Rarely,555,Research & Development,2,3,Medical,1,14773,138228,3,Male,78,4,5,Manager,1,Divorced,19190,17477,1,Y,No,14,3,4,80,2,26,4,2,25,9,14,13,Company Website
40,Current employee,Travel_Rarely,555,Research & Development,2,3,Life Sciences,1,14774,138229,3,Male,78,4,5,Manager,1,Divorced,19190,17477,1,Y,No,14,3,4,80,2,26,4,2,25,9,14,13,Company Website
40,Current employee,Travel_Rarely,555,Research & Development,2,3,Medical,1,14778,138233,3,Male,78,4,5,Manager,1,Divorced,19190,17477,1,Y,No,14,4,4,80,2,26,4,2,25,9,14,13,Company Website
40,Current employee,Travel_Rarely,555,Research & Development,2,3,Life Sciences,1,14779,138234,3,Male,78,4,5,Manager,1,Divorced,19190,17477,1,Y,No,14,3,4,80,2,26,4,2,25,9,14,13,Company Website
40,Current employee,Travel_Rarely,555,Research & Development,2,3,Life Sciences,1,14781,138236,3,Male,78,4,5,Manager,1,Divorced,19190,17477,1,Y,No,14,3,4,80,2,26,4,2,25,9,14,13,Company Website
40,Current employee,Travel_Rarely,1202,Research & Development,18,2,Medical,1,15216,138671,1,Male,32,3,2,Manufacturing Director,3,Single,4534,13352,0,Y,No,23,4,1,80,2,6,5,3,5,3,4,2,Jora
40,Current employee,Non-Travel,458,Research & Development,16,2,Life Sciences,1,15333,138788,3,Male,74,3,1,Research Scientist,3,Divorced,3544,8532,9,Y,No,16,3,2,80,1,6,0,3,4,2,0,0,Company Website
40,Current employee,Non-Travel,458,Research & Development,16,2,Medical,1,15336,138791,3,Male,74,3,1,Research Scientist,3,Divorced,3544,8532,3,Y,No,16,4,2,80,1,6,0,3,4,2,0,0,Company Website
40,Current employee,Non-Travel,458,Research & Development,16,2,Life Sciences,1,15339,138794,3,Male,74,3,1,Research Scientist,3,Divorced,3544,8532,9,Y,No,16,3,2,80,1,6,0,3,4,2,0,0,Company Website
40,Current employee,Non-Travel,458,Research & Development,16,2,Medical,1,15340,138795,3,Male,74,3,1,Research Scientist,3,Divorced,3544,8532,3,Y,No,16,3,2,80,1,6,0,3,4,2,0,0,Company Website
40,Current employee,Non-Travel,458,Research & Development,16,2,Life Sciences,1,15341,138796,3,Male,74,3,1,Research Scientist,3,Divorced,3544,8532,9,Y,No,16,3,2,80,1,6,0,3,4,2,0,0,Company Website
40,Current employee,Non-Travel,458,Research & Development,16,2,Medical,1,15344,138799,3,Male,74,3,1,Research Scientist,3,Divorced,3544,8532,3,Y,No,16,4,2,80,1,6,0,3,4,2,0,0,Company Website
40,Current employee,Non-Travel,458,Research & Development,16,2,Life Sciences,1,15347,138802,3,Male,74,3,1,Research Scientist,3,Divorced,3544,8532,9,Y,No,16,3,2,80,1,6,0,3,4,2,0,0,Company Website
40,Current employee,Non-Travel,458,Research & Development,16,2,Medical,1,15348,138803,3,Male,74,3,1,Research Scientist,3,Divorced,3544,8532,3,Y,No,16,3,2,80,1,6,0,3,4,2,0,0,Company Website
40,Current employee,Travel_Rarely,523,Research & Development,2,3,Life Sciences,1,15365,138820,3,Male,98,3,2,Research Scientist,4,Single,4661,22455,1,Y,No,13,4,3,80,0,9,4,3,9,8,8,8,Company Website
40,Current employee,Travel_Rarely,523,Research & Development,2,3,Life Sciences,1,15367,138822,3,Male,98,3,2,Research Scientist,4,Single,4661,22455,2,Y,No,13,3,3,80,0,9,4,3,9,8,8,8,Company Website
40,Current employee,Travel_Rarely,523,Research & Development,2,3,Life Sciences,1,15371,138826,3,Male,98,3,2,Research Scientist,4,Single,4661,22455,1,Y,No,13,3,3,80,0,9,4,3,9,8,8,8,Company Website
40,Current employee,Travel_Rarely,523,Research & Development,2,3,Life Sciences,1,15372,138827,3,Male,98,3,2,Research Scientist,4,Single,4661,22455,2,Y,No,13,3,3,80,0,9,4,3,9,8,8,8,Company Website
40,Current employee,Travel_Rarely,523,Research & Development,2,3,Life Sciences,1,15373,138828,3,Male,98,3,2,Research Scientist,4,Single,4661,22455,1,Y,No,13,4,3,80,0,9,4,3,9,8,8,8,Company Website
40,Current employee,Travel_Rarely,523,Research & Development,2,3,Life Sciences,1,15375,138830,3,Male,98,3,2,Research Scientist,4,Single,4661,22455,2,Y,No,13,3,3,80,0,9,4,3,9,8,8,8,Company Website
40,Current employee,Travel_Rarely,523,Research & Development,2,3,Life Sciences,1,15379,138834,3,Male,98,3,2,Research Scientist,4,Single,4661,22455,1,Y,No,13,3,3,80,0,9,4,3,9,8,8,8,Company Website
40,Current employee,Travel_Rarely,523,Research & Development,2,3,Life Sciences,1,15380,138835,3,Male,98,3,2,Research Scientist,4,Single,4661,22455,2,Y,No,13,3,3,80,0,9,4,3,9,8,8,8,Company Website
40,Current employee,Travel_Rarely,329,Research & Development,1,4,Life Sciences,1,15492,138947,2,Male,88,3,1,Laboratory Technician,2,Married,2387,6762,3,Y,No,22,3,3,80,1,7,3,3,4,2,0,3,Recruit.net
40,Current employee,Travel_Rarely,329,Research & Development,1,4,Life Sciences,1,15494,138949,2,Male,88,3,1,Laboratory Technician,2,Married,2387,6762,0,Y,No,22,4,3,80,1,7,3,3,4,2,0,3,Recruit.net
40,Current employee,Travel_Rarely,329,Research & Development,1,4,Life Sciences,1,15498,138953,2,Male,88,3,1,Laboratory Technician,2,Married,2387,6762,3,Y,No,22,4,3,80,1,7,3,3,4,2,0,3,Recruit.net
40,Current employee,Travel_Rarely,329,Research & Development,1,4,Life Sciences,1,15499,138954,2,Male,88,3,1,Laboratory Technician,2,Married,2387,6762,0,Y,No,22,4,3,80,1,7,3,3,4,2,0,3,Recruit.net
40,Current employee,Travel_Rarely,329,Research & Development,1,4,Life Sciences,1,15500,138955,2,Male,88,3,1,Laboratory Technician,2,Married,2387,6762,3,Y,No,22,3,3,80,1,7,3,3,4,2,0,3,Recruit.net
40,Current employee,Travel_Rarely,329,Research & Development,1,4,Life Sciences,1,15502,138957,2,Male,88,3,1,Laboratory Technician,2,Married,2387,6762,0,Y,No,22,4,3,80,1,7,3,3,4,2,0,3,Recruit.net
40,Current employee,Travel_Rarely,329,Research & Development,1,4,Life Sciences,1,15506,138961,2,Male,88,3,1,Laboratory Technician,2,Married,2387,6762,3,Y,No,22,4,3,80,1,7,3,3,4,2,0,3,Recruit.net
40,Current employee,Travel_Rarely,329,Research & Development,1,4,Life Sciences,1,15507,138962,2,Male,88,3,1,Laboratory Technician,2,Married,2387,6762,0,Y,No,22,4,3,80,1,7,3,3,4,2,0,3,Recruit.net
40,Current employee,Travel_Rarely,804,Research & Development,2,1,Medical,1,15541,138996,3,Female,80,4,1,Sales Representative,4,Married,2534,6527,8,Y,No,14,3,2,80,1,5,4,3,1,0,0,0,LinkedIn
40,Current employee,Travel_Rarely,804,Research & Development,2,1,Life Sciences,1,15542,138997,3,Female,80,4,1,Sales Representative,4,Married,2534,6527,8,Y,No,14,3,2,80,1,5,4,3,1,0,0,0,LinkedIn
40,Current employee,Travel_Rarely,804,Research & Development,2,1,Medical,1,15546,139001,3,Female,80,4,1,Sales Representative,4,Married,2534,6527,8,Y,No,14,3,2,80,1,5,4,3,1,0,0,0,LinkedIn
40,Current employee,Travel_Rarely,804,Research & Development,2,1,Life Sciences,1,15547,139002,3,Female,80,4,1,Sales Representative,4,Married,2534,6527,8,Y,No,14,3,2,80,1,5,4,3,1,0,0,0,LinkedIn
40,Current employee,Travel_Rarely,804,Research & Development,2,1,Medical,1,15549,139004,3,Female,80,4,1,Sales Representative,4,Married,2534,6527,8,Y,No,14,3,2,80,1,5,4,3,1,0,0,0,LinkedIn
40,Current employee,Travel_Rarely,804,Research & Development,2,1,Life Sciences,1,15550,139005,3,Female,80,4,1,Sales Representative,4,Married,2534,6527,8,Y,No,14,3,2,80,1,5,4,3,1,0,0,0,LinkedIn
40,Current employee,Travel_Rarely,804,Research & Development,2,1,Life Sciences,1,15554,139009,3,Female,80,4,1,Sales Representative,4,Married,2534,6527,8,Y,No,14,3,2,80,1,5,4,3,1,0,0,0,LinkedIn
40,Current employee,Travel_Rarely,1202,Research & Development,2,1,Medical,1,15665,139120,2,Female,89,4,2,Healthcare Representative,3,Divorced,6377,13888,5,Y,No,20,3,2,80,3,15,0,3,12,11,11,8,Indeed
40,Current employee,Travel_Rarely,1202,Research & Development,2,1,Life Sciences,1,15667,139122,2,Female,89,4,2,Healthcare Representative,3,Divorced,6377,13888,0,Y,No,20,3,2,80,3,15,0,3,12,11,11,8,Indeed
40,Current employee,Travel_Rarely,1202,Research & Development,2,1,Medical,1,15669,139124,2,Female,89,4,2,Healthcare Representative,3,Divorced,6377,13888,5,Y,No,20,4,2,80,3,15,0,3,12,11,11,8,Indeed
40,Current employee,Travel_Rarely,1202,Research & Development,2,1,Life Sciences,1,15670,139125,2,Female,89,4,2,Healthcare Representative,3,Divorced,6377,13888,0,Y,No,20,4,2,80,3,15,0,3,12,11,11,8,Indeed
40,Current employee,Travel_Rarely,1202,Research & Development,2,1,Medical,1,15673,139128,2,Female,89,4,2,Healthcare Representative,3,Divorced,6377,13888,5,Y,No,20,3,2,80,3,15,0,3,12,11,11,8,Indeed
40,Current employee,Travel_Rarely,1202,Research & Development,2,1,Life Sciences,1,15675,139130,2,Female,89,4,2,Healthcare Representative,3,Divorced,6377,13888,0,Y,No,20,3,2,80,3,15,0,3,12,11,11,8,Indeed
40,Current employee,Travel_Rarely,1202,Research & Development,2,1,Medical,1,15677,139132,2,Female,89,4,2,Healthcare Representative,3,Divorced,6377,13888,5,Y,No,20,4,2,80,3,15,0,3,12,11,11,8,Indeed
40,Current employee,Travel_Rarely,1202,Research & Development,2,1,Life Sciences,1,15678,139133,2,Female,89,4,2,Healthcare Representative,3,Divorced,6377,13888,0,Y,No,20,4,2,80,3,15,0,3,12,11,11,8,Indeed
40,Current employee,Travel_Frequently,791,Research & Development,2,2,Medical,1,15698,139153,3,Female,80,2,1,Sales Representative,4,Single,2785,11882,7,Y,No,14,4,3,80,0,3,3,4,1,0,0,0,GlassDoor
40,Current employee,Travel_Frequently,791,Research & Development,2,2,Life Sciences,1,15700,139155,3,Female,80,2,1,Sales Representative,4,Single,2785,11882,8,Y,No,14,3,3,80,0,3,3,4,1,0,0,0,GlassDoor
40,Current employee,Travel_Frequently,791,Research & Development,2,2,Medical,1,15703,139158,3,Female,80,2,1,Sales Representative,4,Single,2785,11882,7,Y,No,14,3,3,80,0,3,3,4,1,0,0,0,GlassDoor
40,Current employee,Travel_Frequently,791,Research & Development,2,2,Life Sciences,1,15704,139159,3,Female,80,2,1,Sales Representative,4,Single,2785,11882,8,Y,No,14,3,3,80,0,3,3,4,1,0,0,0,GlassDoor
40,Current employee,Travel_Frequently,791,Research & Development,2,2,Medical,1,15706,139161,3,Female,80,2,1,Sales Representative,4,Single,2785,11882,7,Y,No,14,4,3,80,0,3,3,4,1,0,0,0,GlassDoor
40,Current employee,Travel_Frequently,791,Research & Development,2,2,Life Sciences,1,15708,139163,3,Female,80,2,1,Sales Representative,4,Single,2785,11882,8,Y,No,14,3,3,80,0,3,3,4,1,0,0,0,GlassDoor
40,Current employee,Travel_Frequently,791,Research & Development,2,2,Life Sciences,1,15711,139166,3,Female,80,2,1,Sales Representative,4,Single,2785,11882,8,Y,No,14,3,3,80,0,3,3,4,1,0,0,0,GlassDoor
40,Current employee,Travel_Frequently,720,Research & Development,16,4,Medical,1,15760,139215,3,Male,80,2,2,Sales Executive,1,Married,4724,24232,1,Y,No,11,4,3,80,1,5,0,3,5,3,0,4,LinkedIn
40,Current employee,Travel_Frequently,720,Research & Development,16,4,Medical,1,15761,139216,3,Male,80,2,2,Sales Executive,1,Married,4724,24232,7,Y,No,11,4,3,80,1,5,0,3,5,3,0,4,LinkedIn
40,Current employee,Travel_Frequently,720,Research & Development,16,4,Medical,1,15765,139220,3,Male,80,2,2,Sales Executive,1,Married,4724,24232,1,Y,No,11,3,3,80,1,5,0,3,5,3,0,4,LinkedIn
40,Current employee,Travel_Frequently,720,Research & Development,16,4,Medical,1,15766,139221,3,Male,80,2,2,Sales Executive,1,Married,4724,24232,7,Y,No,11,3,3,80,1,5,0,3,5,3,0,4,LinkedIn
40,Current employee,Travel_Frequently,720,Research & Development,16,4,Medical,1,15768,139223,3,Male,80,2,2,Sales Executive,1,Married,4724,24232,1,Y,No,11,4,3,80,1,5,0,3,5,3,0,4,LinkedIn
40,Current employee,Travel_Frequently,720,Research & Development,16,4,Medical,1,15769,139224,3,Male,80,2,2,Sales Executive,1,Married,4724,24232,7,Y,No,11,4,3,80,1,5,0,3,5,3,0,4,LinkedIn
40,Current employee,Travel_Frequently,720,Research & Development,16,4,Medical,1,15773,139228,3,Male,80,2,2,Sales Executive,1,Married,4724,24232,7,Y,No,11,3,3,80,1,5,0,3,5,3,0,4,LinkedIn
40,Current employee,Travel_Frequently,1469,Research & Development,9,4,Medical,1,16186,139641,3,Female,81,3,2,Sales Executive,2,Single,9278,20763,3,Y,Yes,16,3,4,80,0,15,3,3,5,4,0,1,Recruit.net
40,Current employee,Travel_Frequently,1469,Research & Development,9,4,Medical,1,16188,139643,3,Female,81,3,2,Sales Executive,2,Single,9278,20763,6,Y,Yes,16,3,4,80,0,15,3,3,5,4,0,1,Recruit.net
40,Current employee,Travel_Frequently,1469,Research & Development,9,4,Medical,1,16191,139646,3,Female,81,3,2,Sales Executive,2,Single,9278,20763,3,Y,Yes,16,3,4,80,0,15,3,3,5,4,0,1,Recruit.net
40,Current employee,Travel_Frequently,1469,Research & Development,9,4,Medical,1,16192,139647,3,Female,81,3,2,Sales Executive,2,Single,9278,20763,6,Y,Yes,16,3,4,80,0,15,3,3,5,4,0,1,Recruit.net
40,Current employee,Travel_Frequently,1469,Research & Development,9,4,Medical,1,16194,139649,3,Female,81,3,2,Sales Executive,2,Single,9278,20763,3,Y,Yes,16,3,4,80,0,15,3,3,5,4,0,1,Recruit.net
40,Current employee,Travel_Frequently,1469,Research & Development,9,4,Medical,1,16196,139651,3,Female,81,3,2,Sales Executive,2,Single,9278,20763,6,Y,Yes,16,3,4,80,0,15,3,3,5,4,0,1,Recruit.net
40,Current employee,Travel_Frequently,1469,Research & Development,9,4,Medical,1,16199,139654,3,Female,81,3,2,Sales Executive,2,Single,9278,20763,6,Y,Yes,16,3,4,80,0,15,3,3,5,4,0,1,Recruit.net
40,Current employee,Non-Travel,663,Research & Development,9,4,Other,1,16469,139924,3,Male,81,3,2,Laboratory Technician,3,Divorced,3975,23099,3,Y,No,11,3,3,80,2,11,2,4,8,7,0,7,Jora
40,Current employee,Non-Travel,663,Research & Development,9,4,Medical,1,16471,139926,3,Male,81,3,2,Laboratory Technician,3,Divorced,3975,23099,1,Y,No,11,3,3,80,2,11,2,4,8,7,0,7,Jora
40,Current employee,Non-Travel,663,Research & Development,9,4,Other,1,16473,139928,3,Male,81,3,2,Laboratory Technician,3,Divorced,3975,23099,3,Y,No,11,3,3,80,2,11,2,4,8,7,0,7,Jora
40,Current employee,Non-Travel,663,Research & Development,9,4,Medical,1,16474,139929,3,Male,81,3,2,Laboratory Technician,3,Divorced,3975,23099,1,Y,No,11,3,3,80,2,11,2,4,8,7,0,7,Jora
40,Current employee,Non-Travel,663,Research & Development,9,4,Other,1,16480,139935,3,Male,81,3,2,Laboratory Technician,3,Divorced,3975,23099,3,Y,No,11,3,3,80,2,11,2,4,8,7,0,7,Jora
40,Current employee,Non-Travel,663,Research & Development,9,4,Medical,1,16482,139937,3,Male,81,3,2,Laboratory Technician,3,Divorced,3975,23099,1,Y,No,11,3,3,80,2,11,2,4,8,7,0,7,Jora
40,Current employee,Non-Travel,663,Research & Development,9,4,Other,1,16484,139939,3,Male,81,3,2,Laboratory Technician,3,Divorced,3975,23099,3,Y,No,11,3,3,80,2,11,2,4,8,7,0,7,Jora
40,Current employee,Non-Travel,663,Research & Development,9,4,Medical,1,16485,139940,3,Male,81,3,2,Laboratory Technician,3,Divorced,3975,23099,1,Y,No,11,3,3,80,2,11,2,4,8,7,0,7,Jora
40,Current employee,Non-Travel,218,Research & Development,8,1,Medical,1,16649,140104,4,Male,55,2,3,Research Director,2,Divorced,13757,25178,2,Y,No,11,3,3,80,1,16,5,3,9,8,4,8,Company Website
40,Current employee,Non-Travel,218,Research & Development,8,1,Medical,1,16651,140106,4,Male,55,2,3,Research Director,2,Divorced,13757,25178,2,Y,No,11,4,3,80,1,16,5,3,9,8,4,8,Company Website
40,Current employee,Non-Travel,218,Research & Development,8,1,Medical,1,16655,140110,4,Male,55,2,3,Research Director,2,Divorced,13757,25178,2,Y,No,11,3,3,80,1,16,5,3,9,8,4,8,Company Website
40,Current employee,Non-Travel,218,Research & Development,8,1,Medical,1,16656,140111,4,Male,55,2,3,Research Director,2,Divorced,13757,25178,2,Y,No,11,3,3,80,1,16,5,3,9,8,4,8,Company Website
40,Current employee,Non-Travel,218,Research & Development,8,1,Medical,1,16657,140112,4,Male,55,2,3,Research Director,2,Divorced,13757,25178,2,Y,No,11,3,3,80,1,16,5,3,9,8,4,8,Company Website
40,Current employee,Non-Travel,218,Research & Development,8,1,Medical,1,16659,140114,4,Male,55,2,3,Research Director,2,Divorced,13757,25178,2,Y,No,11,4,3,80,1,16,5,3,9,8,4,8,Company Website
40,Current employee,Non-Travel,218,Research & Development,8,1,Medical,1,16663,140118,4,Male,55,2,3,Research Director,2,Divorced,13757,25178,2,Y,No,11,3,3,80,1,16,5,3,9,8,4,8,Company Website
40,Current employee,Non-Travel,218,Research & Development,8,1,Medical,1,16664,140119,4,Male,55,2,3,Research Director,2,Divorced,13757,25178,2,Y,No,11,3,3,80,1,16,5,3,9,8,4,8,Company Website
40,Current employee,Travel_Rarely,896,Research & Development,2,3,Medical,1,16728,140183,3,Male,68,3,1,Research Scientist,3,Divorced,2345,8045,2,Y,No,14,3,3,80,1,8,3,4,3,1,1,2,Adzuna
40,Current employee,Travel_Rarely,896,Research & Development,2,3,Life Sciences,1,16730,140185,3,Male,68,3,1,Research Scientist,3,Divorced,2345,8045,2,Y,No,14,3,3,80,1,8,3,4,3,1,1,2,Adzuna
40,Current employee,Travel_Rarely,896,Research & Development,2,3,Medical,1,16734,140189,3,Male,68,3,1,Research Scientist,3,Divorced,2345,8045,2,Y,No,14,3,3,80,1,8,3,4,3,1,1,2,Adzuna
40,Current employee,Travel_Rarely,896,Research & Development,2,3,Life Sciences,1,16735,140190,3,Male,68,3,1,Research Scientist,3,Divorced,2345,8045,2,Y,No,14,3,3,80,1,8,3,4,3,1,1,2,Adzuna
40,Current employee,Travel_Rarely,896,Research & Development,2,3,Medical,1,16736,140191,3,Male,68,3,1,Research Scientist,3,Divorced,2345,8045,2,Y,No,14,3,3,80,1,8,3,4,3,1,1,2,Adzuna
40,Current employee,Travel_Rarely,896,Research & Development,2,3,Life Sciences,1,16738,140193,3,Male,68,3,1,Research Scientist,3,Divorced,2345,8045,2,Y,No,14,3,3,80,1,8,3,4,3,1,1,2,Adzuna
40,Current employee,Travel_Rarely,896,Research & Development,2,3,Medical,1,16742,140197,3,Male,68,3,1,Research Scientist,3,Divorced,2345,8045,2,Y,No,14,3,3,80,1,8,3,4,3,1,1,2,Adzuna
40,Current employee,Travel_Rarely,896,Research & Development,2,3,Life Sciences,1,16743,140198,3,Male,68,3,1,Research Scientist,3,Divorced,2345,8045,2,Y,No,14,3,3,80,1,8,3,4,3,1,1,2,Adzuna
40,Current employee,Travel_Rarely,1308,Research & Development,14,3,Medical,1,16841,140296,4,Male,83,3,1,Research Scientist,3,Divorced,1274,7152,1,Y,No,13,4,2,80,2,1,2,2,1,0,0,0,Company Website
40,Current employee,Travel_Rarely,1308,Research & Development,14,3,Medical,1,16843,140298,4,Male,83,3,1,Research Scientist,3,Divorced,1274,7152,3,Y,No,13,3,2,80,2,1,2,2,1,0,0,0,Company Website
40,Current employee,Travel_Rarely,1308,Research & Development,14,3,Medical,1,16846,140301,4,Male,83,3,1,Research Scientist,3,Divorced,1274,7152,1,Y,No,13,3,2,80,2,1,2,2,1,0,0,0,Company Website
40,Current employee,Travel_Rarely,1308,Research & Development,14,3,Medical,1,16847,140302,4,Male,83,3,1,Research Scientist,3,Divorced,1274,7152,3,Y,No,13,3,2,80,2,1,2,2,1,0,0,0,Company Website
40,Current employee,Travel_Rarely,1308,Research & Development,14,3,Medical,1,16849,140304,4,Male,83,3,1,Research Scientist,3,Divorced,1274,7152,1,Y,No,13,4,2,80,2,1,2,2,1,0,0,0,Company Website
40,Current employee,Travel_Rarely,1308,Research & Development,14,3,Medical,1,16851,140306,4,Male,83,3,1,Research Scientist,3,Divorced,1274,7152,3,Y,No,13,3,2,80,2,1,2,2,1,0,0,0,Company Website
40,Current employee,Travel_Rarely,1308,Research & Development,14,3,Medical,1,16854,140309,4,Male,83,3,1,Research Scientist,3,Divorced,1274,7152,3,Y,No,13,3,2,80,2,1,2,2,1,0,0,0,Company Website
40,Current employee,Travel_Frequently,593,Research & Development,9,4,Medical,1,16936,140391,4,Female,83,2,2,Sales Executive,2,Single,4599,7815,0,Y,Yes,23,3,3,80,0,16,2,4,15,9,10,10,Jora
40,Current employee,Travel_Frequently,593,Research & Development,9,4,Medical,1,16937,140392,4,Female,83,2,2,Sales Executive,2,Single,4599,7815,6,Y,Yes,23,3,3,80,0,16,2,4,15,9,10,10,Jora
40,Current employee,Travel_Frequently,593,Research & Development,9,4,Medical,1,16941,140396,4,Female,83,2,2,Sales Executive,2,Single,4599,7815,0,Y,Yes,23,4,3,80,0,16,2,4,15,9,10,10,Jora
40,Current employee,Travel_Frequently,593,Research & Development,9,4,Medical,1,16942,140397,4,Female,83,2,2,Sales Executive,2,Single,4599,7815,6,Y,Yes,23,4,3,80,0,16,2,4,15,9,10,10,Jora
40,Current employee,Travel_Frequently,593,Research & Development,9,4,Medical,1,16944,140399,4,Female,83,2,2,Sales Executive,2,Single,4599,7815,0,Y,Yes,23,3,3,80,0,16,2,4,15,9,10,10,Jora
40,Current employee,Travel_Frequently,593,Research & Development,9,4,Medical,1,16945,140400,4,Female,83,2,2,Sales Executive,2,Single,4599,7815,6,Y,Yes,23,3,3,80,0,16,2,4,15,9,10,10,Jora
40,Current employee,Travel_Frequently,593,Research & Development,9,4,Medical,1,16949,140404,4,Female,83,2,2,Sales Executive,2,Single,4599,7815,6,Y,Yes,23,4,3,80,0,16,2,4,15,9,10,10,Jora
40,Current employee,Travel_Frequently,902,Research & Development,26,2,Medical,1,16999,140454,4,Male,83,3,3,Manufacturing Director,3,Single,10209,19719,5,Y,Yes,18,4,2,80,0,16,2,2,2,2,2,2,GlassDoor
40,Current employee,Travel_Frequently,902,Research & Development,26,2,Technical Degree,1,17001,140456,4,Male,83,3,3,Manufacturing Director,3,Single,10209,19719,1,Y,Yes,18,3,2,80,0,16,2,2,2,2,2,2,GlassDoor
40,Current employee,Travel_Frequently,902,Research & Development,26,2,Medical,1,17002,140457,4,Male,83,3,3,Manufacturing Director,3,Single,10209,19719,5,Y,Yes,18,3,2,80,0,16,2,2,2,2,2,2,GlassDoor
40,Current employee,Travel_Frequently,902,Research & Development,26,2,Technical Degree,1,17003,140458,4,Male,83,3,3,Manufacturing Director,3,Single,10209,19719,1,Y,Yes,18,3,2,80,0,16,2,2,2,2,2,2,GlassDoor
40,Current employee,Travel_Frequently,902,Research & Development,26,2,Medical,1,17007,140462,4,Male,83,3,3,Manufacturing Director,3,Single,10209,19719,5,Y,Yes,18,4,2,80,0,16,2,2,2,2,2,2,GlassDoor
40,Current employee,Travel_Frequently,902,Research & Development,26,2,Technical Degree,1,17009,140464,4,Male,83,3,3,Manufacturing Director,3,Single,10209,19719,1,Y,Yes,18,3,2,80,0,16,2,2,2,2,2,2,GlassDoor
40,Current employee,Travel_Frequently,902,Research & Development,26,2,Technical Degree,1,17010,140465,4,Male,83,3,3,Manufacturing Director,3,Single,10209,19719,1,Y,Yes,18,3,2,80,0,16,2,2,2,2,2,2,GlassDoor
40,Current employee,Travel_Frequently,1184,Sales,2,4,Medical,1,17079,140534,4,Female,84,3,2,Sales Executive,3,Married,4591,24200,3,Y,Yes,17,3,3,80,1,11,4,2,5,4,1,2,Company Website
40,Current employee,Travel_Frequently,1184,Sales,2,4,Life Sciences,1,17080,140535,4,Female,84,3,2,Sales Executive,3,Married,4591,24200,4,Y,Yes,17,3,3,80,1,11,4,2,5,4,1,2,Company Website
40,Current employee,Travel_Frequently,1184,Sales,2,4,Medical,1,17082,140537,4,Female,84,3,2,Sales Executive,3,Married,4591,24200,3,Y,Yes,17,3,3,80,1,11,4,2,5,4,1,2,Company Website
40,Current employee,Travel_Frequently,1184,Sales,2,4,Life Sciences,1,17083,140538,4,Female,84,3,2,Sales Executive,3,Married,4591,24200,4,Y,Yes,17,3,3,80,1,11,4,2,5,4,1,2,Company Website
40,Current employee,Travel_Frequently,1184,Sales,2,4,Medical,1,17087,140542,4,Female,84,3,2,Sales Executive,3,Married,4591,24200,3,Y,Yes,17,3,3,80,1,11,4,2,5,4,1,2,Company Website
40,Current employee,Travel_Frequently,1184,Sales,2,4,Life Sciences,1,17088,140543,4,Female,84,3,2,Sales Executive,3,Married,4591,24200,4,Y,Yes,17,3,3,80,1,11,4,2,5,4,1,2,Company Website
40,Current employee,Travel_Frequently,1184,Sales,2,4,Life Sciences,1,17090,140545,4,Female,84,3,2,Sales Executive,3,Married,4591,24200,4,Y,Yes,17,3,3,80,1,11,4,2,5,4,1,2,Company Website
40,Current employee,Travel_Frequently,1469,Research & Development,6,3,Marketing,1,17280,140735,2,Female,32,3,3,Manufacturing Director,2,Single,8376,9150,3,Y,Yes,16,3,4,80,0,15,3,3,5,4,0,1,Recruit.net
40,Current employee,Travel_Rarely,1342,Sales,9,2,Medical,1,17509,140964,1,Male,47,3,2,Sales Executive,1,Married,5473,19345,0,Y,No,12,3,4,80,0,9,5,4,8,4,7,1,Recruit.net
40,Current employee,Travel_Rarely,1342,Sales,9,2,Medical,1,17512,140967,1,Male,47,3,2,Sales Executive,1,Married,5473,19345,6,Y,No,12,3,4,80,0,9,5,4,8,4,7,1,Recruit.net
40,Current employee,Travel_Rarely,1342,Sales,9,2,Medical,1,17513,140968,1,Male,47,3,2,Sales Executive,1,Married,5473,19345,0,Y,No,12,3,4,80,0,9,5,4,8,4,7,1,Recruit.net
40,Current employee,Travel_Rarely,1342,Sales,9,2,Medical,1,17514,140969,1,Male,47,3,2,Sales Executive,1,Married,5473,19345,6,Y,No,12,3,4,80,0,9,5,4,8,4,7,1,Recruit.net
40,Current employee,Travel_Rarely,1342,Sales,9,2,Medical,1,17517,140972,1,Male,47,3,2,Sales Executive,1,Married,5473,19345,0,Y,No,12,3,4,80,0,9,5,4,8,4,7,1,Recruit.net
40,Current employee,Travel_Rarely,1342,Sales,9,2,Medical,1,17520,140975,1,Male,47,3,2,Sales Executive,1,Married,5473,19345,6,Y,No,12,3,4,80,0,9,5,4,8,4,7,1,Recruit.net
40,Current employee,Travel_Rarely,1342,Sales,9,2,Medical,1,17521,140976,1,Male,47,3,2,Sales Executive,1,Married,5473,19345,0,Y,,12,3,4,80,0,9,5,4,8,4,7,1,Recruit.net
40,Current employee,Travel_Rarely,1342,Sales,9,2,Medical,1,17522,140977,1,Male,47,3,2,Sales Executive,1,Married,5473,19345,6,Y,No,12,3,4,80,0,9,5,4,8,4,7,1,Recruit.net
40,Current employee,Travel_Rarely,898,Human Resources,6,2,Medical,1,17541,140996,3,Male,38,3,4,Manager,4,Single,16437,17381,1,Y,Yes,21,3,4,80,0,21,2,3,21,7,7,7,Jora
40,Current employee,Travel_Rarely,898,Human Resources,6,2,Marketing,1,17543,140998,3,Male,38,3,4,Manager,4,Single,16437,17381,1,Y,Yes,21,3,4,80,0,21,2,3,21,7,7,7,Jora
40,Current employee,Travel_Rarely,898,Human Resources,6,2,Medical,1,17547,141002,3,Male,38,3,4,Manager,4,Single,16437,17381,1,Y,Yes,21,4,4,80,0,21,2,3,21,7,7,7,Jora
40,Current employee,Travel_Rarely,898,Human Resources,6,2,Marketing,1,17548,141003,3,Male,38,3,4,Manager,4,Single,16437,17381,1,Y,Yes,21,4,4,80,0,21,2,3,21,7,7,7,Jora
40,Current employee,Travel_Rarely,898,Human Resources,6,2,Medical,1,17549,141004,3,Male,38,3,4,Manager,4,Single,16437,17381,1,Y,Yes,21,3,4,80,0,21,2,3,21,7,7,7,Jora
40,Current employee,Travel_Rarely,898,Human Resources,6,2,Marketing,1,17551,141006,3,Male,38,3,4,Manager,4,Single,16437,17381,1,Y,Yes,21,3,4,80,0,21,2,3,21,7,7,7,Jora
40,Current employee,Travel_Rarely,898,Human Resources,6,2,Medical,1,17555,141010,3,Male,38,3,4,Manager,4,Single,16437,17381,1,Y,Yes,21,4,4,80,0,21,2,3,21,7,7,7,Jora
40,Current employee,Travel_Rarely,898,Human Resources,6,2,Marketing,1,17556,141011,3,Male,38,3,4,Manager,4,Single,16437,17381,1,Y,Yes,21,4,4,80,0,21,2,3,21,7,7,7,Jora
40,Current employee,Non-Travel,1142,Research & Development,8,2,Life Sciences,1,17573,141028,4,Male,72,3,2,Healthcare Representative,4,Divorced,4069,8841,3,Y,Yes,18,3,3,80,0,8,2,3,2,2,2,2,Recruit.net
40,Current employee,Non-Travel,1142,Research & Development,8,2,Medical,1,17575,141030,4,Male,72,3,2,Healthcare Representative,4,Divorced,4069,8841,0,Y,Yes,18,3,3,80,0,8,2,3,2,2,2,2,Recruit.net
40,Current employee,Non-Travel,1142,Research & Development,8,2,Life Sciences,1,17579,141034,4,Male,72,3,2,Healthcare Representative,4,Divorced,4069,8841,3,Y,Yes,18,3,3,80,0,8,2,3,2,2,2,2,Recruit.net
40,Current employee,Non-Travel,1142,Research & Development,8,2,Medical,1,17580,141035,4,Male,72,3,2,Healthcare Representative,4,Divorced,4069,8841,0,Y,Yes,18,3,3,80,0,8,2,3,2,2,2,2,Recruit.net
40,Current employee,Non-Travel,1142,Research & Development,8,2,Life Sciences,1,17581,141036,4,Male,72,3,2,Healthcare Representative,4,Divorced,4069,8841,3,Y,Yes,18,3,3,80,0,8,2,3,2,2,2,2,Recruit.net
40,Current employee,Non-Travel,1142,Research & Development,8,2,Medical,1,17583,141038,4,Male,72,3,2,Healthcare Representative,4,Divorced,4069,8841,0,Y,Yes,18,3,3,80,0,8,2,3,2,2,2,2,Recruit.net
40,Current employee,Non-Travel,1142,Research & Development,8,2,Medical,1,17588,141043,4,Male,72,3,2,Healthcare Representative,4,Divorced,4069,8841,0,Y,Yes,18,3,3,80,0,8,2,3,2,2,2,2,Recruit.net
40,Current employee,Travel_Rarely,1202,Research & Development,2,1,Medical,1,17606,141061,4,Female,85,2,1,Sales Representative,3,Married,2430,26204,0,Y,No,23,3,1,80,2,6,5,3,5,3,4,2,Jora
40,Current employee,Travel_Rarely,1202,Research & Development,2,1,Life Sciences,1,17607,141062,4,Female,85,2,1,Sales Representative,3,Married,2430,26204,8,Y,No,23,3,1,80,2,6,5,3,5,3,4,2,Jora
40,Current employee,Travel_Rarely,1202,Research & Development,2,1,Medical,1,17611,141066,4,Female,85,2,1,Sales Representative,3,Married,2430,26204,0,Y,No,23,4,1,80,2,6,5,3,5,3,4,2,Jora
40,Current employee,Travel_Rarely,1202,Research & Development,2,1,Life Sciences,1,17612,141067,4,Female,85,2,1,Sales Representative,3,Married,2430,26204,8,Y,No,23,4,1,80,2,6,5,3,5,3,4,2,Jora
40,Current employee,Travel_Rarely,1202,Research & Development,2,1,Medical,1,17614,141069,4,Female,85,2,1,Sales Representative,3,Married,2430,26204,0,Y,No,23,3,1,80,2,6,5,3,5,3,4,2,Jora
40,Current employee,Travel_Rarely,1202,Research & Development,2,1,Life Sciences,1,17615,141070,4,Female,85,2,1,Sales Representative,3,Married,2430,26204,8,Y,No,23,3,1,80,2,6,5,3,5,3,4,2,Jora
40,Current employee,Travel_Rarely,1202,Research & Development,2,1,Life Sciences,1,17619,141074,4,Female,85,2,1,Sales Representative,3,Married,2430,26204,8,Y,No,23,4,1,80,2,6,5,3,5,3,4,2,Jora
40,Current employee,Non-Travel,218,Research & Development,8,1,Medical,1,17837,141292,4,Male,86,3,1,Research Scientist,4,Single,2972,22061,1,Y,No,13,3,3,80,0,1,4,1,1,0,0,0,Adzuna
40,Current employee,Non-Travel,218,Research & Development,8,1,Medical,1,17839,141294,4,Male,86,3,1,Research Scientist,4,Single,2972,22061,3,Y,No,13,3,3,80,0,1,4,1,1,0,0,0,Adzuna
40,Current employee,Non-Travel,218,Research & Development,8,1,Medical,1,17842,141297,4,Male,86,3,1,Research Scientist,4,Single,2972,22061,1,Y,No,13,3,3,80,0,1,4,1,1,0,0,0,Adzuna
40,Current employee,Non-Travel,218,Research & Development,8,1,Medical,1,17843,141298,4,Male,86,3,1,Research Scientist,4,Single,2972,22061,3,Y,No,13,3,3,80,0,1,4,1,1,0,0,0,Adzuna
40,Current employee,Non-Travel,218,Research & Development,8,1,Medical,1,17846,141301,4,Male,86,3,1,Research Scientist,4,Single,2972,22061,3,Y,No,13,3,3,80,0,1,4,1,1,0,0,0,Adzuna
40,Current employee,Non-Travel,218,Research & Development,8,1,Medical,1,17849,141304,4,Male,86,3,1,Research Scientist,4,Single,2972,22061,3,Y,No,13,3,3,80,0,1,4,1,1,0,0,0,Adzuna
40,Current employee,Travel_Rarely,896,Research & Development,2,3,Medical,1,17883,141338,4,Female,86,3,1,Research Scientist,4,Married,2061,11133,1,Y,No,21,3,1,80,0,1,5,3,1,0,0,0,Indeed
40,Current employee,Travel_Rarely,896,Research & Development,2,3,Life Sciences,1,17884,141339,4,Female,86,3,1,Research Scientist,4,Married,2061,11133,2,Y,No,21,3,1,80,0,1,5,3,1,0,0,0,Indeed
40,Current employee,Travel_Rarely,896,Research & Development,2,3,Medical,1,17888,141343,4,Female,86,3,1,Research Scientist,4,Married,2061,11133,1,Y,No,21,4,1,80,0,1,5,3,1,0,0,0,Indeed
40,Current employee,Travel_Rarely,896,Research & Development,2,3,Life Sciences,1,17889,141344,4,Female,86,3,1,Research Scientist,4,Married,2061,11133,2,Y,No,21,4,1,80,0,1,5,3,1,0,0,0,Indeed
40,Current employee,Travel_Rarely,896,Research & Development,2,3,Life Sciences,1,17891,141346,4,Female,86,3,1,Research Scientist,4,Married,2061,11133,2,Y,No,21,3,1,80,0,1,5,3,1,0,0,0,Indeed
40,Current employee,Travel_Rarely,896,Research & Development,2,3,Medical,1,17895,141350,4,Female,86,3,1,Research Scientist,4,Married,2061,11133,1,Y,No,21,4,1,80,0,1,5,3,1,0,0,0,Indeed
40,Current employee,Travel_Rarely,896,Research & Development,2,3,Life Sciences,1,17896,141351,4,Female,86,3,1,Research Scientist,4,Married,2061,11133,2,Y,No,21,4,1,80,0,1,5,3,1,0,0,0,Indeed
40,Current employee,Travel_Rarely,118,Sales,14,2,Life Sciences,1,18095,141550,4,Female,84,3,2,Sales Executive,1,Married,4639,11262,1,Y,No,15,4,3,80,1,5,2,3,5,4,1,2,LinkedIn
40,Current employee,Travel_Rarely,118,Sales,14,2,Medical,1,18098,141553,4,Female,84,3,2,Sales Executive,1,Married,4639,11262,7,Y,No,15,3,3,80,1,5,2,3,5,4,1,2,LinkedIn
40,Current employee,Travel_Rarely,118,Sales,14,2,Life Sciences,1,18099,141554,4,Female,84,3,2,Sales Executive,1,Married,4639,11262,1,Y,No,15,3,3,80,1,5,2,3,5,4,1,2,LinkedIn
40,Current employee,Travel_Rarely,118,Sales,14,2,Medical,1,18100,141555,4,Female,84,3,2,Sales Executive,1,Married,4639,11262,7,Y,No,15,3,3,80,1,5,2,3,5,4,1,2,LinkedIn
40,Current employee,Travel_Rarely,118,Sales,14,2,Life Sciences,1,18103,141558,4,Female,84,3,2,Sales Executive,1,Married,4639,11262,1,Y,No,15,4,3,80,1,5,2,3,5,4,1,2,LinkedIn
40,Current employee,Travel_Rarely,118,Sales,14,2,Medical,1,18106,141561,4,Female,84,3,2,Sales Executive,1,Married,4639,11262,7,Y,No,15,3,3,80,1,5,2,3,5,4,1,2,LinkedIn
40,Current employee,Travel_Rarely,118,Sales,14,2,Life Sciences,1,18107,141562,4,Female,84,3,2,Sales Executive,1,,4639,11262,1,Y,No,15,3,3,80,1,5,2,3,5,4,1,2,LinkedIn
40,Current employee,Travel_Rarely,118,Sales,14,2,Medical,1,18108,141563,4,Female,84,3,2,Sales Executive,1,Married,4639,11262,7,Y,No,15,3,3,80,1,5,2,3,5,4,1,2,LinkedIn
40,Current employee,Travel_Rarely,1342,Sales,9,2,Medical,1,18127,141582,4,Male,86,2,1,Laboratory Technician,4,Married,2690,7713,1,Y,No,18,3,4,80,1,1,5,2,1,0,0,1,Adzuna
40,Current employee,Travel_Rarely,1342,Sales,9,2,Medical,1,18129,141584,4,Male,86,2,1,Laboratory Technician,4,Married,2690,7713,1,Y,No,18,3,4,80,1,1,5,2,1,0,0,1,Adzuna
40,Current employee,Travel_Rarely,1342,Sales,9,2,Medical,1,18132,141587,4,Male,86,2,1,Laboratory Technician,4,Married,2690,7713,1,Y,No,18,3,4,80,1,1,5,2,1,0,0,1,Adzuna
40,Current employee,Travel_Rarely,1342,Sales,9,2,Medical,1,18133,141588,4,Male,86,2,1,Laboratory Technician,4,Married,2690,7713,1,Y,No,18,3,4,80,1,1,5,2,1,0,0,1,Adzuna
40,Current employee,Travel_Rarely,1342,Sales,9,2,Medical,1,18134,141589,4,Male,86,2,1,Laboratory Technician,4,Married,2690,7713,1,Y,No,18,3,4,80,1,1,5,2,1,0,0,1,Adzuna
40,Current employee,Travel_Rarely,1342,Sales,9,2,Medical,1,18136,141591,4,Male,86,2,1,Laboratory Technician,4,Married,2690,7713,1,Y,No,18,3,4,80,1,1,5,2,1,0,0,1,Adzuna
40,Current employee,Travel_Rarely,1342,Sales,9,2,Medical,1,18139,141594,4,Male,86,2,1,Laboratory Technician,4,Married,2690,7713,1,Y,No,18,3,4,80,1,1,5,2,1,0,0,1,Adzuna
40,Current employee,Travel_Rarely,1342,Sales,9,2,Medical,1,18140,141595,4,Male,86,2,1,Laboratory Technician,4,Married,2690,7713,1,Y,No,18,3,4,80,1,1,5,2,1,0,0,1,Adzuna
40,Current employee,Travel_Rarely,898,Human Resources,6,2,Medical,1,18142,141597,4,Male,86,4,4,Manager,1,Single,17567,3156,1,Y,No,15,3,2,80,0,27,5,1,26,0,0,12,GlassDoor
40,Current employee,Travel_Rarely,898,Human Resources,6,2,Marketing,1,18144,141599,4,Male,86,4,4,Manager,1,Single,17567,3156,1,Y,No,15,4,2,80,0,27,5,1,26,0,0,12,GlassDoor
40,Current employee,Travel_Rarely,898,Human Resources,6,2,Medical,1,18145,141600,4,Male,86,4,4,Manager,1,Single,17567,3156,1,Y,No,15,3,2,80,0,27,5,1,26,0,0,12,GlassDoor
40,Current employee,Travel_Rarely,898,Human Resources,6,2,Marketing,1,18146,141601,4,Male,86,4,4,Manager,1,Single,17567,3156,1,Y,No,15,3,2,80,0,27,5,1,26,0,0,12,GlassDoor
40,Current employee,Travel_Rarely,898,Human Resources,6,2,Medical,1,18149,141604,4,Male,86,4,4,Manager,1,Single,17567,3156,1,Y,No,15,3,2,80,0,27,5,1,26,0,0,12,GlassDoor
40,Current employee,Travel_Rarely,898,Human Resources,6,2,Marketing,1,18151,141606,4,Male,86,4,4,Manager,1,Single,17567,3156,1,Y,No,15,4,2,80,0,27,5,1,26,0,0,12,GlassDoor
40,Current employee,Travel_Rarely,898,Human Resources,6,2,Medical,1,18152,141607,4,Male,86,4,4,Manager,1,Single,17567,3156,1,Y,No,15,3,2,80,0,27,5,1,26,0,0,12,GlassDoor
40,Current employee,Travel_Rarely,898,Human Resources,6,2,Marketing,1,18153,141608,4,Male,86,4,4,Manager,1,Single,17567,3156,1,Y,No,15,3,2,80,0,27,5,1,26,0,0,12,GlassDoor
40,Current employee,Travel_Frequently,593,Research & Development,10,5,Medical,1,18350,141805,2,Male,76,3,2,Manufacturing Director,1,Married,5377,3835,0,Y,Yes,23,4,3,80,0,16,2,4,15,9,10,10,Jora
40,Current employee,Travel_Frequently,791,Research & Development,3,2,Life Sciences,1,18403,141858,4,Female,87,1,2,Manufacturing Director,1,Divorced,4877,20460,7,Y,No,14,3,3,80,0,3,3,4,1,0,0,0,GlassDoor
40,Current employee,Travel_Rarely,884,Research & Development,15,3,Life Sciences,1,18472,141927,1,Female,80,2,3,Manufacturing Director,3,Married,10435,25800,1,Y,No,13,4,4,80,2,18,2,3,18,15,14,12,Company Website
40,Current employee,Travel_Rarely,884,Research & Development,15,3,Medical,1,18475,141930,1,Female,80,2,3,Manufacturing Director,3,Married,10435,25800,1,Y,No,13,3,4,80,2,18,2,3,18,15,14,12,Company Website
40,Current employee,Travel_Rarely,884,Research & Development,15,3,Life Sciences,1,18476,141931,1,Female,80,2,3,Manufacturing Director,3,Married,10435,25800,1,Y,No,13,3,4,80,2,18,2,3,18,15,14,12,Company Website
40,Current employee,Travel_Rarely,884,Research & Development,15,3,Medical,1,18477,141932,1,Female,80,2,3,Manufacturing Director,3,Married,10435,25800,1,Y,No,13,3,4,80,2,18,2,3,18,15,14,12,Company Website
40,Current employee,Travel_Rarely,884,Research & Development,15,3,Life Sciences,1,18480,141935,1,Female,80,2,3,Manufacturing Director,3,Married,10435,25800,1,Y,No,13,4,4,80,2,18,2,3,18,15,14,12,Company Website
40,Current employee,Travel_Rarely,884,Research & Development,15,3,Medical,1,18483,141938,1,Female,80,2,3,Manufacturing Director,3,Married,10435,25800,1,Y,No,13,3,4,80,2,18,2,3,18,15,14,12,Company Website
40,Current employee,Travel_Rarely,884,Research & Development,,,Life Sciences,1,18484,141939,1,Female,80,2,3,Manufacturing Director,3,Married,10435,25800,1,Y,No,13,3,4,80,2,18,,3,18,15,14,12,Company Website
40,Current employee,Travel_Rarely,884,Research & Development,15,3,Medical,1,18485,141940,1,Female,80,2,3,Manufacturing Director,3,Married,10435,25800,1,Y,No,13,3,4,80,2,18,2,3,18,15,14,12,Company Website
40,Current employee,Travel_Frequently,720,Research & Development,4,3,Life Sciences,1,18537,141992,1,Female,81,3,2,Manufacturing Director,3,Single,5042,3140,1,Y,No,11,3,3,80,1,5,0,3,5,3,0,4,LinkedIn
40,Current employee,Travel_Frequently,1184,Sales,12,3,Medical,1,18576,142031,4,Female,87,2,3,Manufacturing Director,3,Married,7756,14199,3,Y,Yes,17,3,3,80,1,11,4,2,5,4,1,2,Company Website
40,Current employee,Travel_Rarely,448,Research & Development,16,3,Life Sciences,1,18614,142069,3,Female,84,3,3,Manufacturing Director,4,Single,7945,19948,6,Y,Yes,15,3,4,80,0,18,2,2,4,2,3,3,Jora
40,Current employee,Travel_Rarely,448,Research & Development,16,3,Medical,1,18616,142071,3,Female,84,3,3,Manufacturing Director,4,Single,7945,19948,1,Y,Yes,15,3,4,80,0,18,2,2,4,2,3,3,Jora
40,Current employee,Travel_Rarely,448,Research & Development,16,3,Life Sciences,1,18618,142073,3,Female,84,3,3,Manufacturing Director,4,Single,7945,19948,6,Y,Yes,15,3,4,80,0,18,2,2,4,2,3,3,Jora
40,Current employee,Travel_Rarely,448,Research & Development,16,3,Medical,1,18619,142074,3,Female,84,3,3,Manufacturing Director,4,Single,7945,19948,1,Y,Yes,15,3,4,80,0,18,2,2,4,2,3,3,Jora
40,Current employee,Travel_Rarely,448,Research & Development,16,3,Life Sciences,1,18621,142076,3,Female,84,3,3,Manufacturing Director,4,Single,7945,19948,6,Y,Yes,15,3,4,80,0,18,2,2,4,2,3,3,Jora
40,Current employee,Travel_Rarely,448,Research & Development,16,3,Medical,1,18623,142078,3,Female,84,3,3,Manufacturing Director,4,Single,7945,19948,1,Y,Yes,15,3,4,80,0,18,2,2,4,2,3,3,Jora
40,Current employee,Travel_Rarely,448,Research & Development,16,3,Life Sciences,1,18625,142080,3,Female,84,3,3,Manufacturing Director,4,Single,7945,19948,6,Y,Yes,15,3,4,80,0,18,2,2,4,2,3,3,Jora
40,Current employee,Travel_Rarely,448,Research & Development,16,3,Medical,1,18626,142081,3,Female,84,3,3,Manufacturing Director,4,Single,7945,19948,1,Y,Yes,15,3,4,80,0,18,2,2,4,2,3,3,Jora
40,Current employee,Travel_Frequently,902,Research & Development,12,3,Medical,1,18801,142256,4,Male,66,3,2,Manufacturing Director,2,Married,5295,7693,5,Y,Yes,18,3,2,80,0,16,2,2,2,2,2,2,GlassDoor
40,Current employee,Travel_Rarely,611,Sales,7,4,Medical,1,18966,142421,4,Male,88,3,2,Sales Executive,4,Single,4581,10414,3,Y,Yes,24,3,1,80,0,13,2,4,11,9,6,7,Seek
40,Current employee,Travel_Rarely,611,Sales,7,4,Marketing,1,18967,142422,4,Male,88,3,2,Sales Executive,4,Single,4581,10414,6,Y,Yes,24,3,1,80,0,13,2,4,11,9,6,7,Seek
40,Current employee,Travel_Rarely,611,Sales,7,4,Medical,1,18971,142426,4,Male,88,3,2,Sales Executive,4,Single,4581,10414,3,Y,Yes,24,4,1,80,0,13,2,4,11,9,6,7,Seek
40,Current employee,Travel_Rarely,611,Sales,7,4,Marketing,1,18972,142427,4,Male,88,3,2,Sales Executive,4,Single,4581,10414,6,Y,Yes,24,4,1,80,0,13,2,4,11,9,6,7,Seek
40,Current employee,Travel_Rarely,611,Sales,7,4,Medical,1,18974,142429,4,Male,88,3,2,Sales Executive,4,Single,4581,10414,3,Y,Yes,24,3,1,80,0,13,2,4,11,9,6,7,Seek
40,Current employee,Travel_Rarely,611,Sales,7,4,Marketing,1,18975,142430,4,Male,88,3,2,Sales Executive,4,Single,4581,10414,6,Y,Yes,24,3,1,80,0,13,2,4,11,9,6,7,Seek
40,Current employee,Travel_Rarely,611,Sales,7,4,Medical,1,18979,142434,4,Male,88,3,2,Sales Executive,4,Single,4581,10414,3,Y,Yes,24,4,1,80,0,13,2,4,11,9,6,7,Seek
40,Current employee,Travel_Rarely,611,Sales,7,4,Marketing,1,18980,142435,4,Male,88,3,2,Sales Executive,4,Single,4581,10414,6,Y,Yes,24,4,1,80,0,13,2,4,11,9,6,7,Seek
40,Current employee,Travel_Rarely,369,Research & Development,8,2,Life Sciences,1,19650,143105,2,Female,92,3,2,Manufacturing Director,1,Married,6516,5041,2,Y,Yes,16,3,2,80,1,18,3,3,1,0,0,0,Seek
40,Current employee,Travel_Rarely,369,Research & Development,8,2,Medical,1,19653,143108,2,Female,92,3,2,Manufacturing Director,1,Married,6516,5041,1,Y,Yes,16,4,2,80,1,18,3,3,1,0,0,0,Seek
40,Current employee,Travel_Rarely,369,Research & Development,8,2,Life Sciences,1,19656,143111,2,Female,92,3,2,Manufacturing Director,1,Married,6516,5041,2,Y,Yes,16,3,2,80,1,18,3,3,1,0,0,0,Seek
40,Current employee,Travel_Rarely,369,Research & Development,8,2,Medical,1,19657,143112,2,Female,92,3,2,Manufacturing Director,1,Married,6516,5041,1,Y,Yes,16,3,2,80,1,18,3,3,1,0,0,0,Seek
40,Current employee,Travel_Rarely,369,Research & Development,8,2,Life Sciences,1,19658,143113,2,Female,92,3,2,Manufacturing Director,1,Married,6516,5041,2,Y,Yes,16,3,2,80,1,18,3,3,1,0,0,0,Seek
40,Current employee,Travel_Rarely,369,Research & Development,8,2,Medical,1,19661,143116,2,Female,92,3,2,Manufacturing Director,1,Married,6516,5041,1,Y,Yes,16,4,2,80,1,18,3,3,1,0,0,0,Seek
40,Current employee,Travel_Rarely,369,Research & Development,8,2,Life Sciences,1,19664,143119,2,Female,92,3,2,Manufacturing Director,1,Married,6516,5041,2,Y,Yes,16,3,,80,1,18,3,3,1,0,0,0,Seek
40,Current employee,Travel_Rarely,369,Research & Development,8,2,Medical,1,19665,143120,2,Female,92,3,2,Manufacturing Director,1,Married,6516,5041,1,Y,Yes,16,3,2,80,1,18,3,3,1,0,0,0,Seek
40,Current employee,Travel_Rarely,611,Sales,7,4,Medical,1,19858,143313,2,Male,88,3,5,Manager,2,Single,19833,4349,1,Y,No,14,3,2,80,0,21,3,2,21,8,12,8,Referral
40,Current employee,Travel_Rarely,611,Sales,7,4,Marketing,1,19860,143315,2,Male,88,3,5,Manager,2,Single,19833,4349,1,Y,No,14,3,2,80,0,21,3,2,21,8,12,8,Referral
40,Current employee,Travel_Rarely,611,Sales,7,4,Medical,1,19864,143319,2,Male,88,3,5,Manager,2,Single,19833,4349,1,Y,No,14,3,2,80,0,21,3,2,21,8,12,8,Referral
40,Current employee,Travel_Rarely,611,Sales,7,4,Marketing,1,19865,143320,2,Male,88,3,5,Manager,2,Single,19833,4349,1,Y,No,14,3,2,80,0,21,3,2,21,8,12,8,Referral
40,Current employee,Travel_Rarely,611,Sales,7,4,Medical,1,19866,143321,2,Male,88,3,5,Manager,2,Single,19833,4349,1,Y,No,14,3,2,80,0,21,3,2,21,8,12,8,Referral
40,Current employee,Travel_Rarely,611,Sales,7,4,Marketing,1,19868,143323,2,Male,88,3,5,Manager,2,Single,19833,4349,1,Y,No,14,3,2,80,0,21,3,2,21,8,12,8,Referral
40,Current employee,Travel_Rarely,611,Sales,7,4,Medical,1,19872,143327,2,,88,3,5,Manager,2,Single,19833,4349,1,Y,No,14,3,2,80,0,21,3,2,21,8,12,8,Referral
40,Current employee,Travel_Rarely,611,Sales,7,4,Marketing,1,19873,143328,2,Male,88,3,5,Manager,2,Single,19833,4349,1,Y,No,14,3,2,80,0,21,3,2,21,8,12,8,Referral
40,Current employee,Travel_Rarely,1194,Research & Development,2,4,Medical,1,19969,143424,4,Female,91,1,1,Sales Representative,2,Single,2760,14630,1,Y,No,13,3,3,80,0,2,3,3,2,2,2,2,Company Website
40,Current employee,Travel_Rarely,1194,Research & Development,2,4,Life Sciences,1,19970,143425,4,Female,91,1,1,Sales Representative,2,Single,2760,14630,8,Y,No,13,3,3,80,0,2,3,3,2,2,2,2,Company Website
40,Current employee,Travel_Rarely,1194,Research & Development,2,4,Medical,1,19974,143429,4,Female,91,1,1,Sales Representative,2,Single,2760,14630,1,Y,No,13,3,3,80,0,2,3,3,2,2,2,2,Company Website
40,Current employee,Travel_Rarely,1194,Research & Development,2,4,Life Sciences,1,19975,143430,4,Female,91,1,1,Sales Representative,2,Single,2760,14630,8,Y,No,13,3,3,80,0,2,3,3,2,2,2,2,Company Website
40,Current employee,Travel_Rarely,1194,Research & Development,2,4,Medical,1,19977,143432,4,Female,91,1,1,Sales Representative,2,Single,2760,14630,1,Y,No,13,3,3,80,0,2,3,3,2,2,2,2,Company Website
40,Current employee,Travel_Rarely,1194,Research & Development,2,4,Life Sciences,1,19978,143433,4,Female,91,1,1,Sales Representative,2,Single,2760,14630,8,Y,No,13,3,3,80,0,2,3,3,2,2,2,2,Company Website
40,Current employee,Travel_Rarely,1194,Research & Development,2,4,Medical,1,19982,143437,4,Female,91,1,1,Sales Representative,2,Single,2760,14630,1,Y,No,13,3,3,80,0,2,3,3,2,2,2,2,Company Website
40,Current employee,Travel_Rarely,1194,Research & Development,2,4,Life Sciences,1,19983,143438,4,Female,91,1,1,Sales Representative,2,Single,2760,14630,8,Y,No,13,3,3,80,0,2,3,3,2,2,2,2,Company Website
40,Current employee,Non-Travel,1094,Sales,28,3,Other,1,20396,143851,4,Male,92,2,2,Sales Executive,2,Married,4189,8800,1,Y,No,14,3,1,80,2,5,2,3,5,2,0,3,Adzuna
40,Current employee,Non-Travel,1094,Sales,28,3,Technical Degree,1,20398,143853,4,Male,92,2,2,Sales Executive,2,Married,4189,8800,8,Y,No,14,3,1,80,2,5,2,3,5,2,0,3,Adzuna
40,Current employee,Non-Travel,1094,Sales,28,3,Other,1,20401,143856,4,Male,92,2,2,Sales Executive,2,Married,4189,8800,1,Y,No,14,3,1,80,2,5,2,3,5,2,0,3,Adzuna
40,Current employee,Non-Travel,1094,Sales,28,3,Technical Degree,1,20402,143857,4,Male,92,2,2,Sales Executive,2,Married,4189,8800,8,Y,No,14,3,1,80,2,5,2,3,5,2,0,3,Adzuna
40,Current employee,Non-Travel,1094,Sales,28,3,Other,1,20404,143859,4,Male,92,2,2,Sales Executive,2,Married,4189,8800,1,Y,No,14,3,1,80,2,5,2,3,5,2,0,3,Adzuna
40,Current employee,Non-Travel,1094,Sales,28,3,Technical Degree,1,20406,143861,4,Male,92,2,2,Sales Executive,2,Married,4189,8800,8,Y,No,14,3,1,80,2,5,2,3,5,2,0,3,Adzuna
40,Current employee,Non-Travel,1094,Sales,28,3,Other,1,20409,143864,4,Male,92,2,2,Sales Executive,2,Married,4189,8800,1,Y,No,14,3,1,80,2,5,2,3,5,2,0,3,Adzuna
40,Current employee,Non-Travel,1094,Sales,28,3,Technical Degree,1,20410,143865,4,Male,92,2,2,Sales Executive,2,Married,4189,8800,8,Y,No,14,3,1,80,2,5,2,3,5,2,0,3,Adzuna
40,Current employee,Travel_Rarely,616,Research & Development,2,2,Life Sciences,1,20555,144010,3,Female,99,3,1,Laboratory Technician,1,Married,3377,25605,4,Y,No,17,3,4,80,1,7,5,2,4,3,0,2,Company Website
40,Current employee,Travel_Rarely,616,Research & Development,2,2,Life Sciences,1,20557,144012,3,Female,99,3,1,Laboratory Technician,1,Married,3377,25605,1,Y,No,17,3,4,80,1,7,5,2,4,3,0,2,Company Website
40,Current employee,Travel_Rarely,616,Research & Development,2,2,Life Sciences,1,20559,144014,3,Female,99,3,1,Laboratory Technician,1,Married,3377,25605,4,Y,No,17,3,4,80,1,7,5,2,4,3,0,2,Company Website
40,Current employee,Travel_Rarely,616,Research & Development,2,2,Life Sciences,1,20560,144015,3,Female,99,3,1,Laboratory Technician,1,Married,3377,25605,1,Y,No,17,3,4,80,1,7,5,2,4,3,0,2,Company Website
40,Current employee,Travel_Rarely,616,Research & Development,2,2,Life Sciences,1,20563,144018,3,Female,99,3,1,Laboratory Technician,1,Married,3377,25605,4,Y,No,17,3,4,80,1,7,5,2,4,3,0,2,Company Website
40,Current employee,Travel_Rarely,616,Research & Development,2,2,Life Sciences,1,20565,144020,3,Female,99,3,1,Laboratory Technician,1,Married,3377,25605,1,Y,No,17,3,4,80,1,7,5,2,4,3,0,2,Company Website
40,Current employee,Travel_Rarely,616,Research & Development,2,2,Life Sciences,1,20567,144022,3,Female,99,3,1,Laboratory Technician,1,Married,3377,25605,4,Y,No,17,3,4,80,1,7,5,2,4,3,0,2,Company Website
40,Current employee,Travel_Rarely,616,Research & Development,2,2,Life Sciences,1,20568,144023,3,Female,99,3,1,Laboratory Technician,1,Married,3377,25605,1,Y,No,17,3,4,80,1,7,5,2,4,3,0,2,Company Website
40,Current employee,Travel_Rarely,1194,Research & Development,1,3,Life Sciences,1,20763,144218,3,Female,52,3,2,Healthcare Representative,4,Divorced,6513,9060,4,Y,No,17,3,4,80,1,12,3,3,5,3,0,3,Jora
40,Current employee,Travel_Rarely,1194,Research & Development,1,3,Life Sciences,1,20765,144220,3,Female,52,3,2,Healthcare Representative,4,Divorced,6513,9060,0,Y,No,17,4,4,80,1,12,3,3,5,3,0,3,Jora
40,Current employee,Travel_Rarely,1194,Research & Development,1,3,Life Sciences,1,20769,144224,3,Female,52,3,2,Healthcare Representative,4,Divorced,6513,9060,4,Y,No,17,3,4,80,1,12,3,3,5,3,0,3,Jora
40,Current employee,Travel_Rarely,1194,Research & Development,1,3,Life Sciences,1,20770,144225,3,Female,52,3,2,Healthcare Representative,4,Divorced,6513,9060,0,Y,No,17,3,4,80,1,12,3,3,5,3,0,3,Jora
40,Current employee,Travel_Rarely,1194,Research & Development,1,3,Life Sciences,1,20771,144226,3,Female,52,3,2,Healthcare Representative,4,Divorced,6513,9060,4,Y,No,17,3,4,80,1,12,3,3,5,3,0,3,Jora
40,Current employee,Travel_Rarely,1194,Research & Development,1,3,Life Sciences,1,20773,144228,3,Female,52,3,2,Healthcare Representative,4,Divorced,6513,9060,0,Y,No,17,4,4,80,1,12,3,3,5,3,0,3,Jora
40,Current employee,Travel_Rarely,1194,Research & Development,1,3,Life Sciences,1,20777,144232,3,Female,52,3,2,Healthcare Representative,4,Divorced,6513,9060,4,Y,No,17,3,4,80,1,12,3,3,5,3,0,3,Jora
40,Current employee,Travel_Rarely,1194,Research & Development,1,3,Life Sciences,1,20778,144233,3,Female,52,3,2,Healthcare Representative,4,Divorced,6513,9060,0,Y,No,17,3,4,80,1,12,3,3,5,3,0,3,Jora
40,Current employee,Travel_Rarely,750,Research & Development,12,3,Life Sciences,1,20843,144298,2,Female,47,3,2,Healthcare Representative,1,Divorced,4448,10748,2,Y,No,12,3,2,80,1,15,3,3,7,4,7,7,LinkedIn
40,Current employee,Travel_Rarely,750,Research & Development,12,3,Medical,1,20846,144301,2,Female,47,3,2,Healthcare Representative,1,Divorced,4448,10748,0,Y,No,12,3,2,80,1,15,3,3,7,4,7,7,LinkedIn
40,Current employee,Travel_Rarely,750,Research & Development,12,3,Life Sciences,1,20847,144302,2,Female,47,3,2,Healthcare Representative,1,Divorced,4448,10748,2,Y,No,12,3,2,80,1,15,3,3,7,4,7,7,LinkedIn
40,Current employee,Travel_Rarely,750,Research & Development,12,3,Medical,1,20848,144303,2,Female,47,3,2,Healthcare Representative,1,Divorced,4448,10748,0,Y,No,12,3,2,80,1,15,3,3,7,4,7,7,LinkedIn
40,Current employee,Travel_Rarely,750,Research & Development,12,3,Life Sciences,1,20851,144306,2,Female,47,3,2,Healthcare Representative,1,Divorced,4448,10748,2,Y,No,12,3,2,80,1,15,3,3,7,4,7,7,LinkedIn
40,Current employee,Travel_Rarely,750,Research & Development,12,3,Medical,1,20854,144309,2,Female,47,3,2,Healthcare Representative,1,Divorced,4448,10748,0,Y,No,12,3,2,80,1,15,3,3,7,4,7,7,LinkedIn
40,Current employee,Travel_Rarely,750,Research & Development,12,3,Life Sciences,1,20855,144310,2,Female,47,3,2,Healthcare Representative,1,Divorced,4448,10748,2,Y,No,12,3,2,80,1,15,3,3,7,4,7,7,LinkedIn
40,Current employee,Travel_Rarely,750,Research & Development,12,3,Medical,1,20856,144311,2,Female,47,3,2,Healthcare Representative,1,Divorced,4448,10748,0,Y,No,12,3,2,80,1,15,3,3,7,4,7,7,LinkedIn
40,Current employee,Non-Travel,663,Research & Development,9,4,Other,1,20988,144443,4,Male,94,2,1,Human Resources,1,Divorced,2335,3157,4,Y,Yes,15,3,4,80,3,4,3,3,2,2,2,0,Recruit.net
40,Current employee,Non-Travel,663,Research & Development,9,4,Medical,1,20989,144444,4,Male,94,2,1,Human Resources,1,Divorced,2335,3157,0,Y,Yes,15,3,4,80,3,4,3,3,2,2,2,0,Recruit.net
40,Current employee,Non-Travel,663,Research & Development,9,4,Other,1,20993,144448,4,Male,94,2,1,Human Resources,1,Divorced,2335,3157,4,Y,Yes,15,3,4,80,3,4,3,3,2,2,2,0,Recruit.net
40,Current employee,Non-Travel,663,Research & Development,9,4,Medical,1,20994,144449,4,Male,94,2,1,Human Resources,1,Divorced,2335,3157,0,Y,Yes,15,3,4,80,3,4,3,3,2,2,2,0,Recruit.net
40,Current employee,Non-Travel,663,Research & Development,9,4,Other,1,20996,144451,4,Male,94,2,1,Human Resources,1,Divorced,2335,3157,4,Y,Yes,15,3,4,80,3,4,3,3,2,2,2,0,Recruit.net
40,Current employee,Non-Travel,663,Research & Development,9,4,Medical,1,20997,144452,4,Male,94,2,1,Human Resources,1,Divorced,2335,3157,0,Y,Yes,15,3,4,80,3,4,3,3,2,2,2,0,Recruit.net
40,Current employee,Non-Travel,663,Research & Development,9,4,Other,1,21001,144456,4,Male,94,2,1,Human Resources,1,Divorced,2335,3157,4,Y,Yes,15,3,4,80,3,4,3,3,2,2,2,0,Recruit.net
40,Current employee,Non-Travel,663,Research & Development,9,4,Medical,1,21002,144457,4,Male,94,2,1,Human Resources,1,Divorced,2335,3157,0,Y,Yes,15,3,4,80,3,4,3,3,2,2,2,0,Recruit.net
40,Current employee,Travel_Rarely,1137,Research & Development,1,4,Life Sciences,1,21544,144999,1,Male,31,3,4,Manager,1,Divorced,16823,18991,2,Y,No,11,3,1,80,1,22,3,3,19,7,11,16,LinkedIn
40,Current employee,Travel_Rarely,1137,Research & Development,1,4,Life Sciences,1,21546,145001,1,Male,31,3,4,Manager,1,Divorced,16823,18991,1,Y,No,11,4,1,80,1,22,3,3,19,7,11,16,LinkedIn
40,Current employee,Travel_Rarely,1137,Research & Development,1,4,Life Sciences,1,21550,145005,1,Male,31,3,4,Manager,1,Divorced,16823,18991,2,Y,No,11,3,1,80,1,22,3,3,19,7,11,16,LinkedIn
40,Current employee,Travel_Rarely,1137,Research & Development,1,4,Life Sciences,1,21551,145006,1,Male,31,3,4,Manager,1,Divorced,16823,18991,1,Y,No,11,3,1,80,1,22,3,3,19,7,11,16,LinkedIn
40,Current employee,Travel_Rarely,1137,Research & Development,1,4,Life Sciences,1,21552,145007,1,Male,31,3,4,Manager,1,Divorced,16823,18991,2,Y,No,11,3,1,80,1,22,3,3,19,7,11,16,LinkedIn
40,Current employee,Travel_Rarely,1137,Research & Development,1,4,Life Sciences,1,21554,145009,1,Male,31,3,4,Manager,1,Divorced,16823,18991,1,Y,No,11,4,1,80,1,22,3,3,19,7,11,16,LinkedIn
40,Current employee,Travel_Rarely,1137,Research & Development,1,4,Life Sciences,1,21558,145013,1,Male,31,3,,Manager,1,Divorced,16823,18991,2,Y,No,11,3,1,80,,22,3,3,19,7,11,16,LinkedIn
40,Current employee,Travel_Rarely,1137,Research & Development,1,4,Life Sciences,1,21559,145014,1,Male,31,3,4,Manager,1,Divorced,16823,18991,1,Y,No,11,3,1,80,1,22,3,3,19,7,11,16,LinkedIn
40,Current employee,Travel_Rarely,1300,Research & Development,24,2,Technical Degree,1,21673,145128,4,Female,96,3,2,Sales Executive,2,Married,4393,26841,5,Y,No,21,3,3,80,1,14,3,3,5,4,1,4,LinkedIn
40,Current employee,Travel_Rarely,1300,Research & Development,24,2,Technical Degree,1,21675,145130,4,Female,96,3,2,Sales Executive,2,Married,4393,26841,7,Y,No,21,3,3,80,1,14,3,3,5,4,1,4,LinkedIn
40,Current employee,Travel_Rarely,1300,Research & Development,24,2,Technical Degree,1,21676,145131,4,Female,96,3,2,Sales Executive,2,Married,4393,26841,5,Y,No,21,4,3,80,1,14,3,3,5,4,1,4,LinkedIn
40,Current employee,Travel_Rarely,1300,Research & Development,24,2,Technical Degree,1,21677,145132,4,Female,96,3,2,Sales Executive,2,Married,4393,26841,7,Y,No,21,4,3,80,1,14,3,3,5,4,1,4,LinkedIn
40,Current employee,Travel_Rarely,1300,Research & Development,24,2,Technical Degree,1,21681,145136,4,Female,96,3,2,Sales Executive,2,Married,4393,26841,5,Y,No,21,3,3,80,1,14,3,3,5,4,1,4,LinkedIn
40,Current employee,Travel_Rarely,1300,Research & Development,24,2,Technical Degree,1,21683,145138,4,Female,96,3,2,Sales Executive,2,Married,4393,26841,7,Y,No,21,3,3,80,1,14,3,3,5,4,1,4,LinkedIn
40,Current employee,Travel_Rarely,1300,Research & Development,24,2,Technical Degree,1,21684,145139,4,Female,96,3,2,Sales Executive,2,Married,4393,26841,5,Y,No,21,4,3,80,1,14,3,3,5,4,1,4,LinkedIn
40,Current employee,Travel_Rarely,1300,Research & Development,24,2,Technical Degree,1,21685,145140,4,Female,96,3,2,Sales Executive,2,Married,4393,26841,7,Y,No,21,4,3,80,1,14,3,3,5,4,1,4,LinkedIn
40,Current employee,Travel_Rarely,1308,Research & Development,9,2,Medical,1,21951,145406,1,Male,32,3,2,Manufacturing Director,1,Married,5151,12315,1,Y,No,13,3,2,80,2,1,2,2,1,0,0,0,Company Website
40,Current employee,Travel_Rarely,1492,Research & Development,20,4,Technical Degree,1,22470,145925,4,Female,98,3,3,Research Director,3,Married,11031,26862,4,Y,No,20,3,3,80,1,13,2,4,11,7,4,8,Seek
40,Current employee,Travel_Rarely,1492,Research & Development,20,4,Other,1,22472,145927,4,Female,98,3,3,Research Director,3,Married,11031,26862,2,Y,No,20,3,3,80,1,13,2,4,11,7,4,8,Seek
40,Current employee,Travel_Rarely,1492,Research & Development,20,4,Technical Degree,1,22475,145930,4,Female,98,3,3,Research Director,3,Married,11031,26862,4,Y,No,20,4,3,80,1,13,2,4,11,7,4,8,Seek
40,Current employee,Travel_Rarely,1492,Research & Development,20,4,Other,1,22476,145931,4,Female,98,3,3,Research Director,3,Married,11031,26862,2,Y,No,20,4,3,80,1,13,2,4,11,7,4,8,Seek
40,Current employee,Travel_Rarely,1492,Research & Development,20,4,Technical Degree,1,22478,145933,4,Female,98,3,3,Research Director,3,Married,11031,26862,4,Y,No,20,3,3,80,1,13,,4,11,7,4,8,Seek
40,Current employee,Travel_Rarely,1492,Research & Development,20,4,Other,1,22480,145935,4,Female,98,3,3,Research Director,3,Married,11031,26862,2,Y,No,20,3,3,80,1,13,2,4,11,7,4,8,Seek
40,Current employee,Travel_Rarely,1492,Research & Development,20,4,Technical Degree,1,22483,145938,4,Female,98,3,3,Research Director,3,Married,11031,26862,4,Y,No,20,4,3,80,1,13,2,4,11,7,4,8,Seek
40,Current employee,Travel_Rarely,1492,Research & Development,20,4,Other,1,22484,145939,4,Female,98,3,3,Research Director,3,Married,11031,26862,2,Y,No,20,4,3,80,1,13,2,4,11,7,4,8,Seek
40,Current employee,Travel_Frequently,692,Research & Development,11,3,Technical Degree,1,22531,145986,4,Female,34,3,2,Laboratory Technician,3,Married,6323,26849,1,Y,No,11,3,1,80,1,10,2,4,10,9,9,4,Seek
40,Current employee,Travel_Frequently,692,Research & Development,11,3,Medical,1,22534,145989,4,Female,34,3,2,Laboratory Technician,3,Married,6323,26849,1,Y,No,11,4,1,80,1,10,2,4,10,9,9,4,Seek
40,Current employee,Travel_Frequently,692,Research & Development,11,3,Technical Degree,1,22535,145990,4,Female,34,3,2,Laboratory Technician,3,Married,6323,26849,1,Y,No,11,3,1,80,1,10,2,4,10,9,9,4,Seek
40,Current employee,Travel_Frequently,692,Research & Development,11,3,Medical,1,22536,145991,4,Female,34,3,2,Laboratory Technician,3,Married,6323,26849,1,Y,No,11,3,1,80,1,10,2,4,10,9,9,4,Seek
40,Current employee,Travel_Frequently,692,Research & Development,11,3,Technical Degree,1,22539,145994,4,Female,34,3,2,Laboratory Technician,3,Married,6323,26849,1,Y,No,11,3,1,80,1,10,2,4,10,9,9,4,Seek
40,Current employee,Travel_Frequently,692,Research & Development,11,3,Medical,1,22542,145997,4,Female,34,3,2,Laboratory Technician,3,Married,6323,26849,1,Y,No,11,4,1,80,1,10,2,4,10,9,9,4,Seek
40,Current employee,Travel_Frequently,692,Research & Development,11,3,Technical Degree,1,22543,145998,4,Female,34,3,2,Laboratory Technician,3,Married,6323,26849,1,Y,No,11,3,1,80,1,10,2,4,10,,9,4,Seek
40,Current employee,Travel_Frequently,692,Research & Development,11,3,Medical,1,22544,145999,4,Female,34,3,2,Laboratory Technician,3,Married,6323,26849,1,Y,No,11,3,1,80,1,10,2,4,10,9,9,4,Seek
40,Current employee,Travel_Rarely,444,Sales,2,2,Marketing,1,22547,146002,2,Female,34,3,2,Sales Executive,2,Married,5677,,3,Y,No,14,3,3,80,1,15,4,3,11,8,5,10,Jora
40,Current employee,Travel_Rarely,444,Sales,2,2,Life Sciences,1,22549,146004,2,Female,34,3,2,Sales Executive,2,Married,5677,4258,4,Y,No,14,3,3,80,1,15,4,3,11,8,5,10,Jora
40,Current employee,Travel_Rarely,444,Sales,2,2,Marketing,1,22553,146008,2,Female,34,3,2,Sales Executive,2,Married,5677,4258,3,Y,No,14,3,3,80,1,15,4,3,11,8,5,10,Jora
40,Current employee,Travel_Rarely,444,Sales,2,2,Life Sciences,1,22554,146009,2,Female,34,3,2,Sales Executive,2,Married,5677,4258,4,Y,No,14,3,3,80,1,15,4,3,11,8,5,10,Jora
40,Current employee,Travel_Rarely,444,Sales,2,2,Marketing,1,22555,146010,2,Female,34,3,2,Sales Executive,2,Married,5677,4258,3,Y,No,14,3,3,80,1,15,4,3,11,8,5,10,Jora
40,Current employee,Travel_Rarely,444,Sales,2,2,Life Sciences,1,22557,146012,2,Female,34,3,2,Sales Executive,2,Married,5677,4258,4,Y,No,14,3,3,80,1,15,4,3,11,8,5,10,Jora
40,Current employee,Travel_Rarely,,Sales,2,2,,1,22561,146016,2,Female,34,3,2,Sales Executive,2,Married,5677,4258,3,Y,,14,3,3,80,1,15,4,3,11,8,5,10,Jora
40,Current employee,Travel_Rarely,444,Sales,2,2,Life Sciences,1,22562,146017,2,Female,34,3,2,Sales Executive,2,Married,5677,4258,4,Y,No,14,3,3,80,1,15,4,3,11,8,5,10,Jora
40,Current employee,Travel_Rarely,107,Sales,10,3,Technical Degree,1,22612,146067,4,Male,98,3,3,Healthcare Representative,3,Single,8633,13084,2,Y,No,23,3,2,80,0,25,3,3,17,14,12,11,Jora
40,Current employee,Travel_Rarely,107,Sales,10,3,Medical,1,22613,146068,4,Male,98,3,3,Healthcare Representative,3,Single,8633,13084,0,Y,No,23,3,2,80,0,25,3,3,17,14,12,11,Jora
40,Current employee,Travel_Rarely,107,Sales,10,3,Technical Degree,1,22615,146070,4,Male,98,3,3,Healthcare Representative,3,Single,8633,13084,2,Y,No,23,4,2,80,0,25,3,3,17,14,12,11,Jora
40,Current employee,Travel_Rarely,107,Sales,10,3,Medical,1,22616,146071,4,Male,98,3,3,Healthcare Representative,3,Single,8633,13084,0,Y,No,23,4,2,80,0,25,3,3,17,14,12,11,Jora
40,Current employee,Travel_Rarely,107,Sales,10,3,Technical Degree,1,22620,146075,4,Male,98,3,,Healthcare Representative,3,Single,8633,13084,2,Y,No,23,3,2,80,0,25,3,3,,14,12,11,Jora
40,Current employee,Travel_Rarely,107,Sales,10,3,Medical,1,22621,146076,4,Male,98,3,3,Healthcare Representative,3,Single,8633,13084,0,Y,No,23,3,2,80,0,25,3,3,17,14,12,11,Jora
40,Current employee,Travel_Rarely,107,Sales,10,3,Technical Degree,1,22623,146078,4,Male,98,3,3,Healthcare Representative,3,Single,8633,13084,2,Y,No,23,4,2,80,0,25,3,3,17,14,12,11,Jora
40,Current employee,Travel_Rarely,107,Sales,10,3,Medical,1,22624,146079,4,Male,98,3,3,Healthcare Representative,3,Single,8633,13084,0,Y,No,23,4,2,80,0,25,3,3,17,14,12,11,Jora
40,Current employee,Travel_Rarely,543,Research & Development,1,4,Life Sciences,1,22822,146277,1,Male,35,3,1,Laboratory Technician,4,Married,2406,4060,8,Y,No,19,4,3,80,2,8,3,2,1,0,0,0,Seek
40,Current employee,Travel_Rarely,543,Research & Development,1,4,Life Sciences,1,22824,146279,1,Male,35,3,1,Laboratory Technician,4,Married,2406,4060,1,Y,No,19,3,3,80,2,8,3,2,1,0,0,0,Seek
40,Current employee,Travel_Rarely,543,Research & Development,1,4,Life Sciences,1,22828,146283,1,Male,35,3,1,Laboratory Technician,4,Married,2406,4060,8,Y,No,19,3,3,80,2,8,3,2,1,0,0,0,Seek
40,Current employee,Travel_Rarely,543,Research & Development,1,4,Life Sciences,1,22829,146284,1,Male,35,3,1,Laboratory Technician,4,Married,2406,4060,1,Y,No,19,3,3,80,2,8,3,2,1,0,0,0,Seek
40,Current employee,Travel_Rarely,543,Research & Development,1,4,Life Sciences,1,22830,146285,1,Male,35,3,1,Laboratory Technician,4,Married,2406,4060,8,Y,No,19,4,3,80,2,8,3,2,1,0,0,0,Seek
40,Current employee,Travel_Rarely,543,Research & Development,1,4,Life Sciences,1,22832,146287,1,Male,35,3,1,Laboratory Technician,4,Married,2406,4060,1,Y,No,19,3,3,80,2,8,3,2,1,0,0,0,Seek
40,Current employee,Travel_Rarely,543,Research & Development,1,4,Life Sciences,1,22836,146291,1,Male,35,3,1,Laboratory Technician,4,Married,2406,4060,8,Y,No,19,3,3,80,2,8,3,2,1,0,0,0,Seek
40,Current employee,Travel_Rarely,543,Research & Development,1,4,Life Sciences,1,22837,146292,1,Male,35,3,1,Laboratory Technician,4,Married,2406,4060,1,Y,No,19,3,3,80,2,8,3,2,1,0,0,0,Seek
40,Current employee,Travel_Rarely,1322,Research & Development,2,4,Life Sciences,1,23268,146723,3,Male,36,2,1,Research Scientist,3,Single,2809,2725,2,Y,No,14,3,4,80,0,8,2,3,2,2,2,2,Indeed
40,Current employee,Travel_Rarely,1322,Research & Development,2,4,Life Sciences,1,23270,146725,3,Male,36,2,1,Research Scientist,3,Single,2809,2725,2,Y,No,14,3,4,80,0,8,2,3,2,2,2,2,Indeed
40,Current employee,Travel_Rarely,1322,Research & Development,2,4,Life Sciences,1,23274,146729,3,Male,36,2,1,Research Scientist,3,Single,2809,2725,2,Y,No,14,3,4,80,0,8,2,3,2,2,2,2,Indeed
40,Current employee,Travel_Rarely,1322,Research & Development,2,4,Life Sciences,1,23275,146730,3,Male,36,2,1,Research Scientist,3,Single,2809,2725,2,Y,No,14,3,4,80,0,8,2,3,2,2,2,2,Indeed
40,Current employee,Travel_Rarely,1322,Research & Development,2,4,Life Sciences,1,23276,146731,3,Male,36,2,1,Research Scientist,3,Single,2809,2725,2,Y,No,14,3,4,80,0,8,2,3,2,2,2,2,Indeed
40,Current employee,Travel_Rarely,1322,Research & Development,2,4,Life Sciences,1,23278,146733,3,Male,36,2,1,Research Scientist,3,Single,2809,2725,2,Y,No,14,3,4,80,0,8,2,3,2,2,2,2,Indeed
40,Current employee,Travel_Rarely,1322,Research & Development,2,4,Life Sciences,1,23282,146737,3,Male,36,2,1,Research Scientist,3,Single,2809,2725,2,Y,No,14,3,4,80,0,8,2,3,2,2,2,2,Indeed
40,Current employee,Travel_Rarely,1322,Research & Development,2,4,Life Sciences,1,23283,146738,3,Male,36,2,1,Research Scientist,3,Single,2809,2725,2,Y,No,14,3,4,80,0,8,2,3,2,2,2,2,Indeed
40,Current employee,Travel_Rarely,1194,Research & Development,2,4,Medical,1,23300,146755,3,Female,36,3,1,Research Scientist,3,Married,2001,12549,2,Y,No,14,3,2,80,3,20,2,3,5,3,0,2,LinkedIn
40,Current employee,Travel_Rarely,1194,Research & Development,2,4,Life Sciences,1,23302,146757,3,Female,36,3,1,Research Scientist,3,Married,2001,12549,2,Y,No,14,3,2,80,3,20,2,3,5,3,0,2,LinkedIn
40,Current employee,Travel_Rarely,1194,Research & Development,2,4,Medical,1,23306,146761,3,Female,36,3,1,Research Scientist,3,Married,2001,12549,2,Y,No,14,3,2,80,3,20,2,3,5,3,0,2,LinkedIn
40,Current employee,Travel_Rarely,1194,Research & Development,2,4,Life Sciences,1,23307,146762,3,Female,36,3,1,Research Scientist,3,Married,2001,12549,2,Y,No,14,3,2,80,3,20,2,3,5,3,0,2,LinkedIn
40,Current employee,Travel_Rarely,1194,Research & Development,2,4,Medical,1,23308,146763,3,Female,36,3,1,Research Scientist,3,Married,2001,12549,2,Y,No,14,3,2,80,3,20,2,3,5,3,0,2,LinkedIn
40,Current employee,Travel_Rarely,1194,Research & Development,2,4,Life Sciences,1,23310,146765,3,Female,36,3,1,Research Scientist,3,Married,2001,12549,2,Y,No,14,3,2,80,3,20,2,3,5,3,0,2,LinkedIn
40,Current employee,Travel_Rarely,1194,Research & Development,2,4,Medical,1,23314,146769,3,Female,36,3,1,Research Scientist,3,Married,2001,12549,2,Y,No,14,3,2,80,3,20,2,3,5,3,0,2,LinkedIn
40,Current employee,Travel_Rarely,1194,Research & Development,2,4,Life Sciences,1,23315,146770,3,Female,36,3,1,Research Scientist,3,Married,2001,12549,2,Y,No,14,3,2,80,3,20,2,3,5,3,0,2,LinkedIn
40,Current employee,Travel_Frequently,692,Research & Development,11,3,Technical Degree,1,23461,146916,4,Male,100,4,2,Manufacturing Director,2,Married,6142,5174,1,,Yes,20,3,2,80,1,6,0,3,6,2,0,3,Seek
40,Current employee,Travel_Frequently,692,Research & Development,11,3,Medical,1,23463,146918,4,Male,100,4,2,Manufacturing Director,2,Married,6142,5174,1,Y,Yes,20,3,2,80,1,6,0,3,6,2,0,3,Seek
40,Current employee,Travel_Frequently,692,Research & Development,11,3,Technical Degree,1,23466,146921,4,Male,100,4,2,Manufacturing Director,2,Married,6142,5174,1,Y,Yes,20,4,2,80,1,6,0,3,6,2,0,3,Seek
40,Current employee,Travel_Frequently,692,Research & Development,11,3,Medical,1,23467,146922,4,Male,100,4,2,Manufacturing Director,2,Married,6142,5174,1,Y,Yes,20,4,2,80,1,6,0,3,6,2,0,3,Seek
40,Current employee,Travel_Frequently,692,Research & Development,11,3,Technical Degree,1,23469,146924,4,Male,100,4,2,Manufacturing Director,2,Married,6142,5174,1,Y,Yes,20,3,2,80,1,6,0,3,6,2,0,3,Seek
40,Current employee,Travel_Frequently,692,Research & Development,11,3,Medical,1,23471,146926,4,Male,100,4,2,Manufacturing Director,2,Married,6142,5174,1,Y,Yes,20,3,2,80,1,6,0,3,6,2,0,3,Seek
40,Current employee,Travel_Frequently,692,Research & Development,11,3,Technical Degree,1,23474,146929,4,Male,100,4,2,Manufacturing Director,2,Married,6142,5174,1,Y,Yes,20,4,2,80,1,6,0,3,6,2,0,3,Seek
40,Current employee,Travel_Frequently,692,Research & Development,11,3,Medical,1,23475,146930,4,Male,100,4,2,Manufacturing Director,2,Married,6142,5174,1,Y,Yes,20,4,2,80,1,6,0,3,6,2,0,3,Seek
40,,Travel_Frequently,530,Research & Development,1,4,Life Sciences,1,1267,124722,1,Female,41,2,2,Sales Executive,3,Single,5473,24668,7,Y,No,11,3,4,80,0,20,2,2,4,3,1,3,Company Website
40,,Travel_Rarely,523,Research & Development,2,3,Life Sciences,1,6862,130317,2,Male,56,2,4,Manager,3,Married,17046,9314,0,Y,No,15,3,2,80,1,28,2,3,27,10,15,7,LinkedIn
40,,Travel_Rarely,1137,Research & Development,1,4,Life Sciences,1,9414,132869,3,Male,62,2,1,Laboratory Technician,2,Divorced,2694,26551,1,Y,,11,3,3,80,3,1,4,3,1,0,0,0,Seek
52,Voluntary Resignation,Travel_Rarely,723,Research & Development,8,4,Medical,1,5152,128607,3,Male,85,2,2,Research Scientist,2,Married,4941,17747,2,Y,No,15,3,1,80,0,11,3,2,8,2,7,7,Indeed
52,Voluntary Resignation,Travel_Rarely,723,Research & Development,8,4,Marketing,1,5154,128609,3,Male,85,2,2,Research Scientist,2,Married,4941,17747,3,Y,No,15,3,1,80,0,11,3,2,8,2,7,7,Indeed
52,Voluntary Resignation,Travel_Rarely,723,Research & Development,8,4,Medical,1,5158,128613,3,Male,85,2,2,Research Scientist,2,Married,4941,17747,2,Y,No,15,3,1,80,0,11,3,2,8,2,7,7,Indeed
52,Voluntary Resignation,Travel_Rarely,723,Research & Development,8,4,Marketing,1,5159,128614,3,Male,85,2,2,Research Scientist,2,Married,4941,17747,3,Y,No,15,3,1,80,0,11,3,2,8,2,7,7,Indeed
52,Voluntary Resignation,Travel_Rarely,723,Research & Development,8,4,Medical,1,5160,128615,3,Male,85,2,2,Research Scientist,2,Married,4941,17747,2,Y,No,15,3,1,80,0,11,3,2,8,2,7,7,Indeed
52,Voluntary Resignation,Travel_Rarely,723,Research & Development,8,4,Marketing,1,5162,128617,3,Male,85,2,2,Research Scientist,2,Married,4941,17747,3,Y,No,15,3,1,80,0,11,3,2,8,2,7,7,Indeed
52,Voluntary Resignation,Travel_Rarely,723,Research & Development,8,4,Medical,1,5166,128621,3,Male,85,2,2,Research Scientist,2,Married,4941,17747,2,Y,No,15,3,1,80,0,11,3,2,8,2,7,7,Indeed
52,Voluntary Resignation,Travel_Rarely,723,Research & Development,8,4,Marketing,1,5167,128622,3,Male,85,2,2,Research Scientist,2,Married,4941,17747,3,Y,No,15,3,1,80,0,11,3,2,8,2,7,7,Indeed
52,Voluntary Resignation,Travel_Rarely,1030,Sales,5,3,Life Sciences,1,6717,130172,2,Male,56,3,1,Laboratory Technician,4,Married,1702,12106,1,Y,Yes,23,3,3,80,1,1,3,3,1,0,0,0,Adzuna
52,Voluntary Resignation,Travel_Rarely,1030,Sales,5,3,Life Sciences,1,6719,130174,2,Male,56,3,1,Laboratory Technician,4,Married,1702,12106,1,Y,Yes,23,4,3,80,1,1,3,3,1,0,0,0,Adzuna
52,Voluntary Resignation,Travel_Rarely,1030,Sales,5,3,Life Sciences,1,6722,130177,2,Male,56,3,1,Laboratory Technician,4,Married,1702,12106,1,Y,Yes,23,4,3,80,1,1,3,3,1,0,0,0,Adzuna
52,Voluntary Resignation,Travel_Rarely,1030,Sales,5,3,Life Sciences,1,6723,130178,2,Male,56,3,1,Laboratory Technician,4,Married,1702,12106,1,Y,Yes,23,4,3,80,1,1,3,3,1,0,0,0,Adzuna
52,Voluntary Resignation,Travel_Rarely,1030,Sales,5,3,Life Sciences,1,6724,130179,2,Male,56,3,1,Laboratory Technician,4,Married,1702,12106,1,Y,Yes,23,3,3,80,1,1,3,3,1,0,0,0,Adzuna
52,Voluntary Resignation,Travel_Rarely,1030,Sales,5,3,Life Sciences,1,6726,130181,2,Male,56,3,1,Laboratory Technician,4,Married,1702,12106,1,Y,Yes,23,4,3,80,1,1,3,3,1,0,0,0,Adzuna
52,Voluntary Resignation,Travel_Rarely,1030,Sales,5,3,Life Sciences,1,6729,130184,2,Male,56,3,1,Laboratory Technician,4,Married,1702,12106,1,Y,Yes,23,4,3,80,1,1,3,3,1,0,0,0,Adzuna
52,Voluntary Resignation,Travel_Rarely,1030,Sales,5,3,Life Sciences,1,6730,130185,2,Male,56,3,1,Laboratory Technician,4,Married,1702,12106,1,Y,Yes,23,4,3,80,1,1,3,3,1,0,0,0,Adzuna
52,Voluntary Resignation,Travel_Rarely,266,Sales,2,1,Marketing,1,11506,134961,3,Female,69,3,1,Laboratory Technician,2,Married,2811,12086,9,Y,No,14,3,2,80,1,4,2,3,2,2,2,2,Company Website
52,Voluntary Resignation,Travel_Rarely,266,Sales,2,1,Life Sciences,1,11507,134962,3,Female,69,3,1,Laboratory Technician,2,Married,2811,12086,1,Y,No,14,3,2,80,1,4,2,3,2,2,2,2,Company Website
52,Voluntary Resignation,Travel_Rarely,266,Sales,2,1,Marketing,1,11511,134966,3,Female,69,3,1,Laboratory Technician,2,Married,2811,12086,9,Y,No,14,3,2,80,1,4,2,3,2,2,2,2,Company Website
52,Voluntary Resignation,Travel_Rarely,266,Sales,2,1,Life Sciences,1,11512,134967,3,Female,69,3,1,Laboratory Technician,2,Married,2811,12086,1,Y,No,14,3,2,80,1,4,2,3,2,2,2,2,Company Website
52,Voluntary Resignation,Travel_Rarely,266,Sales,2,1,Marketing,1,11513,134968,3,Female,69,3,1,Laboratory Technician,2,Married,2811,12086,9,Y,No,14,3,2,80,1,4,2,3,2,2,2,2,Company Website
52,Voluntary Resignation,Travel_Rarely,266,Sales,2,1,Life Sciences,1,11514,134969,3,Female,69,3,1,Laboratory Technician,2,Married,2811,12086,1,Y,No,14,3,2,80,1,4,2,3,2,2,2,2,Company Website
52,Voluntary Resignation,Travel_Rarely,266,Sales,2,1,Marketing,1,11518,134973,3,Female,69,3,1,Laboratory Technician,2,Married,2811,12086,9,Y,No,14,3,2,80,1,4,2,3,2,2,2,2,Company Website
52,Voluntary Resignation,Travel_Rarely,266,Sales,2,1,Life Sciences,1,11519,134974,3,Female,69,3,1,Laboratory Technician,2,Married,2811,12086,1,Y,No,14,3,2,80,1,4,2,3,2,2,2,2,Company Website
52,Voluntary Resignation,Travel_Rarely,266,Sales,2,1,Marketing,1,12008,135463,1,Female,57,1,5,Manager,4,Married,19845,25846,1,Y,No,15,4,4,80,1,33,3,3,32,14,6,9,Seek
52,Voluntary Resignation,Travel_Rarely,266,Sales,2,1,Life Sciences,1,12010,135465,1,Female,57,1,5,Manager,4,Married,19845,25846,1,Y,No,15,3,4,80,1,33,3,3,32,14,6,9,Seek
52,Voluntary Resignation,Travel_Rarely,266,Sales,2,1,Marketing,1,12014,135469,1,Female,57,1,5,Manager,4,Married,19845,25846,1,Y,No,15,3,4,80,1,33,3,3,32,14,6,9,Seek
52,Voluntary Resignation,Travel_Rarely,266,Sales,2,1,Life Sciences,1,12015,135470,1,Female,57,1,5,Manager,4,Married,19845,25846,1,Y,No,15,3,4,80,1,33,3,3,32,14,6,9,Seek
52,Voluntary Resignation,Travel_Rarely,266,Sales,2,1,Marketing,1,12016,135471,1,Female,57,1,5,Manager,4,Married,19845,25846,1,Y,No,15,4,4,80,1,33,3,3,32,14,6,9,Seek
52,Voluntary Resignation,Travel_Rarely,266,Sales,2,1,Life Sciences,1,12018,135473,1,Female,57,1,5,Manager,4,Married,19845,25846,1,Y,No,15,3,4,80,1,33,3,3,32,14,6,9,Seek
52,Voluntary Resignation,Travel_Rarely,266,Sales,2,1,Marketing,1,12022,135477,1,Female,57,1,5,Manager,4,Married,19845,25846,1,Y,No,15,3,4,80,1,33,3,3,32,14,6,9,Seek
52,Voluntary Resignation,Travel_Rarely,266,Sales,2,1,Life Sciences,1,12023,135478,1,Female,57,1,5,Manager,4,Married,19845,25846,1,Y,No,15,3,4,80,1,33,3,3,32,14,6,9,Seek
52,Voluntary Resignation,Travel_Rarely,723,Research & Development,8,4,Medical,1,14400,137855,3,Male,77,2,5,Manager,3,Married,18711,12124,2,Y,No,13,3,3,80,1,23,2,4,1,0,0,0,Company Website
52,Voluntary Resignation,Travel_Rarely,723,Research & Development,8,4,Medical,1,14402,137857,3,Male,77,2,5,Manager,3,Married,18711,12124,1,Y,No,13,4,3,80,1,23,2,4,1,0,0,0,Company Website
52,Voluntary Resignation,Travel_Rarely,723,Research & Development,8,4,Medical,1,14405,137860,3,Male,77,2,5,Manager,3,Married,18711,12124,2,Y,No,13,3,3,80,1,23,2,4,1,0,0,0,Company Website
52,Voluntary Resignation,Travel_Rarely,723,Research & Development,8,4,Medical,1,14406,137861,3,Male,77,2,5,Manager,3,Married,18711,12124,1,Y,No,13,3,3,80,1,23,2,4,1,0,0,0,Company Website
52,Voluntary Resignation,Travel_Rarely,723,Research & Development,8,4,Medical,1,14408,137863,3,Male,77,2,5,Manager,3,Married,18711,12124,2,Y,No,13,3,3,80,1,23,2,4,1,0,0,0,Company Website
52,Voluntary Resignation,Travel_Rarely,723,Research & Development,8,4,Medical,1,14410,137865,3,Male,77,2,5,Manager,3,Married,18711,12124,1,Y,No,13,4,3,80,1,23,2,4,1,0,0,0,Company Website
52,Voluntary Resignation,Travel_Rarely,723,Research & Development,8,4,Medical,1,14413,137868,3,Male,77,2,5,Manager,3,Married,18711,12124,2,Y,No,13,3,3,80,1,23,2,4,1,0,0,0,Company Website
52,Voluntary Resignation,Travel_Rarely,723,Research & Development,8,4,Medical,1,14414,137869,3,Male,77,2,5,Manager,3,Married,18711,12124,1,Y,No,13,3,3,80,1,23,2,4,1,0,0,0,Company Website
52,Voluntary Resignation,Travel_Rarely,1030,Sales,5,3,Life Sciences,1,15167,138622,2,Male,64,3,3,Sales Executive,2,Single,8446,21534,9,Y,Yes,19,3,3,80,0,10,2,2,8,7,7,7,Jora
52,Voluntary Resignation,Travel_Rarely,1030,Sales,5,3,Life Sciences,1,15169,138624,2,Male,64,3,3,Sales Executive,2,Single,8446,21534,5,Y,Yes,19,3,3,80,0,10,2,2,8,7,7,7,Jora
52,Voluntary Resignation,Travel_Rarely,1030,Sales,5,3,Life Sciences,1,15173,138628,2,Male,64,3,3,Sales Executive,2,Single,8446,21534,9,Y,Yes,19,3,3,80,0,10,2,2,8,7,7,7,Jora
52,Voluntary Resignation,Travel_Rarely,1030,Sales,5,3,Life Sciences,1,15174,138629,2,Male,64,3,3,Sales Executive,2,Single,8446,21534,5,Y,Yes,19,3,3,80,0,10,2,2,8,7,7,7,Jora
52,Voluntary Resignation,Travel_Rarely,1030,Sales,5,3,Life Sciences,1,15175,138630,2,Male,64,3,3,Sales Executive,2,Single,8446,21534,9,Y,Yes,19,3,3,80,0,10,2,2,8,7,7,7,Jora
52,Voluntary Resignation,Travel_Rarely,1030,Sales,5,3,Life Sciences,1,15177,138632,2,Male,64,3,3,Sales Executive,2,Single,8446,21534,5,Y,Yes,19,3,3,80,0,10,2,2,8,7,7,7,Jora
52,Voluntary Resignation,Travel_Rarely,1030,Sales,5,3,Life Sciences,1,15181,138636,2,Male,64,3,3,Sales Executive,2,Single,8446,21534,9,Y,Yes,19,3,3,80,0,10,2,2,8,7,7,7,Jora
52,Voluntary Resignation,Travel_Rarely,1030,Sales,5,3,Life Sciences,1,15182,138637,2,Male,64,3,3,Sales Executive,2,Single,8446,21534,5,Y,Yes,19,3,3,80,0,10,2,2,8,7,7,7,Jora
52,Current employee,Travel_Rarely,699,Research & Development,1,4,Life Sciences,1,1815,125270,1,Male,42,2,2,Sales Executive,3,Single,5744,26959,1,Y,Yes,11,3,4,80,0,6,1,3,6,4,0,3,GlassDoor
52,Current employee,Travel_Rarely,699,Research & Development,1,4,Life Sciences,1,1816,125271,1,Male,42,2,2,Sales Executive,3,Single,5744,26959,4,Y,Yes,11,3,4,80,0,6,1,3,6,4,0,3,GlassDoor
52,Current employee,Travel_Rarely,699,Research & Development,1,4,Life Sciences,1,1820,125275,1,Male,42,2,2,Sales Executive,3,Single,5744,26959,1,Y,Yes,11,3,4,80,0,6,1,3,6,4,0,3,GlassDoor
52,Current employee,Travel_Rarely,699,Research & Development,1,4,Life Sciences,1,1821,125276,1,Male,42,2,2,Sales Executive,3,Single,5744,26959,4,Y,Yes,11,3,4,80,0,6,1,3,6,4,0,3,GlassDoor
52,Current employee,Travel_Rarely,699,Research & Development,1,4,Life Sciences,1,1822,125277,1,Male,42,2,2,Sales Executive,3,Single,5744,26959,1,Y,Yes,11,3,4,80,0,6,1,3,6,4,0,3,GlassDoor
52,Current employee,Travel_Rarely,699,Research & Development,1,4,Life Sciences,1,1823,125278,1,Male,42,2,2,Sales Executive,3,Single,5744,26959,4,Y,Yes,11,3,4,80,0,6,1,3,6,4,0,3,GlassDoor
52,Current employee,Travel_Rarely,699,Research & Development,1,4,Life Sciences,1,1827,125282,1,Male,42,2,2,Sales Executive,3,Single,5744,26959,1,Y,Yes,11,3,4,80,0,6,1,3,6,4,0,3,GlassDoor
52,Current employee,Travel_Rarely,699,Research & Development,1,4,Life Sciences,1,1828,125283,1,Male,42,2,2,Sales Executive,3,Single,5744,26959,4,Y,Yes,11,3,4,80,0,6,1,3,6,4,0,3,GlassDoor
52,Current employee,Travel_Rarely,1323,Research & Development,2,3,Life Sciences,1,2033,125488,1,Male,43,3,2,Sales Executive,2,Married,6146,15480,0,Y,No,13,3,1,80,1,8,2,4,7,7,0,7,Company Website
52,Current employee,Travel_Rarely,1323,Research & Development,2,3,Life Sciences,1,2034,125489,1,Male,43,3,2,Sales Executive,2,Married,6146,15480,4,Y,No,13,4,1,80,1,8,2,4,7,7,0,7,Company Website
52,Current employee,Travel_Rarely,1323,Research & Development,2,3,Life Sciences,1,2038,125493,1,Male,43,3,2,Sales Executive,2,Married,6146,15480,0,Y,No,13,3,1,80,1,8,2,4,7,7,0,7,Company Website
52,Current employee,Travel_Rarely,1323,Research & Development,2,3,Life Sciences,1,2039,125494,1,Male,43,3,2,Sales Executive,2,Married,6146,15480,4,Y,No,13,3,1,80,1,8,2,4,7,7,0,7,Company Website
52,Current employee,Travel_Rarely,1323,Research & Development,2,3,Life Sciences,1,2041,125496,1,Male,43,3,2,Sales Executive,2,Married,6146,15480,0,Y,No,13,3,1,80,1,8,2,4,7,7,0,7,Company Website
52,Current employee,Travel_Rarely,1323,Research & Development,2,3,Life Sciences,1,2042,125497,1,Male,43,3,2,Sales Executive,2,Married,6146,15480,4,Y,No,13,4,1,80,1,8,2,4,7,7,0,7,Company Website
52,Current employee,Travel_Rarely,1323,Research & Development,2,3,Life Sciences,1,2046,125501,1,Male,43,3,2,Sales Executive,2,Married,6146,15480,0,Y,No,13,3,1,80,1,8,2,4,7,7,0,7,Company Website
52,Current employee,Travel_Rarely,1323,Research & Development,2,3,Life Sciences,1,2047,125502,1,Male,43,3,2,Sales Executive,2,Married,6146,15480,4,Y,No,13,3,1,80,1,8,2,4,7,7,0,7,Company Website
52,Current employee,Non-Travel,771,Sales,2,4,Life Sciences,1,2065,125520,1,Male,43,3,5,Research Director,3,Single,19537,6462,7,Y,No,13,3,3,80,0,23,5,3,20,18,15,15,Recruit.net
52,Current employee,Non-Travel,771,Sales,2,4,Life Sciences,1,2066,125521,1,Male,43,3,5,Research Director,3,Single,19537,6462,1,Y,No,13,3,3,80,0,23,5,3,20,18,15,15,Recruit.net
52,Current employee,Non-Travel,771,Sales,2,4,Life Sciences,1,2070,125525,1,Male,43,3,5,Research Director,3,Single,19537,6462,7,Y,No,13,3,3,80,0,23,5,3,20,18,15,15,Recruit.net
52,Current employee,Non-Travel,771,Sales,2,4,Life Sciences,1,2071,125526,1,Male,43,3,5,Research Director,3,Single,19537,6462,1,Y,No,13,3,3,80,0,23,5,3,20,18,15,15,Recruit.net
52,Current employee,Non-Travel,771,Sales,2,4,Life Sciences,1,2073,125528,1,Male,43,3,5,Research Director,3,Single,19537,6462,7,Y,No,13,3,3,80,0,23,5,3,20,18,15,15,Recruit.net
52,Current employee,Non-Travel,771,Sales,2,4,Life Sciences,1,2074,125529,1,Male,43,3,5,Research Director,3,Single,19537,6462,1,Y,No,13,3,3,80,0,23,5,3,20,18,15,15,Recruit.net
52,Current employee,Non-Travel,771,Sales,2,4,Life Sciences,1,2078,125533,1,Male,43,3,5,Research Director,3,Single,19537,6462,7,Y,No,13,3,3,80,0,23,5,3,20,18,15,15,Recruit.net
52,Current employee,Non-Travel,771,Sales,2,4,Life Sciences,1,2079,125534,1,Male,43,3,5,Research Director,3,Single,19537,6462,1,Y,No,13,3,3,80,0,23,5,3,20,18,15,15,Recruit.net
52,Current employee,Travel_Rarely,699,Research & Development,1,4,Life Sciences,1,3124,126579,3,Male,65,2,5,Manager,3,Married,19999,5678,0,Y,No,14,3,1,80,1,34,5,3,33,18,11,9,Adzuna
52,Current employee,Travel_Rarely,699,Research & Development,1,4,Human Resources,1,3126,126581,3,Male,65,2,5,Manager,3,Married,19999,5678,1,Y,No,14,4,1,80,1,34,5,3,33,18,11,9,Adzuna
52,Current employee,Travel_Rarely,699,Research & Development,1,4,Life Sciences,1,3130,126585,3,Male,65,2,5,Manager,3,Married,19999,5678,0,Y,No,14,3,1,80,1,34,5,3,33,18,11,9,Adzuna
52,Current employee,Travel_Rarely,699,Research & Development,1,4,Human Resources,1,3131,126586,3,Male,65,2,5,Manager,3,Married,19999,5678,1,Y,No,14,3,1,80,1,34,5,3,33,18,11,9,Adzuna
52,Current employee,Travel_Rarely,699,Research & Development,1,4,Life Sciences,1,3132,126587,3,Male,65,2,5,Manager,3,Married,19999,5678,0,Y,No,14,3,1,80,1,34,5,3,33,18,11,9,Adzuna
52,Current employee,Travel_Rarely,699,Research & Development,1,4,Human Resources,1,3134,126589,3,Male,65,2,5,Manager,3,Married,19999,5678,1,Y,No,14,4,1,80,1,34,5,3,33,18,11,9,Adzuna
52,Current employee,Travel_Rarely,699,Research & Development,1,4,Life Sciences,1,3138,126593,3,Male,65,2,5,Manager,3,Married,19999,5678,0,Y,No,14,3,1,80,1,34,5,3,33,18,11,9,Adzuna
52,Current employee,Travel_Rarely,699,Research & Development,1,4,Human Resources,1,3139,126594,3,Male,65,2,5,Manager,3,Married,19999,5678,1,Y,No,14,3,1,80,1,34,5,3,33,18,11,9,Adzuna
52,Current employee,Travel_Rarely,1490,Research & Development,4,2,Life Sciences,1,3141,126596,1,Female,45,3,1,Research Scientist,2,Single,2279,11781,1,Y,No,16,3,4,80,0,7,2,2,7,7,0,3,GlassDoor
52,Current employee,Travel_Rarely,1490,Research & Development,4,2,Life Sciences,1,3142,126597,1,Female,45,3,1,Research Scientist,2,Single,2279,11781,3,Y,No,16,3,4,80,0,7,2,2,7,7,0,3,GlassDoor
52,Current employee,Travel_Rarely,1490,Research & Development,4,2,Life Sciences,1,3146,126601,1,Female,45,3,1,Research Scientist,2,Single,2279,11781,1,Y,No,16,3,4,80,0,7,2,2,7,7,0,3,GlassDoor
52,Current employee,Travel_Rarely,1490,Research & Development,4,2,Life Sciences,1,3147,126602,1,Female,45,3,1,Research Scientist,2,Single,2279,11781,3,Y,No,16,3,4,80,0,7,2,2,7,7,0,3,GlassDoor
52,Current employee,Travel_Rarely,1490,Research & Development,4,2,Life Sciences,1,3149,126604,1,Female,45,3,1,Research Scientist,2,Single,2279,11781,1,Y,No,16,3,4,80,0,7,2,2,7,7,0,3,GlassDoor
52,Current employee,Travel_Rarely,1490,Research & Development,4,2,Life Sciences,1,3150,126605,1,Female,45,3,1,Research Scientist,2,Single,2279,11781,3,Y,No,16,3,4,80,0,7,2,2,7,7,0,3,GlassDoor
52,Current employee,Travel_Rarely,1490,Research & Development,4,2,Life Sciences,1,3154,126609,1,Female,45,3,1,Research Scientist,2,Single,2279,11781,1,Y,No,16,3,4,80,0,7,2,2,7,7,0,3,GlassDoor
52,Current employee,Travel_Rarely,1490,Research & Development,4,2,Life Sciences,1,3155,126610,1,Female,45,3,1,Research Scientist,2,Single,2279,11781,3,Y,No,16,3,4,80,0,7,2,2,7,7,0,3,GlassDoor
52,Current employee,Travel_Rarely,1323,Research & Development,2,3,Life Sciences,1,3765,127220,3,Female,89,2,1,Laboratory Technician,4,Single,3212,3300,7,Y,No,15,3,2,80,0,6,3,2,2,2,2,2,Recruit.net
52,Current employee,Travel_Rarely,1323,Research & Development,2,3,Life Sciences,1,3767,127222,3,Female,89,2,1,Laboratory Technician,4,Single,3212,3300,1,Y,No,15,3,2,80,0,6,3,2,2,2,2,2,Recruit.net
52,Current employee,Travel_Rarely,1323,Research & Development,2,3,Life Sciences,1,3771,127226,3,Female,89,2,1,Laboratory Technician,4,Single,3212,3300,7,Y,No,15,3,2,80,0,6,3,2,2,2,2,2,Recruit.net
52,Current employee,Travel_Rarely,1323,Research & Development,2,3,Life Sciences,1,3772,127227,3,Female,89,2,1,Laboratory Technician,4,Single,3212,3300,1,Y,No,15,3,2,80,0,6,3,2,2,2,2,2,Recruit.net
52,Current employee,Travel_Rarely,1323,Research & Development,2,3,Life Sciences,1,3773,127228,3,Female,89,2,1,Laboratory Technician,4,Single,3212,3300,7,Y,No,15,3,2,80,0,6,3,2,2,2,2,2,Recruit.net
52,Current employee,Travel_Rarely,1323,Research & Development,2,3,Life Sciences,1,3775,127230,3,Female,89,2,1,Laboratory Technician,4,Single,3212,3300,1,Y,No,15,3,2,80,0,6,3,2,2,2,2,2,Recruit.net
52,Current employee,Travel_Rarely,1323,Research & Development,2,3,Life Sciences,1,3779,127234,3,Female,89,2,1,Laboratory Technician,4,Single,3212,3300,7,Y,No,15,3,2,80,0,6,3,2,2,2,2,2,Recruit.net
52,Current employee,Travel_Rarely,1323,Research & Development,2,3,Life Sciences,1,3780,127235,3,Female,89,2,1,Laboratory Technician,4,Single,3212,3300,1,Y,No,15,3,2,80,0,6,3,2,2,2,2,2,Recruit.net
52,Current employee,Non-Travel,771,Sales,2,4,Life Sciences,1,3877,127332,1,Male,79,2,5,Manager,3,Single,19068,21030,1,Y,Yes,18,3,4,80,0,33,2,4,33,7,15,12,LinkedIn
52,Current employee,Non-Travel,771,Sales,2,4,Life Sciences,1,3879,127334,1,Male,79,2,5,Manager,3,Single,19068,21030,1,Y,Yes,18,3,4,80,0,33,2,4,33,7,15,12,LinkedIn
52,Current employee,Non-Travel,771,Sales,2,4,Life Sciences,1,3883,127338,1,Male,79,2,5,Manager,3,Single,19068,21030,1,Y,Yes,18,3,4,80,0,33,2,4,33,7,15,12,LinkedIn
52,Current employee,Non-Travel,771,Sales,2,4,Life Sciences,1,3884,127339,1,Male,79,2,5,Manager,3,Single,19068,21030,1,Y,Yes,18,3,4,80,0,33,2,4,33,7,15,12,LinkedIn
52,Current employee,Non-Travel,771,Sales,2,4,Life Sciences,1,3885,127340,1,Male,79,2,5,Manager,3,Single,19068,21030,1,Y,Yes,18,3,4,80,0,33,2,4,33,7,15,12,LinkedIn
52,Current employee,Non-Travel,771,Sales,2,4,Life Sciences,1,3887,127342,1,Male,79,2,5,Manager,3,Single,19068,21030,1,Y,Yes,18,3,4,80,0,33,2,4,33,7,15,12,LinkedIn
52,Current employee,Non-Travel,771,Sales,2,4,Life Sciences,1,3891,127346,1,Male,79,2,5,Manager,3,Single,19068,21030,1,Y,Yes,18,3,4,80,0,33,2,4,33,7,15,12,LinkedIn
52,Current employee,Non-Travel,771,Sales,2,4,Life Sciences,1,3892,127347,1,Male,79,2,5,Manager,3,Single,19068,21030,1,Y,Yes,18,3,4,80,0,33,2,4,33,7,15,12,LinkedIn
52,Current employee,Travel_Rarely,1325,Research & Development,11,4,Life Sciences,1,4325,127780,1,Male,48,2,2,Sales Executive,2,Married,6644,3687,2,Y,No,19,3,2,80,2,10,2,3,0,0,0,0,Company Website
52,Current employee,Travel_Rarely,1325,Research & Development,11,4,Medical,1,4327,127782,1,Male,48,2,2,Sales Executive,2,Married,6644,3687,6,Y,No,19,3,2,80,2,10,2,3,0,0,0,0,Company Website
52,Current employee,Travel_Rarely,1325,Research & Development,11,4,Life Sciences,1,4330,127785,1,Male,48,2,2,Sales Executive,2,Married,6644,3687,2,Y,No,19,3,2,80,2,10,2,3,0,0,0,0,Company Website
52,Current employee,Travel_Rarely,1325,Research & Development,11,4,Medical,1,4331,127786,1,Male,48,2,2,Sales Executive,2,Married,6644,3687,6,Y,No,19,3,2,80,2,10,2,3,0,0,0,0,Company Website
52,Current employee,Travel_Rarely,1325,Research & Development,11,4,Life Sciences,1,4333,127788,1,Male,48,2,2,Sales Executive,2,Married,6644,3687,2,Y,No,19,3,2,80,2,10,2,3,0,0,0,0,Company Website
52,Current employee,Travel_Rarely,1325,Research & Development,11,4,Medical,1,4335,127790,1,Male,48,2,2,Sales Executive,2,Married,6644,3687,6,Y,No,19,3,2,80,2,10,2,3,0,0,0,0,Company Website
52,Current employee,Travel_Rarely,1325,Research & Development,11,4,Life Sciences,1,4338,127793,1,Male,48,2,2,Sales Executive,2,Married,6644,3687,2,Y,No,19,3,2,80,2,10,2,3,0,0,0,0,Company Website
52,Current employee,Travel_Rarely,1325,Research & Development,11,4,Medical,1,4339,127794,1,Male,48,2,2,Sales Executive,2,Married,6644,3687,6,Y,No,19,3,2,80,2,10,2,3,0,0,0,0,Company Website
52,Current employee,Travel_Rarely,1053,Research & Development,1,2,Life Sciences,1,5058,128513,2,Male,51,3,3,Laboratory Technician,1,Divorced,5210,20308,1,Y,No,18,3,1,80,1,24,2,3,24,9,9,11,Company Website
52,Current employee,Travel_Rarely,1053,Research & Development,1,2,Life Sciences,1,5059,128514,2,Male,51,3,3,Laboratory Technician,1,Divorced,5210,,1,Y,No,18,4,1,80,1,24,2,3,,9,9,11,Company Website
52,Current employee,Travel_Rarely,1053,Research & Development,1,2,Life Sciences,1,5063,128518,2,Male,51,3,3,Laboratory Technician,1,Divorced,5210,20308,1,Y,No,18,3,1,80,1,24,2,3,24,9,9,11,Company Website
52,Current employee,Travel_Rarely,1053,Research & Development,1,2,Life Sciences,1,5064,128519,2,Male,51,3,3,Laboratory Technician,1,Divorced,5210,20308,1,Y,No,18,3,1,80,1,24,2,3,24,9,9,11,Company Website
52,Current employee,Travel_Rarely,1053,Research & Development,1,2,Life Sciences,1,5066,128521,2,Male,51,3,3,Laboratory Technician,1,Divorced,5210,20308,1,Y,No,18,3,1,80,1,24,2,3,24,9,9,11,Company Website
52,Current employee,Travel_Rarely,1053,Research & Development,1,2,Life Sciences,1,5067,128522,2,Male,51,3,3,Laboratory Technician,1,Divorced,5210,20308,1,Y,No,18,4,1,80,1,24,2,3,24,9,9,11,Company Website
52,Current employee,Travel_Rarely,1053,Research & Development,1,2,Life Sciences,1,5071,128526,2,Male,51,3,3,Laboratory Technician,1,Divorced,5210,20308,1,Y,No,18,3,1,80,1,24,2,3,24,9,9,11,Company Website
52,Current employee,Travel_Rarely,1053,Research & Development,1,2,Life Sciences,1,5072,128527,2,Male,51,3,3,Laboratory Technician,1,Divorced,5210,20308,1,Y,No,18,3,1,80,1,24,2,3,24,9,9,11,Company Website
52,Current employee,Travel_Rarely,994,Research & Development,7,4,Life Sciences,1,5734,129189,2,Female,52,3,2,Sales Executive,3,Married,4736,6069,7,Y,Yes,12,3,2,80,1,4,2,4,2,2,2,2,Company Website
52,Current employee,Travel_Rarely,994,Research & Development,7,4,Marketing,1,5735,129190,2,Female,52,3,2,Sales Executive,3,Married,4736,6069,5,Y,Yes,12,3,2,80,1,4,2,4,2,2,2,2,Company Website
52,Current employee,Travel_Rarely,994,Research & Development,7,4,Life Sciences,1,5739,129194,2,Female,52,3,2,Sales Executive,3,Married,4736,6069,7,Y,Yes,12,3,2,80,1,4,2,4,2,2,2,2,Company Website
52,Current employee,Travel_Rarely,994,Research & Development,7,4,Marketing,1,5740,129195,2,Female,52,3,2,Sales Executive,3,Married,4736,6069,5,Y,Yes,12,3,2,80,1,4,2,4,2,2,2,2,Company Website
52,Current employee,Travel_Rarely,994,Research & Development,7,4,Life Sciences,1,5742,129197,2,Female,52,3,2,Sales Executive,3,Married,4736,6069,7,Y,Yes,12,3,2,80,1,4,2,4,2,2,2,2,Company Website
52,Current employee,Travel_Rarely,994,Research & Development,7,4,Marketing,1,5743,129198,2,Female,52,3,2,Sales Executive,3,Married,4736,6069,5,Y,Yes,12,3,2,80,1,4,2,4,2,2,2,2,Company Website
52,Current employee,Travel_Rarely,994,Research & Development,7,4,Life Sciences,1,5747,129202,2,Female,52,3,2,Sales Executive,3,Married,4736,6069,7,Y,Yes,12,3,2,80,1,4,2,4,2,2,2,2,Company Website
52,Current employee,Travel_Rarely,994,Research & Development,7,4,Marketing,1,5748,129203,2,Female,52,3,2,Sales Executive,3,Married,4736,6069,5,Y,Yes,12,3,2,80,1,4,2,4,2,2,2,2,Company Website
52,Current employee,Travel_Rarely,319,Research & Development,3,3,Medical,1,6562,130017,4,Male,39,2,3,Manufacturing Director,3,Married,7969,19609,2,Y,Yes,14,3,3,80,0,28,4,3,5,4,0,4,LinkedIn
52,Current employee,Travel_Rarely,319,Research & Development,3,3,Life Sciences,1,6564,130019,4,Male,39,2,3,Manufacturing Director,3,Married,7969,19609,1,Y,Yes,14,3,3,80,0,28,4,3,5,4,0,4,LinkedIn
52,Current employee,Travel_Rarely,319,Research & Development,3,3,Medical,1,6568,130023,4,Male,39,2,3,Manufacturing Director,3,Married,7969,19609,2,Y,Yes,14,3,3,80,0,28,4,3,5,4,0,4,LinkedIn
52,Current employee,Travel_Rarely,319,Research & Development,3,3,Life Sciences,1,6569,130024,4,Male,39,2,3,Manufacturing Director,3,Married,7969,19609,1,Y,Yes,14,3,3,80,0,28,4,3,5,4,0,4,LinkedIn
52,Current employee,Travel_Rarely,319,Research & Development,3,3,Medical,1,6570,130025,4,Male,39,2,3,Manufacturing Director,3,Married,7969,19609,2,Y,Yes,14,3,3,80,0,28,4,3,5,4,0,4,LinkedIn
52,Current employee,Travel_Rarely,319,Research & Development,3,3,Life Sciences,1,6572,130027,4,Male,39,2,3,Manufacturing Director,3,Married,7969,19609,1,Y,Yes,14,3,3,80,0,28,4,3,5,4,0,4,LinkedIn
52,Current employee,Travel_Rarely,319,Research & Development,3,3,Medical,1,6576,130031,4,Male,39,2,3,Manufacturing Director,3,Married,7969,19609,2,Y,Yes,14,3,3,80,0,28,4,3,5,4,0,4,LinkedIn
52,Current employee,Travel_Rarely,319,Research & Development,3,3,Life Sciences,1,6577,130032,4,Male,39,2,3,Manufacturing Director,3,Married,7969,19609,1,Y,Yes,14,3,3,80,0,28,4,3,5,4,0,4,LinkedIn
52,Current employee,Travel_Rarely,1490,Research & Development,4,2,Life Sciences,1,6593,130048,4,Female,30,3,4,Manager,4,Married,16555,10310,2,Y,No,13,3,4,80,0,31,2,1,5,2,1,4,Adzuna
52,Current employee,Travel_Rarely,1490,Research & Development,4,2,Life Sciences,1,6595,130050,4,Female,30,3,4,Manager,4,Married,16555,10310,1,Y,No,13,3,4,80,0,31,2,1,5,2,1,4,Adzuna
52,Current employee,Travel_Rarely,1490,Research & Development,4,2,Life Sciences,1,6599,130054,4,Female,30,3,4,Manager,4,Married,16555,10310,2,Y,No,13,3,4,80,0,31,2,1,5,2,1,4,Adzuna
52,Current employee,Travel_Rarely,1490,Research & Development,4,2,Life Sciences,1,6600,130055,4,Female,30,3,4,Manager,4,Married,16555,10310,1,Y,No,13,3,4,80,0,31,2,1,5,2,1,4,Adzuna
52,Current employee,Travel_Rarely,1490,Research & Development,4,2,Life Sciences,1,6601,130056,4,Female,30,3,4,Manager,4,Married,16555,10310,2,Y,No,13,3,4,80,0,31,2,1,5,2,1,4,Adzuna
52,Current employee,Travel_Rarely,1490,Research & Development,4,2,Life Sciences,1,6603,130058,4,Female,30,3,4,Manager,4,Married,16555,10310,1,Y,No,13,3,4,80,0,31,2,1,5,2,1,4,Adzuna
52,Current employee,Travel_Rarely,1490,Research & Development,4,2,Life Sciences,1,6607,130062,4,Female,30,3,4,Manager,4,Married,16555,10310,2,Y,No,13,3,4,80,0,31,2,1,5,2,1,4,Adzuna
52,Current employee,Travel_Rarely,1490,Research & Development,4,2,Life Sciences,1,6608,130063,4,Female,30,3,4,Manager,4,Married,16555,10310,1,Y,No,13,3,4,80,0,31,2,1,5,2,1,4,Adzuna
52,Current employee,Travel_Rarely,956,Research & Development,6,2,Technical Degree,1,7509,130964,4,Male,78,3,2,Research Scientist,1,Divorced,5577,22087,3,Y,Yes,12,4,2,80,2,18,3,3,10,9,6,9,Seek
52,Current employee,Travel_Rarely,956,Research & Development,6,2,Marketing,1,7512,130967,4,Male,78,3,2,Research Scientist,1,Divorced,5577,22087,3,Y,Yes,12,3,2,80,2,18,3,3,10,9,6,9,Seek
52,Current employee,Travel_Rarely,956,Research & Development,6,2,Technical Degree,1,7515,130970,4,Male,78,3,2,Research Scientist,1,Divorced,5577,22087,3,Y,Yes,12,3,2,80,2,18,3,3,10,9,6,9,Seek
52,Current employee,Travel_Rarely,956,Research & Development,6,2,Marketing,1,7516,130971,4,Male,78,3,2,Research Scientist,1,Divorced,5577,22087,3,Y,Yes,12,3,2,80,2,18,3,3,10,9,6,9,Seek
52,Current employee,Travel_Rarely,956,Research & Development,6,2,Technical Degree,1,7517,130972,4,Male,78,3,2,Research Scientist,1,Divorced,5577,22087,3,Y,Yes,12,4,2,80,2,18,3,3,10,9,6,9,Seek
52,Current employee,Travel_Rarely,956,Research & Development,6,2,Marketing,1,7520,130975,4,Male,78,3,2,Research Scientist,1,Divorced,5577,22087,3,Y,Yes,12,3,2,80,2,18,3,3,10,9,6,9,Seek
52,Current employee,Travel_Rarely,956,Research & Development,6,2,Technical Degree,1,7523,130978,4,Male,78,3,2,Research Scientist,1,Divorced,5577,22087,3,Y,Yes,12,3,2,80,2,18,3,3,10,9,6,9,Seek
52,Current employee,Travel_Rarely,956,Research & Development,6,2,Marketing,1,7524,130979,4,Male,78,3,2,Research Scientist,1,Divorced,5577,22087,3,Y,Yes,12,3,2,80,2,18,3,3,10,9,6,9,Seek
52,Current employee,Travel_Rarely,621,Sales,3,4,Marketing,1,9011,132466,3,Male,31,2,4,Manager,1,Married,16856,10084,1,Y,No,11,3,1,80,0,34,3,4,34,6,1,16,LinkedIn
52,Current employee,Travel_Rarely,621,Sales,3,4,Life Sciences,1,9013,132468,3,Male,31,2,4,Manager,1,Married,16856,10084,1,Y,No,11,4,1,80,0,34,3,4,34,6,1,16,LinkedIn
52,Current employee,Travel_Rarely,621,Sales,3,4,Marketing,1,9017,132472,3,Male,31,2,4,Manager,1,Married,16856,10084,1,Y,No,11,3,1,80,0,34,3,4,34,6,1,16,LinkedIn
52,Current employee,Travel_Rarely,621,Sales,3,4,Life Sciences,1,9018,132473,3,Male,31,2,4,Manager,1,Married,16856,10084,1,Y,No,11,3,1,80,0,34,3,4,34,6,1,16,LinkedIn
52,Current employee,Travel_Rarely,621,Sales,3,4,Marketing,1,9019,132474,3,Male,31,2,4,Manager,1,Married,16856,10084,1,Y,No,11,3,1,80,0,34,3,4,34,6,1,16,LinkedIn
52,Current employee,Travel_Rarely,621,Sales,3,4,Life Sciences,1,9021,132476,3,Male,31,2,4,Manager,1,Married,16856,10084,1,Y,No,11,4,1,80,0,34,3,4,34,6,1,16,LinkedIn
52,Current employee,Travel_Rarely,621,Sales,3,4,Marketing,1,9025,132480,3,Male,31,2,4,Manager,1,Married,16856,10084,1,Y,No,11,3,1,80,0,34,3,4,34,6,1,16,LinkedIn
52,Current employee,Travel_Rarely,621,Sales,3,4,Life Sciences,1,9026,132481,3,Male,31,2,4,Manager,1,Married,16856,10084,1,Y,No,11,3,1,80,0,34,3,4,34,6,1,16,LinkedIn
52,Current employee,Non-Travel,715,Research & Development,19,4,Medical,1,9159,132614,4,Male,41,3,1,Research Scientist,4,Married,4258,26589,0,Y,No,18,4,1,80,1,5,3,3,4,3,1,2,Indeed
52,Current employee,Non-Travel,715,Research & Development,19,4,Medical,1,9162,132617,4,Male,41,3,1,Research Scientist,4,Married,4258,26589,3,Y,No,18,3,1,80,1,5,3,3,4,3,1,2,Indeed
52,Current employee,Non-Travel,715,Research & Development,19,4,Medical,1,9165,132620,4,Male,41,3,1,Research Scientist,4,Married,4258,26589,0,Y,No,18,3,1,80,1,5,3,3,4,3,1,2,Indeed
52,Current employee,Non-Travel,715,Research & Development,19,4,Medical,1,9166,132621,4,Male,41,3,1,Research Scientist,4,Married,4258,26589,3,Y,No,18,3,1,80,1,5,3,3,4,3,1,2,Indeed
52,Current employee,Non-Travel,715,Research & Development,19,4,Medical,1,9167,132622,4,Male,41,3,1,Research Scientist,4,Married,4258,26589,0,Y,No,18,4,1,80,1,5,3,3,4,3,1,2,Indeed
52,Current employee,Non-Travel,715,Research & Development,19,4,Medical,1,9170,132625,4,Male,41,3,1,Research Scientist,4,Married,4258,26589,3,Y,No,18,3,1,80,1,5,3,3,4,3,1,2,Indeed
52,Current employee,Non-Travel,715,Research & Development,19,4,Medical,1,9173,132628,4,Male,41,3,1,Research Scientist,4,Married,4258,26589,0,Y,No,18,3,1,80,1,5,3,3,4,3,1,2,Indeed
52,Current employee,Non-Travel,715,Research & Development,19,4,Medical,1,9174,132629,4,Male,41,3,1,Research Scientist,4,Married,4258,26589,3,Y,No,18,3,1,80,1,5,3,3,4,3,1,2,Indeed
52,Current employee,Travel_Rarely,1325,Research & Development,11,4,Life Sciences,1,9428,132883,4,Female,82,3,2,Laboratory Technician,3,Married,3149,21821,8,Y,No,20,3,2,80,1,9,3,3,5,2,1,4,Adzuna
52,Current employee,Travel_Rarely,1325,Research & Development,11,4,Medical,1,9431,132886,4,Female,82,3,2,Laboratory Technician,3,Married,3149,21821,1,Y,No,20,3,2,80,1,9,3,3,5,2,1,4,Adzuna
52,Current employee,Travel_Rarely,1325,Research & Development,11,4,Life Sciences,1,9434,132889,4,Female,82,3,2,Laboratory Technician,3,Married,3149,21821,8,Y,No,20,4,2,80,1,9,3,3,5,2,1,4,Adzuna
52,Current employee,Travel_Rarely,1325,Research & Development,11,4,Medical,1,9435,132890,4,Female,82,3,2,Laboratory Technician,3,Married,3149,21821,1,Y,No,20,4,2,80,1,9,3,3,5,2,1,4,Adzuna
52,Current employee,Travel_Rarely,1325,Research & Development,11,4,Life Sciences,1,9436,132891,4,Female,82,3,2,Laboratory Technician,3,Married,3149,21821,8,Y,No,20,3,2,80,1,9,3,3,5,2,1,4,Adzuna
52,Current employee,Travel_Rarely,1325,Research & Development,11,4,Medical,1,9439,132894,4,Female,82,3,2,Laboratory Technician,3,Married,3149,21821,1,Y,No,20,3,2,80,1,9,3,3,5,2,1,4,Adzuna
52,Current employee,Travel_Rarely,1325,Research & Development,11,4,Life Sciences,1,9442,132897,4,Female,82,3,2,Laboratory Technician,3,Married,3149,21821,8,Y,No,20,4,2,80,1,9,3,3,5,2,1,4,Adzuna
52,Current employee,Travel_Rarely,1325,Research & Development,11,4,Medical,1,9443,132898,4,Female,82,3,2,Laboratory Technician,3,Married,3149,21821,1,Y,No,20,4,2,80,1,9,3,3,5,2,1,4,Adzuna
52,Current employee,Non-Travel,585,Sales,29,4,Life Sciences,1,9924,133379,3,Male,64,4,1,Research Scientist,1,Single,3424,21632,7,Y,No,13,3,3,80,0,6,3,2,4,3,0,1,GlassDoor
52,Current employee,Non-Travel,585,Sales,29,4,Technical Degree,1,9926,133381,3,Male,64,4,1,Research Scientist,1,Single,3424,21632,4,Y,No,13,3,3,80,0,6,3,2,4,3,0,1,GlassDoor
52,Current employee,Non-Travel,585,Sales,29,4,Life Sciences,1,9929,133384,3,Male,64,4,1,Research Scientist,1,Single,3424,21632,7,Y,No,13,3,3,80,0,6,3,2,4,3,0,1,GlassDoor
52,Current employee,Non-Travel,585,Sales,29,4,Technical Degree,1,9930,133385,3,Male,64,4,1,Research Scientist,1,Single,3424,21632,4,Y,No,13,3,3,80,0,6,3,2,4,3,0,1,GlassDoor
52,Current employee,Non-Travel,585,Sales,29,4,Life Sciences,1,9932,133387,3,Male,64,4,1,Research Scientist,1,Single,3424,21632,7,Y,No,13,3,3,80,0,6,3,2,4,3,0,1,GlassDoor
52,Current employee,Non-Travel,585,Sales,29,4,Technical Degree,1,9934,133389,3,Male,64,4,1,Research Scientist,1,Single,3424,21632,4,Y,No,13,3,3,80,0,6,3,2,4,3,0,1,GlassDoor
52,Current employee,Non-Travel,585,Sales,29,4,Life Sciences,1,9937,133392,3,Male,64,4,1,Research Scientist,1,Single,3424,21632,7,Y,No,13,3,3,80,0,6,3,2,4,3,0,1,GlassDoor
52,Current employee,Non-Travel,585,Sales,29,4,Technical Degree,1,9938,133393,3,Male,64,4,1,Research Scientist,1,Single,3424,21632,4,Y,No,13,3,3,80,0,6,3,2,4,3,0,1,GlassDoor
52,Current employee,Travel_Frequently,890,Research & Development,25,4,Medical,1,10064,133519,3,Female,81,2,4,Manufacturing Director,4,Married,13826,19028,3,Y,No,22,3,3,80,0,31,3,3,9,8,0,0,Recruit.net
52,Current employee,Travel_Frequently,890,Research & Development,25,4,Technical Degree,1,10067,133522,3,Female,81,2,4,Manufacturing Director,4,Married,13826,19028,1,Y,No,22,3,3,80,0,31,3,3,9,8,0,0,Recruit.net
52,Current employee,Travel_Frequently,890,Research & Development,25,4,Medical,1,10070,133525,3,Female,81,2,4,Manufacturing Director,4,Married,13826,19028,3,Y,No,22,4,3,80,0,31,3,3,9,8,0,0,Recruit.net
52,Current employee,Travel_Frequently,890,Research & Development,25,4,Technical Degree,1,10071,133526,3,Female,81,2,4,Manufacturing Director,4,Married,13826,19028,1,Y,No,22,4,3,80,0,31,3,3,9,8,0,0,Recruit.net
52,Current employee,Travel_Frequently,890,Research & Development,25,4,Medical,1,10072,133527,3,Female,81,2,4,Manufacturing Director,4,Married,13826,19028,3,Y,No,22,3,3,80,0,31,3,3,9,8,0,0,Recruit.net
52,Current employee,Travel_Frequently,890,Research & Development,25,4,Technical Degree,1,10075,133530,3,Female,81,2,4,Manufacturing Director,4,Married,13826,19028,1,Y,No,22,3,3,80,0,31,3,3,9,8,0,0,Recruit.net
52,Current employee,Travel_Frequently,890,Research & Development,25,4,Medical,1,10078,133533,3,Female,81,2,4,Manufacturing Director,4,Married,13826,19028,3,Y,No,22,4,3,80,0,31,3,3,9,8,0,0,Recruit.net
52,Current employee,Travel_Frequently,890,Research & Development,25,4,Technical Degree,1,10079,133534,3,Female,81,2,4,Manufacturing Director,4,Married,13826,19028,1,Y,No,22,4,3,80,0,31,3,3,9,8,0,0,Recruit.net
52,Current employee,Travel_Rarely,1053,Research & Development,1,2,Life Sciences,1,11226,134681,4,Male,70,3,4,Manager,4,Married,17099,13829,2,Y,No,15,3,2,80,1,26,2,2,9,8,7,8,LinkedIn
52,Current employee,Travel_Rarely,1053,Research & Development,1,2,Life Sciences,1,11228,134683,4,Male,70,3,4,Manager,4,Married,17099,13829,1,Y,No,15,3,2,80,1,26,2,2,9,8,7,8,LinkedIn
52,Current employee,Travel_Rarely,1053,Research & Development,1,2,Life Sciences,1,11232,134687,4,Male,70,3,4,Manager,4,Married,17099,13829,2,Y,No,15,3,2,80,1,26,2,2,9,8,7,8,LinkedIn
52,Current employee,Travel_Rarely,1053,Research & Development,1,2,Life Sciences,1,11233,134688,4,Male,70,3,4,Manager,4,Married,17099,13829,1,Y,No,15,3,2,80,1,26,2,2,9,8,7,8,LinkedIn
52,Current employee,Travel_Rarely,1053,Research & Development,1,2,Life Sciences,1,11234,134689,4,Male,70,3,4,Manager,4,Married,17099,13829,2,Y,No,15,3,2,80,1,26,2,2,9,8,7,8,LinkedIn
52,Current employee,Travel_Rarely,1053,Research & Development,1,2,Life Sciences,1,11236,134691,4,Male,70,3,4,Manager,4,Married,17099,13829,1,Y,No,15,3,2,80,1,26,2,2,9,8,7,8,LinkedIn
52,Current employee,Travel_Rarely,1053,Research & Development,1,2,Life Sciences,1,11240,134695,4,Male,70,3,4,Manager,4,Married,17099,13829,2,Y,No,15,3,2,80,1,26,2,2,9,8,7,8,LinkedIn
52,Current employee,Travel_Rarely,1053,Research & Development,1,2,Life Sciences,1,11241,134696,4,Male,70,3,4,Manager,4,Married,17099,13829,1,Y,No,15,3,2,80,1,26,2,2,9,8,7,8,LinkedIn
52,Current employee,Travel_Rarely,621,Sales,3,4,Marketing,1,11243,134698,3,Male,67,3,1,Research Scientist,3,Single,2479,26227,4,Y,No,24,4,1,80,0,7,4,3,1,0,0,0,Recruit.net
52,Current employee,Travel_Rarely,621,Sales,3,4,Life Sciences,1,11245,134700,3,Male,67,3,1,Research Scientist,3,Single,2479,26227,3,Y,No,24,3,1,80,0,7,4,3,1,0,0,0,Recruit.net
52,Current employee,Travel_Rarely,621,Sales,3,4,Marketing,1,11246,134701,3,Male,67,3,1,Research Scientist,3,Single,2479,26227,4,Y,No,24,4,1,80,0,7,4,3,1,0,0,0,Recruit.net
52,Current employee,Travel_Rarely,621,Sales,3,4,Life Sciences,1,11247,134702,3,Male,67,3,1,Research Scientist,3,Single,2479,26227,3,Y,No,24,4,1,80,0,7,4,3,1,0,0,0,Recruit.net
52,Current employee,Travel_Rarely,621,Sales,3,4,Marketing,1,11251,134706,3,Male,67,3,1,Research Scientist,3,Single,2479,26227,4,Y,No,24,4,1,80,0,7,4,3,1,0,0,0,Recruit.net
52,Current employee,Travel_Rarely,621,Sales,3,4,Life Sciences,1,11253,134708,3,Male,67,3,1,Research Scientist,3,Single,2479,26227,3,Y,No,24,3,1,80,0,7,4,3,1,0,0,0,Recruit.net
52,Current employee,Travel_Rarely,621,Sales,3,4,Marketing,1,11254,134709,3,Male,67,3,1,Research Scientist,3,Single,2479,26227,4,Y,No,24,4,1,80,0,7,4,3,1,0,0,0,Recruit.net
52,Current employee,Travel_Rarely,621,Sales,3,4,Life Sciences,1,11255,134710,3,Male,67,3,1,Research Scientist,3,Single,2479,26227,3,Y,No,24,4,1,80,0,7,4,3,1,0,0,0,Recruit.net
52,Current employee,Travel_Rarely,994,Research & Development,7,4,Life Sciences,1,12927,136382,2,Male,87,3,3,Healthcare Representative,2,Single,10445,15322,7,Y,No,19,3,4,80,0,18,4,3,8,6,4,0,Company Website
52,Current employee,Travel_Rarely,994,Research & Development,7,4,Marketing,1,12929,136384,2,Male,87,3,3,Healthcare Representative,2,Single,10445,15322,0,Y,No,19,3,4,80,0,18,4,3,8,6,4,0,Company Website
52,Current employee,Travel_Rarely,994,Research & Development,7,4,Life Sciences,1,12933,136388,2,Male,87,3,3,Healthcare Representative,2,Single,10445,15322,7,Y,No,19,3,4,80,0,18,4,3,8,6,4,0,Company Website
52,Current employee,Travel_Rarely,994,Research & Development,7,4,Marketing,1,12934,136389,2,Male,87,3,3,Healthcare Representative,2,Single,10445,15322,0,Y,No,19,3,4,80,0,18,4,3,8,6,4,0,Company Website
52,Current employee,Travel_Rarely,994,Research & Development,7,4,Life Sciences,1,12935,136390,2,Male,87,3,3,Healthcare Representative,2,Single,10445,15322,7,Y,No,19,3,4,80,0,18,4,3,8,6,4,0,Company Website
52,Current employee,Travel_Rarely,994,Research & Development,7,4,Marketing,1,12937,136392,2,Male,87,3,3,Healthcare Representative,2,Single,10445,15322,0,Y,No,19,3,4,80,0,18,4,3,8,6,4,0,Company Website
52,Current employee,Travel_Rarely,994,Research & Development,7,4,Life Sciences,1,12941,136396,2,Male,87,3,3,Healthcare Representative,2,Single,10445,15322,7,Y,No,19,3,4,80,0,18,4,3,8,6,4,0,Company Website
52,Current employee,Travel_Rarely,994,Research & Development,7,4,Marketing,1,12942,136397,2,Male,87,3,3,Healthcare Representative,2,Single,10445,15322,0,Y,No,19,3,4,80,0,18,4,3,8,6,4,0,Company Website
52,Current employee,Travel_Rarely,319,Research & Development,3,3,Medical,1,14881,138336,3,Male,78,2,1,Laboratory Technician,4,Married,3867,14222,1,Y,Yes,12,3,2,80,1,2,2,3,2,2,2,2,LinkedIn
52,Current employee,Travel_Rarely,319,Research & Development,3,3,Life Sciences,1,14883,138338,3,Male,78,2,1,Laboratory Technician,4,Married,3867,14222,1,Y,Yes,12,3,2,80,1,2,2,3,2,2,2,2,LinkedIn
52,Current employee,Travel_Rarely,319,Research & Development,3,3,Medical,1,14886,138341,3,Male,78,2,1,Laboratory Technician,4,Married,3867,14222,1,Y,Yes,12,3,2,80,1,2,2,3,2,2,2,2,LinkedIn
52,Current employee,Travel_Rarely,319,Research & Development,3,3,Life Sciences,1,14887,138342,3,Male,78,2,1,Laboratory Technician,4,Married,3867,14222,1,Y,Yes,12,3,2,80,1,2,2,3,2,2,2,2,LinkedIn
52,Current employee,Travel_Rarely,319,Research & Development,3,3,Medical,1,14889,138344,3,Male,78,2,1,Laboratory Technician,4,Married,3867,14222,1,Y,Yes,12,3,2,80,1,2,2,3,2,2,2,2,LinkedIn
52,Current employee,Travel_Rarely,319,Research & Development,3,3,Life Sciences,1,14891,138346,3,Male,78,2,1,Laboratory Technician,4,Married,3867,14222,1,Y,Yes,12,3,2,80,1,2,2,3,2,2,2,2,LinkedIn
52,Current employee,Travel_Rarely,319,Research & Development,3,3,Medical,1,14894,138349,3,Male,78,2,1,Laboratory Technician,4,Married,3867,14222,1,Y,Yes,12,3,2,80,1,2,2,3,2,2,2,2,LinkedIn
52,Current employee,Travel_Rarely,319,Research & Development,3,3,Life Sciences,1,14895,138350,3,Male,78,2,1,Laboratory Technician,4,Married,3867,14222,1,Y,Yes,12,3,2,80,1,2,2,3,2,2,2,2,LinkedIn
52,Current employee,Non-Travel,715,Research & Development,19,4,Medical,1,15634,139089,3,Male,80,3,4,Manufacturing Director,2,Married,13402,18235,4,Y,Yes,12,3,1,80,1,33,0,3,19,16,15,9,Seek
52,Current employee,Non-Travel,715,Research & Development,19,4,Medical,1,15635,139090,3,Male,80,3,4,Manufacturing Director,2,Married,13402,18235,1,Y,Yes,12,3,1,80,1,33,0,3,19,16,15,9,Seek
52,Current employee,Non-Travel,715,Research & Development,19,4,Medical,1,15637,139092,3,Male,80,3,4,Manufacturing Director,2,Married,13402,18235,4,Y,Yes,12,3,1,80,1,33,0,3,19,16,15,9,Seek
52,Current employee,Non-Travel,715,Research & Development,19,4,Medical,1,15638,139093,3,Male,80,3,4,Manufacturing Director,2,Married,13402,18235,1,Y,Yes,12,3,1,80,1,33,0,3,19,16,15,9,Seek
52,Current employee,Non-Travel,715,Research & Development,19,4,Medical,1,15642,139097,3,Male,80,3,4,Manufacturing Director,2,Married,13402,18235,4,Y,Yes,12,3,1,80,1,33,0,3,19,16,15,9,Seek
52,Current employee,Non-Travel,715,Research & Development,19,4,Medical,1,15643,139098,3,Male,80,3,4,Manufacturing Director,2,Married,13402,18235,1,Y,Yes,12,3,1,80,1,33,0,3,19,16,15,9,Seek
52,Current employee,Non-Travel,715,Research & Development,19,4,Medical,1,15645,139100,3,Male,80,3,4,Manufacturing Director,2,Married,13402,18235,4,Y,Yes,12,3,1,80,1,33,0,3,19,16,15,9,Seek
52,Current employee,Non-Travel,715,Research & Development,19,4,Medical,1,15646,139101,3,Male,80,3,4,Manufacturing Director,2,Married,13402,18235,1,Y,Yes,12,3,1,80,1,33,0,3,19,16,15,9,Seek
52,Current employee,Travel_Frequently,322,Research & Development,28,2,Medical,1,15918,139373,4,Female,59,4,4,Manufacturing Director,3,Married,13247,9731,2,Y,Yes,11,3,2,80,1,24,3,2,5,3,0,2,Company Website
52,Current employee,Travel_Frequently,890,Research & Development,25,4,Medical,1,15919,139374,3,Female,81,4,4,Manufacturing Director,3,Married,13247,9731,2,Y,Yes,11,3,2,80,1,24,3,2,5,3,0,2,Company Website
52,Current employee,Travel_Frequently,890,Research & Development,25,4,Technical Degree,1,15920,139375,3,Female,81,4,4,Manufacturing Director,3,Married,13247,9731,1,Y,Yes,11,3,2,80,1,24,3,2,5,3,0,2,Company Website
52,Current employee,Travel_Frequently,322,Research & Development,28,2,Technical Degree,1,15921,139376,4,Female,59,4,4,Manufacturing Director,3,Married,13247,9731,1,Y,Yes,11,3,2,80,1,24,3,2,5,3,0,2,Company Website
52,Current employee,Travel_Frequently,322,Research & Development,28,2,Medical,1,15922,139377,4,Female,59,4,4,Manufacturing Director,3,Married,13247,9731,2,Y,Yes,11,3,2,80,1,24,3,2,5,3,0,2,Company Website
52,Current employee,Travel_Frequently,890,Research & Development,25,4,Medical,1,15923,139378,3,Female,81,4,4,Manufacturing Director,3,Married,13247,9731,2,Y,Yes,11,3,2,80,1,24,3,2,5,3,0,2,Company Website
52,Current employee,Travel_Frequently,890,Research & Development,25,4,Technical Degree,1,15924,139379,3,Female,81,4,4,Manufacturing Director,3,Married,13247,9731,1,Y,Yes,11,3,2,80,1,24,3,2,5,3,0,2,Company Website
52,Current employee,Travel_Frequently,322,Research & Development,28,2,Technical Degree,1,15925,139380,4,Female,59,4,4,Manufacturing Director,3,Married,13247,9731,1,Y,Yes,11,3,2,80,1,24,3,2,5,3,0,2,Company Website
52,Current employee,Travel_Frequently,322,Research & Development,28,2,Medical,1,15926,139381,4,Female,59,4,4,Manufacturing Director,3,Married,13247,9731,2,Y,Yes,11,3,2,80,1,24,3,2,5,3,0,2,Company Website
52,Current employee,Travel_Frequently,890,Research & Development,25,4,Medical,1,15927,139382,3,Female,81,4,4,Manufacturing Director,3,Married,13247,9731,2,Y,Yes,11,3,2,80,1,24,3,2,5,3,0,2,Company Website
52,Current employee,Travel_Frequently,890,Research & Development,25,4,Technical Degree,1,15928,139383,3,Female,81,4,4,Manufacturing Director,3,Married,13247,9731,1,Y,Yes,11,3,2,80,1,24,3,2,5,3,0,2,Company Website
52,Current employee,Travel_Frequently,322,Research & Development,28,2,Technical Degree,1,15929,139384,4,Female,59,4,4,Manufacturing Director,3,Married,13247,9731,1,Y,Yes,11,3,2,80,1,24,3,2,5,3,0,2,Company Website
52,Current employee,Travel_Frequently,322,Research & Development,28,2,Medical,1,15930,139385,4,Female,59,4,4,Manufacturing Director,3,Married,13247,9731,2,Y,Yes,11,3,2,80,1,24,3,2,5,3,0,2,Company Website
52,Current employee,Travel_Frequently,890,Research & Development,25,4,Medical,1,15931,139386,3,Female,81,4,4,Manufacturing Director,3,Married,13247,9731,2,Y,Yes,11,3,2,80,1,24,3,2,5,3,0,2,Company Website
52,Current employee,Travel_Frequently,890,Research & Development,25,4,Technical Degree,1,15932,139387,3,Female,81,4,4,Manufacturing Director,3,Married,13247,9731,1,Y,Yes,11,3,2,80,1,24,3,2,5,3,0,2,Company Website
52,Current employee,Travel_Frequently,322,Research & Development,28,2,Technical Degree,1,15933,139388,4,Female,59,4,4,Manufacturing Director,3,Married,13247,9731,1,Y,Yes,11,3,2,80,1,24,3,2,5,3,0,2,Company Website
52,Current employee,Travel_Rarely,258,Research & Development,8,4,Other,1,16014,139469,3,Female,54,3,1,Laboratory Technician,1,Married,2950,17363,9,Y,No,13,3,3,80,0,12,2,1,5,4,0,4,Indeed
52,Current employee,Travel_Rarely,258,Research & Development,8,4,Medical,1,16017,139472,3,Female,54,3,1,Laboratory Technician,1,Married,2950,17363,1,Y,No,13,3,3,80,0,12,2,1,5,4,0,4,Indeed
52,Current employee,Travel_Rarely,258,Research & Development,8,4,Other,1,16020,139475,3,Female,54,3,1,Laboratory Technician,1,Married,2950,17363,9,Y,No,13,3,3,80,0,12,2,1,5,4,0,4,Indeed
52,Current employee,Travel_Rarely,258,Research & Development,8,4,Medical,1,16021,139476,3,Female,54,3,1,Laboratory Technician,1,Married,2950,17363,1,Y,No,13,3,3,80,0,12,2,1,5,4,0,4,Indeed
52,Current employee,Travel_Rarely,258,Research & Development,8,4,Other,1,16022,139477,3,Female,54,3,1,Laboratory Technician,1,Married,2950,17363,9,Y,No,13,3,3,80,0,12,2,1,5,4,0,4,Indeed
52,Current employee,Travel_Rarely,258,Research & Development,8,4,Medical,1,16025,139480,3,Female,54,3,1,Laboratory Technician,1,Married,2950,17363,1,Y,No,13,3,3,80,0,12,2,1,5,4,0,4,Indeed
52,Current employee,Travel_Rarely,258,Research & Development,8,4,Other,1,16028,139483,3,Female,54,3,1,Laboratory Technician,1,Married,2950,17363,9,Y,No,13,3,3,80,0,12,2,1,5,4,0,4,Indeed
52,Current employee,Travel_Rarely,258,Research & Development,8,4,Medical,1,16029,139484,3,Female,54,3,1,Laboratory Technician,1,Married,2950,17363,1,Y,No,13,3,3,80,0,12,2,1,5,4,0,4,Indeed
52,Current employee,Travel_Frequently,322,Research & Development,28,2,Medical,1,17653,141108,4,Female,85,3,2,Sales Executive,3,Divorced,6439,13693,8,Y,No,14,3,3,80,1,18,2,3,8,7,7,7,Seek
52,Current employee,Travel_Frequently,322,Research & Development,28,2,Technical Degree,1,17655,141110,4,Female,85,3,2,Sales Executive,3,Divorced,6439,13693,8,Y,No,14,3,3,80,1,18,2,3,8,7,7,7,Seek
52,Current employee,Travel_Frequently,322,Research & Development,28,2,Medical,1,17658,141113,4,Female,85,3,2,Sales Executive,3,Divorced,6439,13693,8,Y,No,14,3,3,80,1,18,2,3,8,7,7,7,Seek
52,Current employee,Travel_Frequently,322,Research & Development,28,2,Technical Degree,1,17659,141114,4,Female,85,3,2,Sales Executive,3,Divorced,6439,13693,8,Y,No,14,3,3,80,1,18,2,3,8,7,7,7,Seek
52,Current employee,Travel_Frequently,322,Research & Development,28,2,Medical,1,17661,141116,4,Female,85,3,2,Sales Executive,3,Divorced,6439,13693,8,Y,No,14,3,3,80,1,18,2,3,8,7,7,7,Seek
52,Current employee,Travel_Frequently,322,Research & Development,28,2,Technical Degree,1,17663,141118,4,Female,85,3,2,Sales Executive,3,Divorced,6439,13693,8,Y,No,14,3,3,80,1,18,2,3,8,7,7,7,Seek
52,Current employee,Travel_Frequently,322,Research & Development,28,2,Medical,1,17666,141121,4,Female,85,3,2,Sales Executive,3,Divorced,6439,13693,8,Y,No,14,3,3,80,1,18,2,3,8,7,7,7,Seek
52,Current employee,Travel_Frequently,322,Research & Development,28,2,Technical Degree,1,17667,141122,4,Female,85,3,2,Sales Executive,3,Divorced,6439,13693,8,Y,No,14,3,3,80,1,18,2,3,8,7,7,7,Seek
52,Current employee,Travel_Rarely,258,Research & Development,8,4,Other,1,20908,144363,4,Female,94,1,2,Sales Representative,4,Married,5405,4244,2,Y,Yes,20,3,1,80,2,20,4,2,4,2,0,3,Company Website
52,Current employee,Travel_Rarely,258,Research & Development,8,4,Medical,1,20910,144365,4,Female,94,1,2,Sales Representative,4,Married,5405,4244,9,Y,Yes,20,3,1,80,2,20,4,2,4,2,0,3,Company Website
52,Current employee,Travel_Rarely,258,Research & Development,8,4,Other,1,20913,144368,4,Female,94,1,2,Sales Representative,4,Married,5405,4244,2,Y,Yes,20,4,1,80,2,20,4,2,4,2,0,3,Company Website
52,Current employee,Travel_Rarely,258,Research & Development,8,4,Medical,1,20914,144369,4,Female,94,1,2,Sales Representative,4,Married,5405,4244,9,Y,Yes,20,4,1,80,2,20,4,2,4,2,0,3,Company Website
52,Current employee,Travel_Rarely,258,Research & Development,8,4,Other,1,20916,144371,4,Female,94,1,2,Sales Representative,4,Married,5405,4244,2,Y,Yes,20,3,1,80,2,20,4,2,4,2,0,3,Company Website
52,Current employee,Travel_Rarely,258,Research & Development,8,4,Medical,1,20918,144373,4,Female,94,1,2,Sales Representative,4,Married,5405,4244,9,Y,Yes,20,3,1,80,2,20,4,2,4,2,0,3,Company Website
52,Current employee,Travel_Rarely,258,Research & Development,8,4,Other,1,20921,144376,4,Female,94,1,2,Sales Representative,4,Married,5405,4244,2,Y,Yes,20,4,1,80,2,20,4,2,4,2,0,3,Company Website
52,Current employee,Travel_Rarely,258,Research & Development,8,4,Medical,1,20922,144377,4,Female,94,1,2,Sales Representative,4,Married,5405,4244,9,Y,Yes,20,4,1,80,2,20,4,2,4,2,0,3,Company Website
52,Current employee,Travel_Rarely,956,Research & Development,6,2,Technical Degree,1,22118,145573,4,Male,97,4,1,Laboratory Technician,2,Married,2810,9238,1,Y,No,22,3,2,80,0,5,3,3,5,4,0,2,Adzuna
52,Current employee,Travel_Rarely,956,Research & Development,6,2,Marketing,1,22119,145574,4,Male,97,4,1,Laboratory Technician,2,Married,2810,9238,1,Y,No,22,3,2,80,0,5,3,3,5,4,0,2,Adzuna
52,Current employee,Travel_Rarely,956,Research & Development,6,2,Technical Degree,1,22123,145578,4,Male,97,4,1,Laboratory Technician,2,Married,2810,9238,1,Y,No,22,4,2,80,0,5,3,3,5,4,0,2,Adzuna
52,Current employee,Travel_Rarely,956,Research & Development,6,2,Marketing,1,22124,145579,4,Male,97,4,1,Laboratory Technician,2,Married,2810,9238,1,Y,No,22,4,2,80,0,5,3,3,5,4,0,2,Adzuna
52,Current employee,Travel_Rarely,956,Research & Development,6,2,Technical Degree,1,22126,145581,4,Male,97,4,1,Laboratory Technician,2,Married,2810,9238,1,Y,No,22,3,2,80,0,5,3,3,5,4,0,2,Adzuna
52,Current employee,Travel_Rarely,956,Research & Development,6,2,Marketing,1,22127,145582,4,Male,97,4,1,Laboratory Technician,2,Married,2810,9238,1,Y,No,22,3,2,80,0,5,3,3,5,4,0,2,Adzuna
52,Current employee,Travel_Rarely,956,Research & Development,6,2,Technical Degree,1,22131,145586,4,Male,97,4,1,Laboratory Technician,2,Married,2810,9238,1,Y,No,22,4,2,80,0,5,3,3,5,4,0,2,Adzuna
52,Current employee,Travel_Rarely,956,Research & Development,6,2,Marketing,1,22132,145587,4,Male,97,4,1,Laboratory Technician,2,Married,2810,9238,1,Y,No,22,4,2,80,0,5,3,3,5,4,0,2,Adzuna
52,Current employee,Non-Travel,585,Sales,29,4,Life Sciences,1,22936,146391,1,Male,35,3,1,Sales Representative,4,Divorced,3482,19788,2,Y,No,15,3,2,80,2,16,3,2,9,8,0,0,GlassDoor
52,Current employee,Non-Travel,585,Sales,29,4,Technical Degree,1,22939,146394,1,Male,35,3,1,Sales Representative,4,Divorced,3482,19788,9,Y,No,15,3,2,80,2,16,3,2,9,8,0,0,GlassDoor
52,Current employee,Non-Travel,585,Sales,29,4,Life Sciences,1,22942,146397,1,Male,35,3,1,Sales Representative,4,Divorced,3482,19788,2,Y,No,15,3,2,80,2,16,3,2,9,8,0,0,GlassDoor
52,Current employee,Non-Travel,585,Sales,29,4,Technical Degree,1,22943,146398,1,Male,35,3,1,Sales Representative,4,Divorced,3482,19788,9,Y,No,15,3,2,80,2,16,3,2,9,8,0,0,GlassDoor
52,Current employee,Non-Travel,585,Sales,29,4,Life Sciences,1,22944,146399,1,Male,35,3,1,Sales Representative,4,Divorced,3482,19788,2,Y,No,15,3,2,80,2,16,3,2,9,8,0,0,GlassDoor
52,Current employee,Non-Travel,585,Sales,29,4,Technical Degree,1,22947,146402,1,Male,35,3,1,Sales Representative,4,Divorced,3482,19788,9,Y,No,15,3,2,80,2,16,3,2,9,8,0,0,GlassDoor
52,Current employee,Non-Travel,585,Sales,29,4,Life Sciences,1,22950,146405,1,Male,35,3,1,Sales Representative,4,Divorced,3482,19788,2,Y,No,15,3,2,80,2,16,3,2,9,8,0,0,GlassDoor
52,Current employee,Non-Travel,585,Sales,29,4,Technical Degree,1,22951,146406,1,Male,35,3,1,Sales Representative,4,Divorced,3482,19788,9,Y,No,15,3,2,80,2,16,3,2,9,8,0,0,GlassDoor
42,Voluntary Resignation,Travel_Frequently,481,Sales,12,3,Life Sciences,1,5972,129427,2,Male,53,2,1,Research Scientist,2,Single,2657,7551,0,Y,Yes,16,3,4,80,0,3,5,3,2,2,2,2,Indeed
42,Voluntary Resignation,Travel_Frequently,481,Sales,12,3,Medical,1,5974,129429,2,Male,53,2,1,Research Scientist,2,Single,2657,7551,3,Y,Yes,16,3,4,80,0,3,5,3,2,2,2,2,Indeed
42,Voluntary Resignation,Travel_Frequently,481,Sales,12,3,Life Sciences,1,5977,129432,2,Male,53,2,1,Research Scientist,2,Single,2657,7551,0,Y,Yes,16,3,4,80,0,3,5,3,2,2,2,2,Indeed
42,Voluntary Resignation,Travel_Frequently,481,Sales,12,3,Medical,1,5978,129433,2,Male,53,2,1,Research Scientist,2,Single,2657,7551,3,Y,Yes,16,3,4,80,0,3,5,3,2,2,2,2,Indeed
42,Voluntary Resignation,Travel_Frequently,481,Sales,12,3,Life Sciences,1,5980,129435,2,Male,53,2,1,Research Scientist,2,Single,2657,7551,0,Y,Yes,16,3,4,80,0,3,5,3,2,2,2,2,Indeed
42,Voluntary Resignation,Travel_Frequently,481,Sales,12,3,Medical,1,5982,129437,2,Male,53,2,1,Research Scientist,2,Single,2657,7551,3,Y,Yes,16,3,4,80,0,3,5,3,2,2,2,2,Indeed
42,Voluntary Resignation,Travel_Frequently,481,Sales,12,3,Life Sciences,1,5985,129440,2,Male,53,2,1,Research Scientist,2,Single,2657,7551,0,Y,Yes,16,3,4,80,0,3,5,3,2,2,2,2,Indeed
42,Voluntary Resignation,Travel_Frequently,481,Sales,12,3,Medical,1,5986,129441,2,Male,53,2,1,Research Scientist,2,Single,2657,7551,3,Y,Yes,16,3,4,80,0,3,5,3,2,2,2,2,Indeed
42,Voluntary Resignation,Travel_Frequently,933,Research & Development,19,3,Medical,1,8791,132246,3,Male,57,4,1,Research Scientist,3,Divorced,2759,20366,6,Y,Yes,12,4,4,80,0,7,2,3,2,2,2,2,Indeed
42,Voluntary Resignation,Travel_Frequently,933,Research & Development,19,3,Medical,1,8794,132249,3,Male,57,4,1,Research Scientist,3,Divorced,2759,20366,3,Y,Yes,12,3,4,80,0,7,2,3,2,2,2,2,Indeed
42,Voluntary Resignation,Travel_Frequently,933,Research & Development,19,3,Medical,1,8795,132250,3,Male,57,4,1,Research Scientist,3,Divorced,2759,20366,6,Y,Yes,12,3,4,80,0,7,2,3,2,2,2,2,Indeed
42,Voluntary Resignation,Travel_Frequently,933,Research & Development,19,3,Medical,1,8796,132251,3,Male,57,4,1,Research Scientist,3,Divorced,2759,20366,3,Y,Yes,12,3,4,80,0,7,2,3,2,2,2,2,Indeed
42,Voluntary Resignation,Travel_Frequently,933,Research & Development,19,3,Medical,1,8799,132254,3,Male,57,4,1,Research Scientist,3,Divorced,2759,20366,6,Y,Yes,12,4,4,80,0,7,2,3,2,2,2,2,Indeed
42,Voluntary Resignation,Travel_Frequently,933,Research & Development,19,3,Medical,1,8802,132257,3,Male,57,4,1,Research Scientist,3,Divorced,2759,20366,3,Y,Yes,12,3,4,80,0,7,2,3,2,2,2,2,Indeed
42,Voluntary Resignation,Travel_Frequently,933,Research & Development,19,3,Medical,1,8803,132258,3,Male,57,4,1,Research Scientist,3,Divorced,2759,20366,6,Y,Yes,12,3,4,80,0,7,2,3,2,2,2,2,Indeed
42,Voluntary Resignation,Travel_Frequently,933,Research & Development,19,3,Medical,1,8804,132259,3,Male,57,4,1,Research Scientist,3,Divorced,2759,20366,3,Y,Yes,12,3,4,80,0,7,2,3,2,2,2,2,Indeed
42,Voluntary Resignation,Travel_Frequently,481,Sales,,3,Life Sciences,1,13436,136891,3,Male,44,3,4,Sales Executive,1,Single,13758,2447,0,Y,Yes,12,3,2,80,0,22,2,2,21,9,13,14,Seek
42,Voluntary Resignation,Travel_Frequently,481,Sales,12,3,Medical,1,13438,136893,3,Male,44,3,4,Sales Executive,1,Single,13758,2447,6,Y,Yes,12,3,2,80,0,22,2,2,21,9,13,14,Seek
42,Voluntary Resignation,Travel_Frequently,481,Sales,12,3,Life Sciences,1,13442,136897,3,Male,44,3,4,Sales Executive,1,Single,13758,2447,0,Y,Yes,12,3,2,80,0,22,2,2,21,9,13,14,Seek
42,Voluntary Resignation,Travel_Frequently,481,Sales,12,3,Medical,1,13443,136898,3,Male,44,3,4,Sales Executive,1,Single,13758,2447,6,Y,Yes,12,3,2,80,0,22,2,2,21,9,13,14,Seek
42,Voluntary Resignation,Travel_Frequently,481,Sales,12,3,Life Sciences,1,13444,136899,3,Male,44,3,4,Sales Executive,1,Single,13758,2447,0,Y,Yes,12,3,2,80,0,22,2,2,21,9,13,14,Seek
42,Voluntary Resignation,Travel_Frequently,481,Sales,12,3,Medical,1,13446,136901,3,Male,44,3,4,Sales Executive,1,Single,13758,2447,6,Y,Yes,12,3,2,80,0,22,2,2,21,9,13,14,Seek
42,Voluntary Resignation,Travel_Frequently,481,Sales,12,3,Life Sciences,1,13450,136905,3,Male,44,3,4,Sales Executive,1,Single,13758,2447,0,Y,Yes,12,3,2,80,0,22,2,2,21,9,13,14,Seek
42,Voluntary Resignation,Travel_Frequently,481,Sales,12,3,Medical,1,13451,136906,3,Male,44,3,4,Sales Executive,1,Single,13758,2447,6,Y,Yes,12,3,2,80,0,22,2,2,21,9,13,14,Seek
42,Voluntary Resignation,Travel_Frequently,933,Research & Development,19,3,Medical,1,15477,138932,3,Female,79,2,3,Manufacturing Director,1,Married,10008,12023,7,Y,Yes,14,3,4,80,0,31,0,2,10,9,5,9,LinkedIn
42,Voluntary Resignation,Travel_Frequently,933,Research & Development,19,3,Medical,1,15479,138934,3,Female,79,2,3,Manufacturing Director,1,Married,10008,12023,1,Y,Yes,14,3,4,80,0,31,0,2,10,9,5,9,LinkedIn
42,Voluntary Resignation,Travel_Frequently,933,Research & Development,19,3,Medical,1,15480,138935,3,Female,79,2,3,Manufacturing Director,1,Married,10008,12023,7,Y,Yes,14,3,4,80,0,31,0,2,10,9,5,9,LinkedIn
42,Voluntary Resignation,Travel_Frequently,933,Research & Development,19,3,Medical,1,15481,138936,3,Female,79,2,3,Manufacturing Director,1,Married,10008,12023,1,Y,Yes,14,3,4,80,0,31,0,2,10,9,5,9,LinkedIn
42,Voluntary Resignation,Travel_Frequently,933,Research & Development,19,3,Medical,1,15485,138940,3,Female,79,2,3,Manufacturing Director,1,Married,10008,12023,7,Y,Yes,14,3,4,80,0,31,0,2,10,9,5,9,LinkedIn
42,Voluntary Resignation,Travel_Frequently,933,Research & Development,19,3,Medical,1,15487,138942,3,Female,79,2,3,Manufacturing Director,1,Married,10008,12023,1,Y,Yes,14,3,4,80,0,31,0,2,10,9,5,9,LinkedIn
42,Voluntary Resignation,Travel_Frequently,933,Research & Development,19,3,Medical,1,15488,138943,3,Female,79,2,3,Manufacturing Director,1,Married,10008,12023,7,Y,Yes,14,3,4,80,0,31,0,2,10,9,5,9,LinkedIn
42,Voluntary Resignation,Travel_Frequently,933,Research & Development,19,3,Medical,1,15489,138944,3,Female,79,2,3,Manufacturing Director,1,Married,10008,12023,1,Y,Yes,14,3,4,80,0,31,0,2,10,9,5,9,LinkedIn
42,Current employee,Travel_Frequently,555,Sales,26,3,Marketing,1,250,123705,4,Female,49,2,2,Laboratory Technician,3,Single,4193,12682,5,Y,No,14,3,4,80,1,23,2,4,20,4,4,8,Company Website
42,Current employee,Travel_Rarely,1147,Human Resources,10,3,Human Resources,1,311,123766,1,Male,38,2,1,Laboratory Technician,3,Single,2028,12947,5,Y,Yes,14,3,2,80,0,6,4,3,4,2,0,3,Seek
42,Current employee,Travel_Rarely,1147,Human Resources,10,3,Medical,1,312,123767,1,Male,38,2,1,Laboratory Technician,3,Single,2028,12947,1,Y,Yes,14,4,2,80,0,6,4,3,4,2,0,3,Seek
42,Current employee,Travel_Rarely,1147,Human Resources,10,3,Human Resources,1,316,123771,1,Male,38,2,1,Laboratory Technician,3,Single,2028,12947,5,Y,Yes,14,3,2,80,0,6,4,3,4,2,0,3,Seek
42,Current employee,Travel_Rarely,1147,Human Resources,10,3,Medical,1,317,123772,1,Male,38,2,1,Laboratory Technician,3,Single,2028,12947,1,Y,Yes,14,3,2,80,0,6,4,3,4,2,0,3,Seek
42,Current employee,Travel_Rarely,622,Research & Development,2,4,Life Sciences,1,323,123778,3,Male,50,2,1,Laboratory Technician,3,Single,2028,12947,1,Y,No,13,3,2,80,2,10,4,3,10,2,2,2,LinkedIn
42,Current employee,Travel_Rarely,1147,Human Resources,10,3,Human Resources,1,324,123779,1,Male,38,2,1,Laboratory Technician,3,Single,2028,12947,5,Y,Yes,14,3,2,80,0,6,4,3,4,2,0,3,Seek
42,Current employee,Travel_Rarely,1147,Human Resources,10,3,Medical,1,327,123782,1,Male,38,2,1,Laboratory Technician,3,Single,2028,12947,1,Y,Yes,14,4,2,80,0,6,4,3,4,2,0,3,Seek
42,Current employee,Travel_Rarely,1147,Human Resources,10,3,Human Resources,1,331,123786,1,Male,38,2,1,Laboratory Technician,3,Single,2028,12947,5,Y,Yes,14,3,2,80,0,6,4,3,4,2,0,3,Seek
42,Current employee,Travel_Rarely,1147,Human Resources,10,3,Medical,1,332,123787,1,Male,38,2,1,Laboratory Technician,3,Single,2028,12947,1,Y,Yes,14,3,2,80,0,6,4,3,4,2,0,3,Seek
42,Current employee,Travel_Rarely,691,Sales,8,4,Marketing,1,559,124014,3,Male,48,3,2,Sales Executive,2,Married,6825,21173,0,Y,No,11,3,4,80,1,10,2,3,9,7,4,2,Company Website
42,Current employee,Travel_Rarely,691,Sales,8,4,Marketing,1,562,124017,3,Male,48,3,2,Sales Executive,2,Married,6825,21173,6,Y,No,11,4,4,80,1,10,2,3,9,7,4,2,Company Website
42,Current employee,Travel_Rarely,691,Sales,8,4,Marketing,1,565,124020,3,Male,48,3,2,Sales Executive,2,Married,6825,21173,0,Y,No,11,3,4,80,1,10,2,3,9,7,4,2,Company Website
42,Current employee,Travel_Rarely,691,Sales,8,4,Marketing,1,566,124021,3,Male,48,3,2,Sales Executive,2,Married,6825,21173,6,Y,No,11,3,4,80,1,10,2,3,9,7,4,2,Company Website
42,Current employee,Travel_Rarely,691,Sales,8,4,Marketing,1,567,124022,3,Male,48,3,2,Sales Executive,2,Married,6825,21173,0,Y,No,11,3,4,80,1,10,2,3,9,7,4,2,Company Website
42,Current employee,Travel_Rarely,691,Sales,8,4,Marketing,1,568,124023,3,Female,63,2,2,Sales Executive,2,Divorced,5209,19760,1,Y,Yes,12,3,2,80,3,11,4,2,11,8,2,7,Seek
42,Current employee,Travel_Rarely,691,Sales,8,4,Marketing,1,569,124024,4,Male,72,3,3,Healthcare Representative,3,Married,7632,14295,4,Y,Yes,12,3,3,80,0,10,2,3,8,7,0,0,Seek
42,Current employee,Travel_Rarely,691,Sales,8,4,Marketing,1,572,124027,3,Male,48,3,2,Sales Executive,2,Married,6825,21173,6,Y,No,11,4,4,80,1,10,2,3,9,7,4,2,Company Website
42,Current employee,Travel_Rarely,691,Sales,8,4,Marketing,1,575,124030,3,Male,48,3,2,Sales Executive,2,Married,6825,21173,0,Y,No,11,3,4,80,1,10,2,3,9,7,4,2,Company Website
42,Current employee,Travel_Rarely,691,Sales,8,4,Marketing,1,576,124031,3,Male,48,3,2,Sales Executive,2,Married,6825,21173,6,Y,No,11,3,4,80,1,10,2,3,9,7,4,2,Company Website
42,Current employee,Travel_Rarely,916,Research & Development,17,2,Life Sciences,1,2193,125648,1,Female,43,3,3,Sales Executive,4,Single,9208,6645,4,Y,No,11,3,4,80,0,16,3,3,2,2,2,1,Seek
42,Current employee,Travel_Rarely,916,Research & Development,17,2,Medical,1,2195,125650,1,Female,43,3,3,Sales Executive,4,Single,9208,6645,7,Y,No,11,3,4,80,0,16,3,3,2,2,2,1,Seek
42,Current employee,Travel_Rarely,916,Research & Development,17,2,Life Sciences,1,2196,125651,1,Female,43,3,3,Sales Executive,4,Single,9208,6645,4,Y,No,11,3,4,80,0,16,3,3,2,2,2,1,Seek
42,Current employee,Travel_Rarely,916,Research & Development,17,2,Medical,1,2197,125652,1,Female,43,3,3,Sales Executive,4,Single,9208,6645,7,Y,No,11,3,4,80,0,16,3,3,2,2,2,1,Seek
42,Current employee,Travel_Rarely,916,Research & Development,17,2,Life Sciences,1,2201,125656,1,Female,43,3,3,Sales Executive,4,Single,9208,6645,4,Y,No,11,3,4,80,0,16,3,3,2,2,2,1,Seek
42,Current employee,Travel_Rarely,916,Research & Development,17,2,Medical,1,2203,125658,1,Female,43,3,3,Sales Executive,4,Single,9208,6645,7,Y,No,11,3,4,80,0,16,3,3,2,2,2,1,Seek
42,Current employee,Travel_Rarely,916,Research & Development,17,2,Life Sciences,1,2204,125659,1,Female,43,3,3,Sales Executive,4,Single,9208,6645,4,Y,No,11,3,4,80,0,16,3,3,2,2,2,1,Seek
42,Current employee,Travel_Rarely,916,Research & Development,17,2,Medical,1,2205,125660,1,Female,43,3,3,Sales Executive,4,Single,9208,6645,7,Y,No,11,3,4,80,0,16,3,3,2,2,2,1,Seek
42,Current employee,Travel_Rarely,635,Sales,1,1,Life Sciences,1,2382,125837,1,Female,43,3,1,Research Scientist,3,Single,2632,23910,1,Y,No,14,3,3,80,0,5,4,2,5,4,0,4,Jora
42,Current employee,Travel_Rarely,635,Sales,1,1,Life Sciences,1,2383,125838,1,Female,43,3,1,Research Scientist,3,Single,2632,23910,2,Y,No,14,3,3,80,0,5,4,2,5,4,0,4,Jora
42,Current employee,Travel_Rarely,635,Sales,1,1,Life Sciences,1,2387,125842,1,Female,43,3,1,Research Scientist,3,Single,2632,23910,1,Y,No,14,3,3,80,0,5,4,2,5,4,0,4,Jora
42,Current employee,Travel_Rarely,635,Sales,1,1,Life Sciences,1,2388,125843,1,Female,43,3,1,Research Scientist,3,Single,2632,23910,2,Y,No,14,3,3,80,0,5,4,2,5,4,0,4,Jora
42,Current employee,Travel_Rarely,635,Sales,1,1,Life Sciences,1,2390,125845,1,Female,43,3,1,Research Scientist,3,Single,2632,23910,1,Y,No,14,3,3,80,0,5,4,2,5,4,0,4,Jora
42,Current employee,Travel_Rarely,635,Sales,1,1,Life Sciences,1,2391,125846,1,Female,43,3,1,Research Scientist,3,Single,2632,23910,2,Y,No,14,3,3,80,0,5,4,2,5,4,0,4,Jora
42,Current employee,Travel_Rarely,635,Sales,1,1,Life Sciences,1,2395,125850,1,Female,43,3,1,Research Scientist,3,Single,2632,23910,1,Y,No,14,3,3,80,0,5,4,2,5,4,0,4,Jora
42,Current employee,Travel_Rarely,635,Sales,1,1,Life Sciences,1,2396,125851,1,Female,43,3,1,Research Scientist,3,Single,2632,23910,2,Y,No,14,3,3,80,0,5,4,2,5,4,0,4,Jora
42,Current employee,Travel_Rarely,810,Research & Development,23,5,Life Sciences,1,2801,126256,1,Male,45,3,1,Research Scientist,2,Married,3058,13364,0,Y,Yes,16,3,4,80,1,6,3,2,5,2,1,1,Adzuna
42,Current employee,Travel_Rarely,810,Research & Development,23,5,Other,1,2803,126258,1,Male,45,3,1,Research Scientist,2,Married,3058,13364,4,Y,Yes,16,3,4,80,1,6,3,2,5,2,1,1,Adzuna
42,Current employee,Travel_Rarely,810,Research & Development,23,5,Life Sciences,1,2806,126261,1,Male,45,3,1,Research Scientist,2,Married,3058,13364,0,Y,Yes,16,3,4,80,1,6,3,2,5,2,1,1,Adzuna
42,Current employee,Travel_Rarely,810,Research & Development,23,5,Other,1,2807,126262,1,Male,45,3,1,Research Scientist,2,Married,3058,13364,4,Y,Yes,16,3,4,80,1,6,3,2,5,2,1,1,Adzuna
42,Current employee,Travel_Rarely,810,Research & Development,23,5,Life Sciences,1,2809,126264,1,Male,45,3,1,Research Scientist,2,Married,3058,13364,0,Y,Yes,16,3,4,80,1,6,3,2,5,2,1,1,Adzuna
42,Current employee,Travel_Rarely,810,Research & Development,23,5,Other,1,2811,126266,1,Male,45,3,1,Research Scientist,2,Married,3058,13364,4,Y,Yes,16,3,4,80,1,6,3,2,5,2,1,1,Adzuna
42,Current employee,Travel_Rarely,810,Research & Development,23,5,Life Sciences,1,2814,126269,1,Male,45,3,1,Research Scientist,2,Married,3058,13364,0,Y,Yes,16,3,4,80,1,6,3,2,5,2,1,1,Adzuna
42,Current employee,Travel_Rarely,810,Research & Development,23,5,Other,1,2815,126270,1,Male,45,3,1,Research Scientist,2,Married,3058,13364,4,Y,Yes,16,3,4,80,1,6,3,2,5,2,1,1,Adzuna
42,Current employee,Travel_Rarely,201,Research & Development,1,4,Life Sciences,1,3006,126461,1,Male,45,2,1,Laboratory Technician,3,Married,3690,3425,2,Y,No,15,3,4,80,1,5,2,2,3,2,0,2,Company Website
42,Current employee,Travel_Rarely,201,Research & Development,1,4,Life Sciences,1,3008,126463,1,Male,45,2,1,Laboratory Technician,3,Married,3690,3425,1,Y,No,15,4,4,80,1,5,2,2,3,2,0,2,Company Website
42,Current employee,Travel_Rarely,201,Research & Development,1,4,Life Sciences,1,3009,126464,1,Male,45,2,1,Laboratory Technician,3,Married,3690,3425,2,Y,No,15,3,4,80,1,5,2,2,3,2,0,2,Company Website
42,Current employee,Travel_Rarely,201,Research & Development,1,4,Life Sciences,1,3010,126465,1,Male,45,2,1,Laboratory Technician,3,Married,3690,3425,1,Y,No,15,3,4,80,1,5,2,2,3,2,0,2,Company Website
42,Current employee,Travel_Rarely,201,Research & Development,1,4,Life Sciences,1,3014,126469,1,Male,45,2,1,Laboratory Technician,3,Married,3690,3425,2,Y,No,15,3,4,80,1,5,2,2,3,2,0,2,Company Website
42,Current employee,Travel_Rarely,201,Research & Development,1,4,Life Sciences,1,3016,126471,1,Male,45,2,1,Laboratory Technician,3,Married,3690,3425,1,Y,No,15,4,4,80,1,5,2,2,3,2,0,2,Company Website
42,Current employee,Travel_Rarely,201,Research & Development,1,4,Life Sciences,1,3017,126472,1,Male,45,2,1,Laboratory Technician,3,Married,3690,3425,2,Y,No,15,3,4,80,1,5,2,2,3,2,0,2,Company Website
42,Current employee,Travel_Rarely,201,Research & Development,1,4,Life Sciences,1,3018,126473,1,Male,45,2,1,Laboratory Technician,3,Married,3690,3425,1,Y,No,15,3,4,80,1,5,2,2,3,2,0,2,Company Website
42,Current employee,Travel_Frequently,532,Research & Development,29,2,Life Sciences,1,3157,126612,1,Male,45,2,2,Manufacturing Director,3,Married,5916,15497,3,Y,Yes,13,3,1,80,0,8,1,3,1,0,0,1,Company Website
42,Current employee,Travel_Frequently,532,Research & Development,29,2,Technical Degree,1,3159,126614,1,Male,45,2,2,Manufacturing Director,3,Married,5916,15497,1,Y,Yes,13,3,1,80,0,8,1,3,1,0,0,1,Company Website
42,Current employee,Travel_Frequently,532,Research & Development,29,2,Life Sciences,1,3162,126617,1,Male,45,2,2,Manufacturing Director,3,Married,5916,15497,3,Y,Yes,13,3,1,80,0,8,1,3,1,0,0,1,Company Website
42,Current employee,Travel_Frequently,532,Research & Development,29,2,Technical Degree,1,3163,126618,1,Male,45,2,2,Manufacturing Director,3,Married,5916,15497,1,Y,Yes,13,3,1,80,0,8,1,3,1,0,0,1,Company Website
42,Current employee,Travel_Frequently,532,Research & Development,29,2,Life Sciences,1,3165,126620,1,Male,45,2,2,Manufacturing Director,3,Married,5916,15497,3,Y,Yes,13,3,1,80,0,8,1,3,1,0,0,1,Company Website
42,Current employee,Travel_Frequently,532,Research & Development,29,2,Technical Degree,1,3167,126622,1,Male,45,2,2,Manufacturing Director,3,Married,5916,15497,1,Y,Yes,13,3,1,80,0,8,1,3,1,0,0,1,Company Website
42,Current employee,Travel_Frequently,532,Research & Development,29,2,Life Sciences,1,3170,126625,1,Male,45,2,2,Manufacturing Director,3,Married,5916,15497,3,Y,Yes,13,3,1,80,0,8,1,3,1,0,0,1,Company Website
42,Current employee,Travel_Frequently,532,Research & Development,29,2,Technical Degree,1,3171,126626,1,Male,45,2,2,Manufacturing Director,3,Married,5916,15497,1,Y,Yes,13,3,1,80,0,8,1,3,1,0,0,1,Company Website
42,Current employee,Non-Travel,926,Research & Development,21,2,Medical,1,3235,126690,3,Female,36,3,2,Manufacturing Director,3,Divorced,5265,16439,2,Y,No,16,3,2,80,1,11,5,3,5,3,0,2,Adzuna
42,Current employee,Non-Travel,926,Research & Development,21,2,Other,1,3237,126692,3,Female,36,3,2,Manufacturing Director,3,Divorced,5265,16439,1,Y,No,16,3,2,80,1,11,5,3,5,3,0,2,Adzuna
42,Current employee,Non-Travel,926,Research & Development,21,2,Medical,1,3241,126696,3,Female,36,3,2,Manufacturing Director,3,Divorced,5265,16439,2,Y,No,16,3,2,80,1,11,5,3,5,3,0,2,Adzuna
42,Current employee,Non-Travel,926,Research & Development,21,2,Other,1,3242,126697,3,Female,36,3,2,Manufacturing Director,3,Divorced,5265,16439,1,Y,No,16,3,2,80,1,11,5,3,5,3,0,2,Adzuna
42,Current employee,Non-Travel,926,Research & Development,21,2,Medical,1,3243,126698,3,Female,36,3,2,Manufacturing Director,3,Divorced,5265,16439,2,Y,No,16,3,2,80,1,11,5,3,5,3,0,2,Adzuna
42,Current employee,Non-Travel,926,Research & Development,21,2,Other,1,3245,126700,3,Female,36,3,2,Manufacturing Director,3,Divorced,5265,16439,1,Y,No,16,3,2,80,1,11,5,3,5,3,0,2,Adzuna
42,Current employee,Non-Travel,926,Research & Development,21,2,Medical,1,3249,126704,3,Female,36,3,2,Manufacturing Director,3,Divorced,5265,16439,2,Y,No,16,3,2,80,1,11,5,3,5,3,0,2,Adzuna
42,Current employee,Non-Travel,926,Research & Development,21,2,Other,1,3250,126705,3,Female,36,3,2,Manufacturing Director,3,Divorced,5265,16439,1,Y,No,16,3,2,80,1,11,5,3,5,3,0,2,Adzuna
42,Current employee,Travel_Rarely,622,Research & Development,2,4,Life Sciences,1,3638,127093,1,Male,47,3,3,Research Director,4,Divorced,12185,10056,1,Y,Yes,14,4,3,80,3,10,1,3,10,8,0,7,Company Website
42,Current employee,Travel_Rarely,622,Research & Development,2,4,Life Sciences,1,3639,127094,1,Male,47,3,3,Research Director,4,Divorced,12185,10056,1,Y,Yes,14,3,3,80,3,10,1,3,10,8,0,7,Company Website
42,Current employee,Travel_Rarely,622,Research & Development,2,4,Life Sciences,1,3643,127098,1,Male,47,3,3,Research Director,4,Divorced,12185,10056,1,Y,Yes,14,3,3,80,3,10,1,3,10,8,0,7,Company Website
42,Current employee,Travel_Rarely,622,Research & Development,2,4,Life Sciences,1,3644,127099,1,Male,47,3,3,Research Director,4,Divorced,12185,10056,1,Y,Yes,14,3,3,80,3,10,1,3,10,8,0,7,Company Website
42,Current employee,Travel_Rarely,622,Research & Development,2,4,Life Sciences,1,3646,127101,1,Male,47,3,3,Research Director,4,Divorced,12185,10056,1,Y,Yes,14,4,3,80,3,10,1,3,10,8,0,7,Company Website
42,Current employee,Travel_Rarely,622,Research & Development,2,4,Life Sciences,1,3647,127102,1,Male,47,3,3,Research Director,4,Divorced,12185,10056,1,Y,Yes,14,3,3,80,3,10,1,3,10,8,0,7,Company Website
42,Current employee,Travel_Rarely,622,Research & Development,2,4,Life Sciences,1,3651,127106,1,Male,47,3,3,Research Director,4,Divorced,12185,10056,1,Y,Yes,14,3,3,80,3,10,1,3,10,8,0,7,Company Website
42,Current employee,Travel_Rarely,622,Research & Development,2,4,Life Sciences,1,3652,127107,1,Male,47,3,3,Research Director,4,Divorced,12185,10056,1,Y,Yes,14,3,3,80,3,10,1,3,10,8,0,7,Company Website
42,Current employee,Travel_Rarely,532,Research & Development,4,2,Technical Degree,1,3781,127236,3,Male,58,3,5,Manager,4,Married,19232,4933,1,Y,No,11,3,4,80,0,22,3,3,22,17,11,15,Seek
42,Current employee,Travel_Rarely,532,Research & Development,4,2,Life Sciences,1,3783,127238,3,Male,58,3,5,Manager,4,Married,19232,4933,1,Y,No,11,3,4,80,0,22,3,3,22,17,11,15,Seek
42,Current employee,Travel_Rarely,532,Research & Development,4,2,Technical Degree,1,3787,127242,3,Male,58,3,5,Manager,4,Married,19232,4933,1,Y,No,11,3,4,80,0,22,3,3,22,17,11,15,Seek
42,Current employee,Travel_Rarely,532,Research & Development,4,2,Life Sciences,1,3788,127243,3,Male,58,3,5,Manager,4,Married,19232,4933,1,Y,No,11,3,4,80,0,22,3,3,22,17,11,15,Seek
42,Current employee,Travel_Rarely,532,Research & Development,4,2,Technical Degree,1,3789,127244,3,Male,58,3,5,Manager,4,Married,19232,4933,1,Y,No,11,3,4,80,0,22,3,3,22,17,11,15,Seek
42,Current employee,Travel_Rarely,532,Research & Development,4,2,Life Sciences,1,3791,127246,3,Male,58,3,5,Manager,4,Married,19232,4933,1,Y,No,11,3,4,80,0,22,3,3,22,17,11,15,Seek
42,Current employee,Travel_Rarely,532,Research & Development,4,2,Technical Degree,1,3795,127250,3,Male,58,3,5,Manager,4,Married,19232,4933,1,Y,No,11,3,4,80,0,22,3,3,22,17,11,15,Seek
42,Current employee,Travel_Rarely,532,Research & Development,4,2,Life Sciences,1,3796,127251,3,Male,58,3,5,Manager,4,Married,19232,4933,1,Y,No,11,3,4,80,0,22,3,3,22,17,11,15,Seek
42,Current employee,Travel_Rarely,916,Research & Development,17,2,Life Sciences,1,4133,127588,4,Female,82,4,2,Research Scientist,1,Single,6545,23016,3,Y,Yes,13,4,3,80,0,10,1,3,3,2,0,2,Company Website
42,Current employee,Travel_Rarely,916,Research & Development,17,2,Medical,1,4135,127590,4,Female,82,4,2,Research Scientist,1,Single,6545,23016,3,Y,Yes,13,3,3,80,0,10,1,3,3,2,0,2,Company Website
42,Current employee,Travel_Rarely,916,Research & Development,17,2,Life Sciences,1,4137,127592,4,Female,82,4,2,Research Scientist,1,Single,6545,23016,3,Y,Yes,13,3,3,80,0,10,1,3,3,2,0,2,Company Website
42,Current employee,Travel_Rarely,916,Research & Development,17,2,Medical,1,4138,127593,4,Female,82,4,2,Research Scientist,1,Single,6545,23016,3,Y,Yes,13,3,3,80,0,10,1,3,3,2,0,2,Company Website
42,Current employee,Travel_Rarely,916,Research & Development,17,2,Life Sciences,1,4141,127596,4,Female,82,4,2,Research Scientist,1,Single,6545,23016,3,Y,Yes,13,4,3,80,0,10,1,3,3,2,0,2,Company Website
42,Current employee,Travel_Rarely,916,Research & Development,17,2,Medical,1,4143,127598,4,Female,82,4,2,Research Scientist,1,Single,6545,23016,3,Y,Yes,13,3,3,80,0,10,1,3,3,2,0,2,Company Website
42,Current employee,Travel_Rarely,916,Research & Development,17,2,Life Sciences,1,4145,127600,4,Female,82,4,2,Research Scientist,1,Single,6545,23016,3,Y,Yes,13,3,3,80,0,10,1,3,3,2,0,2,Company Website
42,Current employee,Travel_Rarely,916,Research & Development,17,2,Medical,1,4146,127601,4,Female,82,4,2,Research Scientist,1,Single,6545,23016,3,Y,Yes,13,3,3,80,0,10,1,3,3,2,0,2,Company Website
42,Current employee,Travel_Rarely,269,Research & Development,2,3,Medical,1,4181,127636,4,Female,56,2,1,Laboratory Technician,1,Divorced,2593,8007,0,Y,Yes,11,3,3,80,1,10,4,3,9,6,7,8,GlassDoor
42,Current employee,Travel_Rarely,269,Research & Development,2,3,Life Sciences,1,4184,127639,4,Female,56,2,1,Laboratory Technician,1,Divorced,2593,8007,1,Y,Yes,11,3,3,80,1,10,4,3,9,6,7,8,GlassDoor
42,Current employee,Travel_Rarely,269,Research & Development,2,3,Medical,1,4187,127642,4,Female,56,2,1,Laboratory Technician,1,Divorced,2593,8007,0,Y,Yes,11,3,3,80,1,10,4,3,9,6,7,8,GlassDoor
42,Current employee,Travel_Rarely,269,Research & Development,2,3,Life Sciences,1,4188,127643,4,Female,56,2,1,Laboratory Technician,1,Divorced,2593,8007,1,Y,Yes,11,3,3,80,1,10,4,3,9,6,7,8,GlassDoor
42,Current employee,Travel_Rarely,269,Research & Development,2,3,Medical,1,4189,127644,4,Female,56,2,1,Laboratory Technician,1,Divorced,2593,8007,0,Y,Yes,11,3,3,80,1,10,4,3,9,6,7,8,GlassDoor
42,Current employee,Travel_Rarely,269,Research & Development,2,3,Life Sciences,1,4192,127647,4,Female,56,2,1,Laboratory Technician,1,Divorced,2593,8007,1,Y,Yes,11,3,3,80,1,10,4,3,9,6,7,8,GlassDoor
42,Current employee,Travel_Rarely,269,Research & Development,2,3,Medical,1,4195,127650,4,Female,56,2,1,Laboratory Technician,1,Divorced,2593,8007,0,Y,Yes,11,3,3,80,1,10,4,3,9,6,7,8,GlassDoor
42,Current employee,Travel_Rarely,269,Research & Development,2,3,Life Sciences,1,4196,127651,4,Female,56,2,1,Laboratory Technician,1,Divorced,2593,8007,1,Y,Yes,11,3,3,80,1,10,4,3,9,6,7,8,GlassDoor
42,Current employee,Travel_Frequently,570,Research & Development,8,3,Life Sciences,1,4277,127732,1,Male,48,2,2,Laboratory Technician,1,Single,2176,19737,4,Y,No,13,3,4,80,0,9,5,3,6,2,0,4,Company Website
42,Current employee,Travel_Frequently,570,Research & Development,8,3,Medical,1,4279,127734,1,Male,48,2,2,Laboratory Technician,1,Single,2176,19737,1,Y,No,13,3,4,80,0,9,5,3,6,2,0,4,Company Website
42,Current employee,Travel_Frequently,570,Research & Development,8,3,Life Sciences,1,4282,127737,1,Male,48,2,2,Laboratory Technician,1,Single,2176,19737,4,Y,No,13,3,4,80,0,9,5,3,6,2,0,4,Company Website
42,Current employee,Travel_Frequently,570,Research & Development,8,3,Medical,1,4283,127738,1,Male,48,2,2,Laboratory Technician,1,Single,2176,19737,1,Y,No,13,3,4,80,0,9,5,3,6,2,0,4,Company Website
42,Current employee,Travel_Frequently,570,Research & Development,8,3,Life Sciences,1,4285,127740,1,Male,48,2,2,Laboratory Technician,1,Single,2176,19737,4,Y,No,13,3,4,80,0,9,5,3,6,2,0,4,Company Website
42,Current employee,Travel_Frequently,570,Research & Development,8,3,Medical,1,4287,127742,1,Male,48,2,2,Laboratory Technician,1,Single,2176,19737,1,Y,No,13,3,4,80,0,9,5,3,6,2,0,4,Company Website
42,Current employee,Travel_Frequently,570,Research & Development,8,3,Life Sciences,1,4290,127745,1,Male,48,2,2,Laboratory Technician,1,Single,2176,19737,4,Y,No,13,3,4,80,0,9,5,3,6,2,0,4,Company Website
42,Current employee,Travel_Frequently,570,Research & Development,8,3,Medical,1,4291,127746,1,Male,48,2,2,Laboratory Technician,1,Single,2176,19737,1,Y,No,13,3,4,80,0,9,5,3,6,2,0,4,Company Website
42,Current employee,Travel_Rarely,932,Research & Development,1,2,Life Sciences,1,4405,127860,1,Male,49,3,5,Manager,1,Single,19045,18938,0,Y,Yes,14,3,3,80,0,37,2,3,36,10,4,13,Seek
42,Current employee,Travel_Rarely,932,Research & Development,1,2,Life Sciences,1,4407,127862,1,Male,49,3,5,Manager,1,Single,19045,18938,1,Y,Yes,14,3,3,80,0,37,2,3,36,10,4,13,Seek
42,Current employee,Travel_Rarely,932,Research & Development,1,2,Life Sciences,1,4408,127863,1,Male,49,3,5,Manager,1,Single,19045,18938,0,Y,Yes,14,3,3,80,0,37,2,3,36,10,4,13,Seek
42,Current employee,Travel_Rarely,932,Research & Development,1,2,Life Sciences,1,4409,127864,1,Male,49,3,5,Manager,1,Single,19045,18938,1,Y,Yes,14,3,3,80,0,37,2,3,36,10,4,13,Seek
42,Current employee,Travel_Rarely,932,Research & Development,1,2,Life Sciences,1,4416,127871,1,Male,49,3,5,Manager,1,Single,19045,18938,0,Y,Yes,14,3,3,80,0,37,2,3,36,10,4,13,Seek
42,Current employee,Travel_Rarely,932,Research & Development,1,2,Life Sciences,1,4418,127873,1,Male,49,3,5,Manager,1,Single,19045,18938,1,Y,Yes,14,3,3,80,0,37,2,3,36,10,4,13,Seek
42,Current employee,Travel_Rarely,932,Research & Development,1,2,Life Sciences,1,4419,127874,1,Male,49,3,5,Manager,1,Single,19045,18938,0,Y,Yes,14,3,3,80,0,37,2,3,36,10,4,13,Seek
42,Current employee,Travel_Rarely,932,Research & Development,1,2,Life Sciences,1,4420,127875,1,Male,49,3,5,Manager,1,Single,19045,18938,1,Y,Yes,14,3,3,80,0,37,2,3,36,10,4,13,Seek
42,Current employee,Travel_Rarely,933,Research & Development,29,3,Life Sciences,1,4459,127914,1,Male,49,3,2,Sales Executive,4,Married,6502,22825,4,Y,No,14,3,2,80,1,7,5,4,5,4,0,1,Indeed
42,Current employee,Travel_Rarely,933,Research & Development,29,3,Technical Degree,1,4461,127916,1,Male,49,3,2,Sales Executive,4,Married,6502,22825,8,Y,No,14,3,2,80,1,7,5,4,5,4,0,1,Indeed
42,Current employee,Travel_Rarely,933,Research & Development,29,3,Life Sciences,1,4464,127919,1,Male,49,3,2,Sales Executive,4,Married,6502,22825,4,Y,No,14,3,2,80,1,7,5,4,5,4,0,1,Indeed
42,Current employee,Travel_Rarely,933,Research & Development,29,3,Technical Degree,1,4465,127920,1,Male,49,3,2,Sales Executive,4,Married,6502,22825,8,Y,No,14,3,2,80,1,7,5,4,5,4,0,1,Indeed
42,Current employee,Travel_Rarely,933,Research & Development,29,3,Life Sciences,1,4467,127922,1,Male,49,3,2,Sales Executive,4,Married,6502,22825,4,Y,No,14,3,2,80,1,7,5,4,5,4,0,1,Indeed
42,Current employee,Travel_Rarely,933,Research & Development,29,3,Technical Degree,1,4469,127924,1,Male,49,3,2,Sales Executive,4,Married,6502,22825,8,Y,No,14,3,2,80,1,7,5,4,5,4,0,1,Indeed
42,Current employee,Travel_Rarely,933,Research & Development,29,3,Life Sciences,1,4472,127927,1,Male,49,3,2,Sales Executive,4,Married,6502,22825,4,Y,No,14,3,2,80,1,7,5,4,5,4,0,1,Indeed
42,Current employee,Travel_Rarely,933,Research & Development,29,3,Technical Degree,1,4473,127928,1,Male,49,3,2,Sales Executive,4,Married,6502,22825,8,Y,No,14,3,2,80,1,7,5,4,5,4,0,1,Indeed
42,Current employee,Travel_Rarely,635,Sales,1,1,Life Sciences,1,4586,128041,2,Male,99,3,2,Sales Executive,3,Married,4907,24532,1,Y,No,25,3,3,80,0,20,3,3,20,16,11,6,Seek
42,Current employee,Travel_Rarely,635,Sales,1,1,Human Resources,1,4588,128043,2,Male,99,3,2,Sales Executive,3,Married,4907,24532,4,Y,No,25,3,3,80,0,20,3,3,20,16,11,6,Seek
42,Current employee,Travel_Rarely,635,Sales,1,1,Life Sciences,1,4590,128045,2,Male,99,3,2,Sales Executive,3,Married,4907,24532,1,Y,No,25,4,3,80,0,20,3,3,20,16,11,6,Seek
42,Current employee,Travel_Rarely,635,Sales,1,1,Human Resources,1,4591,128046,2,Male,99,3,2,Sales Executive,3,Married,4907,24532,4,Y,No,25,4,3,80,0,20,3,3,20,16,11,6,Seek
42,Current employee,Travel_Rarely,635,Sales,1,1,Life Sciences,1,4594,128049,2,Male,99,3,2,Sales Executive,3,Married,4907,24532,1,Y,No,25,3,3,80,0,20,3,3,20,16,11,6,Seek
42,Current employee,Travel_Rarely,635,Sales,1,1,Human Resources,1,4596,128051,2,Male,99,3,2,Sales Executive,3,Married,4907,24532,4,Y,No,25,3,3,80,0,20,3,3,20,16,11,6,Seek
42,Current employee,Travel_Rarely,635,Sales,1,1,Life Sciences,1,4598,128053,2,Male,99,3,2,Sales Executive,3,Married,4907,24532,1,Y,No,25,4,3,80,0,20,3,3,20,16,11,6,Seek
42,Current employee,Travel_Rarely,635,Sales,1,1,Human Resources,1,4599,128054,2,Male,99,3,2,Sales Executive,3,Married,4907,24532,4,Y,No,25,4,3,80,0,20,3,3,20,16,11,6,Seek
42,Current employee,Travel_Rarely,1265,Research & Development,3,3,Life Sciences,1,4705,128160,2,Male,49,3,1,Laboratory Technician,2,Divorced,2373,14180,2,Y,Yes,13,3,4,80,1,5,2,3,3,2,0,2,Recruit.net
42,Current employee,Travel_Rarely,1265,Research & Development,3,3,Life Sciences,1,4706,128161,2,Male,49,3,1,Laboratory Technician,2,Divorced,2373,14180,1,Y,Yes,13,3,4,80,1,5,2,3,3,2,0,2,Recruit.net
42,Current employee,Travel_Rarely,1265,Research & Development,3,3,Life Sciences,1,4710,128165,2,Male,49,3,1,Laboratory Technician,2,Divorced,2373,14180,2,Y,Yes,13,3,4,80,1,5,2,3,3,2,0,2,Recruit.net
42,Current employee,Travel_Rarely,1265,Research & Development,3,3,Life Sciences,1,4711,128166,2,Male,49,3,1,Laboratory Technician,2,Divorced,2373,14180,1,Y,Yes,13,3,4,80,1,5,2,3,3,2,0,2,Recruit.net
42,Current employee,Travel_Rarely,1265,Research & Development,3,3,Life Sciences,1,4712,128167,2,Male,49,3,1,Laboratory Technician,2,Divorced,2373,14180,2,Y,Yes,13,3,4,80,1,5,2,3,3,2,0,2,Recruit.net
42,Current employee,Travel_Rarely,1265,Research & Development,3,3,Life Sciences,1,4713,128168,2,Male,49,3,1,Laboratory Technician,2,Divorced,2373,14180,1,Y,Yes,13,3,4,80,1,5,2,3,3,2,0,2,Recruit.net
42,Current employee,Travel_Rarely,1265,Research & Development,3,3,Life Sciences,1,4717,128172,2,Male,49,3,1,Laboratory Technician,2,Divorced,2373,14180,2,Y,Yes,13,3,4,80,1,5,2,3,3,2,0,2,Recruit.net
42,Current employee,Travel_Rarely,1265,Research & Development,3,3,Life Sciences,1,4718,128173,2,Male,49,3,1,Laboratory Technician,2,Divorced,2373,14180,1,Y,Yes,13,3,4,80,1,5,2,3,3,2,0,2,Recruit.net
42,Current employee,Travel_Frequently,555,Sales,26,3,Marketing,1,4808,128263,3,Female,77,3,4,Sales Executive,2,Married,13525,14864,5,Y,No,14,3,4,80,1,23,2,4,20,4,4,8,Company Website
42,Current employee,Travel_Frequently,555,Sales,26,3,Technical Degree,1,4811,128266,3,Female,77,3,4,Sales Executive,2,Married,13525,14864,7,Y,No,14,3,4,80,1,23,2,4,20,4,4,8,Company Website
42,Current employee,Travel_Frequently,555,Sales,26,3,Marketing,1,4812,128267,3,Female,77,3,4,Sales Executive,2,Married,13525,14864,5,Y,No,14,3,4,80,1,23,2,4,20,4,4,8,Company Website
42,Current employee,Travel_Frequently,555,Sales,26,3,Technical Degree,1,4813,128268,3,Female,77,3,4,Sales Executive,2,Married,13525,14864,7,Y,No,14,3,4,80,1,23,2,4,20,4,4,8,Company Website
42,Current employee,Travel_Frequently,555,Sales,26,3,Technical Degree,1,4818,128273,3,Female,77,3,4,Sales Executive,2,Married,13525,14864,7,Y,No,14,3,4,80,1,23,2,4,20,4,4,8,Company Website
42,Current employee,Travel_Frequently,555,Sales,26,3,Marketing,1,4819,128274,3,Female,77,3,4,Sales Executive,2,Married,13525,14864,5,Y,No,14,3,4,80,1,23,2,4,20,4,4,8,Company Website
42,Current employee,Travel_Frequently,555,Sales,26,3,Technical Degree,1,4820,128275,3,Female,77,3,4,Sales Executive,2,Married,13525,14864,7,Y,No,14,3,4,80,1,23,2,4,20,4,4,8,Company Website
42,Current employee,Travel_Rarely,810,Research & Development,23,5,Life Sciences,1,5638,129093,1,Female,44,3,4,Research Director,4,Single,15992,15901,2,Y,No,14,3,2,80,0,16,2,3,1,0,0,0,Jora
42,Current employee,Travel_Rarely,810,Research & Development,23,5,Other,1,5641,129096,1,Female,44,3,4,Research Director,4,Single,15992,15901,2,Y,No,14,3,2,80,0,16,2,3,1,0,0,0,Jora
42,Current employee,Travel_Rarely,810,Research & Development,23,5,Life Sciences,1,5644,129099,1,Female,44,3,4,Research Director,4,Single,15992,15901,2,Y,No,14,3,2,80,0,16,2,3,1,0,0,0,Jora
42,Current employee,Travel_Rarely,810,Research & Development,23,5,Other,1,5645,129100,1,Female,44,3,4,Research Director,4,Single,15992,15901,2,Y,No,14,3,2,80,0,16,2,3,1,0,0,0,Jora
42,Current employee,Travel_Rarely,810,Research & Development,23,5,Life Sciences,1,5646,129101,1,Female,44,3,4,Research Director,4,Single,15992,15901,2,Y,No,14,3,2,80,0,16,2,3,1,0,0,0,Jora
42,Current employee,Travel_Rarely,810,Research & Development,23,5,Other,1,5649,129104,1,Female,44,3,4,Research Director,4,Single,15992,15901,2,Y,No,14,3,2,80,0,16,2,3,1,0,0,0,Jora
42,Current employee,Travel_Rarely,810,Research & Development,23,5,Life Sciences,1,5652,129107,1,Female,44,3,4,Research Director,4,Single,15992,15901,2,Y,No,14,3,2,80,0,16,2,3,1,0,0,0,Jora
42,Current employee,Travel_Rarely,810,Research & Development,23,5,Other,1,5653,129108,1,Female,44,3,4,Research Director,4,Single,15992,15901,2,Y,No,14,3,2,80,0,16,2,3,1,0,0,0,Jora
42,Current employee,Travel_Rarely,544,Human Resources,2,1,Technical Degree,1,5670,129125,3,Male,52,3,1,Human Resources,3,Divorced,2696,24017,0,Y,Yes,11,3,3,80,1,4,5,3,3,2,1,0,Recruit.net
42,Current employee,Travel_Rarely,544,Human Resources,2,1,Life Sciences,1,5672,129127,3,Male,52,3,1,Human Resources,3,Divorced,2696,24017,0,Y,Yes,11,3,3,80,1,4,5,3,3,2,1,0,Recruit.net
42,Current employee,Travel_Rarely,544,Human Resources,2,1,Technical Degree,1,5676,129131,3,Male,52,3,1,Human Resources,3,Divorced,2696,24017,0,Y,Yes,11,3,3,80,1,4,5,3,3,2,1,0,Recruit.net
42,Current employee,Travel_Rarely,544,Human Resources,2,1,Life Sciences,1,5677,129132,3,Male,52,3,1,Human Resources,3,Divorced,2696,24017,0,Y,Yes,11,3,3,80,1,4,5,3,3,2,1,0,Recruit.net
42,Current employee,Travel_Rarely,544,Human Resources,2,1,Technical Degree,1,5678,129133,3,Male,52,3,1,Human Resources,3,Divorced,2696,24017,0,Y,Yes,11,3,3,80,1,4,5,3,3,2,1,0,Recruit.net
42,Current employee,Travel_Rarely,544,Human Resources,2,1,Life Sciences,1,5680,129135,3,Male,52,3,1,Human Resources,3,Divorced,2696,24017,0,Y,Yes,11,3,3,80,1,4,5,3,3,2,1,0,Recruit.net
42,Current employee,Travel_Rarely,544,Human Resources,2,1,Technical Degree,1,5684,129139,3,Male,52,3,1,Human Resources,3,Divorced,2696,24017,0,Y,Yes,11,3,3,80,1,4,5,3,3,2,1,0,Recruit.net
42,Current employee,Travel_Rarely,544,Human Resources,2,1,Life Sciences,1,5685,129140,3,Male,52,3,1,Human Resources,3,Divorced,2696,24017,0,Y,Yes,11,3,3,80,1,4,5,3,3,2,1,0,Recruit.net
42,Current employee,Travel_Rarely,1332,Research & Development,2,4,Other,1,5765,129220,1,Male,98,2,2,Healthcare Representative,4,Single,6781,17078,3,Y,No,23,3,2,80,0,14,6,3,1,0,0,0,Jora
42,Current employee,Travel_Rarely,1332,Research & Development,2,4,Life Sciences,1,5767,129222,1,Male,98,2,2,Healthcare Representative,4,Single,6781,17078,0,Y,No,23,3,2,80,0,14,6,3,1,0,0,0,Jora
42,Current employee,Travel_Rarely,1332,Research & Development,2,4,Other,1,5769,129224,1,Male,98,2,2,Healthcare Representative,4,Single,6781,17078,3,Y,No,23,4,2,80,0,14,6,3,1,0,0,0,Jora
42,Current employee,Travel_Rarely,1332,Research & Development,2,4,Life Sciences,1,5770,129225,1,Male,98,2,2,Healthcare Representative,4,Single,6781,17078,0,Y,No,23,4,2,80,0,14,6,3,1,0,0,0,Jora
42,Current employee,Travel_Rarely,1332,Research & Development,2,4,Other,1,5773,129228,1,Male,98,2,2,Healthcare Representative,4,Single,6781,17078,3,Y,No,23,3,2,80,0,14,6,3,1,0,0,0,Jora
42,Current employee,Travel_Rarely,1332,Research & Development,2,4,Life Sciences,1,5775,129230,1,Male,98,2,2,Healthcare Representative,4,Single,6781,17078,0,Y,No,23,3,2,80,0,14,6,3,1,0,0,0,Jora
42,Current employee,Travel_Rarely,1332,Research & Development,2,4,Other,1,5777,129232,1,Male,98,2,2,Healthcare Representative,4,Single,6781,17078,3,Y,No,23,4,2,80,0,14,6,3,1,0,0,0,Jora
42,Current employee,Travel_Rarely,1332,Research & Development,2,4,Life Sciences,1,5778,129233,1,Male,98,2,2,Healthcare Representative,4,Single,6781,17078,0,Y,No,23,4,2,80,0,14,6,3,1,0,0,0,Jora
42,Current employee,Travel_Rarely,201,Research & Development,1,4,Life Sciences,1,6279,129734,2,Female,95,3,1,Laboratory Technician,1,Divorced,2576,20490,3,Y,No,16,3,2,80,1,8,5,3,5,2,1,2,Seek
42,Current employee,Travel_Rarely,201,Research & Development,1,4,Life Sciences,1,6281,129736,2,Female,95,3,1,Laboratory Technician,1,Divorced,2576,20490,0,Y,No,16,3,2,80,1,8,5,3,5,2,1,2,Seek
42,Current employee,Travel_Rarely,201,Research & Development,1,4,Life Sciences,1,6285,129740,2,Female,95,3,1,Laboratory Technician,1,Divorced,2576,20490,3,Y,No,16,3,2,80,1,8,5,3,5,2,1,2,Seek
42,Current employee,Travel_Rarely,201,Research & Development,1,4,Life Sciences,1,6286,129741,2,Female,95,3,1,Laboratory Technician,1,Divorced,2576,20490,0,Y,No,16,3,2,80,1,8,5,3,5,2,1,2,Seek
42,Current employee,Travel_Rarely,201,Research & Development,1,4,Life Sciences,1,6287,129742,2,Female,95,3,1,Laboratory Technician,1,Divorced,2576,20490,3,Y,No,16,3,2,80,1,8,5,3,5,2,1,2,Seek
42,Current employee,Travel_Rarely,201,Research & Development,1,4,Life Sciences,1,6289,129744,2,Female,95,3,1,Laboratory Technician,1,Divorced,2576,20490,0,Y,No,16,3,2,80,1,8,5,3,5,2,1,2,Seek
42,Current employee,Travel_Rarely,201,Research & Development,1,4,Life Sciences,1,6293,129748,2,Female,95,3,1,Laboratory Technician,1,Divorced,2576,20490,3,Y,No,16,3,2,80,1,8,5,3,5,2,1,2,Seek
42,Current employee,Travel_Rarely,201,Research & Development,1,4,Life Sciences,1,6294,129749,2,Female,95,3,1,Laboratory Technician,1,Divorced,2576,20490,0,Y,No,16,3,2,80,1,8,5,3,5,2,1,2,Seek
42,Current employee,Travel_Frequently,532,Research & Development,29,2,Life Sciences,1,6609,130064,1,Female,92,3,2,Research Scientist,3,Divorced,4556,12932,2,Y,No,11,3,2,80,1,19,3,3,5,4,0,2,GlassDoor
42,Current employee,Travel_Frequently,532,Research & Development,29,2,Technical Degree,1,6612,130067,1,Female,92,3,2,Research Scientist,3,Divorced,4556,12932,4,Y,No,11,3,2,80,1,19,3,3,5,4,0,2,GlassDoor
42,Current employee,Travel_Frequently,532,Research & Development,29,2,Life Sciences,1,6615,130070,1,Female,92,3,2,Research Scientist,3,Divorced,4556,12932,2,Y,No,11,3,2,80,1,19,3,3,5,4,0,2,GlassDoor
42,Current employee,Travel_Frequently,532,Research & Development,29,2,Technical Degree,1,6616,130071,1,Female,92,3,2,Research Scientist,3,Divorced,4556,12932,4,Y,No,11,3,2,80,1,19,3,3,5,4,0,2,GlassDoor
42,Current employee,Travel_Frequently,532,Research & Development,29,2,Life Sciences,1,6617,130072,1,Female,92,3,2,Research Scientist,3,Divorced,4556,12932,2,Y,No,11,3,2,80,1,19,3,3,5,4,0,2,GlassDoor
42,Current employee,Travel_Frequently,532,Research & Development,29,2,Technical Degree,1,6620,130075,1,Female,92,3,2,Research Scientist,3,Divorced,4556,12932,4,Y,No,11,3,2,80,1,19,3,3,5,4,0,2,GlassDoor
42,Current employee,Travel_Frequently,532,Research & Development,29,2,Life Sciences,1,6623,130078,1,Female,92,3,2,Research Scientist,3,Divorced,4556,12932,2,Y,No,11,3,2,80,1,19,3,3,5,4,0,2,GlassDoor
42,Current employee,Travel_Frequently,532,Research & Development,29,2,Technical Degree,1,6624,130079,1,Female,92,3,2,Research Scientist,3,Divorced,4556,12932,4,Y,No,11,3,2,80,1,19,3,3,5,4,0,2,GlassDoor
42,Current employee,Travel_Frequently,1368,Research & Development,28,4,Technical Degree,1,6671,130126,4,Female,88,2,2,Healthcare Representative,4,Married,4523,4386,0,Y,No,11,4,4,80,3,7,4,4,6,5,0,4,Company Website
42,Current employee,Travel_Frequently,1368,Research & Development,28,4,Technical Degree,1,6674,130129,4,Female,88,2,2,Healthcare Representative,4,Married,4523,4386,0,Y,No,11,4,4,80,3,7,4,4,6,5,0,4,Company Website
42,Current employee,Travel_Frequently,1368,Research & Development,28,4,Technical Degree,1,6675,130130,4,Female,88,2,2,Healthcare Representative,4,Married,4523,4386,0,Y,No,11,3,4,80,3,7,4,4,6,5,0,4,Company Website
42,Current employee,Travel_Frequently,1368,Research & Development,28,4,Technical Degree,1,6676,130131,4,Female,88,2,2,Healthcare Representative,4,Married,4523,4386,0,Y,No,11,3,4,80,3,7,4,4,6,5,0,4,Company Website
42,Current employee,Travel_Frequently,1368,Research & Development,28,4,Technical Degree,1,6681,130136,4,Female,88,2,2,Healthcare Representative,4,Married,4523,4386,0,Y,No,11,4,4,80,3,7,4,4,6,5,0,4,Company Website
42,Current employee,Travel_Frequently,1368,Research & Development,28,4,Technical Degree,1,6682,130137,4,Female,88,2,2,Healthcare Representative,4,Married,4523,4386,0,Y,No,11,3,4,80,3,7,4,4,6,5,0,4,Company Website
42,Current employee,Travel_Frequently,1368,Research & Development,28,4,Technical Degree,1,6683,130138,4,Female,88,2,2,Healthcare Representative,4,Married,4523,4386,0,Y,No,11,3,4,80,3,7,4,4,6,5,0,4,Company Website
42,Current employee,Non-Travel,495,Research & Development,2,1,Life Sciences,1,6792,130247,2,Female,56,2,1,Research Scientist,2,Married,2546,18300,5,Y,No,16,3,2,80,0,6,2,4,2,2,1,1,GlassDoor
42,Current employee,Non-Travel,495,Research & Development,2,1,Life Sciences,1,6793,130248,2,Female,56,2,1,Research Scientist,2,Married,2546,18300,2,Y,No,16,3,2,80,0,6,2,4,2,2,1,1,GlassDoor
42,Current employee,Non-Travel,495,Research & Development,2,1,Life Sciences,1,6797,130252,2,Female,56,2,1,Research Scientist,2,Married,2546,18300,5,Y,No,16,3,2,80,0,6,2,4,2,2,1,1,GlassDoor
42,Current employee,Non-Travel,495,Research & Development,2,1,Life Sciences,1,6798,130253,2,Female,56,2,1,Research Scientist,2,Married,2546,18300,2,Y,No,16,3,2,80,0,6,2,4,2,2,1,1,GlassDoor
42,Current employee,Non-Travel,495,Research & Development,2,1,Life Sciences,1,6799,130254,2,Female,56,2,1,Research Scientist,2,Married,2546,18300,5,Y,No,16,3,2,80,0,6,2,4,2,2,1,1,GlassDoor
42,Current employee,Non-Travel,495,Research & Development,2,1,Life Sciences,1,6800,130255,2,Female,56,2,1,Research Scientist,2,Married,2546,18300,2,Y,No,16,3,2,80,0,6,2,4,2,2,1,1,GlassDoor
42,Current employee,Non-Travel,495,Research & Development,2,1,Life Sciences,1,6804,130259,2,Female,56,2,1,Research Scientist,2,Married,2546,18300,5,Y,No,16,3,2,80,0,6,2,4,2,2,1,1,GlassDoor
42,Current employee,Non-Travel,495,Research & Development,2,1,Life Sciences,1,6805,130260,2,Female,56,2,1,Research Scientist,2,Married,2546,18300,2,Y,No,16,3,2,80,0,6,2,4,2,2,1,1,GlassDoor
42,Current employee,Travel_Frequently,1474,Research & Development,5,2,Other,1,7089,130544,2,Male,97,3,1,Laboratory Technician,3,Married,2093,9260,4,Y,No,17,3,4,80,1,8,4,3,2,2,2,0,Recruit.net
42,Current employee,Travel_Frequently,1474,Research & Development,5,2,Life Sciences,1,7091,130546,2,Male,97,3,1,Laboratory Technician,3,Married,2093,9260,1,Y,No,17,3,4,80,1,8,4,3,2,2,2,0,Recruit.net
42,Current employee,Travel_Frequently,1474,Research & Development,5,2,Other,1,7095,130550,2,Male,97,3,1,Laboratory Technician,3,Married,2093,9260,4,Y,No,17,3,4,80,1,8,4,3,2,2,2,0,Recruit.net
42,Current employee,Travel_Frequently,1474,Research & Development,5,2,Life Sciences,1,7096,130551,2,Male,97,3,1,Laboratory Technician,3,Married,2093,9260,1,Y,No,17,3,4,80,1,8,4,3,2,2,2,0,Recruit.net
42,Current employee,Travel_Frequently,1474,Research & Development,5,2,Other,1,7097,130552,2,Male,97,3,1,Laboratory Technician,3,Married,2093,9260,4,Y,No,17,3,4,80,1,8,4,3,2,2,2,0,Recruit.net
42,Current employee,Travel_Frequently,1474,Research & Development,5,2,Life Sciences,1,7099,130554,2,Male,97,3,1,Laboratory Technician,3,Married,2093,9260,1,Y,No,17,3,4,80,1,8,4,3,2,2,2,0,Recruit.net
42,Current employee,Travel_Frequently,1474,Research & Development,5,2,Other,1,7102,130557,2,Male,97,3,1,Laboratory Technician,3,Married,2093,9260,4,Y,No,17,3,4,80,1,8,4,3,2,2,2,0,Recruit.net
42,Current employee,Travel_Frequently,1474,Research & Development,5,2,Life Sciences,1,7103,130558,2,Male,97,3,1,Laboratory Technician,3,Married,2093,9260,1,Y,No,17,3,4,80,1,8,4,3,2,2,2,0,Recruit.net
42,Current employee,Travel_Rarely,319,Research & Development,24,3,Medical,1,7253,130708,4,Male,56,3,3,Manufacturing Director,1,Married,7406,6950,1,Y,Yes,21,3,4,80,1,10,5,2,10,9,5,8,Company Website
42,Current employee,Travel_Rarely,319,Research & Development,24,3,Other,1,7256,130711,4,Male,56,3,3,Manufacturing Director,1,Married,7406,6950,1,Y,Yes,21,3,4,80,1,10,5,2,10,9,5,8,Company Website
42,Current employee,Travel_Rarely,319,Research & Development,24,3,Medical,1,7259,130714,4,Male,56,3,3,Manufacturing Director,1,Married,7406,6950,1,Y,Yes,21,4,4,80,1,10,5,2,10,9,5,8,Company Website
42,Current employee,Travel_Rarely,319,Research & Development,24,3,Other,1,7260,130715,4,Male,56,3,3,Manufacturing Director,1,Married,7406,6950,1,Y,Yes,21,4,4,80,1,10,5,2,10,9,5,8,Company Website
42,Current employee,Travel_Rarely,319,Research & Development,24,3,Medical,1,7261,130716,4,Male,56,3,3,Manufacturing Director,1,Married,7406,6950,1,Y,Yes,21,3,4,80,1,10,5,2,10,9,5,8,Company Website
42,Current employee,Travel_Rarely,319,Research & Development,24,3,Other,1,7264,130719,4,Male,56,3,3,Manufacturing Director,1,Married,7406,6950,1,Y,Yes,21,3,4,80,1,10,5,2,10,9,5,8,Company Website
42,Current employee,Travel_Rarely,319,Research & Development,24,3,Medical,1,7267,130722,4,Male,56,3,3,Manufacturing Director,1,Married,7406,6950,1,Y,Yes,21,4,4,80,1,10,5,2,10,9,5,8,Company Website
42,Current employee,Travel_Rarely,319,Research & Development,24,3,Other,1,7268,130723,4,Male,56,3,3,Manufacturing Director,1,Married,7406,6950,1,Y,Yes,21,4,4,80,1,10,5,2,10,9,5,8,Company Website
42,Current employee,Travel_Frequently,288,Research & Development,2,3,Life Sciences,1,7715,131170,2,Male,58,2,1,Research Scientist,4,Married,3622,22794,1,Y,Yes,13,4,4,80,1,6,3,3,6,5,1,3,Company Website
42,Current employee,Travel_Frequently,288,Research & Development,2,3,Life Sciences,1,7717,131172,2,Male,58,2,1,Research Scientist,4,Married,3622,22794,2,Y,Yes,13,3,4,80,1,6,3,3,6,5,1,3,Company Website
42,Current employee,Travel_Frequently,288,Research & Development,2,3,Life Sciences,1,7720,131175,2,Male,58,2,1,Research Scientist,4,Married,3622,22794,1,Y,Yes,13,3,4,80,1,6,3,3,6,5,1,3,Company Website
42,Current employee,Travel_Frequently,288,Research & Development,2,3,Life Sciences,1,7721,131176,2,Male,58,2,1,Research Scientist,4,Married,3622,22794,2,Y,Yes,13,3,4,80,1,6,3,3,6,5,1,3,Company Website
42,Current employee,Travel_Frequently,288,Research & Development,2,3,Life Sciences,1,7722,131177,2,Male,58,2,1,Research Scientist,4,Married,3622,22794,1,Y,Yes,13,4,4,80,1,6,3,3,6,5,1,3,Company Website
42,Current employee,Travel_Frequently,288,Research & Development,2,3,Life Sciences,1,7724,131179,2,Male,58,2,1,Research Scientist,4,Married,3622,22794,2,Y,Yes,13,3,4,80,1,6,3,3,6,5,1,3,Company Website
42,Current employee,Travel_Frequently,288,Research & Development,2,3,Life Sciences,1,7727,131182,2,Male,58,2,1,Research Scientist,4,Married,3622,22794,1,Y,Yes,13,3,4,80,1,6,3,3,6,5,1,3,Company Website
42,Current employee,Travel_Frequently,288,Research & Development,2,3,Life Sciences,1,7728,131183,2,Male,58,2,1,Research Scientist,4,Married,3622,22794,2,Y,Yes,13,3,4,80,1,6,3,3,6,5,1,3,Company Website
42,Current employee,Travel_Rarely,622,Research & Development,2,4,Life Sciences,1,7819,131274,3,Female,81,3,2,Healthcare Representative,4,Married,4089,5718,1,Y,No,13,3,2,80,2,10,4,3,10,2,2,2,LinkedIn
42,Current employee,Travel_Rarely,622,Research & Development,2,4,Life Sciences,1,7821,131276,3,Female,81,3,2,Healthcare Representative,4,Married,4089,5718,0,Y,No,13,3,2,80,2,10,4,3,10,2,2,2,LinkedIn
42,Current employee,Travel_Rarely,622,Research & Development,2,4,Life Sciences,1,7825,131280,3,Female,81,3,2,Healthcare Representative,4,Married,4089,5718,1,Y,No,13,3,2,80,2,10,4,3,10,2,2,2,LinkedIn
42,Current employee,Travel_Rarely,622,Research & Development,2,4,Life Sciences,1,7826,131281,3,Female,81,3,2,Healthcare Representative,4,Married,4089,5718,0,Y,No,13,3,2,80,2,10,4,3,10,2,2,2,LinkedIn
42,Current employee,Travel_Rarely,622,Research & Development,2,4,Life Sciences,1,7828,131283,3,Female,81,3,2,Healthcare Representative,4,Married,4089,5718,0,Y,No,13,3,2,80,2,10,4,3,10,2,2,2,LinkedIn
42,Current employee,Travel_Rarely,622,Research & Development,2,4,Life Sciences,1,7832,131287,3,Female,81,3,2,Healthcare Representative,4,Married,4089,5718,1,Y,No,13,3,2,80,2,10,4,3,10,2,2,2,LinkedIn
42,Current employee,Travel_Rarely,622,Research & Development,2,4,Life Sciences,1,7833,131288,3,Female,81,3,2,Healthcare Representative,4,Married,4089,5718,0,Y,No,13,3,2,80,2,10,4,3,10,2,2,2,LinkedIn
42,Current employee,Travel_Rarely,1142,Research & Development,8,3,Life Sciences,1,9253,132708,3,Male,62,3,2,Sales Executive,4,Married,4342,24008,0,Y,No,19,3,2,80,1,5,3,3,4,2,1,1,Company Website
42,Current employee,Travel_Rarely,1142,Research & Development,8,3,Medical,1,9255,132710,3,Male,62,3,2,Sales Executive,4,Married,4342,24008,6,Y,No,19,3,2,80,1,5,3,3,4,2,1,1,Company Website
42,Current employee,Travel_Rarely,1142,Research & Development,8,3,Life Sciences,1,9258,132713,3,Male,62,3,2,Sales Executive,4,Married,4342,24008,0,Y,No,19,3,2,80,1,5,3,3,4,2,1,1,Company Website
42,Current employee,Travel_Rarely,1142,Research & Development,8,3,Medical,1,9259,132714,3,Male,62,3,2,Sales Executive,4,Married,4342,24008,6,Y,No,19,3,2,80,1,5,3,3,4,2,1,1,Company Website
42,Current employee,Travel_Rarely,1142,Research & Development,8,3,Life Sciences,1,9261,132716,3,Male,62,3,2,Sales Executive,4,Married,4342,24008,0,Y,No,19,3,2,80,1,5,3,3,4,2,1,1,Company Website
42,Current employee,Travel_Rarely,1142,Research & Development,8,3,Medical,1,9263,132718,3,Male,62,3,2,Sales Executive,4,Married,4342,24008,6,Y,No,19,3,2,80,1,5,3,3,4,2,1,1,Company Website
42,Current employee,Travel_Rarely,1142,Research & Development,8,3,Life Sciences,1,9266,132721,3,Male,62,3,2,Sales Executive,4,Married,4342,24008,0,Y,No,19,3,2,80,1,5,3,3,4,2,1,1,Company Website
42,Current employee,Travel_Rarely,1142,Research & Development,8,3,Medical,1,9267,132722,3,Male,62,3,2,Sales Executive,4,Married,4342,24008,6,Y,No,19,3,2,80,1,5,3,3,4,2,1,1,Company Website
42,Current employee,Travel_Frequently,570,Research & Development,8,3,Life Sciences,1,9380,132835,2,Male,66,3,5,Manager,4,Divorced,18430,16225,1,Y,No,13,3,2,80,1,24,4,2,24,7,14,9,LinkedIn
42,Current employee,Travel_Frequently,570,Research & Development,8,3,Marketing,1,9383,132838,2,Male,66,3,5,Manager,4,Divorced,18430,16225,1,Y,No,13,3,2,80,1,24,4,2,24,7,14,9,LinkedIn
42,Current employee,Travel_Frequently,570,Research & Development,8,3,Life Sciences,1,9386,132841,2,Male,66,3,5,Manager,4,Divorced,18430,16225,1,Y,No,13,3,2,80,1,24,4,2,24,7,14,9,LinkedIn
42,Current employee,Travel_Frequently,570,Research & Development,8,3,Marketing,1,9387,132842,2,Male,66,3,5,Manager,4,Divorced,18430,16225,1,Y,No,13,3,2,80,1,24,4,2,24,7,14,9,LinkedIn
42,Current employee,Travel_Frequently,570,Research & Development,8,3,Life Sciences,1,9388,132843,2,Male,66,3,5,Manager,4,Divorced,18430,16225,1,Y,No,13,3,2,80,1,24,4,2,24,7,14,9,LinkedIn
42,Current employee,Travel_Frequently,570,Research & Development,8,3,Marketing,1,9391,132846,2,Male,66,3,5,Manager,4,Divorced,18430,16225,1,Y,No,13,3,2,80,1,24,4,2,24,7,14,9,LinkedIn
42,Current employee,Travel_Frequently,570,Research & Development,8,3,Life Sciences,1,9394,132849,2,Male,66,3,5,Manager,4,Divorced,18430,16225,1,Y,No,13,3,2,80,1,24,4,2,24,7,14,9,LinkedIn
42,Current employee,Travel_Frequently,570,Research & Development,8,3,Marketing,1,9395,132850,2,Male,66,3,5,Manager,4,Divorced,18430,16225,1,Y,No,13,3,2,80,1,24,4,2,24,7,14,9,LinkedIn
42,Current employee,Travel_Rarely,932,Research & Development,1,2,Life Sciences,1,9588,133043,4,Female,43,2,2,Manufacturing Director,4,Married,6062,4051,9,Y,Yes,13,3,4,80,1,8,4,3,4,3,0,2,Recruit.net
42,Current employee,Travel_Rarely,932,Research & Development,1,2,Life Sciences,1,9590,133045,4,Female,43,2,2,Manufacturing Director,4,Married,6062,4051,1,Y,Yes,13,4,4,80,1,8,4,3,4,3,0,2,Recruit.net
42,Current employee,Travel_Rarely,932,Research & Development,1,2,Life Sciences,1,9594,133049,4,Female,43,2,2,Manufacturing Director,4,Married,6062,4051,9,Y,Yes,13,3,4,80,1,8,4,3,4,3,0,2,Recruit.net
42,Current employee,Travel_Rarely,932,Research & Development,1,2,Life Sciences,1,9595,133050,4,Female,43,2,2,Manufacturing Director,4,Married,6062,4051,1,Y,Yes,13,3,4,80,1,8,4,3,4,3,0,2,Recruit.net
42,Current employee,Travel_Rarely,932,Research & Development,1,2,Life Sciences,1,9596,133051,4,Female,43,2,2,Manufacturing Director,4,Married,6062,4051,9,Y,Yes,13,3,4,80,1,8,4,3,4,3,0,2,Recruit.net
42,Current employee,Travel_Rarely,932,Research & Development,1,2,Life Sciences,1,9598,133053,4,Female,43,2,2,Manufacturing Director,4,Married,6062,4051,1,Y,Yes,13,4,4,80,1,8,4,3,4,3,0,2,Recruit.net
42,Current employee,Travel_Rarely,932,Research & Development,1,2,Life Sciences,1,9602,133057,4,Female,43,2,2,Manufacturing Director,4,Married,6062,4051,9,Y,Yes,13,3,4,80,1,8,4,3,4,3,0,2,Recruit.net
42,Current employee,Travel_Rarely,932,Research & Development,1,2,Life Sciences,1,9603,133058,4,Female,43,2,2,Manufacturing Director,4,Married,6062,4051,1,Y,Yes,13,3,4,80,1,8,4,3,4,3,0,2,Recruit.net
42,Current employee,Travel_Rarely,933,Research & Development,29,3,Life Sciences,1,9700,133155,2,Male,98,3,2,Manufacturing Director,2,Married,4434,11806,1,Y,No,13,3,4,80,1,10,3,2,9,8,7,8,Company Website
42,Current employee,Travel_Rarely,933,Research & Development,29,3,Technical Degree,1,9703,133158,2,Male,98,3,2,Manufacturing Director,2,Married,4434,11806,1,Y,No,13,3,4,80,1,10,3,2,9,8,7,8,Company Website
42,Current employee,Travel_Rarely,933,Research & Development,29,3,Life Sciences,1,9706,133161,2,Male,98,3,2,Manufacturing Director,2,Married,4434,11806,1,Y,No,13,3,4,80,1,10,3,2,9,8,7,8,Company Website
42,Current employee,Travel_Rarely,933,Research & Development,29,3,Technical Degree,1,9707,133162,2,Male,98,3,2,Manufacturing Director,2,Married,4434,11806,1,Y,No,13,3,4,80,1,10,3,2,9,8,7,8,Company Website
42,Current employee,Travel_Rarely,933,Research & Development,29,3,Life Sciences,1,9708,133163,2,Male,98,3,2,Manufacturing Director,2,Married,4434,11806,1,Y,No,13,3,4,80,1,10,3,2,9,8,7,8,Company Website
42,Current employee,Travel_Rarely,933,Research & Development,29,3,Technical Degree,1,9711,133166,2,Male,98,3,2,Manufacturing Director,2,Married,4434,11806,1,Y,No,13,3,4,80,1,10,3,2,9,8,7,8,Company Website
42,Current employee,Travel_Rarely,933,Research & Development,29,3,Life Sciences,1,9714,133169,2,Male,98,3,2,Manufacturing Director,2,Married,4434,11806,1,Y,No,13,3,4,80,1,10,3,2,9,8,7,8,Company Website
42,Current employee,Travel_Rarely,933,Research & Development,29,3,Technical Degree,1,9715,133170,2,Male,98,3,2,Manufacturing Director,2,Married,4434,11806,1,Y,No,13,3,4,80,1,10,3,2,9,8,7,8,Company Website
42,Current employee,Non-Travel,335,Research & Development,23,2,Life Sciences,1,9733,133188,3,Female,63,2,1,Research Scientist,4,Single,2553,8306,1,Y,No,16,3,3,80,0,6,3,3,5,2,1,3,Adzuna
42,Current employee,Non-Travel,335,Research & Development,23,2,Other,1,9735,133190,3,Female,63,2,1,Research Scientist,4,Single,2553,8306,4,Y,No,16,3,3,80,0,6,3,3,5,2,1,3,Adzuna
42,Current employee,Non-Travel,335,Research & Development,23,2,Life Sciences,1,9738,133193,3,Female,63,2,1,Research Scientist,4,Single,2553,8306,1,Y,No,16,3,3,80,0,6,3,3,5,2,1,3,Adzuna
42,Current employee,Non-Travel,335,Research & Development,23,2,Other,1,9739,133194,3,Female,63,2,1,Research Scientist,4,Single,2553,8306,4,Y,No,16,3,3,80,0,6,3,3,5,2,1,3,Adzuna
42,Current employee,Non-Travel,335,Research & Development,23,2,Life Sciences,1,9741,133196,3,Female,63,2,1,Research Scientist,4,Single,2553,8306,1,Y,No,16,3,3,80,0,6,3,3,5,2,1,3,Adzuna
42,Current employee,Non-Travel,335,Research & Development,23,2,Other,1,9743,133198,3,Female,63,2,1,Research Scientist,4,Single,2553,8306,4,Y,No,16,3,3,80,0,6,3,3,5,2,1,3,Adzuna
42,Current employee,Non-Travel,335,Research & Development,23,2,Life Sciences,1,9746,133201,3,Female,63,2,1,Research Scientist,4,Single,2553,8306,1,Y,No,16,3,3,80,0,6,3,3,5,2,1,3,Adzuna
42,Current employee,Non-Travel,335,Research & Development,23,2,Other,1,9747,133202,3,Female,63,2,1,Research Scientist,4,Single,2553,8306,4,Y,No,16,3,3,80,0,6,3,3,5,2,1,3,Adzuna
42,Current employee,Travel_Rarely,557,Research & Development,18,4,Life Sciences,1,9813,133268,3,Male,64,3,3,Manufacturing Director,3,Single,10221,18869,3,Y,No,21,4,2,80,0,17,3,4,8,5,1,6,GlassDoor
42,Current employee,Travel_Rarely,557,Research & Development,18,4,Medical,1,9815,133270,3,Male,64,3,3,Manufacturing Director,3,Single,10221,18869,1,Y,No,21,3,2,80,0,17,3,4,8,5,1,6,GlassDoor
42,Current employee,Travel_Rarely,557,Research & Development,18,4,Life Sciences,1,9818,133273,3,Male,64,3,3,Manufacturing Director,3,Single,10221,18869,3,Y,No,21,4,2,80,0,17,3,4,8,5,1,6,GlassDoor
42,Current employee,Travel_Rarely,557,Research & Development,18,4,Medical,1,9819,133274,3,Male,64,3,3,Manufacturing Director,3,Single,10221,18869,1,Y,No,21,4,2,80,0,17,3,4,8,5,1,6,GlassDoor
42,Current employee,Travel_Rarely,557,Research & Development,18,4,Life Sciences,1,9821,133276,3,Male,64,3,3,Manufacturing Director,3,Single,10221,18869,3,Y,No,21,4,2,80,0,17,3,4,8,5,1,6,GlassDoor
42,Current employee,Travel_Rarely,557,Research & Development,18,4,Medical,1,9823,133278,3,Male,64,3,3,Manufacturing Director,3,Single,10221,18869,1,Y,No,21,3,2,80,0,17,3,4,8,5,1,6,GlassDoor
42,Current employee,Travel_Rarely,557,Research & Development,18,4,Life Sciences,1,9826,133281,3,Male,64,3,3,Manufacturing Director,3,Single,10221,18869,3,Y,No,21,4,2,80,0,17,3,4,8,5,1,6,GlassDoor
42,Current employee,Travel_Rarely,557,Research & Development,18,4,Medical,1,9827,133282,3,Male,64,3,3,Manufacturing Director,3,Single,10221,18869,1,Y,No,21,4,2,80,0,17,3,4,8,5,1,6,GlassDoor
42,Current employee,Travel_Rarely,300,Research & Development,2,3,Life Sciences,1,9987,133442,3,Male,64,3,2,Sales Executive,4,Divorced,4403,9250,2,Y,No,11,3,3,80,1,8,3,2,5,2,0,3,GlassDoor
42,Current employee,Travel_Rarely,300,Research & Development,2,3,Life Sciences,1,9988,133443,3,Male,64,3,2,Sales Executive,4,Divorced,4403,9250,4,Y,No,11,3,3,80,1,8,3,2,5,2,0,3,GlassDoor
42,Current employee,Travel_Rarely,300,Research & Development,2,3,Life Sciences,1,9992,133447,3,Male,64,3,2,Sales Executive,4,Divorced,4403,9250,2,Y,No,11,3,3,80,1,8,3,2,5,2,0,3,GlassDoor
42,Current employee,Travel_Rarely,300,Research & Development,2,3,Life Sciences,1,9993,133448,3,Male,64,3,2,Sales Executive,4,Divorced,4403,9250,4,Y,No,11,3,3,80,1,8,3,2,5,2,0,3,GlassDoor
42,Current employee,Travel_Rarely,300,Research & Development,2,3,Life Sciences,1,9995,133450,3,Male,64,3,2,Sales Executive,4,Divorced,4403,9250,2,Y,No,11,3,3,80,1,8,3,2,5,2,0,3,GlassDoor
42,Current employee,Travel_Rarely,300,Research & Development,2,3,Life Sciences,1,9996,133451,3,Male,64,3,2,Sales Executive,4,Divorced,4403,9250,4,Y,No,11,3,3,80,1,8,3,2,5,2,0,3,GlassDoor
42,Current employee,Travel_Rarely,300,Research & Development,2,3,Life Sciences,1,10000,133455,3,Male,64,3,2,Sales Executive,4,Divorced,4403,9250,2,Y,No,11,3,3,80,1,8,3,2,5,2,0,3,GlassDoor
42,Current employee,Travel_Rarely,300,Research & Development,2,3,Life Sciences,1,10001,133456,3,Male,64,3,2,Sales Executive,4,Divorced,4403,9250,4,Y,No,11,3,3,80,1,8,3,2,5,2,0,3,GlassDoor
42,Current employee,Travel_Frequently,1271,Research & Development,2,1,Medical,1,10143,133598,2,Male,35,3,1,Research Scientist,4,Single,2515,9068,5,Y,Yes,14,3,4,80,0,8,2,3,2,1,2,2,Seek
42,Current employee,Travel_Frequently,1271,Research & Development,2,1,Life Sciences,1,10145,133600,2,Male,35,3,1,Research Scientist,4,Single,2515,9068,2,Y,Yes,14,3,4,80,0,8,2,3,2,1,2,2,Seek
42,Current employee,Travel_Frequently,1271,Research & Development,2,1,Medical,1,10149,133604,2,Male,35,3,1,Research Scientist,4,Single,2515,9068,5,Y,Yes,14,3,4,80,0,8,2,3,2,1,2,2,Seek
42,Current employee,Travel_Frequently,1271,Research & Development,2,1,Life Sciences,1,10150,133605,2,Male,35,3,1,Research Scientist,4,Single,2515,9068,2,Y,Yes,14,3,4,80,0,8,2,3,2,1,2,2,Seek
42,Current employee,Travel_Frequently,1271,Research & Development,2,1,Medical,1,10151,133606,2,Male,35,3,1,Research Scientist,4,Single,2515,9068,5,Y,Yes,14,3,4,80,0,8,2,3,2,1,2,2,Seek
42,Current employee,Travel_Frequently,1271,Research & Development,2,1,Life Sciences,1,10153,133608,2,Male,35,3,1,Research Scientist,4,Single,2515,9068,2,Y,Yes,14,3,4,80,0,8,2,3,2,1,2,2,Seek
42,Current employee,Travel_Frequently,1271,Research & Development,2,1,Medical,1,10157,133612,2,Male,35,3,1,Research Scientist,4,Single,2515,9068,5,Y,Yes,14,3,4,80,0,8,2,3,2,1,2,2,Seek
42,Current employee,Travel_Frequently,1271,Research & Development,2,1,Life Sciences,1,10158,133613,2,Male,35,3,1,Research Scientist,4,Single,2515,9068,2,Y,Yes,14,3,4,80,0,8,2,3,2,1,2,2,Seek
42,Current employee,Travel_Rarely,691,Sales,8,4,Marketing,1,10160,133615,3,Male,65,2,1,Human Resources,1,Married,2342,8635,0,Y,No,21,3,3,80,0,6,3,3,5,4,0,3,Jora
42,Current employee,Travel_Rarely,691,Sales,8,4,Medical,1,10162,133617,3,Male,65,2,1,Human Resources,1,Married,2342,8635,0,Y,No,21,3,3,80,0,6,3,3,5,4,0,3,Jora
42,Current employee,Travel_Rarely,691,Sales,8,4,Marketing,1,10165,133620,3,Male,65,2,1,Human Resources,1,Married,2342,8635,0,Y,No,21,4,3,80,0,6,3,3,5,4,0,3,Jora
42,Current employee,Travel_Rarely,691,Sales,8,4,Medical,1,10166,133621,3,Male,65,2,1,Human Resources,1,Married,2342,8635,0,Y,No,21,4,3,80,0,6,3,3,5,4,0,3,Jora
42,Current employee,Travel_Rarely,691,Sales,8,4,Marketing,1,10168,133623,3,Male,65,2,1,Human Resources,1,Married,2342,8635,0,Y,No,21,3,3,80,0,6,3,3,5,4,0,3,Jora
42,Current employee,Travel_Rarely,691,Sales,8,4,Medical,1,10170,133625,3,Male,65,2,1,Human Resources,1,Married,2342,8635,0,Y,No,21,3,3,80,0,6,3,3,5,4,0,3,Jora
42,Current employee,Travel_Rarely,691,Sales,8,4,Marketing,1,10173,133628,3,Male,65,2,1,Human Resources,1,Married,2342,8635,0,Y,No,21,4,3,80,0,6,3,3,5,4,0,3,Jora
42,Current employee,Travel_Rarely,691,Sales,8,4,Medical,1,10174,133629,3,Male,65,2,1,Human Resources,1,Married,2342,8635,0,Y,No,21,4,3,80,0,6,3,3,5,4,0,3,Jora
42,Current employee,Travel_Rarely,1265,Research & Development,3,3,Life Sciences,1,10319,133774,3,Female,95,4,2,Laboratory Technician,4,Married,5231,23726,2,Y,Yes,13,3,2,80,1,17,1,2,5,3,1,3,Adzuna
42,Current employee,Travel_Rarely,1265,Research & Development,3,3,Life Sciences,1,10321,133776,3,Female,95,4,2,Laboratory Technician,4,Married,5231,23726,1,Y,Yes,13,3,2,80,1,17,1,2,5,3,1,3,Adzuna
42,Current employee,Travel_Rarely,1265,Research & Development,3,3,Life Sciences,1,10325,133780,3,Female,95,4,2,Laboratory Technician,4,Married,5231,23726,2,Y,Yes,13,3,2,80,1,17,1,2,5,3,1,3,Adzuna
42,Current employee,Travel_Rarely,1265,Research & Development,3,3,Life Sciences,1,10326,133781,3,Female,95,4,2,Laboratory Technician,4,Married,5231,23726,1,Y,Yes,13,3,2,80,1,17,1,2,5,3,1,3,Adzuna
42,Current employee,Travel_Rarely,1265,Research & Development,3,3,Life Sciences,1,10327,133782,3,Female,95,4,2,Laboratory Technician,4,Married,5231,23726,2,Y,Yes,13,3,2,80,1,17,1,2,5,3,1,3,Adzuna
42,Current employee,Travel_Rarely,1265,Research & Development,3,3,Life Sciences,1,10329,133784,3,Female,95,4,2,Laboratory Technician,4,Married,5231,23726,1,Y,Yes,13,3,2,80,1,17,1,2,5,3,1,3,Adzuna
42,Current employee,Travel_Rarely,1265,Research & Development,3,3,Life Sciences,1,10333,133788,3,Female,95,4,2,Laboratory Technician,4,Married,5231,23726,2,Y,Yes,13,3,2,80,1,17,1,2,5,3,1,3,Adzuna
42,Current employee,Travel_Rarely,1265,Research & Development,3,3,Life Sciences,1,10334,133789,3,Female,95,4,2,Laboratory Technician,4,Married,5231,23726,1,Y,Yes,13,3,2,80,1,17,1,2,5,3,1,3,Adzuna
42,Current employee,Travel_Frequently,555,Sales,26,3,Marketing,1,10664,134119,3,Male,66,3,2,Healthcare Representative,4,Married,6586,4821,0,Y,Yes,17,3,1,80,1,17,2,2,16,8,4,11,Indeed
42,Current employee,Travel_Frequently,555,Sales,26,3,Technical Degree,1,10666,134121,3,Male,66,3,2,Healthcare Representative,4,Married,6586,4821,0,Y,Yes,17,3,1,80,1,17,2,2,16,8,4,11,Indeed
42,Current employee,Travel_Frequently,555,Sales,26,3,Marketing,1,10669,134124,3,Male,66,3,2,Healthcare Representative,4,Married,6586,4821,0,Y,Yes,17,3,1,80,1,17,2,2,16,8,4,11,Indeed
42,Current employee,Travel_Frequently,555,Sales,26,3,Technical Degree,1,10670,134125,3,Male,66,3,2,Healthcare Representative,4,Married,6586,4821,0,Y,Yes,17,3,1,80,1,17,2,2,16,8,4,11,Indeed
42,Current employee,Travel_Frequently,555,Sales,26,3,Marketing,1,10672,134127,3,Male,66,3,2,Healthcare Representative,4,Married,6586,4821,0,Y,Yes,17,3,1,80,1,17,2,2,16,8,4,11,Indeed
42,Current employee,Travel_Frequently,555,Sales,26,3,Marketing,1,10673,134128,3,Male,66,3,2,Healthcare Representative,4,Married,6586,4821,0,Y,Yes,17,3,2,80,0,8,5,4,3,2,1,2,GlassDoor
42,Current employee,Travel_Frequently,555,Sales,26,3,Technical Degree,1,10675,134130,3,Male,66,3,2,Healthcare Representative,4,Married,6586,4821,0,Y,Yes,17,3,1,80,1,17,2,2,16,8,4,11,Indeed
42,Current employee,Travel_Frequently,555,Sales,26,3,Marketing,1,10678,134133,3,Male,66,3,2,Healthcare Representative,4,Married,6586,4821,0,Y,Yes,17,3,1,80,1,17,2,2,16,8,4,11,Indeed
42,Current employee,Travel_Frequently,555,Sales,26,3,Technical Degree,1,10679,134134,3,Male,66,3,2,Healthcare Representative,4,Married,6586,4821,0,Y,Yes,17,3,1,80,1,17,2,2,16,8,4,11,Indeed
42,Current employee,Travel_Rarely,462,Sales,14,2,Medical,1,10795,134250,3,Female,68,2,2,Sales Executive,3,Single,6244,7824,7,Y,No,17,3,1,80,0,10,6,3,5,4,0,3,Seek
42,Current employee,Travel_Rarely,462,Sales,14,2,Medical,1,10798,134253,3,Female,68,2,2,Sales Executive,3,Single,6244,7824,7,Y,No,17,3,1,80,0,10,6,3,5,4,0,3,Seek
42,Current employee,Travel_Rarely,462,Sales,14,2,Medical,1,10801,134256,3,Female,68,2,2,Sales Executive,3,Single,6244,7824,7,Y,No,17,3,1,80,0,10,6,3,5,4,0,3,Seek
42,Current employee,Travel_Rarely,462,Sales,14,2,Medical,1,10802,134257,3,Female,68,2,2,Sales Executive,3,Single,6244,7824,7,Y,No,17,3,1,80,0,10,6,3,5,4,0,3,Seek
42,Current employee,Travel_Rarely,462,Sales,14,2,Medical,1,10803,134258,3,Female,68,2,2,Sales Executive,3,Single,6244,7824,7,Y,No,17,3,1,80,0,10,6,3,5,4,0,3,Seek
42,Current employee,Travel_Rarely,462,Sales,14,2,Medical,1,10806,134261,3,Female,68,2,2,Sales Executive,3,Single,6244,7824,7,Y,No,17,3,1,80,0,10,6,3,5,4,0,3,Seek
42,Current employee,Travel_Rarely,462,Sales,14,2,Medical,1,10809,134264,3,Female,68,2,2,Sales Executive,3,Single,6244,7824,7,Y,No,17,3,1,80,0,10,6,3,5,4,0,3,Seek
42,Current employee,Travel_Rarely,462,Sales,14,2,Medical,1,10810,134265,3,Female,68,2,2,Sales Executive,3,Single,6244,7824,7,Y,No,17,3,1,80,0,10,6,3,5,4,0,3,Seek
42,Current employee,Travel_Rarely,265,Sales,5,2,Marketing,1,11491,134946,3,Male,68,3,5,Research Director,3,Divorced,19419,3735,2,Y,No,17,3,2,80,1,21,2,4,18,16,0,11,Company Website
42,Current employee,Travel_Rarely,265,Sales,5,2,Life Sciences,1,11492,134947,3,Male,68,3,5,Research Director,3,Divorced,19419,3735,2,Y,No,17,3,2,80,1,21,2,4,18,16,0,11,Company Website
42,Current employee,Travel_Rarely,265,Sales,5,2,Marketing,1,11496,134951,3,Male,68,3,5,Research Director,3,Divorced,19419,3735,2,Y,No,17,3,2,80,1,21,2,4,18,16,0,11,Company Website
42,Current employee,Travel_Rarely,265,Sales,5,2,Life Sciences,1,11497,134952,3,Male,68,3,5,Research Director,3,Divorced,19419,3735,2,Y,No,17,3,2,80,1,21,2,4,18,16,0,11,Company Website
42,Current employee,Travel_Rarely,265,Sales,5,2,Marketing,1,11498,134953,3,Male,68,3,5,Research Director,3,Divorced,19419,3735,2,Y,No,17,3,2,80,1,21,2,4,18,16,0,11,Company Website
42,Current employee,Travel_Rarely,265,Sales,5,2,Life Sciences,1,11499,134954,3,Male,68,3,5,Research Director,3,Divorced,19419,3735,2,Y,No,17,3,2,80,1,21,2,4,18,16,0,11,Company Website
42,Current employee,Travel_Rarely,265,Sales,5,2,Marketing,1,11503,134958,3,Male,68,3,5,Research Director,3,Divorced,19419,3735,2,Y,No,17,3,2,80,1,21,2,4,18,16,0,11,Company Website
42,Current employee,Travel_Rarely,265,Sales,5,2,Life Sciences,1,11504,134959,3,Male,68,3,5,Research Director,3,Divorced,19419,3735,2,Y,No,17,3,2,80,1,21,2,4,18,16,0,11,Company Website
42,Current employee,Travel_Rarely,647,Sales,4,4,Marketing,1,11654,135109,3,Male,69,3,1,Research Scientist,4,Single,1051,13493,1,Y,No,15,3,4,80,0,0,2,3,0,0,0,0,Indeed
42,Current employee,Travel_Rarely,647,Sales,4,4,Life Sciences,1,11655,135110,3,Male,69,3,1,Research Scientist,4,Single,1051,13493,3,Y,No,15,3,4,80,0,0,2,3,0,0,0,0,Indeed
42,Current employee,Travel_Rarely,647,Sales,4,4,Marketing,1,11659,135114,3,Male,69,3,1,Research Scientist,4,Single,1051,13493,1,Y,No,15,3,4,80,0,0,2,3,0,0,0,0,Indeed
42,Current employee,Travel_Rarely,647,Sales,4,4,Life Sciences,1,11660,135115,3,Male,69,3,1,Research Scientist,4,Single,1051,13493,3,Y,No,15,3,4,80,0,0,2,3,0,0,0,0,Indeed
42,Current employee,Travel_Rarely,647,Sales,4,4,Marketing,1,11661,135116,3,Male,69,3,1,Research Scientist,4,Single,1051,13493,1,Y,No,15,3,4,80,0,0,2,3,0,0,0,0,Indeed
42,Current employee,Travel_Rarely,647,Sales,4,4,Life Sciences,1,11662,135117,3,Male,69,3,1,Research Scientist,4,Single,1051,13493,3,Y,No,15,3,4,80,0,0,2,3,0,0,0,0,Indeed
42,Current employee,Travel_Rarely,647,Sales,4,4,Marketing,1,11666,135121,3,Male,69,3,1,Research Scientist,4,Single,1051,13493,1,Y,No,15,3,4,80,0,0,2,3,0,0,0,0,Indeed
42,Current employee,Travel_Rarely,647,Sales,4,4,Life Sciences,1,11667,135122,3,Male,69,3,1,Research Scientist,4,Single,1051,13493,3,Y,No,15,3,4,80,0,0,2,3,0,0,0,0,Indeed
42,Current employee,Travel_Rarely,265,Sales,5,2,Marketing,1,11874,135329,4,Male,90,3,5,Manager,3,Married,18303,7770,6,Y,No,13,3,2,80,0,21,3,4,1,0,0,0,LinkedIn
42,Current employee,Travel_Rarely,265,Sales,5,2,Life Sciences,1,11877,135332,4,Male,90,3,5,Manager,3,Married,18303,7770,1,Y,No,13,3,2,80,0,21,3,4,1,0,0,0,LinkedIn
42,Current employee,Travel_Rarely,265,Sales,5,2,Marketing,1,11880,135335,4,Male,90,3,5,Manager,3,Married,18303,7770,6,Y,No,13,3,2,80,0,21,3,4,1,0,0,0,LinkedIn
42,Current employee,Travel_Rarely,265,Sales,5,2,Life Sciences,1,11881,135336,4,Male,90,3,5,Manager,3,Married,18303,7770,1,Y,No,13,3,2,80,0,21,3,4,1,0,0,0,LinkedIn
42,Current employee,Travel_Rarely,265,Sales,5,2,Marketing,1,11882,135337,4,Male,90,3,5,Manager,3,Married,18303,7770,6,Y,No,13,3,2,80,0,21,3,4,1,0,0,0,LinkedIn
42,Current employee,Travel_Rarely,265,Sales,5,2,Life Sciences,1,11885,135340,4,Male,90,3,5,Manager,3,Married,18303,7770,1,Y,No,13,3,2,80,0,21,3,4,1,0,0,0,LinkedIn
42,Current employee,Travel_Rarely,265,Sales,5,2,Marketing,1,11888,135343,4,Male,90,3,5,Manager,3,Married,18303,7770,6,Y,No,13,3,2,80,0,21,3,4,1,0,0,0,LinkedIn
42,Current employee,Travel_Rarely,265,Sales,5,2,Life Sciences,1,11889,135344,4,Male,90,3,5,Manager,3,Married,18303,7770,1,Y,No,13,3,2,80,0,21,3,4,1,0,0,0,LinkedIn
42,Current employee,Travel_Rarely,419,Sales,12,4,Marketing,1,12499,135954,3,Male,72,3,1,Research Scientist,3,Married,2461,10332,9,Y,Yes,12,3,3,80,3,18,2,4,10,0,2,7,GlassDoor
42,Current employee,Travel_Rarely,419,Sales,12,4,Medical,1,12501,135956,3,Male,72,3,1,Research Scientist,3,Married,2461,10332,3,Y,Yes,12,3,3,80,3,18,2,4,10,0,2,7,GlassDoor
42,Current employee,Travel_Rarely,419,Sales,12,4,Marketing,1,12502,135957,3,Male,72,3,1,Research Scientist,3,Married,2461,10332,9,Y,Yes,12,3,3,80,3,18,2,4,10,0,2,7,GlassDoor
42,Current employee,Travel_Rarely,419,Sales,12,4,Medical,1,12503,135958,3,Male,72,3,1,Research Scientist,3,Married,2461,10332,3,Y,Yes,12,3,3,80,3,18,2,4,10,0,2,7,GlassDoor
42,Current employee,Travel_Rarely,419,Sales,12,4,Marketing,1,12507,135962,3,Male,72,3,1,Research Scientist,3,Married,2461,10332,9,Y,Yes,12,3,3,80,3,18,2,4,10,0,2,7,GlassDoor
42,Current employee,Travel_Rarely,419,Sales,12,4,Medical,1,12509,135964,3,Male,72,3,1,Research Scientist,3,Married,2461,10332,3,Y,Yes,12,3,3,80,3,18,2,4,10,0,2,7,GlassDoor
42,Current employee,Travel_Rarely,419,Sales,12,4,Marketing,1,12510,135965,3,Male,72,3,1,Research Scientist,3,Married,2461,10332,9,Y,Yes,12,3,3,80,3,18,2,4,10,0,2,7,GlassDoor
42,Current employee,Travel_Rarely,419,Sales,12,4,Medical,1,12511,135966,3,Male,72,3,1,Research Scientist,3,Married,2461,10332,3,Y,Yes,12,3,3,80,3,18,2,4,10,0,2,7,GlassDoor
42,Current employee,Travel_Rarely,469,Research & Development,2,2,Medical,1,12815,136270,4,Male,35,3,4,Manager,1,Married,17665,14399,0,Y,No,17,3,4,80,1,23,3,3,22,6,13,7,Indeed
42,Current employee,Travel_Rarely,469,Research & Development,2,2,Life Sciences,1,12817,136272,4,Male,35,3,4,Manager,1,Married,17665,14399,1,Y,No,17,3,4,80,1,23,3,3,22,6,13,7,Indeed
42,Current employee,Travel_Rarely,469,Research & Development,2,2,Medical,1,12819,136274,4,Male,35,3,4,Manager,1,Married,17665,14399,0,Y,No,17,3,4,80,1,23,3,3,22,6,13,7,Indeed
42,Current employee,Travel_Rarely,469,Research & Development,2,2,Life Sciences,1,12820,136275,4,Male,35,3,4,Manager,1,Married,17665,14399,1,Y,No,17,3,4,80,1,23,3,3,22,6,13,7,Indeed
42,Current employee,Travel_Rarely,469,Research & Development,2,2,Medical,1,12823,136278,4,Male,35,3,4,Manager,1,Married,17665,14399,0,Y,No,17,3,4,80,1,23,3,3,22,6,13,7,Indeed
42,Current employee,Travel_Rarely,469,Research & Development,2,2,Life Sciences,1,12825,136280,4,Male,35,3,4,Manager,1,Married,17665,14399,1,Y,No,17,3,4,80,1,23,3,3,22,6,13,7,Indeed
42,Current employee,Travel_Rarely,469,Research & Development,2,2,Medical,1,12827,136282,4,Male,35,3,4,Manager,1,Married,17665,14399,0,Y,No,17,3,4,80,1,23,3,3,22,6,13,7,Indeed
42,Current employee,Travel_Rarely,469,Research & Development,2,2,Life Sciences,1,12828,136283,4,Male,35,3,4,Manager,1,Married,17665,14399,1,Y,No,17,3,4,80,1,23,3,3,22,6,13,7,Indeed
42,Current employee,Travel_Rarely,188,Research & Development,29,3,Medical,1,13214,136669,2,Male,56,1,2,Laboratory Technician,4,Single,4272,9558,4,Y,No,19,3,1,80,0,16,3,3,1,0,0,0,Company Website
42,Current employee,Travel_Rarely,188,Research & Development,29,3,Technical Degree,1,13217,136672,2,Male,56,1,2,Laboratory Technician,4,Single,4272,9558,1,Y,No,19,3,1,80,0,16,3,3,1,0,0,0,Company Website
42,Current employee,Travel_Rarely,188,Research & Development,29,3,Medical,1,13218,136673,2,Male,56,1,2,Laboratory Technician,4,Single,4272,9558,4,Y,No,19,3,1,80,0,16,3,3,1,0,0,0,Company Website
42,Current employee,Travel_Rarely,188,Research & Development,29,3,Technical Degree,1,13219,136674,2,Male,56,1,2,Laboratory Technician,4,Single,4272,9558,1,Y,No,19,3,1,80,0,16,3,3,1,0,0,0,Company Website
42,Current employee,Travel_Rarely,188,Research & Development,29,3,Medical,1,13222,136677,2,Male,56,1,2,Laboratory Technician,4,Single,4272,9558,4,Y,No,19,3,1,80,0,16,3,3,1,0,0,0,Company Website
42,Current employee,Travel_Rarely,188,Research & Development,29,3,Technical Degree,1,13225,136680,2,Male,56,1,2,Laboratory Technician,4,Single,4272,9558,1,Y,No,19,3,1,80,0,16,3,3,1,0,0,0,Company Website
42,Current employee,Travel_Rarely,188,Research & Development,29,3,Medical,1,13226,136681,2,Male,56,1,2,Laboratory Technician,4,Single,4272,9558,4,Y,No,19,3,1,80,0,16,3,3,1,0,0,0,Company Website
42,Current employee,Travel_Rarely,188,Research & Development,29,3,Technical Degree,1,13227,136682,2,Male,56,1,2,Laboratory Technician,4,Single,4272,9558,1,Y,No,19,3,1,80,0,16,3,3,1,0,0,0,Company Website
42,Current employee,Travel_Rarely,647,Sales,4,4,Marketing,1,13452,136907,2,Male,45,3,2,Sales Executive,1,Single,5155,2253,7,Y,No,13,3,4,80,0,9,3,4,6,4,1,5,Seek
42,Current employee,Travel_Rarely,647,Sales,4,4,Life Sciences,1,13454,136909,2,Male,45,3,2,Sales Executive,1,Single,5155,2253,5,Y,No,13,3,4,80,0,9,3,4,6,4,1,5,Seek
42,Current employee,Travel_Rarely,647,Sales,4,4,Marketing,1,13456,136911,2,Male,45,3,2,Sales Executive,1,Single,5155,2253,7,Y,No,13,3,4,80,0,9,3,4,6,4,1,5,Seek
42,Current employee,Travel_Rarely,647,Sales,4,4,Life Sciences,1,13457,136912,2,Male,45,3,2,Sales Executive,1,Single,5155,2253,5,Y,No,13,3,4,80,0,9,3,4,6,4,1,5,Seek
42,Current employee,Travel_Rarely,647,Sales,4,4,Marketing,1,13460,136915,2,Male,45,3,2,Sales Executive,1,Single,5155,2253,7,Y,No,13,3,4,80,0,9,3,4,6,4,1,5,Seek
42,Current employee,Travel_Rarely,647,Sales,4,4,Life Sciences,1,13462,136917,2,Male,45,3,2,Sales Executive,1,Single,5155,2253,5,Y,No,13,3,4,80,0,9,3,4,6,4,1,5,Seek
42,Current employee,Travel_Rarely,647,Sales,4,4,Marketing,1,13464,136919,2,Male,45,3,2,Sales Executive,1,Single,5155,2253,7,Y,No,13,3,4,80,0,9,3,4,6,4,1,5,Seek
42,Current employee,Travel_Rarely,647,Sales,4,4,Life Sciences,1,13465,136920,2,Male,45,3,2,Sales Executive,1,Single,5155,2253,5,Y,No,13,3,4,80,0,9,3,4,6,4,1,5,Seek
42,Current employee,Non-Travel,926,Research & Development,21,2,Medical,1,13769,137224,3,Female,75,1,1,Research Scientist,4,Married,2168,26933,0,Y,Yes,18,3,1,80,1,6,2,2,5,4,1,3,Seek
42,Current employee,Non-Travel,926,Research & Development,21,2,Other,1,13771,137226,3,Female,75,1,1,Research Scientist,4,Married,2168,26933,4,Y,Yes,18,3,1,80,1,6,2,2,5,4,1,3,Seek
42,Current employee,Non-Travel,926,Research & Development,21,2,Medical,1,13774,137229,3,Female,75,1,1,Research Scientist,4,Married,2168,26933,0,Y,Yes,18,3,1,80,1,6,2,2,5,4,1,3,Seek
42,Current employee,Non-Travel,926,Research & Development,21,2,Other,1,13775,137230,3,Female,75,1,1,Research Scientist,4,Married,2168,26933,4,Y,Yes,18,3,1,80,1,6,2,2,5,4,1,3,Seek
42,Current employee,Non-Travel,926,Research & Development,21,2,Medical,1,13777,137232,3,Female,75,1,1,Research Scientist,4,Married,2168,26933,0,Y,Yes,18,3,1,80,1,6,2,2,5,4,1,3,Seek
42,Current employee,Non-Travel,926,Research & Development,21,2,Other,1,13779,137234,3,Female,75,1,1,Research Scientist,4,Married,2168,26933,4,Y,Yes,18,3,1,80,1,6,2,2,5,4,1,3,Seek
42,Current employee,Non-Travel,926,Research & Development,21,2,Medical,1,13782,137237,3,Female,75,1,1,Research Scientist,4,Married,2168,26933,0,Y,Yes,18,3,1,80,1,6,2,2,5,4,1,3,Seek
42,Current employee,Non-Travel,926,Research & Development,21,2,Other,1,13783,137238,3,Female,75,1,1,Research Scientist,4,Married,2168,26933,4,Y,Yes,18,3,1,80,1,6,2,2,5,4,1,3,Seek
42,Current employee,Non-Travel,179,Human Resources,2,5,Medical,1,14071,137526,4,Male,79,4,2,Human Resources,1,Married,6272,12858,7,Y,No,16,3,1,80,1,10,3,4,4,3,0,3,GlassDoor
42,Current employee,Travel_Rarely,269,Research & Development,2,3,Medical,1,14072,137527,3,Male,76,4,2,Human Resources,1,Married,6272,12858,7,Y,No,16,3,1,80,1,10,3,4,4,3,0,3,GlassDoor
42,Current employee,Non-Travel,179,Human Resources,2,5,Life Sciences,1,14073,137528,4,Male,79,4,2,Human Resources,1,Married,6272,12858,0,Y,No,16,3,1,80,1,10,3,4,4,3,0,3,GlassDoor
42,Current employee,Travel_Rarely,269,Research & Development,2,3,Life Sciences,1,14074,137529,3,Male,76,4,2,Human Resources,1,Married,6272,12858,0,Y,No,16,3,1,80,1,10,3,4,4,3,0,3,GlassDoor
42,Current employee,Non-Travel,179,Human Resources,2,5,Medical,1,14075,137530,4,Male,79,4,2,Human Resources,1,Married,6272,12858,7,Y,No,16,3,1,80,1,10,3,4,4,3,0,3,GlassDoor
42,Current employee,Travel_Rarely,269,Research & Development,2,3,Medical,1,14076,137531,3,Male,76,4,2,Human Resources,1,Married,6272,12858,7,Y,No,16,3,1,80,1,10,3,4,4,3,0,3,GlassDoor
42,Current employee,Non-Travel,179,Human Resources,2,5,Life Sciences,1,14077,137532,4,Male,79,4,2,Human Resources,1,Married,6272,12858,0,Y,No,16,3,1,80,1,10,3,4,4,3,0,3,GlassDoor
42,Current employee,Travel_Rarely,269,Research & Development,2,3,Life Sciences,1,14078,137533,3,Male,76,4,2,Human Resources,1,Married,6272,12858,0,Y,No,16,3,1,80,1,10,3,4,4,3,0,3,GlassDoor
42,Current employee,Non-Travel,179,Human Resources,2,5,Medical,1,14079,137534,4,Male,79,4,2,Human Resources,1,Married,6272,12858,7,Y,No,16,3,1,80,1,10,3,4,4,3,0,3,GlassDoor
42,Current employee,Travel_Rarely,269,Research & Development,2,3,Medical,1,14080,137535,3,Male,76,4,2,Human Resources,1,Married,6272,12858,7,Y,No,16,3,1,80,1,10,3,4,4,3,0,3,GlassDoor
42,Current employee,Non-Travel,179,Human Resources,2,5,Life Sciences,1,14081,137536,4,Male,79,4,2,Human Resources,1,Married,6272,12858,0,Y,No,16,3,1,80,1,10,3,4,4,3,0,3,GlassDoor
42,Current employee,Travel_Rarely,269,Research & Development,2,3,Life Sciences,1,14082,137537,3,Male,76,4,2,Human Resources,1,Married,6272,12858,0,Y,No,16,3,1,80,1,10,3,4,4,3,0,3,GlassDoor
42,Current employee,Non-Travel,179,Human Resources,2,5,Medical,1,14083,137538,4,Male,79,4,2,Human Resources,1,Married,6272,12858,7,Y,No,16,3,1,80,1,10,3,4,4,3,0,3,GlassDoor
42,Current employee,Travel_Rarely,269,Research & Development,2,3,Medical,1,14084,137539,3,Male,76,4,2,Human Resources,1,Married,6272,12858,7,Y,No,16,3,1,80,1,10,3,4,4,3,0,3,GlassDoor
42,Current employee,Non-Travel,179,Human Resources,2,5,Life Sciences,1,14085,137540,4,Male,79,4,2,Human Resources,1,Married,6272,12858,0,Y,No,16,3,1,80,1,10,3,4,4,3,0,3,GlassDoor
42,Current employee,Travel_Rarely,269,Research & Development,2,3,Life Sciences,1,14086,137541,3,Male,76,4,2,Human Resources,1,Married,6272,12858,0,Y,No,16,3,1,80,1,10,3,4,4,3,0,3,GlassDoor
42,Current employee,Travel_Frequently,458,Research & Development,26,5,Medical,1,14213,137668,1,Female,60,3,3,Research Director,1,Married,13191,23281,3,Y,Yes,17,3,3,80,0,20,6,3,1,0,0,0,Recruit.net
42,Current employee,Travel_Frequently,458,Research & Development,26,5,Technical Degree,1,14216,137671,1,Female,60,3,3,Research Director,1,Married,13191,23281,2,Y,Yes,17,3,3,80,0,20,6,3,1,0,0,0,Recruit.net
42,Current employee,Travel_Frequently,458,Research & Development,26,5,Medical,1,14219,137674,1,Female,60,3,3,Research Director,1,Married,13191,23281,3,Y,Yes,17,3,3,80,0,20,6,3,1,0,0,0,Recruit.net
42,Current employee,Travel_Frequently,458,Research & Development,26,5,Technical Degree,1,14220,137675,1,Female,60,3,3,Research Director,1,Married,13191,23281,2,Y,Yes,17,3,3,80,0,20,6,3,1,0,0,0,Recruit.net
42,Current employee,Travel_Frequently,458,Research & Development,26,5,Medical,1,14221,137676,1,Female,60,3,3,Research Director,1,Married,13191,23281,3,Y,Yes,17,3,3,80,0,20,6,3,1,0,0,0,Recruit.net
42,Current employee,Travel_Frequently,458,Research & Development,26,5,Technical Degree,1,14224,137679,1,Female,60,3,3,Research Director,1,Married,13191,23281,2,Y,Yes,17,3,3,80,0,20,6,3,1,0,0,0,Recruit.net
42,Current employee,Travel_Frequently,458,Research & Development,26,5,Medical,1,14227,137682,1,Female,60,3,3,Research Director,1,Married,13191,23281,3,Y,Yes,17,3,3,80,0,20,6,3,1,0,0,0,Recruit.net
42,Current employee,Travel_Frequently,458,Research & Development,26,5,Technical Degree,1,14228,137683,1,Female,60,3,3,Research Director,1,Married,13191,23281,2,Y,Yes,17,3,3,80,0,20,6,3,1,0,0,0,Recruit.net
42,Current employee,Travel_Rarely,603,Research & Development,7,4,Medical,1,14816,138271,2,Female,78,4,2,Research Scientist,2,Married,2372,5628,6,Y,Yes,16,3,4,80,0,18,2,3,1,0,0,0,GlassDoor
42,Current employee,Travel_Rarely,603,Research & Development,7,4,Marketing,1,14818,138273,2,Female,78,4,2,Research Scientist,2,Married,2372,5628,3,Y,Yes,16,3,4,80,0,18,2,3,1,0,0,0,GlassDoor
42,Current employee,Travel_Rarely,603,Research & Development,7,4,Medical,1,14820,138275,2,Female,78,4,2,Research Scientist,2,Married,2372,5628,6,Y,Yes,16,3,4,80,0,18,2,3,1,0,0,0,GlassDoor
42,Current employee,Travel_Rarely,603,Research & Development,7,4,Marketing,1,14821,138276,2,Female,78,4,2,Research Scientist,2,Married,2372,5628,3,Y,Yes,16,3,4,80,0,18,2,3,1,0,0,0,GlassDoor
42,Current employee,Travel_Rarely,603,Research & Development,7,4,Medical,1,14824,138279,2,Female,78,4,2,Research Scientist,2,Married,2372,5628,6,Y,Yes,16,3,4,80,0,18,2,3,1,0,0,0,GlassDoor
42,Current employee,Travel_Rarely,603,Research & Development,7,4,Marketing,1,14826,138281,2,Female,78,4,2,Research Scientist,2,Married,2372,5628,3,Y,Yes,16,3,4,80,0,18,2,3,1,0,0,0,GlassDoor
42,Current employee,Travel_Rarely,603,Research & Development,7,4,Medical,1,14828,138283,2,Female,78,4,2,Research Scientist,2,Married,2372,5628,6,Y,Yes,16,3,4,80,0,18,2,3,1,0,0,0,GlassDoor
42,Current employee,Travel_Rarely,603,Research & Development,7,4,Marketing,1,14829,138284,2,Female,78,4,2,Research Scientist,2,Married,2372,5628,3,Y,Yes,16,3,4,80,0,18,2,3,1,0,0,0,GlassDoor
42,Current employee,Travel_Rarely,319,Research & Development,24,3,Medical,1,15008,138463,3,Female,78,2,4,Manager,2,Divorced,17123,17334,6,Y,Yes,13,3,4,80,2,21,4,3,19,9,15,2,Company Website
42,Current employee,Travel_Rarely,319,Research & Development,24,3,Technical Degree,1,15010,138465,3,Female,78,2,4,Manager,2,Divorced,17123,17334,1,Y,Yes,13,3,4,80,2,21,4,3,19,9,15,2,Company Website
42,Current employee,Travel_Rarely,319,Research & Development,24,3,Medical,1,15013,138468,3,Female,78,2,4,Manager,2,Divorced,17123,17334,6,Y,Yes,13,3,4,80,2,21,4,3,19,9,15,2,Company Website
42,Current employee,Travel_Rarely,319,Research & Development,24,3,Technical Degree,1,15014,138469,3,Female,78,2,4,Manager,2,Divorced,17123,17334,1,Y,Yes,13,3,4,80,2,21,4,3,19,9,15,2,Company Website
42,Current employee,Travel_Rarely,319,Research & Development,24,3,Medical,1,15016,138471,3,Female,78,2,4,Manager,2,Divorced,17123,17334,6,Y,Yes,13,3,4,80,2,21,4,3,19,9,15,2,Company Website
42,Current employee,Travel_Rarely,319,Research & Development,24,3,Technical Degree,1,15018,138473,3,Female,78,2,4,Manager,2,Divorced,17123,17334,1,Y,Yes,13,3,4,80,2,21,4,3,19,9,15,2,Company Website
42,Current employee,Travel_Rarely,319,Research & Development,24,3,Medical,1,15021,138476,3,Female,78,2,4,Manager,2,Divorced,17123,17334,6,Y,Yes,13,3,4,80,2,21,4,3,19,9,15,2,Company Website
42,Current employee,Travel_Rarely,319,Research & Development,24,3,Technical Degree,1,15022,138477,3,Female,78,2,4,Manager,2,Divorced,17123,17334,1,Y,Yes,13,3,4,80,2,21,4,3,19,9,15,2,Company Website
42,Current employee,Non-Travel,495,Research & Development,,1,Life Sciences,1,15285,138740,3,Male,37,3,4,Manager,3,Married,17861,26582,0,Y,Yes,13,3,4,80,0,21,3,2,20,8,2,10,Seek
42,Current employee,Non-Travel,495,Research & Development,2,1,Life Sciences,1,15288,138743,3,Male,37,3,4,Manager,3,Married,17861,26582,1,Y,Yes,13,3,4,80,0,21,3,2,20,8,2,10,Seek
42,Current employee,Non-Travel,495,Research & Development,2,1,Life Sciences,1,15289,138744,3,Male,37,3,4,Manager,3,Married,17861,26582,0,Y,Yes,13,3,4,80,0,21,3,2,20,8,2,10,Seek
42,Current employee,Non-Travel,495,Research & Development,2,1,Life Sciences,1,15290,138745,3,Male,37,3,4,Manager,3,Married,17861,26582,1,Y,Yes,13,3,4,80,0,21,3,2,20,8,2,10,Seek
42,Current employee,Non-Travel,495,Research & Development,2,1,Life Sciences,1,15292,138747,3,Male,37,3,4,Manager,3,Married,17861,26582,0,Y,Yes,13,3,4,80,0,21,3,2,20,8,2,10,Seek
42,Current employee,Non-Travel,495,Research & Development,2,1,Life Sciences,1,15295,138750,3,Male,37,3,4,Manager,3,Married,17861,26582,1,Y,Yes,13,3,4,80,0,21,3,2,20,8,2,10,Seek
42,Current employee,Non-Travel,495,Research & Development,2,1,Life Sciences,1,15296,138751,3,Male,37,3,4,Manager,3,Married,17861,26582,0,Y,Yes,13,3,4,80,0,21,3,2,20,8,2,10,Seek
42,Current employee,Non-Travel,495,Research & Development,2,1,Life Sciences,1,15297,138752,3,Male,37,3,4,Manager,3,Married,17861,26582,1,Y,Yes,13,3,4,80,0,21,3,2,20,8,2,10,Seek
42,Current employee,Travel_Frequently,1271,Research & Development,2,1,Medical,1,15951,139406,3,Female,81,2,2,Sales Executive,4,Married,5769,7100,1,Y,Yes,11,4,4,80,0,6,3,3,6,2,4,4,Company Website
42,Current employee,Travel_Frequently,1271,Research & Development,2,1,Life Sciences,1,15952,139407,3,Female,81,2,2,Sales Executive,4,Married,5769,7100,4,Y,Yes,11,3,4,80,0,6,3,3,6,2,4,4,Company Website
42,Current employee,Travel_Frequently,1271,Research & Development,2,1,Medical,1,15956,139411,3,Female,81,2,2,Sales Executive,4,Married,5769,7100,1,Y,Yes,11,3,4,80,0,6,3,3,6,2,4,4,Company Website
42,Current employee,Travel_Frequently,1271,Research & Development,2,1,Life Sciences,1,15957,139412,3,Female,81,2,2,Sales Executive,4,Married,5769,7100,4,Y,Yes,11,3,4,80,0,6,3,3,6,2,4,4,Company Website
42,Current employee,Travel_Frequently,1271,Research & Development,2,1,Medical,1,15959,139414,3,Female,81,2,2,Sales Executive,4,Married,5769,7100,1,Y,Yes,11,4,4,80,0,6,3,3,6,2,4,4,Company Website
42,Current employee,Travel_Frequently,1271,Research & Development,2,1,Life Sciences,1,15960,139415,3,Female,81,2,2,Sales Executive,4,Married,5769,7100,4,Y,Yes,11,3,4,80,0,6,3,3,6,2,4,4,Company Website
42,Current employee,Travel_Frequently,1271,Research & Development,2,1,Medical,1,15964,139419,3,Female,81,2,2,Sales Executive,4,Married,5769,7100,1,Y,Yes,11,3,4,80,0,6,3,3,6,2,4,4,Company Website
42,Current employee,Travel_Frequently,1271,Research & Development,2,1,Life Sciences,1,15965,139420,3,Female,81,2,2,Sales Executive,4,Married,5769,7100,4,Y,Yes,11,3,4,80,0,6,3,3,6,2,4,4,Company Website
42,Current employee,Travel_Rarely,1147,Human Resources,10,3,Human Resources,1,15998,139453,3,Female,31,3,4,Manager,1,Married,16799,16616,0,Y,No,14,3,3,80,1,21,5,3,20,7,0,9,Company Website
42,Current employee,Travel_Rarely,1147,Human Resources,10,3,Medical,1,16000,139455,3,Female,31,3,4,Manager,1,Married,16799,16616,1,Y,No,14,3,3,80,1,21,5,3,20,7,0,9,Company Website
42,Current employee,Travel_Rarely,1147,Human Resources,10,3,Human Resources,1,16004,139459,3,Female,31,3,4,Manager,1,Married,16799,16616,0,Y,No,14,3,3,80,1,21,5,3,20,7,0,9,Company Website
42,Current employee,Travel_Rarely,1147,Human Resources,10,3,Medical,1,16005,139460,3,Female,31,3,4,Manager,1,Married,16799,16616,1,Y,No,14,3,3,80,1,21,5,3,20,7,0,9,Company Website
42,Current employee,Travel_Rarely,1147,Human Resources,10,3,Human Resources,1,16006,139461,3,Female,31,3,4,Manager,1,Married,16799,16616,0,Y,No,14,3,3,80,1,21,5,3,20,7,0,9,Company Website
42,Current employee,Travel_Rarely,1147,Human Resources,10,3,Medical,1,16008,139463,3,Female,31,3,4,Manager,1,Married,16799,16616,1,Y,No,14,3,3,80,1,21,5,3,20,7,0,9,Company Website
42,Current employee,Travel_Rarely,1147,Human Resources,10,3,Human Resources,1,16012,139467,3,Female,31,3,4,Manager,1,Married,16799,16616,0,Y,No,14,3,3,80,1,21,5,3,20,7,0,9,Company Website
42,Current employee,Travel_Rarely,1147,Human Resources,10,3,Medical,1,16013,139468,3,Female,31,3,4,Manager,1,Married,16799,16616,1,Y,No,14,3,3,80,1,21,5,3,20,7,0,9,Company Website
42,Current employee,Travel_Rarely,462,Sales,14,2,Medical,1,16094,139549,3,Male,81,2,3,Human Resources,1,Single,7988,9769,1,Y,No,13,3,1,80,0,10,3,2,10,9,0,9,Jora
42,Current employee,Travel_Rarely,462,Sales,14,2,Medical,1,16095,139550,3,Male,81,2,3,Human Resources,1,Single,7988,9769,0,Y,No,13,3,1,80,0,10,3,2,10,9,0,9,Jora
42,Current employee,Travel_Rarely,462,Sales,14,2,Medical,1,16099,139554,3,Male,81,2,3,Human Resources,1,Single,7988,9769,1,Y,No,13,3,1,80,0,10,3,2,10,9,0,9,Jora
42,Current employee,Travel_Rarely,462,Sales,14,2,Medical,1,16100,139555,3,Male,81,2,3,Human Resources,1,Single,7988,9769,0,Y,No,13,3,1,80,0,10,3,2,10,9,0,9,Jora
42,Current employee,Travel_Rarely,462,Sales,14,2,Medical,1,16102,139557,3,Male,81,2,3,Human Resources,1,Single,7988,9769,1,Y,No,13,3,1,80,0,10,3,2,10,9,0,9,Jora
42,Current employee,Travel_Rarely,462,Sales,14,2,Medical,1,16103,139558,3,Male,81,2,3,Human Resources,1,Single,7988,9769,0,Y,No,13,3,1,80,0,10,3,2,10,9,0,9,Jora
42,Current employee,Travel_Rarely,462,Sales,14,2,Medical,1,16107,139562,3,Male,81,2,3,Human Resources,1,Single,7988,9769,1,Y,No,13,3,1,80,0,10,3,2,10,9,0,9,Jora
42,Current employee,Travel_Rarely,462,Sales,14,2,Medical,1,16108,139563,3,Male,81,2,3,Human Resources,1,Single,7988,9769,0,Y,No,13,3,1,80,0,10,3,2,10,9,0,9,Jora
42,Current employee,Travel_Rarely,469,Research & Development,2,2,Medical,1,16777,140232,4,Male,83,1,2,Sales Executive,1,Single,4759,15891,3,Y,No,18,4,4,80,0,15,2,3,13,9,3,12,Indeed
42,Current employee,Travel_Rarely,469,Research & Development,2,2,Life Sciences,1,16778,140233,4,Male,83,1,2,Sales Executive,1,Single,4759,15891,4,Y,No,18,3,4,80,0,15,2,3,13,9,3,12,Indeed
42,Current employee,Travel_Rarely,469,Research & Development,2,2,Medical,1,16782,140237,4,Male,83,1,2,Sales Executive,1,Single,4759,15891,3,Y,No,18,3,4,80,0,15,2,3,13,9,3,12,Indeed
42,Current employee,Travel_Rarely,469,Research & Development,2,2,Life Sciences,1,16783,140238,4,Male,83,1,2,Sales Executive,1,Single,4759,15891,4,Y,No,18,3,4,80,0,15,2,3,13,9,3,12,Indeed
42,Current employee,Travel_Rarely,469,Research & Development,2,2,Medical,1,16785,140240,4,Male,83,1,2,Sales Executive,1,Single,4759,15891,3,Y,No,18,4,4,80,0,15,2,3,13,9,3,12,Indeed
42,Current employee,Travel_Rarely,469,Research & Development,2,2,Life Sciences,1,16786,140241,4,Male,83,1,2,Sales Executive,1,Single,4759,15891,4,Y,No,18,3,4,80,0,15,2,3,13,9,3,12,Indeed
42,Current employee,Travel_Rarely,469,Research & Development,2,2,Medical,1,16790,140245,4,Male,83,1,2,Sales Executive,1,Single,4759,15891,3,Y,No,18,3,4,80,0,15,2,3,13,9,3,12,Indeed
42,Current employee,Travel_Rarely,469,Research & Development,2,2,Life Sciences,1,16791,140246,4,Male,83,1,2,Sales Executive,1,Single,4759,15891,4,Y,No,18,3,4,80,0,15,2,3,13,9,3,12,Indeed
42,Current employee,Travel_Frequently,748,Research & Development,9,2,Medical,1,16808,140263,1,Female,74,3,1,Laboratory Technician,4,Single,3673,16458,1,Y,No,13,3,3,80,0,12,3,3,12,9,5,8,Adzuna
42,Current employee,Travel_Frequently,748,Research & Development,9,2,Medical,1,16811,140266,1,Female,74,3,1,Laboratory Technician,4,Single,3673,16458,1,Y,No,13,3,3,80,0,12,3,3,12,9,5,8,Adzuna
42,Current employee,Travel_Frequently,748,Research & Development,9,2,Medical,1,16812,140267,1,Female,74,3,1,Laboratory Technician,4,Single,3673,16458,1,Y,No,13,3,3,80,0,12,3,3,12,9,5,8,Adzuna
42,Current employee,Travel_Frequently,748,Research & Development,9,2,Medical,1,16813,140268,1,Female,74,3,1,Laboratory Technician,4,Single,3673,16458,1,Y,No,13,3,3,80,0,12,3,3,12,9,5,8,Adzuna
42,Current employee,Travel_Frequently,748,Research & Development,9,2,Medical,1,16816,140271,1,Female,74,3,1,Laboratory Technician,4,Single,3673,16458,1,Y,No,13,3,3,80,0,12,3,3,12,9,5,8,Adzuna
42,Current employee,Travel_Frequently,748,Research & Development,9,2,Medical,1,16819,140274,1,Female,74,3,1,Laboratory Technician,4,Single,3673,16458,1,Y,No,13,3,3,80,0,12,3,3,12,9,5,8,Adzuna
42,Current employee,Travel_Frequently,748,Research & Development,9,2,Medical,1,16820,140275,1,Female,74,3,1,Laboratory Technician,4,Single,3673,16458,1,Y,No,13,3,3,80,0,12,3,3,12,9,5,8,Adzuna
42,Current employee,Travel_Frequently,748,Research & Development,9,2,Medical,1,16821,140276,1,Female,74,3,1,Laboratory Technician,4,Single,3673,16458,1,Y,No,13,3,3,80,0,12,3,3,12,9,5,8,Adzuna
42,Current employee,Travel_Rarely,188,Research & Development,29,3,Medical,1,16856,140311,4,Male,83,4,2,Research Scientist,3,Married,4900,2721,0,Y,No,24,3,1,80,1,13,2,2,12,9,2,8,Company Website
42,Current employee,Travel_Rarely,188,Research & Development,29,3,Technical Degree,1,16858,140313,4,Male,83,4,2,Research Scientist,3,Married,4900,2721,4,Y,No,24,3,1,80,1,13,2,2,12,9,2,8,Company Website
42,Current employee,Travel_Rarely,188,Research & Development,29,3,Medical,1,16859,140314,4,Male,83,4,2,Research Scientist,3,Married,4900,2721,0,Y,No,24,4,1,80,1,13,2,2,12,9,2,8,Company Website
42,Current employee,Travel_Rarely,188,Research & Development,29,3,Technical Degree,1,16860,140315,4,Male,83,4,2,Research Scientist,3,Married,4900,2721,4,Y,No,24,4,1,80,1,13,2,2,12,9,2,8,Company Website
42,Current employee,Travel_Rarely,188,Research & Development,29,3,Medical,1,16864,140319,4,Male,83,4,2,Research Scientist,3,Married,4900,2721,0,Y,No,24,3,1,80,1,13,2,2,12,9,2,8,Company Website
42,Current employee,Travel_Rarely,188,Research & Development,29,3,Technical Degree,1,16866,140321,4,Male,83,4,2,Research Scientist,3,Married,4900,2721,4,Y,No,24,3,1,80,1,13,2,2,12,9,2,8,Company Website
42,Current employee,Travel_Rarely,188,Research & Development,29,3,Medical,1,16867,140322,4,Male,83,4,2,Research Scientist,3,Married,4900,2721,0,Y,No,24,4,1,80,1,13,2,2,12,9,2,8,Company Website
42,Current employee,Travel_Rarely,188,Research & Development,29,3,Technical Degree,1,16868,140323,4,Male,83,4,2,Research Scientist,3,Married,4900,2721,4,Y,No,24,4,1,80,1,13,2,2,12,9,2,8,Company Website
42,Current employee,Non-Travel,179,Human Resources,2,5,Medical,1,17142,140597,4,Female,84,2,2,Laboratory Technician,1,Married,4789,23070,4,Y,No,25,4,1,80,1,10,3,3,3,2,1,2,Company Website
42,Current employee,Non-Travel,179,Human Resources,2,5,Life Sciences,1,17143,140598,4,Female,84,2,2,Laboratory Technician,1,Married,4789,23070,1,Y,No,25,3,1,80,1,10,3,3,3,2,1,2,Company Website
42,Current employee,Non-Travel,179,Human Resources,2,5,Medical,1,17145,140600,4,Female,84,2,2,Laboratory Technician,1,Married,4789,23070,4,Y,No,25,4,1,80,1,10,3,3,3,2,1,2,Company Website
42,Current employee,Non-Travel,179,Human Resources,2,5,Life Sciences,1,17146,140601,4,Female,84,2,2,Laboratory Technician,1,Married,4789,23070,1,Y,No,25,4,1,80,1,10,3,3,3,2,1,2,Company Website
42,Current employee,Non-Travel,179,Human Resources,2,5,Medical,1,17150,140605,4,Female,84,2,2,Laboratory Technician,1,Married,4789,23070,4,Y,No,25,4,1,80,1,10,3,3,3,2,1,2,Company Website
42,Current employee,Non-Travel,179,Human Resources,2,5,Life Sciences,1,17151,140606,4,Female,84,2,2,Laboratory Technician,1,Married,4789,23070,1,Y,No,25,3,1,80,1,10,3,3,3,2,1,2,Company Website
42,Current employee,Non-Travel,179,Human Resources,2,5,Medical,1,17153,140608,4,Female,84,2,2,Laboratory Technician,1,Married,4789,23070,4,Y,No,25,4,1,80,1,10,3,3,3,2,1,2,Company Website
42,Current employee,Non-Travel,179,Human Resources,2,5,Life Sciences,1,17154,140609,4,Female,84,2,2,Laboratory Technician,1,Married,4789,23070,1,Y,No,25,4,1,80,1,10,3,3,3,2,1,2,Company Website
42,Current employee,Travel_Frequently,458,Research & Development,26,5,Medical,1,17190,140645,4,Male,84,3,2,Healthcare Representative,3,Single,6388,22049,2,Y,Yes,17,3,1,80,0,14,6,3,0,0,0,0,GlassDoor
42,Current employee,Travel_Frequently,458,Research & Development,26,5,Technical Degree,1,17192,140647,4,Male,84,3,2,Healthcare Representative,3,Single,6388,22049,0,Y,Yes,17,3,1,80,0,14,6,3,0,0,0,0,GlassDoor
42,Current employee,Travel_Frequently,458,Research & Development,26,5,Medical,1,17195,140650,4,Male,84,3,2,Healthcare Representative,3,Single,6388,22049,2,Y,Yes,17,3,1,80,0,14,6,3,0,0,0,0,GlassDoor
42,Current employee,Travel_Frequently,458,Research & Development,26,5,Technical Degree,1,17196,140651,4,Male,84,3,2,Healthcare Representative,3,Single,6388,22049,0,Y,Yes,17,3,1,80,0,14,6,3,0,0,0,0,GlassDoor
42,Current employee,Travel_Frequently,458,Research & Development,26,5,Medical,1,17198,140653,4,Male,84,3,2,Healthcare Representative,3,Single,6388,22049,2,Y,Yes,17,3,1,80,0,14,6,3,0,0,0,0,GlassDoor
42,Current employee,Travel_Frequently,458,Research & Development,26,5,Technical Degree,1,17200,140655,4,Male,84,3,2,Healthcare Representative,3,Single,6388,22049,0,Y,Yes,17,3,1,80,0,14,6,3,0,0,0,0,GlassDoor
42,Current employee,Travel_Frequently,458,Research & Development,26,5,Medical,1,17203,140658,4,Male,84,3,2,Healthcare Representative,3,Single,6388,22049,2,Y,Yes,17,3,1,80,0,14,6,3,0,0,0,0,GlassDoor
42,Current employee,Travel_Frequently,458,Research & Development,26,5,Technical Degree,1,17204,140659,4,Male,84,3,2,Healthcare Representative,3,Single,6388,22049,0,Y,Yes,17,3,1,80,0,14,6,3,0,0,0,0,GlassDoor
42,Current employee,Travel_Rarely,603,Research & Development,7,4,Medical,1,17337,140792,4,Male,84,3,1,Laboratory Technician,1,Single,2018,21831,3,Y,No,14,3,2,80,0,15,3,1,5,4,1,0,Indeed
42,Current employee,Travel_Rarely,603,Research & Development,7,4,Marketing,1,17338,140793,4,Male,84,3,1,Laboratory Technician,1,Single,2018,21831,1,Y,No,14,3,2,80,0,15,3,1,5,4,1,0,Indeed
42,Current employee,Travel_Rarely,603,Research & Development,7,4,Medical,1,17342,140797,4,Male,84,3,1,Laboratory Technician,1,Single,2018,21831,3,Y,No,14,3,2,80,0,15,3,1,5,4,1,0,Indeed
42,Current employee,Travel_Rarely,603,Research & Development,7,4,Marketing,1,17343,140798,4,Male,84,3,1,Laboratory Technician,1,Single,2018,21831,1,Y,No,14,3,2,80,0,15,3,1,5,4,1,0,Indeed
42,Current employee,Travel_Rarely,603,Research & Development,7,4,Medical,1,17345,140800,4,Male,84,3,1,Laboratory Technician,1,Single,2018,21831,3,Y,No,14,3,2,80,0,15,3,1,5,4,1,0,Indeed
42,Current employee,Travel_Rarely,603,Research & Development,7,4,Marketing,1,17346,140801,4,Male,84,3,1,Laboratory Technician,1,Single,2018,21831,1,Y,No,14,3,2,80,0,15,3,1,5,4,1,0,Indeed
42,Current employee,Travel_Rarely,603,Research & Development,7,4,Medical,1,17350,140805,4,Male,84,3,1,Laboratory Technician,1,Single,2018,21831,3,Y,No,14,3,2,80,0,15,3,1,5,4,1,0,Indeed
42,Current employee,Travel_Rarely,603,Research & Development,7,4,Marketing,1,17351,140806,4,Male,84,3,1,Laboratory Technician,1,Single,2018,21831,1,Y,No,14,3,2,80,0,15,3,1,5,4,1,0,Indeed
42,Current employee,Travel_Rarely,1210,Research & Development,2,3,Medical,1,17416,140871,3,Male,68,2,1,Laboratory Technician,2,Married,4841,24052,4,Y,No,14,3,2,80,1,4,3,3,1,0,0,0,Jora
42,Current employee,Travel_Rarely,1210,Research & Development,2,3,Life Sciences,1,17418,140873,3,Male,68,2,1,Laboratory Technician,2,Married,4841,24052,1,Y,No,14,3,2,80,1,4,3,3,1,0,0,0,Jora
42,Current employee,Travel_Rarely,1210,Research & Development,2,3,Medical,1,17422,140877,3,Male,68,2,1,Laboratory Technician,2,Married,4841,24052,4,Y,No,14,3,2,80,1,4,3,3,1,0,0,0,Jora
42,Current employee,Travel_Rarely,1210,Research & Development,2,3,Life Sciences,1,17423,140878,3,Male,68,2,1,Laboratory Technician,2,Married,4841,24052,1,Y,No,14,3,2,80,1,4,3,3,1,0,0,0,Jora
42,Current employee,Travel_Rarely,1210,Research & Development,2,3,Medical,1,17424,140879,3,Male,68,2,1,Laboratory Technician,2,Married,4841,24052,4,Y,No,14,3,2,80,1,4,3,3,1,0,0,0,Jora
42,Current employee,Travel_Rarely,1210,Research & Development,2,3,Life Sciences,1,17426,140881,3,Male,68,2,1,Laboratory Technician,2,Married,4841,24052,1,Y,No,14,3,2,80,1,4,3,3,1,0,0,0,Jora
42,Current employee,Travel_Rarely,1210,Research & Development,2,3,Medical,1,17430,140885,3,Male,68,2,1,Laboratory Technician,2,Married,4841,24052,4,Y,No,14,3,2,80,1,4,3,3,1,0,0,0,Jora
42,Current employee,Travel_Rarely,1210,Research & Development,2,3,Life Sciences,1,17431,140886,3,Male,68,2,1,Laboratory Technician,2,Married,4841,24052,1,Y,No,14,3,2,80,1,4,3,3,1,0,0,0,Jora
42,Current employee,Travel_Frequently,288,Research & Development,2,3,Life Sciences,1,17493,140948,4,Male,40,3,3,Healthcare Representative,4,Married,10124,18611,2,Y,Yes,14,3,3,80,1,24,3,1,20,8,13,9,Seek
42,Current employee,Travel_Frequently,288,Research & Development,2,3,Life Sciences,1,17495,140950,4,Male,40,3,3,Healthcare Representative,4,Married,10124,18611,0,Y,Yes,14,3,3,80,1,24,3,1,20,8,13,9,Seek
42,Current employee,Travel_Frequently,288,Research & Development,2,3,Life Sciences,1,17499,140954,4,Male,40,3,3,Healthcare Representative,4,Married,10124,18611,2,Y,Yes,14,3,3,80,1,24,3,1,20,8,13,9,Seek
42,Current employee,Travel_Frequently,288,Research & Development,2,3,Life Sciences,1,17500,140955,4,Male,40,3,3,Healthcare Representative,4,Married,10124,18611,0,Y,Yes,14,3,3,80,1,24,3,1,20,8,13,9,Seek
42,Current employee,Travel_Frequently,288,Research & Development,2,3,Life Sciences,1,17501,140956,4,Male,40,3,3,Healthcare Representative,4,Married,10124,18611,2,Y,Yes,14,3,3,80,1,24,3,1,20,8,13,9,Seek
42,Current employee,Travel_Frequently,288,Research & Development,2,3,Life Sciences,1,17503,140958,4,Male,40,3,3,Healthcare Representative,4,Married,10124,18611,0,Y,Yes,14,3,3,80,1,24,3,1,20,8,13,9,Seek
42,Current employee,Travel_Frequently,288,Research & Development,2,3,Life Sciences,1,17507,140962,4,Male,40,3,3,Healthcare Representative,4,Married,10124,18611,2,Y,Yes,14,3,3,80,1,24,3,1,20,8,13,9,Seek
42,Current employee,Travel_Frequently,288,Research & Development,2,3,Life Sciences,1,17508,140963,4,Male,40,3,3,Healthcare Representative,4,Married,10124,18611,0,Y,Yes,14,3,3,80,1,24,3,1,20,8,13,9,Seek
42,Current employee,Travel_Frequently,748,Research & Development,9,2,Medical,1,17913,141368,4,Female,86,3,2,Sales Executive,2,Single,4198,16379,2,Y,No,12,3,2,80,0,8,5,4,3,2,1,2,GlassDoor
42,Current employee,Travel_Frequently,748,Research & Development,9,2,Medical,1,17914,141369,4,Female,86,3,2,Sales Executive,2,Single,4198,16379,6,Y,No,12,3,2,80,0,8,5,4,3,2,1,2,GlassDoor
42,Current employee,Travel_Frequently,748,Research & Development,9,2,Medical,1,17918,141373,4,Female,86,3,2,Sales Executive,2,Single,4198,16379,2,Y,No,12,3,2,80,0,8,5,4,3,2,1,2,GlassDoor
42,Current employee,Travel_Frequently,748,Research & Development,9,2,Medical,1,17919,141374,4,Female,86,3,2,Sales Executive,2,Single,4198,16379,6,Y,No,12,3,2,80,0,8,5,4,3,2,1,2,GlassDoor
42,Current employee,Travel_Frequently,748,Research & Development,9,2,Medical,1,17921,141376,4,Female,86,3,2,Sales Executive,2,Single,4198,16379,6,Y,No,12,3,2,80,0,8,5,4,3,2,1,2,GlassDoor
42,Current employee,Travel_Frequently,748,Research & Development,9,2,Medical,1,17925,141380,4,Female,86,3,2,Sales Executive,2,Single,4198,16379,2,Y,No,12,3,2,80,0,8,5,4,3,2,1,2,GlassDoor
42,Current employee,Travel_Frequently,748,Research & Development,9,2,Medical,1,17926,141381,4,Female,86,3,2,Sales Executive,2,Single,4198,16379,6,Y,No,12,3,2,80,0,8,5,4,3,2,1,2,GlassDoor
42,Current employee,Travel_Rarely,1059,Research & Development,9,2,Other,1,18049,141504,4,Male,93,2,5,Manager,4,Single,19613,26362,8,Y,No,22,3,4,80,0,24,2,3,1,0,0,1,Seek
42,Current employee,Travel_Rarely,1059,Research & Development,9,2,Medical,1,18051,141506,4,Male,93,2,5,Manager,4,Single,19613,26362,1,Y,No,22,3,4,80,0,24,2,3,1,0,0,1,Seek
42,Current employee,Travel_Rarely,1059,Research & Development,9,2,Other,1,18055,141510,4,Male,93,2,5,Manager,4,Single,19613,26362,8,Y,No,22,4,4,80,0,24,2,3,1,0,0,1,Seek
42,Current employee,Travel_Rarely,1059,Research & Development,9,2,Medical,1,18056,141511,4,Male,93,2,5,Manager,4,Single,19613,26362,1,Y,No,22,4,4,80,0,24,2,3,1,0,0,1,Seek
42,Current employee,Travel_Rarely,1059,Research & Development,9,2,Other,1,18057,141512,4,Male,93,2,5,Manager,4,Single,19613,26362,8,Y,No,22,3,4,80,0,24,2,3,1,0,0,1,Seek
42,Current employee,Travel_Rarely,1059,Research & Development,9,2,Medical,1,18059,141514,4,Male,93,2,5,Manager,4,Single,19613,26362,1,Y,No,22,3,4,80,0,24,2,3,1,0,0,1,Seek
42,Current employee,Travel_Rarely,1059,Research & Development,9,2,Other,1,18063,141518,4,Male,93,2,5,Manager,4,Single,19613,26362,8,Y,No,22,4,4,80,0,24,2,3,1,0,0,1,Seek
42,Current employee,Travel_Rarely,1059,Research & Development,9,2,Medical,1,18064,141519,4,Male,93,2,5,Manager,4,Single,19613,26362,1,Y,No,22,4,4,80,0,24,2,3,1,0,0,1,Seek
42,Current employee,Travel_Rarely,1210,Research & Development,2,3,Medical,1,18096,141551,4,Female,86,3,2,Sales Executive,1,Married,4639,11262,1,Y,No,15,3,3,80,1,5,2,3,5,4,1,2,LinkedIn
42,Current employee,Travel_Rarely,1210,Research & Development,2,3,Life Sciences,1,18097,141552,4,Female,86,3,2,Sales Executive,1,Married,4639,11262,4,Y,No,15,3,3,80,1,5,2,3,5,4,1,2,LinkedIn
42,Current employee,Travel_Rarely,1210,Research & Development,2,3,Medical,1,18101,141556,4,Female,86,3,2,Sales Executive,1,Married,4639,11262,1,Y,No,15,3,3,80,1,5,2,3,5,4,1,2,LinkedIn
42,Current employee,Travel_Rarely,1210,Research & Development,2,3,Life Sciences,1,18102,141557,4,Female,86,3,2,Sales Executive,1,Married,4639,11262,4,Y,No,15,3,3,80,1,5,2,3,5,4,1,2,LinkedIn
42,Current employee,Travel_Rarely,1210,Research & Development,2,3,Medical,1,18104,141559,4,Female,86,3,2,Sales Executive,1,Married,4639,11262,1,Y,No,15,3,3,80,1,5,2,3,5,4,1,2,LinkedIn
42,Current employee,Travel_Rarely,1210,Research & Development,2,3,Life Sciences,1,18105,141560,4,Female,86,3,2,Sales Executive,1,Married,4639,11262,4,Y,No,15,3,3,80,1,5,2,3,5,4,1,2,LinkedIn
42,Current employee,Travel_Rarely,1210,Research & Development,2,3,Medical,1,18109,141564,4,Female,86,3,2,Sales Executive,1,Married,4639,11262,1,Y,No,15,3,3,80,1,5,2,3,5,4,1,2,LinkedIn
42,Current employee,Travel_Rarely,1210,Research & Development,2,3,Life Sciences,1,18110,141565,4,Female,86,3,2,Sales Executive,1,Married,4639,11262,4,Y,No,15,3,3,80,1,5,2,3,5,4,1,2,LinkedIn
42,Current employee,Travel_Rarely,855,Research & Development,12,3,Medical,1,19061,142516,4,Female,89,3,1,Laboratory Technician,1,Divorced,2587,24941,4,Y,Yes,16,4,2,80,1,17,2,2,2,2,2,2,Company Website
42,Current employee,Travel_Rarely,855,Research & Development,12,3,Medical,1,19062,142517,4,Female,89,3,1,Laboratory Technician,1,Divorced,2587,24941,1,Y,Yes,16,3,2,80,1,17,2,2,2,2,2,2,Company Website
42,Current employee,Travel_Rarely,855,Research & Development,12,3,Medical,1,19064,142519,4,Female,89,3,1,Laboratory Technician,1,Divorced,2587,24941,4,Y,Yes,16,3,2,80,1,17,2,2,2,2,2,2,Company Website
42,Current employee,Travel_Rarely,855,Research & Development,12,3,Medical,1,19065,142520,4,Female,89,3,1,Laboratory Technician,1,Divorced,2587,24941,1,Y,Yes,16,3,2,80,1,17,2,2,2,2,2,2,Company Website
42,Current employee,Travel_Rarely,855,Research & Development,12,3,Medical,1,19069,142524,4,Female,89,3,1,Laboratory Technician,1,Divorced,2587,24941,4,Y,Yes,16,4,2,80,1,17,2,2,2,2,2,2,Company Website
42,Current employee,Travel_Rarely,855,Research & Development,12,3,Medical,1,19070,142525,4,Female,89,3,1,Laboratory Technician,1,Divorced,2587,24941,1,Y,Yes,16,3,2,80,1,17,2,2,2,2,2,2,Company Website
42,Current employee,Travel_Rarely,855,Research & Development,12,3,Medical,1,19072,142527,4,Female,89,3,1,Laboratory Technician,1,Divorced,2587,24941,4,Y,Yes,16,3,2,80,1,17,2,2,2,2,2,2,Company Website
42,Current employee,Travel_Rarely,855,Research & Development,12,3,Medical,1,19073,142528,4,Female,89,3,1,Laboratory Technician,1,Divorced,2587,24941,1,Y,Yes,16,3,2,80,1,17,2,2,2,2,2,2,Company Website
42,Current employee,Travel_Rarely,1128,Research & Development,13,3,Medical,1,19176,142631,4,Male,89,3,2,Healthcare Representative,3,Married,5347,7419,6,Y,No,14,3,2,80,2,10,2,2,3,2,0,2,Jora
42,Current employee,Travel_Rarely,1128,Research & Development,13,3,Medical,1,19177,142632,4,Male,89,3,2,Healthcare Representative,3,Married,5347,7419,0,Y,No,14,3,2,80,2,10,2,2,3,2,0,2,Jora
42,Current employee,Travel_Rarely,1128,Research & Development,13,3,Medical,1,19181,142636,4,Male,89,3,2,Healthcare Representative,3,Married,5347,7419,6,Y,No,14,3,2,80,2,10,2,2,3,2,0,2,Jora
42,Current employee,Travel_Rarely,1128,Research & Development,13,3,Medical,1,19182,142637,4,Male,89,3,2,Healthcare Representative,3,Married,5347,7419,0,Y,No,14,3,2,80,2,10,2,2,3,2,0,2,Jora
42,Current employee,Travel_Rarely,1128,Research & Development,13,3,Medical,1,19184,142639,4,Male,89,3,2,Healthcare Representative,3,Married,5347,7419,6,Y,No,14,3,2,80,2,10,2,2,3,2,0,2,Jora
42,Current employee,Travel_Rarely,1128,Research & Development,13,3,Medical,1,19185,142640,4,Male,89,3,2,Healthcare Representative,3,Married,5347,7419,0,Y,No,14,3,2,80,2,10,2,2,3,2,0,2,Jora
42,Current employee,Travel_Rarely,1128,Research & Development,13,3,Medical,1,19189,142644,4,Male,89,3,2,Healthcare Representative,3,Married,5347,7419,6,Y,No,14,3,2,80,2,10,2,2,3,2,0,2,Jora
42,Current employee,Travel_Rarely,1128,Research & Development,13,3,Medical,1,19190,142645,4,Male,89,3,2,Healthcare Representative,3,Married,5347,7419,0,Y,No,14,3,2,80,2,10,2,2,3,2,0,2,Jora
42,Current employee,Travel_Rarely,1396,Research & Development,6,3,Medical,1,19507,142962,4,Female,90,3,2,Sales Representative,4,Single,4502,7439,3,Y,No,15,3,3,80,0,17,2,2,13,7,6,7,Company Website
42,Current employee,Travel_Rarely,1396,Research & Development,6,3,Marketing,1,19509,142964,4,Female,90,3,2,Sales Representative,4,Single,4502,7439,9,Y,No,15,3,3,80,0,17,2,2,13,7,6,7,Company Website
42,Current employee,Travel_Rarely,1396,Research & Development,6,3,Medical,1,19512,142967,4,Female,90,3,2,Sales Representative,4,Single,4502,7439,3,Y,No,15,3,3,80,0,17,2,2,13,7,6,7,Company Website
42,Current employee,Travel_Rarely,1396,Research & Development,6,3,Marketing,1,19513,142968,4,Female,90,3,2,Sales Representative,4,Single,4502,7439,9,Y,No,15,3,3,80,0,17,2,2,13,7,6,7,Company Website
42,Current employee,Travel_Rarely,1396,Research & Development,6,3,Medical,1,19515,142970,4,Female,90,3,2,Sales Representative,4,Single,4502,7439,3,Y,No,15,3,3,80,0,17,2,2,13,7,6,7,Company Website
42,Current employee,Travel_Rarely,1396,Research & Development,6,3,Marketing,1,19517,142972,4,Female,90,3,2,Sales Representative,4,Single,4502,7439,9,Y,No,15,3,3,80,0,17,2,2,13,7,6,7,Company Website
42,Current employee,Travel_Rarely,1396,Research & Development,6,3,Medical,1,19520,142975,4,Female,90,3,2,Sales Representative,4,Single,4502,7439,3,Y,No,15,3,3,80,0,17,2,2,13,7,6,7,Company Website
42,Current employee,Travel_Rarely,1396,Research & Development,6,3,Marketing,1,19521,142976,4,Female,90,3,2,Sales Representative,4,Single,4502,7439,9,Y,No,15,3,3,80,0,17,2,2,13,7,6,7,Company Website
42,Current employee,Travel_Rarely,855,Research & Development,12,3,Medical,1,20189,143644,2,Male,57,3,1,Laboratory Technician,2,Divorced,2766,8952,8,Y,No,22,3,2,80,3,7,6,2,5,3,0,4,Company Website
42,Current employee,Travel_Rarely,855,Research & Development,12,3,Medical,1,20192,143647,2,Male,57,3,1,Laboratory Technician,2,Divorced,2766,8952,1,Y,No,22,3,2,80,3,7,6,2,5,3,0,4,Company Website
42,Current employee,Travel_Rarely,855,Research & Development,12,3,Medical,1,20195,143650,2,Male,57,3,1,Laboratory Technician,2,Divorced,2766,8952,8,Y,No,22,4,2,80,3,7,6,2,5,3,0,4,Company Website
42,Current employee,Travel_Rarely,855,Research & Development,12,3,Medical,1,20196,143651,2,Male,57,3,1,Laboratory Technician,2,Divorced,2766,8952,1,Y,No,22,4,2,80,3,7,6,2,5,3,0,4,Company Website
42,Current employee,Travel_Rarely,855,Research & Development,12,3,Medical,1,20197,143652,2,Male,57,3,1,Laboratory Technician,2,Divorced,2766,8952,8,Y,No,22,3,2,80,3,7,6,2,5,3,0,4,Company Website
42,Current employee,Travel_Rarely,855,Research & Development,12,3,Medical,1,20200,143655,2,Male,57,3,1,Laboratory Technician,2,Divorced,2766,8952,1,Y,No,22,3,2,80,3,7,6,2,5,3,0,4,Company Website
42,Current employee,Travel_Rarely,855,Research & Development,12,3,Medical,1,20203,143658,2,Male,57,3,1,Laboratory Technician,2,Divorced,2766,8952,8,Y,No,22,4,2,80,3,7,6,2,5,3,0,4,Company Website
42,Current employee,Travel_Rarely,855,Research & Development,12,3,Medical,1,20204,143659,2,Male,57,3,1,Laboratory Technician,2,Divorced,2766,8952,1,Y,No,22,4,2,80,3,7,6,2,5,3,0,4,Company Website
42,Current employee,Travel_Rarely,1332,Research & Development,2,4,Other,1,20300,143755,4,Female,92,1,2,Sales Executive,4,Single,6029,25353,5,Y,No,12,3,1,80,0,6,3,3,2,2,2,2,LinkedIn
42,Current employee,Travel_Rarely,1332,Research & Development,2,4,Life Sciences,1,20301,143756,4,Female,92,1,2,Sales Executive,4,Single,6029,25353,4,Y,No,12,3,1,80,0,6,3,3,2,2,2,2,LinkedIn
42,Current employee,Travel_Rarely,1332,Research & Development,2,4,Other,1,20305,143760,4,Female,92,1,2,Sales Executive,4,Single,6029,25353,5,Y,No,12,3,1,80,0,6,3,3,2,2,2,2,LinkedIn
42,Current employee,Travel_Rarely,1332,Research & Development,2,4,Life Sciences,1,20306,143761,4,Female,92,1,2,Sales Executive,4,Single,6029,25353,4,Y,No,12,3,1,80,0,6,3,3,2,2,2,2,LinkedIn
42,Current employee,Travel_Rarely,1332,Research & Development,2,4,Other,1,20308,143763,4,Female,92,1,2,Sales Executive,4,Single,6029,25353,5,Y,No,12,3,1,80,0,6,3,3,2,2,2,2,LinkedIn
42,Current employee,Travel_Rarely,1332,Research & Development,2,4,Life Sciences,1,20309,143764,4,Female,92,1,2,Sales Executive,4,Single,6029,25353,4,Y,No,12,3,1,80,0,6,3,3,2,2,2,2,LinkedIn
42,Current employee,Travel_Rarely,1332,Research & Development,2,4,Other,1,20313,143768,4,Female,92,1,2,Sales Executive,4,Single,6029,25353,5,Y,No,12,3,1,80,0,6,3,3,2,2,2,2,LinkedIn
42,Current employee,Travel_Rarely,1332,Research & Development,2,4,Life Sciences,1,20314,143769,4,Female,92,1,2,Sales Executive,4,Single,6029,25353,4,Y,No,12,3,1,80,0,6,3,3,2,2,2,2,LinkedIn
42,Current employee,Travel_Frequently,1474,Research & Development,5,2,Other,1,20364,143819,4,Female,92,2,2,Sales Executive,4,Married,5468,13402,1,Y,No,14,3,1,80,2,13,3,3,12,7,5,7,Company Website
42,Current employee,Travel_Frequently,1474,Research & Development,5,2,Life Sciences,1,20365,143820,4,Female,92,2,2,Sales Executive,4,Married,5468,13402,5,Y,No,14,3,1,80,2,13,3,3,12,7,5,7,Company Website
42,Current employee,Travel_Frequently,1474,Research & Development,5,2,Other,1,20369,143824,4,Female,92,2,2,Sales Executive,4,Married,5468,13402,1,Y,No,14,3,1,80,2,13,3,3,12,7,5,7,Company Website
42,Current employee,Travel_Frequently,1474,Research & Development,5,2,Life Sciences,1,20370,143825,4,Female,92,2,2,Sales Executive,4,Married,5468,13402,5,Y,No,14,3,1,80,2,13,3,3,12,7,5,7,Company Website
42,Current employee,Travel_Frequently,1474,Research & Development,5,2,Other,1,20372,143827,4,Female,92,2,2,Sales Executive,4,Married,5468,13402,1,Y,No,14,3,1,80,2,13,3,3,12,7,5,7,Company Website
42,Current employee,Travel_Frequently,1474,Research & Development,5,2,Life Sciences,1,20373,143828,4,Female,92,2,2,Sales Executive,4,Married,5468,13402,5,Y,No,14,3,1,80,2,13,3,3,12,7,5,7,Company Website
42,Current employee,Travel_Frequently,1474,Research & Development,5,2,Other,1,20377,143832,4,Female,92,2,2,Sales Executive,4,Married,5468,13402,1,Y,No,14,3,1,80,2,13,3,3,12,7,5,7,Company Website
42,Current employee,Travel_Frequently,1474,Research & Development,5,2,Life Sciences,1,20378,143833,4,Female,92,2,2,Sales Executive,4,Married,5468,13402,5,Y,No,14,3,1,80,2,13,3,3,12,7,5,7,Company Website
42,Current employee,Travel_Rarely,1128,Research & Development,13,3,Medical,1,20571,144026,2,Male,95,4,2,Healthcare Representative,1,Married,5538,5696,5,Y,No,18,3,3,80,2,10,2,2,0,0,0,0,Company Website
42,Current employee,Travel_Rarely,1128,Research & Development,13,3,Medical,1,20574,144029,2,Male,95,4,2,Healthcare Representative,1,Married,5538,5696,0,Y,No,18,3,3,80,2,10,2,2,0,0,0,0,Company Website
42,Current employee,Travel_Rarely,1128,Research & Development,13,3,Medical,1,20577,144032,2,Male,95,4,2,Healthcare Representative,1,Married,5538,5696,5,Y,No,18,3,3,80,2,10,2,2,0,0,0,0,Company Website
42,Current employee,Travel_Rarely,1128,Research & Development,13,3,Medical,1,20578,144033,2,Male,95,4,2,Healthcare Representative,1,Married,5538,5696,0,Y,No,18,3,3,80,2,10,2,2,0,0,0,0,Company Website
42,Current employee,Travel_Rarely,1128,Research & Development,13,3,Medical,1,20579,144034,2,Male,95,4,2,Healthcare Representative,1,Married,5538,5696,5,Y,No,18,3,3,80,2,10,2,2,0,0,0,0,Company Website
42,Current employee,Travel_Rarely,1128,Research & Development,13,3,Medical,1,20582,144037,2,Male,95,4,2,Healthcare Representative,1,Married,5538,5696,0,Y,No,18,3,3,80,2,10,2,2,0,0,0,0,Company Website
42,Current employee,Travel_Rarely,1128,Research & Development,13,3,Medical,1,20585,144040,2,Male,95,4,2,Healthcare Representative,1,Married,5538,5696,5,Y,No,18,3,3,80,2,10,2,2,0,0,0,0,Company Website
42,Current employee,Travel_Rarely,1128,Research & Development,13,3,Medical,1,20586,144041,2,Male,95,4,2,Healthcare Representative,1,Married,5538,5696,0,Y,No,18,3,3,80,2,10,2,2,0,0,0,0,Company Website
42,Current employee,Travel_Rarely,1059,Research & Development,9,2,Other,1,21051,144506,4,Female,94,3,1,Laboratory Technician,4,Single,2379,19826,0,Y,Yes,14,3,3,80,0,6,3,2,5,4,0,2,Adzuna
42,Current employee,Travel_Rarely,1059,Research & Development,9,2,Medical,1,21053,144508,4,Female,94,3,1,Laboratory Technician,4,Single,2379,19826,1,Y,Yes,14,3,3,80,0,6,3,2,5,4,0,2,Adzuna
42,Current employee,Travel_Rarely,1059,Research & Development,9,2,Other,1,21056,144511,4,Female,94,3,1,Laboratory Technician,4,Single,2379,19826,0,Y,Yes,14,3,3,80,0,6,3,2,5,4,0,2,Adzuna
42,Current employee,Travel_Rarely,1059,Research & Development,9,2,Medical,1,21057,144512,4,Female,94,3,1,Laboratory Technician,4,Single,2379,19826,1,Y,Yes,14,3,3,80,0,6,3,2,5,4,0,2,Adzuna
42,Current employee,Travel_Rarely,1059,Research & Development,9,2,Other,1,21059,144514,4,Female,94,3,1,Laboratory Technician,4,Single,2379,19826,0,Y,Yes,14,3,3,80,0,6,3,2,5,4,0,2,Adzuna
42,Current employee,Travel_Rarely,1059,Research & Development,9,2,Medical,1,21061,144516,4,Female,94,3,1,Laboratory Technician,4,Single,2379,19826,1,Y,Yes,14,3,3,80,0,6,3,2,5,4,0,2,Adzuna
42,Current employee,Travel_Rarely,1059,Research & Development,9,2,Other,1,21064,144519,4,Female,94,3,1,Laboratory Technician,4,Single,2379,19826,0,Y,Yes,14,3,3,80,0,6,3,2,5,4,0,2,Adzuna
42,Current employee,Travel_Rarely,1059,Research & Development,9,2,Medical,1,21065,144520,4,Female,94,3,1,Laboratory Technician,4,Single,2379,19826,1,Y,Yes,14,3,3,80,0,6,3,2,5,4,0,2,Adzuna
42,Current employee,Non-Travel,355,Research & Development,10,4,Technical Degree,1,21098,144553,3,Male,38,3,1,Research Scientist,3,Married,2936,6161,3,Y,No,22,3,2,80,2,10,1,2,6,3,3,3,Indeed
42,Current employee,Non-Travel,355,Research & Development,10,4,Medical,1,21101,144556,3,Male,38,3,1,Research Scientist,3,Married,2936,6161,3,Y,No,22,3,2,80,2,10,1,2,6,3,3,3,Indeed
42,Current employee,Non-Travel,355,Research & Development,10,4,Technical Degree,1,21104,144559,3,Male,38,3,1,Research Scientist,3,Married,2936,6161,3,Y,No,22,4,2,80,2,10,1,2,6,3,3,3,Indeed
42,Current employee,Non-Travel,355,Research & Development,10,4,Medical,1,21105,144560,3,Male,38,3,1,Research Scientist,3,Married,2936,6161,3,Y,No,22,4,2,80,2,10,1,2,6,3,3,3,Indeed
42,Current employee,Non-Travel,355,Research & Development,10,4,Technical Degree,1,21106,144561,3,Male,38,3,1,Research Scientist,3,Married,2936,6161,3,Y,No,22,3,2,80,2,10,1,2,6,3,3,3,Indeed
42,Current employee,Non-Travel,355,Research & Development,10,4,Medical,1,21109,144564,3,Male,38,3,1,Research Scientist,3,Married,2936,6161,3,Y,No,22,3,2,80,2,10,1,2,6,3,3,3,Indeed
42,Current employee,Non-Travel,355,Research & Development,10,4,Technical Degree,1,21112,144567,3,Male,38,3,1,Research Scientist,3,Married,2936,6161,3,Y,No,22,4,2,80,2,10,1,2,6,3,3,3,Indeed
42,Current employee,Non-Travel,355,Research & Development,10,4,Medical,1,21113,144568,3,Male,38,3,1,Research Scientist,3,Married,2936,6161,3,Y,No,22,4,2,80,2,10,1,2,6,3,3,3,Indeed
42,Current employee,Travel_Rarely,1142,Research & Development,8,3,Life Sciences,1,21178,144633,4,Male,30,3,1,Laboratory Technician,3,Single,3968,13624,4,Y,No,13,3,4,80,0,8,3,3,0,0,0,0,Jora
42,Current employee,Travel_Rarely,1142,Research & Development,8,3,Medical,1,21181,144636,4,Male,30,3,1,Laboratory Technician,3,Single,3968,13624,1,Y,No,13,3,4,80,0,8,3,3,0,0,0,0,Jora
42,Current employee,Travel_Rarely,1142,Research & Development,8,3,Life Sciences,1,21184,144639,4,Male,30,3,1,Laboratory Technician,3,Single,3968,13624,4,Y,No,13,3,4,80,0,8,3,3,0,0,0,0,Jora
42,Current employee,Travel_Rarely,1142,Research & Development,8,3,Medical,1,21185,144640,4,Male,30,3,1,Laboratory Technician,3,Single,3968,13624,1,Y,No,13,3,4,80,0,8,3,3,0,0,0,0,Jora
42,Current employee,Travel_Rarely,1142,Research & Development,8,3,Life Sciences,1,21186,144641,4,Male,30,3,1,Laboratory Technician,3,Single,3968,13624,4,Y,No,13,3,4,80,0,8,3,3,0,0,0,0,Jora
42,Current employee,Travel_Rarely,1142,Research & Development,8,3,Medical,1,21189,144644,4,Male,30,3,1,Laboratory Technician,3,Single,3968,13624,1,Y,No,13,3,4,80,0,8,3,3,0,0,0,0,Jora
42,Current employee,Travel_Rarely,1142,Research & Development,8,3,Life Sciences,1,21192,144647,4,Male,30,3,1,Laboratory Technician,3,Single,3968,13624,4,Y,No,13,3,4,80,0,8,3,3,0,0,0,0,Jora
42,Current employee,Travel_Rarely,1142,Research & Development,8,3,Medical,1,21193,144648,4,Male,30,3,1,Laboratory Technician,3,Single,3968,13624,1,Y,No,13,3,4,80,0,8,3,3,0,0,0,0,Jora
42,Current employee,Travel_Rarely,532,Research & Development,4,2,Technical Degree,1,21657,145112,4,Male,96,2,2,Sales Executive,2,Married,5507,16822,2,Y,No,16,3,3,80,2,12,1,1,4,2,1,3,Jora
42,Current employee,Travel_Rarely,532,Research & Development,4,2,Life Sciences,1,21658,145113,4,Male,96,2,2,Sales Executive,2,Married,5507,16822,5,Y,No,16,3,3,80,2,12,1,1,4,2,1,3,Jora
42,Current employee,Travel_Rarely,532,Research & Development,4,2,Technical Degree,1,21662,145117,4,Male,96,2,2,Sales Executive,2,Married,5507,16822,2,Y,No,16,3,3,80,2,12,1,1,4,2,1,3,Jora
42,Current employee,Travel_Rarely,532,Research & Development,4,2,Life Sciences,1,21663,145118,4,Male,96,2,2,Sales Executive,2,Married,5507,16822,5,Y,No,16,3,3,80,2,12,1,1,4,2,1,3,Jora
42,Current employee,Travel_Rarely,532,Research & Development,4,2,Technical Degree,1,21665,145120,4,Male,96,2,2,Sales Executive,2,Married,5507,16822,2,Y,No,16,3,3,80,2,12,1,1,4,2,1,3,Jora
42,Current employee,Travel_Rarely,532,Research & Development,4,2,Life Sciences,1,21666,145121,4,Male,96,2,2,Sales Executive,2,Married,5507,16822,5,Y,No,16,3,3,80,2,12,1,1,4,2,1,3,Jora
42,Current employee,Travel_Rarely,532,Research & Development,4,2,Technical Degree,1,21670,145125,4,Male,96,2,2,Sales Executive,2,Married,5507,16822,2,Y,No,16,3,3,80,2,12,1,1,4,2,1,3,Jora
42,Current employee,Travel_Rarely,532,Research & Development,4,2,Life Sciences,1,21671,145126,4,Male,96,2,2,Sales Executive,2,Married,5507,16822,5,Y,No,16,3,3,80,2,12,1,1,4,2,1,3,Jora
42,Current employee,Travel_Rarely,1396,Research & Development,6,3,Medical,1,21688,145143,3,Male,31,3,3,Research Director,1,Married,13348,14842,9,Y,No,13,4,2,80,1,18,3,4,13,7,5,7,Recruit.net
42,Current employee,Travel_Rarely,1396,Research & Development,6,3,Marketing,1,21691,145146,3,Male,31,3,3,Research Director,1,Married,13348,14842,2,Y,No,13,3,2,80,1,18,3,4,13,7,5,7,Recruit.net
42,Current employee,Travel_Rarely,1396,Research & Development,6,3,Medical,1,21694,145149,3,Male,31,3,3,Research Director,1,Married,13348,14842,9,Y,No,13,3,2,80,1,18,3,4,13,7,5,7,Recruit.net
42,Current employee,Travel_Rarely,1396,Research & Development,6,3,Marketing,1,21695,145150,3,Male,31,3,3,Research Director,1,Married,13348,14842,2,Y,No,13,3,2,80,1,18,3,4,13,7,5,7,Recruit.net
42,Current employee,Travel_Rarely,1396,Research & Development,6,3,Medical,1,21696,145151,3,Male,31,3,3,Research Director,1,Married,13348,14842,9,Y,No,13,4,2,80,1,18,3,4,13,7,5,7,Recruit.net
42,Current employee,Travel_Rarely,1396,Research & Development,6,3,Marketing,1,21699,145154,3,Male,31,3,3,Research Director,1,Married,13348,14842,2,Y,No,13,3,2,80,1,18,3,4,13,7,5,7,Recruit.net
42,Current employee,Travel_Rarely,1396,Research & Development,6,3,Medical,1,21702,145157,3,Male,31,3,3,Research Director,1,Married,13348,14842,9,Y,No,13,3,2,80,1,18,3,4,13,7,5,7,Recruit.net
42,Current employee,Travel_Rarely,1396,Research & Development,6,3,Marketing,1,21703,145158,3,Male,31,3,3,Research Director,1,Married,13348,14842,2,Y,No,13,3,2,80,1,18,3,4,13,7,5,7,Recruit.net
42,Current employee,Travel_Rarely,544,Human Resources,2,1,Technical Degree,1,21855,145310,4,Male,96,3,1,Research Scientist,2,Married,2226,6073,1,Y,No,11,3,3,80,1,6,3,2,5,3,1,2,Recruit.net
42,Current employee,Travel_Rarely,544,Human Resources,2,1,Life Sciences,1,21857,145312,4,Male,96,3,1,Research Scientist,2,Married,2226,6073,2,Y,No,11,3,3,80,1,6,3,2,5,3,1,2,Recruit.net
42,Current employee,Travel_Rarely,544,Human Resources,2,1,Technical Degree,1,21860,145315,4,Male,96,3,1,Research Scientist,2,Married,2226,6073,1,Y,No,11,3,3,80,1,6,3,2,5,3,1,2,Recruit.net
42,Current employee,Travel_Rarely,544,Human Resources,2,1,Life Sciences,1,21861,145316,4,Male,96,3,1,Research Scientist,2,Married,2226,6073,2,Y,No,11,3,3,80,1,6,3,2,5,3,1,2,Recruit.net
42,Current employee,Travel_Rarely,544,Human Resources,2,1,Technical Degree,1,21863,145318,4,Male,96,3,1,Research Scientist,2,Married,2226,6073,1,Y,No,11,3,3,80,1,6,3,2,5,3,1,2,Recruit.net
42,Current employee,Travel_Rarely,544,Human Resources,2,1,Life Sciences,1,21865,145320,4,Male,96,3,1,Research Scientist,2,Married,2226,6073,2,Y,No,11,3,3,80,1,6,3,2,5,3,1,2,Recruit.net
42,Current employee,Travel_Rarely,544,Human Resources,2,1,Technical Degree,1,21868,145323,4,Male,96,3,1,Research Scientist,2,Married,2226,6073,1,Y,No,11,3,3,80,1,6,3,2,5,3,1,2,Recruit.net
42,Current employee,Travel_Rarely,544,Human Resources,2,1,Life Sciences,1,21869,145324,4,Male,96,3,1,Research Scientist,2,Married,2226,6073,2,Y,No,11,3,3,80,1,6,3,2,5,3,1,2,Recruit.net
42,Current employee,Travel_Frequently,1368,Research & Development,28,4,Technical Degree,1,21990,145445,4,Female,97,4,1,Research Scientist,3,Single,2432,15318,3,Y,Yes,14,3,1,80,0,8,2,3,4,1,0,3,Recruit.net
42,Current employee,Travel_Frequently,1368,Research & Development,28,4,Technical Degree,1,21992,145447,4,Female,97,4,1,Research Scientist,3,Single,2432,15318,4,Y,Yes,14,3,1,80,0,8,2,3,4,1,0,3,Recruit.net
42,Current employee,Travel_Frequently,1368,Research & Development,28,4,Technical Degree,1,21995,145450,4,Female,97,4,1,Research Scientist,3,Single,2432,15318,3,Y,Yes,14,3,1,80,0,8,2,3,4,1,0,3,Recruit.net
42,Current employee,Travel_Frequently,1368,Research & Development,28,4,Technical Degree,1,21996,145451,4,Female,97,4,1,Research Scientist,3,Single,2432,15318,4,Y,Yes,14,3,1,80,0,8,2,3,4,1,0,3,Recruit.net
42,Current employee,Travel_Frequently,1368,Research & Development,28,4,Technical Degree,1,21998,145453,4,Female,97,4,1,Research Scientist,3,Single,2432,15318,3,Y,Yes,14,3,1,80,0,8,2,3,4,1,0,3,Recruit.net
42,Current employee,Travel_Frequently,1368,Research & Development,28,4,Technical Degree,1,22000,145455,4,Female,97,4,1,Research Scientist,3,Single,2432,15318,4,Y,Yes,14,3,1,80,0,8,2,3,4,1,0,3,Recruit.net
42,Current employee,Travel_Frequently,1368,Research & Development,28,4,Technical Degree,1,22003,145458,4,Female,97,4,1,Research Scientist,3,Single,2432,15318,3,Y,Yes,14,3,1,80,0,8,2,3,4,1,0,3,Recruit.net
42,Current employee,Travel_Frequently,1368,Research & Development,28,4,Technical Degree,1,22004,145459,4,Female,97,4,1,Research Scientist,3,Single,2432,15318,4,Y,Yes,14,3,1,80,0,8,2,3,4,1,0,3,Recruit.net
42,Current employee,Travel_Rarely,419,Sales,12,4,Marketing,1,22037,145492,2,Male,32,3,2,Sales Executive,4,Divorced,5087,2900,3,Y,Yes,12,3,3,80,2,14,4,3,0,0,0,0,LinkedIn
42,Current employee,Travel_Rarely,419,Sales,12,4,Medical,1,22040,145495,2,Male,32,3,2,Sales Executive,4,Divorced,5087,2900,7,Y,Yes,12,3,3,80,2,14,4,3,0,0,0,0,LinkedIn
42,Current employee,Travel_Rarely,419,Sales,12,4,Marketing,1,22043,145498,2,Male,32,3,2,Sales Executive,4,Divorced,5087,2900,3,Y,Yes,12,3,3,80,2,14,4,3,0,0,0,0,LinkedIn
42,Current employee,Travel_Rarely,419,Sales,12,4,Medical,1,22044,145499,2,Male,32,3,2,Sales Executive,4,Divorced,5087,2900,7,Y,Yes,12,3,3,80,2,14,4,3,0,0,0,0,LinkedIn
42,Current employee,Travel_Rarely,419,Sales,12,4,Marketing,1,22045,145500,2,Male,32,3,2,Sales Executive,4,Divorced,5087,2900,3,Y,Yes,12,3,3,80,2,14,4,3,0,0,0,0,LinkedIn
42,Current employee,Travel_Rarely,419,Sales,12,4,Medical,1,22048,145503,2,Male,32,3,2,Sales Executive,4,Divorced,5087,2900,7,Y,Yes,12,3,3,80,2,14,4,3,0,0,0,0,LinkedIn
42,Current employee,Travel_Rarely,419,Sales,12,4,Marketing,1,22051,145506,2,Male,32,3,2,Sales Executive,4,Divorced,5087,2900,3,Y,Yes,12,3,3,80,2,14,4,3,0,0,0,0,LinkedIn
42,Current employee,Travel_Rarely,419,Sales,12,4,Medical,1,22052,145507,2,Male,32,3,2,Sales Executive,4,Divorced,5087,2900,7,Y,Yes,12,3,3,80,2,14,4,3,0,0,0,0,LinkedIn
42,Current employee,Non-Travel,335,Research & Development,23,2,Life Sciences,1,22453,145908,4,Male,33,2,2,Research Scientist,3,Single,4332,14811,1,Y,No,12,3,4,80,0,20,2,3,20,9,3,7,Recruit.net
42,Current employee,Non-Travel,335,Research & Development,23,2,Other,1,22456,145911,4,Male,33,2,2,Research Scientist,3,Single,4332,14811,4,Y,No,12,3,4,80,0,20,2,3,20,9,3,7,Recruit.net
42,Current employee,Non-Travel,335,Research & Development,23,2,Life Sciences,1,22459,145914,4,Male,33,2,2,Research Scientist,3,Single,4332,14811,1,Y,No,12,3,4,80,0,20,2,3,20,9,3,7,Recruit.net
42,Current employee,Non-Travel,335,Research & Development,23,2,Other,1,22460,145915,4,Male,33,2,2,Research Scientist,3,Single,4332,14811,4,Y,No,12,3,4,80,0,20,2,3,20,9,3,7,Recruit.net
42,Current employee,Non-Travel,335,Research & Development,23,2,Life Sciences,1,22461,145916,4,Male,33,2,2,Research Scientist,3,Single,4332,14811,1,Y,No,12,3,4,80,0,20,2,3,20,9,3,7,Recruit.net
42,Current employee,Non-Travel,335,Research & Development,23,2,Other,1,22464,145919,4,Male,33,2,2,Research Scientist,3,Single,4332,14811,4,Y,No,12,3,4,80,0,20,2,3,20,9,3,7,Recruit.net
42,Current employee,Non-Travel,335,Research & Development,23,2,Life Sciences,1,22467,145922,4,Male,33,2,2,Research Scientist,3,Single,4332,14811,1,Y,No,12,3,4,80,0,20,2,3,20,9,3,7,Recruit.net
42,Current employee,Non-Travel,335,Research & Development,23,2,Other,1,22468,145923,4,Male,33,2,2,Research Scientist,3,Single,4332,14811,4,Y,No,12,3,4,80,0,20,2,3,20,9,3,7,Recruit.net
42,Current employee,Travel_Rarely,557,Research & Development,18,4,Life Sciences,1,22695,146150,4,Male,34,3,2,Research Scientist,1,Divorced,5410,11189,6,Y,Yes,17,3,3,80,1,9,3,2,4,3,1,2,GlassDoor
42,Current employee,Travel_Rarely,557,Research & Development,18,4,Medical,1,22698,146153,4,Male,34,3,2,Research Scientist,1,Divorced,5410,11189,3,Y,Yes,17,3,3,80,1,9,3,2,4,3,1,2,GlassDoor
42,Current employee,Travel_Rarely,557,Research & Development,18,4,Life Sciences,1,22701,146156,4,Male,34,3,2,Research Scientist,1,Divorced,5410,11189,6,Y,Yes,17,3,3,80,1,9,3,2,4,3,1,2,GlassDoor
42,Current employee,Travel_Rarely,557,Research & Development,18,4,Medical,1,22702,146157,4,Male,34,3,2,Research Scientist,1,Divorced,5410,11189,3,Y,Yes,17,3,3,80,1,9,3,2,4,3,1,2,GlassDoor
42,Current employee,Travel_Rarely,557,Research & Development,18,4,Life Sciences,1,22703,146158,4,Male,34,3,2,Research Scientist,1,Divorced,5410,11189,6,Y,Yes,17,3,3,80,1,9,3,2,4,3,1,2,GlassDoor
42,Current employee,Travel_Rarely,557,Research & Development,18,4,Medical,1,22706,146161,4,Male,34,3,2,Research Scientist,1,Divorced,5410,11189,3,Y,Yes,17,3,3,80,1,9,3,2,4,3,1,2,GlassDoor
42,Current employee,Travel_Rarely,557,Research & Development,18,4,Life Sciences,1,22709,146164,4,Male,34,3,2,Research Scientist,1,Divorced,5410,11189,6,Y,Yes,17,3,3,80,1,9,3,2,4,3,1,2,GlassDoor
42,Current employee,Travel_Rarely,557,Research & Development,18,4,Medical,1,22710,146165,4,Male,34,3,2,Research Scientist,1,Divorced,5410,11189,3,Y,Yes,17,3,3,80,1,9,3,2,4,3,1,2,GlassDoor
42,Current employee,Travel_Rarely,300,Research & Development,2,3,Life Sciences,1,23074,146529,1,Male,36,3,5,Manager,3,Married,18880,17312,5,Y,No,11,3,1,80,0,24,2,2,22,6,4,14,Company Website
42,Current employee,Travel_Rarely,300,Research & Development,2,3,Life Sciences,1,23076,146531,1,Male,36,3,5,Manager,3,Married,18880,17312,1,Y,No,11,3,1,80,0,24,2,2,22,6,4,14,Company Website
42,Current employee,Travel_Rarely,300,Research & Development,2,3,Life Sciences,1,23080,146535,1,Male,36,3,5,Manager,3,Married,18880,17312,5,Y,No,11,3,1,80,0,24,2,2,22,6,4,14,Company Website
42,Current employee,Travel_Rarely,300,Research & Development,2,3,Life Sciences,1,23081,146536,1,Male,36,3,5,Manager,3,Married,18880,17312,1,Y,No,11,3,1,80,0,24,2,2,22,6,4,14,Company Website
42,Current employee,Travel_Rarely,300,Research & Development,2,3,Life Sciences,1,23082,146537,1,Male,36,3,5,Manager,3,Married,18880,17312,5,Y,No,11,3,1,80,0,24,2,2,22,6,4,14,Company Website
42,Current employee,Travel_Rarely,300,Research & Development,2,3,Life Sciences,1,23084,146539,1,Male,36,3,5,Manager,3,Married,18880,17312,1,Y,No,11,3,1,80,0,24,2,2,22,6,4,14,Company Website
42,Current employee,Travel_Rarely,300,Research & Development,2,3,Life Sciences,1,23088,146543,1,Male,36,3,5,Manager,3,Married,18880,17312,5,Y,No,11,3,1,80,0,24,2,2,22,6,4,14,Company Website
42,Current employee,Travel_Rarely,300,Research & Development,2,3,Life Sciences,1,23089,146544,1,Male,36,3,5,Manager,3,Married,18880,17312,1,Y,No,11,3,1,80,0,24,2,2,22,6,4,14,Company Website
42,Current employee,Non-Travel,355,Research & Development,10,4,Technical Degree,1,23317,146772,4,Female,100,1,1,Research Scientist,4,Married,2977,8952,1,Y,No,12,4,4,80,,4,5,3,4,3,1,1,Recruit.net
42,Current employee,Non-Travel,355,Research & Development,10,4,Medical,1,23319,146774,4,Female,100,1,1,Research Scientist,4,Married,2977,8952,3,Y,No,12,3,4,80,1,4,5,3,4,3,1,1,Recruit.net
42,Current employee,Non-Travel,355,Research & Development,10,4,Technical Degree,1,23322,146777,4,Female,100,1,1,Research Scientist,4,Married,2977,8952,1,Y,No,12,3,4,80,1,4,5,3,4,3,1,1,Recruit.net
42,Current employee,Non-Travel,355,Research & Development,10,4,Medical,1,23323,146778,4,Female,100,1,1,Research Scientist,4,Married,2977,8952,3,Y,No,12,3,4,80,1,4,5,3,4,3,1,1,Recruit.net
42,Current employee,Non-Travel,355,Research & Development,10,4,Technical Degree,1,23325,146780,4,Female,100,1,1,Research Scientist,4,Married,2977,8952,1,Y,No,12,4,4,80,1,4,5,3,4,3,1,1,Recruit.net
42,Current employee,Non-Travel,355,Research & Development,10,4,Medical,1,23327,146782,4,Female,100,1,1,Research Scientist,4,Married,2977,8952,3,Y,No,12,3,4,80,1,4,5,3,4,3,1,1,Recruit.net
42,Current employee,Non-Travel,355,Research & Development,10,4,Technical Degree,1,23330,146785,4,Female,100,1,1,Research Scientist,4,Married,2977,8952,1,Y,No,12,3,4,80,1,4,5,3,4,3,1,1,Recruit.net
42,Current employee,Non-Travel,355,Research & Development,10,4,Medical,1,23331,146786,4,Female,100,1,1,Research Scientist,4,Married,2977,8952,3,Y,No,12,3,4,80,1,4,5,3,4,3,1,1,Recruit.net
49,Voluntary Resignation,Travel_Frequently,1475,Research & Development,28,2,Life Sciences,1,7153,130608,2,Female,57,3,4,Manager,2,Single,16835,9873,3,Y,No,23,3,4,80,0,37,2,3,10,9,7,7,Recruit.net
49,Voluntary Resignation,Travel_Frequently,1475,Research & Development,28,2,Technical Degree,1,7155,130610,2,Female,57,3,4,Manager,2,Single,16835,9873,1,Y,No,23,3,4,80,0,37,2,3,10,9,7,7,Recruit.net
49,Voluntary Resignation,Travel_Frequently,1475,Research & Development,28,2,Life Sciences,1,7156,130611,2,Female,57,3,4,Manager,2,Single,16835,9873,3,Y,No,23,4,4,80,0,37,2,3,10,9,7,7,Recruit.net
49,Voluntary Resignation,Travel_Frequently,1475,Research & Development,28,2,Technical Degree,1,7157,130612,2,Female,57,3,4,Manager,2,Single,16835,9873,1,Y,No,23,4,4,80,0,37,2,3,10,9,7,7,Recruit.net
49,Voluntary Resignation,Travel_Frequently,1475,Research & Development,28,2,Life Sciences,1,7164,130619,2,Female,57,3,4,Manager,2,Single,16835,9873,3,Y,No,23,3,4,80,0,37,2,3,10,9,7,7,Recruit.net
49,Voluntary Resignation,Travel_Frequently,1475,Research & Development,28,2,Technical Degree,1,7166,130621,2,Female,57,3,4,Manager,2,Single,16835,9873,1,Y,No,23,3,4,80,0,37,2,3,10,9,7,7,Recruit.net
49,Voluntary Resignation,Travel_Frequently,1475,Research & Development,28,2,Life Sciences,1,7167,130622,2,Female,57,3,4,Manager,2,Single,16835,9873,3,Y,No,23,4,4,80,0,37,2,3,10,9,7,7,Recruit.net
49,Voluntary Resignation,Travel_Frequently,1475,Research & Development,28,2,Technical Degree,1,7168,130623,2,Female,57,3,4,Manager,2,Single,16835,9873,1,Y,No,23,4,4,80,0,37,2,3,10,9,7,7,Recruit.net
49,Voluntary Resignation,Travel_Rarely,1184,Sales,11,3,Marketing,1,9748,133203,3,Female,43,3,3,Sales Executive,4,Married,7654,5860,1,Y,No,18,3,1,80,2,9,3,4,9,8,7,7,GlassDoor
49,Voluntary Resignation,Travel_Rarely,1184,Sales,11,3,Medical,1,9751,133206,3,Female,43,3,3,Sales Executive,4,Married,7654,5860,6,Y,No,18,3,1,80,2,9,3,4,9,8,7,7,GlassDoor
49,Voluntary Resignation,Travel_Rarely,1184,Sales,11,3,Marketing,1,9754,133209,3,Female,43,3,3,Sales Executive,4,Married,7654,5860,1,Y,No,18,3,1,80,2,9,3,4,9,8,7,7,GlassDoor
49,Voluntary Resignation,Travel_Rarely,1184,Sales,11,3,Medical,1,9755,133210,3,Female,43,3,3,Sales Executive,4,Married,7654,5860,6,Y,No,18,3,1,80,2,9,3,4,9,8,7,7,GlassDoor
49,Voluntary Resignation,Travel_Rarely,1184,Sales,11,3,Marketing,1,9756,133211,3,Female,43,3,3,Sales Executive,4,Married,7654,5860,1,Y,No,18,3,1,80,2,9,3,4,9,8,7,7,GlassDoor
49,Voluntary Resignation,Travel_Rarely,1184,Sales,11,3,Medical,1,9759,133214,3,Female,43,3,1,Laboratory Technician,4,Single,2795,18016,1,Y,Yes,24,3,1,80,2,7,2,3,5,2,1,4,GlassDoor
49,Voluntary Resignation,Travel_Rarely,1184,Sales,11,3,Marketing,1,9762,133217,3,Female,43,3,3,Sales Executive,4,Married,7654,5860,1,Y,No,18,3,1,80,2,9,3,4,9,8,7,7,GlassDoor
49,Voluntary Resignation,Travel_Rarely,1184,Sales,11,3,Medical,1,9763,133218,3,Female,43,3,3,Sales Executive,4,Married,7654,5860,6,Y,No,18,3,1,80,2,9,3,4,9,8,7,7,GlassDoor
49,Voluntary Resignation,Travel_Rarely,1184,Sales,11,3,Marketing,1,11291,134746,3,Female,68,3,2,Sales Executive,4,Single,5666,19899,1,Y,Yes,13,3,2,80,0,6,1,3,5,3,1,3,Company Website
49,Voluntary Resignation,Travel_Rarely,1184,Sales,11,3,Medical,1,11293,134748,3,Female,68,3,2,Sales Executive,4,Single,5666,19899,6,Y,Yes,13,3,2,80,0,6,1,3,5,3,1,3,Company Website
49,Voluntary Resignation,Travel_Rarely,1184,Sales,11,3,Marketing,1,11296,134751,3,Female,68,3,2,Sales Executive,4,Single,5666,19899,1,Y,Yes,13,3,2,80,0,6,1,3,5,3,1,3,Company Website
49,Voluntary Resignation,Travel_Rarely,1184,Sales,11,3,Medical,1,11297,134752,3,Female,68,3,2,Sales Executive,4,Single,5666,19899,6,Y,Yes,13,3,2,80,0,6,1,3,5,3,1,3,Company Website
49,Voluntary Resignation,Travel_Rarely,1184,Sales,11,3,Marketing,1,11299,134754,3,Female,68,3,2,Sales Executive,4,Single,5666,19899,1,Y,Yes,13,3,2,80,0,6,1,3,5,3,1,3,Company Website
49,Voluntary Resignation,Travel_Rarely,1184,Sales,11,3,Medical,1,11301,134756,3,Female,68,3,2,Sales Executive,4,Single,5666,19899,6,Y,Yes,13,3,2,80,0,6,1,3,5,3,1,3,Company Website
49,Voluntary Resignation,Travel_Rarely,1184,Sales,11,3,Marketing,1,11304,134759,3,Female,68,3,2,Sales Executive,4,Single,5666,19899,1,Y,Yes,13,3,2,80,0,6,1,3,5,3,1,3,Company Website
49,Voluntary Resignation,Travel_Rarely,1184,Sales,11,3,Medical,1,11305,134760,3,Female,68,3,2,Sales Executive,4,Single,5666,19899,6,Y,Yes,13,3,2,80,0,6,1,3,5,3,1,3,Company Website
49,Voluntary Resignation,Travel_Frequently,1475,Research & Development,28,2,Life Sciences,1,16109,139564,1,Male,97,2,2,Laboratory Technician,1,Single,4284,22710,3,Y,No,20,3,1,80,0,20,2,3,4,3,1,3,LinkedIn
49,Voluntary Resignation,Travel_Frequently,1475,Research & Development,28,2,Technical Degree,1,16112,139567,1,Male,97,2,2,Laboratory Technician,1,Single,4284,22710,1,Y,No,20,3,1,80,0,20,2,3,4,3,1,3,LinkedIn
49,Voluntary Resignation,Travel_Frequently,1475,Research & Development,28,2,Life Sciences,1,16115,139570,1,Male,97,2,2,Laboratory Technician,1,Single,4284,22710,3,Y,No,20,4,1,80,0,20,2,3,4,3,1,3,LinkedIn
49,Voluntary Resignation,Travel_Frequently,1475,Research & Development,28,2,Technical Degree,1,16116,139571,1,Male,97,2,2,Laboratory Technician,1,Single,4284,22710,1,Y,No,20,4,1,80,0,20,2,3,4,3,1,3,LinkedIn
49,Voluntary Resignation,Travel_Frequently,1475,Research & Development,28,2,Life Sciences,1,16117,139572,1,Male,97,2,2,Laboratory Technician,1,Single,4284,22710,3,Y,No,20,3,1,80,0,20,2,3,4,3,1,3,LinkedIn
49,Voluntary Resignation,Travel_Frequently,1475,Research & Development,28,2,Technical Degree,1,16120,139575,1,Male,97,2,2,Laboratory Technician,1,Single,4284,22710,1,Y,No,20,3,1,80,0,20,2,3,4,3,1,3,LinkedIn
49,Voluntary Resignation,Travel_Frequently,1475,Research & Development,28,2,Life Sciences,1,16123,139578,1,Male,97,2,2,Laboratory Technician,1,Single,4284,22710,3,Y,No,20,4,1,80,0,20,2,3,4,3,1,3,LinkedIn
49,Voluntary Resignation,Travel_Frequently,1475,Research & Development,28,2,Technical Degree,1,16124,139579,1,Male,97,2,2,Laboratory Technician,1,Single,4284,22710,1,Y,No,20,4,1,80,0,20,2,3,4,3,1,3,LinkedIn
49,Current employee,Travel_Frequently,279,Research & Development,8,1,Life Sciences,1,19,123474,3,Male,61,2,2,Research Scientist,2,Married,5130,24907,1,Y,No,23,3,4,80,1,10,3,3,10,7,1,7,Seek
49,Current employee,Travel_Frequently,279,Research & Development,8,1,Marketing,1,22,123477,3,Male,61,2,2,Research Scientist,2,Married,5130,24907,3,Y,No,23,3,4,80,1,10,3,3,10,7,1,7,Seek
49,Current employee,Travel_Frequently,279,Research & Development,8,1,Life Sciences,1,23,123478,3,Male,61,2,2,Research Scientist,2,Married,5130,24907,1,Y,No,23,4,4,80,1,10,3,3,10,7,1,7,Seek
49,Current employee,Travel_Frequently,279,Research & Development,8,1,Marketing,1,24,123479,3,Male,61,2,2,Research Scientist,2,Married,5130,24907,3,Y,No,23,4,4,80,1,10,3,3,10,7,1,7,Seek
49,Current employee,Travel_Frequently,279,Research & Development,8,1,Life Sciences,1,27,123482,3,Male,61,2,2,Research Scientist,2,Married,5130,24907,1,Y,No,23,3,4,80,1,10,3,3,10,7,1,7,Seek
49,Current employee,Travel_Frequently,279,Research & Development,8,1,Life Sciences,1,28,123483,2,Male,95,2,2,Manufacturing Director,2,Single,6499,22656,1,Y,No,13,3,3,80,0,6,3,3,6,5,0,3,Indeed
49,Current employee,Travel_Frequently,279,Research & Development,8,1,Life Sciences,1,29,123484,3,Female,87,3,2,Manufacturing Director,3,Divorced,4810,26314,2,Y,No,14,3,3,80,1,19,5,2,10,7,0,8,Referral
49,Current employee,Travel_Frequently,279,Research & Development,8,1,Marketing,1,32,123487,3,Male,61,2,2,Research Scientist,2,Married,5130,24907,3,Y,No,23,3,4,80,1,10,3,3,10,7,1,7,Seek
49,Current employee,Travel_Frequently,279,Research & Development,8,1,Life Sciences,1,33,123488,3,Male,61,2,2,Research Scientist,2,Married,5130,24907,1,Y,No,23,4,4,80,1,10,3,3,10,7,1,7,Seek
49,Current employee,Travel_Frequently,279,Research & Development,8,1,Marketing,1,34,123489,3,Male,61,2,2,Research Scientist,2,Married,5130,24907,3,Y,No,23,4,4,80,1,10,3,3,10,7,1,7,Seek
49,Current employee,Travel_Frequently,636,Research & Development,10,4,Life Sciences,1,128,123583,3,Female,81,4,1,Laboratory Technician,1,Married,2670,9964,9,Y,Yes,11,3,4,80,0,22,4,3,3,2,1,2,Jora
49,Current employee,Travel_Rarely,1490,Research & Development,7,4,Life Sciences,1,278,123733,1,Male,31,3,1,Research Scientist,3,Divorced,2911,15170,1,Y,No,12,3,4,80,0,10,3,3,10,7,5,7,LinkedIn
49,Current employee,Travel_Frequently,279,Research & Development,8,1,Life Sciences,1,578,124033,1,Female,39,2,3,Healthcare Representative,4,Married,10248,2094,3,Y,No,14,3,4,80,1,24,4,3,22,6,5,17,Company Website
49,Current employee,Travel_Frequently,279,Research & Development,8,1,Medical,1,580,124035,1,Female,39,2,3,Healthcare Representative,4,Married,10248,2094,0,Y,No,14,3,4,80,1,24,4,3,22,6,5,17,Company Website
49,Current employee,Travel_Frequently,279,Research & Development,8,1,Life Sciences,1,583,124038,1,Female,39,2,3,Healthcare Representative,4,Married,10248,2094,3,Y,No,14,3,4,80,1,24,4,3,22,6,5,17,Company Website
49,Current employee,Travel_Frequently,279,Research & Development,8,1,Medical,1,584,124039,1,Female,39,2,3,Healthcare Representative,4,Married,10248,2094,0,Y,No,14,3,4,80,1,24,4,3,22,6,5,17,Company Website
49,Current employee,Travel_Frequently,279,Research & Development,8,1,Life Sciences,1,588,124043,1,Female,39,2,3,Healthcare Representative,4,Married,10248,2094,3,Y,No,14,3,4,80,1,24,4,3,22,6,5,17,Company Website
49,Current employee,Travel_Frequently,279,Research & Development,8,1,Medical,1,590,124045,1,Female,39,2,3,Healthcare Representative,4,Married,10248,2094,0,Y,No,14,3,4,80,1,24,4,3,22,6,5,17,Company Website
49,Current employee,Travel_Frequently,279,Research & Development,8,1,Life Sciences,1,593,124048,1,Female,39,2,3,Healthcare Representative,4,Married,10248,2094,3,Y,No,14,3,4,80,1,24,4,3,22,6,5,17,Company Website
49,Current employee,Travel_Frequently,279,Research & Development,8,1,Medical,1,594,124049,1,Female,39,2,3,Healthcare Representative,4,Married,10248,2094,0,Y,No,14,3,4,80,1,24,4,3,22,6,5,17,Company Website
49,Current employee,Non-Travel,1002,Research & Development,18,4,Life Sciences,1,1875,125330,1,Male,42,1,2,Laboratory Technician,3,Single,6074,22887,1,Y,Yes,24,3,4,80,0,9,3,3,9,7,0,6,LinkedIn
49,Current employee,Non-Travel,1002,Research & Development,18,4,Medical,1,1877,125332,1,Male,42,1,2,Laboratory Technician,3,Single,6074,22887,1,Y,Yes,24,3,4,80,0,9,3,3,9,7,0,6,LinkedIn
49,Current employee,Non-Travel,1002,Research & Development,18,4,Life Sciences,1,1880,125335,1,Male,42,1,2,Laboratory Technician,3,Single,6074,22887,1,Y,Yes,24,4,4,80,0,9,3,3,9,7,0,6,LinkedIn
49,Current employee,Non-Travel,1002,Research & Development,18,4,Medical,1,1881,125336,1,Male,42,1,2,Laboratory Technician,3,Single,6074,22887,1,Y,Yes,24,4,4,80,0,9,3,3,9,7,0,6,LinkedIn
49,Current employee,Non-Travel,1002,Research & Development,18,4,Life Sciences,1,1883,125338,1,Male,42,1,2,Laboratory Technician,3,Single,6074,22887,1,Y,Yes,24,3,4,80,0,9,3,3,9,7,0,6,LinkedIn
49,Current employee,Non-Travel,1002,Research & Development,18,4,Medical,1,1885,125340,1,Male,42,1,2,Laboratory Technician,3,Single,6074,22887,1,Y,Yes,24,3,4,80,0,9,3,3,9,7,0,6,LinkedIn
49,Current employee,Non-Travel,1002,Research & Development,18,4,Life Sciences,1,1888,125343,1,Male,42,1,2,Laboratory Technician,3,Single,6074,22887,1,Y,Yes,24,4,4,80,0,9,3,3,9,7,0,6,LinkedIn
49,Current employee,Non-Travel,1002,Research & Development,18,4,Medical,1,1889,125344,1,Male,42,1,2,Laboratory Technician,3,Single,6074,22887,1,Y,Yes,24,4,4,80,0,9,3,3,9,7,0,6,LinkedIn
49,Current employee,Travel_Rarely,470,Research & Development,20,4,Medical,1,2160,125615,3,Female,96,3,2,Manufacturing Director,1,Married,6567,5549,1,Y,No,14,3,3,80,0,16,2,2,15,11,5,11,Jora
49,Current employee,Travel_Rarely,470,Research & Development,20,4,Medical,1,2163,125618,3,Female,96,3,2,Manufacturing Director,1,Married,6567,5549,1,Y,No,14,3,3,80,0,16,2,2,15,11,5,11,Jora
49,Current employee,Travel_Rarely,470,Research & Development,20,4,Medical,1,2166,125621,3,Female,96,3,2,Manufacturing Director,1,Married,6567,5549,1,Y,No,14,3,3,80,0,16,2,2,15,11,5,11,Jora
49,Current employee,Travel_Rarely,470,Research & Development,20,4,Medical,1,2167,125622,3,Female,96,3,2,Manufacturing Director,1,Married,6567,5549,1,Y,No,14,3,3,80,0,16,2,2,15,11,5,11,Jora
49,Current employee,Travel_Rarely,470,Research & Development,20,4,Medical,1,2168,125623,3,Female,96,3,2,Manufacturing Director,1,Married,6567,5549,1,Y,No,14,3,3,80,0,16,2,2,15,11,5,11,Jora
49,Current employee,Travel_Rarely,470,Research & Development,20,4,Medical,1,2171,125626,3,Female,96,3,2,Manufacturing Director,1,Married,6567,5549,1,Y,No,14,3,3,80,0,16,2,2,15,11,5,11,Jora
49,Current employee,Travel_Rarely,470,Research & Development,20,4,Medical,1,2174,125629,3,Female,96,3,2,Manufacturing Director,1,Married,6567,5549,1,Y,No,14,3,3,80,0,16,2,2,15,11,5,11,Jora
49,Current employee,Travel_Rarely,470,Research & Development,20,4,Medical,1,2175,125630,3,Female,96,3,2,Manufacturing Director,1,Married,6567,5549,1,Y,No,14,3,3,80,0,16,2,2,15,11,5,11,Jora
49,Current employee,Travel_Frequently,636,Research & Development,10,4,Life Sciences,1,2478,125933,1,Female,44,3,1,Laboratory Technician,2,Single,1483,16102,1,Y,No,14,3,4,80,0,1,3,3,1,0,0,0,Recruit.net
49,Current employee,Travel_Frequently,636,Research & Development,10,4,Medical,1,2480,125935,1,Female,44,3,1,Laboratory Technician,2,Single,1483,16102,1,Y,No,14,3,4,80,0,1,3,3,1,0,0,0,Recruit.net
49,Current employee,Travel_Frequently,636,Research & Development,10,4,Life Sciences,1,2483,125938,1,Female,44,3,1,Laboratory Technician,2,Single,1483,16102,1,Y,No,14,3,4,80,0,1,3,3,1,0,0,0,Recruit.net
49,Current employee,Travel_Frequently,636,Research & Development,10,4,Medical,1,2484,125939,1,Female,44,3,1,Laboratory Technician,2,Single,1483,16102,1,Y,No,14,3,4,80,0,1,3,3,1,0,0,0,Recruit.net
49,Current employee,Travel_Frequently,636,Research & Development,10,4,Life Sciences,1,2486,125941,1,Female,44,3,1,Laboratory Technician,2,Single,1483,16102,1,Y,No,14,3,4,80,0,1,3,3,1,0,0,0,Recruit.net
49,Current employee,Travel_Frequently,636,Research & Development,10,4,Medical,1,2488,125943,1,Female,44,3,1,Laboratory Technician,2,Single,1483,16102,1,Y,No,14,3,4,80,0,1,3,3,1,0,0,0,Recruit.net
49,Current employee,Travel_Frequently,636,Research & Development,10,4,Life Sciences,1,2491,125946,1,Female,44,3,1,Laboratory Technician,2,Single,1483,16102,1,Y,No,14,3,4,80,0,1,3,3,1,0,0,0,Recruit.net
49,Current employee,Travel_Frequently,636,Research & Development,10,4,Medical,1,2492,125947,1,Female,44,3,1,Laboratory Technician,2,Single,1483,16102,1,Y,No,14,3,4,80,0,1,3,3,1,0,0,0,Recruit.net
49,Current employee,Non-Travel,1002,Research & Development,18,4,Life Sciences,1,3299,126754,4,Male,92,3,2,Manufacturing Director,4,Divorced,6804,23793,1,Y,Yes,15,4,1,80,2,7,0,3,7,7,1,7,Adzuna
49,Current employee,Non-Travel,1002,Research & Development,18,4,Medical,1,3301,126756,4,Male,92,3,2,Manufacturing Director,4,Divorced,6804,23793,1,Y,Yes,15,4,1,80,2,7,0,3,7,7,1,7,Adzuna
49,Current employee,Non-Travel,1002,Research & Development,18,4,Life Sciences,1,3305,126760,4,Male,92,3,2,Manufacturing Director,4,Divorced,6804,23793,1,Y,Yes,15,3,1,80,2,7,0,3,7,7,1,7,Adzuna
49,Current employee,Non-Travel,1002,Research & Development,18,4,Medical,1,3306,126761,4,Male,92,3,2,Manufacturing Director,4,Divorced,6804,23793,1,Y,Yes,15,3,1,80,2,7,0,3,7,7,1,7,Adzuna
49,Current employee,Non-Travel,1002,Research & Development,18,4,Life Sciences,1,3307,126762,4,Male,92,3,2,Manufacturing Director,4,Divorced,6804,23793,1,Y,Yes,15,4,1,80,2,7,0,3,7,7,1,7,Adzuna
49,Current employee,Non-Travel,1002,Research & Development,18,4,Medical,1,3309,126764,4,Male,92,3,2,Manufacturing Director,4,Divorced,6804,23793,1,Y,Yes,15,4,1,80,2,7,0,3,7,7,1,7,Adzuna
49,Current employee,Non-Travel,1002,Research & Development,18,4,Life Sciences,1,3313,126768,4,Male,92,3,2,Manufacturing Director,4,Divorced,6804,23793,1,Y,Yes,15,3,1,80,2,7,0,3,7,7,1,7,Adzuna
49,Current employee,Non-Travel,1002,Research & Development,18,4,Medical,1,3314,126769,4,Male,92,3,2,Manufacturing Director,4,Divorced,6804,23793,1,Y,Yes,15,3,1,80,2,7,0,3,7,7,1,7,Adzuna
49,Current employee,Travel_Rarely,1245,Research & Development,18,4,Life Sciences,1,3558,127013,1,Male,46,3,1,Research Scientist,3,Single,2058,19757,0,Y,No,14,3,4,80,0,7,1,2,6,2,1,5,GlassDoor
49,Current employee,Travel_Rarely,1245,Research & Development,18,4,Medical,1,3560,127015,1,Male,46,3,1,Research Scientist,3,Single,2058,19757,3,Y,No,14,3,4,80,0,7,1,2,6,2,1,5,GlassDoor
49,Current employee,Travel_Rarely,1245,Research & Development,18,4,Life Sciences,1,3563,127018,1,Male,46,3,1,Research Scientist,3,Single,2058,19757,0,Y,No,14,3,4,80,0,7,1,2,6,2,1,5,GlassDoor
49,Current employee,Travel_Rarely,1245,Research & Development,18,4,Medical,1,3564,127019,1,Male,46,3,1,Research Scientist,3,Single,2058,19757,3,Y,No,14,3,4,80,0,7,1,2,6,2,1,5,GlassDoor
49,Current employee,Travel_Rarely,1245,Research & Development,18,4,Life Sciences,1,3566,127021,1,Male,46,3,1,Research Scientist,3,Single,2058,19757,0,Y,No,14,3,4,80,0,7,1,2,6,2,1,5,GlassDoor
49,Current employee,Travel_Rarely,1245,Research & Development,18,4,Medical,1,3568,127023,1,Male,46,3,1,Research Scientist,3,Single,2058,19757,3,Y,No,14,3,4,80,0,7,1,2,6,2,1,5,GlassDoor
49,Current employee,Travel_Rarely,1245,Research & Development,18,4,Life Sciences,1,3571,127026,1,Male,46,3,1,Research Scientist,3,Single,2058,19757,0,Y,No,14,3,4,80,0,7,1,2,6,2,1,5,GlassDoor
49,Current employee,Travel_Rarely,1245,Research & Development,18,4,Medical,1,3572,127027,1,Male,46,3,1,Research Scientist,3,Single,2058,19757,3,Y,No,14,3,4,80,0,7,1,2,6,2,1,5,GlassDoor
49,Current employee,Travel_Frequently,636,Research & Development,10,4,Life Sciences,1,4734,128189,3,Female,35,3,5,Research Director,1,Single,18665,25594,9,Y,Yes,11,3,4,80,0,22,4,3,3,2,1,2,Jora
49,Current employee,Travel_Frequently,636,Research & Development,10,4,Medical,1,4736,128191,3,Female,35,3,5,Research Director,1,Single,18665,25594,2,Y,Yes,11,4,4,80,0,22,4,3,3,2,1,2,Jora
49,Current employee,Travel_Frequently,636,Research & Development,10,4,Life Sciences,1,4738,128193,3,Female,35,3,5,Research Director,1,Single,18665,25594,9,Y,Yes,11,3,4,80,0,22,4,3,3,2,1,2,Jora
49,Current employee,Travel_Frequently,636,Research & Development,10,4,Medical,1,4739,128194,3,Female,35,3,5,Research Director,1,Single,18665,25594,2,Y,Yes,11,3,4,80,0,22,4,3,3,2,1,2,Jora
49,Current employee,Travel_Frequently,636,Research & Development,10,4,Medical,1,4743,128198,3,Female,35,3,5,Research Director,1,Single,18665,25594,2,Y,Yes,11,4,4,80,0,22,4,3,3,2,1,2,Jora
49,Current employee,Travel_Frequently,636,Research & Development,10,4,Life Sciences,1,4745,128200,3,Female,35,3,5,Research Director,1,Single,18665,25594,9,Y,Yes,11,3,4,80,0,22,4,3,3,2,1,2,Jora
49,Current employee,Travel_Frequently,636,Research & Development,10,4,Medical,1,4746,128201,3,Female,35,3,5,Research Director,1,Single,18665,25594,2,Y,Yes,11,3,4,80,0,22,4,3,3,2,1,2,Jora
49,Current employee,Travel_Rarely,1091,Research & Development,1,2,Technical Degree,1,5136,128591,3,Female,90,2,4,Healthcare Representative,3,Single,13964,17810,7,Y,Yes,12,3,4,80,0,25,2,3,7,1,0,7,Company Website
49,Current employee,Travel_Rarely,1091,Research & Development,1,2,Human Resources,1,5138,128593,3,Female,90,2,4,Healthcare Representative,3,Single,13964,17810,0,Y,Yes,12,3,4,80,0,25,2,3,7,1,0,7,Company Website
49,Current employee,Travel_Rarely,1091,Research & Development,1,2,Technical Degree,1,5142,128597,3,Female,90,2,4,Healthcare Representative,3,Single,13964,17810,7,Y,Yes,12,3,4,80,0,25,2,3,7,1,0,7,Company Website
49,Current employee,Travel_Rarely,1091,Research & Development,1,2,Human Resources,1,5143,128598,3,Female,90,2,4,Healthcare Representative,3,Single,13964,17810,0,Y,Yes,12,3,4,80,0,25,2,3,7,1,0,7,Company Website
49,Current employee,Travel_Rarely,1091,Research & Development,1,2,Technical Degree,1,5144,128599,3,Female,90,2,4,Healthcare Representative,3,Single,13964,17810,7,Y,Yes,12,3,4,80,0,25,2,3,7,1,0,7,Company Website
49,Current employee,Travel_Rarely,1091,Research & Development,1,2,Human Resources,1,5146,128601,3,Female,90,2,4,Healthcare Representative,3,Single,13964,17810,0,Y,Yes,12,3,4,80,0,25,2,3,7,1,0,7,Company Website
49,Current employee,Travel_Rarely,1091,Research & Development,1,2,Technical Degree,1,5150,128605,3,Female,90,2,4,Healthcare Representative,3,Single,13964,17810,7,Y,Yes,12,3,4,80,0,25,2,3,7,1,0,7,Company Website
49,Current employee,Travel_Rarely,1091,Research & Development,1,2,Human Resources,1,5151,128606,3,Female,90,2,4,Healthcare Representative,3,Single,13964,17810,0,Y,Yes,12,3,4,80,0,25,2,3,7,1,0,7,Company Website
49,Current employee,Travel_Rarely,1261,Research & Development,7,3,Other,1,6067,129522,2,Male,31,2,3,Healthcare Representative,3,Single,10965,12066,8,Y,No,24,4,3,80,0,26,2,3,5,2,0,0,Company Website
49,Current employee,Travel_Rarely,1261,Research & Development,7,3,Marketing,1,6070,129525,2,Male,31,2,3,Healthcare Representative,3,Single,10965,12066,0,Y,No,24,3,3,80,0,26,2,3,5,2,0,0,Company Website
49,Current employee,Travel_Rarely,1261,Research & Development,7,3,Other,1,6073,129528,2,Male,31,2,3,Healthcare Representative,3,Single,10965,12066,8,Y,No,24,4,3,80,0,26,2,3,5,2,0,0,Company Website
49,Current employee,Travel_Rarely,1261,Research & Development,7,3,Marketing,1,6074,129529,2,Male,31,2,3,Healthcare Representative,3,Single,10965,12066,0,Y,No,24,4,3,80,0,26,2,3,5,2,0,0,Company Website
49,Current employee,Travel_Rarely,1261,Research & Development,7,3,Other,1,6075,129530,2,Male,31,2,3,Healthcare Representative,3,Single,10965,12066,8,Y,No,24,4,3,80,0,26,2,3,5,2,0,0,Company Website
49,Current employee,Travel_Rarely,1261,Research & Development,7,3,Marketing,1,6078,129533,2,Male,31,2,3,Healthcare Representative,3,Single,10965,12066,0,Y,No,24,3,3,80,0,26,2,3,5,2,0,0,Company Website
49,Current employee,Travel_Rarely,1261,Research & Development,7,3,Other,1,6081,129536,2,Male,31,2,3,Healthcare Representative,3,Single,10965,12066,8,Y,No,24,4,3,80,0,26,2,3,5,2,0,0,Company Website
49,Current employee,Travel_Rarely,1261,Research & Development,7,3,Marketing,1,6082,129537,2,Male,31,2,3,Healthcare Representative,3,Single,10965,12066,0,Y,No,24,4,3,80,0,26,2,3,5,2,0,0,Company Website
49,Current employee,Travel_Rarely,1490,Research & Development,7,4,Life Sciences,1,7421,130876,2,Male,57,4,2,Sales Executive,4,Single,5337,19921,1,Y,No,12,3,4,80,0,10,3,3,10,7,5,7,LinkedIn
49,Current employee,Travel_Rarely,1490,Research & Development,7,4,Marketing,1,7422,130877,2,Male,57,4,2,Sales Executive,4,Single,5337,19921,5,Y,No,12,3,4,80,0,10,3,3,10,7,5,7,LinkedIn
49,Current employee,Travel_Rarely,1490,Research & Development,7,4,Life Sciences,1,7426,130881,2,Male,57,4,2,Sales Executive,4,Single,5337,19921,1,Y,No,12,3,4,80,0,10,3,3,10,7,5,7,LinkedIn
49,Current employee,Travel_Rarely,1490,Research & Development,7,4,Marketing,1,7427,130882,2,Male,57,4,2,Sales Executive,4,Single,5337,19921,5,Y,No,12,3,4,80,0,10,3,3,10,7,5,7,LinkedIn
49,Current employee,Travel_Rarely,1490,Research & Development,7,4,Marketing,1,7429,130884,2,Male,57,4,2,Sales Executive,4,Single,5337,19921,5,Y,No,12,3,4,80,0,10,3,3,10,7,5,7,LinkedIn
49,Current employee,Travel_Rarely,1490,Research & Development,7,4,Life Sciences,1,7433,130888,2,Male,57,4,2,Sales Executive,4,Single,5337,19921,1,Y,No,12,3,4,80,0,10,3,3,10,7,5,7,LinkedIn
49,Current employee,Travel_Rarely,1490,Research & Development,7,4,Marketing,1,7434,130889,2,Male,57,4,2,Sales Executive,4,Single,5337,19921,5,Y,No,12,3,4,80,0,10,3,3,10,7,5,7,LinkedIn
49,Current employee,Travel_Rarely,1245,Research & Development,18,4,Life Sciences,1,7589,131044,4,Male,58,2,5,Research Director,3,Divorced,19502,2125,1,Y,Yes,17,3,3,80,1,31,5,3,31,9,0,9,Company Website
49,Current employee,Travel_Rarely,1245,Research & Development,18,4,Medical,1,7591,131046,4,Male,58,2,5,Research Director,3,Divorced,19502,2125,2,Y,Yes,17,3,3,80,1,31,5,3,31,9,0,9,Company Website
49,Current employee,Travel_Rarely,1245,Research & Development,18,4,Life Sciences,1,7595,131050,4,Male,58,2,5,Research Director,3,Divorced,19502,2125,1,Y,Yes,17,3,3,80,1,31,5,3,31,9,0,9,Company Website
49,Current employee,Travel_Rarely,1245,Research & Development,18,4,Medical,1,7596,131051,4,Male,58,2,5,Research Director,3,Divorced,19502,2125,2,Y,Yes,17,3,3,80,1,31,5,3,31,9,0,9,Company Website
49,Current employee,Travel_Rarely,1245,Research & Development,18,4,Life Sciences,1,7597,131052,4,Male,58,2,5,Research Director,3,Divorced,19502,2125,1,Y,Yes,17,3,3,80,1,31,5,3,31,9,0,9,Company Website
49,Current employee,Travel_Rarely,1245,Research & Development,18,4,Medical,1,7599,131054,4,Male,58,2,5,Research Director,3,Divorced,19502,2125,2,Y,Yes,17,3,3,80,1,31,5,3,31,9,0,9,Company Website
49,Current employee,Travel_Rarely,1245,Research & Development,18,4,Life Sciences,1,7603,131058,4,Male,58,2,5,Research Director,3,Divorced,19502,2125,1,Y,Yes,17,3,3,80,1,31,5,3,31,9,0,9,Company Website
49,Current employee,Travel_Rarely,1245,Research & Development,18,4,Medical,1,7604,131059,4,Male,58,2,5,Research Director,3,Divorced,19502,2125,2,Y,Yes,17,3,3,80,1,31,5,3,31,9,0,9,Company Website
49,Current employee,Travel_Rarely,722,Research & Development,25,4,Life Sciences,1,8088,131543,2,Female,59,3,1,Laboratory Technician,4,Married,2659,17759,1,Y,Yes,13,3,3,80,1,3,2,3,3,2,0,2,Company Website
49,Current employee,Travel_Rarely,722,Research & Development,25,4,Technical Degree,1,8090,131545,2,Female,59,3,1,Laboratory Technician,4,Married,2659,17759,1,Y,Yes,13,3,3,80,1,3,2,3,3,2,0,2,Company Website
49,Current employee,Travel_Rarely,722,Research & Development,25,4,Life Sciences,1,8093,131548,2,Female,59,3,1,Laboratory Technician,4,Married,2659,17759,1,Y,Yes,13,3,3,80,1,3,2,3,3,2,0,2,Company Website
49,Current employee,Travel_Rarely,722,Research & Development,25,4,Technical Degree,1,8094,131549,2,Female,59,3,1,Laboratory Technician,4,Married,2659,17759,1,Y,Yes,13,3,3,80,1,3,2,3,3,2,0,2,Company Website
49,Current employee,Travel_Rarely,722,Research & Development,25,4,Life Sciences,1,8096,131551,2,Female,59,3,1,Laboratory Technician,4,Married,2659,17759,1,Y,Yes,13,3,3,80,1,3,2,3,3,2,0,2,Company Website
49,Current employee,Travel_Rarely,722,Research & Development,25,4,Technical Degree,1,8098,131553,2,Female,59,3,1,Laboratory Technician,4,Married,2659,17759,1,Y,Yes,13,3,3,80,1,3,2,3,3,2,0,2,Company Website
49,Current employee,Travel_Rarely,722,Research & Development,25,4,Life Sciences,1,8101,131556,2,Female,59,3,1,Laboratory Technician,4,Married,2659,17759,1,Y,Yes,13,3,3,80,1,3,2,3,3,2,0,2,Company Website
49,Current employee,Travel_Rarely,722,Research & Development,25,4,Technical Degree,1,8102,131557,2,Female,59,3,1,Laboratory Technician,4,Married,2659,17759,1,Y,Yes,13,3,3,80,1,3,2,3,3,2,0,2,Company Website
49,Current employee,Travel_Rarely,465,Research & Development,6,1,Life Sciences,1,8295,131750,2,Female,59,2,2,Sales Executive,4,Single,4028,7791,0,Y,No,20,3,1,80,0,8,2,3,7,7,0,5,GlassDoor
49,Current employee,Travel_Rarely,465,Research & Development,6,1,Marketing,1,8296,131751,2,Female,59,2,2,Sales Executive,4,Single,4028,7791,5,Y,No,20,3,1,80,0,8,2,3,7,7,0,5,GlassDoor
49,Current employee,Travel_Rarely,465,Research & Development,6,1,Life Sciences,1,8300,131755,2,Female,59,2,2,Sales Executive,4,Single,4028,7791,0,Y,No,20,4,1,80,0,8,2,3,7,7,0,5,GlassDoor
49,Current employee,Travel_Rarely,465,Research & Development,6,1,Marketing,1,8301,131756,2,Female,59,2,2,Sales Executive,4,Single,4028,7791,5,Y,No,20,4,1,80,0,8,2,3,7,7,0,5,GlassDoor
49,Current employee,Travel_Rarely,465,Research & Development,6,1,Life Sciences,1,8303,131758,2,Female,59,2,2,Sales Executive,4,Single,4028,7791,0,Y,No,20,3,1,80,0,8,2,3,7,7,0,5,GlassDoor
49,Current employee,Travel_Rarely,465,Research & Development,6,1,Marketing,1,8304,131759,2,Female,59,2,2,Sales Executive,4,Single,4028,7791,5,Y,No,20,3,1,80,0,8,2,3,7,7,0,5,GlassDoor
49,Current employee,Travel_Rarely,465,Research & Development,6,1,Life Sciences,1,8308,131763,2,Female,59,2,2,Sales Executive,4,Single,4028,7791,0,Y,No,20,4,1,80,0,8,2,3,7,7,0,5,GlassDoor
49,Current employee,Travel_Rarely,465,Research & Development,6,1,Marketing,1,8309,131764,2,Female,59,2,2,Sales Executive,4,Single,4028,7791,5,Y,No,20,4,1,80,0,8,2,3,7,7,0,5,GlassDoor
49,Current employee,Travel_Rarely,809,Research & Development,1,3,Life Sciences,1,8390,131845,2,Female,60,2,3,Healthcare Representative,2,Single,8621,17654,1,Y,No,14,3,2,80,0,9,3,4,8,7,7,7,Indeed
49,Current employee,Travel_Rarely,809,Research & Development,1,3,Life Sciences,1,8391,131846,2,Female,60,2,3,Healthcare Representative,2,Single,8621,17654,0,Y,No,14,4,2,80,0,9,3,4,8,7,7,7,Indeed
49,Current employee,Travel_Rarely,809,Research & Development,1,3,Life Sciences,1,8395,131850,2,Female,60,2,3,Healthcare Representative,2,Single,8621,17654,1,Y,No,14,3,2,80,0,9,3,4,8,7,7,7,Indeed
49,Current employee,Travel_Rarely,809,Research & Development,1,3,Life Sciences,1,8396,131851,2,Female,60,2,3,Healthcare Representative,2,Single,8621,17654,0,Y,No,14,3,2,80,0,9,3,4,8,7,7,7,Indeed
49,Current employee,Travel_Rarely,809,Research & Development,1,3,Life Sciences,1,8398,131853,2,Female,60,2,3,Healthcare Representative,2,Single,8621,17654,1,Y,No,14,3,2,80,0,9,3,4,8,7,7,7,Indeed
49,Current employee,Travel_Rarely,809,Research & Development,1,3,Life Sciences,1,8399,131854,2,Female,60,2,3,Healthcare Representative,2,Single,8621,17654,0,Y,No,14,4,2,80,0,9,3,4,8,7,7,7,Indeed
49,Current employee,Travel_Rarely,809,Research & Development,1,3,Life Sciences,1,8403,131858,2,Female,60,2,3,Healthcare Representative,2,Single,8621,17654,1,Y,No,14,3,2,80,0,9,3,4,8,7,7,7,Indeed
49,Current employee,Travel_Rarely,809,Research & Development,1,3,Life Sciences,1,8404,131859,2,Female,60,2,3,Healthcare Representative,2,Single,8621,17654,0,Y,No,14,3,2,80,0,9,3,4,8,7,7,7,Indeed
49,Current employee,Travel_Frequently,1064,Research & Development,2,1,Life Sciences,1,9557,133012,3,Male,63,3,5,Research Director,2,Single,19246,25761,7,Y,Yes,12,3,4,80,0,40,2,3,31,15,13,8,Jora
49,Current employee,Travel_Frequently,1064,Research & Development,2,1,Life Sciences,1,9559,133014,3,Male,63,3,5,Research Director,2,Single,19246,25761,1,Y,Yes,12,3,4,80,0,40,2,3,31,15,13,8,Jora
49,Current employee,Travel_Frequently,1064,Research & Development,2,1,Life Sciences,1,9560,133015,3,Male,63,3,5,Research Director,2,Single,19246,25761,7,Y,Yes,12,3,4,80,0,40,2,3,31,15,13,8,Jora
49,Current employee,Travel_Frequently,1064,Research & Development,2,1,Life Sciences,1,9561,133016,3,Male,63,3,5,Research Director,2,Single,19246,25761,1,Y,Yes,12,3,4,80,0,40,2,3,31,15,13,8,Jora
49,Current employee,Travel_Frequently,1064,Research & Development,2,1,Life Sciences,1,9565,133020,3,Male,63,3,5,Research Director,2,Single,19246,25761,7,Y,Yes,12,3,4,80,0,40,2,3,31,15,13,8,Jora
49,Current employee,Travel_Frequently,1064,Research & Development,2,1,Life Sciences,1,9567,133022,3,Male,63,3,5,Research Director,2,Single,19246,25761,1,Y,Yes,12,3,4,80,0,40,2,3,31,15,13,8,Jora
49,Current employee,Travel_Frequently,1064,Research & Development,2,1,Life Sciences,1,9568,133023,3,Male,63,3,5,Research Director,2,Single,19246,25761,7,Y,Yes,12,3,4,80,0,40,2,3,31,15,13,8,Jora
49,Current employee,Travel_Frequently,1064,Research & Development,2,1,Life Sciences,1,9569,133024,3,Male,63,3,5,Research Director,2,Single,19246,25761,1,Y,Yes,12,3,4,80,0,40,2,3,31,15,13,8,Jora
49,Current employee,Travel_Rarely,1418,Research & Development,1,3,Technical Degree,1,10255,133710,3,Female,36,3,1,Research Scientist,1,Married,3580,10554,2,Y,No,16,3,2,80,1,7,2,3,4,2,0,2,Seek
49,Current employee,Travel_Rarely,1418,Research & Development,1,3,Life Sciences,1,10257,133712,3,Female,36,3,1,Research Scientist,1,Married,3580,10554,2,Y,No,16,3,2,80,1,7,2,3,4,2,0,2,Seek
49,Current employee,Travel_Rarely,1418,Research & Development,1,3,Technical Degree,1,10261,133716,3,Female,36,3,1,Research Scientist,1,Married,3580,10554,2,Y,No,16,3,2,80,1,7,2,3,4,2,0,2,Seek
49,Current employee,Travel_Rarely,1418,Research & Development,1,3,Life Sciences,1,10262,133717,3,Female,36,3,1,Research Scientist,1,Married,3580,10554,2,Y,No,16,3,2,80,1,7,2,3,4,2,0,2,Seek
49,Current employee,Travel_Rarely,1418,Research & Development,1,3,Technical Degree,1,10263,133718,3,Female,36,3,1,Research Scientist,1,Married,3580,10554,2,Y,No,16,3,2,80,1,7,2,3,4,2,0,2,Seek
49,Current employee,Travel_Rarely,1418,Research & Development,1,3,Life Sciences,1,10265,133720,3,Female,36,3,1,Research Scientist,1,Married,3580,10554,2,Y,No,16,3,2,80,1,7,2,3,4,2,0,2,Seek
49,Current employee,Travel_Rarely,1418,Research & Development,1,3,Technical Degree,1,10269,133724,3,Female,36,3,1,Research Scientist,1,Married,3580,10554,2,Y,No,16,3,2,80,1,7,2,3,4,2,0,2,Seek
49,Current employee,Travel_Rarely,1418,Research & Development,1,3,Life Sciences,1,10270,133725,3,Female,36,3,1,Research Scientist,1,Married,3580,10554,2,Y,No,16,3,2,80,1,7,2,3,4,2,0,2,Seek
49,Current employee,Travel_Rarely,527,Research & Development,8,2,Other,1,10875,134330,1,Female,51,3,3,Laboratory Technician,2,Married,7403,22477,4,Y,No,11,3,3,80,1,29,3,2,26,9,1,7,Indeed
49,Current employee,Travel_Rarely,527,Research & Development,8,2,Medical,1,10878,134333,1,Female,51,3,3,Laboratory Technician,2,Married,7403,22477,1,Y,No,11,3,3,80,1,29,3,2,26,9,1,7,Indeed
49,Current employee,Travel_Rarely,527,Research & Development,8,2,Other,1,10881,134336,1,Female,51,3,3,Laboratory Technician,2,Married,7403,22477,4,Y,No,11,3,3,80,1,29,3,2,26,9,1,7,Indeed
49,Current employee,Travel_Rarely,527,Research & Development,8,2,Medical,1,10882,134337,1,Female,51,3,3,Laboratory Technician,2,Married,7403,22477,1,Y,No,11,3,3,80,1,29,3,2,26,9,1,7,Indeed
49,Current employee,Travel_Rarely,527,Research & Development,8,2,Other,1,10883,134338,1,Female,51,3,3,Laboratory Technician,2,Married,7403,22477,4,Y,No,11,3,3,80,1,29,3,2,26,9,1,7,Indeed
49,Current employee,Travel_Rarely,527,Research & Development,8,2,Medical,1,10886,134341,1,Female,51,3,3,Laboratory Technician,2,Married,7403,22477,1,Y,No,11,3,3,80,1,29,3,2,26,9,1,7,Indeed
49,Current employee,Travel_Rarely,527,Research & Development,8,2,Other,1,10889,134344,1,Female,51,3,3,Laboratory Technician,2,Married,7403,22477,4,Y,No,11,3,3,80,1,29,3,2,26,9,1,7,Indeed
49,Current employee,Travel_Rarely,527,Research & Development,8,2,Medical,1,10890,134345,1,Female,51,3,3,Laboratory Technician,2,Married,7403,22477,1,Y,No,11,3,3,80,1,29,3,2,26,9,1,7,Indeed
49,Current employee,Travel_Rarely,1313,Sales,11,4,Marketing,1,12254,135709,3,Male,71,3,1,Sales Representative,2,Married,1052,23384,1,Y,No,22,3,2,80,0,1,5,3,1,0,0,0,GlassDoor
49,Current employee,Travel_Rarely,1313,Sales,11,4,Medical,1,12256,135711,3,Male,71,3,1,Sales Representative,2,Married,1052,23384,9,Y,No,22,3,2,80,0,1,5,3,1,0,0,0,GlassDoor
49,Current employee,Travel_Rarely,1313,Sales,11,4,Marketing,1,12259,135714,3,Male,71,3,1,Sales Representative,2,Married,1052,23384,1,Y,No,22,4,2,80,0,1,5,3,1,0,0,0,GlassDoor
49,Current employee,Travel_Rarely,1313,Sales,11,4,Medical,1,12260,135715,3,Male,71,3,1,Sales Representative,2,Married,1052,23384,9,Y,No,22,4,2,80,0,1,5,3,1,0,0,0,GlassDoor
49,Current employee,Travel_Rarely,1313,Sales,11,4,Marketing,1,12262,135717,3,Male,71,3,1,Sales Representative,2,Married,1052,23384,1,Y,No,22,3,2,80,0,1,5,3,1,0,0,0,GlassDoor
49,Current employee,Travel_Rarely,1313,Sales,11,4,Medical,1,12264,135719,3,Male,71,3,1,Sales Representative,2,Married,1052,23384,9,Y,No,22,3,2,80,0,1,5,3,1,0,0,0,GlassDoor
49,Current employee,Travel_Rarely,1313,Sales,11,4,Marketing,1,12267,135722,3,Male,71,3,1,Sales Representative,2,Married,1052,23384,1,Y,No,22,4,2,80,0,1,5,3,1,0,0,0,GlassDoor
49,Current employee,Travel_Rarely,1313,Sales,11,4,Medical,1,12268,135723,3,Male,71,3,1,Sales Representative,2,Married,1052,23384,9,Y,No,22,4,2,80,0,1,5,3,1,0,0,0,GlassDoor
49,Current employee,Travel_Rarely,174,Sales,8,4,Technical Degree,1,13166,136621,4,Male,56,2,4,Sales Executive,2,Married,13120,11879,6,Y,No,17,3,2,80,1,22,3,3,9,8,2,3,Indeed
49,Current employee,Travel_Rarely,174,Sales,8,4,Medical,1,13169,136624,4,Male,56,2,4,Sales Executive,2,Married,13120,11879,6,Y,No,17,3,2,80,1,22,3,3,9,8,2,3,Indeed
49,Current employee,Travel_Rarely,174,Sales,8,4,Technical Degree,1,13172,136627,4,Male,56,2,4,Sales Executive,2,Married,13120,11879,6,Y,No,17,3,2,80,1,22,3,3,9,8,2,3,Indeed
49,Current employee,Travel_Rarely,174,Sales,8,4,Medical,1,13173,136628,4,Male,56,2,4,Sales Executive,2,Married,13120,11879,6,Y,No,17,3,2,80,1,22,3,3,9,8,2,3,Indeed
49,Current employee,Travel_Rarely,174,Sales,8,4,Technical Degree,1,13174,136629,4,Male,56,2,4,Sales Executive,2,Married,13120,11879,6,Y,No,17,3,2,80,1,22,3,3,9,8,2,3,Indeed
49,Current employee,Travel_Rarely,174,Sales,8,4,Medical,1,13177,136632,4,Male,56,2,4,Sales Executive,2,Married,13120,11879,6,Y,No,17,3,2,80,1,22,3,3,9,8,2,3,Indeed
49,Current employee,Travel_Rarely,174,Sales,8,4,Technical Degree,1,13180,136635,4,Male,56,2,4,Sales Executive,2,Married,13120,11879,6,Y,No,17,3,2,80,1,22,3,3,9,8,2,3,Indeed
49,Current employee,Travel_Rarely,174,Sales,8,4,Medical,1,13181,136636,4,Male,56,2,4,Sales Executive,2,Married,13120,11879,6,Y,No,17,3,2,80,1,22,3,3,9,8,2,3,Indeed
49,Current employee,Travel_Rarely,470,Research & Development,20,4,Medical,1,13310,136765,3,Male,74,3,1,Laboratory Technician,4,Married,4766,9051,3,Y,Yes,11,3,1,80,1,6,4,3,1,0,0,0,Jora
49,Current employee,Travel_Rarely,470,Research & Development,20,4,Other,1,13312,136767,3,Male,74,3,1,Laboratory Technician,4,Married,4766,9051,1,Y,Yes,11,3,1,80,1,6,4,3,1,0,0,0,Jora
49,Current employee,Travel_Rarely,470,Research & Development,20,4,Medical,1,13315,136770,3,Male,74,3,1,Laboratory Technician,4,Married,4766,9051,3,Y,Yes,11,3,1,80,1,6,4,3,1,0,0,0,Jora
49,Current employee,Travel_Rarely,470,Research & Development,20,4,Other,1,13316,136771,3,Male,74,3,1,Laboratory Technician,4,Married,4766,9051,1,Y,Yes,11,3,1,80,1,6,4,3,1,0,0,0,Jora
49,Current employee,Travel_Rarely,470,Research & Development,20,4,Medical,1,13318,136773,3,Male,74,3,1,Laboratory Technician,4,Married,4766,9051,3,Y,Yes,11,3,1,80,1,6,4,3,1,0,0,0,Jora
49,Current employee,Travel_Rarely,470,Research & Development,20,4,Other,1,13320,136775,3,Male,74,3,1,Laboratory Technician,4,Married,4766,9051,1,Y,Yes,11,3,1,80,1,6,4,3,1,0,0,0,Jora
49,Current employee,Travel_Rarely,470,Research & Development,20,4,Medical,1,13323,136778,3,Male,74,3,1,Laboratory Technician,4,Married,4766,9051,3,Y,Yes,11,3,1,80,1,6,4,3,1,0,0,0,Jora
49,Current employee,Travel_Rarely,470,Research & Development,20,4,Other,1,13324,136779,3,Male,74,3,1,Laboratory Technician,4,Married,4766,9051,1,Y,Yes,11,3,1,80,1,6,4,3,1,0,0,0,Jora
49,Current employee,Travel_Rarely,1098,Research & Development,4,2,Medical,1,14399,137854,1,Male,85,2,5,Manager,3,Married,18711,12124,2,Y,No,13,3,3,80,1,23,2,4,1,0,0,0,Company Website
49,Current employee,Travel_Rarely,1098,Research & Development,4,2,Life Sciences,1,14401,137856,1,Male,85,2,5,Manager,3,Married,18711,12124,1,Y,No,13,3,3,80,1,23,2,4,1,0,0,0,Company Website
49,Current employee,Travel_Rarely,1098,Research & Development,4,2,Medical,1,14403,137858,1,Male,85,2,5,Manager,3,Married,18711,12124,2,Y,No,13,3,3,80,1,23,2,4,1,0,0,0,Company Website
49,Current employee,Travel_Rarely,1098,Research & Development,4,2,Life Sciences,1,14404,137859,1,Male,85,2,5,Manager,3,Married,18711,12124,1,Y,No,13,3,3,80,1,23,2,4,1,0,0,0,Company Website
49,Current employee,Travel_Rarely,1098,Research & Development,4,2,Medical,1,14407,137862,1,Male,85,2,5,Manager,3,Married,18711,12124,2,Y,No,13,3,3,80,1,23,2,4,1,0,0,0,Company Website
49,Current employee,Travel_Rarely,1098,Research & Development,4,2,Life Sciences,1,14409,137864,1,Male,85,2,5,Manager,3,Married,18711,12124,1,Y,No,13,3,3,80,1,23,2,4,1,0,0,0,Company Website
49,Current employee,Travel_Rarely,1098,Research & Development,4,2,Medical,1,14411,137866,1,Male,85,2,5,Manager,3,Married,18711,12124,2,Y,No,13,3,3,80,1,23,2,4,1,0,0,0,Company Website
49,Current employee,Travel_Rarely,1098,Research & Development,4,2,Life Sciences,1,14412,137867,1,Male,85,2,5,Manager,3,Married,18711,12124,1,Y,No,13,3,3,80,1,23,2,4,1,0,0,0,Company Website
49,Current employee,Travel_Rarely,1495,Research & Development,5,4,Technical Degree,1,16712,140167,1,Male,96,3,2,Healthcare Representative,3,Married,6651,21534,2,Y,No,14,3,2,80,1,20,0,2,3,2,1,2,Recruit.net
49,Current employee,Travel_Rarely,1495,Research & Development,5,4,Life Sciences,1,16715,140170,1,Male,96,3,2,Healthcare Representative,3,Married,6651,21534,0,Y,No,14,3,2,80,1,20,0,2,3,2,1,2,Recruit.net
49,Current employee,Travel_Rarely,1495,Research & Development,5,4,Technical Degree,1,16718,140173,1,Male,96,3,2,Healthcare Representative,3,Married,6651,21534,2,Y,No,14,3,2,80,1,20,0,2,3,2,1,2,Recruit.net
49,Current employee,Travel_Rarely,1495,Research & Development,5,4,Life Sciences,1,16719,140174,1,Male,96,3,2,Healthcare Representative,3,Married,6651,21534,0,Y,No,14,3,2,80,1,20,0,2,3,2,1,2,Recruit.net
49,Current employee,Travel_Rarely,1495,Research & Development,5,4,Technical Degree,1,16720,140175,1,Male,96,3,2,Healthcare Representative,3,Married,6651,21534,2,Y,No,14,3,2,80,1,20,0,2,3,2,1,2,Recruit.net
49,Current employee,Travel_Rarely,1495,Research & Development,5,4,Life Sciences,1,16723,140178,1,Male,96,3,2,Healthcare Representative,3,Married,6651,21534,0,Y,No,14,3,2,80,1,20,0,2,3,2,1,2,Recruit.net
49,Current employee,Travel_Rarely,1495,Research & Development,5,4,Technical Degree,1,16726,140181,1,Male,96,3,2,Healthcare Representative,3,Married,6651,21534,2,Y,No,14,3,2,80,1,20,0,2,3,2,1,2,Recruit.net
49,Current employee,Travel_Rarely,1495,Research & Development,5,4,Test,1,16727,140182,1,Male,96,3,2,Healthcare Representative,3,Married,6651,21534,0,Y,No,14,3,2,80,1,20,0,2,3,2,1,2,Recruit.net
49,Current employee,Travel_Rarely,1490,Research & Development,7,4,Life Sciences,1,16871,140326,3,Male,35,3,3,Healthcare Representative,2,Divorced,10466,20948,3,Y,No,14,4,2,80,2,29,3,3,8,7,0,7,Company Website
49,Current employee,Travel_Rarely,1490,Research & Development,7,4,Marketing,1,16873,140328,3,Male,35,3,3,Healthcare Representative,2,Divorced,10466,20948,0,Y,No,14,4,2,80,2,29,3,3,8,7,0,7,Company Website
49,Current employee,Travel_Rarely,1490,Research & Development,7,4,Life Sciences,1,16877,140332,3,Male,35,3,3,Healthcare Representative,2,Divorced,10466,20948,3,Y,No,14,3,2,80,2,29,3,3,8,7,0,7,Company Website
49,Current employee,Travel_Rarely,1490,Research & Development,7,4,Marketing,1,16878,140333,3,Male,35,3,3,Healthcare Representative,2,Divorced,10466,20948,0,Y,No,14,3,2,80,2,29,3,3,8,7,0,7,Company Website
49,Current employee,Travel_Rarely,1490,Research & Development,7,4,Life Sciences,1,16879,140334,3,Male,35,3,3,Healthcare Representative,2,Divorced,10466,20948,3,Y,No,14,4,2,80,2,29,3,3,8,7,0,7,Company Website
49,Current employee,Travel_Rarely,1490,Research & Development,7,4,Marketing,1,16881,140336,3,Male,35,3,3,Healthcare Representative,2,Divorced,10466,20948,0,Y,No,14,4,2,80,2,29,3,3,8,7,0,7,Company Website
49,Current employee,Travel_Rarely,1490,Research & Development,7,4,Life Sciences,1,16885,140340,3,Male,35,3,3,Healthcare Representative,2,Divorced,10466,20948,3,Y,No,14,3,2,80,2,29,3,3,8,7,0,7,Company Website
49,Current employee,Travel_Rarely,1490,Research & Development,7,4,Marketing,1,16886,140341,3,Male,35,3,3,Healthcare Representative,2,Divorced,10466,20948,0,Y,No,14,3,2,80,2,29,3,3,8,7,0,7,Company Website
49,Current employee,Travel_Rarely,271,Research & Development,3,2,Medical,1,17141,140596,3,Female,43,2,2,Laboratory Technician,1,Married,4789,23070,4,Y,No,25,3,1,80,1,10,3,3,3,2,1,2,Company Website
49,Current employee,Travel_Rarely,271,Research & Development,3,2,Life Sciences,1,17144,140599,3,Female,43,2,2,Laboratory Technician,1,Married,4789,23070,1,Y,No,25,3,1,80,1,10,3,3,3,2,1,2,Company Website
49,Current employee,Travel_Rarely,271,Research & Development,3,2,Medical,1,17147,140602,3,Female,43,2,2,Laboratory Technician,1,Married,4789,23070,4,Y,No,25,4,1,80,1,10,3,3,3,2,1,2,Company Website
49,Current employee,Travel_Rarely,271,Research & Development,3,2,Life Sciences,1,17148,140603,3,Female,43,2,2,Laboratory Technician,1,Married,4789,23070,1,Y,No,25,4,1,80,1,10,3,3,3,2,1,2,Company Website
49,Current employee,Travel_Rarely,271,Research & Development,3,2,Medical,1,17149,140604,3,Female,43,2,2,Laboratory Technician,1,Married,4789,23070,4,Y,No,25,3,1,80,1,10,3,3,3,2,1,2,Company Website
49,Current employee,Travel_Rarely,271,Research & Development,3,2,Life Sciences,1,17152,140607,3,Female,43,2,2,Laboratory Technician,1,Married,4789,23070,1,Y,No,25,3,1,80,1,10,3,3,3,2,1,2,Company Website
49,Current employee,Travel_Rarely,271,Research & Development,3,2,Medical,1,17155,140610,3,Female,43,2,2,Laboratory Technician,1,Married,4789,23070,4,Y,No,25,4,1,80,1,10,3,3,3,2,1,2,Company Website
49,Current employee,Travel_Rarely,271,Research & Development,3,2,Life Sciences,1,17156,140611,3,Female,43,2,2,Laboratory Technician,1,Married,4789,23070,1,Y,No,25,4,1,80,1,10,3,3,3,2,1,2,Company Website
49,Current employee,Travel_Rarely,1098,Research & Development,4,2,Medical,1,17251,140706,4,Male,84,3,4,Research Director,1,Married,16328,22074,3,Y,No,13,4,3,80,1,24,1,4,20,6,14,17,LinkedIn
49,Current employee,Travel_Rarely,1098,Research & Development,4,2,Life Sciences,1,17252,140707,4,Male,84,3,4,Research Director,1,Married,16328,22074,2,Y,No,13,3,3,80,1,24,1,4,20,6,14,17,LinkedIn
49,Current employee,Travel_Rarely,1098,Research & Development,4,2,Medical,1,17256,140711,4,Male,84,3,4,Research Director,1,Married,16328,22074,3,Y,No,13,3,3,80,1,24,1,4,20,6,14,17,LinkedIn
49,Current employee,Travel_Rarely,1098,Research & Development,4,2,Life Sciences,1,17257,140712,4,Male,84,3,4,Research Director,1,Married,16328,22074,2,Y,No,13,3,3,80,1,24,1,4,20,6,14,17,LinkedIn
49,Current employee,Travel_Rarely,1098,Research & Development,4,2,Medical,1,17259,140714,4,Male,84,3,4,Research Director,1,Married,16328,22074,3,Y,No,13,4,3,80,1,24,1,4,20,6,14,17,LinkedIn
49,Current employee,Travel_Rarely,1098,Research & Development,4,2,Life Sciences,1,17260,140715,4,Male,84,3,4,Research Director,1,Married,16328,22074,2,Y,No,13,3,3,80,1,24,1,4,20,6,14,17,LinkedIn
49,Current employee,Travel_Rarely,1098,Research & Development,4,2,Medical,1,17264,140719,4,Male,84,3,4,Research Director,1,Married,16328,22074,3,Y,No,13,3,3,80,1,24,1,4,20,6,14,17,LinkedIn
49,Current employee,Travel_Rarely,1098,Research & Development,4,2,Life Sciences,1,17265,140720,4,Male,84,3,4,Research Director,1,Married,16328,22074,2,Y,No,13,3,3,80,1,24,1,4,20,6,14,17,LinkedIn
49,Current employee,Travel_Rarely,271,Research & Development,3,2,Medical,1,18034,141489,4,Male,86,4,2,Laboratory Technician,1,Married,5562,19711,3,Y,Yes,13,3,4,80,1,9,3,3,3,2,0,2,GlassDoor
49,Current employee,Travel_Rarely,271,Research & Development,3,2,Life Sciences,1,18035,141490,4,Male,86,4,2,Laboratory Technician,1,Married,5562,19711,1,Y,Yes,13,3,4,80,1,9,3,3,3,2,0,2,GlassDoor
49,Current employee,Travel_Rarely,271,Research & Development,3,2,Medical,1,18039,141494,4,Male,86,4,2,Laboratory Technician,1,Married,5562,19711,3,Y,Yes,13,3,4,80,1,9,3,3,3,2,0,2,GlassDoor
49,Current employee,Travel_Rarely,271,Research & Development,3,2,Life Sciences,1,18040,141495,4,Male,86,4,2,Laboratory Technician,1,Married,5562,19711,1,Y,Yes,13,3,4,80,1,9,3,3,3,2,0,2,GlassDoor
49,Current employee,Travel_Rarely,271,Research & Development,3,2,Medical,1,18042,141497,4,Male,86,4,2,Laboratory Technician,1,Married,5562,19711,3,Y,Yes,13,3,4,80,1,9,3,3,3,2,0,2,GlassDoor
49,Current employee,Travel_Rarely,271,Research & Development,3,2,Life Sciences,1,18043,141498,4,Male,86,4,2,Laboratory Technician,1,Married,5562,19711,1,Y,Yes,13,3,4,80,1,9,3,3,3,2,0,2,GlassDoor
49,Current employee,Travel_Rarely,271,Research & Development,3,2,Medical,1,18047,141502,4,Male,86,4,2,Laboratory Technician,1,Married,5562,19711,3,Y,Yes,13,3,4,80,1,9,3,3,3,2,0,2,GlassDoor
49,Current employee,Travel_Rarely,271,Research & Development,3,2,Life Sciences,1,18048,141503,4,Male,86,4,2,Laboratory Technician,1,Married,5562,19711,1,Y,Yes,13,3,4,80,1,9,3,3,3,2,0,2,GlassDoor
49,Current employee,Travel_Rarely,722,Research & Development,25,4,Life Sciences,1,18320,141775,3,Female,84,3,1,Laboratory Technician,1,Married,3211,22102,1,Y,No,14,3,4,80,1,10,3,2,9,6,1,4,LinkedIn
49,Current employee,Travel_Rarely,722,Research & Development,25,4,Technical Degree,1,18323,141778,3,Female,84,3,1,Laboratory Technician,1,Married,3211,22102,1,Y,No,14,3,4,80,1,10,3,2,9,6,1,4,LinkedIn
49,Current employee,Travel_Rarely,722,Research & Development,25,4,Life Sciences,1,18326,141781,3,Female,84,3,1,Laboratory Technician,1,Married,3211,22102,1,Y,No,14,3,4,80,1,10,3,2,9,6,1,4,LinkedIn
49,Current employee,Travel_Rarely,722,Research & Development,25,4,Technical Degree,1,18327,141782,3,Female,84,3,1,Laboratory Technician,1,Married,3211,22102,1,Y,No,14,3,4,80,1,10,3,2,9,6,1,4,LinkedIn
49,Current employee,Travel_Rarely,722,Research & Development,25,4,Technical Degree,1,18330,141785,3,Female,84,3,1,Laboratory Technician,1,Married,3211,22102,1,Y,No,14,3,4,80,1,10,3,2,9,6,1,4,LinkedIn
49,Current employee,Travel_Rarely,722,Research & Development,25,4,Life Sciences,1,18332,141787,3,Female,84,3,1,Laboratory Technician,1,Married,3211,22102,1,Y,No,14,3,4,80,1,10,3,2,9,6,1,4,LinkedIn
49,Current employee,Travel_Rarely,722,Research & Development,25,4,Technical Degree,1,18333,141788,3,Female,84,3,1,Laboratory Technician,1,Married,3211,22102,1,Y,No,14,3,4,80,1,10,3,2,9,6,1,4,LinkedIn
49,Current employee,Travel_Rarely,464,Research & Development,16,3,Medical,1,18676,142131,4,Female,87,3,1,Research Scientist,4,Single,3760,17218,1,Y,Yes,13,3,3,80,0,6,2,3,6,3,1,3,Jora
49,Current employee,Travel_Rarely,464,Research & Development,16,3,Medical,1,18678,142133,4,Female,87,3,1,Research Scientist,4,Single,3760,17218,3,Y,Yes,13,3,3,80,0,6,2,3,6,3,1,3,Jora
49,Current employee,Travel_Rarely,464,Research & Development,16,3,Medical,1,18681,142136,4,Female,87,3,1,Research Scientist,4,Single,3760,17218,1,Y,Yes,13,3,3,80,0,6,2,3,6,3,1,3,Jora
49,Current employee,Travel_Rarely,464,Research & Development,16,3,Medical,1,18682,142137,4,Female,87,3,1,Research Scientist,4,Single,3760,17218,3,Y,Yes,13,3,3,80,0,6,2,3,6,3,1,3,Jora
49,Current employee,Travel_Rarely,464,Research & Development,16,3,Medical,1,18684,142139,4,Female,87,3,1,Research Scientist,4,Single,3760,17218,1,Y,Yes,13,3,3,80,0,6,2,3,6,3,1,3,Jora
49,Current employee,Travel_Rarely,464,Research & Development,16,3,Medical,1,18686,142141,4,Female,87,3,1,Research Scientist,4,Single,3760,17218,3,Y,Yes,13,3,3,80,0,6,2,3,6,3,1,3,Jora
49,Current employee,Travel_Rarely,464,Research & Development,16,3,Medical,1,18689,142144,4,Female,87,3,1,Research Scientist,4,Single,3760,17218,1,Y,Yes,13,3,3,80,0,6,2,3,6,3,1,3,Jora
49,Current employee,Travel_Rarely,464,Research & Development,16,3,Medical,1,18690,142145,4,Female,87,3,1,Research Scientist,4,Single,3760,17218,3,Y,Yes,13,3,3,80,0,6,2,3,6,3,1,3,Jora
49,Current employee,Travel_Rarely,301,Research & Development,22,4,Other,1,18807,142262,1,Female,72,3,4,Research Director,2,Married,16413,3498,3,Y,No,16,4,2,80,2,27,2,3,4,2,1,2,Jora
49,Current employee,Travel_Rarely,301,Research & Development,22,4,Other,1,18810,142265,1,Female,72,3,4,Research Director,2,Married,16413,3498,2,Y,No,16,3,2,80,2,27,2,3,4,2,1,2,Jora
49,Current employee,Travel_Rarely,301,Research & Development,22,4,Other,1,18811,142266,1,Female,72,3,4,Research Director,2,Married,16413,3498,3,Y,No,16,3,2,80,2,27,2,3,4,2,1,2,Jora
49,Current employee,Travel_Rarely,301,Research & Development,22,4,Other,1,18812,142267,1,Female,72,3,4,Research Director,2,Married,16413,3498,2,Y,No,16,3,2,80,2,27,2,3,4,2,1,2,Jora
49,Current employee,Travel_Rarely,301,Research & Development,22,4,Other,1,18815,142270,1,Female,72,3,4,Research Director,2,Married,16413,3498,3,Y,No,16,4,2,80,2,27,2,3,4,2,1,2,Jora
49,Current employee,Travel_Rarely,301,Research & Development,22,4,Other,1,18818,142273,1,Female,72,3,4,Research Director,2,Married,16413,3498,2,Y,No,16,3,2,80,2,27,2,3,4,2,1,2,Jora
49,Current employee,Travel_Rarely,301,Research & Development,22,4,Other,1,18819,142274,1,Female,72,3,4,Research Director,2,Married,16413,3498,3,Y,No,16,3,2,80,2,27,2,3,4,2,1,2,Jora
49,Current employee,Travel_Rarely,301,Research & Development,22,4,Other,1,18820,142275,1,Female,72,3,4,Research Director,2,Married,16413,3498,2,Y,No,16,3,2,80,2,27,2,3,4,2,1,2,Jora
49,Current employee,Travel_Rarely,465,Research & Development,6,1,Life Sciences,1,18887,142342,3,Female,41,2,4,Healthcare Representative,3,Married,13966,11652,2,Y,Yes,19,3,2,80,1,30,3,3,15,11,2,12,Indeed
49,Current employee,Travel_Rarely,465,Research & Development,6,1,Marketing,1,18889,142344,3,Female,41,2,4,Healthcare Representative,3,Married,13966,11652,0,Y,Yes,19,3,2,80,1,30,3,3,15,11,2,12,Indeed
49,Current employee,Travel_Rarely,465,Research & Development,6,1,Life Sciences,1,18893,142348,3,Female,41,2,4,Healthcare Representative,3,Married,13966,11652,2,Y,Yes,19,3,2,80,1,30,3,3,15,11,2,12,Indeed
49,Current employee,Travel_Rarely,465,Research & Development,6,1,Marketing,1,18894,142349,3,Female,41,2,4,Healthcare Representative,3,Married,13966,11652,0,Y,Yes,19,3,2,80,1,30,3,3,15,11,2,12,Indeed
49,Current employee,Travel_Rarely,465,Research & Development,6,1,Life Sciences,1,18895,142350,3,Female,41,2,4,Healthcare Representative,3,Married,13966,11652,2,Y,Yes,19,3,2,80,1,30,3,3,15,11,2,12,Indeed
49,Current employee,Travel_Rarely,465,Research & Development,6,1,Marketing,1,18897,142352,3,Female,41,2,4,Healthcare Representative,3,Married,13966,11652,0,Y,Yes,19,3,2,80,1,30,3,3,15,11,2,12,Indeed
49,Current employee,Travel_Rarely,465,Research & Development,6,1,Life Sciences,1,18901,142356,3,Female,41,2,4,Healthcare Representative,3,Married,13966,11652,2,Y,Yes,19,3,2,80,1,30,3,3,15,11,2,12,Indeed
49,Current employee,Travel_Rarely,465,Research & Development,6,1,Marketing,1,18902,142357,3,Female,41,2,4,Healthcare Representative,3,Married,13966,11652,0,Y,Yes,19,3,2,80,1,30,3,3,15,11,2,12,Indeed
49,Current employee,Travel_Rarely,464,Research & Development,16,3,Medical,1,19060,142515,4,Female,74,3,1,Laboratory Technician,1,Divorced,2587,24941,4,Y,Yes,16,3,2,80,1,17,2,2,2,2,2,2,Company Website
49,Current employee,Travel_Rarely,464,Research & Development,16,3,Medical,1,19063,142518,4,Female,74,3,1,Laboratory Technician,1,Divorced,2587,24941,1,Y,Yes,16,3,2,80,1,17,2,2,2,2,2,2,Company Website
49,Current employee,Travel_Rarely,464,Research & Development,16,3,Medical,1,19066,142521,4,Female,74,3,1,Laboratory Technician,1,Divorced,2587,24941,4,Y,Yes,16,3,2,80,1,17,2,2,2,2,2,2,Company Website
49,Current employee,Travel_Rarely,464,Research & Development,16,3,Medical,1,19067,142522,4,Female,74,3,1,Laboratory Technician,1,Divorced,2587,24941,1,Y,Yes,16,3,2,80,1,17,2,2,2,2,2,2,Company Website
49,Current employee,Travel_Rarely,464,Research & Development,16,3,Medical,1,19068,142523,4,Female,74,3,1,Laboratory Technician,1,Divorced,2587,24941,4,Y,Yes,16,3,2,80,1,17,2,2,2,2,2,2,Company Website
49,Current employee,Travel_Rarely,464,Research & Development,16,3,Medical,1,19071,142526,4,Female,74,3,1,Laboratory Technician,1,Divorced,2587,24941,1,Y,Yes,16,3,2,80,1,17,2,2,2,2,2,2,Company Website
49,Current employee,Travel_Rarely,464,Research & Development,16,3,Medical,1,19074,142529,4,Female,74,3,1,Laboratory Technician,1,Divorced,2587,24941,4,Y,Yes,16,3,2,80,1,17,2,2,2,2,2,2,Company Website
49,Current employee,Travel_Rarely,464,Research & Development,16,3,Medical,1,19075,142530,4,Female,74,3,1,Laboratory Technician,1,Divorced,2587,24941,1,Y,Yes,16,3,2,80,1,17,2,2,2,2,2,2,Company Website
49,Current employee,Travel_Rarely,809,Research & Development,1,3,Life Sciences,1,19112,142567,3,Male,36,3,4,Manager,3,Single,15379,22384,4,Y,No,14,3,1,80,0,23,2,3,8,7,0,0,Company Website
49,Current employee,Travel_Rarely,809,Research & Development,1,3,Life Sciences,1,19114,142569,3,Male,36,3,4,Manager,3,Single,15379,22384,1,Y,No,14,3,1,80,0,23,2,3,8,7,0,0,Company Website
49,Current employee,Travel_Rarely,809,Research & Development,1,3,Life Sciences,1,19118,142573,3,Male,36,3,4,Manager,3,Single,15379,22384,4,Y,No,14,3,1,80,0,23,2,3,8,7,0,0,Company Website
49,Current employee,Travel_Rarely,809,Research & Development,1,3,Life Sciences,1,19119,142574,3,Male,36,3,4,Manager,3,Single,15379,22384,1,Y,No,14,3,1,80,0,23,2,3,8,7,0,0,Company Website
49,Current employee,Travel_Rarely,809,Research & Development,1,3,Life Sciences,1,19120,142575,3,Male,36,3,4,Manager,3,Single,15379,22384,4,Y,No,14,3,1,80,0,23,2,3,8,7,0,0,Company Website
49,Current employee,Travel_Rarely,809,Research & Development,1,3,Life Sciences,1,19122,142577,3,Male,36,3,4,Manager,3,Single,15379,22384,1,Y,No,14,3,1,80,0,23,2,3,8,7,0,0,Company Website
49,Current employee,Travel_Rarely,809,Research & Development,1,3,Life Sciences,1,19126,142581,3,Male,36,3,4,Manager,3,Single,15379,22384,4,Y,No,14,3,1,80,0,23,2,3,8,7,0,0,Company Website
49,Current employee,Travel_Rarely,809,Research & Development,1,3,Life Sciences,1,19127,142582,3,Male,36,3,4,Manager,3,Single,15379,22384,1,Y,No,14,3,1,80,0,23,2,3,8,7,0,0,Company Website
49,Current employee,Travel_Rarely,1313,Sales,11,4,Marketing,1,20047,143502,4,Female,80,3,2,Sales Executive,4,Single,4507,8191,3,Y,No,12,3,3,80,0,8,1,4,5,1,0,4,LinkedIn
49,Current employee,Travel_Frequently,1023,Sales,2,3,Medical,1,20048,143503,4,Female,92,3,2,Sales Executive,4,Single,4507,8191,3,Y,No,12,3,3,80,0,8,1,4,5,1,0,4,LinkedIn
49,Current employee,Travel_Frequently,1023,Sales,2,3,Life Sciences,1,20049,143504,4,Female,92,3,2,Sales Executive,4,Single,4507,8191,4,Y,No,12,3,3,80,0,8,1,4,5,1,0,4,LinkedIn
49,Current employee,Travel_Rarely,1313,Sales,11,4,Medical,1,20050,143505,4,Female,80,3,2,Sales Executive,4,Single,4507,8191,6,Y,No,12,3,3,80,0,8,1,4,5,1,0,4,LinkedIn
49,Current employee,Travel_Rarely,1313,Sales,11,4,Marketing,1,20051,143506,4,Female,80,3,2,Sales Executive,4,Single,4507,8191,3,Y,No,12,3,3,80,0,8,1,4,5,1,0,4,LinkedIn
49,Current employee,Travel_Frequently,1023,Sales,2,3,Medical,1,20052,143507,4,Female,92,3,2,Sales Executive,4,Single,4507,8191,3,Y,No,12,3,3,80,0,8,1,4,5,1,0,4,LinkedIn
49,Current employee,Travel_Frequently,1023,Sales,2,3,Life Sciences,1,20053,143508,4,Female,92,3,2,Sales Executive,4,Single,4507,8191,4,Y,No,12,3,3,80,0,8,1,4,5,1,0,4,LinkedIn
49,Current employee,Travel_Rarely,1313,Sales,11,4,Medical,1,20054,143509,4,Female,80,3,2,Sales Executive,4,Single,4507,8191,6,Y,No,12,3,3,80,0,8,1,4,5,1,0,4,LinkedIn
49,Current employee,Travel_Rarely,1313,Sales,11,4,Marketing,1,20055,143510,4,Female,80,3,2,Sales Executive,4,Single,4507,8191,3,Y,No,12,3,3,80,0,8,1,4,5,1,0,4,LinkedIn
49,Current employee,Travel_Frequently,1023,Sales,2,3,Medical,1,20056,143511,4,Female,92,3,2,Sales Executive,4,Single,4507,8191,3,Y,No,12,3,3,80,0,8,1,4,5,1,0,4,LinkedIn
49,Current employee,Travel_Frequently,1023,Sales,2,3,Life Sciences,1,20057,143512,4,Female,92,3,2,Sales Executive,4,Single,4507,8191,4,Y,No,12,3,3,80,0,8,1,4,5,1,0,4,LinkedIn
49,Current employee,Travel_Rarely,1313,Sales,11,4,Medical,1,20058,143513,4,Female,80,3,1,Research Scientist,1,Married,2559,7508,1,Y,Yes,13,3,4,80,1,10,3,2,8,2,7,6,LinkedIn
49,Current employee,Travel_Rarely,1313,Sales,11,4,Marketing,1,20059,143514,4,Female,80,3,2,Sales Executive,4,Single,4507,8191,3,Y,No,12,3,3,80,0,8,1,4,5,1,0,4,LinkedIn
49,Current employee,Travel_Frequently,1023,Sales,2,3,Medical,1,20060,143515,4,Female,92,3,2,Sales Executive,4,Single,4507,8191,3,Y,No,12,3,3,80,0,8,1,4,5,1,0,4,LinkedIn
49,Current employee,Travel_Frequently,1023,Sales,2,3,Life Sciences,1,20061,143516,4,Female,92,3,2,Sales Executive,4,Single,4507,8191,4,Y,No,12,3,3,80,0,8,1,4,5,1,0,4,LinkedIn
49,Current employee,Travel_Rarely,1313,Sales,11,4,Medical,1,20062,143517,4,Female,80,3,2,Sales Executive,4,Single,4507,8191,6,Y,No,12,3,3,80,0,8,1,4,5,1,0,4,LinkedIn
49,Current employee,Travel_Rarely,1261,Research & Development,7,3,Other,1,20316,143771,4,Male,92,3,1,Sales Representative,2,Single,2679,4567,1,Y,No,13,3,2,80,0,1,3,3,1,0,1,0,Recruit.net
49,Current employee,Travel_Rarely,1261,Research & Development,7,3,Marketing,1,20318,143773,4,Male,92,3,1,Sales Representative,2,Single,2679,4567,9,Y,No,13,3,2,80,0,1,3,3,1,0,1,0,Recruit.net
49,Current employee,Travel_Rarely,1261,Research & Development,7,3,Other,1,20321,143776,4,Male,92,3,1,Sales Representative,2,Single,2679,4567,1,Y,No,13,3,2,80,0,1,3,3,1,0,1,0,Recruit.net
49,Current employee,Travel_Rarely,1261,Research & Development,7,3,Marketing,1,20322,143777,4,Male,92,3,1,Sales Representative,2,Single,2679,4567,9,Y,No,13,3,2,80,0,1,3,3,1,0,1,0,Recruit.net
49,Current employee,Travel_Rarely,1261,Research & Development,7,3,Other,1,20324,143779,4,Male,92,3,1,Sales Representative,2,Single,2679,4567,1,Y,No,13,3,2,80,0,1,3,3,1,0,1,0,Recruit.net
49,Current employee,Travel_Rarely,1261,Research & Development,7,3,Marketing,1,20326,143781,4,Male,92,3,1,Sales Representative,2,Single,2679,4567,9,Y,No,13,3,2,80,0,1,3,3,1,0,1,0,Recruit.net
49,Current employee,Travel_Rarely,1261,Research & Development,7,3,Other,1,20329,143784,4,Male,92,3,1,Sales Representative,2,Single,2679,4567,1,Y,No,13,3,2,80,0,1,3,3,1,0,1,0,Recruit.net
49,Current employee,Travel_Rarely,1261,Research & Development,7,3,Marketing,1,20330,143785,4,Male,92,3,1,Sales Representative,2,Single,2679,4567,9,Y,No,13,3,2,80,0,1,3,3,1,0,1,0,Recruit.net
49,Current employee,Travel_Rarely,527,Research & Development,8,2,Other,1,20652,144107,4,Male,93,3,2,Sales Executive,4,Divorced,4127,19188,2,Y,No,18,3,4,80,1,7,6,3,2,1,2,2,GlassDoor
49,Current employee,Travel_Rarely,527,Research & Development,8,2,Medical,1,20653,144108,4,Male,93,3,2,Sales Executive,4,Divorced,4127,19188,6,Y,No,18,3,4,80,1,7,6,3,2,1,2,2,GlassDoor
49,Current employee,Travel_Rarely,527,Research & Development,8,2,Other,1,20657,144112,4,Male,93,3,2,Sales Executive,4,Divorced,4127,19188,2,Y,No,18,3,4,80,1,7,6,3,2,1,2,2,GlassDoor
49,Current employee,Travel_Rarely,527,Research & Development,8,2,Medical,1,20658,144113,4,Male,93,3,2,Sales Executive,4,Divorced,4127,19188,6,Y,No,18,3,4,80,1,7,6,3,2,1,2,2,GlassDoor
49,Current employee,Travel_Rarely,527,Research & Development,8,2,Other,1,20660,144115,4,Male,93,3,2,Sales Executive,4,Divorced,4127,19188,2,Y,No,18,3,4,80,1,7,6,3,2,1,2,2,GlassDoor
49,Current employee,Travel_Rarely,527,Research & Development,8,2,Medical,1,20661,144116,4,Male,93,3,2,Sales Executive,4,Divorced,4127,19188,6,Y,No,18,3,4,80,1,7,6,3,2,1,2,2,GlassDoor
49,Current employee,Travel_Rarely,527,Research & Development,8,2,Other,1,20665,144120,4,Male,93,3,2,Sales Executive,4,Divorced,4127,19188,2,Y,No,18,3,4,80,1,7,6,3,2,1,2,2,GlassDoor
49,Current employee,Travel_Rarely,527,Research & Development,8,2,Medical,1,20666,144121,4,Male,93,3,2,Sales Executive,4,Divorced,4127,19188,6,Y,No,18,3,4,80,1,7,6,3,2,1,2,2,GlassDoor
49,Current employee,Travel_Rarely,301,Research & Development,22,4,Other,1,21147,144602,4,Male,95,3,1,Human Resources,4,Divorced,2706,10494,1,Y,No,15,4,2,80,1,3,2,3,3,2,2,2,Recruit.net
49,Current employee,Travel_Rarely,301,Research & Development,22,4,Other,1,21149,144604,4,Male,95,3,1,Human Resources,4,Divorced,2706,10494,0,Y,No,15,3,2,80,1,3,2,3,3,2,2,2,Recruit.net
49,Current employee,Travel_Rarely,301,Research & Development,22,4,Other,1,21152,144607,4,Male,95,3,1,Human Resources,4,Divorced,2706,10494,1,Y,No,15,3,2,80,1,3,2,3,3,2,2,2,Recruit.net
49,Current employee,Travel_Rarely,301,Research & Development,22,4,Other,1,21153,144608,4,Male,95,3,1,Human Resources,4,Divorced,2706,10494,0,Y,No,15,3,2,80,1,3,2,3,3,2,2,2,Recruit.net
49,Current employee,Travel_Rarely,301,Research & Development,22,4,Other,1,21155,144610,4,Male,95,3,1,Human Resources,4,Divorced,2706,10494,1,Y,No,15,4,2,80,1,3,2,3,3,2,2,2,Recruit.net
49,Current employee,Travel_Rarely,301,Research & Development,22,4,Other,1,21157,144612,4,Male,95,3,1,Human Resources,4,Divorced,2706,10494,0,Y,No,15,3,2,80,1,3,2,3,3,2,2,2,Recruit.net
49,Current employee,Travel_Rarely,301,Research & Development,22,4,Other,1,21160,144615,4,Male,95,3,1,Human Resources,4,Divorced,2706,10494,1,Y,No,15,3,2,80,1,3,2,3,3,2,2,2,Recruit.net
49,Current employee,Travel_Rarely,301,Research & Development,22,4,Other,1,21161,144616,4,Male,95,3,1,Human Resources,4,Divorced,2706,10494,0,Y,No,15,3,2,80,1,3,2,3,3,2,2,2,Recruit.net
49,Current employee,Travel_Rarely,1091,Research & Development,1,2,Technical Degree,1,21807,145262,4,Male,96,2,2,Sales Executive,4,Married,6834,19255,1,Y,Yes,12,3,3,80,1,7,2,3,7,7,0,7,Indeed
49,Current employee,Travel_Rarely,1091,Research & Development,1,2,Life Sciences,1,21809,145264,4,Male,96,2,2,Sales Executive,4,Married,,19255,4,Y,Yes,12,3,3,80,1,7,2,3,7,7,0,7,Indeed
49,Current employee,Travel_Rarely,1091,Research & Development,1,2,Technical Degree,1,21812,145267,4,Male,96,2,2,Sales Executive,4,Married,6834,19255,1,Y,Yes,12,3,3,80,1,7,2,3,7,7,0,7,Indeed
49,Current employee,Travel_Rarely,1091,Research & Development,1,2,Life Sciences,1,21813,145268,4,Male,96,2,2,Sales Executive,4,Married,6834,19255,4,Y,Yes,12,3,3,80,1,7,2,3,7,7,0,7,Indeed
49,Current employee,Travel_Rarely,1091,Research & Development,1,2,Technical Degree,1,21815,145270,4,Male,96,2,2,Sales Executive,4,Married,6834,19255,1,Y,Yes,12,3,3,80,1,7,2,3,7,7,0,7,Indeed
49,Current employee,Travel_Rarely,1091,Research & Development,1,2,Life Sciences,1,21817,145272,4,Male,96,2,2,Sales Executive,4,Married,6834,19255,4,Y,Yes,12,3,3,80,1,7,2,3,7,7,0,7,Indeed
49,Current employee,Travel_Rarely,1091,Research & Development,1,2,Technical Degree,1,21820,145275,4,Male,96,2,2,Sales Executive,4,Married,6834,19255,1,Y,Yes,12,3,3,80,1,7,2,3,7,7,0,7,Indeed
49,Current employee,Travel_Rarely,1091,Research & Development,1,2,Life Sciences,1,21821,145276,4,Male,96,2,2,Sales Executive,4,Married,6834,19255,4,Y,Yes,12,3,3,80,1,7,2,3,7,7,0,7,Indeed
49,Current employee,Travel_Frequently,1064,Research & Development,2,1,Life Sciences,1,22021,145476,2,Male,32,3,5,Research Director,4,Married,19161,13738,3,Y,No,15,3,4,80,0,28,3,3,5,4,4,3,Jora
49,Current employee,Travel_Frequently,1064,Research & Development,2,1,Life Sciences,1,22023,145478,2,Male,32,3,5,Research Director,4,Married,19161,13738,1,Y,No,15,3,4,80,0,28,3,3,5,4,4,3,Jora
49,Current employee,Travel_Frequently,1064,Research & Development,2,1,Life Sciences,1,22027,145482,2,Male,32,3,5,Research Director,4,Married,19161,13738,3,Y,No,15,3,4,80,0,28,3,3,5,4,4,3,Jora
49,Current employee,Travel_Frequently,1064,Research & Development,2,1,Life Sciences,1,22028,145483,2,Male,32,3,5,Research Director,4,Married,19161,13738,1,Y,No,15,3,4,80,0,28,3,3,5,4,4,3,Jora
49,Current employee,Travel_Frequently,1064,Research & Development,2,1,Life Sciences,1,22029,145484,2,Male,32,3,5,Research Director,4,Married,19161,13738,3,Y,No,15,3,4,80,0,28,3,3,5,4,4,3,Jora
49,Current employee,Travel_Frequently,1064,Research & Development,2,1,Life Sciences,1,22031,145486,2,Male,32,3,5,Research Director,4,Married,19161,13738,1,Y,No,15,3,4,80,0,28,3,3,5,4,4,3,Jora
49,Current employee,Travel_Frequently,1064,Research & Development,2,1,Life Sciences,1,22035,145490,2,Male,32,3,5,Research Director,4,Married,19161,13738,3,Y,No,15,3,4,80,0,28,3,3,5,4,4,3,Jora
49,Current employee,Travel_Frequently,1064,Research & Development,2,1,Life Sciences,1,22036,145491,2,Male,32,3,5,Research Director,4,Married,19161,13738,1,Y,No,15,3,4,80,0,28,3,3,5,4,4,3,Jora
49,Current employee,Travel_Rarely,1418,Research & Development,1,3,Technical Degree,1,22246,145701,4,Male,97,2,1,Sales Representative,1,Single,2858,11473,4,Y,No,14,3,1,80,0,20,3,2,1,0,0,0,Jora
49,Current employee,Travel_Rarely,1418,Research & Development,1,3,Life Sciences,1,22248,145703,4,Male,97,2,1,Sales Representative,1,Single,2858,11473,8,Y,No,14,3,1,80,0,20,3,2,1,0,0,0,Jora
49,Current employee,Travel_Rarely,1418,Research & Development,1,3,Technical Degree,1,22251,145706,4,Male,97,2,1,Sales Representative,1,Single,2858,11473,4,Y,No,14,3,1,80,0,20,3,2,1,0,0,0,Jora
49,Current employee,Travel_Rarely,1418,Research & Development,1,3,Life Sciences,1,22252,145707,4,Male,97,2,1,Sales Representative,1,Single,2858,11473,8,Y,No,14,3,1,80,0,20,3,2,1,0,0,0,Jora
49,Current employee,Travel_Rarely,1418,Research & Development,1,3,Life Sciences,1,22256,145711,4,Male,97,2,1,Sales Representative,1,Single,2858,11473,8,Y,No,14,3,1,80,0,20,3,2,1,0,0,0,Jora
49,Current employee,Travel_Rarely,1418,Research & Development,1,3,Technical Degree,1,22259,145714,4,Male,97,2,1,Sales Representative,1,Single,2858,11473,4,Y,No,14,3,1,80,0,20,3,2,1,0,0,0,Jora
49,Current employee,Travel_Rarely,1418,Research & Development,1,3,Life Sciences,1,22260,145715,4,Male,97,2,1,Sales Representative,1,Single,2858,11473,8,Y,No,14,3,1,80,0,20,3,2,1,0,0,0,Jora
49,Current employee,Travel_Rarely,174,Sales,8,4,Technical Degree,1,22532,145987,4,Female,98,3,2,Laboratory Technician,3,Married,6323,26849,1,Y,No,11,3,1,80,1,10,2,4,10,9,9,4,Seek
49,Current employee,Travel_Rarely,174,Sales,8,4,Medical,1,22533,145988,4,Female,98,3,2,Laboratory Technician,3,Married,6323,26849,1,Y,No,11,3,1,80,1,10,2,4,10,9,9,4,Seek
49,Current employee,Travel_Rarely,174,Sales,8,4,Technical Degree,1,22537,145992,4,Female,98,3,2,Laboratory Technician,3,Married,6323,26849,1,Y,No,11,3,1,80,1,10,2,4,10,9,9,4,Seek
49,Current employee,Travel_Rarely,174,Sales,8,4,Medical,1,22538,145993,4,Female,98,3,2,Laboratory Technician,3,Married,6323,26849,1,Y,No,11,3,1,80,1,10,2,4,10,9,9,4,Seek
49,Current employee,Travel_Rarely,174,Sales,8,4,Technical Degree,1,22540,145995,4,Female,98,3,2,Laboratory Technician,3,Married,6323,26849,1,Y,No,11,3,1,80,1,10,2,4,10,9,9,4,
49,Current employee,Travel_Rarely,174,Sales,8,4,Medical,1,22541,145996,4,Female,98,3,2,Laboratory Technician,3,Married,6323,26849,1,Y,No,11,3,1,80,1,10,2,4,10,9,9,4,Seek
49,Current employee,Travel_Rarely,174,Sales,8,4,Technical Degree,1,22545,146000,4,Female,98,3,2,Laboratory Technician,3,Married,6323,26849,1,Y,No,11,3,1,80,1,10,2,4,10,9,9,4,Seek
49,Current employee,Travel_Rarely,174,Sales,8,4,Medical,1,22546,146001,4,Female,98,3,2,Laboratory Technician,3,Married,6323,26849,1,Y,No,11,3,1,80,1,10,2,4,10,9,9,4,Seek
49,Current employee,Travel_Rarely,1495,Research & Development,5,4,Technical Degree,1,22871,146326,4,Female,99,1,3,Research Director,3,Married,13206,3376,3,Y,No,12,4,1,80,1,20,3,3,18,16,1,11,Seek
49,Current employee,Travel_Rarely,1495,Research & Development,5,4,Life Sciences,1,22872,146327,4,Female,99,1,3,Research Director,3,Married,13206,3376,2,Y,No,12,3,1,80,1,20,3,3,18,16,1,11,Seek
49,Current employee,Travel_Rarely,1495,Research & Development,5,4,Technical Degree,1,22876,146331,4,Female,99,1,3,Research Director,3,Married,13206,3376,3,Y,No,12,3,1,80,1,20,3,3,18,16,1,11,Seek
49,Current employee,Travel_Rarely,1495,Research & Development,5,4,Life Sciences,1,22877,146332,4,Female,99,1,3,Research Director,3,Married,13206,3376,2,Y,No,12,3,1,80,1,20,3,3,18,16,1,11,Seek
49,Current employee,Travel_Rarely,1495,Research & Development,5,4,Technical Degree,1,22879,146334,4,Female,99,1,3,Research Director,3,Married,13206,3376,3,Y,No,12,4,1,80,1,20,3,3,18,16,1,11,Seek
49,Current employee,Travel_Rarely,1495,Research & Development,5,4,Life Sciences,1,22880,146335,4,Female,99,1,3,Research Director,3,Married,13206,3376,2,Y,No,12,3,1,80,1,20,3,3,18,16,1,11,Seek
49,Current employee,Travel_Rarely,1495,Research & Development,5,4,Technical Degree,1,22886,146341,4,Female,99,1,3,Research Director,3,Married,13206,3376,3,Y,No,12,3,1,80,1,20,3,3,18,16,1,11,Seek
49,Current employee,Travel_Rarely,1495,Research & Development,5,4,Life Sciences,1,22887,146342,4,Female,99,1,3,Research Director,3,Married,13206,3376,2,Y,No,12,3,1,80,1,20,3,3,18,16,1,11,Seek
49,Current employee,Travel_Frequently,1023,Sales,2,3,Medical,1,23476,146931,4,Male,37,2,2,Sales Executive,2,Married,5390,13243,2,Y,No,14,3,4,80,0,17,3,2,9,6,0,8,Jora
49,Current employee,Travel_Frequently,1023,Sales,2,3,Life Sciences,1,23478,146933,4,Male,37,2,2,Sales Executive,2,Married,5390,13243,4,Y,No,14,4,4,80,0,17,3,2,9,6,0,8,Jora
49,Current employee,Travel_Frequently,1023,Sales,2,3,Medical,1,23480,146935,4,Male,37,2,2,Sales Executive,2,Married,5390,13243,2,Y,No,14,3,4,80,0,17,3,2,9,6,0,8,Jora
49,Current employee,Travel_Frequently,1023,Sales,2,3,Life Sciences,1,23481,146936,4,Male,37,2,2,Sales Executive,2,Married,5390,13243,4,Y,No,14,3,4,80,0,17,3,2,9,6,0,8,Jora
49,Current employee,Travel_Frequently,1023,Sales,2,3,Medical,1,23484,146939,4,Male,37,2,2,Sales Executive,2,Married,5390,13243,2,Y,No,14,3,4,80,0,17,3,2,9,6,0,8,Jora
49,Current employee,Travel_Frequently,1023,Sales,2,3,Life Sciences,1,23486,146941,4,Male,37,2,2,Sales Executive,2,Married,5390,13243,4,Y,No,14,4,4,80,0,17,3,2,9,6,0,8,Jora
49,Current employee,Travel_Frequently,1023,Sales,2,3,Medical,1,23488,146943,4,Male,37,2,2,Sales Executive,2,Married,5390,13243,2,Y,No,14,3,4,80,0,17,3,2,9,6,0,8,Jora
49,Current employee,Travel_Frequently,1023,Sales,2,3,Life Sciences,1,23489,146944,4,Male,37,2,2,Sales Executive,2,Married,5390,13243,4,Y,No,14,3,4,80,0,17,3,2,9,6,0,8,Jora
49,,Travel_Rarely,1418,Research & Development,1,3,Technical Degree,1,22254,145709,4,Male,97,2,1,Sales Representative,1,Single,2858,11473,4,Y,,14,3,1,80,0,20,3,2,1,0,0,0,Jora
55,Voluntary Resignation,Travel_Rarely,725,Research & Development,2,3,Medical,1,9121,132576,4,Male,78,3,5,Manager,1,Married,19859,21199,5,Y,Yes,13,3,4,80,1,24,2,3,5,2,1,4,GlassDoor
55,Voluntary Resignation,Travel_Rarely,725,Research & Development,2,3,Life Sciences,1,9123,132578,4,Male,78,3,5,Manager,1,Married,19859,21199,1,Y,Yes,13,3,4,80,1,24,2,3,5,2,1,4,GlassDoor
55,Voluntary Resignation,Travel_Rarely,725,Research & Development,2,3,Medical,1,9127,132582,4,Male,78,3,5,Manager,1,Married,19859,21199,5,Y,Yes,13,3,4,80,1,24,2,3,5,2,1,4,GlassDoor
55,Voluntary Resignation,Travel_Rarely,725,Research & Development,2,3,Life Sciences,1,9129,132584,4,Male,78,3,5,Manager,1,Married,19859,21199,1,Y,Yes,13,3,4,80,1,24,2,3,5,2,1,4,GlassDoor
55,Voluntary Resignation,Travel_Rarely,725,Research & Development,2,3,Medical,1,9132,132587,4,Male,78,3,5,Manager,1,Married,19859,21199,5,Y,Yes,13,3,4,80,1,24,2,3,5,2,1,4,GlassDoor
55,Voluntary Resignation,Travel_Rarely,725,Research & Development,2,3,Life Sciences,1,9134,132589,4,Male,78,3,5,Manager,1,Married,19859,21199,1,Y,Yes,13,3,4,80,1,24,2,3,5,2,1,4,GlassDoor
55,Voluntary Resignation,Travel_Rarely,725,Research & Development,2,3,Medical,1,9138,132593,4,Male,78,3,5,Manager,1,Married,19859,21199,5,Y,Yes,13,3,4,80,1,24,2,3,5,2,1,4,GlassDoor
55,Voluntary Resignation,Travel_Rarely,725,Research & Development,2,3,Life Sciences,1,9140,132595,4,Male,78,3,5,Manager,1,Married,19859,21199,1,Y,Yes,13,3,4,80,1,24,2,3,5,2,1,4,GlassDoor
55,Voluntary Resignation,Travel_Rarely,436,Sales,2,1,Medical,1,9764,133219,3,Male,37,3,2,Sales Executive,4,Single,5160,21519,4,Y,No,16,3,3,80,0,12,3,2,9,7,7,3,Company Website
55,Voluntary Resignation,Travel_Rarely,436,Sales,2,1,Life Sciences,1,9767,133222,3,Male,37,3,2,Sales Executive,4,Single,5160,21519,4,Y,No,16,3,3,80,0,12,3,2,9,7,7,3,Company Website
55,Voluntary Resignation,Travel_Rarely,436,Sales,2,1,Medical,1,9770,133225,3,Male,37,3,2,Sales Executive,4,Single,5160,21519,4,Y,No,16,3,3,80,0,12,3,2,9,7,7,3,Company Website
55,Voluntary Resignation,Travel_Rarely,436,Sales,2,1,Life Sciences,1,9771,133226,3,Male,37,3,2,Sales Executive,4,Single,5160,21519,4,Y,No,16,3,3,80,0,12,3,2,9,7,7,3,Company Website
55,Voluntary Resignation,Travel_Rarely,436,Sales,2,1,Medical,1,9772,133227,3,Male,37,3,2,Sales Executive,4,Single,5160,21519,4,Y,No,16,3,3,80,0,12,3,2,9,7,7,3,Company Website
55,Voluntary Resignation,Travel_Rarely,436,Sales,2,1,Life Sciences,1,9775,133230,3,Male,37,3,2,Sales Executive,4,Single,5160,21519,4,Y,No,16,3,3,80,0,12,3,2,9,7,7,3,Company Website
55,Voluntary Resignation,Travel_Rarely,436,Sales,2,1,Medical,1,9778,133233,3,Male,37,3,2,Sales Executive,4,Single,5160,21519,4,Y,No,16,3,3,80,0,12,3,2,9,7,7,3,Company Website
55,Voluntary Resignation,Travel_Rarely,436,Sales,2,1,Life Sciences,1,9779,133234,3,Male,37,3,2,Sales Executive,4,Single,5160,21519,4,Y,No,16,3,3,80,0,12,3,2,9,7,7,3,Company Website
55,Voluntary Resignation,Travel_Rarely,267,Sales,13,4,Marketing,1,11907,135362,3,Female,70,2,4,Manufacturing Director,4,Single,13726,21829,3,Y,Yes,13,4,1,80,0,30,4,3,5,3,4,3,Seek
55,Voluntary Resignation,Travel_Rarely,267,Sales,13,4,Medical,1,11909,135364,3,Female,70,2,4,Manufacturing Director,4,Single,13726,21829,1,Y,Yes,13,3,1,80,0,30,4,3,5,3,4,3,Seek
55,Voluntary Resignation,Travel_Rarely,267,Sales,13,4,Marketing,1,11910,135365,3,Female,70,2,4,Manufacturing Director,4,Single,13726,21829,3,Y,Yes,13,3,1,80,0,30,4,3,5,3,4,3,Seek
55,Voluntary Resignation,Travel_Rarely,267,Sales,13,4,Medical,1,11911,135366,3,Female,70,2,4,Research Director,1,Married,19701,22456,1,Y,Yes,21,4,3,80,1,32,4,3,5,3,4,3,Seek
55,Voluntary Resignation,Travel_Rarely,267,Sales,13,4,Marketing,1,11915,135370,3,Female,70,2,4,Manufacturing Director,4,Single,13726,21829,3,Y,Yes,13,4,1,80,0,30,4,3,5,3,4,3,Seek
55,Voluntary Resignation,Travel_Rarely,267,Sales,13,4,Medical,1,11917,135372,3,Female,70,2,4,Manufacturing Director,4,Single,13726,21829,1,Y,Yes,13,3,1,80,0,30,4,3,5,3,4,3,Seek
55,Voluntary Resignation,Travel_Rarely,267,Sales,13,4,Marketing,1,11918,135373,3,Female,70,2,4,Manufacturing Director,4,Single,13726,21829,3,Y,Yes,13,3,1,80,0,30,4,3,5,3,4,3,Seek
55,Voluntary Resignation,Travel_Rarely,267,Sales,13,4,Medical,1,11919,135374,3,Female,70,2,4,Research Director,1,Married,19701,22456,1,Y,Yes,21,4,3,80,1,32,4,3,5,3,4,3,Seek
55,Voluntary Resignation,Travel_Rarely,267,Sales,13,4,Marketing,1,15619,139074,1,Male,85,4,4,Sales Executive,3,Single,13695,9277,6,Y,Yes,17,3,3,80,0,24,2,2,19,7,3,8,Recruit.net
55,Voluntary Resignation,Travel_Rarely,725,Research & Development,2,3,Medical,1,14705,139075,3,Male,80,4,4,Sales Executive,3,Single,13695,9277,6,Y,Yes,17,3,3,80,0,24,2,2,19,7,3,8,Recruit.net
55,Voluntary Resignation,Travel_Rarely,725,Research & Development,2,3,Life Sciences,1,15621,139076,3,Male,80,4,4,Sales Executive,3,Single,13695,9277,4,Y,Yes,17,3,3,80,0,24,2,2,19,7,3,8,Recruit.net
55,Voluntary Resignation,Travel_Rarely,267,Sales,13,4,Medical,1,15622,139077,1,Male,85,4,4,Sales Executive,3,Single,13695,9277,7,Y,Yes,17,3,3,80,0,24,2,2,19,7,3,8,Recruit.net
55,Voluntary Resignation,Travel_Rarely,725,Research & Development,2,3,Medical,1,15623,139078,3,Male,80,4,4,Sales Executive,3,Single,13695,9277,6,Y,Yes,17,3,3,80,0,24,2,2,19,7,3,8,Recruit.net
55,Voluntary Resignation,Travel_Rarely,725,Research & Development,2,3,Life Sciences,1,15624,139079,3,Male,80,4,4,Sales Executive,3,Single,13695,9277,4,Y,Yes,17,3,3,80,0,24,2,2,19,7,3,8,Recruit.net
55,Voluntary Resignation,Travel_Rarely,267,Sales,13,4,Medical,1,15625,139080,1,Male,85,4,4,Sales Executive,3,Single,13695,9277,7,Y,Yes,17,3,3,80,0,24,2,2,19,7,3,8,Recruit.net
55,Voluntary Resignation,Travel_Rarely,267,Sales,13,4,Marketing,1,15626,139081,1,Male,85,4,4,Sales Executive,3,Single,13695,9277,6,Y,Yes,17,3,3,80,0,24,2,2,19,7,3,8,Recruit.net
55,Voluntary Resignation,Travel_Rarely,725,Research & Development,2,3,Medical,1,15627,139082,3,Male,80,4,4,Sales Executive,3,Single,13695,9277,6,Y,Yes,17,3,3,80,0,24,2,2,19,7,3,8,Recruit.net
55,Voluntary Resignation,Travel_Rarely,725,Research & Development,2,3,Life Sciences,1,15628,139083,3,Male,80,4,4,Sales Executive,3,Single,13695,9277,4,Y,Yes,17,3,3,80,0,24,2,2,19,7,3,8,Recruit.net
55,Voluntary Resignation,Travel_Rarely,267,Sales,13,4,Medical,1,15629,139084,1,Male,85,4,4,Sales Executive,3,Single,13695,9277,7,Y,Yes,17,3,3,80,0,24,2,2,19,7,3,8,Recruit.net
55,Voluntary Resignation,Travel_Rarely,725,Research & Development,2,3,Medical,1,15630,139085,3,Male,80,4,4,Sales Executive,3,Single,13695,9277,6,Y,Yes,17,3,3,80,0,24,2,2,19,7,3,8,Recruit.net
55,Voluntary Resignation,Travel_Rarely,725,Research & Development,2,3,Life Sciences,1,15631,139086,3,Male,80,4,4,Sales Executive,3,Single,13695,9277,4,Y,Yes,17,3,3,80,0,24,2,2,19,7,3,8,Recruit.net
55,Voluntary Resignation,Travel_Rarely,267,Sales,13,4,Medical,1,15632,139087,1,Male,85,4,4,Sales Executive,3,Single,13695,9277,7,Y,Yes,17,3,3,80,0,24,2,2,19,7,3,8,Recruit.net
55,Voluntary Resignation,Travel_Rarely,436,Sales,2,1,Medical,1,15791,139246,3,Male,80,2,2,Sales Executive,4,Married,6120,3567,3,Y,Yes,12,3,4,80,2,8,2,4,5,4,1,4,Seek
55,Voluntary Resignation,Travel_Rarely,436,Sales,2,1,Life Sciences,1,15792,139247,3,Male,80,2,2,Sales Executive,4,Married,6120,3567,4,Y,Yes,12,3,4,80,2,8,2,4,5,4,1,4,Seek
55,Voluntary Resignation,Travel_Rarely,436,Sales,2,1,Medical,1,15796,139251,3,Male,80,2,2,Sales Executive,4,Married,6120,3567,3,Y,Yes,12,3,4,80,2,8,2,4,5,4,1,4,Seek
55,Voluntary Resignation,Travel_Rarely,436,Sales,2,1,Life Sciences,1,15797,139252,3,Male,80,2,2,Sales Executive,4,Married,6120,3567,4,Y,Yes,12,3,4,80,2,8,2,4,5,4,1,4,Seek
55,Voluntary Resignation,Travel_Rarely,436,Sales,2,1,Medical,1,15799,139254,3,Male,80,2,2,Sales Executive,4,Married,6120,3567,3,Y,Yes,12,3,4,80,2,8,2,4,5,4,1,4,Seek
55,Voluntary Resignation,Travel_Rarely,436,Sales,2,1,Life Sciences,1,15800,139255,3,Male,80,2,2,Sales Executive,4,Married,6120,3567,4,Y,Yes,12,3,4,80,2,8,2,4,5,4,1,4,Seek
55,Voluntary Resignation,Travel_Rarely,436,Sales,2,1,Medical,1,15804,139259,3,Male,80,2,2,Sales Executive,4,Married,6120,3567,3,Y,Yes,12,3,4,80,2,8,2,4,5,4,1,4,Seek
55,Voluntary Resignation,Travel_Rarely,436,Sales,2,1,Life Sciences,1,15805,139260,3,Male,80,2,2,Sales Executive,4,Married,6120,3567,4,Y,Yes,12,3,4,80,2,8,2,4,5,4,1,4,Seek
55,Voluntary Resignation,Travel_Rarely,267,Sales,13,4,Life Sciences,1,19084,142539,4,Female,89,2,4,Sales Executive,3,Single,13695,9277,6,Y,Yes,17,3,3,80,0,24,2,2,19,7,3,8,Recruit.net
55,Voluntary Resignation,Travel_Rarely,267,Sales,13,4,Life Sciences,1,19095,142550,4,Female,89,2,4,Sales Executive,3,Single,13695,9277,6,Y,Yes,17,3,3,80,0,24,2,2,19,7,3,8,Recruit.net
55,Current employee,Travel_Rarely,189,Human Resources,26,4,Human Resources,1,526,123981,1,Female,39,3,5,Manager,3,Divorced,19094,10735,4,Y,No,11,4,4,80,1,26,3,2,14,13,4,8,Company Website
55,Current employee,Travel_Rarely,189,Human Resources,26,4,Technical Degree,1,528,123983,1,Female,39,3,5,Manager,3,Divorced,19094,10735,1,Y,No,11,3,4,80,1,26,3,2,14,13,4,8,Company Website
55,Current employee,Travel_Rarely,189,Human Resources,26,4,Technical Degree,1,531,123986,1,Female,39,3,5,Manager,3,Divorced,19094,10735,1,Y,No,11,3,4,80,,26,3,2,14,13,4,8,Company Website
55,Current employee,Travel_Rarely,189,Human Resources,26,4,Human Resources,1,535,123990,1,Female,39,3,5,Manager,3,Divorced,19094,10735,4,Y,No,11,4,4,80,1,26,3,2,14,13,4,8,Company Website
55,Current employee,Travel_Rarely,189,Human Resources,26,4,Technical Degree,1,537,123992,1,Female,39,3,5,Manager,3,Divorced,19094,10735,1,Y,No,11,3,4,80,1,26,3,2,14,13,4,8,Company Website
55,Current employee,Travel_Rarely,189,Human Resources,26,4,Technical Degree,1,540,123995,1,Female,39,3,5,Manager,3,Divorced,19094,10735,1,Y,No,11,3,4,80,1,26,3,2,14,13,4,8,Company Website
55,Current employee,Travel_Rarely,836,Research & Development,8,3,Medical,1,1177,124632,4,Female,33,3,4,Manager,3,Divorced,14756,19730,2,Y,Yes,14,3,3,80,3,21,2,3,5,0,0,2,Company Website
55,Current employee,Travel_Rarely,836,Research & Development,8,3,Marketing,1,1180,124635,4,Female,33,3,4,Manager,3,Divorced,14756,19730,1,Y,Yes,14,3,3,80,3,21,2,3,5,0,0,2,Company Website
55,Current employee,Travel_Rarely,836,Research & Development,8,3,Medical,1,1185,124640,4,Female,33,3,4,Manager,3,Divorced,14756,19730,2,Y,Yes,14,3,3,80,3,21,2,3,5,0,0,2,Company Website
55,Current employee,Travel_Rarely,1311,Research & Development,2,3,Marketing,1,1186,124641,4,Female,33,3,1,Research Scientist,2,Single,2311,5711,2,Y,No,15,3,4,80,0,9,3,3,3,2,1,2,Company Website
55,Current employee,Travel_Rarely,836,Research & Development,8,3,Marketing,1,1187,124642,4,Female,33,3,4,Manager,3,Divorced,14756,19730,1,Y,Yes,14,3,3,80,3,21,2,3,5,0,0,2,Company Website
55,Current employee,Travel_Rarely,836,Research & Development,8,3,Marketing,1,1190,124645,4,Female,33,3,4,Manager,3,Divorced,14756,19730,1,Y,Yes,14,3,3,80,3,21,2,3,5,0,0,2,Company Website
55,Current employee,Travel_Rarely,836,Research & Development,8,3,Medical,1,1195,124650,4,Female,33,3,4,Manager,3,Divorced,14756,19730,2,Y,Yes,14,3,3,80,3,21,2,3,5,0,0,2,Company Website
55,Current employee,Travel_Rarely,1311,Research & Development,2,3,Marketing,1,1196,124651,4,Female,33,3,1,Research Scientist,2,Single,2311,5711,2,Y,No,15,3,4,80,0,9,3,3,3,2,1,2,Company Website
55,Current employee,Travel_Rarely,836,Research & Development,8,3,Marketing,1,1197,124652,4,Female,33,3,4,Manager,3,Divorced,14756,19730,1,Y,Yes,14,3,3,80,3,21,2,3,5,0,0,2,Company Website
55,Current employee,Travel_Rarely,111,Sales,1,2,Life Sciences,1,1199,124654,1,Male,41,2,2,Manufacturing Director,2,Single,6499,22656,1,Y,No,13,3,3,80,0,6,3,3,6,5,0,3,Indeed
55,Current employee,Travel_Rarely,111,Sales,1,2,Life Sciences,1,1200,124655,1,Male,41,2,2,Manufacturing Director,2,Single,6499,22656,1,Y,No,13,3,3,80,0,6,3,3,6,5,0,3,Indeed
55,Current employee,,111,Sales,1,2,Life Sciences,1,1204,124659,1,Male,41,2,2,Manufacturing Director,2,Single,6499,22656,1,Y,No,13,3,3,80,0,6,3,3,6,5,0,3,Indeed
55,Current employee,Travel_Rarely,111,Sales,1,2,Life Sciences,1,1205,124660,1,Male,41,2,2,Manufacturing Director,2,Single,6499,22656,1,Y,No,13,3,3,80,0,6,3,3,6,5,0,3,Indeed
55,Current employee,Travel_Rarely,111,Sales,1,2,Life Sciences,1,1206,124661,1,Male,41,2,2,Manufacturing Director,2,Single,6499,22656,1,Y,No,13,3,3,80,0,6,3,3,6,5,0,3,Indeed
55,Current employee,Travel_Rarely,111,Sales,1,2,Life Sciences,1,1210,124665,1,Male,41,2,2,Manufacturing Director,2,Single,6499,22656,1,Y,No,13,3,3,80,0,6,3,3,6,5,0,3,Indeed
55,Current employee,Travel_Rarely,111,Sales,1,2,Life Sciences,1,1436,124891,1,Male,70,3,3,Sales Executive,4,Married,10239,18092,3,Y,No,14,3,4,80,1,24,4,3,1,0,1,0,Seek
55,Current employee,Travel_Rarely,111,Sales,1,2,Human Resources,1,1438,124893,1,Male,70,3,3,Sales Executive,4,Married,10239,18092,4,Y,No,14,3,4,80,1,24,4,3,1,0,1,0,Seek
55,Current employee,Travel_Rarely,111,Sales,1,2,Life Sciences,1,1440,124895,1,Male,70,3,3,Sales Executive,4,Married,10239,18092,3,Y,No,14,3,4,80,1,24,4,3,1,0,1,0,Seek
55,Current employee,Travel_Rarely,111,Sales,1,2,Human Resources,1,1441,124896,1,Male,70,3,3,Sales Executive,4,Married,10239,18092,4,Y,No,14,3,4,80,1,24,4,3,1,0,1,0,Seek
55,Current employee,Travel_Rarely,111,Sales,1,2,Human Resources,1,1445,124900,1,Male,70,3,3,Sales Executive,4,Married,10239,18092,4,Y,No,14,3,4,80,1,24,4,3,1,0,1,0,Seek
55,Current employee,Travel_Rarely,111,Sales,1,2,Life Sciences,1,1447,124902,1,Male,70,3,3,Sales Executive,4,Married,10239,18092,3,Y,No,14,3,4,80,1,24,4,3,1,0,1,0,Seek
55,Current employee,Travel_Rarely,111,Sales,1,2,Human Resources,1,1448,124903,1,Male,70,3,3,Sales Executive,4,Married,10239,18092,4,Y,No,14,3,4,80,1,24,4,3,1,0,1,0,Seek
55,Current employee,Travel_Rarely,1311,Research & Development,2,3,Life Sciences,1,2977,126432,1,Female,45,3,1,Research Scientist,2,Single,2311,5711,2,Y,No,15,3,4,80,0,9,3,3,3,2,1,2,Company Website
55,Current employee,Travel_Rarely,1311,Research & Development,2,3,Life Sciences,1,2978,126433,1,Female,45,3,1,Research Scientist,2,Single,2311,5711,2,Y,No,15,3,4,80,0,9,3,3,3,2,1,2,Company Website
55,Current employee,Travel_Rarely,1311,Research & Development,2,3,Life Sciences,1,2981,126436,1,Female,45,3,1,Research Scientist,2,Married,3346,11873,3,Y,Yes,20,4,2,80,1,9,3,3,3,2,1,2,Company Website
55,Current employee,Travel_Rarely,1311,Research & Development,2,3,Life Sciences,1,2983,126438,1,Female,45,3,1,Research Scientist,2,Single,2311,5711,2,Y,No,15,3,4,80,0,9,3,3,3,2,1,2,Company Website
55,Current employee,Travel_Rarely,1311,Research & Development,2,3,Life Sciences,1,2984,126439,1,Female,45,3,1,Research Scientist,2,Single,2311,5711,2,Y,No,15,3,4,80,0,9,3,3,3,2,1,2,Company Website
55,Current employee,Travel_Rarely,1311,Research & Development,2,3,Life Sciences,1,2988,126443,1,Female,45,3,1,Research Scientist,2,Married,3346,11873,3,Y,Yes,20,4,2,80,1,9,3,3,3,2,1,2,Company Website
55,Current employee,Travel_Rarely,692,Research & Development,14,4,Medical,1,3069,126524,3,Male,61,4,5,Research Director,2,Single,18722,13339,8,Y,No,11,4,4,80,0,36,3,3,24,15,2,15,GlassDoor
55,Current employee,Travel_Rarely,692,Research & Development,14,4,Medical,1,3072,126527,3,Male,61,4,5,Research Director,2,Single,18722,13339,2,Y,No,11,4,4,80,0,36,3,3,24,15,2,15,GlassDoor
55,Current employee,Travel_Rarely,692,Research & Development,14,4,Medical,1,3075,126530,3,Male,61,4,5,Research Director,2,Single,18722,13339,8,Y,No,11,3,4,80,0,36,3,3,24,15,2,15,GlassDoor
55,Current employee,Travel_Rarely,692,Research & Development,14,4,Medical,1,3076,126531,3,Male,61,4,5,Research Scientist,3,Single,2479,26227,2,Y,No,24,4,1,80,0,7,3,3,24,15,2,15,GlassDoor
55,Current employee,Travel_Rarely,692,Research & Development,14,4,Medical,1,3077,126532,3,Male,61,4,5,Research Director,2,Single,18722,13339,8,Y,No,11,4,4,80,0,36,3,3,24,15,2,15,GlassDoor
55,Current employee,Travel_Rarely,692,Research & Development,14,4,Medical,1,3080,126535,3,Male,61,4,5,Research Director,2,Single,18722,13339,2,Y,No,11,4,4,80,0,36,3,3,24,15,2,15,GlassDoor
55,Current employee,Travel_Rarely,692,Research & Development,14,4,Medical,1,3083,126538,3,Male,61,4,5,Research Director,2,Single,18722,13339,8,Y,No,11,3,4,80,0,36,3,3,24,15,2,15,GlassDoor
55,Current employee,Travel_Rarely,692,Research & Development,14,4,Medical,1,3084,126539,3,Male,61,4,5,Research Scientist,3,Single,2479,26227,2,Y,No,24,4,1,80,0,7,3,3,24,15,2,15,GlassDoor
55,Current employee,Travel_Rarely,1117,Sales,18,5,Life Sciences,1,3396,126851,1,Female,46,3,1,Laboratory Technician,4,Single,2153,7703,1,Y,No,13,3,1,80,0,8,2,3,8,1,1,7,Company Website
55,Current employee,Travel_Rarely,1117,Sales,18,5,Medical,1,3398,126853,1,Female,46,3,1,Laboratory Technician,4,Single,2153,7703,1,Y,No,13,4,1,80,0,8,2,3,8,1,1,7,Company Website
55,Current employee,Travel_Rarely,1136,Research & Development,1,4,Medical,1,3403,126858,1,Female,46,3,4,Research Director,4,Divorced,14732,12414,2,Y,No,13,3,4,80,2,31,4,4,7,7,0,0,LinkedIn
55,Current employee,Travel_Rarely,1117,Sales,18,5,Medical,1,3404,126859,1,Female,46,3,1,Laboratory Technician,4,Single,2153,7703,1,,No,13,3,1,80,0,8,2,3,8,1,1,7,Company Website
55,Current employee,Travel_Rarely,1117,Sales,18,5,Life Sciences,1,3406,126861,1,Female,46,3,1,Laboratory Technician,4,Single,2153,7703,1,Y,No,13,3,1,80,0,8,2,3,8,1,1,7,Company Website
55,Current employee,Travel_Rarely,1117,Sales,18,5,Medical,1,3408,126863,1,Female,46,3,1,Laboratory Technician,4,Single,2153,7703,1,Y,No,13,4,1,80,0,8,2,3,8,1,1,7,Company Website
55,Current employee,Travel_Rarely,1136,Research & Development,1,4,Medical,1,3413,126868,1,Female,46,3,4,Research Director,4,Divorced,14732,12414,2,Y,No,13,3,4,80,2,31,4,4,7,7,0,0,LinkedIn
55,Current employee,Travel_Rarely,1117,Sales,18,5,Medical,1,3414,126869,1,Female,46,3,1,Laboratory Technician,4,Single,2153,7703,1,Y,No,13,3,1,80,0,8,2,3,8,1,1,7,Company Website
55,Current employee,Travel_Rarely,452,Research & Development,1,3,Medical,1,4404,127859,4,Male,81,3,5,Manager,1,Single,19045,18938,0,Y,Yes,14,3,3,80,0,37,2,3,36,10,4,13,Seek
55,Current employee,Travel_Rarely,452,Research & Development,1,3,Human Resources,1,4406,127861,4,Male,81,3,5,Manager,1,Single,19045,18938,1,Y,Yes,14,3,3,80,0,37,2,3,36,10,4,13,Seek
55,Current employee,Travel_Rarely,452,Research & Development,1,3,Medical,1,4412,127867,4,Male,81,3,5,Manager,1,Single,19045,18938,0,Y,Yes,14,3,3,80,0,37,2,3,36,10,4,13,Seek
55,Current employee,Travel_Rarely,478,Research & Development,2,3,Human Resources,1,4413,127868,4,Male,81,3,5,Research Director,1,Married,19038,19805,8,Y,No,12,3,2,80,3,34,2,3,1,0,0,0,Indeed
55,Current employee,Travel_Rarely,452,Research & Development,1,3,Human Resources,1,4414,127869,4,Male,81,3,5,Manager,1,Single,,18938,1,Y,Yes,14,3,3,80,0,37,2,3,36,10,4,13,Seek
55,Current employee,Travel_Rarely,452,Research & Development,1,3,Medical,1,4415,127870,4,Male,81,3,5,Manager,1,Single,19045,18938,0,Y,Yes,14,3,3,80,0,37,2,3,36,10,4,13,Seek
55,Current employee,Travel_Rarely,452,Research & Development,1,3,Human Resources,1,4417,127872,4,Male,81,3,5,Manager,1,Single,19045,18938,1,Y,Yes,14,3,3,80,0,37,2,3,36,10,4,13,Seek
55,Current employee,Travel_Rarely,452,Research & Development,1,3,Medical,1,4423,127878,4,Male,81,3,5,Manager,1,Single,19045,18938,0,Y,Yes,14,3,3,80,0,37,2,3,36,10,4,13,Seek
55,Current employee,Travel_Rarely,478,Research & Development,2,3,Human Resources,1,4424,127879,4,Male,81,3,5,Research Director,1,Married,19038,19805,8,Y,No,12,3,2,80,3,34,2,3,1,0,0,0,Indeed
55,Current employee,Travel_Rarely,452,Research & Development,1,3,Human Resources,1,4425,127880,4,Male,81,3,5,Manager,1,Single,19045,18938,1,Y,Yes,14,3,3,80,0,37,2,3,36,10,4,13,Seek
55,Current employee,Travel_Rarely,147,Research & Development,20,2,Technical Degree,1,4618,128073,2,Male,37,3,2,Laboratory Technician,4,Married,5415,15972,3,Y,Yes,19,3,4,80,1,12,4,3,10,7,0,8,LinkedIn
55,Current employee,Travel_Rarely,147,Research & Development,20,2,Medical,1,4621,128076,2,Male,37,3,2,Laboratory Technician,4,Married,5415,15972,1,Y,Yes,19,3,4,80,1,12,4,3,10,7,0,8,LinkedIn
55,Current employee,Travel_Rarely,147,Research & Development,20,2,Technical Degree,1,4626,128081,2,Male,37,3,2,Laboratory Technician,4,Married,5415,15972,3,Y,Yes,19,3,4,80,1,12,4,3,10,7,0,8,LinkedIn
55,Current employee,Travel_Rarely,685,Sales,26,5,Medical,1,4627,128082,2,Male,37,3,5,Manager,4,Married,19586,23037,1,Y,No,21,4,3,80,1,36,3,3,36,6,2,13,GlassDoor
55,Current employee,Travel_Rarely,147,Research & Development,20,2,Medical,1,4628,128083,2,Male,37,3,2,Laboratory Technician,4,Married,5415,15972,1,Y,Yes,19,3,4,80,1,,4,3,10,7,0,8,LinkedIn
55,Current employee,Travel_Rarely,147,Research & Development,20,2,Technical Degree,1,4629,128084,2,Male,37,3,2,Laboratory Technician,4,Married,5415,15972,3,Y,Yes,19,3,4,80,1,12,4,3,10,7,0,8,LinkedIn
55,Current employee,Travel_Rarely,147,Research & Development,20,2,Medical,1,4632,128087,2,Male,37,3,2,Laboratory Technician,4,Married,5415,15972,1,Y,Yes,19,3,4,80,1,12,4,3,10,7,0,8,LinkedIn
55,Current employee,Travel_Rarely,147,Research & Development,20,2,Technical Degree,1,4637,128092,2,Male,37,3,2,Laboratory Technician,4,Married,5415,15972,3,Y,Yes,19,3,4,80,1,12,4,3,10,7,0,8,LinkedIn
55,Current employee,Travel_Rarely,685,Sales,26,5,Medical,1,4638,128093,2,Male,37,3,5,Manager,4,Married,19586,23037,1,Y,No,21,4,3,80,1,36,3,3,36,6,2,13,GlassDoor
55,Current employee,Travel_Rarely,147,Research & Development,20,2,Medical,1,4639,128094,2,Male,37,3,2,Laboratory Technician,4,Married,5415,15972,1,Y,Yes,19,3,4,80,1,12,4,3,10,7,0,8,LinkedIn
55,Current employee,Travel_Frequently,1091,Research & Development,2,1,Life Sciences,1,5609,129064,2,Male,52,2,2,Manufacturing Director,2,Single,6032,10110,6,Y,Yes,15,4,4,80,0,8,3,3,5,4,1,2,Recruit.net
55,Current employee,Travel_Frequently,1091,Research & Development,2,1,Life Sciences,1,5610,129065,2,Male,52,2,2,Manufacturing Director,2,Single,6032,10110,1,Y,Yes,15,3,4,80,0,8,3,3,5,4,1,2,Recruit.net
55,Current employee,Travel_Frequently,1091,Research & Development,2,1,Life Sciences,1,5614,129069,2,Male,52,2,2,Manufacturing Director,2,Single,6032,10110,1,Y,Yes,15,3,4,80,0,8,3,3,5,4,1,2,Recruit.net
55,Current employee,Travel_Frequently,1091,Research & Development,2,1,Life Sciences,1,5616,129071,2,Male,52,2,2,Manufacturing Director,2,Single,6032,10110,6,Y,Yes,15,4,4,80,0,8,3,3,5,4,1,2,Recruit.net
55,Current employee,Travel_Frequently,1091,Research & Development,2,1,Life Sciences,1,5617,129072,2,Male,52,2,2,Manufacturing Director,2,Single,6032,10110,1,Y,Yes,15,3,4,80,0,8,3,3,5,4,1,2,Recruit.net
55,Current employee,Travel_Frequently,1091,Research & Development,2,1,Life Sciences,1,5621,129076,2,Male,52,2,2,Manufacturing Director,2,Single,6032,10110,1,Y,Yes,15,3,4,80,0,8,3,3,5,4,1,2,Recruit.net
55,Current employee,Travel_Rarely,1311,Research & Development,2,3,Life Sciences,1,6130,129585,3,Female,97,3,4,Manager,4,Single,16659,23258,2,Y,Yes,13,3,3,80,0,30,2,3,5,4,1,2,Seek
55,Current employee,Travel_Rarely,1311,Research & Development,2,3,Life Sciences,1,6132,129587,3,Female,97,3,4,Manager,4,Single,16659,23258,1,Y,Yes,13,3,3,80,0,30,2,3,5,4,1,2,Seek
55,Current employee,Travel_Rarely,1311,Research & Development,2,3,Life Sciences,1,6138,129593,3,Female,97,3,4,Manager,4,Single,16659,23258,2,Y,Yes,13,3,3,80,0,30,2,3,5,4,1,2,Seek
55,Current employee,Travel_Rarely,836,Research & Development,2,4,Life Sciences,1,6139,129594,3,Female,97,3,1,Research Scientist,4,Married,2662,7975,8,Y,No,20,4,2,80,1,19,2,4,5,2,0,4,Seek
55,Current employee,Travel_Rarely,,Research & Development,2,3,Life Sciences,1,6140,129595,3,Female,97,3,4,Manager,4,Single,16659,23258,1,Y,,13,3,3,80,0,30,2,3,5,4,1,2,Seek
55,Current employee,Travel_Rarely,1311,Research & Development,2,3,Life Sciences,1,6141,129596,3,Female,97,3,4,Manager,4,Single,16659,23258,2,Y,Yes,13,3,3,80,0,30,2,3,5,4,1,2,Seek
55,Current employee,Travel_Rarely,1311,Research & Development,2,3,Life Sciences,1,6143,129598,3,Female,97,3,4,Manager,4,Single,16659,23258,1,Y,Yes,13,3,3,80,0,30,2,3,5,4,1,2,Seek
55,Current employee,Travel_Rarely,1311,Research & Development,2,3,Life Sciences,1,6149,129604,3,Female,97,3,4,Manager,4,Single,16659,23258,2,Y,Yes,13,3,3,80,0,30,2,3,5,4,1,2,Seek
55,Current employee,Travel_Rarely,836,Research & Development,2,4,Life Sciences,1,6150,129605,3,Female,97,3,1,Research Scientist,4,Married,2662,7975,8,Y,No,20,4,2,80,1,19,2,4,5,2,0,4,Seek
55,Current employee,Travel_Rarely,1311,Research & Development,2,3,Life Sciences,1,6151,129606,3,Female,97,3,4,Manager,4,Single,16659,23258,1,Y,Yes,13,3,3,80,0,30,2,3,5,4,1,2,Seek
55,Current employee,Travel_Rarely,1117,Sales,18,5,Life Sciences,1,7152,130607,1,Female,83,3,4,Manager,2,Single,16835,9873,3,Y,No,23,3,4,80,0,37,2,3,10,9,7,7,Recruit.net
55,Current employee,Travel_Rarely,1117,Sales,18,5,Medical,1,7154,130609,1,Female,83,3,4,Manager,2,Single,16835,9873,1,Y,No,23,3,4,80,0,37,2,3,10,9,7,7,Recruit.net
55,Current employee,Travel_Rarely,1117,Sales,18,5,Life Sciences,1,7160,130615,1,Female,83,3,4,Manager,2,Single,16835,9873,3,Y,No,23,4,4,80,0,37,2,3,10,9,7,7,Recruit.net
55,Current employee,Travel_Rarely,1117,Sales,18,5,Medical,1,7161,130616,1,Female,83,3,1,Laboratory Technician,4,Single,2153,7703,1,Y,No,13,3,1,80,0,8,2,3,8,1,1,7,Company Website
55,Current employee,Travel_Rarely,1117,Sales,18,5,Medical,1,7162,130617,1,Female,83,3,4,Manager,2,Single,16835,9873,1,Y,No,23,4,4,80,0,37,2,3,10,9,7,7,Recruit.net
55,Current employee,Travel_Rarely,1117,Sales,18,5,Life Sciences,1,7163,130618,1,Female,83,3,4,Manager,2,Single,16835,9873,3,Y,No,23,3,4,80,0,37,2,3,10,9,7,7,Recruit.net
55,Current employee,Travel_Rarely,1117,Sales,18,5,Medical,1,7165,130620,1,Female,83,3,4,Manager,2,Single,16835,9873,1,Y,No,23,3,4,80,0,37,2,3,10,9,7,7,Recruit.net
55,Current employee,Travel_Rarely,1117,Sales,18,5,Life Sciences,1,7171,130626,1,Female,83,3,4,Manager,2,Single,16835,9873,3,Y,No,23,4,4,80,0,37,2,3,10,9,7,7,Recruit.net
55,Current employee,Travel_Rarely,1117,Sales,18,5,Medical,1,7172,130627,1,Female,83,3,1,Laboratory Technician,4,Single,2153,7703,1,Y,No,13,3,1,80,0,8,2,3,8,1,1,7,Company Website
55,Current employee,Travel_Rarely,1117,Sales,18,5,Medical,1,7173,130628,1,Female,83,3,4,Manager,2,Single,16835,9873,1,Y,No,23,4,4,80,0,37,2,3,10,9,7,7,Recruit.net
55,Current employee,Travel_Rarely,1229,Research & Development,4,4,Life Sciences,1,7496,130951,2,Male,57,3,3,Sales Executive,2,Divorced,8834,24666,1,Y,No,13,3,4,80,1,9,6,3,9,5,7,7,Recruit.net
55,Current employee,Travel_Rarely,1229,Research & Development,4,4,Life Sciences,1,7497,130952,2,Male,57,3,3,Sales Executive,2,Divorced,8834,24666,5,Y,No,13,3,4,80,1,9,6,3,9,5,7,7,Recruit.net
55,Current employee,Travel_Rarely,1229,Research & Development,4,4,Life Sciences,1,7501,130956,2,Male,57,3,3,Sales Executive,2,Divorced,8834,24666,5,Y,No,13,3,4,80,1,9,6,3,9,5,7,7,Recruit.net
55,Current employee,Travel_Rarely,1229,Research & Development,4,4,Life Sciences,1,7503,130958,2,Male,57,3,3,Sales Executive,2,Divorced,8834,24666,1,Y,No,13,3,4,80,1,9,6,3,9,5,7,7,Recruit.net
55,Current employee,Travel_Rarely,1229,Research & Development,4,4,Life Sciences,1,7504,130959,2,Male,57,3,3,Sales Executive,2,Divorced,8834,24666,5,Y,No,13,3,4,80,1,9,6,3,9,5,7,7,Recruit.net
55,Current employee,Travel_Rarely,1229,Research & Development,4,4,Life Sciences,1,7508,130963,2,Male,57,3,3,Sales Executive,2,Divorced,8834,24666,5,Y,No,13,3,4,80,1,9,6,3,9,5,7,7,Recruit.net
55,Current employee,Travel_Rarely,189,Human Resources,26,4,Life Sciences,1,9128,132583,4,Male,78,3,5,Manager,2,Married,19636,25811,4,Y,Yes,18,3,1,80,1,35,0,3,10,9,1,4,Indeed
55,Current employee,Travel_Rarely,189,Human Resources,26,4,Life Sciences,1,9139,132594,4,Male,78,3,5,Manager,2,Married,19636,25811,4,Y,Yes,18,3,1,80,1,35,0,3,10,9,1,4,Indeed
55,Current employee,Travel_Frequently,135,Research & Development,18,4,Medical,1,11938,135393,3,Male,62,3,2,Healthcare Representative,2,Married,6385,12992,3,Y,Yes,14,3,4,80,2,17,3,3,8,7,6,7,GlassDoor
55,Current employee,Travel_Frequently,135,Research & Development,18,4,Medical,1,11941,135396,3,Male,62,3,2,Healthcare Representative,2,Married,6385,12992,0,Y,Yes,14,4,4,80,2,17,3,3,8,7,6,7,GlassDoor
55,Current employee,Travel_Frequently,135,Research & Development,18,4,Medical,1,11946,135401,3,Male,62,3,2,Healthcare Representative,2,Married,6385,12992,3,Y,Yes,14,3,4,80,2,17,3,3,8,7,6,7,GlassDoor
55,Current employee,Travel_Rarely,282,Research & Development,2,2,Medical,1,11947,135402,3,Male,62,3,5,Manager,3,Married,19187,6992,4,Y,No,14,3,4,80,1,23,5,3,19,9,9,11,Company Website
55,Current employee,Travel_Frequently,,Research & Development,18,4,Medical,1,11948,135403,3,Male,62,3,2,Healthcare Representative,2,Married,6385,12992,0,Y,Yes,14,3,4,80,2,17,3,3,8,7,6,7,GlassDoor
55,Current employee,Travel_Frequently,135,Research & Development,18,4,Medical,1,11949,135404,3,Male,62,3,2,Healthcare Representative,2,Married,6385,12992,3,Y,Yes,14,3,4,80,2,17,3,3,8,7,6,7,GlassDoor
55,Current employee,Travel_Frequently,135,Research & Development,18,4,Medical,1,11952,135407,3,Male,62,3,2,Healthcare Representative,2,Married,6385,12992,0,Y,Yes,14,4,4,80,2,17,3,3,8,7,6,7,GlassDoor
55,Current employee,Travel_Frequently,135,Research & Development,18,4,Medical,1,11957,135412,3,Male,62,3,2,Healthcare Representative,2,Married,6385,12992,3,Y,Yes,14,3,4,80,2,17,3,3,8,7,6,7,GlassDoor
55,Current employee,Travel_Rarely,282,Research & Development,2,2,Medical,1,11958,135413,3,Male,62,3,5,Manager,3,Married,19187,6992,4,Y,No,14,3,4,80,1,23,5,3,19,9,9,11,Company Website
55,Current employee,Travel_Frequently,135,Research & Development,18,4,Medical,1,11959,135414,3,Male,62,3,2,Healthcare Representative,2,Married,6385,12992,0,Y,Yes,14,3,4,80,2,17,3,3,8,7,6,7,GlassDoor
55,Current employee,Travel_Rarely,685,Sales,26,5,Marketing,1,12112,135567,3,Female,71,3,4,Manager,4,Married,17650,5404,3,Y,No,13,3,2,80,1,26,4,4,9,3,1,1,Adzuna
55,Current employee,Travel_Rarely,685,Sales,26,5,Technical Degree,1,12114,135569,3,Female,71,3,4,Manager,4,Married,17650,5404,1,Y,No,13,3,2,80,1,26,4,4,9,3,1,1,Adzuna
55,Current employee,Travel_Rarely,685,Sales,26,5,Marketing,1,12117,135572,3,Female,71,3,4,Manager,4,Married,17650,5404,3,Y,No,13,3,2,80,1,26,4,4,9,3,1,1,Adzuna
55,Current employee,Travel_Rarely,685,Sales,26,5,Technical Degree,1,12118,135573,3,Female,71,3,4,Manager,4,Married,17650,5404,1,Y,No,13,3,2,80,1,26,4,4,9,,1,1,Adzuna
55,Current employee,Travel_Rarely,685,Sales,26,5,Marketing,1,12120,135575,3,Female,71,3,4,Manager,4,Married,17650,5404,3,Y,No,13,3,2,80,1,26,4,4,9,3,1,1,Adzuna
55,Current employee,Travel_Rarely,685,Sales,26,5,Technical Degree,1,12122,135577,3,Female,71,3,4,Manager,4,Married,17650,5404,1,Y,No,13,3,2,80,1,26,4,4,9,3,1,1,Adzuna
55,Current employee,Travel_Rarely,685,Sales,26,5,Marketing,1,12125,135580,3,Female,71,3,4,Manager,4,Married,17650,5404,3,Y,No,13,3,2,80,1,26,4,4,9,3,1,1,Adzuna
55,Current employee,Travel_Rarely,685,Sales,26,5,Technical Degree,1,12126,135581,3,Female,71,3,4,Manager,4,Married,17650,5404,1,Y,No,13,3,2,80,1,26,4,4,9,3,1,1,Adzuna
55,Current employee,Non-Travel,444,Research & Development,2,1,Medical,1,12412,135867,3,Male,40,2,4,Manager,1,Single,16756,17323,7,Y,No,15,4,2,80,0,31,3,4,9,7,6,2,Adzuna
55,Current employee,Non-Travel,444,Research & Development,2,1,Life Sciences,1,12414,135869,3,Male,40,2,4,Manager,1,Single,16756,17323,1,Y,No,15,3,2,80,0,31,3,4,9,7,6,2,Adzuna
55,Current employee,Non-Travel,444,Research & Development,2,1,Medical,1,12078,135875,3,Male,40,2,4,Manager,1,Single,16756,17323,7,Y,No,15,3,2,80,0,31,3,4,9,7,6,2,Adzuna
55,Current employee,Travel_Rarely,189,Human Resources,26,4,Life Sciences,1,12421,135876,3,Male,40,2,5,Manager,3,Divorced,19094,10735,4,Y,No,11,3,4,80,1,26,3,2,14,13,4,8,Company Website
55,Current employee,Non-Travel,444,Research & Development,2,1,Life Sciences,1,12422,135877,3,Male,40,2,4,Manager,1,Single,16756,17323,1,Y,No,15,3,2,80,0,31,3,4,9,7,6,2,
55,Current employee,Non-Travel,444,Research & Development,2,1,Medical,1,12423,135878,3,Male,40,2,4,Manager,1,Single,16756,17323,7,Y,No,15,4,2,80,0,31,3,4,9,7,6,2,Adzuna
55,Current employee,Non-Travel,444,Research & Development,2,1,Life Sciences,1,12425,135880,3,Male,40,2,4,Manager,1,Single,16756,17323,1,Y,No,15,3,2,80,0,31,3,4,9,7,6,2,Adzuna
55,Current employee,Non-Travel,444,Research & Development,2,1,Medical,1,12431,135886,3,Male,40,2,4,Manager,1,Single,16756,17323,7,Y,No,15,3,2,80,0,31,3,4,9,7,6,2,Adzuna
55,Current employee,Travel_Rarely,189,Human Resources,26,4,Life Sciences,1,12432,135887,3,Male,40,2,5,Manager,3,Divorced,19094,10735,4,Y,No,11,3,4,80,1,26,3,2,14,13,4,8,Company Website
55,Current employee,Non-Travel,444,Research & Development,2,1,Life Sciences,1,12433,135888,3,Male,40,2,4,Manager,1,Single,16756,17323,1,Y,No,15,3,2,80,0,31,3,4,9,7,6,2,Adzuna
55,Current employee,Travel_Frequently,1091,Research & Development,2,1,Life Sciences,1,12626,136081,4,Male,65,3,3,Manufacturing Director,2,Married,10976,15813,3,Y,No,18,3,2,80,1,23,4,3,3,2,1,2,LinkedIn
55,Current employee,Travel_Frequently,1091,Research & Development,2,1,Life Sciences,1,12628,136083,4,Male,65,3,3,Manufacturing Director,2,Married,10976,15813,1,Y,No,18,3,2,80,1,23,4,3,3,2,1,2,LinkedIn
55,Current employee,Travel_Frequently,1091,Research & Development,2,1,Life Sciences,1,12632,136087,4,Male,65,3,3,Manufacturing Director,2,Married,10976,15813,1,Y,No,18,3,2,80,1,23,4,3,3,2,1,2,LinkedIn
55,Current employee,Travel_Frequently,1091,Research & Development,2,1,Life Sciences,1,12633,136088,4,Male,65,3,3,Manufacturing Director,2,Married,10976,15813,3,Y,No,18,3,2,80,1,23,4,3,3,2,1,2,LinkedIn
55,Current employee,Travel_Frequently,1091,Research & Development,2,1,Life Sciences,1,12635,136090,4,Male,65,3,3,Manufacturing Director,2,Married,10976,15813,1,Y,No,18,3,2,80,1,23,4,3,3,2,1,2,LinkedIn
55,Current employee,Travel_Frequently,1091,Research & Development,2,1,Life Sciences,1,12639,136094,4,Male,65,3,3,Manufacturing Director,2,Married,10976,15813,1,Y,No,18,3,2,80,1,23,4,3,3,2,1,2,LinkedIn
55,Current employee,Travel_Rarely,836,Research & Development,8,3,Medical,1,12976,136431,3,Female,73,3,3,Manufacturing Director,2,Divorced,7655,8039,0,Y,No,17,3,2,80,3,10,3,2,9,7,1,7,LinkedIn
55,Current employee,Travel_Rarely,836,Research & Development,8,3,Medical,1,12978,136433,3,Female,73,3,3,Manufacturing Director,2,Divorced,7655,8039,1,Y,No,17,3,2,80,3,10,3,2,9,7,1,7,LinkedIn
55,Current employee,Travel_Rarely,836,Research & Development,8,3,Medical,1,12981,136436,3,Female,73,3,3,Manufacturing Director,2,Divorced,7655,8039,0,Y,No,17,3,2,80,3,10,3,2,9,7,1,7,LinkedIn
55,Current employee,Travel_Rarely,836,Research & Development,8,3,Medical,1,12982,136437,3,Female,73,3,3,,3,Married,6132,13983,1,Y,No,17,3,3,80,0,10,3,2,9,7,1,7,LinkedIn
55,Current employee,Travel_Rarely,836,Research & Development,8,3,Medical,1,12984,136439,3,Female,73,3,3,Manufacturing Director,2,Divorced,7655,8039,0,Y,No,17,3,2,80,3,10,3,2,9,7,1,7,LinkedIn
55,Current employee,Travel_Rarely,836,Research & Development,8,3,Medical,1,12986,136441,3,Female,73,3,3,Manufacturing Director,2,Divorced,7655,8039,1,Y,No,17,3,2,80,3,10,3,2,9,7,1,7,LinkedIn
55,Current employee,Travel_Rarely,836,Research & Development,8,3,Medical,1,12989,136444,3,Female,73,3,3,Manufacturing Director,2,Divorced,7655,8039,0,Y,No,17,3,2,80,3,10,3,2,9,7,1,7,LinkedIn
55,Current employee,Travel_Rarely,836,Research & Development,8,3,Medical,1,12990,136445,3,Female,73,3,3,Manufacturing Director,3,Married,6132,13983,1,Y,No,17,3,3,80,0,10,3,2,9,7,1,7,LinkedIn
55,Current employee,Travel_Rarely,692,Research & Development,14,4,Medical,1,13674,137129,3,Male,75,3,1,Research Scientist,1,Single,2552,7172,1,Y,No,25,3,3,80,0,1,4,3,1,1,0,0,LinkedIn
55,Current employee,Travel_Rarely,692,Research & Development,14,4,Medical,1,13676,137131,3,Male,75,3,1,Research Scientist,1,Single,2552,7172,3,Y,No,25,3,3,80,0,1,4,3,1,1,0,0,LinkedIn
55,Current employee,Travel_Rarely,692,Research & Development,14,4,Medical,1,13679,137134,3,Male,75,3,1,Research Scientist,1,Single,2552,7172,1,Y,No,25,4,3,80,0,1,4,3,1,1,0,0,LinkedIn
55,Current employee,Travel_Rarely,692,Research & Development,14,4,Medical,1,13680,137135,3,Male,75,3,1,Research Scientist,1,Single,2552,7172,3,Y,No,25,4,3,80,0,1,4,3,1,1,0,0,LinkedIn
55,Current employee,Travel_Rarely,692,Research & Development,14,4,Medical,1,13682,137137,3,Male,75,3,1,Research Scientist,1,Single,2552,7172,1,Y,No,25,3,3,80,0,1,4,3,1,1,0,0,LinkedIn
55,Current employee,Travel_Rarely,692,Research & Development,14,4,Medical,1,13684,137139,3,Male,75,3,1,Research Scientist,1,Single,2552,7172,3,Y,No,25,3,3,80,0,1,4,3,1,1,0,0,LinkedIn
55,Current employee,Travel_Rarely,692,Research & Development,14,4,Medical,1,13687,137142,3,Male,75,3,1,Research Scientist,1,Single,2552,7172,1,Y,No,25,4,3,80,0,1,4,3,1,1,0,0,LinkedIn
55,Current employee,Travel_Rarely,692,Research & Development,14,4,Medical,1,13688,137143,3,Male,75,3,1,Research Scientist,1,Single,2552,7172,3,Y,No,25,4,3,80,0,1,4,3,1,1,0,0,LinkedIn
55,Current employee,Travel_Rarely,452,Research & Development,1,3,Medical,1,14166,137621,3,Female,76,2,2,Sales Executive,2,Divorced,6852,11591,7,Y,No,12,3,2,80,1,7,2,4,5,1,1,3,Indeed
55,Current employee,Travel_Rarely,452,Research & Development,1,,Life Sciences,1,14167,137622,3,Female,76,2,2,Sales Executive,2,Divorced,6852,11591,4,Y,No,12,3,2,80,1,7,2,4,5,1,1,3,Indeed
55,Current employee,Travel_Rarely,452,Research & Development,1,3,Medical,1,14171,137626,3,Female,76,2,2,Sales Executive,2,Divorced,6852,11591,7,Y,No,12,3,2,80,1,7,2,4,5,1,1,3,Indeed
55,Current employee,Travel_Rarely,452,Research & Development,1,3,Life Sciences,1,14172,137627,3,Female,76,2,2,Sales Executive,2,Divorced,6852,11591,4,Y,No,12,3,2,80,1,7,2,4,5,1,1,3,Indeed
55,Current employee,Travel_Rarely,452,Research & Development,1,3,Medical,1,14174,137629,3,Female,76,2,2,Sales Executive,2,Divorced,6852,11591,7,Y,No,12,3,2,80,1,7,2,4,5,1,1,3,Indeed
55,Current employee,Travel_Rarely,452,Research & Development,1,3,Life Sciences,1,14175,137630,3,Female,76,2,2,Sales Executive,2,Divorced,6852,11591,4,Y,No,12,3,2,80,1,7,2,4,5,1,1,3,Indeed
55,Current employee,Travel_Rarely,452,Research & Development,1,3,Medical,1,14179,137634,3,Female,76,2,2,Sales Executive,2,Divorced,6852,11591,7,Y,No,12,3,2,80,1,7,2,4,5,1,1,3,Indeed
55,Current employee,Travel_Rarely,452,Research & Development,1,3,Life Sciences,1,14180,137635,3,Female,76,2,2,Sales Executive,2,Divorced,6852,11591,4,Y,No,12,3,2,80,1,7,2,4,5,1,1,3,Indeed
55,Current employee,Non-Travel,177,Research & Development,8,1,Medical,1,14637,138092,4,Male,37,2,4,Healthcare Representative,2,Divorced,13577,25592,1,Y,Yes,15,3,4,80,1,34,3,3,33,9,15,0,Company Website
55,Current employee,Non-Travel,177,Research & Development,8,1,Medical,1,14640,138095,4,Male,37,2,4,Healthcare Representative,2,Divorced,13577,25592,0,Y,Yes,15,3,4,80,1,34,3,3,33,9,15,0,Company Website
55,Current employee,Non-Travel,177,Research & Development,8,1,Medical,1,14645,138100,4,Male,37,2,4,Healthcare Representative,2,Divorced,13577,25592,1,Y,Yes,15,3,4,80,1,34,3,3,33,9,15,0,Company Website
55,Current employee,Non-Travel,177,Research & Development,8,1,Medical,1,14646,138101,,Male,37,2,4,Healthcare Representative,2,Divorced,13577,25592,0,Y,Yes,15,3,4,80,1,34,3,3,33,9,15,0,Company Website
55,Current employee,Non-Travel,177,Research & Development,8,1,Medical,1,14647,138102,4,Male,37,2,4,Healthcare Representative,2,Divorced,13577,25592,1,Y,Yes,15,3,4,80,1,34,3,3,33,9,15,0,Company Website
55,Current employee,Non-Travel,177,Research & Development,8,1,Medical,1,14650,138105,4,Male,37,2,4,Healthcare Representative,2,Divorced,13577,25592,0,Y,Yes,15,3,4,80,1,34,3,3,33,9,15,0,Company Website
55,Current employee,Non-Travel,177,Research & Development,8,1,Medical,1,14655,138110,4,Male,37,2,4,Healthcare Representative,2,Divorced,13577,25592,1,Y,Yes,15,3,4,80,1,34,3,3,33,9,15,0,Company Website
55,Current employee,Non-Travel,177,Research & Development,8,1,Medical,1,14656,138111,4,Male,37,2,4,Healthcare Representative,2,Divorced,13577,25592,0,Y,Yes,15,3,4,80,1,34,3,3,33,9,15,0,Company Website
55,Current employee,Travel_Rarely,282,Research & Development,2,2,Medical,1,15299,138754,4,Female,58,1,5,Manager,3,Married,19187,6992,4,Y,No,14,3,4,80,1,23,5,3,19,9,9,11,Company Website
55,Current employee,Travel_Rarely,282,Research & Development,2,2,Life Sciences,1,15301,138756,4,Female,58,1,5,Manager,3,Married,19187,6992,1,Y,No,14,4,4,80,1,23,5,3,19,9,9,11,Company Website
55,Current employee,Travel_Rarely,111,Sales,1,2,Life Sciences,1,15307,138762,4,Female,58,1,2,Manufacturing Director,2,Single,6499,22656,1,Y,No,13,3,3,80,0,6,3,3,6,5,0,3,Indeed
55,Current employee,Travel_Rarely,282,Research & Development,2,2,Life Sciences,1,15308,138763,4,Female,58,1,5,Manager,3,Married,19187,6992,1,Y,No,14,3,4,80,1,23,5,,19,9,9,11,Company Website
55,Current employee,Travel_Rarely,282,Research & Development,2,2,Medical,1,15309,138764,4,Female,58,1,5,Manager,3,Married,19187,6992,4,Y,No,14,3,4,80,1,23,5,3,19,9,9,11,Company Website
55,Current employee,Travel_Rarely,282,Research & Development,2,2,Life Sciences,1,15311,138766,4,Female,58,1,5,Manager,3,Married,19187,6992,1,Y,No,14,4,4,80,1,23,5,3,19,9,9,11,Company Website
55,Current employee,Travel_Rarely,111,Sales,1,2,Life Sciences,1,15317,138772,4,Female,58,1,2,Manufacturing Director,2,Single,6499,22656,1,Y,No,13,3,3,80,0,6,3,3,6,5,0,3,Indeed
55,Current employee,Travel_Rarely,282,Research & Development,2,2,Life Sciences,1,15318,138773,4,Female,58,1,5,Manager,3,Married,19187,6992,1,Y,No,14,3,4,80,1,23,5,3,19,9,9,11,Company Website
55,Current employee,Travel_Rarely,1136,Research & Development,1,4,Medical,1,16171,139626,2,Male,81,4,4,Research Director,4,Divorced,14732,12414,2,Y,No,13,3,4,80,2,31,4,4,7,7,0,0,LinkedIn
55,Current employee,Travel_Rarely,1136,Research & Development,1,4,Life Sciences,1,16173,139628,2,Male,81,4,4,Research Director,4,Divorced,14732,12414,1,Y,No,13,3,4,80,2,31,4,4,7,7,0,0,LinkedIn
55,Current employee,Travel_Rarely,1136,Research & Development,1,4,Life Sciences,1,16177,139632,2,Male,81,4,4,Research Director,2,Single,19246,25761,1,Y,Yes,12,3,4,80,0,40,4,,7,7,0,0,LinkedIn
55,Current employee,Travel_Rarely,1136,Research & Development,1,4,Medical,1,16178,139633,2,Male,81,4,4,Research Director,4,Divorced,14732,12414,2,Y,No,13,3,4,80,2,31,4,4,7,7,0,0,LinkedIn
55,Current employee,Travel_Rarely,1136,Research & Development,1,4,Life Sciences,1,16180,139635,2,Male,81,4,4,Research Director,4,Divorced,14732,12414,1,Y,No,13,3,4,80,2,31,4,4,7,7,0,0,LinkedIn
55,Current employee,Travel_Rarely,1136,Research & Development,1,4,Life Sciences,1,16184,139639,2,Male,81,4,4,Research Director,2,Single,19246,25761,1,Y,Yes,12,3,4,80,0,40,4,4,7,7,0,0,LinkedIn
55,Current employee,Travel_Frequently,135,Research & Development,18,4,Medical,1,16470,139925,4,Male,82,3,2,Laboratory Technician,3,Divorced,3975,23099,3,Y,No,11,3,3,80,2,11,2,4,8,7,0,7,Jora
55,Current employee,Travel_Frequently,135,Research & Development,18,4,Medical,1,16472,139927,4,Male,82,3,2,Laboratory Technician,3,Divorced,3975,23099,1,Y,No,11,3,3,80,2,11,2,4,8,7,0,7,Jora
55,Current employee,Travel_Rarely,1229,Research & Development,4,4,Medical,1,16477,139932,4,Male,82,3,2,Healthcare Representative,3,Married,4035,16143,0,Y,Yes,16,3,2,80,0,4,2,3,3,2,1,2,Adzuna
55,Current employee,Travel_Frequently,135,Research & Development,18,4,Medical,1,16478,139933,4,Male,82,3,2,Laboratory Technician,3,Divorced,3975,23099,3,Y,No,11,3,3,80,2,11,2,4,8,7,0,7,Jora
55,Current employee,Travel_Frequently,135,Research & Development,18,4,Medical,1,16479,139934,4,Male,82,3,2,Laboratory Technician,3,Divorced,3975,23099,1,Y,No,11,3,3,80,2,11,2,4,8,7,0,7,Jora
55,Current employee,Travel_Frequently,135,Research & Development,18,4,Medical,1,16481,139936,4,Male,82,3,2,Laboratory Technician,3,Divorced,3975,23099,3,Y,No,11,3,3,80,2,11,2,4,8,7,0,7,Jora
55,Current employee,Travel_Frequently,135,Research & Development,18,4,Medical,1,16483,139938,4,Male,82,3,2,Laboratory Technician,3,Divorced,3975,23099,1,Y,No,11,3,3,80,2,11,2,4,8,7,0,7,Jora
55,Current employee,Travel_Rarely,1229,Research & Development,4,4,Medical,1,16488,139943,4,Male,82,3,2,Healthcare Representative,3,Married,4035,16143,0,Y,Yes,16,3,2,80,0,4,2,3,3,2,1,2,Adzuna
55,Current employee,Travel_Frequently,135,Research & Development,18,4,Medical,1,16489,139944,4,Male,82,3,2,Laboratory Technician,3,Divorced,3975,23099,3,Y,No,11,3,3,80,2,11,2,4,8,7,0,7,Jora
55,Current employee,Travel_Frequently,135,Research & Development,18,4,Medical,1,16490,139945,4,Male,82,3,2,Laboratory Technician,3,Divorced,3975,23099,1,Y,No,11,3,3,80,2,11,2,4,8,7,0,7,Jora
55,Current employee,Non-Travel,444,Research & Development,2,1,Medical,1,16666,140121,4,Male,83,3,2,Sales Executive,1,Single,8463,23490,0,Y,No,18,4,4,80,0,6,4,3,5,4,1,3,Indeed
55,Current employee,Non-Travel,444,Research & Development,2,1,Life Sciences,1,16667,140122,4,Male,83,3,2,Sales Executive,1,Single,8463,23490,4,Y,No,18,4,4,80,0,6,4,3,5,4,1,3,Indeed
55,Current employee,Non-Travel,444,Research & Development,2,1,Medical,1,16671,140126,4,Male,83,3,2,Sales Executive,1,Single,8463,23490,0,Y,No,18,3,4,80,0,6,4,3,5,4,1,3,Indeed
55,Current employee,Non-Travel,444,Research & Development,2,1,Life Sciences,1,16672,140127,4,Male,83,3,2,Sales Executive,1,Single,8463,23490,4,Y,No,18,3,4,80,0,6,4,3,5,4,1,3,Indeed
55,Current employee,Non-Travel,444,Research & Development,2,1,Medical,1,16674,140129,4,Male,83,3,2,Sales Executive,1,Single,8463,23490,0,Y,No,18,4,4,80,0,6,4,3,5,4,1,3,Indeed
55,Current employee,Non-Travel,444,Research & Development,2,1,Life Sciences,1,16675,140130,4,Male,83,3,2,Sales Executive,1,Single,8463,23490,4,Y,No,18,4,4,80,0,6,4,3,5,4,1,3,Indeed
55,Current employee,Non-Travel,444,Research & Development,2,1,Medical,1,16679,140134,4,Male,83,3,2,Sales Executive,1,Single,8463,23490,0,Y,No,18,3,4,80,0,6,4,3,5,4,1,3,Indeed
55,Current employee,Non-Travel,444,Research & Development,2,1,Life Sciences,1,16680,140135,4,Male,83,3,2,Sales Executive,1,Single,8463,23490,4,Y,No,18,3,4,80,0,6,4,3,5,4,1,3,Indeed
55,Current employee,Travel_Rarely,1229,Research & Development,4,4,Life Sciences,1,17045,140500,4,Male,30,3,2,Healthcare Representative,3,Married,4035,16143,0,Y,Yes,16,3,2,80,0,4,2,3,3,2,1,2,Adzuna
55,Current employee,Travel_Rarely,1229,Research & Development,4,4,Life Sciences,1,17047,140502,4,Male,30,3,2,Healthcare Representative,3,Married,4035,16143,0,Y,Yes,16,4,2,80,0,4,2,3,3,2,1,2,Adzuna
55,Current employee,Travel_Frequently,1091,Research & Development,2,1,Life Sciences,1,17053,140508,4,Male,30,3,3,Manufacturing Director,2,Married,10976,15813,3,Y,No,18,3,2,80,1,23,4,3,3,2,1,2,LinkedIn
55,Current employee,Travel_Rarely,1229,Research & Development,4,4,,1,17054,140509,4,Male,30,3,2,Healthcare Representative,3,Married,4035,16143,0,Y,Yes,16,3,2,80,0,4,2,3,3,2,1,2,Adzuna
55,Current employee,Travel_Rarely,1229,Research & Development,4,4,Life Sciences,1,17055,140510,4,Male,30,3,2,Healthcare Representative,3,Married,4035,16143,0,Y,Yes,16,3,2,80,0,4,2,3,3,2,1,2,Adzuna
55,Current employee,Travel_Rarely,1229,Research & Development,4,4,Life Sciences,1,17057,140512,4,Male,30,3,2,Healthcare Representative,3,Married,4035,16143,0,Y,Yes,16,4,2,80,0,4,2,3,3,2,1,2,Adzuna
55,Current employee,Travel_Frequently,1091,Research & Development,2,1,Life Sciences,1,17062,140517,4,Male,30,3,3,Manufacturing Director,2,Married,10976,15813,3,Y,No,18,3,2,80,1,23,4,3,3,2,1,2,LinkedIn
55,Current employee,Travel_Rarely,1229,Research & Development,4,4,Life Sciences,1,17063,140518,4,Male,30,3,2,Healthcare Representative,3,Married,4035,16143,0,Y,Yes,16,3,2,80,0,4,2,3,3,2,1,2,Adzuna
55,Current employee,Non-Travel,177,Research & Development,8,1,Medical,1,17267,140722,4,Female,84,3,3,Manufacturing Director,2,Single,8376,9150,4,Y,No,18,3,4,80,0,9,3,3,2,0,2,2,Recruit.net
55,Current employee,Non-Travel,177,Research & Development,8,1,Medical,1,17269,140724,4,Female,84,3,3,Manufacturing Director,2,Single,8376,9150,1,Y,No,18,3,4,80,0,9,3,3,2,0,2,2,Recruit.net
55,Current employee,Non-Travel,177,Research & Development,8,1,Medical,1,17272,140727,4,Female,84,3,3,Manufacturing Director,2,Single,8376,9150,4,Y,No,18,3,4,80,0,9,3,3,2,0,2,2,Recruit.net
55,Current employee,Non-Travel,177,Research & Development,8,1,Medical,1,17274,140729,4,Female,84,3,3,Manufacturing Director,2,Single,8376,9150,4,Y,No,18,3,4,80,0,9,3,3,2,0,2,2,Recruit.net
55,Current employee,Non-Travel,177,Research & Development,8,1,Medical,1,17276,140731,4,Female,84,3,3,Manufacturing Director,2,Single,8376,9150,1,Y,No,18,3,4,80,0,9,3,3,2,0,2,2,Recruit.net
55,Current employee,Non-Travel,177,Research & Development,8,1,Medical,1,17286,140741,4,Female,84,3,3,Manufacturing Director,2,Single,8376,9150,4,Y,No,18,3,4,80,0,9,3,3,2,0,2,2,Recruit.net
55,Current employee,Non-Travel,177,Research & Development,8,1,Medical,1,17287,140742,4,Female,84,3,3,Manufacturing Director,1,Married,10008,12023,1,Y,Yes,14,3,4,80,0,31,3,3,2,0,2,2,Recruit.net
55,Current employee,Travel_Rarely,282,Research & Development,2,2,Medical,1,17510,140965,4,Male,85,3,2,Sales Executive,1,Married,5473,19345,0,Y,No,12,3,4,80,0,9,5,4,8,4,7,1,Recruit.net
55,Current employee,Travel_Rarely,282,Research & Development,2,2,Life Sciences,1,17511,140966,4,Male,85,3,2,Sales Executive,1,Married,5473,19345,4,Y,No,12,3,4,80,0,9,5,4,8,4,7,1,Recruit.net
55,Current employee,Travel_Rarely,,Research & Development,2,2,Medical,1,17515,140970,4,Male,85,3,,Sales Executive,1,Married,5473,19345,0,Y,No,12,3,4,80,0,9,5,4,8,4,7,1,Recruit.net
55,Current employee,Travel_Rarely,282,Research & Development,2,2,Life Sciences,1,17516,140971,4,Male,85,3,2,Sales Executive,1,Married,5473,19345,4,Y,No,12,3,4,80,0,9,5,4,8,4,7,1,Recruit.net
55,Current employee,Travel_Rarely,282,Research & Development,2,2,Medical,1,17518,140973,4,Male,85,3,2,Sales Executive,1,Married,5473,19345,0,Y,No,12,3,4,80,0,9,5,4,8,4,7,1,Recruit.net
55,Current employee,Travel_Rarely,282,Research & Development,2,2,Life Sciences,1,17519,140974,4,Male,85,3,2,Sales Executive,1,Married,5473,19345,4,Y,No,12,3,4,80,0,9,5,4,8,4,7,1,Recruit.net
55,Current employee,Travel_Rarely,282,Research & Development,2,2,Medical,1,17523,140978,4,Male,85,3,2,Sales Executive,1,Married,5473,19345,0,Y,No,12,3,4,80,0,9,5,4,8,4,7,1,Recruit.net
55,Current employee,Travel_Rarely,282,Research & Development,2,2,Life Sciences,1,17524,140979,4,Male,85,3,2,Sales Executive,1,Married,5473,19345,4,Y,No,12,3,4,80,0,9,5,4,8,4,7,1,Recruit.net
55,Current employee,Travel_Rarely,1136,Research & Development,1,4,Medical,1,17749,141204,4,Male,85,3,3,Sales Executive,2,Married,9250,17799,3,Y,No,12,3,2,80,1,9,3,3,4,2,1,3,GlassDoor
55,Current employee,Travel_Rarely,1136,Research & Development,1,4,Life Sciences,1,17750,141205,4,Male,85,3,3,Sales Executive,2,Married,9250,17799,4,Y,No,12,3,,80,1,9,3,3,4,2,1,3,GlassDoor
55,Current employee,Travel_Rarely,1136,Research & Development,1,4,Medical,1,17754,141209,4,Male,85,3,3,Sales Executive,2,Married,9250,17799,3,Y,No,12,3,2,80,,9,3,3,4,2,1,3,GlassDoor
55,Current employee,Travel_Rarely,1136,Research & Development,1,4,Life Sciences,1,17755,141210,4,Male,85,3,3,Sales Executive,2,Married,9250,17799,4,Y,No,12,3,2,80,1,9,3,3,4,2,1,3,GlassDoor
55,Current employee,Travel_Rarely,1136,Research & Development,1,4,Life Sciences,1,17757,141212,4,Male,85,3,3,Sales Executive,2,Married,9250,17799,4,Y,No,12,3,2,80,1,9,3,3,4,2,1,3,GlassDoor
55,Current employee,Travel_Rarely,1136,Research & Development,1,4,Medical,1,17761,141216,4,Male,85,3,3,Sales Executive,2,Married,9250,17799,3,Y,No,12,3,2,80,1,9,3,3,4,2,1,3,GlassDoor
55,Current employee,Travel_Rarely,1136,Research & Development,1,4,Life Sciences,1,17762,141217,4,Male,85,3,3,Sales Executive,2,Married,9250,17799,4,Y,No,12,3,2,80,1,9,3,3,4,2,1,3,GlassDoor
55,Current employee,Travel_Rarely,685,Sales,26,5,Marketing,1,17850,141305,3,Male,60,2,5,Manager,4,Married,19586,23037,1,Y,No,21,3,3,80,1,36,3,3,36,6,2,13,GlassDoor
55,Current employee,Travel_Rarely,685,Sales,26,5,Technical Degree,1,17853,141308,3,Male,60,2,5,Manager,4,Married,19586,23037,1,Y,No,21,3,3,80,1,36,3,3,36,6,2,13,GlassDoor
55,Current employee,Travel_Frequently,1091,Research & Development,2,1,Technical Degree,1,17858,141313,3,Male,60,2,2,Manufacturing Director,2,Single,6032,10110,6,Y,Yes,15,3,4,80,0,8,3,3,5,4,1,2,Recruit.net
55,Current employee,Travel_Rarely,685,Sales,26,5,Technical Degree,1,17859,141314,3,Male,60,2,5,Manager,4,Married,19586,23037,1,,No,,4,3,80,1,36,3,3,36,6,2,13,GlassDoor
55,Current employee,Travel_Rarely,685,Sales,26,5,Marketing,1,17860,141315,3,Male,60,2,5,Manager,4,Married,19586,23037,1,Y,No,21,3,3,80,1,36,3,3,36,6,2,13,GlassDoor
55,Current employee,Travel_Rarely,685,Sales,26,5,Technical Degree,1,17862,141317,3,Male,60,2,5,Manager,4,Married,19586,23037,1,Y,No,21,3,3,80,1,36,3,3,36,6,2,13,GlassDoor
55,Current employee,Travel_Frequently,1091,Research & Development,2,1,Technical Degree,1,17867,141322,3,Male,60,2,2,Manufacturing Director,2,Single,6032,10110,6,Y,Yes,15,3,4,80,0,8,3,3,5,4,1,2,Recruit.net
55,Current employee,Travel_Rarely,685,Sales,26,5,Technical Degree,1,17868,141323,3,Male,60,2,5,Manager,4,Married,19586,23037,1,Y,No,21,4,3,80,1,36,3,3,36,6,2,13,GlassDoor
55,Current employee,Travel_Rarely,478,Research & Development,2,3,Medical,1,19077,142532,4,Female,89,2,1,Laboratory Technician,2,Single,2440,23826,1,Y,No,22,3,2,80,0,4,3,3,4,3,3,3,Company Website
55,Current employee,Travel_Rarely,478,Research & Development,2,3,Life Sciences,1,19079,142534,4,Female,89,2,1,Laboratory Technician,2,Single,2440,23826,1,Y,No,22,3,2,80,0,4,3,3,4,3,3,3,Company Website
55,Current employee,Travel_Rarely,478,Research & Development,2,3,Medical,1,19085,142540,4,Female,89,2,1,Laboratory Technician,2,Single,2440,23826,1,Y,No,22,4,2,80,0,4,3,3,4,3,3,3,Company Website
55,Current employee,Travel_Rarely,478,Research & Development,2,3,Life Sciences,1,19086,142541,4,Female,89,2,1,Laboratory Technician,2,Single,2440,23826,1,Y,No,22,4,2,,0,4,3,3,4,3,3,3,Company Website
55,Current employee,Travel_Rarely,478,Research & Development,2,3,Medical,1,19088,142543,4,Female,89,2,1,Laboratory Technician,2,Single,2440,23826,1,Y,No,22,3,2,80,0,4,3,3,4,3,3,3,Company Website
55,Current employee,Travel_Rarely,478,Research & Development,2,3,Life Sciences,1,19090,142545,4,Female,89,2,1,Laboratory Technician,2,Single,2440,23826,1,Y,No,22,3,2,80,0,4,3,3,4,3,3,3,Company Website
55,Current employee,Travel_Rarely,478,Research & Development,2,3,Medical,1,19096,142551,4,Female,89,2,1,Laboratory Technician,2,Single,2440,23826,1,Y,No,22,4,2,80,0,4,3,3,4,3,3,3,Company Website
55,Current employee,Travel_Rarely,478,Research & Development,2,3,Life Sciences,1,19097,142552,4,Female,89,2,1,Laboratory Technician,2,Single,2440,23826,1,Y,No,22,4,2,80,0,4,3,3,4,3,3,3,Company Website
55,Current employee,Travel_Rarely,1441,Research & Development,22,3,Technical Degree,1,19300,142755,1,Male,94,2,1,Research Scientist,2,Divorced,3537,23737,5,Y,No,12,3,4,80,1,8,1,3,4,2,1,2,Adzuna
55,Current employee,Travel_Rarely,1441,Research & Development,22,3,Other,1,19303,142758,1,Male,94,2,1,Research Scientist,2,Divorced,3537,23737,4,Y,No,12,3,4,80,1,8,1,3,4,2,1,2,Adzuna
55,Current employee,Travel_Rarely,1441,Research & Development,22,3,Other,1,19306,142761,1,Male,94,2,1,Research Scientist,2,Divorced,3537,23737,4,Y,No,12,3,4,80,1,8,1,3,4,2,1,2,Adzuna
55,Current employee,Travel_Rarely,1441,Research & Development,22,3,Technical Degree,1,19307,142762,1,Male,94,2,1,Research Scientist,2,Divorced,3537,23737,5,Y,No,12,3,4,80,1,8,1,3,4,2,1,2,Adzuna
55,Current employee,Travel_Rarely,1441,Research & Development,22,3,Other,1,19310,142765,1,Male,94,2,1,Research Scientist,2,Divorced,3537,23737,4,Y,No,12,3,4,80,1,8,1,3,4,2,1,2,Adzuna
55,Current employee,Travel_Rarely,1441,Research & Development,22,3,Other,1,19313,142768,1,Male,94,2,1,Research Scientist,2,Divorced,3537,23737,4,Y,No,12,3,4,80,1,8,1,3,4,2,1,2,Adzuna
55,Current employee,Travel_Rarely,478,Research & Development,2,3,Medical,1,20205,143660,3,Male,60,2,5,Research Director,1,Married,19038,19805,8,Y,No,12,3,2,80,3,34,2,3,1,0,0,0,Indeed
55,Current employee,Travel_Rarely,478,Research & Development,2,3,Life Sciences,1,20207,143662,3,Male,60,2,5,Research Director,1,Married,19038,19805,1,Y,No,12,3,2,80,3,34,2,3,1,0,0,0,Indeed
55,Current employee,Travel_Rarely,478,Research & Development,2,3,Life Sciences,1,20211,143666,3,Male,60,2,5,Research Director,3,Married,15787,21624,2,Y,Yes,14,3,2,80,0,23,2,3,1,0,0,0,Indeed
55,Current employee,Travel_Rarely,478,Research & Development,2,3,Medical,1,20212,143667,3,Male,60,2,5,Research Director,1,Married,19038,19805,8,Y,No,12,3,2,80,3,34,2,3,1,0,0,0,Indeed
55,Current employee,Travel_Rarely,478,Research & Development,2,3,Life Sciences,1,20214,143669,3,Male,60,2,5,Research Director,1,Married,19038,19805,1,Y,No,12,3,2,80,3,34,2,3,1,0,0,0,Indeed
55,Current employee,Travel_Rarely,478,Research & Development,2,3,Life Sciences,1,20218,143673,3,Male,60,2,5,Research Director,3,Married,15787,21624,2,Y,Yes,14,3,2,80,0,23,2,3,1,0,0,0,Indeed
55,Current employee,Travel_Rarely,836,Research & Development,2,4,Technical Degree,1,21354,144809,2,Male,30,2,1,Research Scientist,4,Married,2662,7975,8,Y,No,20,3,2,80,1,19,2,4,5,2,0,4,Seek
55,Current employee,Travel_Rarely,836,Research & Development,2,4,Life Sciences,1,21356,144811,2,Male,30,2,1,Research Scientist,4,Married,2662,7975,2,Y,No,20,4,2,80,1,19,2,4,5,2,0,4,Seek
55,Current employee,Travel_Rarely,836,Research & Development,2,4,Life Sciences,1,21360,144815,2,Male,30,2,1,Research Scientist,3,Married,2897,22474,2,Y,No,11,3,3,80,2,9,2,4,5,2,0,4,Seek
55,Current employee,Travel_Rarely,836,Research & Development,2,4,Technical Degree,1,21361,144816,2,Male,30,2,1,Research Scientist,4,Married,2662,7975,8,Y,No,20,3,2,80,1,19,2,4,5,2,0,4,Seek
55,Current employee,Travel_Rarely,836,Research & Development,2,4,Life Sciences,1,21363,144818,2,Male,30,2,1,Research Scientist,4,Married,2662,7975,2,Y,No,20,4,2,80,1,19,2,4,5,2,0,4,Seek
55,Current employee,Travel_Rarely,836,Research & Development,2,4,Life Sciences,1,21367,144822,2,Male,30,2,1,Research Scientist,3,Married,2897,22474,2,Y,No,11,3,3,80,2,9,2,4,5,2,0,4,Seek
55,Current employee,Travel_Rarely,147,Research & Development,20,2,Technical Degree,1,21737,145192,4,Female,96,4,1,Laboratory Technician,3,Divorced,3978,16031,8,Y,No,12,3,2,80,1,4,0,2,2,2,2,2,Seek
55,Current employee,Travel_Rarely,147,Research & Development,20,2,Other,1,21739,145194,4,Female,96,4,1,Laboratory Technician,3,Divorced,3978,16031,1,Y,No,12,3,2,80,1,4,0,2,2,2,2,2,Seek
55,Current employee,Travel_Rarely,1441,Research & Development,22,3,Other,1,21744,145199,4,Female,96,4,1,Research Scientist,2,Divorced,3537,23737,5,Y,No,12,3,4,80,1,8,1,3,4,2,1,2,Adzuna
55,Current employee,Travel_Rarely,147,Research & Development,20,2,Technical Degree,1,21745,145200,4,Female,96,4,1,Laboratory Technician,3,Divorced,3978,16031,8,Y,No,12,3,2,80,1,4,0,2,2,2,2,2,Seek
55,Current employee,Travel_Rarely,147,Research & Development,20,2,Other,1,21746,145201,4,Female,96,4,1,Laboratory Technician,3,Divorced,3978,16031,1,Y,No,12,3,2,80,1,4,0,2,2,2,2,2,Seek
55,Current employee,Travel_Rarely,147,Research & Development,20,2,Technical Degree,1,21748,145203,4,Female,96,4,1,Laboratory Technician,3,Divorced,3978,16031,8,Y,No,12,3,2,80,1,4,0,2,2,2,2,2,Seek
55,Current employee,Travel_Rarely,147,Research & Development,20,2,Other,1,21750,145205,4,Female,96,4,1,Laboratory Technician,3,Divorced,3978,16031,1,Y,No,12,3,2,80,1,4,0,2,2,2,2,2,Seek
55,Current employee,Travel_Rarely,1441,Research & Development,22,3,Other,1,21755,145210,4,Female,96,4,1,Research Scientist,2,Divorced,3537,23737,5,Y,No,12,3,4,80,1,8,1,3,4,2,1,2,Adzuna
55,Current employee,Travel_Rarely,147,Research & Development,20,2,Technical Degree,1,21756,145211,4,Female,96,4,1,Laboratory Technician,3,Divorced,3978,16031,8,Y,No,12,3,2,80,1,4,0,2,2,2,2,2,Seek
55,Current employee,Travel_Rarely,147,Research & Development,20,2,Other,1,21757,145212,4,Female,96,4,1,Laboratory Technician,3,Divorced,3978,16031,1,Y,No,12,3,2,80,1,4,0,2,2,2,2,2,Seek
55,Current employee,Travel_Rarely,189,Human Resources,26,4,Human Resources,1,22404,145859,3,Male,33,4,5,Manager,2,Married,19636,25811,4,Y,Yes,18,3,1,80,1,35,0,3,10,9,1,4,Indeed
55,Current employee,Travel_Rarely,189,Human Resources,26,4,Technical Degree,1,22407,145862,3,Male,33,4,5,Manager,2,Married,19636,25811,1,Y,Yes,18,3,1,80,1,35,0,3,10,9,1,4,Indeed
55,Current employee,Travel_Rarely,1229,Research & Development,4,4,Technical Degree,1,22411,145866,3,Male,33,4,3,Sales Executive,2,Divorced,8834,24666,1,Y,No,13,3,4,80,1,9,6,3,9,5,7,7,Recruit.net
55,Current employee,Travel_Rarely,189,Human Resources,26,4,Technical Degree,1,22412,145867,3,Male,33,4,5,Manager,2,Married,19636,25811,1,Y,Yes,18,3,1,80,1,35,0,3,10,9,1,4,Indeed
55,Current employee,Travel_Rarely,189,Human Resources,26,4,Human Resources,1,22413,145868,3,Male,33,4,5,Manager,2,Married,19636,25811,4,Y,Yes,18,3,1,80,1,35,0,3,10,9,1,4,Indeed
55,Current employee,Travel_Rarely,189,Human Resources,26,4,Technical Degree,1,22416,145871,3,Male,33,4,5,Manager,2,Married,19636,25811,1,Y,Yes,18,3,1,80,1,35,0,3,10,9,1,4,Indeed
55,Current employee,Travel_Rarely,1229,Research & Development,4,4,Technical Degree,1,22420,145875,3,Male,33,4,3,Sales Executive,2,Divorced,8834,24666,1,Y,No,13,3,4,80,1,9,6,3,9,5,7,7,Recruit.net
55,Current employee,Travel_Rarely,189,Human Resources,26,4,Technical Degree,1,22421,145876,3,Male,33,4,5,Manager,2,Married,19636,25811,1,Y,Yes,18,3,1,80,1,35,0,3,10,9,1,4,Indeed
55,Current employee,Travel_Rarely,1441,Research & Development,22,3,Technical Degree,1,23139,146594,4,Male,99,1,2,Sales Executive,4,Divorced,5406,10436,1,Y,No,24,3,1,80,1,15,4,2,15,12,11,11,Recruit.net
55,Current employee,Travel_Rarely,1441,Research & Development,22,3,Other,1,23141,146596,4,Male,99,1,2,Sales Executive,4,Divorced,5406,10436,7,Y,No,24,3,1,80,1,15,4,2,15,12,11,11,Recruit.net
55,Current employee,Travel_Rarely,1441,Research & Development,22,3,Technical Degree,1,23144,146599,4,Male,99,1,2,Sales Executive,4,Divorced,5406,10436,1,Y,No,24,4,1,80,1,15,4,2,15,12,11,11,Recruit.net
55,Current employee,Travel_Rarely,1441,Research & Development,22,3,Other,1,23145,146600,4,Male,99,1,2,Sales Executive,4,Divorced,5406,10436,7,Y,No,24,4,1,80,1,15,4,2,15,12,11,11,Recruit.net
55,Current employee,Travel_Rarely,1441,Research & Development,22,3,Technical Degree,1,23147,146602,4,Male,99,1,2,Sales Executive,4,Divorced,5406,10436,1,Y,No,24,3,1,80,1,15,4,2,15,12,11,11,Recruit.net
55,Current employee,Travel_Rarely,1441,Research & Development,22,3,Other,1,23149,146604,4,Male,99,1,2,Sales Executive,4,Divorced,5406,10436,7,Y,No,24,3,1,80,1,15,4,2,15,12,11,11,Recruit.net
55,Current employee,Travel_Rarely,1441,Research & Development,22,3,Technical Degree,1,23152,146607,4,Male,99,1,2,Sales Executive,4,Divorced,5406,10436,1,Y,No,24,4,1,80,1,15,4,2,15,12,11,11,Recruit.net
55,Current employee,Travel_Rarely,1441,Research & Development,22,3,Other,1,TEST,146608,4,Male,99,1,2,Sales Executive,4,Divorced,5406,10436,7,Y,No,24,4,1,80,1,15,4,2,15,12,11,11,Recruit.net
55,Current employee,Travel_Rarely,836,Research & Development,2,4,Life Sciences,1,23350,146805,4,Female,100,2,1,Research Scientist,1,Single,3785,8489,2,Y,No,14,3,2,80,0,5,3,1,5,4,0,4,Jora
55,Current employee,Travel_Rarely,836,Research & Development,2,4,Technical Degree,1,23354,146809,4,Female,100,2,1,Research Scientist,1,Single,3785,8489,1,Y,No,14,3,2,80,0,5,3,1,5,4,0,4,Jora
55,Current employee,Travel_Rarely,836,Research & Development,2,4,Life Sciences,1,23355,146810,4,Female,100,2,1,Research Scientist,2,Divorced,3291,17940,3,Y,No,14,3,4,80,2,8,3,1,5,4,0,4,Jora
55,Current employee,Travel_Rarely,836,Research & Development,2,4,Technical Degree,1,23244,146812,4,Female,100,2,1,Research Scientist,1,Single,3785,8489,1,Y,No,14,4,2,80,0,5,3,1,5,4,0,4,Jora
55,Current employee,Travel_Rarely,836,Research & Development,2,4,Life Sciences,1,23358,146813,4,Female,100,2,1,Research Scientist,1,Single,3785,8489,2,Y,No,14,3,2,80,0,5,3,1,5,4,0,4,Jora
55,Current employee,Travel_Rarely,836,Research & Development,2,4,Technical Degree,1,23362,146817,4,Female,100,2,1,Research Scientist,1,Single,3785,8489,1,Y,No,14,3,2,80,0,5,3,1,5,4,0,4,Jora
55,Current employee,Travel_Rarely,836,Research & Development,2,4,Life Sciences,1,23363,146818,4,Female,100,2,1,Research Scientist,2,Divorced,3291,17940,3,Y,No,14,3,4,80,2,8,3,1,5,4,0,4,Jora
55,Current employee,Non-Travel,177,Research & Development,8,1,Medical,1,23516,146971,4,Female,84,3,3,Manufacturing Director,1,Married,10008,12023,1,Y,Yes,14,3,4,80,0,31,3,3,2,0,2,2,Recruit.net
55,,Travel_Rarely,836,Research & Development,2,4,Technical Degree,1,23349,146804,4,,100,2,1,Research Scientist,1,Single,3785,8489,1,Y,No,14,4,2,80,0,5,3,1,5,4,0,4,Jora
43,Voluntary Resignation,Travel_Rarely,1372,Sales,9,3,Marketing,1,11682,135137,3,Female,69,3,3,Healthcare Representative,3,Divorced,10388,6975,1,Y,Yes,11,3,3,80,1,16,3,2,16,10,10,1,LinkedIn
43,Voluntary Resignation,Travel_Rarely,1372,Sales,9,3,Medical,1,11683,135138,3,Female,69,3,3,Healthcare Representative,3,Divorced,10388,6975,0,Y,Yes,11,3,3,80,1,16,3,2,16,10,10,1,LinkedIn
43,Voluntary Resignation,Travel_Rarely,1372,Sales,9,3,Marketing,1,11687,135142,3,Female,69,3,3,Healthcare Representative,3,Divorced,10388,6975,1,Y,Yes,11,3,3,80,1,16,3,2,16,10,10,1,LinkedIn
43,Voluntary Resignation,Travel_Rarely,1372,Sales,9,3,Medical,1,11688,135143,3,Female,69,3,3,Healthcare Representative,3,Divorced,10388,6975,0,Y,Yes,11,3,3,80,1,16,3,2,16,10,10,1,LinkedIn
43,Voluntary Resignation,Travel_Rarely,1372,Sales,9,3,Marketing,1,11689,135144,3,Female,69,3,3,Healthcare Representative,3,Divorced,10388,6975,1,Y,Yes,11,3,3,80,1,16,3,2,16,10,10,1,LinkedIn
43,Voluntary Resignation,Travel_Rarely,1372,Sales,9,3,Medical,1,11690,135145,3,Female,69,3,3,Healthcare Representative,3,Divorced,10388,6975,0,Y,Yes,11,3,3,80,1,16,3,2,16,10,10,1,LinkedIn
43,Voluntary Resignation,Travel_Rarely,1372,Sales,9,3,Marketing,1,11694,135149,3,Female,69,3,3,Healthcare Representative,3,Divorced,10388,6975,1,Y,Yes,11,3,3,80,1,16,3,2,16,10,10,1,LinkedIn
43,Voluntary Resignation,Travel_Rarely,1372,Sales,9,3,Medical,1,11695,135150,3,Female,69,3,3,Healthcare Representative,3,Divorced,10388,6975,0,Y,Yes,11,3,3,80,1,16,3,2,16,10,10,1,LinkedIn
43,Voluntary Resignation,Travel_Rarely,1372,Sales,9,3,Marketing,1,13612,137067,1,Female,85,1,2,Sales Executive,3,Single,5346,9489,8,Y,No,13,3,2,80,0,7,2,2,4,3,1,3,Company Website
43,Voluntary Resignation,Travel_Rarely,1372,Sales,9,3,Medical,1,13614,137069,1,Female,85,1,2,Sales Executive,3,Single,5346,9489,6,Y,No,13,4,2,80,0,7,2,2,4,3,1,3,Company Website
43,Voluntary Resignation,Travel_Rarely,1372,Sales,9,3,Marketing,1,13615,137070,1,Female,85,1,2,Sales Executive,3,Single,5346,9489,8,Y,No,13,3,2,80,0,7,2,2,4,3,1,3,Company Website
43,Voluntary Resignation,Travel_Rarely,1372,Sales,9,3,Medical,1,13616,137071,1,Female,85,1,2,Sales Executive,3,Single,5346,9489,6,Y,No,13,3,2,80,0,7,2,2,4,3,1,3,Company Website
43,Voluntary Resignation,Travel_Rarely,1372,Sales,9,3,Marketing,1,13619,137074,1,Female,85,1,2,Sales Executive,3,Single,5346,9489,8,Y,No,13,3,2,80,0,7,2,2,4,3,1,3,Company Website
43,Voluntary Resignation,Travel_Rarely,1372,Sales,9,3,Medical,1,13622,137077,1,Female,85,1,2,Sales Executive,3,Single,5346,9489,6,Y,No,13,4,2,80,0,7,2,2,4,3,1,3,Company Website
43,Voluntary Resignation,Travel_Rarely,1372,Sales,9,3,Marketing,1,13623,137078,1,Female,85,1,2,Sales Executive,3,Single,5346,9489,8,Y,No,13,3,2,80,0,7,2,2,4,3,1,3,Company Website
43,Voluntary Resignation,Travel_Rarely,1372,Sales,9,3,Medical,1,13624,137079,1,Female,85,1,2,Sales Executive,3,Single,5346,9489,6,Y,No,13,3,2,80,0,7,2,2,4,3,1,3,Company Website
43,Voluntary Resignation,Travel_Frequently,807,Research & Development,17,3,Technical Degree,1,20173,143628,3,Male,38,2,1,Research Scientist,3,Married,2437,15587,9,Y,Yes,16,3,4,80,1,6,4,3,1,0,0,0,GlassDoor
43,Voluntary Resignation,Travel_Frequently,807,Research & Development,17,3,Medical,1,20176,143631,3,Male,38,2,1,Research Scientist,3,Married,2437,15587,3,Y,Yes,16,3,4,80,1,6,4,3,1,0,0,0,GlassDoor
43,Voluntary Resignation,Travel_Frequently,807,Research & Development,17,3,Technical Degree,1,20179,143634,3,Male,38,2,1,Research Scientist,3,Married,2437,15587,9,Y,Yes,16,3,4,80,1,6,4,3,1,0,0,0,GlassDoor
43,Voluntary Resignation,Travel_Frequently,807,Research & Development,17,3,Medical,1,20180,143635,3,Male,38,2,1,Research Scientist,3,Married,2437,15587,3,Y,Yes,16,3,4,80,1,6,4,3,1,0,0,0,GlassDoor
43,Voluntary Resignation,Travel_Frequently,807,Research & Development,17,3,Technical Degree,1,20181,143636,3,Male,38,2,1,Research Scientist,3,Married,2437,15587,9,Y,Yes,16,3,4,80,1,6,4,3,1,0,0,0,GlassDoor
43,Voluntary Resignation,Travel_Frequently,807,Research & Development,17,3,Medical,1,20184,143639,3,Male,38,2,1,Research Scientist,3,Married,2437,15587,3,Y,Yes,16,3,4,80,1,6,4,3,1,0,0,0,GlassDoor
43,Voluntary Resignation,Travel_Frequently,807,Research & Development,17,3,Technical Degree,1,20187,143642,3,Male,38,2,1,Research Scientist,3,Married,2437,15587,9,Y,Yes,16,3,4,80,1,6,4,3,1,0,0,0,GlassDoor
43,Voluntary Resignation,Travel_Frequently,807,Research & Development,17,3,Medical,1,20188,143643,3,Male,38,2,1,Research Scientist,3,Married,2437,15587,3,Y,Yes,16,3,4,80,1,6,4,3,1,0,0,0,GlassDoor
43,Voluntary Resignation,Travel_Frequently,807,Research & Development,17,3,Technical Degree,1,23253,146708,4,Female,100,3,2,Sales Executive,3,Single,4850,23333,8,Y,No,15,3,3,80,0,8,3,3,5,3,0,1,Company Website
43,Voluntary Resignation,Travel_Frequently,807,Research & Development,17,3,Medical,1,23254,146709,4,Female,100,3,2,Sales Executive,3,Single,4850,23333,7,Y,No,15,3,3,80,0,8,3,3,5,3,0,1,Company Website
43,Voluntary Resignation,Travel_Frequently,807,Research & Development,17,3,Technical Degree,1,23256,146711,4,Female,100,3,2,Sales Executive,3,Single,4850,23333,8,Y,No,15,3,3,80,0,8,3,3,5,3,0,1,Company Website
43,Voluntary Resignation,Travel_Frequently,807,Research & Development,17,3,Medical,1,23257,146712,4,Female,100,3,2,Sales Executive,3,Single,4850,23333,7,Y,No,15,3,3,80,0,8,3,3,5,3,0,1,Company Website
43,Voluntary Resignation,Travel_Frequently,807,Research & Development,17,3,Technical Degree,1,23261,146716,4,Female,100,3,2,Sales Executive,3,Single,4850,23333,8,Y,No,15,3,3,80,0,8,3,3,5,3,0,1,Company Website
43,Voluntary Resignation,Travel_Frequently,807,Research & Development,17,3,Medical,1,23262,146717,4,Female,100,3,2,Sales Executive,3,Single,4850,23333,7,Y,No,15,3,3,80,0,8,3,3,5,3,0,1,Company Website
43,Voluntary Resignation,Travel_Frequently,807,Research & Development,17,3,Technical Degree,1,23264,146719,4,Female,100,3,2,Sales Executive,3,Single,4850,23333,8,Y,No,15,3,3,80,0,8,3,3,5,3,0,1,Company Website
43,Voluntary Resignation,Travel_Frequently,807,Research & Development,17,3,Medical,1,23265,146720,4,Female,100,3,2,Sales Executive,3,Single,4850,23333,7,Y,No,15,3,3,80,0,8,3,3,5,3,0,1,Company Website
43,Current employee,Travel_Frequently,185,Research & Development,10,4,Life Sciences,1,325,123780,3,Male,50,2,1,Laboratory Technician,3,Single,2028,12947,1,Y,No,24,3,1,80,2,2,6,3,2,2,2,2,Indeed
43,Current employee,Travel_Rarely,782,Research & Development,6,4,Other,1,346,123801,2,Female,51,4,3,Manufacturing Director,1,Divorced,9980,10195,4,Y,Yes,14,3,3,80,1,21,3,2,1,0,0,0,Recruit.net
43,Current employee,Travel_Rarely,1273,Research & Development,2,2,Medical,1,693,124148,4,Female,72,4,1,Research Scientist,3,Divorced,2645,21923,1,Y,No,12,4,4,80,2,6,3,2,5,3,1,4,Company Website
43,Current employee,Travel_Rarely,1273,Research & Development,2,2,Life Sciences,1,695,124150,4,Female,72,4,1,Research Scientist,3,Divorced,2645,21923,2,Y,No,12,3,4,80,2,6,3,2,5,3,1,4,Company Website
43,Current employee,Travel_Rarely,1273,Research & Development,2,2,Medical,1,699,124154,4,Female,72,4,1,Research Scientist,3,Divorced,2645,21923,1,Y,No,12,3,4,80,2,6,3,2,5,3,1,4,Company Website
43,Current employee,Travel_Rarely,1273,Research & Development,2,2,Life Sciences,1,700,124155,4,Female,72,4,1,Research Scientist,3,Divorced,2645,21923,2,Y,No,12,3,4,80,2,6,3,2,5,3,1,4,Company Website
43,Current employee,Travel_Rarely,1273,Research & Development,2,2,Medical,1,701,124156,4,Female,72,4,1,Research Scientist,3,Divorced,2645,21923,1,Y,No,12,4,4,80,2,6,3,2,5,3,1,4,Company Website
43,Current employee,Travel_Rarely,1273,Research & Development,2,2,Life Sciences,1,703,124158,4,Female,72,4,1,Research Scientist,3,Divorced,2645,21923,2,Y,No,12,3,4,80,2,6,3,2,5,3,1,4,Company Website
43,Current employee,Travel_Rarely,1273,Research & Development,2,2,Medical,1,707,124162,4,Female,72,4,1,Research Scientist,3,Divorced,2645,21923,1,Y,No,12,3,4,80,2,6,3,2,5,3,1,4,Company Website
43,Current employee,Travel_Rarely,1273,Research & Development,2,2,Life Sciences,1,708,124163,4,Female,72,4,1,Research Scientist,3,Divorced,2645,21923,2,Y,No,12,3,4,80,2,6,3,2,5,3,1,4,Company Website
43,Current employee,Travel_Frequently,394,Sales,26,2,Life Sciences,1,1407,124862,1,Male,41,2,2,Laboratory Technician,4,Married,5126,15998,1,Y,Yes,12,3,3,80,2,10,1,2,10,8,3,0,LinkedIn
43,Current employee,Travel_Frequently,394,Sales,26,2,Technical Degree,1,1409,124864,1,Male,41,2,2,Laboratory Technician,4,Married,5126,15998,1,Y,Yes,12,3,3,80,2,10,1,2,10,8,3,0,LinkedIn
43,Current employee,Travel_Frequently,394,Sales,26,2,Life Sciences,1,1412,124867,1,Male,41,2,2,Laboratory Technician,4,Married,5126,15998,1,Y,Yes,12,3,3,80,2,10,1,2,10,8,3,0,LinkedIn
43,Current employee,Travel_Frequently,394,Sales,26,2,Technical Degree,1,1413,124868,1,Male,41,2,2,Laboratory Technician,4,Married,5126,15998,1,Y,Yes,12,3,3,80,2,10,1,2,10,8,3,0,LinkedIn
43,Current employee,Travel_Frequently,394,Sales,26,2,Life Sciences,1,1414,124869,1,Male,41,2,2,Laboratory Technician,4,Married,5126,15998,1,Y,Yes,12,3,3,80,2,10,1,2,10,8,3,0,LinkedIn
43,Current employee,Travel_Frequently,394,Sales,26,2,Technical Degree,1,1416,124871,1,Male,41,2,2,Laboratory Technician,4,Married,5126,15998,1,Y,Yes,12,3,3,80,2,10,1,2,10,8,3,0,LinkedIn
43,Current employee,Travel_Frequently,394,Sales,26,2,Life Sciences,1,1419,124874,1,Male,41,2,2,Laboratory Technician,4,Married,5126,15998,1,Y,Yes,12,3,3,80,2,10,1,2,10,8,3,0,LinkedIn
43,Current employee,Travel_Frequently,394,Sales,26,2,Technical Degree,1,1420,124875,1,Male,41,2,2,Laboratory Technician,4,Married,5126,15998,1,Y,Yes,12,3,3,80,2,10,1,2,10,8,3,0,LinkedIn
43,Current employee,Travel_Frequently,394,Sales,26,2,Life Sciences,1,2000,125455,3,Male,92,3,4,Manager,4,Married,16959,19494,1,Y,Yes,12,3,4,80,2,25,3,4,25,12,4,12,Company Website
43,Current employee,Travel_Frequently,394,Sales,26,2,Technical Degree,1,2003,125458,3,Male,92,3,4,Manager,4,Married,16959,19494,1,Y,Yes,12,4,4,80,2,25,3,4,25,12,4,12,Company Website
43,Current employee,Travel_Frequently,394,Sales,26,2,Life Sciences,1,2006,125461,3,Male,92,3,4,Manager,4,Married,16959,19494,1,Y,Yes,12,3,4,80,2,25,3,4,25,12,4,12,Company Website
43,Current employee,Travel_Frequently,394,Sales,26,2,Technical Degree,1,2007,125462,3,Male,92,3,4,Manager,4,Married,16959,19494,1,Y,Yes,12,3,4,80,2,25,3,4,25,12,4,12,Company Website
43,Current employee,Travel_Frequently,394,Sales,26,2,Life Sciences,1,2008,125463,3,Male,92,3,4,Manager,4,Married,16959,19494,1,Y,Yes,12,3,4,80,2,25,3,4,25,12,4,12,Company Website
43,Current employee,Travel_Frequently,394,Sales,26,2,Technical Degree,1,2011,125466,3,Male,92,3,4,Manager,4,Married,16959,19494,1,Y,Yes,12,4,4,80,2,25,3,4,25,12,4,12,Company Website
43,Current employee,Travel_Frequently,394,Sales,26,2,Life Sciences,1,2014,125469,3,Male,92,3,4,Manager,4,Married,16959,19494,1,Y,Yes,12,3,4,80,2,25,3,4,25,12,4,12,Company Website
43,Current employee,Travel_Frequently,394,Sales,26,2,Technical Degree,1,2015,125470,3,Male,92,3,4,Manager,4,Married,16959,19494,1,Y,Yes,12,3,4,80,2,25,3,4,25,12,4,12,Company Website
43,Current employee,Travel_Frequently,957,Research & Development,28,3,Medical,1,2176,125631,2,Female,72,4,1,Research Scientist,3,Single,4739,16090,4,Y,No,12,3,4,80,0,18,2,3,3,2,1,2,LinkedIn
43,Current employee,Travel_Frequently,957,Research & Development,28,3,Technical Degree,1,2179,125634,2,Female,72,4,1,Research Scientist,3,Single,4739,16090,4,Y,No,12,3,4,80,0,18,2,3,3,2,1,2,LinkedIn
43,Current employee,Travel_Frequently,957,Research & Development,28,3,Medical,1,2182,125637,2,Female,72,4,1,Research Scientist,3,Single,4739,16090,4,Y,No,12,3,4,80,0,18,2,3,3,2,1,2,LinkedIn
43,Current employee,Travel_Frequently,957,Research & Development,28,3,Technical Degree,1,2183,125638,2,Female,72,4,1,Research Scientist,3,Single,4739,16090,4,Y,No,12,3,4,80,0,18,2,3,3,2,1,2,LinkedIn
43,Current employee,Travel_Frequently,957,Research & Development,28,3,Medical,1,2184,125639,2,Female,72,4,1,Research Scientist,3,Single,4739,16090,4,Y,No,12,3,4,80,0,18,2,3,3,2,1,2,LinkedIn
43,Current employee,Travel_Frequently,957,Research & Development,28,3,Technical Degree,1,2187,125642,2,Female,72,4,1,Research Scientist,3,Single,4739,16090,4,Y,No,12,3,4,80,0,18,2,3,3,2,1,2,LinkedIn
43,Current employee,Travel_Frequently,957,Research & Development,28,3,Medical,1,2190,125645,2,Female,72,4,1,Research Scientist,3,Single,4739,16090,4,Y,No,12,3,4,80,0,18,2,3,3,2,1,2,LinkedIn
43,Current employee,Travel_Frequently,957,Research & Development,28,3,Technical Degree,1,2191,125646,2,Female,72,4,1,Research Scientist,3,Single,4739,16090,4,Y,No,12,3,4,80,0,18,2,3,3,2,1,2,LinkedIn
43,Current employee,Travel_Frequently,185,Research & Development,10,4,Life Sciences,1,2644,126099,1,Male,44,3,1,Research Scientist,4,Married,2323,11992,1,Y,No,24,3,1,80,2,2,6,3,2,2,2,2,Indeed
43,Current employee,Travel_Frequently,185,Research & Development,10,4,Medical,1,2645,126100,1,Male,44,3,1,Research Scientist,4,Married,2323,11992,3,Y,No,24,3,1,80,2,2,6,3,2,2,2,2,Indeed
43,Current employee,Travel_Frequently,185,Research & Development,10,4,Life Sciences,1,2649,126104,1,Male,44,3,1,Research Scientist,4,Married,2323,11992,1,Y,No,24,4,1,80,2,2,6,3,2,2,2,2,Indeed
43,Current employee,Travel_Frequently,185,Research & Development,10,4,Medical,1,2650,126105,1,Male,44,3,1,Research Scientist,4,Married,2323,11992,3,Y,No,24,4,1,80,2,2,6,3,2,2,2,2,Indeed
43,Current employee,Travel_Frequently,185,Research & Development,10,4,Medical,1,2652,126107,1,Male,44,3,1,Research Scientist,4,Married,2323,11992,3,Y,No,24,3,1,80,2,2,6,3,2,2,2,2,Indeed
43,Current employee,Travel_Frequently,185,Research & Development,10,4,Life Sciences,1,2656,126111,1,Male,44,3,1,Research Scientist,4,Married,2323,11992,1,Y,No,24,4,1,80,2,2,6,3,2,2,2,2,Indeed
43,Current employee,Travel_Frequently,185,Research & Development,10,4,Medical,1,2657,126112,1,Male,44,3,1,Research Scientist,4,Married,2323,11992,3,Y,No,24,4,1,80,2,2,6,3,2,2,2,2,Indeed
43,Current employee,Travel_Frequently,559,Research & Development,10,4,Life Sciences,1,2721,126176,1,Female,44,3,5,Manager,2,Single,19926,17053,3,Y,No,15,3,2,80,0,21,5,3,5,4,4,4,Seek
43,Current employee,Travel_Frequently,559,Research & Development,10,4,Medical,1,2722,126177,1,Female,44,3,5,Manager,2,Single,19926,17053,1,Y,No,15,3,2,80,0,21,5,3,5,4,4,4,Seek
43,Current employee,Travel_Frequently,559,Research & Development,10,4,Life Sciences,1,2724,126179,1,Female,44,3,5,Manager,2,Single,19926,17053,3,Y,No,15,3,2,80,0,21,5,3,5,4,4,4,Seek
43,Current employee,Travel_Frequently,559,Research & Development,10,4,Medical,1,2725,126180,1,Female,44,3,5,Manager,2,Single,19926,17053,1,Y,No,15,3,2,80,0,21,5,3,5,4,4,4,Seek
43,Current employee,Travel_Frequently,559,Research & Development,10,4,Life Sciences,1,2729,126184,1,Female,44,3,5,Manager,2,Single,19926,17053,3,Y,No,15,3,2,80,0,21,5,3,5,4,4,4,Seek
43,Current employee,Travel_Frequently,559,Research & Development,10,4,Medical,1,2730,126185,1,Female,44,3,5,Manager,2,Single,19926,17053,1,Y,No,15,3,2,80,0,21,5,3,5,4,4,4,Seek
43,Current employee,Travel_Frequently,559,Research & Development,10,4,Life Sciences,1,2732,126187,1,Female,44,3,5,Manager,2,Single,19926,17053,3,Y,No,15,3,2,80,0,21,5,3,5,4,4,4,Seek
43,Current employee,Travel_Frequently,559,Research & Development,10,4,Medical,1,2733,126188,1,Female,44,3,5,Manager,2,Single,19926,17053,1,Y,No,15,3,2,80,0,21,5,3,5,4,4,4,Seek
43,Current employee,Travel_Rarely,1001,Research & Development,7,3,Life Sciences,1,2753,126208,1,Female,45,3,3,Sales Executive,4,Married,9419,8053,2,Y,No,12,3,3,80,1,12,2,3,10,9,7,4,Recruit.net
43,Current employee,Travel_Rarely,1001,Research & Development,7,3,Marketing,1,2755,126210,1,Female,45,3,3,Sales Executive,4,Married,9419,8053,5,Y,No,12,3,3,80,1,12,2,3,10,9,7,4,Recruit.net
43,Current employee,Travel_Rarely,1001,Research & Development,7,3,Life Sciences,1,2758,126213,1,Female,45,3,3,Sales Executive,4,Married,9419,8053,2,Y,No,12,3,3,80,1,12,2,3,10,9,7,4,Recruit.net
43,Current employee,Travel_Rarely,1001,Research & Development,7,3,Marketing,1,2759,126214,1,Female,45,3,3,Sales Executive,4,Married,9419,8053,5,Y,No,12,3,3,80,1,12,2,3,10,9,7,4,Recruit.net
43,Current employee,Travel_Rarely,1001,Research & Development,7,3,Life Sciences,1,2761,126216,1,Female,45,3,3,Sales Executive,4,Married,9419,8053,2,Y,No,12,3,3,80,1,12,2,3,10,9,7,4,Recruit.net
43,Current employee,Travel_Rarely,1001,Research & Development,7,3,Marketing,1,2763,126218,1,Female,45,3,3,Sales Executive,4,Married,9419,8053,5,Y,No,12,3,3,80,1,12,2,3,10,9,7,4,Recruit.net
43,Current employee,Travel_Rarely,1001,Research & Development,7,3,Life Sciences,1,2766,126221,1,Female,45,3,3,Sales Executive,4,Married,9419,8053,2,Y,No,12,3,3,80,1,12,2,3,10,9,7,4,Recruit.net
43,Current employee,Travel_Rarely,1001,Research & Development,7,3,Marketing,1,2767,126222,1,Female,45,3,3,Sales Executive,4,Married,9419,8053,5,Y,No,12,3,3,80,1,12,2,3,10,9,7,4,Recruit.net
43,Current employee,Travel_Rarely,982,Research & Development,12,3,Life Sciences,1,3038,126493,1,Female,45,3,1,Research Scientist,2,Married,2756,4673,1,Y,No,13,3,4,80,1,8,5,3,8,7,1,6,Adzuna
43,Current employee,Travel_Rarely,982,Research & Development,12,3,Medical,1,3039,126494,1,Female,45,3,1,Research Scientist,2,Married,2756,4673,3,Y,No,13,3,4,80,1,8,5,3,8,7,1,6,Adzuna
43,Current employee,Travel_Rarely,982,Research & Development,12,3,Life Sciences,1,3043,126498,1,Female,45,3,1,Research Scientist,2,Married,2756,4673,1,Y,No,13,3,4,80,1,8,5,3,8,7,1,6,Adzuna
43,Current employee,Travel_Rarely,982,Research & Development,12,3,Medical,1,3044,126499,1,Female,45,3,1,Research Scientist,2,Married,2756,4673,3,Y,No,13,3,4,80,1,8,5,3,8,7,1,6,Adzuna
43,Current employee,Travel_Rarely,982,Research & Development,12,3,Life Sciences,1,3046,126501,1,Female,45,3,1,Research Scientist,2,Married,2756,4673,1,Y,No,13,3,4,80,1,8,5,3,8,7,1,6,Adzuna
43,Current employee,Travel_Rarely,982,Research & Development,12,3,Medical,1,3047,126502,1,Female,45,3,1,Research Scientist,2,Married,2756,4673,3,Y,No,13,3,4,80,1,8,5,3,8,7,1,6,Adzuna
43,Current employee,Travel_Rarely,982,Research & Development,12,3,Life Sciences,1,3051,126506,1,Female,45,3,1,Research Scientist,2,Married,2756,4673,1,Y,No,13,3,4,80,1,8,5,3,8,7,1,6,Adzuna
43,Current employee,Travel_Rarely,982,Research & Development,12,3,Medical,1,3052,126507,1,Female,45,3,1,Research Scientist,2,Married,2756,4673,3,Y,No,13,3,4,80,1,8,5,3,8,7,1,6,Adzuna
43,Current employee,Non-Travel,1344,Research & Development,7,3,Medical,1,3172,126627,4,Male,37,4,1,Research Scientist,4,Divorced,2089,5228,4,Y,No,14,3,4,80,3,7,3,4,5,4,2,2,Indeed
43,Current employee,Non-Travel,1344,Research & Development,7,3,Marketing,1,3175,126630,4,Male,37,4,1,Research Scientist,4,Divorced,2089,5228,3,Y,No,14,3,4,80,3,7,3,4,5,4,2,2,Indeed
43,Current employee,Non-Travel,1344,Research & Development,7,3,Medical,1,3178,126633,4,Male,37,4,1,Research Scientist,4,Divorced,2089,5228,4,Y,No,14,3,4,80,3,7,3,4,5,4,2,2,Indeed
43,Current employee,Non-Travel,1344,Research & Development,7,3,Marketing,1,3179,126634,4,Male,37,4,1,Research Scientist,4,Divorced,2089,5228,3,Y,No,14,3,4,80,3,7,3,4,5,4,2,2,Indeed
43,Current employee,Non-Travel,1344,Research & Development,7,3,Medical,1,3180,126635,4,Male,37,4,1,Research Scientist,4,Divorced,2089,5228,4,Y,No,14,3,4,80,3,7,3,4,5,4,2,2,Indeed
43,Current employee,Non-Travel,1344,Research & Development,7,3,Marketing,1,3183,126638,4,Male,37,4,1,Research Scientist,4,Divorced,2089,5228,3,Y,No,14,3,4,80,3,7,3,4,5,4,2,2,Indeed
43,Current employee,Non-Travel,1344,Research & Development,7,3,Medical,1,3186,126641,4,Male,37,4,1,Research Scientist,4,Divorced,2089,5228,4,Y,No,14,3,4,80,3,7,3,4,5,4,2,2,Indeed
43,Current employee,Non-Travel,1344,Research & Development,7,3,Marketing,1,3187,126642,4,Male,37,4,1,Research Scientist,4,Divorced,2089,5228,3,Y,No,14,3,4,80,3,7,3,4,5,4,2,2,Indeed
43,Current employee,Travel_Rarely,1034,Sales,16,3,Marketing,1,3845,127300,4,Female,80,3,4,Manager,4,Married,16064,7744,5,Y,Yes,22,3,3,80,1,22,3,3,17,13,1,9,Seek
43,Current employee,Travel_Rarely,1034,Sales,16,3,Medical,1,3848,127303,4,Female,80,3,4,Manager,4,Married,16064,7744,1,Y,Yes,22,3,3,80,1,22,3,3,17,13,1,9,Seek
43,Current employee,Travel_Rarely,1034,Sales,16,3,Marketing,1,3851,127306,4,Female,80,3,4,Manager,4,Married,16064,7744,5,Y,Yes,22,4,3,80,1,22,3,3,17,13,1,9,Seek
43,Current employee,Travel_Rarely,1034,Sales,16,3,Medical,1,3852,127307,4,Female,80,3,4,Manager,4,Married,16064,7744,1,Y,Yes,22,4,3,80,1,22,3,3,17,13,1,9,Seek
43,Current employee,Travel_Rarely,1034,Sales,16,3,Marketing,1,3853,127308,4,Female,80,3,4,Manager,4,Married,16064,7744,5,Y,Yes,22,3,3,80,1,22,3,3,17,13,1,9,Seek
43,Current employee,Travel_Rarely,1034,Sales,16,3,Medical,1,3856,127311,4,Female,80,3,4,Manager,4,Married,16064,7744,1,Y,Yes,22,3,3,80,1,22,3,3,17,13,1,9,Seek
43,Current employee,Travel_Rarely,1034,Sales,16,3,Marketing,1,3859,127314,4,Female,80,3,4,Manager,4,Married,16064,7744,5,Y,Yes,22,4,3,80,1,22,3,3,17,13,1,9,Seek
43,Current employee,Travel_Rarely,1034,Sales,16,3,Medical,1,3860,127315,4,Female,80,3,4,Manager,4,Married,16064,7744,1,Y,Yes,22,4,3,80,1,22,3,3,17,13,1,9,Seek
43,Current employee,Travel_Frequently,775,Sales,15,3,Life Sciences,1,4054,127509,1,Female,48,2,1,Research Scientist,1,Married,3920,18697,2,Y,No,14,3,1,80,1,17,2,2,3,1,0,2,Jora
43,Current employee,Travel_Frequently,775,Sales,15,3,Medical,1,4056,127511,1,Female,48,2,1,Research Scientist,1,Married,3920,18697,3,Y,No,14,3,1,80,1,17,2,2,3,1,0,2,Jora
43,Current employee,Travel_Frequently,775,Sales,15,3,Life Sciences,1,4059,127514,1,Female,48,2,1,Research Scientist,1,Married,3920,18697,2,Y,No,14,3,1,80,1,17,2,2,3,1,0,2,Jora
43,Current employee,Travel_Frequently,775,Sales,15,3,Medical,1,4060,127515,1,Female,48,2,1,Research Scientist,1,Married,3920,18697,3,Y,No,14,3,1,80,1,17,2,2,3,1,0,2,Jora
43,Current employee,Travel_Frequently,775,Sales,15,3,Life Sciences,1,4062,127517,1,Female,48,2,1,Research Scientist,1,Married,3920,18697,2,Y,No,14,3,1,80,1,17,2,2,3,1,0,2,Jora
43,Current employee,Travel_Frequently,775,Sales,15,3,Medical,1,4064,127519,1,Female,48,2,1,Research Scientist,1,Married,3920,18697,3,Y,No,14,3,1,80,1,17,2,2,3,1,0,2,Jora
43,Current employee,Travel_Frequently,775,Sales,15,3,Life Sciences,1,4067,127522,1,Female,48,2,1,Research Scientist,1,Married,3920,18697,2,Y,No,14,3,1,80,1,17,2,2,3,1,0,2,Jora
43,Current employee,Travel_Frequently,775,Sales,15,3,Medical,1,4068,127523,1,Female,48,2,1,Research Scientist,1,Married,3920,18697,3,Y,No,14,3,1,80,1,17,2,2,3,1,0,2,Jora
43,Current employee,Travel_Rarely,589,Research & Development,14,2,Life Sciences,1,4507,127962,1,Female,49,4,3,Manager,2,Divorced,11996,19100,7,Y,No,18,3,2,80,1,10,6,2,7,7,6,2,Company Website
43,Current employee,Travel_Rarely,589,Research & Development,14,2,Medical,1,4508,127963,1,Female,49,4,3,Manager,2,Divorced,11996,19100,1,Y,No,18,3,2,80,1,10,6,2,7,7,6,2,Company Website
43,Current employee,Travel_Rarely,589,Research & Development,14,2,Life Sciences,1,4512,127967,1,Female,49,4,3,Manager,2,Divorced,11996,19100,7,Y,No,18,3,2,80,1,10,6,2,7,7,6,2,Company Website
43,Current employee,Travel_Rarely,589,Research & Development,14,2,Medical,1,4513,127968,1,Female,49,4,3,Manager,2,Divorced,11996,19100,1,Y,No,18,3,2,80,1,10,6,2,7,7,6,2,Company Website
43,Current employee,Travel_Rarely,589,Research & Development,14,2,Life Sciences,1,4515,127970,1,Female,49,4,3,Manager,2,Divorced,11996,19100,7,Y,No,18,3,2,80,1,10,6,2,7,7,6,2,Company Website
43,Current employee,Travel_Rarely,589,Research & Development,14,2,Medical,1,4516,127971,1,Female,49,4,3,Manager,2,Divorced,11996,19100,1,Y,No,18,3,2,80,1,10,6,2,7,7,6,2,Company Website
43,Current employee,Travel_Rarely,589,Research & Development,14,2,Life Sciences,1,4520,127975,1,Female,49,4,3,Manager,2,Divorced,11996,19100,7,Y,No,18,3,2,80,1,10,6,2,7,7,6,2,Company Website
43,Current employee,Travel_Rarely,589,Research & Development,14,2,Medical,1,4521,127976,1,Female,49,4,3,Manager,2,Divorced,11996,19100,1,Y,No,18,3,2,80,1,10,6,2,7,7,6,2,Company Website
43,Current employee,Travel_Frequently,422,Research & Development,1,3,Life Sciences,1,4750,128205,2,Male,50,3,2,Research Scientist,2,Single,4485,26285,4,Y,No,12,4,4,80,0,10,2,3,8,0,7,7,Company Website
43,Current employee,Travel_Frequently,422,Research & Development,1,3,Life Sciences,1,4751,128206,2,Male,50,3,2,Research Scientist,2,Single,4485,26285,2,Y,No,12,3,4,80,0,10,2,3,8,0,7,7,Company Website
43,Current employee,Travel_Frequently,422,Research & Development,1,3,Life Sciences,1,4755,128210,2,Male,50,3,2,Research Scientist,2,Single,4485,26285,4,Y,No,12,3,4,80,0,10,2,3,8,0,7,7,Company Website
43,Current employee,Travel_Frequently,422,Research & Development,1,3,Life Sciences,1,4756,128211,2,Male,50,3,2,Research Scientist,2,Single,4485,26285,2,Y,No,12,3,4,80,0,10,2,3,8,0,7,7,Company Website
43,Current employee,Travel_Frequently,422,Research & Development,1,3,Life Sciences,1,4757,128212,2,Male,50,3,2,Research Scientist,2,Single,4485,26285,4,Y,No,12,4,4,80,0,10,2,3,8,0,7,7,Company Website
43,Current employee,Travel_Frequently,422,Research & Development,1,3,Life Sciences,1,4758,128213,2,Male,50,3,2,Research Scientist,2,Single,4485,26285,2,Y,No,12,3,4,80,0,10,2,3,8,0,7,7,Company Website
43,Current employee,Travel_Frequently,422,Research & Development,1,3,Life Sciences,1,4762,128217,2,Male,50,3,2,Research Scientist,2,Single,4485,26285,4,Y,No,12,3,4,80,0,10,2,3,8,0,7,7,Company Website
43,Current employee,Travel_Frequently,422,Research & Development,1,3,Life Sciences,1,4763,128218,2,Male,50,3,2,Research Scientist,2,Single,4485,26285,2,Y,No,12,3,4,80,0,10,2,3,8,0,7,7,Company Website
43,Current employee,Travel_Rarely,177,Research & Development,8,3,Life Sciences,1,4839,128294,2,Male,50,3,3,Sales Executive,2,Married,8020,5100,0,Y,No,15,3,3,80,2,12,3,2,11,9,6,9,GlassDoor
43,Current employee,Travel_Rarely,177,Research & Development,8,3,Medical,1,4840,128295,2,Male,50,3,3,Sales Executive,2,Married,8020,5100,6,Y,No,15,3,3,80,2,12,3,2,11,9,6,9,GlassDoor
43,Current employee,Travel_Rarely,177,Research & Development,8,3,Life Sciences,1,4844,128299,2,Male,50,3,3,Sales Executive,2,Married,8020,5100,0,Y,No,15,3,3,80,2,12,3,2,11,9,6,9,GlassDoor
43,Current employee,Travel_Rarely,177,Research & Development,8,3,Medical,1,4845,128300,2,Male,50,3,3,Sales Executive,2,Married,8020,5100,6,Y,No,15,3,3,80,2,12,3,2,11,9,6,9,GlassDoor
43,Current employee,Travel_Rarely,177,Research & Development,8,3,Life Sciences,1,4846,128301,2,Male,50,3,3,Sales Executive,2,Married,8020,5100,0,Y,No,15,3,3,80,2,12,3,2,11,9,6,9,GlassDoor
43,Current employee,Travel_Rarely,177,Research & Development,8,3,Medical,1,4847,128302,2,Male,50,3,3,Sales Executive,2,Married,8020,5100,6,Y,No,15,3,3,80,2,12,3,2,11,9,6,9,GlassDoor
43,Current employee,Travel_Rarely,177,Research & Development,8,3,Life Sciences,1,4851,128306,2,Male,50,3,3,Sales Executive,2,Married,8020,5100,0,Y,No,15,3,3,80,2,12,3,2,11,9,6,9,GlassDoor
43,Current employee,Travel_Rarely,177,Research & Development,8,3,Medical,1,4852,128307,2,Male,50,3,3,Sales Executive,2,Married,8020,5100,6,Y,No,15,3,3,80,2,12,3,2,11,9,6,9,GlassDoor
43,Current employee,Travel_Frequently,185,Research & Development,10,4,Life Sciences,1,5120,128575,3,Female,33,3,1,Laboratory Technician,4,Single,2455,10675,0,Y,No,19,4,1,80,0,9,5,3,8,7,1,7,Seek
43,Current employee,Travel_Frequently,185,Research & Development,10,4,Medical,1,5122,128577,3,Female,33,3,1,Laboratory Technician,4,Single,2455,10675,1,Y,No,19,3,1,80,0,9,5,3,8,7,1,7,Seek
43,Current employee,Travel_Frequently,185,Research & Development,10,4,Life Sciences,1,5126,128581,3,Female,33,3,1,Laboratory Technician,4,Single,2455,10675,0,Y,No,19,3,1,80,0,9,5,3,8,7,1,7,Seek
43,Current employee,Travel_Frequently,185,Research & Development,10,4,Medical,1,5127,128582,3,Female,33,3,1,Laboratory Technician,4,Single,2455,10675,1,Y,No,19,3,1,80,0,9,5,3,8,7,1,7,Seek
43,Current employee,Travel_Frequently,185,Research & Development,10,4,Life Sciences,1,5128,128583,3,Female,33,3,1,Laboratory Technician,4,Single,2455,10675,0,Y,No,19,4,1,80,0,9,5,3,8,7,1,7,Seek
43,Current employee,Travel_Frequently,185,Research & Development,10,4,Medical,1,5130,128585,3,Female,33,3,1,Laboratory Technician,4,Single,2455,10675,1,Y,No,19,3,1,80,0,9,5,3,8,7,1,7,Seek
43,Current employee,Travel_Frequently,185,Research & Development,10,4,Life Sciences,1,5134,128589,3,Female,33,3,1,Laboratory Technician,4,Single,2455,10675,0,Y,No,19,3,1,80,0,9,5,3,8,7,1,7,Seek
43,Current employee,Travel_Frequently,185,Research & Development,10,4,Medical,1,5135,128590,3,Female,33,3,1,Laboratory Technician,4,Single,2455,10675,1,Y,No,19,3,1,80,0,9,5,3,8,7,1,7,Seek
43,Current employee,Travel_Frequently,559,Research & Development,10,4,Life Sciences,1,5356,128811,3,Female,82,2,2,Laboratory Technician,3,Divorced,5257,6227,1,Y,No,11,3,2,80,1,9,3,4,9,7,0,0,Jora
43,Current employee,Travel_Frequently,559,Research & Development,10,4,Medical,1,5359,128814,3,Female,82,2,2,Laboratory Technician,3,Divorced,5257,6227,1,Y,No,11,3,2,80,1,9,3,4,9,7,0,0,Jora
43,Current employee,Travel_Frequently,559,Research & Development,10,4,Life Sciences,1,5360,128815,3,Female,82,2,2,Laboratory Technician,3,Divorced,5257,6227,1,Y,No,11,3,2,80,1,9,3,4,9,7,0,0,Jora
43,Current employee,Travel_Frequently,559,Research & Development,10,4,Medical,1,5361,128816,3,Female,82,2,2,Laboratory Technician,3,Divorced,5257,6227,1,Y,No,11,3,2,80,1,9,3,4,9,7,0,0,Jora
43,Current employee,Travel_Frequently,559,Research & Development,10,4,Life Sciences,1,5364,128819,3,Female,82,2,2,Laboratory Technician,3,Divorced,5257,6227,1,Y,No,11,3,2,80,1,9,3,4,9,7,0,0,Jora
43,Current employee,Travel_Frequently,559,Research & Development,10,4,Medical,1,5367,128822,3,Female,82,2,2,Laboratory Technician,3,Divorced,5257,6227,1,Y,No,11,3,2,80,1,9,3,4,9,7,0,0,Jora
43,Current employee,Travel_Frequently,559,Research & Development,10,4,Life Sciences,1,5368,128823,3,Female,82,2,2,Laboratory Technician,3,Divorced,5257,6227,1,Y,No,11,3,2,80,1,9,3,4,9,7,0,0,Jora
43,Current employee,Travel_Frequently,559,Research & Development,10,4,Medical,1,5369,128824,3,Female,82,2,2,Laboratory Technician,3,Divorced,5257,6227,1,Y,No,11,3,2,80,1,9,3,4,9,7,0,0,Jora
43,Current employee,Travel_Rarely,1001,Research & Development,7,3,Life Sciences,1,5403,128858,3,Female,43,3,3,Healthcare Representative,1,Married,9985,9262,8,Y,No,16,3,1,80,1,10,1,2,1,0,0,0,Company Website
43,Current employee,Travel_Rarely,1001,Research & Development,7,3,Marketing,1,5406,128861,3,Female,43,3,3,Healthcare Representative,1,Married,9985,9262,0,Y,No,16,3,1,80,1,10,1,2,1,0,0,0,Company Website
43,Current employee,Travel_Rarely,1001,Research & Development,7,3,Life Sciences,1,5409,128864,3,Female,43,3,3,Healthcare Representative,1,Married,9985,9262,8,Y,No,16,3,1,80,1,10,1,2,1,0,0,0,Company Website
43,Current employee,Travel_Rarely,1001,Research & Development,7,3,Marketing,1,5410,128865,3,Female,43,3,3,Healthcare Representative,1,Married,9985,9262,0,Y,No,16,3,1,80,1,10,1,2,1,0,0,0,Company Website
43,Current employee,Travel_Rarely,1001,Research & Development,7,3,Life Sciences,1,5411,128866,3,Female,43,3,3,Healthcare Representative,1,Married,9985,9262,8,Y,No,16,3,1,80,1,10,1,2,1,0,0,0,Company Website
43,Current employee,Travel_Rarely,1001,Research & Development,7,3,Marketing,1,5414,128869,3,Female,43,3,3,Healthcare Representative,1,Married,9985,9262,0,Y,No,16,3,1,80,1,10,1,2,1,0,0,0,Company Website
43,Current employee,Travel_Rarely,1001,Research & Development,7,3,Life Sciences,1,5417,128872,3,Female,43,3,3,Healthcare Representative,1,Married,9985,9262,8,Y,No,16,3,1,80,1,10,1,2,1,0,0,0,Company Website
43,Current employee,Travel_Rarely,1001,Research & Development,7,3,Marketing,1,5418,128873,3,Female,43,3,3,Healthcare Representative,1,Married,9985,9262,0,Y,No,16,3,1,80,1,10,1,2,1,0,0,0,Company Website
43,Current employee,Travel_Frequently,1082,Research & Development,27,3,Life Sciences,1,5766,129221,2,Male,53,2,2,Healthcare Representative,4,Single,6781,17078,3,Y,No,23,3,2,80,0,14,6,3,1,0,0,0,Jora
43,Current employee,Travel_Frequently,1082,Research & Development,27,3,Technical Degree,1,5768,129223,2,Male,53,2,2,Healthcare Representative,4,Single,6781,17078,0,Y,No,23,3,2,80,0,14,6,3,1,0,0,0,Jora
43,Current employee,Travel_Frequently,1082,Research & Development,27,3,Life Sciences,1,5771,129226,2,Male,53,2,2,Healthcare Representative,4,Single,6781,17078,3,Y,No,23,4,2,80,0,14,6,3,1,0,0,0,Jora
43,Current employee,Travel_Frequently,1082,Research & Development,27,3,Technical Degree,1,5772,129227,2,Male,53,2,2,Healthcare Representative,4,Single,6781,17078,0,Y,No,23,4,2,80,0,14,6,3,1,0,0,0,Jora
43,Current employee,Travel_Frequently,1082,Research & Development,27,3,Life Sciences,1,5774,129229,2,Male,53,2,2,Healthcare Representative,4,Single,6781,17078,3,Y,No,23,3,2,80,0,14,6,3,1,0,0,0,Jora
43,Current employee,Travel_Frequently,1082,Research & Development,27,3,Technical Degree,1,5776,129231,2,Male,53,2,2,Healthcare Representative,4,Single,6781,17078,0,Y,No,23,3,2,80,0,14,6,3,1,0,0,0,Jora
43,Current employee,Travel_Frequently,1082,Research & Development,27,3,Life Sciences,1,5779,129234,2,Male,53,2,2,Healthcare Representative,4,Single,6781,17078,3,Y,No,23,4,2,80,0,14,6,3,1,0,0,0,Jora
43,Current employee,Travel_Frequently,1082,Research & Development,27,3,Technical Degree,1,5780,129235,2,Male,53,2,2,Healthcare Representative,4,Single,6781,17078,0,Y,No,23,4,2,80,0,14,6,3,1,0,0,0,Jora
43,Current employee,Travel_Rarely,982,Research & Development,12,3,Life Sciences,1,6311,129766,1,Male,59,2,4,Research Director,2,Divorced,14336,4345,1,Y,No,11,3,3,80,1,25,3,3,25,10,3,9,LinkedIn
43,Current employee,Travel_Rarely,982,Research & Development,12,3,Medical,1,6314,129769,1,Male,59,2,4,Research Director,2,Divorced,14336,4345,2,Y,No,11,4,3,80,1,25,3,3,25,10,3,9,LinkedIn
43,Current employee,Travel_Rarely,982,Research & Development,12,3,Life Sciences,1,6315,129770,1,Male,59,2,4,Research Director,2,Divorced,14336,4345,1,Y,No,11,3,3,80,1,25,3,3,25,10,3,9,LinkedIn
43,Current employee,Travel_Rarely,982,Research & Development,12,3,Medical,1,6316,129771,1,Male,59,2,4,Research Director,2,Divorced,14336,4345,2,Y,No,11,3,3,80,1,25,3,3,25,10,3,9,LinkedIn
43,Current employee,Travel_Rarely,982,Research & Development,12,3,Life Sciences,1,6318,129773,1,Male,59,2,4,Research Director,2,Divorced,14336,4345,1,Y,No,11,3,3,80,1,25,3,3,25,10,3,9,LinkedIn
43,Current employee,Travel_Rarely,982,Research & Development,12,3,Medical,1,6321,129776,1,Male,59,2,4,Research Director,2,Divorced,14336,4345,2,Y,No,11,4,3,80,1,25,3,3,25,10,3,9,LinkedIn
43,Current employee,Travel_Rarely,982,Research & Development,12,3,Life Sciences,1,6322,129777,1,Male,59,2,4,Research Director,2,Divorced,14336,4345,1,Y,No,11,3,3,80,1,25,3,3,25,10,3,9,LinkedIn
43,Current employee,Travel_Rarely,982,Research & Development,12,3,Medical,1,6323,129778,1,Male,59,2,4,Research Director,2,Divorced,14336,4345,2,Y,No,11,3,3,80,1,25,3,3,25,10,3,9,LinkedIn
43,Current employee,Travel_Frequently,313,Research & Development,21,3,Medical,1,6387,129842,4,Male,61,3,1,Laboratory Technician,4,Married,2258,15238,7,Y,No,20,3,1,80,1,8,1,3,3,2,1,2,Recruit.net
43,Current employee,Travel_Rarely,920,Research & Development,3,3,Life Sciences,1,6388,129843,2,Male,54,3,1,Laboratory Technician,4,Married,2258,15238,7,Y,No,20,3,1,80,1,8,1,3,3,2,1,2,Recruit.net
43,Current employee,Travel_Rarely,920,Research & Development,3,3,Life Sciences,1,6389,129844,2,Male,54,3,1,Laboratory Technician,4,Married,2258,15238,1,Y,No,20,3,1,80,1,8,1,3,3,2,1,2,Recruit.net
43,Current employee,Travel_Frequently,313,Research & Development,21,3,Other,1,6390,129845,4,Male,61,3,1,Laboratory Technician,4,Married,2258,15238,1,Y,No,20,3,1,80,1,8,1,3,3,2,1,2,Recruit.net
43,Current employee,Travel_Frequently,313,Research & Development,21,3,Medical,1,6391,129846,4,Male,61,3,1,Laboratory Technician,4,Married,2258,15238,7,Y,No,20,4,1,80,1,8,1,3,3,2,1,2,Recruit.net
43,Current employee,Travel_Rarely,920,Research & Development,3,3,Life Sciences,1,6392,129847,2,Male,54,3,1,Laboratory Technician,4,Married,2258,15238,7,Y,No,20,4,1,80,1,8,1,3,3,2,1,2,Recruit.net
43,Current employee,Travel_Rarely,920,Research & Development,3,3,Life Sciences,1,6393,129848,2,Male,54,3,1,Laboratory Technician,4,Married,2258,15238,1,Y,No,20,4,1,80,1,8,1,3,3,2,1,2,Recruit.net
43,Current employee,Travel_Frequently,313,Research & Development,21,3,Other,1,6394,129849,4,Male,61,3,1,Laboratory Technician,4,Married,2258,15238,1,Y,No,20,4,1,80,1,8,1,3,3,2,1,2,Recruit.net
43,Current employee,Travel_Frequently,313,Research & Development,21,3,Medical,1,6395,129850,4,Male,61,3,1,Laboratory Technician,4,Married,2258,15238,7,Y,No,20,3,1,80,1,8,1,3,3,2,1,2,Recruit.net
43,Current employee,Travel_Rarely,920,Research & Development,3,3,Life Sciences,1,6396,129851,2,Male,54,3,1,Laboratory Technician,4,Married,2258,15238,7,Y,No,20,3,1,80,1,8,1,3,3,2,1,2,Recruit.net
43,Current employee,Travel_Rarely,920,Research & Development,3,3,Life Sciences,1,6397,129852,2,Male,54,3,1,Laboratory Technician,4,Married,2258,15238,1,Y,No,20,3,1,80,1,8,1,3,3,2,1,2,Recruit.net
43,Current employee,Travel_Frequently,313,Research & Development,21,3,Other,1,6398,129853,4,Male,61,3,1,Laboratory Technician,4,Married,2258,15238,1,Y,No,20,3,1,80,1,8,1,3,3,2,1,2,Recruit.net
43,Current employee,Travel_Frequently,313,Research & Development,21,3,Medical,1,6399,129854,4,Male,61,3,1,Laboratory Technician,4,Married,2258,15238,7,Y,No,20,4,1,80,1,8,1,3,3,2,1,2,Recruit.net
43,Current employee,Travel_Rarely,920,Research & Development,3,3,Life Sciences,1,6400,129855,2,Male,54,3,1,Laboratory Technician,4,Married,2258,15238,7,Y,No,20,4,1,80,1,8,1,3,3,2,1,2,Recruit.net
43,Current employee,Travel_Rarely,920,Research & Development,3,3,Life Sciences,1,6401,129856,2,Male,54,3,1,Laboratory Technician,4,Married,2258,15238,1,Y,No,20,4,1,80,1,8,1,3,3,2,1,2,Recruit.net
43,Current employee,Travel_Frequently,313,Research & Development,21,3,Other,1,6402,129857,4,Male,61,3,1,Laboratory Technician,4,Married,2258,15238,1,Y,No,20,4,1,80,1,8,1,3,3,2,1,2,Recruit.net
43,Current employee,Travel_Rarely,1473,Research & Development,8,4,Other,1,6403,129858,3,Female,74,3,2,Healthcare Representative,3,Divorced,4522,2227,4,Y,Yes,14,4,4,80,0,8,3,3,5,2,0,2,Seek
43,Current employee,Travel_Rarely,1473,Research & Development,8,4,Marketing,1,6406,129861,3,Female,74,3,2,Healthcare Representative,3,Divorced,4522,2227,0,Y,Yes,14,3,4,80,0,8,3,3,5,2,0,2,Seek
43,Current employee,Travel_Rarely,1473,Research & Development,8,4,Other,1,6409,129864,3,Female,74,3,2,Healthcare Representative,3,Divorced,4522,2227,4,Y,Yes,14,3,4,80,0,8,3,3,5,2,0,2,Seek
43,Current employee,Travel_Rarely,1473,Research & Development,8,4,Marketing,1,6410,129865,3,Female,74,3,2,Healthcare Representative,3,Divorced,4522,2227,0,Y,Yes,14,3,4,80,0,8,3,3,5,2,0,2,Seek
43,Current employee,Travel_Rarely,1473,Research & Development,8,4,Other,1,6411,129866,3,Female,74,3,2,Healthcare Representative,3,Divorced,4522,2227,4,Y,Yes,14,4,4,80,0,8,3,3,5,2,0,2,Seek
43,Current employee,Travel_Rarely,1473,Research & Development,8,4,Marketing,1,6414,129869,3,Female,74,3,2,Healthcare Representative,3,Divorced,4522,2227,0,Y,Yes,14,3,4,80,0,8,3,3,5,2,0,2,Seek
43,Current employee,Travel_Rarely,1473,Research & Development,8,4,Other,1,6417,129872,3,Female,74,3,2,Healthcare Representative,3,Divorced,4522,2227,4,Y,Yes,14,3,4,80,0,8,3,3,5,2,0,2,Seek
43,Current employee,Travel_Rarely,1473,Research & Development,8,4,Marketing,1,6418,129873,3,Female,74,3,2,Healthcare Representative,3,Divorced,4522,2227,0,Y,Yes,14,3,4,80,0,8,3,3,5,2,0,2,Seek
43,Current employee,Travel_Rarely,782,Research & Development,6,4,Other,1,7834,131289,2,Male,50,2,4,Research Director,4,Divorced,16627,2671,4,Y,Yes,14,3,3,80,1,21,3,2,1,0,0,0,Recruit.net
43,Current employee,Travel_Rarely,782,Research & Development,6,4,Marketing,1,7836,131291,2,Male,50,2,4,Research Director,4,Divorced,16627,2671,2,Y,Yes,14,3,3,80,1,21,3,2,1,0,0,0,Recruit.net
43,Current employee,Travel_Rarely,782,Research & Development,6,4,Other,1,7840,131295,2,Male,50,2,4,Research Director,4,Divorced,16627,2671,4,Y,Yes,14,3,3,80,1,21,3,2,1,0,0,0,Recruit.net
43,Current employee,Travel_Rarely,782,Research & Development,6,4,Marketing,1,7841,131296,2,Male,50,2,4,Research Director,4,Divorced,16627,2671,2,Y,Yes,14,3,3,80,1,21,3,2,1,0,0,0,Recruit.net
43,Current employee,Travel_Rarely,782,Research & Development,6,4,Marketing,1,7843,131298,2,Male,50,2,4,Research Director,4,Divorced,16627,2671,2,Y,Yes,14,3,3,80,1,21,3,2,1,0,0,0,Recruit.net
43,Current employee,Travel_Rarely,782,Research & Development,6,4,Other,1,7847,131302,2,Male,50,2,4,Research Director,4,Divorced,16627,2671,4,Y,Yes,14,3,3,80,1,21,3,2,1,0,0,0,Recruit.net
43,Current employee,Travel_Rarely,782,Research & Development,6,4,Marketing,1,7848,131303,2,Male,50,2,4,Research Director,4,Divorced,16627,2671,2,Y,Yes,14,3,3,80,1,21,3,2,1,0,0,0,Recruit.net
43,Current employee,Travel_Frequently,1001,Research & Development,9,5,Medical,1,7864,131319,4,Male,72,3,2,Laboratory Technician,3,Divorced,5679,19627,3,Y,Yes,13,3,2,80,1,10,3,3,8,7,4,7,Jora
43,Current employee,Travel_Frequently,1001,Research & Development,9,5,Medical,1,7867,131322,4,Male,72,3,2,Laboratory Technician,3,Divorced,5679,19627,1,Y,Yes,13,4,2,80,1,10,3,3,8,7,4,7,Jora
43,Current employee,Travel_Frequently,1001,Research & Development,9,5,Medical,1,7870,131325,4,Male,72,3,2,Laboratory Technician,3,Divorced,5679,19627,3,Y,Yes,13,3,2,80,1,10,3,3,8,7,4,7,Jora
43,Current employee,Travel_Frequently,1001,Research & Development,9,5,Medical,1,7871,131326,4,Male,72,3,2,Laboratory Technician,3,Divorced,5679,19627,1,Y,Yes,13,3,2,80,1,10,3,3,8,7,4,7,Jora
43,Current employee,Travel_Frequently,1001,Research & Development,9,5,Medical,1,7872,131327,4,Male,72,3,2,Laboratory Technician,3,Divorced,5679,19627,3,Y,Yes,13,3,2,80,1,10,3,3,8,7,4,7,Jora
43,Current employee,Travel_Frequently,1001,Research & Development,9,5,Medical,1,7875,131330,4,Male,72,3,2,Laboratory Technician,3,Divorced,5679,19627,1,Y,Yes,13,4,2,80,1,10,3,3,8,7,4,7,Jora
43,Current employee,Travel_Frequently,1001,Research & Development,9,5,Medical,1,7878,131333,4,Male,72,3,2,Laboratory Technician,3,Divorced,5679,19627,3,Y,Yes,13,3,2,80,1,10,3,3,8,7,4,7,Jora
43,Current employee,Travel_Frequently,1001,Research & Development,9,5,Medical,1,7879,131334,4,Male,72,3,2,Laboratory Technician,3,Divorced,5679,19627,1,Y,Yes,13,3,2,80,1,10,3,3,8,7,4,7,Jora
43,Current employee,Travel_Rarely,1291,Research & Development,15,2,Life Sciences,1,8327,131782,2,Male,60,4,2,Sales Executive,2,Married,8120,18597,3,Y,No,12,4,4,80,0,12,3,3,2,2,2,2,Indeed
43,Current employee,Travel_Rarely,1291,Research & Development,15,2,Medical,1,8329,131784,2,Male,60,4,2,Sales Executive,2,Married,8120,18597,7,Y,No,12,3,4,80,0,12,3,3,2,2,2,2,Indeed
43,Current employee,Travel_Rarely,1291,Research & Development,15,2,Life Sciences,1,8330,131785,2,Male,60,4,2,Sales Executive,2,Married,8120,18597,3,Y,No,12,3,4,80,0,12,3,3,2,2,2,2,Indeed
43,Current employee,Travel_Rarely,1291,Research & Development,15,2,Medical,1,8331,131786,2,Male,60,4,2,Sales Executive,2,Married,8120,18597,7,Y,No,12,3,4,80,0,12,3,3,2,2,2,2,Indeed
43,Current employee,Travel_Rarely,1291,Research & Development,15,2,Life Sciences,1,8335,131790,2,Male,60,4,2,Sales Executive,2,Married,8120,18597,3,Y,No,12,4,4,80,0,12,3,3,2,2,2,2,Indeed
43,Current employee,Travel_Rarely,1291,Research & Development,15,2,Medical,1,8337,131792,2,Male,60,4,2,Sales Executive,2,Married,8120,18597,7,Y,No,12,3,4,80,0,12,3,3,2,2,2,2,Indeed
43,Current employee,Travel_Rarely,1291,Research & Development,15,2,Life Sciences,1,8338,131793,2,Male,60,4,2,Sales Executive,2,Married,8120,18597,3,Y,No,12,3,4,80,0,12,3,3,2,2,2,2,Indeed
43,Current employee,Travel_Rarely,1291,Research & Development,15,2,Medical,1,8339,131794,2,Male,60,4,2,Sales Executive,2,Married,8120,18597,7,Y,No,12,3,4,80,0,12,3,3,2,2,2,2,Indeed
43,Current employee,Travel_Frequently,775,Sales,15,3,Life Sciences,1,6325,132262,4,Male,47,2,2,Sales Executive,4,Married,6804,23683,3,Y,No,18,3,3,80,1,7,5,3,2,2,2,2,Adzuna
43,Current employee,Travel_Frequently,775,Sales,15,3,Medical,1,8810,132265,4,Male,47,2,2,Sales Executive,4,Married,6804,23683,7,Y,No,18,3,3,80,1,7,5,3,2,2,2,2,Adzuna
43,Current employee,Travel_Frequently,775,Sales,15,3,Life Sciences,1,8813,132268,4,Male,47,2,2,Sales Executive,4,Married,6804,23683,3,Y,No,18,3,3,80,1,7,5,3,2,2,2,2,Adzuna
43,Current employee,Travel_Frequently,775,Sales,15,3,Medical,1,8814,132269,4,Male,47,2,2,Sales Executive,4,Married,6804,23683,7,Y,No,18,3,3,80,1,7,5,3,2,2,2,2,Adzuna
43,Current employee,Travel_Frequently,775,Sales,15,3,Life Sciences,1,8815,132270,4,Male,47,2,2,Sales Executive,4,Married,6804,23683,3,Y,No,18,3,3,80,1,7,5,3,2,2,2,2,Adzuna
43,Current employee,Travel_Frequently,775,Sales,15,3,Medical,1,8818,132273,4,Male,47,2,2,Sales Executive,4,Married,6804,23683,7,Y,No,18,3,3,80,1,7,5,3,2,2,2,2,Adzuna
43,Current employee,Travel_Frequently,775,Sales,15,3,Life Sciences,1,8821,132276,4,Male,47,2,2,Sales Executive,4,Married,6804,23683,3,Y,No,18,3,3,80,1,7,5,3,2,2,2,2,Adzuna
43,Current employee,Travel_Frequently,775,Sales,15,3,Medical,1,8822,132277,4,Male,47,2,2,Sales Executive,4,Married,6804,23683,7,Y,No,18,3,3,80,1,7,5,3,2,2,2,2,Adzuna
43,Current employee,Travel_Rarely,244,Human Resources,2,3,Life Sciences,1,8887,132342,2,Female,61,2,1,Research Scientist,4,Single,2342,22929,0,Y,Yes,20,4,4,80,0,5,2,2,4,2,2,3,GlassDoor
43,Current employee,Travel_Rarely,244,Human Resources,2,3,Life Sciences,1,8889,132344,2,Female,61,2,1,Research Scientist,4,Single,2342,22929,2,Y,Yes,20,3,4,80,0,5,2,2,4,2,2,3,GlassDoor
43,Current employee,Travel_Rarely,244,Human Resources,2,3,Life Sciences,1,8892,132347,2,Female,61,2,1,Research Scientist,4,Single,2342,22929,0,Y,Yes,20,4,4,80,0,5,2,2,4,2,2,3,GlassDoor
43,Current employee,Travel_Rarely,244,Human Resources,2,3,Life Sciences,1,8893,132348,2,Female,61,2,1,Research Scientist,4,Single,2342,22929,2,Y,Yes,20,4,4,80,0,5,2,2,4,2,2,3,GlassDoor
43,Current employee,Travel_Rarely,244,Human Resources,2,3,Life Sciences,1,8895,132350,2,Female,61,2,1,Research Scientist,4,Single,2342,22929,0,Y,Yes,20,4,4,80,0,5,2,2,4,2,2,3,GlassDoor
43,Current employee,Travel_Rarely,244,Human Resources,2,3,Life Sciences,1,8897,132352,2,Female,61,2,1,Research Scientist,4,Single,2342,22929,2,Y,Yes,20,3,4,80,0,5,2,2,4,2,2,3,GlassDoor
43,Current employee,Travel_Rarely,244,Human Resources,2,3,Life Sciences,1,8900,132355,2,Female,61,2,1,Research Scientist,4,Single,2342,22929,0,Y,Yes,20,4,4,80,0,5,2,2,4,2,2,3,GlassDoor
43,Current employee,Travel_Rarely,244,Human Resources,2,3,Life Sciences,1,8901,132356,2,Female,61,2,1,Research Scientist,4,Single,2342,22929,2,Y,Yes,20,4,4,80,0,5,2,2,4,2,2,3,GlassDoor
43,Current employee,Non-Travel,343,Research & Development,9,3,Life Sciences,1,9044,132499,2,Female,61,3,2,Sales Executive,4,Single,6180,22807,1,Y,No,23,3,2,80,0,6,5,2,6,5,1,4,Adzuna
43,Current employee,Non-Travel,343,Research & Development,9,3,Medical,1,9045,132500,2,Female,61,3,2,Sales Executive,4,Single,6180,22807,6,Y,No,23,3,2,80,0,6,5,2,6,5,1,4,Adzuna
43,Current employee,Non-Travel,343,Research & Development,9,3,Life Sciences,1,9049,132504,2,Female,61,3,2,Sales Executive,4,Single,6180,22807,1,Y,No,23,4,2,80,0,6,5,2,6,5,1,4,Adzuna
43,Current employee,Non-Travel,343,Research & Development,9,3,Medical,1,9050,132505,2,Female,61,3,2,Sales Executive,4,Single,6180,22807,6,Y,No,23,4,2,80,0,6,5,2,6,5,1,4,Adzuna
43,Current employee,Non-Travel,343,Research & Development,9,3,Life Sciences,1,9052,132507,2,Female,61,3,2,Sales Executive,4,Single,6180,22807,1,Y,No,23,3,2,80,0,6,5,2,6,5,1,4,Adzuna
43,Current employee,Non-Travel,343,Research & Development,9,3,Medical,1,9053,132508,2,Female,61,3,2,Sales Executive,4,Single,6180,22807,6,Y,No,23,3,2,80,0,6,5,2,6,5,1,4,Adzuna
43,Current employee,Non-Travel,343,Research & Development,9,3,Life Sciences,1,9057,132512,2,Female,61,3,2,Sales Executive,4,Single,6180,22807,1,Y,No,23,4,2,80,0,6,5,2,6,5,1,4,Adzuna
43,Current employee,Non-Travel,343,Research & Development,9,3,Medical,1,9058,132513,2,Female,61,3,2,Sales Executive,4,Single,6180,22807,6,Y,No,23,4,2,80,0,6,5,2,6,5,1,4,Adzuna
43,Current employee,Travel_Frequently,1422,Sales,2,4,Life Sciences,1,9160,132615,2,Male,62,3,1,Research Scientist,4,Married,4258,26589,0,Y,No,18,3,1,80,1,5,3,3,4,3,1,2,Indeed
43,Current employee,Travel_Frequently,1422,Sales,2,4,Life Sciences,1,9161,132616,2,Male,62,3,1,Research Scientist,4,Married,4258,26589,2,Y,No,18,3,1,80,1,5,3,3,4,3,1,2,Indeed
43,Current employee,Travel_Frequently,1422,Sales,2,4,Life Sciences,1,9163,132618,2,Male,62,3,1,Research Scientist,4,Married,4258,26589,0,Y,No,18,3,1,80,1,5,3,3,4,3,1,2,Indeed
43,Current employee,Travel_Frequently,1422,Sales,2,4,Life Sciences,1,9164,132619,2,Male,62,3,1,Research Scientist,4,Married,4258,26589,2,Y,No,18,3,1,80,1,5,3,3,4,3,1,2,Indeed
43,Current employee,Travel_Frequently,1422,Sales,2,4,Life Sciences,1,9168,132623,2,Male,62,3,1,Research Scientist,4,Married,4258,26589,0,Y,No,18,3,1,80,1,5,3,3,4,3,1,2,Indeed
43,Current employee,Travel_Frequently,1422,Sales,2,4,Life Sciences,1,9169,132624,2,Male,62,3,1,Research Scientist,4,Married,4258,26589,2,Y,No,18,3,1,80,1,5,3,3,4,3,1,2,Indeed
43,Current employee,Travel_Frequently,1422,Sales,2,4,Life Sciences,1,9171,132626,2,Male,62,3,1,Research Scientist,4,Married,4258,26589,0,Y,No,18,3,1,80,1,5,3,3,4,3,1,2,Indeed
43,Current employee,Travel_Frequently,1422,Sales,2,4,Life Sciences,1,9172,132627,2,Male,62,3,1,Research Scientist,4,Married,4258,26589,2,Y,No,18,3,1,80,1,5,3,3,4,3,1,2,Indeed
43,Current employee,Travel_Rarely,574,Research & Development,11,3,Life Sciences,1,9717,133172,3,Male,63,2,2,Healthcare Representative,1,Divorced,6288,4284,2,Y,No,15,3,3,80,1,13,3,2,4,3,1,2,Indeed
43,Current employee,Travel_Rarely,574,Research & Development,11,3,Medical,1,9718,133173,3,Male,63,2,2,Healthcare Representative,1,Divorced,6288,4284,0,Y,No,15,4,3,80,1,13,3,2,4,3,1,2,Indeed
43,Current employee,Travel_Rarely,574,Research & Development,11,3,Life Sciences,1,9722,133177,3,Male,63,2,2,Healthcare Representative,1,Divorced,6288,4284,2,Y,No,15,3,3,80,1,13,3,2,4,3,1,2,Indeed
43,Current employee,Travel_Rarely,574,Research & Development,11,3,Medical,1,9723,133178,3,Male,63,2,2,Healthcare Representative,1,Divorced,6288,4284,0,Y,No,15,3,3,80,1,13,3,2,4,3,1,2,Indeed
43,Current employee,Travel_Rarely,574,Research & Development,11,3,Life Sciences,1,9725,133180,3,Male,63,2,2,Healthcare Representative,1,Divorced,6288,4284,2,Y,No,15,3,3,80,1,13,3,2,4,3,1,2,Indeed
43,Current employee,Travel_Rarely,574,Research & Development,11,3,Medical,1,9726,133181,3,Male,63,2,2,Healthcare Representative,1,Divorced,6288,4284,0,Y,No,15,4,3,80,1,13,3,2,4,3,1,2,Indeed
43,Current employee,Travel_Rarely,574,Research & Development,11,3,Life Sciences,1,9730,133185,3,Male,63,2,2,Healthcare Representative,1,Divorced,6288,4284,2,Y,No,15,3,3,80,1,13,3,2,4,3,1,2,Indeed
43,Current employee,Travel_Rarely,574,Research & Development,11,3,Medical,1,9731,133186,3,Male,63,2,2,Healthcare Representative,1,Divorced,6288,4284,0,Y,No,15,3,3,80,1,13,3,2,4,3,1,2,Indeed
43,Current employee,Travel_Rarely,589,Research & Development,14,2,Life Sciences,1,9780,133235,2,Male,94,3,4,Research Director,1,Married,17159,5200,6,Y,No,24,3,3,80,1,22,3,3,4,1,1,0,Indeed
43,Current employee,Travel_Rarely,589,Research & Development,14,2,Medical,1,9783,133238,2,Male,94,3,4,Research Director,1,Married,17159,5200,2,Y,No,24,4,3,80,1,22,3,3,4,1,1,0,Indeed
43,Current employee,Travel_Rarely,589,Research & Development,14,2,Life Sciences,1,9786,133241,2,Male,94,3,4,Research Director,1,Married,17159,5200,6,Y,No,24,4,3,80,1,22,3,3,4,1,1,0,Indeed
43,Current employee,Travel_Rarely,589,Research & Development,14,2,Medical,1,9787,133242,2,Male,94,3,4,Research Director,1,Married,17159,5200,2,Y,No,24,4,3,80,1,22,3,3,4,1,1,0,Indeed
43,Current employee,Travel_Rarely,589,Research & Development,14,2,Life Sciences,1,9788,133243,2,Male,94,3,4,Research Director,1,Married,17159,5200,6,Y,No,24,3,3,80,1,22,3,3,4,1,1,0,Indeed
43,Current employee,Travel_Rarely,589,Research & Development,14,2,Medical,1,9791,133246,2,Male,94,3,4,Research Director,1,Married,17159,5200,2,Y,No,24,4,3,80,1,22,3,3,4,1,1,0,Indeed
43,Current employee,Travel_Rarely,589,Research & Development,14,2,Life Sciences,1,9794,133249,2,Male,94,3,4,Research Director,1,Married,17159,5200,6,Y,No,24,4,3,80,1,22,3,3,4,1,1,0,Indeed
43,Current employee,Travel_Rarely,589,Research & Development,14,2,Medical,1,9795,133250,2,Male,94,3,4,Research Director,1,Married,17159,5200,2,Y,No,24,4,3,80,1,22,3,3,4,1,1,0,Indeed
43,Current employee,Travel_Frequently,422,Research & Development,1,3,Life Sciences,1,10429,133884,4,Female,33,3,2,Healthcare Representative,4,Married,5562,21782,4,Y,No,13,3,2,80,1,12,2,2,5,2,2,2,Seek
43,Current employee,Travel_Frequently,422,Research & Development,1,3,Life Sciences,1,10431,133886,4,Female,33,3,2,Healthcare Representative,4,Married,5562,21782,0,Y,No,13,3,2,80,1,12,2,2,5,2,2,2,Seek
43,Current employee,Travel_Frequently,422,Research & Development,1,3,Life Sciences,1,10435,133890,4,Female,33,3,2,Healthcare Representative,4,Married,5562,21782,4,Y,No,13,3,2,80,1,12,2,2,5,2,2,2,Seek
43,Current employee,Travel_Frequently,422,Research & Development,1,3,Life Sciences,1,10436,133891,4,Female,33,3,2,Healthcare Representative,4,Married,5562,21782,0,Y,No,13,3,2,80,1,12,2,2,5,2,2,2,Seek
43,Current employee,Travel_Frequently,422,Research & Development,1,3,Life Sciences,1,10437,133892,4,Female,33,3,2,Healthcare Representative,4,Married,5562,21782,4,Y,No,13,3,2,80,1,12,2,2,5,2,2,2,Seek
43,Current employee,Travel_Frequently,422,Research & Development,1,3,Life Sciences,1,10439,133894,4,Female,33,3,2,Healthcare Representative,4,Married,5562,21782,0,Y,No,13,3,2,80,1,12,2,2,5,2,2,2,Seek
43,Current employee,Travel_Frequently,422,Research & Development,1,3,Life Sciences,1,10443,133898,4,Female,33,3,2,Healthcare Representative,4,Married,5562,21782,4,Y,No,13,3,2,80,1,12,2,2,5,2,2,2,Seek
43,Current employee,Travel_Frequently,422,Research & Development,1,3,Life Sciences,1,10444,133899,4,Female,33,3,2,Healthcare Representative,4,Married,5562,21782,0,Y,No,13,3,2,80,1,12,2,2,5,2,2,2,Seek
43,Current employee,Travel_Rarely,1034,Sales,16,3,Marketing,1,10579,134034,3,Male,66,3,2,Sales Executive,4,Single,4908,24252,1,Y,No,14,3,2,80,0,4,3,3,4,2,0,2,Jora
43,Current employee,Travel_Rarely,1034,Sales,16,3,Medical,1,10581,134036,3,Male,66,3,2,Sales Executive,4,Single,4908,24252,7,Y,No,14,4,2,80,0,4,3,3,4,2,0,2,Jora
43,Current employee,Travel_Rarely,1034,Sales,16,3,Marketing,1,10584,134039,3,Male,66,3,2,Sales Executive,4,Single,4908,24252,1,Y,No,14,3,2,80,0,4,3,3,4,2,0,2,Jora
43,Current employee,Travel_Rarely,1034,Sales,16,3,Medical,1,10585,134040,3,Male,66,3,2,Sales Executive,4,Single,4908,24252,7,Y,No,14,3,2,80,0,4,3,3,4,2,0,2,Jora
43,Current employee,Travel_Rarely,1034,Sales,16,3,Marketing,1,10587,134042,3,Male,66,3,2,Sales Executive,4,Single,4908,24252,1,Y,No,14,3,2,80,0,4,3,3,4,2,0,2,Jora
43,Current employee,Travel_Rarely,1034,Sales,16,3,Marketing,1,10588,134043,3,Male,66,3,2,Sales Executive,4,Single,4908,24252,1,Y,No,14,3,3,80,0,1,4,1,1,0,0,0,Adzuna
43,Current employee,Travel_Rarely,1034,Sales,16,3,Medical,1,10590,134045,3,Male,66,3,2,Sales Executive,4,Single,4908,24252,7,Y,No,14,4,2,80,0,4,3,3,4,2,0,2,Jora
43,Current employee,Travel_Rarely,1034,Sales,16,3,Marketing,1,10593,134048,3,Male,66,3,2,Sales Executive,4,Single,4908,24252,1,Y,No,14,3,2,80,0,4,3,3,4,2,0,2,Jora
43,Current employee,Travel_Rarely,1034,Sales,16,3,Medical,1,10594,134049,3,Male,66,3,2,Sales Executive,4,Single,4908,24252,7,Y,No,14,3,2,80,0,4,3,3,4,2,0,2,Jora
43,Current employee,Travel_Rarely,177,Research & Development,8,3,Life Sciences,1,10612,134067,1,Female,55,3,2,Manufacturing Director,2,Divorced,4765,23814,4,Y,No,21,3,3,80,1,4,2,4,1,0,0,0,Recruit.net
43,Current employee,Travel_Rarely,177,Research & Development,8,3,Medical,1,10614,134069,1,Female,55,3,2,Manufacturing Director,2,Divorced,4765,23814,1,Y,No,21,4,3,80,1,4,2,4,1,0,0,0,Recruit.net
43,Current employee,Travel_Rarely,177,Research & Development,8,3,Life Sciences,1,10618,134073,1,Female,55,3,2,Manufacturing Director,2,Divorced,4765,23814,4,Y,No,21,4,3,80,1,4,2,4,1,0,0,0,Recruit.net
43,Current employee,Travel_Rarely,177,Research & Development,8,3,Medical,1,10619,134074,1,Female,55,3,2,Manufacturing Director,2,Divorced,4765,23814,1,Y,No,21,4,3,80,1,4,2,4,1,0,0,0,Recruit.net
43,Current employee,Travel_Rarely,177,Research & Development,8,3,Life Sciences,1,10620,134075,1,Female,55,3,2,Manufacturing Director,2,Divorced,4765,23814,4,Y,No,21,3,3,80,1,4,2,4,1,0,0,0,Recruit.net
43,Current employee,Travel_Rarely,177,Research & Development,8,3,Medical,1,10623,134078,1,Female,55,3,2,Manufacturing Director,2,Divorced,4765,23814,1,Y,No,21,4,3,80,1,4,2,4,1,0,0,0,Recruit.net
43,Current employee,Travel_Rarely,177,Research & Development,8,3,Life Sciences,1,10627,134082,1,Female,55,3,2,Manufacturing Director,2,Divorced,4765,23814,4,Y,No,21,4,3,80,1,4,2,4,1,0,0,0,Recruit.net
43,Current employee,Travel_Rarely,177,Research & Development,8,3,Medical,1,10628,134083,1,Female,55,3,2,Manufacturing Director,2,Divorced,4765,23814,1,Y,No,21,4,3,80,1,4,2,4,1,0,0,0,Recruit.net
43,Current employee,Travel_Rarely,531,Sales,4,4,Marketing,1,11843,135298,3,Female,70,3,2,Manufacturing Director,4,Married,4227,4658,0,Y,No,18,3,2,80,1,4,2,3,3,2,2,2,Seek
43,Current employee,Travel_Rarely,531,Sales,4,4,Life Sciences,1,11845,135300,3,Female,70,3,2,Manufacturing Director,4,Married,4227,4658,1,Y,No,18,3,2,80,1,4,2,3,3,2,2,2,Seek
43,Current employee,Travel_Rarely,531,Sales,4,4,Marketing,1,11848,135303,3,Female,70,3,2,Manufacturing Director,4,Married,4227,4658,0,Y,No,18,3,2,80,1,4,2,3,3,2,2,2,Seek
43,Current employee,Travel_Rarely,531,Sales,4,4,Life Sciences,1,11849,135304,3,Female,70,3,2,Manufacturing Director,4,Married,4227,4658,1,Y,No,18,3,2,80,1,4,2,3,3,2,2,2,Seek
43,Current employee,Travel_Rarely,531,Sales,4,4,Marketing,1,11851,135306,3,Female,70,3,2,Manufacturing Director,4,Married,4227,4658,0,Y,No,18,3,2,80,1,4,2,3,3,2,2,2,Seek
43,Current employee,Travel_Rarely,531,Sales,4,4,Life Sciences,1,11853,135308,3,Female,70,3,2,Manufacturing Director,4,Married,4227,4658,1,Y,No,18,3,2,80,1,4,2,3,3,2,2,2,Seek
43,Current employee,Travel_Rarely,531,Sales,4,4,Marketing,1,11856,135311,3,Female,70,3,2,Manufacturing Director,4,Married,4227,4658,0,Y,No,18,3,2,80,1,4,2,3,3,2,2,2,Seek
43,Current employee,Travel_Rarely,531,Sales,4,4,Life Sciences,1,11857,135312,3,Female,70,3,2,Manufacturing Director,4,Married,4227,4658,1,Y,No,18,3,2,80,1,4,2,3,3,2,2,2,Seek
43,Current employee,Travel_Rarely,415,Sales,25,3,Medical,1,12434,135889,3,Male,79,2,3,Sales Executive,4,Divorced,10798,5268,5,Y,No,13,3,3,80,1,18,5,3,1,0,0,0,GlassDoor
43,Current employee,Travel_Rarely,415,Sales,25,3,Technical Degree,1,12437,135892,3,Male,79,2,3,Sales Executive,4,Divorced,10798,5268,7,Y,No,13,3,3,80,1,18,5,3,1,0,0,0,GlassDoor
43,Current employee,Travel_Rarely,415,Sales,25,3,Medical,1,12440,135895,3,Male,79,2,3,Sales Executive,4,Divorced,10798,5268,5,Y,No,13,3,3,80,1,18,5,3,1,0,0,0,GlassDoor
43,Current employee,Travel_Rarely,415,Sales,25,3,Technical Degree,1,12441,135896,3,Male,79,2,3,Sales Executive,4,Divorced,10798,5268,7,Y,No,13,3,3,80,1,18,5,3,1,0,0,0,GlassDoor
43,Current employee,Travel_Rarely,415,Sales,25,3,Medical,1,12442,135897,3,Male,79,2,3,Sales Executive,4,Divorced,10798,5268,5,Y,No,13,3,3,80,1,18,5,3,1,0,0,0,GlassDoor
43,Current employee,Travel_Rarely,415,Sales,25,3,Technical Degree,1,12445,135900,3,Male,79,2,3,Sales Executive,4,Divorced,10798,5268,7,Y,No,13,3,3,80,1,18,5,3,1,0,0,0,GlassDoor
43,Current employee,Travel_Rarely,415,Sales,25,3,Medical,1,12448,135903,3,Male,79,2,3,Sales Executive,4,Divorced,10798,5268,5,Y,No,13,3,3,80,1,18,5,3,1,0,0,0,GlassDoor
43,Current employee,Travel_Rarely,415,Sales,25,3,Technical Degree,1,12449,135904,3,Male,79,2,3,Sales Executive,4,Divorced,10798,5268,7,Y,No,13,3,3,80,1,18,5,3,1,0,0,0,GlassDoor
43,Current employee,Travel_Rarely,1273,Research & Development,2,2,Medical,1,12880,136335,3,Male,73,2,1,Research Scientist,4,Married,2979,22478,3,Y,No,17,3,4,80,3,6,2,3,0,0,0,0,Indeed
43,Current employee,Travel_Rarely,1273,Research & Development,2,2,Life Sciences,1,12881,136336,3,Male,73,2,1,Research Scientist,4,Married,2979,22478,2,Y,No,17,3,4,80,3,6,2,3,0,0,0,0,Indeed
43,Current employee,Travel_Rarely,1273,Research & Development,2,2,Medical,1,12885,136340,3,Male,73,2,1,Research Scientist,4,Married,2979,22478,3,Y,No,17,3,4,80,3,6,2,3,0,0,0,0,Indeed
43,Current employee,Travel_Rarely,1273,Research & Development,2,2,Life Sciences,1,12886,136341,3,Male,73,2,1,Research Scientist,4,Married,2979,22478,2,Y,No,17,3,4,80,3,6,2,3,0,0,0,0,Indeed
43,Current employee,Travel_Rarely,1273,Research & Development,2,2,Medical,1,12888,136343,3,Male,73,2,1,Research Scientist,4,Married,2979,22478,3,Y,No,17,3,4,80,3,6,2,3,0,0,0,0,Indeed
43,Current employee,Travel_Rarely,1273,Research & Development,2,2,Life Sciences,1,12889,136344,3,Male,73,2,1,Research Scientist,4,Married,2979,22478,2,Y,No,17,3,4,80,3,6,2,3,0,0,0,0,Indeed
43,Current employee,Travel_Rarely,1273,Research & Development,2,2,Medical,1,12893,136348,3,Male,73,2,1,Research Scientist,4,Married,2979,22478,3,Y,No,17,3,4,80,3,6,2,3,0,0,0,0,Indeed
43,Current employee,Travel_Rarely,1273,Research & Development,2,2,Life Sciences,1,12894,136349,3,Male,73,2,1,Research Scientist,4,Married,2979,22478,2,Y,No,17,3,4,80,3,6,2,3,0,0,0,0,Indeed
43,Current employee,Travel_Frequently,1082,Research & Development,27,3,Life Sciences,1,13023,136478,3,Female,83,3,3,Manufacturing Director,1,Married,10820,11535,8,Y,No,11,3,3,80,1,18,1,3,8,7,0,1,Company Website
43,Current employee,Travel_Frequently,1082,Research & Development,27,3,Technical Degree,1,13026,136481,3,Female,83,3,3,Manufacturing Director,1,Married,10820,11535,1,Y,No,11,3,3,80,1,18,1,3,8,7,0,1,Company Website
43,Current employee,Travel_Frequently,1082,Research & Development,27,3,Life Sciences,1,13029,136484,3,Female,83,3,3,Manufacturing Director,1,Married,10820,11535,8,Y,No,11,3,3,80,1,18,1,3,8,7,0,1,Company Website
43,Current employee,Travel_Frequently,1082,Research & Development,27,3,Technical Degree,1,13030,136485,3,Female,83,3,3,Manufacturing Director,1,Married,10820,11535,1,Y,No,11,3,3,80,1,18,1,3,8,7,0,1,Company Website
43,Current employee,Travel_Frequently,1082,Research & Development,27,3,Life Sciences,1,13031,136486,3,Female,83,3,3,Manufacturing Director,1,Married,10820,11535,8,Y,No,11,3,3,80,1,18,1,3,8,7,0,1,Company Website
43,Current employee,Travel_Frequently,1082,Research & Development,27,3,Technical Degree,1,13034,136489,3,Female,83,3,3,Manufacturing Director,1,Married,10820,11535,1,Y,No,11,3,3,80,1,18,1,3,8,7,0,1,Company Website
43,Current employee,Travel_Frequently,1082,Research & Development,27,3,Life Sciences,1,13037,136492,3,Female,83,3,3,Manufacturing Director,1,Married,10820,11535,8,Y,No,11,3,3,80,1,18,1,3,8,7,0,1,Company Website
43,Current employee,Travel_Frequently,1082,Research & Development,27,3,Technical Degree,1,13038,136493,3,Female,83,3,3,Manufacturing Director,1,Married,10820,11535,1,Y,No,11,3,3,80,1,18,1,3,8,7,0,1,Company Website
43,Current employee,Travel_Frequently,957,Research & Development,28,3,Medical,1,13326,136781,3,Male,74,3,1,Laboratory Technician,3,Married,2610,6233,1,Y,No,12,3,3,80,1,2,5,2,2,2,2,2,LinkedIn
43,Current employee,Travel_Frequently,957,Research & Development,28,3,Technical Degree,1,13328,136783,3,Male,74,3,1,Laboratory Technician,3,Married,2610,6233,1,Y,No,12,3,3,80,1,2,5,2,2,2,2,2,LinkedIn
43,Current employee,Travel_Frequently,957,Research & Development,28,3,Medical,1,13331,136786,3,Male,74,3,1,Laboratory Technician,3,Married,2610,6233,1,Y,No,12,3,3,80,1,2,5,2,2,2,2,2,LinkedIn
43,Current employee,Travel_Frequently,957,Research & Development,28,3,Technical Degree,1,13332,136787,3,Male,74,3,1,Laboratory Technician,3,Married,2610,6233,1,Y,No,12,3,3,80,1,2,5,2,2,2,2,2,LinkedIn
43,Current employee,Travel_Frequently,957,Research & Development,28,3,Medical,1,13334,136789,3,Male,74,3,1,Laboratory Technician,3,Married,2610,6233,1,Y,No,12,3,3,80,1,2,5,2,2,2,2,2,LinkedIn
43,Current employee,Travel_Frequently,957,Research & Development,28,3,Technical Degree,1,13336,136791,3,Male,74,3,1,Laboratory Technician,3,Married,2610,6233,1,Y,No,12,3,3,80,1,2,5,2,2,2,2,2,LinkedIn
43,Current employee,Travel_Frequently,957,Research & Development,28,3,Medical,1,13339,136794,3,Male,74,3,1,Laboratory Technician,3,Married,2610,6233,1,Y,No,12,3,3,80,1,2,5,2,2,2,2,2,LinkedIn
43,Current employee,Travel_Frequently,957,Research & Development,28,3,Technical Degree,1,13340,136795,3,Male,74,3,1,Laboratory Technician,3,Married,2610,6233,1,Y,No,12,3,3,80,1,2,5,2,2,2,2,2,LinkedIn
43,Current employee,Non-Travel,1344,Research & Development,7,3,Medical,1,13722,137177,3,Male,75,2,1,Laboratory Technician,3,Single,3033,12828,1,Y,No,12,3,1,80,0,2,2,2,2,2,1,2,Jora
43,Current employee,Non-Travel,1344,Research & Development,7,3,Marketing,1,13724,137179,3,Male,75,2,1,Laboratory Technician,3,Single,3033,12828,1,Y,No,12,3,1,80,0,2,2,2,2,2,1,2,Jora
43,Current employee,Non-Travel,1344,Research & Development,7,3,Medical,1,13727,137182,3,Male,75,2,1,Laboratory Technician,3,Single,3033,12828,1,Y,No,12,3,1,80,0,2,2,2,2,2,1,2,Jora
43,Current employee,Non-Travel,1344,Research & Development,7,3,Marketing,1,13728,137183,3,Male,75,2,1,Laboratory Technician,3,Single,3033,12828,1,Y,No,12,3,1,80,0,2,2,2,2,2,1,2,Jora
43,Current employee,Non-Travel,1344,Research & Development,7,3,Medical,1,13730,137185,3,Male,75,2,1,Laboratory Technician,3,Single,3033,12828,1,Y,No,12,3,1,80,0,2,2,2,2,2,1,2,Jora
43,Current employee,Non-Travel,1344,Research & Development,7,3,Marketing,1,13732,137187,3,Male,75,2,1,Laboratory Technician,3,Single,3033,12828,1,Y,No,12,3,1,80,0,2,2,2,2,2,1,2,Jora
43,Current employee,Non-Travel,1344,Research & Development,7,3,Medical,1,13735,137190,3,Male,75,2,1,Laboratory Technician,3,Single,3033,12828,1,Y,No,12,3,1,80,0,2,2,2,2,2,1,2,Jora
43,Current employee,Non-Travel,1344,Research & Development,7,3,Marketing,1,13736,137191,3,Male,75,2,1,Laboratory Technician,3,Single,3033,12828,1,Y,No,12,3,1,80,0,2,2,2,2,2,1,2,Jora
43,Current employee,Travel_Rarely,920,Research & Development,3,3,Life Sciences,1,14383,137838,3,Male,96,1,5,Research Director,4,Married,19740,18625,3,Y,No,14,3,2,80,1,25,2,3,8,7,0,7,Company Website
43,Current employee,Travel_Rarely,920,Research & Development,3,3,Life Sciences,1,14385,137840,3,Male,96,1,5,Research Director,4,Married,19740,18625,2,Y,No,14,3,2,80,1,25,2,3,8,7,0,7,Company Website
43,Current employee,Travel_Rarely,920,Research & Development,3,3,Life Sciences,1,14389,137844,3,Male,96,1,5,Research Director,4,Married,19740,18625,3,Y,No,14,3,2,80,1,25,2,3,8,7,0,7,Company Website
43,Current employee,Travel_Rarely,920,Research & Development,3,3,Life Sciences,1,14390,137845,3,Male,96,1,5,Research Director,4,Married,19740,18625,2,Y,No,14,3,2,80,1,25,2,3,8,7,0,7,Company Website
43,Current employee,Travel_Rarely,920,Research & Development,3,3,Life Sciences,1,14391,137846,3,Male,96,1,5,Research Director,4,Married,19740,18625,3,Y,No,14,3,2,80,1,25,2,3,8,7,0,7,Company Website
43,Current employee,Travel_Rarely,920,Research & Development,3,3,Life Sciences,1,14393,137848,3,Male,96,1,5,Research Director,4,Married,19740,18625,2,Y,No,14,3,2,80,1,25,2,3,8,7,0,7,Company Website
43,Current employee,Travel_Rarely,920,Research & Development,3,3,Life Sciences,1,14397,137852,3,Male,96,1,5,Research Director,4,Married,19740,18625,3,Y,No,14,3,2,80,1,25,2,3,8,7,0,7,Company Website
43,Current employee,Travel_Rarely,920,Research & Development,3,3,Life Sciences,1,14398,137853,3,Male,96,1,5,Research Director,4,Married,19740,18625,2,Y,No,14,3,2,80,1,25,2,3,8,7,0,7,Company Website
43,Current employee,Travel_Frequently,313,Research & Development,21,3,Medical,1,14817,138272,3,Female,78,4,2,Research Scientist,2,Married,2372,5628,6,Y,Yes,16,3,4,80,0,18,2,3,1,0,0,0,GlassDoor
43,Current employee,Travel_Frequently,313,Research & Development,21,3,Other,1,14819,138274,3,Female,78,4,2,Research Scientist,2,Married,2372,5628,4,Y,Yes,16,3,4,80,0,18,2,3,1,0,0,0,GlassDoor
43,Current employee,Travel_Frequently,313,Research & Development,21,3,Medical,1,14822,138277,3,Female,78,4,2,Research Scientist,2,Married,2372,5628,6,Y,Yes,16,3,4,80,0,18,2,3,1,0,0,0,GlassDoor
43,Current employee,Travel_Frequently,313,Research & Development,21,3,Other,1,14823,138278,3,Female,78,4,2,Research Scientist,2,Married,2372,5628,4,Y,Yes,16,3,4,80,0,18,2,3,1,0,0,0,GlassDoor
43,Current employee,Travel_Frequently,313,Research & Development,21,3,Medical,1,14825,138280,3,Female,78,4,2,Research Scientist,2,Married,2372,5628,6,Y,Yes,16,3,4,80,0,18,2,3,1,0,0,0,GlassDoor
43,Current employee,Travel_Frequently,313,Research & Development,21,3,Other,1,14827,138282,3,Female,78,4,2,Research Scientist,2,Married,2372,5628,4,Y,Yes,16,3,4,80,0,18,2,3,1,0,0,0,GlassDoor
43,Current employee,Travel_Frequently,313,Research & Development,21,3,Medical,1,14830,138285,3,Female,78,4,2,Research Scientist,2,Married,2372,5628,6,Y,Yes,16,3,4,80,0,18,2,3,1,0,0,0,GlassDoor
43,Current employee,Travel_Frequently,313,Research & Development,21,3,Other,1,14831,138286,3,Female,78,4,2,Research Scientist,2,Married,2372,5628,4,Y,Yes,16,3,4,80,0,18,2,3,1,0,0,0,GlassDoor
43,Current employee,Travel_Rarely,531,Sales,4,4,Marketing,1,14832,138287,4,Female,56,2,3,Sales Executive,4,Single,10231,20364,3,Y,No,14,3,4,80,0,23,3,4,21,7,15,17,Company Website
43,Current employee,Travel_Rarely,531,Sales,4,4,Life Sciences,1,14834,138289,4,Female,56,2,3,Sales Executive,4,Single,10231,20364,5,Y,No,14,4,4,80,0,23,3,4,21,7,15,17,Company Website
43,Current employee,Travel_Rarely,531,Sales,4,4,Marketing,1,14838,138293,4,Female,56,2,3,Sales Executive,4,Single,10231,20364,3,Y,No,14,3,4,80,0,23,3,4,21,7,15,17,Company Website
43,Current employee,Travel_Rarely,531,Sales,4,4,Life Sciences,1,14839,138294,4,Female,56,2,3,Sales Executive,4,Single,10231,20364,5,Y,No,14,3,4,80,0,23,3,4,21,7,15,17,Company Website
43,Current employee,Travel_Rarely,531,Sales,4,4,Marketing,1,14840,138295,4,Female,56,2,3,Sales Executive,4,Single,10231,20364,3,Y,No,14,3,4,80,0,23,3,4,21,7,15,17,Company Website
43,Current employee,Travel_Rarely,531,Sales,4,4,Life Sciences,1,14842,138297,4,Female,56,2,3,Sales Executive,4,Single,10231,20364,5,Y,No,14,4,4,80,0,23,3,4,21,7,15,17,Company Website
43,Current employee,Travel_Rarely,531,Sales,4,4,Marketing,1,14846,138301,4,Female,56,2,3,Sales Executive,4,Single,10231,20364,3,Y,No,14,3,4,80,0,23,3,4,21,7,15,17,Company Website
43,Current employee,Travel_Rarely,531,Sales,4,4,Life Sciences,1,14847,138302,4,Female,56,2,3,Sales Executive,4,Single,10231,20364,5,Y,No,14,3,4,80,0,23,3,4,21,7,15,17,Company Website
43,Current employee,Travel_Frequently,1001,Research & Development,9,5,Medical,1,15239,138694,3,Male,79,1,2,Sales Executive,2,Single,6151,22074,1,Y,No,13,4,1,80,0,19,4,3,19,2,11,9,Jora
43,Current employee,Travel_Frequently,1001,Research & Development,9,5,Medical,1,15240,138695,3,Male,79,1,2,Sales Executive,2,Single,6151,22074,6,Y,No,13,3,1,80,0,19,4,3,19,2,11,9,Jora
43,Current employee,Travel_Frequently,1001,Research & Development,9,5,Medical,1,15244,138699,3,Male,79,1,2,Sales Executive,2,Single,6151,22074,1,Y,No,13,3,1,80,0,19,4,3,19,2,11,9,Jora
43,Current employee,Travel_Frequently,1001,Research & Development,9,5,Medical,1,15245,138700,3,Male,79,1,2,Sales Executive,2,Single,6151,22074,6,Y,No,13,3,1,80,0,19,4,3,19,2,11,9,Jora
43,Current employee,Travel_Frequently,1001,Research & Development,9,5,Medical,1,15247,138702,3,Male,79,1,2,Sales Executive,2,Single,6151,22074,1,Y,No,13,4,1,80,0,19,4,3,19,2,11,9,Jora
43,Current employee,Travel_Frequently,1001,Research & Development,9,5,Medical,1,15248,138703,3,Male,79,1,2,Sales Executive,2,Single,6151,22074,6,Y,No,13,3,1,80,0,19,4,3,19,2,11,9,Jora
43,Current employee,Travel_Frequently,1001,Research & Development,9,5,Medical,1,15252,138707,3,Male,79,1,2,Sales Executive,2,Single,6151,22074,1,Y,No,13,3,1,80,0,19,4,3,19,2,11,9,Jora
43,Current employee,Travel_Frequently,1001,Research & Development,9,5,Medical,1,15253,138708,3,Male,79,1,2,Sales Executive,2,Single,6151,22074,6,Y,No,13,3,1,80,0,19,4,3,19,2,11,9,Jora
43,Current employee,Travel_Rarely,930,Research & Development,6,3,Medical,1,15934,139389,1,Female,73,2,2,Research Scientist,3,Single,4081,20003,1,Y,Yes,14,3,1,80,0,20,3,1,20,7,1,8,Company Website
43,Current employee,Travel_Rarely,930,Research & Development,6,3,Marketing,1,15936,139391,1,Female,73,2,2,Research Scientist,3,Single,4081,20003,3,Y,Yes,14,3,1,80,0,20,3,1,20,7,1,8,Company Website
43,Current employee,Travel_Rarely,930,Research & Development,6,3,Medical,1,15940,139395,1,Female,73,2,2,Research Scientist,3,Single,4081,20003,1,Y,Yes,14,3,1,80,0,20,3,1,20,7,1,8,Company Website
43,Current employee,Travel_Rarely,930,Research & Development,6,3,Marketing,1,15941,139396,1,Female,73,2,2,Research Scientist,3,Single,4081,20003,3,Y,Yes,14,3,1,80,0,20,3,1,20,7,1,8,Company Website
43,Current employee,Travel_Rarely,930,Research & Development,6,3,Medical,1,15942,139397,1,Female,73,2,2,Research Scientist,3,Single,4081,20003,1,Y,Yes,14,3,1,80,0,20,3,1,20,7,1,8,Company Website
43,Current employee,Travel_Rarely,930,Research & Development,6,3,Marketing,1,15944,139399,1,Female,73,2,2,Research Scientist,3,Single,4081,20003,3,Y,Yes,14,3,1,80,0,20,3,1,20,7,1,8,Company Website
43,Current employee,Travel_Rarely,930,Research & Development,6,3,Medical,1,15948,139403,1,Female,73,2,2,Research Scientist,3,Single,4081,20003,1,Y,Yes,14,3,1,80,0,20,3,1,20,7,1,8,Company Website
43,Current employee,Travel_Rarely,930,Research & Development,6,3,Marketing,1,15949,139404,1,Female,73,2,2,Research Scientist,3,Single,4081,20003,3,Y,Yes,14,3,1,80,0,20,3,1,20,7,1,8,Company Website
43,Current employee,Travel_Rarely,415,Sales,25,3,Medical,1,16682,140137,4,Male,83,2,1,Laboratory Technician,3,Single,3162,7973,3,Y,No,14,4,4,80,0,7,5,3,5,2,0,3,Jora
43,Current employee,Travel_Rarely,415,Sales,25,3,Technical Degree,1,16684,140139,4,Male,83,2,1,Laboratory Technician,3,Single,3162,7973,1,Y,No,14,3,4,80,0,7,5,3,5,2,0,3,Jora
43,Current employee,Travel_Rarely,415,Sales,25,3,Medical,1,16685,140140,4,Male,83,2,1,Laboratory Technician,3,Single,3162,7973,3,Y,No,14,3,4,80,0,7,5,3,5,2,0,3,Jora
43,Current employee,Travel_Rarely,415,Sales,25,3,Technical Degree,1,16686,140141,4,Male,83,2,1,Laboratory Technician,3,Single,3162,7973,1,Y,No,14,3,4,80,0,7,5,3,5,2,0,3,Jora
43,Current employee,Travel_Rarely,415,Sales,25,3,Medical,1,16690,140145,4,Male,83,2,1,Laboratory Technician,3,Single,3162,7973,3,Y,No,14,4,4,80,0,7,5,3,5,2,0,3,Jora
43,Current employee,Travel_Rarely,415,Sales,25,3,Technical Degree,1,16692,140147,4,Male,83,2,1,Laboratory Technician,3,Single,3162,7973,1,Y,No,14,3,4,80,0,7,5,3,5,2,0,3,Jora
43,Current employee,Travel_Rarely,415,Sales,25,3,Medical,1,16693,140148,4,Male,83,2,1,Laboratory Technician,3,Single,3162,7973,3,Y,No,14,3,4,80,0,7,5,3,5,2,0,3,Jora
43,Current employee,Travel_Rarely,415,Sales,25,3,Technical Degree,1,16694,140149,4,Male,83,2,1,Laboratory Technician,3,Single,3162,7973,1,Y,No,14,3,4,80,0,7,5,3,5,2,0,3,Jora
43,Current employee,Travel_Rarely,930,Research & Development,6,3,Medical,1,17669,141124,4,Male,85,4,1,Research Scientist,3,Married,2451,22376,6,Y,No,18,3,1,80,2,5,2,2,1,0,0,0,Adzuna
43,Current employee,Travel_Rarely,930,Research & Development,6,3,Marketing,1,17670,141125,4,Male,85,4,1,Research Scientist,3,Married,2451,22376,3,Y,No,18,3,1,80,2,5,2,2,1,0,0,0,Adzuna
43,Current employee,Travel_Rarely,930,Research & Development,6,3,Medical,1,17674,141129,4,Male,85,4,1,Research Scientist,3,Married,2451,22376,6,Y,No,18,3,1,80,2,5,2,2,1,0,0,0,Adzuna
43,Current employee,Travel_Rarely,930,Research & Development,6,3,Marketing,1,17675,141130,4,Male,85,4,1,Research Scientist,3,Married,2451,22376,3,Y,No,18,3,1,80,2,5,2,2,1,0,0,0,Adzuna
43,Current employee,Travel_Rarely,930,Research & Development,6,3,Medical,1,17677,141132,4,Male,85,4,1,Research Scientist,3,Married,2451,22376,6,Y,No,18,3,1,80,2,5,2,2,1,0,0,0,Adzuna
43,Current employee,Travel_Rarely,930,Research & Development,6,3,Marketing,1,17678,141133,4,Male,85,4,1,Research Scientist,3,Married,2451,22376,3,Y,No,18,3,1,80,2,5,2,2,1,0,0,0,Adzuna
43,Current employee,Travel_Rarely,930,Research & Development,6,3,Medical,1,17682,141137,4,Male,85,4,1,Research Scientist,3,Married,2451,22376,6,Y,No,18,3,1,80,2,5,2,2,1,0,0,0,Adzuna
43,Current employee,Travel_Rarely,930,Research & Development,6,3,Marketing,1,17683,141138,4,Male,85,4,1,Research Scientist,3,Married,2451,22376,3,Y,No,18,3,1,80,2,5,2,2,1,0,0,0,Adzuna
43,Current employee,Travel_Rarely,990,Research & Development,27,3,Technical Degree,1,18111,141566,4,Male,87,4,1,Laboratory Technician,2,Divorced,4876,5855,5,Y,No,12,3,3,80,1,8,0,3,6,4,0,2,Referral
43,Current employee,Travel_Rarely,990,Research & Development,27,3,Technical Degree,1,18114,141569,4,Male,87,4,1,Laboratory Technician,2,Divorced,4876,5855,1,Y,No,12,3,3,80,1,8,0,3,6,4,0,2,Referral
43,Current employee,Travel_Rarely,990,Research & Development,27,3,Technical Degree,1,18117,141572,4,Male,87,4,1,Laboratory Technician,2,Divorced,4876,5855,5,Y,No,12,3,3,80,1,8,0,3,6,4,0,2,Referral
43,Current employee,Travel_Rarely,990,Research & Development,27,3,Technical Degree,1,18118,141573,4,Male,87,4,1,Laboratory Technician,2,Divorced,4876,5855,1,Y,No,12,3,3,80,1,8,0,3,6,4,0,2,Referral
43,Current employee,Travel_Rarely,990,Research & Development,27,3,Technical Degree,1,18121,141576,4,Male,87,4,1,Laboratory Technician,2,Divorced,4876,5855,1,Y,No,12,3,3,80,1,8,0,3,6,4,0,2,Referral
43,Current employee,Travel_Rarely,990,Research & Development,27,3,Technical Degree,1,18124,141579,4,Male,87,4,1,Laboratory Technician,2,Divorced,4876,5855,5,Y,No,12,3,3,80,1,8,0,3,6,4,0,2,Referral
43,Current employee,Travel_Rarely,990,Research & Development,27,3,Technical Degree,1,18125,141580,4,Male,87,4,1,Laboratory Technician,2,Divorced,4876,5855,1,Y,No,12,3,3,80,1,8,0,3,6,4,0,2,Referral
43,Current employee,Travel_Rarely,1179,Sales,2,3,Medical,1,18872,142327,4,Male,88,3,1,Laboratory Technician,2,Single,2013,10950,2,Y,No,11,3,3,80,0,15,4,3,4,3,1,3,Company Website
43,Current employee,Travel_Rarely,1179,Sales,2,3,Life Sciences,1,18873,142328,4,Male,88,3,1,Laboratory Technician,2,Single,2013,10950,1,Y,No,11,3,3,80,0,15,4,3,4,3,1,3,Company Website
43,Current employee,Travel_Rarely,1179,Sales,2,3,Medical,1,18877,142332,4,Male,88,3,1,Laboratory Technician,2,Single,2013,10950,2,Y,No,11,3,3,80,0,15,4,3,4,3,1,3,Company Website
43,Current employee,Travel_Rarely,1179,Sales,2,3,Life Sciences,1,18878,142333,4,Male,88,3,1,Laboratory Technician,2,Single,2013,10950,1,Y,No,11,3,3,80,0,15,4,3,4,3,1,3,Company Website
43,Current employee,Travel_Rarely,1179,Sales,2,3,Medical,1,18880,142335,4,Male,88,3,1,Laboratory Technician,2,Single,2013,10950,2,Y,No,11,3,3,80,0,15,4,3,4,3,1,3,Company Website
43,Current employee,Travel_Rarely,1179,Sales,2,3,Life Sciences,1,18881,142336,4,Male,88,3,1,Laboratory Technician,2,Single,2013,10950,1,Y,No,11,3,3,80,0,15,4,3,4,3,1,3,Company Website
43,Current employee,Travel_Rarely,1179,Sales,2,3,Medical,1,18885,142340,4,Male,88,3,1,Laboratory Technician,2,Single,2013,10950,2,Y,No,11,3,3,80,0,15,4,3,4,3,1,3,Company Website
43,Current employee,Travel_Rarely,1179,Sales,2,3,Life Sciences,1,18886,142341,4,Male,88,3,1,Laboratory Technician,2,Single,2013,10950,1,Y,No,11,3,3,80,0,15,4,3,4,3,1,3,Company Website
43,Current employee,Travel_Rarely,1291,Research & Development,15,2,Life Sciences,1,18949,142404,3,Male,65,2,4,Research Director,3,Married,17603,3525,1,Y,No,24,3,1,80,1,14,3,3,14,10,6,11,Indeed
43,Current employee,Travel_Rarely,1291,Research & Development,15,2,Medical,1,18952,142407,3,Male,65,2,4,Research Director,3,Married,17603,3525,2,Y,No,24,3,1,80,1,14,3,3,14,10,6,11,Indeed
43,Current employee,Travel_Rarely,1291,Research & Development,15,2,Life Sciences,1,18955,142410,3,Male,65,2,4,Research Director,3,Married,17603,3525,1,Y,No,24,4,1,80,1,14,3,3,14,10,6,11,Indeed
43,Current employee,Travel_Rarely,1291,Research & Development,15,2,Medical,1,18956,142411,3,Male,65,2,4,Research Director,3,Married,17603,3525,2,Y,No,24,4,1,80,1,14,3,3,14,10,6,11,Indeed
43,Current employee,Travel_Rarely,1291,Research & Development,15,2,Life Sciences,1,18957,142412,3,Male,65,2,4,Research Director,3,Married,17603,3525,1,Y,No,24,3,1,80,1,14,3,3,14,10,6,11,Indeed
43,Current employee,Travel_Rarely,1291,Research & Development,15,2,Medical,1,18960,142415,3,Male,65,2,4,Research Director,3,Married,17603,3525,2,Y,No,24,3,1,80,1,14,3,3,14,10,6,11,Indeed
43,Current employee,Travel_Rarely,1291,Research & Development,15,2,Life Sciences,1,18963,142418,3,Male,65,2,4,Research Director,3,Married,17603,3525,1,Y,No,24,4,1,80,1,14,3,3,14,10,6,11,Indeed
43,Current employee,Travel_Rarely,1291,Research & Development,15,2,Medical,1,18964,142419,3,Male,65,2,4,Research Director,3,Married,17603,3525,2,Y,No,24,4,1,80,1,14,3,3,14,10,6,11,Indeed
43,Current employee,Travel_Rarely,823,Research & Development,6,3,Medical,1,19411,142866,4,Female,90,4,3,Healthcare Representative,4,Married,7879,14810,1,Y,Yes,19,3,2,80,1,9,2,3,8,7,6,7,Indeed
43,Current employee,Travel_Rarely,823,Research & Development,6,3,Marketing,1,19413,142868,4,Female,90,4,3,Healthcare Representative,4,Married,7879,14810,0,Y,Yes,19,3,2,80,1,9,2,3,8,7,6,7,Indeed
43,Current employee,Travel_Rarely,823,Research & Development,6,3,Medical,1,19414,142869,4,Female,90,4,3,Healthcare Representative,4,Married,7879,14810,1,Y,Yes,19,3,2,80,1,9,2,3,8,7,6,7,Indeed
43,Current employee,Travel_Rarely,823,Research & Development,6,3,Marketing,1,19415,142870,4,Female,90,4,3,Healthcare Representative,4,Married,7879,14810,0,Y,Yes,19,3,2,80,1,9,2,3,8,7,6,7,Indeed
43,Current employee,Travel_Rarely,823,Research & Development,6,3,Medical,1,19419,142874,4,Female,90,4,3,Healthcare Representative,4,Married,7879,14810,1,Y,Yes,19,3,2,80,1,9,2,3,8,7,6,7,Indeed
43,Current employee,Travel_Rarely,823,Research & Development,6,3,Marketing,1,19421,142876,4,Female,90,4,3,Healthcare Representative,4,Married,7879,14810,0,Y,Yes,19,3,2,80,1,9,2,3,8,7,6,7,Indeed
43,Current employee,Travel_Rarely,823,Research & Development,6,3,Medical,1,19422,142877,4,Female,90,4,3,Healthcare Representative,4,Married,7879,14810,1,Y,Yes,19,3,2,80,1,9,2,3,8,7,6,7,Indeed
43,Current employee,Travel_Rarely,823,Research & Development,6,3,Marketing,1,19423,142878,4,Female,90,4,3,Healthcare Representative,4,Married,7879,14810,0,Y,Yes,19,3,2,80,1,9,2,3,8,7,6,7,Indeed
43,Current employee,Travel_Rarely,1179,Sales,2,3,Medical,1,19442,142897,4,Male,73,3,2,Sales Executive,4,Married,7847,6069,1,Y,Yes,17,4,1,80,1,10,3,3,10,9,8,8,LinkedIn
43,Current employee,Travel_Rarely,1179,Sales,2,3,Life Sciences,1,19444,142899,4,Male,73,3,2,Sales Executive,4,Married,7847,6069,4,Y,Yes,17,3,1,80,1,10,3,3,10,9,8,8,LinkedIn
43,Current employee,Travel_Rarely,1179,Sales,2,3,Medical,1,19448,142903,4,Male,73,3,2,Sales Executive,4,Married,7847,6069,1,Y,Yes,17,3,1,80,1,10,3,3,10,9,8,8,LinkedIn
43,Current employee,Travel_Rarely,1179,Sales,2,3,Life Sciences,1,19449,142904,4,Male,73,3,2,Sales Executive,4,Married,7847,6069,4,Y,Yes,17,3,1,80,1,10,3,3,10,9,8,8,LinkedIn
43,Current employee,Travel_Rarely,1179,Sales,2,3,Medical,1,19450,142905,4,Male,73,3,2,Sales Executive,4,Married,7847,6069,1,Y,Yes,17,4,1,80,1,10,3,3,10,9,8,8,LinkedIn
43,Current employee,Travel_Rarely,1179,Sales,2,3,Life Sciences,1,19452,142907,4,Male,73,3,2,Sales Executive,4,Married,7847,6069,4,Y,Yes,17,3,1,80,1,10,3,3,10,9,8,8,LinkedIn
43,Current employee,Travel_Rarely,1179,Sales,2,3,Medical,1,19456,142911,4,Male,73,3,2,Sales Executive,4,Married,7847,6069,1,Y,Yes,17,3,1,80,1,10,3,3,10,9,8,8,LinkedIn
43,Current employee,Travel_Rarely,1179,Sales,2,3,Life Sciences,1,19457,142912,4,Male,73,3,2,Sales Executive,4,Married,7847,6069,4,Y,Yes,17,3,1,80,1,10,3,3,10,9,8,8,LinkedIn
43,Current employee,Travel_Rarely,244,Human Resources,2,3,Life Sciences,1,20283,143738,2,Male,97,3,1,Human Resources,4,Single,3539,5033,0,Y,No,13,3,2,80,0,10,5,3,9,7,1,8,Jora
43,Current employee,Travel_Rarely,244,Human Resources,2,3,Life Sciences,1,20285,143740,2,Male,97,3,1,Human Resources,4,Single,3539,5033,0,Y,No,13,4,2,80,0,10,5,3,9,7,1,8,Jora
43,Current employee,Travel_Rarely,244,Human Resources,2,3,Life Sciences,1,20289,143744,2,Male,97,3,1,Human Resources,4,Single,3539,5033,0,Y,No,13,3,2,80,0,10,5,3,9,7,1,8,Jora
43,Current employee,Travel_Rarely,244,Human Resources,2,3,Life Sciences,1,20290,143745,2,Male,97,3,1,Human Resources,4,Single,3539,5033,0,Y,No,13,3,2,80,0,10,5,3,9,7,1,8,Jora
43,Current employee,Travel_Rarely,244,Human Resources,2,3,Life Sciences,1,20291,143746,2,Male,97,3,1,Human Resources,4,Single,3539,5033,0,Y,No,13,3,2,80,0,10,5,3,9,7,1,8,Jora
43,Current employee,Travel_Rarely,244,Human Resources,2,3,Life Sciences,1,20293,143748,2,Male,97,3,1,Human Resources,4,Single,3539,5033,0,Y,No,13,4,2,80,0,10,5,3,9,7,1,8,Jora
43,Current employee,Travel_Rarely,244,Human Resources,2,3,Life Sciences,1,20297,143752,2,Male,97,3,1,Human Resources,4,Single,3539,5033,0,Y,No,13,3,2,80,0,10,5,3,9,7,1,8,Jora
43,Current employee,Travel_Rarely,244,Human Resources,2,3,Life Sciences,1,20298,143753,2,Male,97,3,1,Human Resources,4,Single,3539,5033,0,Y,No,13,3,2,80,0,10,5,3,9,7,1,8,Jora
43,Current employee,Travel_Rarely,1473,Research & Development,8,4,Other,1,20332,143787,4,Female,92,2,1,Laboratory Technician,3,Married,3702,16376,1,Y,No,11,3,2,80,1,5,3,3,5,4,0,4,Adzuna
43,Current employee,Travel_Rarely,1473,Research & Development,8,4,Medical,1,20334,143789,4,Female,92,2,1,Laboratory Technician,3,Married,3702,16376,1,Y,No,11,3,2,80,1,5,3,3,5,4,0,4,Adzuna
43,Current employee,Travel_Rarely,1473,Research & Development,8,4,Other,1,20337,143792,4,Female,92,2,1,Laboratory Technician,3,Married,3702,16376,1,Y,No,11,3,2,80,1,5,3,3,5,4,0,4,Adzuna
43,Current employee,Travel_Rarely,1473,Research & Development,8,4,Medical,1,20338,143793,4,Female,92,2,1,Laboratory Technician,3,Married,3702,16376,1,Y,No,11,3,2,80,1,5,3,3,5,4,0,4,Adzuna
43,Current employee,Travel_Rarely,1473,Research & Development,8,4,Other,1,20340,143795,4,Female,92,2,1,Laboratory Technician,3,Married,3702,16376,1,Y,No,11,3,2,80,1,5,3,3,5,4,0,4,Adzuna
43,Current employee,Travel_Rarely,1473,Research & Development,8,4,Medical,1,20342,143797,4,Female,92,2,1,Laboratory Technician,3,Married,3702,16376,1,Y,No,11,3,2,80,1,5,3,3,5,4,0,4,Adzuna
43,Current employee,Travel_Rarely,1473,Research & Development,8,4,Other,1,20345,143800,4,Female,92,2,1,Laboratory Technician,3,Married,3702,16376,1,Y,No,11,3,2,80,1,5,3,3,5,4,0,4,Adzuna
43,Current employee,Travel_Rarely,1473,Research & Development,8,4,Medical,1,20346,143801,4,Female,92,2,1,Laboratory Technician,3,Married,3702,16376,1,Y,No,11,3,2,80,1,5,3,3,5,4,0,4,Adzuna
43,Current employee,Travel_Rarely,782,Research & Development,6,4,Other,1,20476,143931,4,Male,93,3,2,Sales Executive,4,Single,5813,13492,1,Y,Yes,18,3,4,80,0,10,2,3,10,7,7,7,GlassDoor
43,Current employee,Travel_Rarely,782,Research & Development,6,4,Marketing,1,20477,143932,4,Male,93,3,2,Sales Executive,4,Single,5813,13492,5,Y,Yes,18,3,4,80,0,10,2,3,10,7,7,7,GlassDoor
43,Current employee,Travel_Rarely,782,Research & Development,6,4,Other,1,20481,143936,4,Male,93,3,2,Sales Executive,4,Single,5813,13492,1,Y,Yes,18,3,4,80,0,10,2,3,10,7,7,7,GlassDoor
43,Current employee,Travel_Rarely,782,Research & Development,6,4,Marketing,1,20482,143937,4,Male,93,3,2,Sales Executive,4,Single,5813,13492,5,Y,Yes,18,3,4,80,0,10,2,3,10,7,7,7,GlassDoor
43,Current employee,Travel_Rarely,782,Research & Development,6,4,Other,1,20484,143939,4,Male,93,3,2,Sales Executive,4,Single,5813,13492,1,Y,Yes,18,3,4,80,0,10,2,3,10,7,7,7,GlassDoor
43,Current employee,Travel_Rarely,782,Research & Development,6,4,Marketing,1,20485,143940,4,Male,93,3,2,Sales Executive,4,Single,5813,13492,5,Y,Yes,18,3,4,80,0,10,2,3,10,7,7,7,GlassDoor
43,Current employee,Travel_Rarely,782,Research & Development,6,4,Other,1,20489,143944,4,Male,93,3,2,Sales Executive,4,Single,5813,13492,1,Y,Yes,18,3,4,80,0,10,2,3,10,7,7,7,GlassDoor
43,Current employee,Travel_Rarely,782,Research & Development,6,4,Marketing,1,20490,143945,4,Male,93,3,2,Sales Executive,4,Single,5813,13492,5,Y,Yes,18,3,4,80,0,10,2,3,10,7,7,7,GlassDoor
43,Current employee,Non-Travel,343,Research & Development,9,3,Life Sciences,1,20667,144122,1,Male,52,3,1,Research Scientist,3,Single,,24978,4,Y,No,13,3,3,80,0,7,2,2,3,2,1,2,Company Website
43,Current employee,Non-Travel,343,Research & Development,9,3,Medical,1,20670,144125,1,Male,52,3,1,Research Scientist,3,Single,2438,24978,3,Y,No,13,4,3,80,0,7,2,2,3,2,1,2,Company Website
43,Current employee,Non-Travel,343,Research & Development,9,3,Life Sciences,1,20673,144128,1,Male,52,3,1,Research Scientist,3,Single,2438,24978,4,Y,No,13,3,3,80,0,7,2,2,3,2,1,2,Company Website
43,Current employee,Non-Travel,343,Research & Development,9,3,Medical,1,20674,144129,1,Male,52,3,1,Research Scientist,3,Single,2438,24978,3,Y,No,13,3,3,80,0,7,2,2,3,2,1,2,Company Website
43,Current employee,Non-Travel,343,Research & Development,9,3,Life Sciences,1,20675,144130,1,Male,52,3,1,Research Scientist,3,Single,2438,24978,4,Y,No,13,3,3,80,0,7,2,2,3,2,1,2,Company Website
43,Current employee,Non-Travel,343,Research & Development,9,3,Medical,1,20678,144133,1,Male,52,3,1,Research Scientist,3,Single,2438,24978,3,Y,No,13,4,3,80,0,7,2,2,3,2,1,2,Company Website
43,Current employee,Non-Travel,343,Research & Development,9,3,Life Sciences,1,20681,144136,1,Male,52,3,1,Research Scientist,3,Single,2438,24978,4,Y,No,13,3,3,80,0,7,2,2,3,2,1,2,Company Website
43,Current employee,Non-Travel,343,Research & Development,9,3,Medical,1,20682,144137,1,Male,52,3,1,Research Scientist,3,Single,2438,24978,3,Y,No,13,3,3,80,0,7,2,2,3,2,1,2,Company Website
43,Current employee,Travel_Frequently,1422,Sales,2,4,Life Sciences,1,21034,144489,1,Male,92,3,2,Sales Executive,4,Married,5675,19246,1,Y,No,20,3,3,80,1,7,5,3,7,7,7,7,Indeed
43,Current employee,Travel_Frequently,1422,Sales,2,4,Life Sciences,1,21036,144491,1,Male,92,3,2,Sales Executive,4,Married,5675,19246,4,Y,No,20,3,3,80,1,7,5,3,7,7,7,7,Indeed
43,Current employee,Travel_Frequently,1422,Sales,2,4,Life Sciences,1,21038,144493,1,Male,92,3,2,Sales Executive,4,Married,5675,19246,1,Y,No,20,4,3,80,1,7,5,3,7,7,7,7,Indeed
43,Current employee,Travel_Frequently,1422,Sales,2,4,Life Sciences,1,21039,144494,1,Male,92,3,2,Sales Executive,4,Married,5675,19246,4,Y,No,20,4,3,80,1,7,5,3,7,7,7,7,Indeed
43,Current employee,Travel_Frequently,1422,Sales,2,4,Life Sciences,1,21042,144497,1,Male,92,3,2,Sales Executive,4,Married,5675,19246,1,Y,No,20,3,3,80,1,7,5,3,7,7,7,7,Indeed
43,Current employee,Travel_Frequently,1422,Sales,2,4,Life Sciences,1,21044,144499,1,Male,92,3,2,Sales Executive,4,Married,5675,19246,4,Y,No,20,3,3,80,1,7,5,3,7,7,7,7,Indeed
43,Current employee,Travel_Frequently,1422,Sales,2,4,Life Sciences,1,21046,144501,1,Male,92,3,2,Sales Executive,4,Married,5675,19246,1,Y,No,20,4,3,80,1,7,5,3,7,7,7,7,Indeed
43,Current employee,Travel_Frequently,1422,Sales,2,4,Life Sciences,1,21047,144502,1,Male,92,3,2,Sales Executive,4,Married,5675,19246,4,Y,No,20,4,3,80,1,7,5,3,7,7,7,7,Indeed
43,Current employee,Travel_Rarely,823,Research & Development,6,3,Medical,1,21258,144713,1,Female,30,2,5,Manager,3,Married,19392,22539,7,Y,No,13,3,4,80,0,21,2,3,16,12,6,14,LinkedIn
43,Current employee,Travel_Rarely,823,Research & Development,6,3,Marketing,1,21260,144715,1,Female,30,2,5,Manager,3,Married,19392,22539,1,Y,No,13,3,4,80,0,21,2,3,16,12,6,14,LinkedIn
43,Current employee,Travel_Rarely,823,Research & Development,6,3,Medical,1,21264,144719,1,Female,30,2,5,Manager,3,Married,19392,22539,7,Y,No,13,3,4,80,0,21,2,3,16,12,6,14,LinkedIn
43,Current employee,Travel_Rarely,823,Research & Development,6,3,Marketing,1,21265,144720,1,Female,30,2,5,Manager,3,Married,19392,22539,1,Y,No,13,3,4,80,0,21,2,3,16,12,6,14,LinkedIn
43,Current employee,Travel_Rarely,823,Research & Development,6,3,Medical,1,21266,144721,1,Female,30,2,5,Manager,3,Married,19392,22539,7,Y,No,13,3,4,80,0,21,2,3,16,12,6,14,LinkedIn
43,Current employee,Travel_Rarely,823,Research & Development,6,3,Marketing,1,21268,144723,1,Female,30,2,5,Manager,3,Married,19392,22539,1,Y,No,13,3,4,80,0,21,2,3,16,12,6,14,LinkedIn
43,Current employee,Travel_Rarely,823,Research & Development,6,3,Medical,1,21272,144727,1,Female,30,2,5,Manager,3,Married,19392,22539,7,Y,No,13,3,4,80,0,21,2,3,16,12,6,14,LinkedIn
43,Current employee,Travel_Rarely,823,Research & Development,6,3,Marketing,1,21273,144728,1,Female,30,2,5,Manager,3,Married,19392,22539,1,Y,No,13,3,4,80,0,21,2,3,16,12,6,14,LinkedIn
43,Current employee,Travel_Rarely,574,Research & Development,11,3,Life Sciences,1,22373,145828,1,Male,33,3,3,Healthcare Representative,3,Married,7510,16873,1,Y,No,17,3,2,80,1,10,1,3,10,9,0,9,GlassDoor
43,Current employee,Travel_Rarely,574,Research & Development,11,3,Medical,1,22376,145831,1,Male,33,3,3,Healthcare Representative,3,Married,7510,16873,0,Y,No,17,4,2,80,1,10,1,3,10,9,0,9,GlassDoor
43,Current employee,Travel_Rarely,574,Research & Development,11,3,Life Sciences,1,22379,145834,1,Male,33,3,3,Healthcare Representative,3,Married,7510,16873,1,Y,No,17,3,2,80,1,10,1,3,10,9,0,9,GlassDoor
43,Current employee,Travel_Rarely,574,Research & Development,11,3,Medical,1,22380,145835,1,Male,33,3,3,Healthcare Representative,3,Married,7510,16873,0,Y,No,17,3,2,80,1,10,1,3,10,9,0,9,GlassDoor
43,Current employee,Travel_Rarely,574,Research & Development,11,3,Life Sciences,1,22381,145836,1,Male,33,3,3,Healthcare Representative,3,Married,7510,16873,1,Y,No,17,3,2,80,1,10,1,3,10,9,0,9,GlassDoor
43,Current employee,Travel_Rarely,574,Research & Development,11,3,Medical,1,22384,145839,1,Male,33,3,3,Healthcare Representative,3,Married,7510,16873,0,Y,No,17,4,2,80,1,10,1,3,10,9,0,9,GlassDoor
43,Current employee,Travel_Rarely,574,Research & Development,11,3,Life Sciences,1,22387,145842,1,Male,33,3,3,Healthcare Representative,3,Married,7510,16873,1,Y,No,17,3,2,80,1,10,1,3,10,9,0,9,GlassDoor
43,Current employee,Travel_Rarely,574,Research & Development,11,3,Medical,1,22388,145843,1,Male,33,3,3,Healthcare Representative,3,Married,7510,16873,0,Y,No,17,3,2,80,1,10,1,3,10,9,0,9,GlassDoor
43,Current employee,Travel_Rarely,990,Research & Development,27,3,Technical Degree,1,23107,146562,4,Female,99,2,4,Manufacturing Director,2,Married,13570,5640,0,Y,No,23,3,3,80,1,21,3,3,20,7,0,10,Jora
43,Current employee,Travel_Rarely,990,Research & Development,27,3,Technical Degree,1,23108,146563,4,Female,99,2,4,Manufacturing Director,2,Married,13570,5640,1,Y,No,23,3,3,80,1,21,3,3,20,7,0,10,Jora
43,Current employee,Travel_Rarely,990,Research & Development,27,3,Technical Degree,1,23112,146567,4,Female,99,2,4,Manufacturing Director,2,Married,13570,5640,0,Y,No,23,4,3,80,1,21,3,3,20,7,0,10,Jora
43,Current employee,Travel_Rarely,990,Research & Development,27,3,Technical Degree,1,23113,146568,4,Female,99,2,4,Manufacturing Director,2,Married,13570,5640,1,Y,No,23,4,3,80,1,21,3,3,20,7,0,10,Jora
43,Current employee,Travel_Rarely,990,Research & Development,27,3,Technical Degree,1,23115,146570,4,Female,99,2,4,Manufacturing Director,2,Married,13570,5640,0,Y,No,23,3,3,80,1,21,3,3,20,7,0,10,Jora
43,Current employee,Travel_Rarely,990,Research & Development,27,3,Technical Degree,1,23116,146571,4,Female,99,2,4,Manufacturing Director,2,Married,13570,5640,1,Y,No,23,3,3,80,1,21,3,3,20,7,0,10,Jora
43,Current employee,Travel_Rarely,990,Research & Development,27,3,Technical Degree,1,23120,146575,4,Female,99,2,4,Manufacturing Director,2,Married,13570,5640,0,Y,No,23,4,3,80,1,21,3,3,20,7,0,10,Jora
43,Current employee,Travel_Rarely,990,Research & Development,27,3,Technical Degree,1,23121,146576,4,Female,99,2,4,Manufacturing Director,2,Married,13570,5640,1,Y,No,23,4,3,80,1,21,3,3,20,7,0,10,Jora
59,Current employee,Non-Travel,1420,Human Resources,2,4,Human Resources,1,20,123475,1,Male,37,2,2,Research Scientist,2,Married,5130,24907,1,Y,No,23,3,4,80,1,10,3,3,10,7,1,7,Seek
59,Current employee,Non-Travel,1420,Human Resources,2,4,Life Sciences,1,21,123476,1,Male,37,2,2,Research Scientist,2,Married,5130,24907,2,Y,No,23,3,4,80,1,10,3,3,10,7,1,7,Seek
59,Current employee,Non-Travel,1420,Human Resources,2,4,Human Resources,1,25,123480,1,Male,37,2,2,Research Scientist,2,Married,5130,24907,1,Y,No,23,4,4,80,1,10,3,3,10,7,1,7,Seek
59,Current employee,Non-Travel,1420,Human Resources,2,4,Life Sciences,1,26,123481,1,Male,37,2,2,Research Scientist,2,Married,5130,24907,2,Y,No,23,4,4,80,1,16,3,2,14,8,6,9,Seek
59,Current employee,Non-Travel,1420,Human Resources,2,4,Human Resources,1,30,123485,1,Male,37,2,2,Research Scientist,2,Married,5130,24907,1,Y,No,23,3,4,80,1,10,3,3,10,7,1,7,Seek
59,Current employee,Non-Travel,1420,Human Resources,2,4,Life Sciences,1,31,123486,1,Male,37,2,2,Research Scientist,2,Married,5130,24907,2,Y,No,23,3,4,80,1,10,3,3,10,7,1,7,Seek
59,Current employee,Non-Travel,1420,Human Resources,2,4,Human Resources,1,35,123490,1,Male,37,2,2,Research Scientist,2,Married,5130,24907,1,Y,No,23,4,4,80,1,10,3,3,10,7,1,7,Seek
59,Current employee,Non-Travel,1420,Human Resources,2,4,Life Sciences,1,36,123491,1,Male,37,2,2,Research Scientist,2,Married,5130,24907,2,Y,No,23,4,4,80,1,16,3,2,14,8,6,9,Seek
59,Current employee,Travel_Rarely,1324,Research & Development,3,3,Medical,1,117,123572,3,Female,81,4,1,Laboratory Technician,1,Married,2670,9964,4,Y,Yes,20,3,1,80,3,12,3,2,1,0,0,0,Seek
59,Current employee,Travel_Rarely,1324,Research & Development,3,3,Life Sciences,1,119,123574,3,Female,81,4,1,Laboratory Technician,1,Married,2670,9964,1,Y,Yes,20,3,1,80,3,12,3,2,1,0,0,0,Seek
59,Current employee,Travel_Rarely,1324,Research & Development,3,3,Medical,1,123,123578,3,Female,81,4,1,Laboratory Technician,1,Married,2670,9964,4,Y,Yes,20,4,1,80,3,12,3,2,1,0,0,0,Seek
59,Current employee,Travel_Rarely,1324,Research & Development,3,3,Life Sciences,1,124,123579,3,Female,81,4,1,Manufacturing Director,3,Married,6132,13983,1,Y,No,17,3,3,80,0,10,3,3,0,0,0,0,Seek
59,Current employee,Travel_Rarely,1324,Research & Development,3,3,Medical,1,125,123580,3,Female,81,4,1,Laboratory Technician,1,Married,2670,9964,4,Y,Yes,20,3,1,80,3,12,3,2,1,0,0,0,Seek
59,Current employee,Travel_Rarely,1324,Research & Development,3,3,Medical,1,126,123581,3,Male,76,3,1,Research Scientist,2,Married,2703,4956,0,Y,No,23,3,4,80,1,6,3,3,5,4,0,4,Jora
59,Current employee,Travel_Rarely,1324,Research & Development,3,3,Medical,1,129,123584,3,Female,79,3,5,Manager,3,Married,18041,13022,0,Y,No,14,3,4,80,0,21,2,3,20,15,1,12,GlassDoor
59,Current employee,Travel_Rarely,1324,Research & Development,3,3,Life Sciences,1,126,123589,3,Female,81,4,1,Laboratory Technician,1,Married,2670,9964,1,Y,Yes,20,3,1,80,3,12,3,2,1,0,0,0,Seek
59,Current employee,Travel_Rarely,1324,Research & Development,3,3,Medical,1,138,123593,3,Female,81,4,1,Laboratory Technician,1,Married,2670,9964,4,Y,Yes,20,4,1,80,3,12,3,2,1,0,0,0,Seek
59,Current employee,Travel_Rarely,1324,Research & Development,3,3,Life Sciences,1,139,123594,3,Female,81,,1,Manufacturing Director,3,Married,6132,13983,1,Y,No,17,3,3,80,0,10,3,3,0,,0,0,Seek
59,Current employee,Non-Travel,1420,Human Resources,2,4,Human Resources,1,249,123704,4,Female,49,2,2,Laboratory Technician,3,Single,4193,12682,9,Y,No,21,3,4,80,1,30,3,3,3,2,2,2,Indeed
59,Current employee,Travel_Rarely,1435,Sales,25,3,Life Sciences,1,1050,124505,1,Female,40,3,1,Laboratory Technician,1,Married,4014,16002,3,Y,Yes,15,4,3,80,1,4,3,3,2,2,2,2,Seek
59,Current employee,Travel_Rarely,1435,Sales,25,3,Technical Degree,1,1052,124507,1,Female,40,3,1,Laboratory Technician,1,Married,4014,16002,1,Y,Yes,15,3,3,80,1,4,3,3,2,2,2,2,Seek
59,Current employee,Travel_Rarely,1435,Sales,25,3,Life Sciences,1,1055,124510,1,Female,40,3,1,Laboratory Technician,1,Married,4014,16002,3,Y,Yes,15,3,3,80,1,4,3,3,2,2,2,2,Seek
59,Current employee,Travel_Rarely,1435,Sales,25,3,Technical Degree,1,1056,124511,1,Female,40,3,1,Research Director,2,Single,19246,25761,1,Y,Yes,12,3,4,80,0,40,5,4,0,0,0,0,Seek
59,Current employee,Travel_Rarely,1435,Sales,25,3,Life Sciences,1,1058,124513,1,Female,40,3,1,Laboratory Technician,1,Married,4014,16002,3,Y,Yes,15,4,3,80,1,4,3,3,2,2,2,2,Seek
59,Current employee,Travel_Rarely,1435,Sales,25,3,Technical Degree,1,1060,124515,1,Female,40,3,1,Laboratory Technician,1,Married,4014,16002,1,Y,Yes,15,3,3,80,1,4,3,3,2,2,2,2,Seek
59,Current employee,Travel_Rarely,1435,Sales,25,3,Life Sciences,1,1063,124518,1,Female,40,3,1,Laboratory Technician,1,Married,4014,16002,3,Y,Yes,15,3,3,80,1,4,3,3,2,2,2,2,Seek
59,Current employee,Travel_Rarely,1435,Sales,25,3,Technical Degree,1,1064,124519,1,Female,40,3,1,Research Director,2,Single,19246,25761,1,Y,Yes,12,3,4,80,0,40,5,,0,0,0,0,Seek
59,Current employee,Travel_Frequently,1225,Sales,1,1,Life Sciences,1,1098,124553,1,Male,40,3,2,Manufacturing Director,4,Married,6162,10877,1,Y,Yes,22,3,2,80,1,9,3,3,9,8,7,8,GlassDoor
59,Current employee,Travel_Frequently,1225,Sales,1,1,Life Sciences,1,1100,124555,1,Male,40,3,2,Manufacturing Director,4,Married,6162,10877,1,Y,Yes,22,3,2,80,1,9,3,3,9,8,7,8,GlassDoor
59,Current employee,Travel_Frequently,1225,Sales,1,1,Life Sciences,1,1103,124558,1,Male,40,3,2,Manufacturing Director,4,Married,6162,10877,1,Y,Yes,22,4,2,80,1,9,3,3,9,8,7,8,GlassDoor
59,Current employee,Travel_Frequently,1225,Sales,1,1,Life Sciences,1,1104,124559,1,Male,40,3,2,Research Scientist,2,Married,3346,11873,3,Y,Yes,20,4,2,80,1,9,4,2,3,2,2,2,GlassDoor
59,Current employee,Travel_Frequently,1225,Sales,1,1,Life Sciences,1,1106,124561,1,Male,40,3,2,Manufacturing Director,4,Married,6162,10877,1,Y,Yes,22,3,2,80,1,9,3,3,9,8,7,8,GlassDoor
59,Current employee,Travel_Frequently,1225,Sales,1,1,Life Sciences,1,1108,124563,1,Male,40,3,2,Manufacturing Director,4,Married,6162,10877,1,Y,Yes,22,3,2,80,1,9,3,3,9,8,7,8,GlassDoor
59,Current employee,Travel_Frequently,1225,Sales,1,1,Life Sciences,1,1111,124566,1,Male,40,3,2,Manufacturing Director,4,Married,6162,10877,1,Y,Yes,22,4,2,80,1,9,3,3,9,8,7,8,GlassDoor
59,Current employee,Travel_Frequently,,Sales,1,1,Life Sciences,1,1112,124567,1,Male,,3,2,Research Scientist,2,Married,3346,11873,3,Y,Yes,20,4,2,80,,9,4,2,3,2,2,2,GlassDoor
59,Current employee,Travel_Rarely,1435,Sales,25,3,Life Sciences,1,1145,124600,1,Female,99,3,3,Sales Executive,1,Single,7637,2354,7,Y,No,11,3,4,80,0,28,3,2,21,16,7,9,Adzuna
59,Current employee,Travel_Rarely,1435,Sales,25,3,Technical Degree,1,1148,124603,1,Female,99,3,3,Sales Executive,1,Single,7637,2354,7,Y,No,11,4,4,80,0,28,3,2,21,16,7,9,Adzuna
59,Current employee,Travel_Rarely,1435,Sales,25,3,Life Sciences,1,1151,124606,1,Female,99,3,3,Sales Executive,1,Single,7637,2354,7,Y,No,11,3,4,80,0,28,3,2,21,16,7,9,Adzuna
59,Current employee,Travel_Rarely,1435,Sales,25,3,Technical Degree,1,1152,124607,1,Female,99,3,3,Sales Executive,1,Single,7637,2354,7,Y,No,11,3,4,80,0,0,2,3,0,0,0,0,Adzuna
59,Current employee,Travel_Rarely,1435,Sales,25,3,Life Sciences,1,1153,124608,1,Female,99,3,3,Sales Executive,1,Single,7637,2354,7,Y,No,11,3,4,80,0,28,3,2,21,16,7,9,Adzuna
59,Current employee,Travel_Rarely,1435,Sales,25,3,Technical Degree,1,1156,124611,1,Female,99,3,3,Sales Executive,1,Single,7637,2354,7,Y,No,11,4,4,80,0,28,3,2,21,16,7,9,Adzuna
59,Current employee,Travel_Rarely,1435,Sales,25,3,Life Sciences,1,1159,124614,1,Female,99,3,3,Sales Executive,1,Single,7637,2354,7,Y,No,11,3,4,80,0,28,3,2,21,16,7,9,Adzuna
59,Current employee,Travel_Rarely,1435,Sales,25,3,Technical Degree,1,1160,124615,1,Female,99,3,3,Sales Executive,1,Single,7637,2354,7,Y,No,11,3,4,80,0,0,2,3,0,0,0,0,Adzuna
59,Current employee,Travel_Frequently,1225,Sales,1,1,Life Sciences,1,1256,124711,1,Female,57,2,2,Sales Executive,3,Single,5473,24668,7,Y,No,11,3,4,80,0,20,2,2,4,3,1,3,Company Website
59,Current employee,Travel_Frequently,1225,Sales,1,1,Human Resources,1,1258,124713,1,Female,57,2,2,Sales Executive,3,Single,5473,24668,4,Y,No,11,3,4,80,0,20,2,2,4,3,1,3,Company Website
59,Current employee,Travel_Frequently,1225,Sales,1,1,Life Sciences,1,1262,124717,1,Female,57,2,2,Sales Executive,3,Single,5473,24668,7,Y,No,11,3,4,80,0,20,2,2,4,3,1,3,Company Website
59,Current employee,Travel_Frequently,1225,Sales,1,1,Human Resources,1,1263,124718,1,Female,57,2,2,Sales Executive,3,Married,5473,24668,4,Y,No,11,3,4,80,0,6,2,2,6,5,0,1,Company Website
59,Current employee,Travel_Frequently,1225,Sales,1,1,Human Resources,1,1265,124720,1,Female,57,2,2,Sales Executive,3,Single,5473,24668,4,Y,No,11,3,4,80,0,20,2,2,4,3,1,3,Company Website
59,Current employee,Travel_Frequently,1225,Sales,1,1,Life Sciences,1,1269,124724,1,Female,57,2,2,Sales Executive,3,Single,5473,24668,7,Y,No,11,3,4,80,0,20,2,2,4,3,1,3,Company Website
59,Current employee,Travel_Frequently,1225,Sales,1,1,Human Resources,1,1270,124725,1,Female,57,2,2,Sales Executive,3,Married,5473,24668,4,Y,No,11,3,4,80,0,6,2,2,6,5,0,1,Company Website
59,Current employee,Non-Travel,1420,Human Resources,2,4,Human Resources,1,1782,125237,3,Female,32,2,5,Manager,4,Married,18844,21922,9,Y,No,21,3,4,80,1,30,3,3,3,2,2,2,Indeed
59,Current employee,Non-Travel,1420,Human Resources,2,4,Life Sciences,1,1784,125239,3,Female,32,2,5,Manager,4,Married,18844,21922,1,Y,No,21,3,4,80,1,30,3,3,3,2,2,2,Indeed
59,Current employee,Non-Travel,1420,Human Resources,2,4,Human Resources,1,1788,125243,3,Female,32,2,5,Manager,4,Married,18844,21922,9,Y,No,21,4,4,80,1,30,3,3,3,2,2,2,Indeed
59,Current employee,Non-Travel,1420,Human Resources,2,4,Life Sciences,1,1789,125244,3,Female,32,2,5,Research Scientist,3,Single,2479,26227,2,Y,No,24,4,1,80,0,7,4,1,0,0,0,0,Indeed
59,Current employee,Non-Travel,1420,Human Resources,2,4,Life Sciences,1,1791,125246,3,Female,32,2,5,Manager,4,Married,18844,21922,1,Y,No,21,3,4,80,1,30,3,3,3,2,2,2,Indeed
59,Current employee,Non-Travel,1420,Human Resources,2,4,Human Resources,1,1797,125252,3,Female,32,2,5,Manager,4,Married,18844,21922,9,Y,No,21,4,4,80,1,30,3,3,3,2,2,2,Indeed
59,Current employee,Non-Travel,1420,Human Resources,2,4,Life Sciences,1,1798,125253,3,Female,32,2,5,Research Scientist,3,Single,2479,26227,2,Y,No,24,4,1,80,0,7,4,1,0,0,0,0,Indeed
59,Current employee,Travel_Rarely,142,Research & Development,3,3,Life Sciences,1,2017,125472,1,Male,43,1,1,Research Scientist,3,Divorced,2613,22310,1,Y,No,25,3,3,80,3,10,2,2,10,7,0,9,Company Website
59,Current employee,Travel_Rarely,142,Research & Development,3,3,Life Sciences,1,2018,125473,1,Male,43,1,1,Research Scientist,3,Divorced,2613,22310,3,Y,No,25,4,3,80,3,10,2,2,10,7,0,9,Company Website
59,Current employee,Travel_Rarely,142,Research & Development,3,3,Life Sciences,1,2022,125477,1,Male,43,1,1,Research Scientist,3,Divorced,2613,22310,1,Y,No,25,4,3,80,3,10,2,2,10,7,0,9,Company Website
59,Current employee,Travel_Rarely,142,Research & Development,3,3,Life Sciences,1,2023,125478,1,Male,43,1,1,Research Scientist,3,Married,2613,22310,3,Y,No,25,4,3,80,3,14,6,3,14,11,2,13,Company Website
59,Current employee,Travel_Rarely,142,Research & Development,3,3,Life Sciences,1,2025,125480,1,Male,43,1,1,Research Scientist,3,Divorced,2613,22310,1,Y,No,25,3,3,80,3,10,2,2,10,7,0,9,Company Website
59,Current employee,Travel_Rarely,142,Research & Development,3,3,Life Sciences,1,2026,125481,1,Male,43,1,1,Research Scientist,3,Divorced,2613,22310,3,Y,No,25,4,3,80,3,10,2,2,10,7,0,9,Company Website
59,Current employee,Travel_Rarely,142,Research & Development,3,3,Life Sciences,1,2030,125485,1,Male,43,1,1,Research Scientist,3,Divorced,2613,22310,1,Y,No,25,4,3,,3,10,2,2,10,,0,9,Company Website
59,Current employee,Travel_Rarely,142,Research & Development,3,3,Life Sciences,1,2031,125486,1,Male,43,1,1,Research Scientist,3,Married,2613,22310,3,Y,No,25,4,3,80,3,14,6,3,14,11,2,13,Company Website
59,Current employee,Travel_Rarely,142,Research & Development,3,3,Life Sciences,1,3685,127140,3,Male,70,2,1,Research Scientist,4,Married,2177,8456,3,Y,No,17,3,1,80,1,7,6,3,1,0,0,0,Company Website
59,Current employee,Travel_Rarely,142,Research & Development,3,3,Life Sciences,1,3688,127143,3,Male,70,2,1,Research Scientist,4,Married,2177,8456,2,Y,No,17,3,1,80,1,7,6,3,1,0,0,0,Company Website
59,Current employee,Travel_Rarely,142,Research & Development,3,3,Life Sciences,1,3691,127146,3,Male,70,2,1,Research Scientist,4,Married,2177,8456,3,Y,No,17,3,1,80,1,7,6,3,1,0,0,0,Company Website
59,Current employee,Travel_Rarely,142,Research & Development,3,3,Life Sciences,1,3692,127147,3,Male,70,2,1,Research Scientist,4,Single,2177,8456,2,Y,No,17,3,1,80,1,16,2,3,16,15,1,10,Company Website
59,Current employee,Travel_Rarely,142,Research & Development,3,3,Life Sciences,1,3693,127148,3,Male,70,2,1,Research Scientist,4,Married,2177,8456,3,Y,No,17,3,1,80,1,7,6,3,1,0,0,0,Company Website
59,Current employee,Travel_Rarely,142,Research & Development,3,3,Life Sciences,1,3696,127151,3,Male,70,2,1,Research Scientist,4,Married,2177,8456,2,Y,No,17,3,1,80,1,7,6,3,1,0,0,0,Company Website
59,Current employee,Travel_Rarely,142,Research & Development,3,3,Life Sciences,1,3699,127154,3,Male,70,2,1,Research Scientist,4,Married,2177,8456,3,Y,No,17,3,1,80,1,7,6,3,1,0,0,0,Company Website
59,Current employee,Travel_Rarely,142,Research & Development,3,3,Life Sciences,1,3700,127155,3,Male,70,2,1,Research Scientist,4,Single,2177,8456,2,Y,No,17,3,1,80,1,,2,3,16,,1,10,Company Website
59,Current employee,Travel_Rarely,818,Human Resources,6,2,Medical,1,3797,127252,2,Male,52,3,1,Human Resources,3,Married,2267,25657,8,Y,No,17,3,4,80,0,7,2,2,2,2,2,2,Jora
59,Current employee,Travel_Rarely,818,Human Resources,6,2,Marketing,1,3800,127255,2,Male,52,3,1,Human Resources,3,Married,2267,25657,0,Y,No,17,3,4,80,0,7,2,2,2,2,2,2,Jora
59,Current employee,Travel_Rarely,818,Human Resources,6,2,Medical,1,3803,127258,2,Male,52,3,1,Human Resources,3,Married,2267,25657,8,Y,No,17,3,4,80,0,7,2,2,2,2,2,2,Jora
59,Current employee,Travel_Rarely,818,Human Resources,6,2,Marketing,1,3804,127259,2,Male,52,3,1,Human Resources,3,Married,2267,25657,0,Y,No,17,3,4,80,0,0,2,3,0,0,0,0,Jora
59,Current employee,Travel_Rarely,818,Human Resources,6,2,Medical,1,3805,127260,2,Male,52,3,1,Human Resources,3,Married,2267,25657,8,Y,No,17,3,4,80,0,7,2,2,2,2,2,2,Jora
59,Current employee,Travel_Rarely,818,Human Resources,6,2,Marketing,1,3808,127263,2,Male,52,3,1,Human Resources,3,Married,2267,25657,0,Y,No,17,3,4,80,0,7,2,2,2,2,2,2,Jora
59,Current employee,Travel_Rarely,818,Human Resources,6,2,Medical,1,3811,127266,2,Male,52,3,1,Human Resources,3,Married,2267,25657,8,Y,No,17,3,4,80,0,7,2,2,2,2,2,2,Jora
59,Current employee,Travel_Rarely,818,Human Resources,6,2,Marketing,1,3812,127267,2,Male,52,3,1,Human Resources,3,Married,2267,25657,0,Y,No,17,3,4,80,0,0,2,3,0,0,0,0,Jora
59,Current employee,Travel_Rarely,715,Research & Development,2,3,Life Sciences,1,5373,128828,2,Male,52,3,2,Sales Executive,2,Married,6349,22107,0,Y,Yes,13,4,4,80,1,6,0,3,5,4,1,4,Company Website
59,Current employee,Travel_Rarely,715,Research & Development,2,3,Life Sciences,1,5375,128830,2,Male,52,3,2,Sales Executive,2,Married,6349,22107,4,Y,Yes,13,3,4,80,1,6,0,3,5,4,1,4,Company Website
59,Current employee,Travel_Rarely,715,Research & Development,2,3,Life Sciences,1,5378,128833,2,Male,52,3,2,Sales Executive,2,Married,6349,22107,0,Y,Yes,13,3,4,80,1,6,0,3,5,4,1,4,Company Website
59,Current employee,Travel_Rarely,715,Research & Development,2,3,Life Sciences,1,5379,128834,2,Male,52,3,2,Sales Executive,2,Married,6349,22107,4,Y,Yes,13,3,4,80,1,0,5,4,0,0,0,0,Company Website
59,Current employee,Travel_Rarely,715,Research & Development,2,3,Life Sciences,1,5381,128836,2,Male,52,3,2,Sales Executive,2,Married,6349,22107,0,Y,Yes,13,4,4,80,1,6,0,3,5,4,1,4,Company Website
59,Current employee,Travel_Rarely,715,Research & Development,2,3,Life Sciences,1,5383,128838,2,Male,52,3,2,Sales Executive,2,Married,6349,22107,4,Y,Yes,13,3,4,80,1,6,0,3,5,4,1,4,Company Website
59,Current employee,Travel_Rarely,,,2,3,Life Sciences,1,5386,128841,2,Male,52,3,2,Sales Executive,2,Married,6349,22107,0,Y,Yes,13,3,4,80,1,6,0,3,5,4,1,4,Company Website
59,Current employee,Travel_Rarely,715,Research & Development,2,3,Life Sciences,1,5387,128842,2,Male,52,3,2,Sales Executive,2,Married,6349,22107,4,,Yes,13,3,4,80,1,0,5,4,0,0,0,0,Company Website
59,Current employee,Travel_Rarely,326,Sales,3,3,Life Sciences,1,6372,129827,2,Female,54,3,2,Manufacturing Director,1,Married,4306,4156,1,Y,No,12,3,2,80,1,13,5,1,13,10,3,12,LinkedIn
59,Current employee,Travel_Rarely,326,Sales,3,3,Life Sciences,1,6373,129828,2,Female,54,3,2,Manufacturing Director,1,Married,4306,4156,1,Y,No,12,3,2,80,1,13,5,1,13,10,3,12,LinkedIn
59,Current employee,Travel_Rarely,326,Sales,3,3,Life Sciences,1,6377,129832,2,Female,54,3,2,Manufacturing Director,1,Married,4306,4156,1,Y,No,12,3,2,80,1,13,5,1,13,10,3,12,LinkedIn
59,Current employee,Travel_Rarely,326,Sales,3,3,Life Sciences,1,6378,129833,2,Female,54,3,2,Manufacturing Director,1,Married,4306,4156,1,Y,No,12,3,2,80,1,16,6,3,11,8,3,9,LinkedIn
59,Current employee,Travel_Rarely,326,Sales,3,3,Life Sciences,1,6380,129835,2,Female,54,3,2,Manufacturing Director,1,Married,4306,4156,1,Y,No,12,3,2,80,1,13,5,1,13,10,3,12,LinkedIn
59,Current employee,Travel_Rarely,326,Sales,3,3,Life Sciences,1,6381,129836,2,Female,54,3,2,Manufacturing Director,1,Married,4306,4156,1,Y,No,12,3,2,80,1,13,5,1,13,10,3,12,LinkedIn
59,Current employee,Travel_Rarely,326,Sales,3,3,Life Sciences,1,6385,129840,2,Female,54,3,2,Manufacturing Director,1,Married,4306,4156,1,Y,No,,3,2,80,1,13,5,1,13,10,3,12,LinkedIn
59,Current employee,Travel_Rarely,326,Sales,3,3,Life Sciences,1,6386,129841,2,Female,54,3,2,Manufacturing Director,1,Married,4306,4156,1,Y,No,12,3,2,80,1,16,6,3,11,8,3,9,LinkedIn
59,Current employee,Travel_Rarely,715,Research & Development,2,3,Life Sciences,1,11906,135361,3,Female,69,2,4,Manufacturing Director,4,Single,13726,21829,3,Y,Yes,13,4,1,80,0,30,4,3,5,3,4,3,Seek
59,Current employee,Travel_Rarely,715,Research & Development,2,3,Life Sciences,1,11908,135363,3,Female,69,2,4,Manufacturing Director,4,Single,13726,21829,1,Y,Yes,13,4,1,80,0,30,4,3,5,3,4,3,Seek
59,Current employee,Travel_Rarely,715,Research & Development,2,3,Life Sciences,1,11912,135367,3,Female,69,2,4,Manufacturing Director,4,Single,13726,21829,3,Y,Yes,13,3,1,80,0,30,4,3,5,3,4,3,Seek
59,Current employee,Travel_Rarely,715,Research & Development,2,3,Life Sciences,1,11913,135368,3,Female,69,2,4,Research Scientist,2,Divorced,3291,17940,3,Y,No,14,3,4,80,2,8,3,3,1,0,0,0,Seek
59,Current employee,Travel_Rarely,715,Research & Development,2,3,Life Sciences,1,11914,135369,3,Female,69,2,4,Manufacturing Director,4,Single,13726,21829,3,Y,Yes,13,4,1,80,0,30,4,3,5,3,4,3,Seek
59,Current employee,Travel_Rarely,715,Research & Development,2,3,Life Sciences,1,11916,135371,3,Female,69,2,4,Manufacturing Director,4,Single,13726,21829,1,Y,Yes,13,4,1,80,0,30,4,3,5,3,4,3,Seek
59,Current employee,Travel_Rarely,715,Research & Development,2,3,Life Sciences,1,11920,135375,3,Female,69,2,4,Manufacturing Director,4,Single,13726,21829,3,Y,Yes,13,3,1,80,0,30,4,3,5,3,4,3,Seek
59,Current employee,Travel_Rarely,715,Research & Development,2,3,Life Sciences,1,11921,135376,3,Female,69,2,4,Research Scientist,2,Divorced,3291,17940,3,Y,No,14,3,4,80,2,8,3,3,1,0,,0,Seek
59,Current employee,Travel_Rarely,1089,Sales,1,2,Technical Degree,1,12158,135613,2,Male,66,3,3,Manager,4,Married,11904,11038,3,Y,Yes,14,4,3,80,1,14,1,1,6,4,0,4,Indeed
59,Current employee,Travel_Rarely,1089,Sales,1,2,Life Sciences,1,12160,135615,2,Male,66,3,3,Manager,4,Married,11904,11038,1,Y,Yes,14,3,3,80,1,14,1,1,6,4,0,4,Indeed
59,Current employee,Travel_Rarely,1089,Sales,1,2,Technical Degree,1,12164,135619,2,Male,66,3,3,Manager,4,Married,11904,11038,3,Y,Yes,14,3,3,80,1,14,1,1,6,4,0,4,Indeed
59,Current employee,Travel_Rarely,1089,Sales,1,2,Life Sciences,1,12165,135620,2,Male,66,3,3,Research Director,3,Married,15787,21624,2,Y,Yes,14,3,2,80,0,23,2,4,0,0,0,0,Indeed
59,Current employee,Travel_Rarely,1089,Sales,1,2,Technical Degree,1,12166,135621,2,Male,66,3,3,Manager,4,Married,11904,11038,3,Y,Yes,14,4,3,80,1,14,1,1,6,4,0,4,Indeed
59,Current employee,Travel_Rarely,1089,Sales,1,2,Life Sciences,1,12168,135623,2,Male,66,3,3,Manager,4,Married,11904,11038,1,Y,Yes,14,3,3,80,1,14,1,1,6,4,0,4,Indeed
59,Current employee,Travel_Rarely,1089,Sales,1,2,Technical Degree,1,12172,135627,2,Male,66,3,3,Manager,4,Married,11904,11038,3,Y,Yes,14,3,3,80,1,14,1,1,6,4,0,4,Indeed
59,Current employee,Travel_Rarely,1089,Sales,1,2,Life Sciences,1,12173,135628,2,Male,66,3,3,Research Director,3,Married,15787,21624,2,Y,Yes,14,3,2,80,0,23,2,4,0,0,0,0,Indeed
59,Current employee,Travel_Rarely,1324,Research & Development,3,3,Medical,1,12720,136175,3,Male,72,3,1,Laboratory Technician,3,Divorced,2207,22482,1,Y,No,16,3,4,80,1,4,5,2,4,2,2,2,Seek
59,Current employee,Travel_Rarely,1324,Research & Development,3,3,Life Sciences,1,12721,136176,3,Male,72,3,1,Laboratory Technician,3,Divorced,2207,22482,1,Y,No,16,3,4,80,1,4,5,2,4,2,2,2,Seek
59,Current employee,Travel_Rarely,1324,Research & Development,3,3,Medical,1,12725,136180,3,Male,72,3,1,Laboratory Technician,3,Divorced,2207,22482,1,Y,No,16,3,4,80,1,4,5,2,4,2,2,2,Seek
59,Current employee,Travel_Rarely,1324,Research & Development,3,3,Life Sciences,1,12726,136181,3,Male,72,3,1,Manufacturing Director,1,Married,10008,12023,1,Y,Yes,14,3,4,80,0,31,2,3,0,0,0,0,Seek
59,Current employee,Travel_Rarely,1324,Research & Development,3,3,Medical,1,12728,136183,3,Male,72,3,1,Laboratory Technician,3,Divorced,2207,22482,1,Y,No,16,3,4,80,1,4,5,2,4,2,2,2,Seek
59,Current employee,Travel_Rarely,1324,Research & Development,3,3,Life Sciences,1,12729,136184,3,Male,72,3,1,Laboratory Technician,3,Divorced,2207,22482,1,Y,No,16,3,4,80,1,4,5,2,4,2,2,2,Seek
59,Current employee,Travel_Rarely,1324,Research & Development,3,3,Medical,1,12733,136188,3,Male,72,3,1,Laboratory Technician,3,Divorced,2207,22482,1,Y,No,16,3,4,80,1,4,5,2,4,2,2,2,Seek
59,Current employee,Travel_Rarely,1324,Research & Development,3,,Life Sciences,1,12734,136189,3,Male,72,3,1,Manufacturing Director,1,Married,10008,12023,1,Y,Yes,14,,4,80,0,31,2,3,0,0,0,0,Seek
59,Current employee,Travel_Rarely,818,Human Resources,6,2,Medical,1,13960,137415,3,Female,76,3,1,Laboratory Technician,2,Married,2210,3372,1,Y,No,13,3,1,80,1,1,3,1,1,0,0,0,GlassDoor
59,Current employee,Travel_Rarely,818,Human Resources,6,2,Marketing,1,13961,137416,3,Female,76,3,1,Laboratory Technician,2,Married,2210,3372,1,Y,No,13,3,1,80,1,1,3,1,1,0,0,0,GlassDoor
59,Current employee,Travel_Rarely,818,Human Resources,6,2,Medical,1,13965,137420,3,Female,76,3,1,Laboratory Technician,2,Married,2210,3372,1,Y,No,13,3,1,80,1,1,3,1,1,0,0,0,GlassDoor
59,Current employee,Travel_Rarely,818,Human Resources,6,2,Marketing,1,13966,137421,3,Female,76,3,1,Research Director,1,Married,19701,22456,1,Y,Yes,21,4,3,80,1,32,0,3,0,0,0,0,GlassDoor
59,Current employee,Travel_Rarely,818,Human Resources,6,2,Medical,1,13968,137423,3,Female,76,3,1,Laboratory Technician,2,Married,2210,3372,1,Y,No,13,3,1,80,1,1,3,1,1,0,0,0,GlassDoor
59,Current employee,Travel_Rarely,818,Human Resources,6,2,Marketing,1,13969,137424,3,Female,76,3,1,Laboratory Technician,2,Married,2210,3372,1,Y,No,13,3,1,80,1,1,3,1,1,0,0,0,GlassDoor
59,Current employee,Travel_Rarely,818,Human Resources,6,2,Medical,1,13973,137428,3,Female,76,3,1,Laboratory Technician,2,Married,2210,3372,1,Y,No,13,3,1,80,1,1,3,1,1,0,0,0,GlassDoor
59,Current employee,Travel_Rarely,818,Human Resources,6,2,Marketing,1,13974,137429,3,Female,76,3,1,Research Director,1,Married,19701,22456,1,Y,Yes,21,4,3,80,1,32,0,3,0,0,0,0,
59,Current employee,Travel_Rarely,326,Sales,3,3,Life Sciences,1,14367,137822,3,Female,48,2,2,Sales Executive,4,Single,5171,16490,5,Y,No,17,3,4,80,0,13,2,3,6,1,0,5,Jora
59,Current employee,Travel_Rarely,326,Sales,3,3,Life Sciences,1,14370,137825,3,Female,48,2,2,Sales Executive,4,Single,5171,16490,4,Y,No,17,3,4,80,0,13,2,3,6,1,0,5,Jora
59,Current employee,Travel_Rarely,326,Sales,3,3,Life Sciences,1,14373,137828,3,Female,48,2,2,Sales Executive,4,Single,5171,16490,5,Y,No,17,3,4,80,0,13,2,3,6,1,0,5,Jora
59,Current employee,Travel_Rarely,326,Sales,3,3,Life Sciences,1,14374,137829,3,Female,48,2,2,Sales Executive,4,Single,5171,16490,4,Y,No,17,3,4,80,0,19,3,3,1,0,0,0,Jora
59,Current employee,Travel_Rarely,326,Sales,3,3,Life Sciences,1,14375,137830,3,Female,48,2,2,Sales Executive,4,Single,5171,16490,5,Y,No,17,3,4,80,0,13,2,3,6,1,0,5,Jora
59,Current employee,Travel_Rarely,326,Sales,3,3,Life Sciences,1,14378,137833,3,Female,48,2,2,Sales Executive,4,Single,5171,16490,4,Y,No,17,3,4,80,0,13,2,3,6,1,0,5,Jora
59,Current employee,Travel_Rarely,326,Sales,3,3,Life Sciences,1,14381,137836,3,Female,48,2,2,Sales Executive,4,Single,5171,16490,5,Y,No,17,3,4,80,0,13,2,3,6,1,0,5,Jora
59,Current employee,Travel_Rarely,326,Sales,3,3,Life Sciences,1,14382,137837,3,Female,48,2,2,Sales Executive,4,Single,5171,16490,4,Y,No,17,3,4,80,0,19,3,3,1,0,0,0,Jora
59,Current employee,Travel_Rarely,1429,Research & Development,18,4,Medical,1,14721,138176,4,Male,67,3,3,Manufacturing Director,4,Single,10512,20002,6,Y,No,12,3,4,80,0,25,6,2,9,7,5,4,Indeed
59,Current employee,Travel_Rarely,1429,Research & Development,18,4,Medical,1,14724,138179,4,Male,67,3,3,Manufacturing Director,4,Single,10512,20002,1,Y,No,12,4,4,80,0,25,6,2,9,7,5,4,Indeed
59,Current employee,Travel_Rarely,1429,Research & Development,18,4,Medical,1,14727,138182,4,Male,67,3,3,Manufacturing Director,4,Single,10512,20002,6,Y,No,12,3,4,80,0,25,6,2,9,7,5,4,Indeed
59,Current employee,Travel_Rarely,1429,Research & Development,18,4,Medical,1,14728,138183,4,Male,67,3,3,Manufacturing Director,4,Divorced,10512,20002,1,Y,No,12,3,4,80,0,6,2,2,6,5,0,1,Indeed
59,Current employee,Travel_Rarely,1429,Research & Development,18,4,Medical,1,14729,138184,4,Male,67,3,3,Manufacturing Director,4,Single,10512,20002,6,Y,No,12,3,4,80,0,25,6,2,9,7,5,4,Indeed
59,Current employee,Travel_Rarely,1429,Research & Development,18,4,Medical,1,14732,138187,4,Male,67,3,3,Manufacturing Director,4,Single,10512,20002,1,Y,No,12,4,4,80,0,25,6,2,9,7,5,4,Indeed
59,Current employee,Travel_Rarely,1429,Research & Development,18,4,Medical,1,14735,138190,4,Male,67,3,3,Manufacturing Director,4,Single,10512,20002,6,Y,No,12,3,4,80,0,25,6,2,9,7,5,4,Indeed
59,Current employee,Travel_Rarely,1429,Research & Development,18,4,Medical,1,14736,138191,4,Male,67,3,3,Manufacturing Director,4,Divorced,10512,20002,1,Y,No,12,3,4,80,0,6,2,2,6,5,0,1,Indeed
59,Current employee,Travel_Rarely,1429,Research & Development,18,4,Medical,1,17289,140744,4,Female,84,3,4,Manager,2,Married,16606,11380,8,Y,No,12,3,4,80,1,23,2,4,13,12,5,1,Adzuna
59,Current employee,Travel_Rarely,1429,Research & Development,18,4,Medical,1,17291,140746,4,Female,84,3,4,Manager,2,Married,16606,11380,1,Y,No,12,3,4,80,1,23,2,4,13,12,5,1,Adzuna
59,Current employee,Travel_Rarely,1429,Research & Development,18,4,Medical,1,17294,140749,4,Female,84,3,4,Manager,2,Married,16606,11380,8,Y,No,12,3,4,80,1,23,2,4,13,12,5,1,Adzuna
59,Current employee,Travel_Rarely,1429,Research & Development,18,4,Medical,1,17295,140750,4,Female,84,3,4,Research Scientist,3,Married,2897,22474,2,Y,No,11,3,3,80,2,9,2,3,20,7,2,13,Adzuna
59,Current employee,Travel_Rarely,1429,Research & Development,18,4,Medical,1,17297,140752,4,Female,84,3,4,Manager,2,Married,16606,11380,8,Y,No,12,3,4,80,1,23,2,4,13,12,5,1,Adzuna
59,Current employee,Travel_Rarely,1429,Research & Development,18,4,Medical,1,17299,140754,4,Female,84,3,4,Manager,2,Married,16606,11380,1,Y,No,12,3,4,80,1,23,2,4,13,12,5,1,Adzuna
59,Current employee,Travel_Rarely,1429,Research & Development,18,4,Medical,1,17302,140757,4,Female,84,3,4,Manager,2,Married,16606,11380,8,Y,No,12,3,4,80,1,23,2,4,13,12,5,1,Adzuna
59,Current employee,Travel_Rarely,1429,Research & Development,18,4,Medical,1,17303,140758,4,Female,84,3,4,Research Scientist,3,Married,2897,22474,2,Y,No,11,3,3,80,2,9,2,3,20,7,2,13,Adzuna
59,Current employee,Travel_Rarely,1089,Sales,1,2,Technical Degree,1,22423,145878,4,Female,98,1,1,Laboratory Technician,4,Divorced,1129,17536,1,Y,Yes,11,3,3,80,3,1,4,3,1,0,0,0,Jora
59,Current employee,Travel_Rarely,1089,Sales,1,2,Life Sciences,1,22424,145879,4,Female,98,1,1,Laboratory Technician,4,Divorced,1129,17536,1,Y,Yes,11,3,3,80,3,1,4,3,1,0,0,0,Jora
59,Current employee,Travel_Rarely,1089,Sales,1,2,Technical Degree,1,22428,145883,4,Female,98,1,1,Laboratory Technician,4,Divorced,1129,17536,1,Y,Yes,11,3,3,80,3,1,4,3,1,0,0,0,Jora
59,Current employee,Travel_Rarely,1089,Sales,1,2,Life Sciences,1,22429,145884,4,Female,98,1,1,Laboratory Technician,4,Divorced,1129,17536,1,Y,Yes,11,3,3,80,3,0,2,3,0,0,0,0,Jora
59,Current employee,Travel_Rarely,1089,Sales,1,2,Technical Degree,1,22431,145886,4,Female,98,1,1,Laboratory Technician,4,Divorced,1129,,1,Y,Yes,11,3,3,80,3,1,4,3,1,0,0,0,Jora
59,Current employee,Travel_Rarely,1089,Sales,1,2,Life Sciences,1,22432,145887,4,Female,98,1,1,Laboratory Technician,4,Divorced,1129,17536,1,Y,Yes,11,3,3,80,3,1,4,3,1,0,0,0,Jora
59,Current employee,Travel_Rarely,1089,Sales,1,2,Technical Degree,1,22436,145891,4,Female,98,1,1,Laboratory Technician,4,Divorced,1129,17536,1,Y,Yes,11,3,3,80,3,1,4,3,1,0,0,0,Jora
59,Current employee,Travel_Rarely,1089,Sales,1,2,Life Sciences,1,22437,145892,4,Female,98,1,1,Laboratory Technician,4,Divorced,1129,17536,,Y,Yes,11,3,3,80,3,0,2,3,0,0,0,0,Jora
54,Current employee,Non-Travel,142,Human Resources,26,3,Human Resources,1,38,123493,1,Male,37,2,1,Laboratory Technician,3,Single,2090,2396,6,Y,Yes,15,3,2,80,0,7,3,3,0,0,0,0,Seek
54,Current employee,Non-Travel,142,Human Resources,26,3,Technical Degree,1,40,123495,1,Male,37,2,1,Laboratory Technician,3,Single,2090,2396,1,Y,Yes,15,3,2,80,0,7,3,3,0,0,0,0,Seek
54,Current employee,Non-Travel,142,Human Resources,26,3,Human Resources,1,43,123498,1,Male,37,2,1,Laboratory Technician,3,Single,2090,2396,6,Y,Yes,15,3,2,80,0,7,3,3,0,0,0,0,Seek
54,Current employee,Non-Travel,142,Human Resources,26,3,Human Resources,1,47,123502,1,Male,37,2,1,Laboratory Technician,3,Single,2090,2396,6,Y,Yes,15,3,2,80,0,7,3,3,0,0,0,0,Seek
54,Current employee,Non-Travel,142,Human Resources,26,3,Technical Degree,1,49,123504,1,Male,37,2,1,Laboratory Technician,3,Single,2090,2396,1,Y,Yes,15,3,2,80,0,7,3,3,0,0,0,0,Seek
54,Current employee,Non-Travel,142,Human Resources,26,3,Human Resources,1,52,123507,1,Male,37,2,1,Laboratory Technician,3,Single,2090,2396,6,Y,Yes,15,3,2,80,0,7,3,3,0,0,0,0,Seek
54,Current employee,Travel_Rarely,584,Research & Development,22,5,Marketing,1,1184,124639,4,Female,33,3,3,Manufacturing Director,4,Single,7945,19948,1,Y,Yes,15,3,4,80,0,18,2,2,4,2,3,3,Jora
54,Current employee,Travel_Rarely,584,Research & Development,22,5,Marketing,1,1194,124649,4,Female,33,3,3,Manufacturing Director,4,Single,7945,19948,1,Y,Yes,15,3,4,80,0,18,2,2,4,2,3,3,Jora
54,Current employee,Travel_Rarely,1217,Research & Development,2,4,Technical Degree,1,1630,125085,1,Female,60,3,3,Research Director,3,Married,13549,24001,9,Y,No,12,3,1,80,1,16,5,1,4,3,0,3,GlassDoor
54,Current employee,Travel_Rarely,1217,Research & Development,2,4,Life Sciences,1,1632,125087,1,Female,60,3,3,Research Director,3,Married,13549,24001,1,Y,No,12,3,1,80,1,16,5,1,4,3,0,3,GlassDoor
54,Current employee,Travel_Rarely,1217,Research & Development,2,4,Technical Degree,1,1634,125089,1,Female,60,3,3,Research Director,3,Married,13549,24001,9,Y,No,12,3,1,80,1,16,5,1,4,3,0,3,GlassDoor
54,Current employee,Travel_Rarely,1217,Research & Development,2,4,Technical Degree,1,1637,125092,1,Female,60,3,3,Research Director,3,Married,13549,24001,9,Y,No,12,3,1,80,1,16,5,1,4,3,0,3,GlassDoor
54,Current employee,Travel_Rarely,1217,Research & Development,2,4,Life Sciences,1,1639,125094,1,Female,60,3,3,Research Director,3,Married,13549,24001,1,Y,No,12,3,1,80,1,16,5,1,4,3,0,3,GlassDoor
54,Current employee,Travel_Rarely,1217,Research & Development,2,4,Technical Degree,1,1641,125096,1,Female,60,3,3,Research Director,3,Married,13549,24001,9,Y,No,12,3,1,80,1,16,5,1,4,3,0,3,GlassDoor
54,Current employee,Non-Travel,142,Human Resources,26,3,Human Resources,1,1890,125345,4,Female,30,4,4,Manager,4,Single,17328,13871,2,Y,Yes,12,3,3,80,0,23,3,3,5,3,4,4,Recruit.net
54,Current employee,Non-Travel,142,Human Resources,26,3,Technical Degree,1,1893,125348,4,Female,30,4,4,Manager,4,Single,17328,13871,1,Y,Yes,12,3,3,80,0,23,3,3,5,3,4,4,Recruit.net
54,Current employee,Non-Travel,142,Human Resources,26,3,Human Resources,1,1896,125351,4,Female,30,4,4,Manager,4,Single,17328,13871,2,Y,Yes,12,3,3,80,0,23,3,3,5,3,4,4,Recruit.net
54,Current employee,Non-Travel,142,Human Resources,26,3,Human Resources,1,1897,125352,4,Female,30,4,4,Manager,4,Single,17328,13871,2,Y,Yes,12,3,3,80,0,23,3,3,5,3,4,4,Recruit.net
54,Current employee,Non-Travel,142,Human Resources,26,3,Technical Degree,1,1900,125355,4,Female,30,4,4,Manager,4,Single,17328,13871,1,Y,Yes,12,3,3,80,0,23,3,3,5,3,4,4,Recruit.net
54,Current employee,Non-Travel,142,Human Resources,26,3,Human Resources,1,1903,125358,4,Female,30,4,4,Manager,4,Single,17328,13871,2,Y,Yes,12,3,3,80,0,23,3,3,5,3,4,4,Recruit.net
54,Current employee,Travel_Frequently,928,Research & Development,20,4,Life Sciences,1,2737,126192,1,Male,44,3,1,Research Scientist,3,Divorced,2451,4609,4,Y,No,12,3,1,80,1,13,2,3,9,8,1,8,LinkedIn
54,Current employee,Travel_Frequently,928,Research & Development,20,4,Medical,1,2739,126194,1,Male,44,3,1,Research Scientist,3,Divorced,2451,4609,3,Y,No,12,3,1,80,1,13,2,3,9,8,1,8,LinkedIn
54,Current employee,Travel_Frequently,928,Research & Development,20,4,Life Sciences,1,2742,126197,1,Male,44,3,1,Research Scientist,3,Divorced,2451,4609,4,Y,No,12,3,1,80,1,13,2,3,9,8,1,8,LinkedIn
54,Current employee,Travel_Frequently,928,Research & Development,20,4,Medical,1,2743,126198,1,Male,44,3,1,Research Scientist,3,Divorced,2451,4609,3,Y,No,12,3,1,80,1,13,2,3,9,8,1,8,LinkedIn
54,Current employee,Travel_Frequently,928,Research & Development,20,4,Life Sciences,1,2745,126200,1,Male,44,3,1,Research Scientist,3,Divorced,2451,4609,4,Y,No,12,3,1,80,1,13,2,3,9,8,1,8,LinkedIn
54,Current employee,Travel_Frequently,928,Research & Development,20,4,Medical,1,2747,126202,1,Male,44,3,1,Research Scientist,3,Divorced,2451,4609,3,Y,No,12,3,1,80,1,13,2,3,9,8,1,8,LinkedIn
54,Current employee,Travel_Frequently,928,Research & Development,20,4,Life Sciences,1,2750,126205,1,Male,44,3,1,Research Scientist,3,Divorced,2451,4609,4,Y,No,12,3,1,80,1,13,2,3,9,8,1,8,LinkedIn
54,Current employee,Travel_Frequently,928,Research & Development,20,4,Medical,1,2751,126206,1,Male,44,3,1,Research Scientist,3,Divorced,2451,4609,3,Y,No,12,3,1,80,1,13,2,3,9,8,1,8,LinkedIn
54,Current employee,Travel_Rarely,548,Research & Development,8,4,Life Sciences,1,3316,126771,1,Male,46,3,1,Research Scientist,3,Divorced,3815,5972,1,Y,Yes,17,3,4,80,1,5,4,4,5,3,2,0,GlassDoor
54,Current employee,Travel_Rarely,548,Research & Development,8,4,Medical,1,3317,126772,1,Male,46,3,1,Research Scientist,3,Divorced,3815,5972,3,Y,Yes,17,3,4,80,1,5,4,4,5,3,2,0,GlassDoor
54,Current employee,Travel_Rarely,548,Research & Development,8,4,Life Sciences,1,3321,126776,1,Male,46,3,1,Research Scientist,3,Divorced,3815,5972,1,Y,Yes,17,3,4,80,1,5,4,4,5,3,2,0,GlassDoor
54,Current employee,Travel_Rarely,548,Research & Development,8,4,Medical,1,3322,126777,1,Male,46,3,1,Research Scientist,3,Divorced,3815,5972,3,Y,Yes,17,3,4,80,1,5,4,4,5,3,2,0,GlassDoor
54,Current employee,Travel_Rarely,548,Research & Development,8,4,Life Sciences,1,3324,126779,1,Male,46,3,1,Research Scientist,3,Divorced,3815,5972,1,Y,Yes,17,3,4,80,1,5,4,4,5,3,2,0,GlassDoor
54,Current employee,Travel_Rarely,548,Research & Development,8,4,Medical,1,3325,126780,1,Male,46,3,1,Research Scientist,3,Divorced,3815,5972,3,Y,Yes,17,3,4,80,1,5,4,4,5,3,2,0,GlassDoor
54,Current employee,Travel_Rarely,548,Research & Development,8,4,Life Sciences,1,3329,126784,1,Male,46,3,1,Research Scientist,3,Divorced,3815,5972,1,Y,Yes,17,3,4,80,1,5,4,4,5,3,2,0,GlassDoor
54,Current employee,Travel_Rarely,548,Research & Development,8,4,Medical,1,3330,126785,1,Male,46,3,1,Research Scientist,3,Divorced,3815,5972,3,Y,Yes,17,3,4,80,1,5,4,4,5,3,2,0,GlassDoor
54,Current employee,Travel_Rarely,1441,Research & Development,17,3,Medical,1,3402,126857,1,Female,46,3,5,Manager,2,Married,19636,25811,1,Y,Yes,18,3,1,80,1,35,0,3,10,9,1,4,Indeed
54,Current employee,Travel_Rarely,1441,Research & Development,17,3,Medical,1,3412,126867,1,Female,46,3,5,Manager,2,Married,19636,25811,1,Y,Yes,18,3,1,80,1,35,0,3,10,9,1,4,Indeed
54,Current employee,Travel_Rarely,1147,Sales,3,3,Marketing,1,3589,127044,4,Female,52,3,2,Sales Executive,1,Married,5940,17011,2,Y,No,14,3,4,80,1,16,4,3,6,2,0,5,Indeed
54,Current employee,Travel_Rarely,1147,Sales,3,3,Life Sciences,1,3591,127046,4,Female,52,3,2,Sales Executive,1,Married,5940,17011,4,Y,No,14,3,4,80,1,16,4,3,6,2,0,5,Indeed
54,Current employee,Travel_Rarely,1147,Sales,3,3,Marketing,1,3595,127050,4,Female,52,3,2,Sales Executive,1,Married,5940,17011,2,Y,No,14,3,4,80,1,16,4,3,6,2,0,5,Indeed
54,Current employee,Travel_Rarely,1147,Sales,3,3,Life Sciences,1,3596,127051,4,Female,52,3,2,Sales Executive,1,Married,5940,17011,4,Y,No,14,3,4,80,1,16,4,3,6,2,0,5,Indeed
54,Current employee,Travel_Rarely,1147,Sales,3,3,Marketing,1,3597,127052,4,Female,52,3,2,Sales Executive,1,Married,5940,17011,2,Y,No,14,3,4,80,1,16,4,3,6,2,0,5,Indeed
54,Current employee,Travel_Rarely,1147,Sales,3,3,Life Sciences,1,3599,127054,4,Female,52,3,2,Sales Executive,1,Married,5940,17011,4,Y,No,14,3,4,80,1,16,4,3,6,2,0,5,Indeed
54,Current employee,Travel_Rarely,1147,Sales,3,3,Marketing,1,3603,127058,4,Female,52,3,2,Sales Executive,1,Married,5940,17011,2,Y,No,14,3,4,80,1,16,4,3,6,2,0,5,Indeed
54,Current employee,Travel_Rarely,1147,Sales,3,3,Life Sciences,1,3604,127059,4,Female,52,3,2,Sales Executive,1,Married,5940,17011,4,Y,No,14,3,4,80,1,16,4,3,6,2,0,5,Indeed
54,Current employee,Travel_Frequently,966,Research & Development,1,4,Human Resources,1,4411,127866,4,Male,81,3,3,Manufacturing Director,3,Divorced,10502,9659,1,Y,No,17,3,1,80,1,33,2,1,5,4,1,4,LinkedIn
54,Current employee,Travel_Frequently,966,Research & Development,1,4,Human Resources,1,4422,127877,4,Male,81,3,3,Manufacturing Director,3,Divorced,10502,9659,1,Y,No,17,3,1,80,1,33,2,1,5,4,1,4,LinkedIn
54,Current employee,Travel_Rarely,584,Research & Development,22,5,Medical,1,4625,128080,2,Male,37,3,4,Manager,3,Married,17426,18685,1,Y,No,25,4,3,80,1,36,6,3,10,8,4,7,Company Website
54,Current employee,Travel_Rarely,584,Research & Development,22,5,Medical,1,4636,128091,2,Male,37,3,4,Manager,3,Married,17426,18685,1,Y,No,25,4,3,80,1,36,6,3,10,8,4,7,Company Website
54,Current employee,Travel_Frequently,928,Research & Development,20,4,Life Sciences,1,5388,128843,4,Female,31,3,2,Research Scientist,3,Single,4869,16885,3,Y,No,12,3,4,80,0,20,4,2,4,3,0,3,Company Website
54,Current employee,Travel_Frequently,928,Research & Development,20,4,Medical,1,5391,128846,4,Female,31,3,2,Research Scientist,3,Single,4869,16885,3,Y,No,12,3,4,80,0,20,4,2,4,3,0,3,Company Website
54,Current employee,Travel_Frequently,928,Research & Development,20,4,Life Sciences,1,5394,128849,4,Female,31,3,2,Research Scientist,3,Single,4869,16885,3,Y,No,12,3,4,80,0,20,4,2,4,3,0,3,Company Website
54,Current employee,Travel_Frequently,928,Research & Development,20,4,Medical,1,5395,128850,4,Female,31,3,2,Research Scientist,3,Single,4869,16885,3,Y,No,12,3,4,80,0,20,4,2,4,3,0,3,Company Website
54,Current employee,Travel_Frequently,928,Research & Development,20,4,Life Sciences,1,5396,128851,4,Female,31,3,2,Research Scientist,3,Single,4869,16885,3,Y,No,12,3,4,80,0,20,4,2,4,3,0,3,Company Website
54,Current employee,Travel_Frequently,928,Research & Development,20,4,Medical,1,5399,128854,4,Female,31,3,2,Research Scientist,3,Single,4869,16885,3,Y,No,12,3,4,80,0,20,4,2,4,3,0,3,Company Website
54,Current employee,Travel_Frequently,928,Research & Development,20,4,Life Sciences,1,5401,128856,4,Female,31,3,2,Research Scientist,3,Single,4869,16885,3,Y,No,12,3,4,80,0,20,4,2,4,3,0,3,Company Website
54,Current employee,Travel_Frequently,928,Research & Development,20,4,Medical,1,5402,128857,4,Female,31,3,2,Research Scientist,3,Single,4869,16885,3,Y,No,12,3,4,80,0,20,4,2,4,3,0,3,Company Website
54,Current employee,Travel_Rarely,1082,Sales,2,4,Life Sciences,1,5515,128970,2,Male,52,3,2,Manufacturing Director,4,Divorced,6347,23177,7,Y,No,16,3,3,80,2,8,2,2,6,2,0,4,Adzuna
54,Current employee,Travel_Rarely,1082,Sales,2,4,Life Sciences,1,5516,128971,2,Male,52,3,2,Manufacturing Director,4,Divorced,6347,23177,1,Y,No,16,3,3,80,2,8,2,2,6,2,0,4,Adzuna
54,Current employee,Travel_Rarely,1082,Sales,2,4,Life Sciences,1,5520,128975,2,Male,52,3,2,Manufacturing Director,4,Divorced,6347,23177,7,Y,No,16,3,3,80,2,8,2,2,6,2,0,4,Adzuna
54,Current employee,Travel_Rarely,1082,Sales,2,4,Life Sciences,1,5522,128977,2,Male,52,3,2,Manufacturing Director,4,Divorced,6347,23177,7,Y,No,16,3,3,80,2,8,2,2,6,2,0,4,Adzuna
54,Current employee,Travel_Rarely,1082,Sales,2,4,Life Sciences,1,5523,128978,2,Male,52,3,2,Manufacturing Director,4,Divorced,6347,23177,1,Y,No,16,3,3,80,2,8,2,2,6,2,0,4,Adzuna
54,Current employee,Travel_Rarely,1082,Sales,2,4,Life Sciences,1,5527,128982,2,Male,52,3,2,Manufacturing Director,4,Divorced,6347,23177,7,Y,No,16,3,3,80,2,8,2,2,6,2,0,4,Adzuna
54,Current employee,Travel_Rarely,1082,Sales,2,4,Life Sciences,1,6137,129592,3,Female,97,3,2,Manufacturing Director,4,Divorced,6347,23177,1,Y,No,16,3,3,80,2,8,2,2,6,2,0,4,Adzuna
54,Current employee,Travel_Rarely,1082,Sales,2,4,Life Sciences,1,6148,129603,3,Female,97,3,2,Manufacturing Director,4,Divorced,6347,23177,1,Y,No,16,3,3,80,2,8,2,2,6,2,0,4,Adzuna
54,Current employee,Travel_Frequently,966,Research & Development,1,4,Life Sciences,1,6312,129767,2,Male,54,2,4,Research Director,2,Divorced,14336,4345,1,Y,No,11,4,3,80,1,25,3,3,25,10,3,9,LinkedIn
54,Current employee,Travel_Frequently,966,Research & Development,1,4,Life Sciences,1,6313,129768,2,Male,54,2,4,Research Director,2,Divorced,14336,4345,1,Y,No,11,4,3,80,1,25,3,3,25,10,3,9,LinkedIn
54,Current employee,Travel_Frequently,966,Research & Development,1,4,Life Sciences,1,6317,129772,2,Male,54,2,4,Research Director,2,Divorced,14336,4345,1,Y,No,11,3,3,80,1,25,3,3,25,10,3,9,LinkedIn
54,Current employee,Travel_Frequently,966,Research & Development,1,4,Life Sciences,1,6319,129774,2,Male,54,2,4,Research Director,2,Divorced,14336,4345,1,Y,No,11,4,3,80,1,25,3,3,25,10,3,9,LinkedIn
54,Current employee,Travel_Frequently,966,Research & Development,1,4,Life Sciences,1,6320,129775,2,Male,54,2,4,Research Director,2,Divorced,14336,4345,1,Y,No,11,4,3,80,1,25,3,3,25,10,3,9,LinkedIn
54,Current employee,Travel_Frequently,966,Research & Development,1,4,Life Sciences,1,6324,129779,2,Male,54,2,4,Research Director,2,Divorced,14336,4345,1,Y,No,11,3,3,80,1,25,3,3,25,10,3,9,LinkedIn
54,Current employee,Travel_Rarely,821,Research & Development,5,2,Medical,1,6340,129795,1,Male,86,3,5,Research Director,1,Married,19406,8509,4,Y,No,11,3,3,80,1,24,4,2,4,2,1,2,Seek
54,Current employee,Travel_Rarely,821,Research & Development,5,2,Life Sciences,1,6343,129798,1,Male,86,3,5,Research Director,1,Married,19406,8509,2,Y,No,11,3,3,80,1,24,4,2,4,2,1,2,Seek
54,Current employee,Travel_Rarely,821,Research & Development,5,2,Medical,1,6346,129801,1,Male,86,3,5,Research Director,1,Married,19406,8509,4,Y,No,11,3,3,80,1,24,4,2,4,2,1,2,Seek
54,Current employee,Travel_Rarely,821,Research & Development,5,2,Life Sciences,1,6347,129802,1,Male,86,3,5,Research Director,1,Married,19406,8509,2,Y,No,11,3,3,80,1,24,4,2,4,2,1,2,Seek
54,Current employee,Travel_Rarely,821,Research & Development,5,2,Medical,1,6348,129803,1,Male,86,3,5,Research Director,1,Married,19406,8509,4,Y,No,11,3,3,80,1,24,4,2,4,2,1,2,Seek
54,Current employee,Travel_Rarely,821,Research & Development,5,2,Life Sciences,1,6351,129806,1,Male,86,3,5,Research Director,1,Married,19406,8509,2,Y,No,11,3,3,80,1,24,4,2,4,2,1,2,Seek
54,Current employee,Travel_Rarely,821,Research & Development,5,2,Medical,1,6354,129809,1,Male,86,3,5,Research Director,1,Married,19406,8509,4,Y,No,11,3,3,80,1,24,4,2,4,2,1,2,Seek
54,Current employee,Travel_Rarely,821,Research & Development,5,2,Life Sciences,1,6355,129810,1,Male,86,3,5,Research Director,1,Married,19406,8509,2,Y,No,11,3,3,80,1,24,4,2,4,2,1,2,Seek
54,Current employee,Travel_Rarely,685,Research & Development,3,3,Life Sciences,1,6357,129812,2,Female,54,3,2,Sales Executive,3,Married,6538,12740,9,Y,No,15,3,1,80,1,6,3,3,3,2,1,2,Jora
54,Current employee,Travel_Rarely,685,Research & Development,3,3,Life Sciences,1,6358,129813,2,Female,54,3,2,Sales Executive,3,Married,6538,12740,4,Y,No,15,3,1,80,1,6,3,3,3,2,1,2,Jora
54,Current employee,Travel_Rarely,685,Research & Development,3,3,Life Sciences,1,6361,129816,2,Female,54,3,2,Sales Executive,3,Married,6538,12740,9,Y,No,15,3,1,80,1,6,3,3,3,2,1,2,Jora
54,Current employee,Travel_Rarely,685,Research & Development,3,3,Life Sciences,1,6362,129817,2,Female,54,3,2,Sales Executive,3,Married,6538,12740,4,Y,No,15,3,1,80,1,6,3,3,3,2,1,2,Jora
54,Current employee,Travel_Rarely,685,Research & Development,3,3,Life Sciences,1,6364,129819,2,Female,54,3,2,Sales Executive,3,Married,6538,12740,9,Y,No,15,3,1,80,1,6,3,3,3,2,1,2,Jora
54,Current employee,Travel_Rarely,685,Research & Development,3,3,Life Sciences,1,6365,129820,2,Female,54,3,2,Sales Executive,3,Married,6538,12740,4,Y,No,15,3,1,80,1,6,3,3,3,2,1,2,Jora
54,Current employee,Travel_Rarely,685,Research & Development,3,3,Life Sciences,1,6369,129824,2,Female,54,3,2,Sales Executive,3,Married,6538,12740,9,Y,No,15,3,1,80,1,6,3,3,3,2,1,2,Jora
54,Current employee,Travel_Rarely,685,Research & Development,3,3,Life Sciences,1,6370,129825,2,Female,54,3,2,Sales Executive,3,Married,6538,12740,4,Y,No,15,3,1,80,1,6,3,3,3,2,1,2,Jora
54,Current employee,Travel_Rarely,548,Research & Development,8,4,Life Sciences,1,6941,130396,3,Female,42,3,2,Laboratory Technician,3,Single,3780,23428,7,Y,No,11,3,3,80,0,19,3,3,1,0,0,0,Adzuna
54,Current employee,Travel_Rarely,548,Research & Development,8,4,Marketing,1,6944,130399,3,Female,42,3,2,Laboratory Technician,3,Single,3780,23428,1,Y,No,11,3,3,80,0,19,3,3,1,0,0,0,Adzuna
54,Current employee,Travel_Rarely,548,Research & Development,8,4,Life Sciences,1,6947,130402,3,Female,42,3,2,Laboratory Technician,3,Single,3780,23428,7,Y,No,11,3,3,80,0,19,3,3,1,0,0,0,Adzuna
54,Current employee,Travel_Rarely,548,Research & Development,8,4,Marketing,1,6950,130405,3,Female,42,3,2,Laboratory Technician,3,Single,3780,23428,1,Y,No,11,3,3,80,0,19,3,3,1,0,0,0,Adzuna
54,Current employee,Travel_Rarely,548,Research & Development,8,4,Life Sciences,1,6953,130408,3,Female,42,3,2,Laboratory Technician,3,Single,3780,23428,7,Y,No,11,3,3,80,0,19,3,3,1,0,0,0,Adzuna
54,Current employee,Travel_Rarely,971,Research & Development,1,3,Medical,1,7159,130614,1,Female,83,3,4,Research Director,4,Single,17328,5652,1,Y,No,19,3,4,80,0,29,3,2,20,7,12,7,Seek
54,Current employee,Travel_Rarely,971,Research & Development,1,3,Medical,1,7170,130625,1,Female,83,3,4,Research Director,4,Single,17328,5652,1,Y,No,19,3,4,80,0,29,3,2,20,7,12,7,Seek
54,Current employee,Travel_Rarely,397,Human Resources,19,4,Medical,1,8166,131621,3,Male,88,3,3,Human Resources,2,Married,10725,6729,2,Y,No,15,3,3,80,1,16,1,4,9,7,7,1,LinkedIn
54,Current employee,Travel_Rarely,397,Human Resources,19,4,Medical,1,8168,131623,3,Male,88,3,3,Human Resources,2,Married,10725,6729,0,Y,No,15,3,3,80,1,16,1,4,9,7,7,1,LinkedIn
54,Current employee,Travel_Rarely,397,Human Resources,19,4,Medical,1,8172,131627,3,Male,88,3,3,Human Resources,2,Married,10725,6729,2,Y,No,15,3,3,80,1,16,1,4,9,7,7,1,LinkedIn
54,Current employee,Travel_Rarely,397,Human Resources,19,4,Medical,1,8173,131628,3,Male,88,3,3,Human Resources,2,Married,10725,6729,0,Y,No,15,3,3,80,1,16,1,4,9,7,7,1,LinkedIn
54,Current employee,Travel_Rarely,397,Human Resources,19,4,Medical,1,8174,131629,3,Male,88,3,3,Human Resources,2,Married,10725,6729,2,Y,No,15,3,3,80,1,16,1,4,9,7,7,1,LinkedIn
54,Current employee,Travel_Rarely,397,Human Resources,19,4,Medical,1,8176,131631,3,Male,88,3,3,Human Resources,2,Married,10725,6729,0,Y,No,15,3,3,80,1,16,1,4,9,7,7,1,LinkedIn
54,Current employee,Travel_Rarely,397,Human Resources,19,4,Medical,1,8180,131635,3,Male,88,3,3,Human Resources,2,Married,10725,6729,2,Y,No,15,3,3,80,1,16,1,4,9,7,7,1,LinkedIn
54,Current employee,Travel_Rarely,397,Human Resources,19,4,Medical,1,8181,131636,3,Male,88,3,3,Human Resources,2,Married,10725,6729,0,Y,No,15,3,3,80,1,16,1,4,9,7,7,1,LinkedIn
54,Current employee,Travel_Rarely,157,Research & Development,10,3,Life Sciences,1,9126,132581,4,Male,78,3,2,Manufacturing Director,1,Single,4440,25198,1,Y,Yes,19,3,4,80,0,9,3,3,5,2,1,4,Jora
54,Current employee,Travel_Rarely,157,Research & Development,10,3,Life Sciences,1,9137,132592,4,Male,78,3,2,Manufacturing Director,1,Single,4440,25198,1,Y,Yes,19,3,4,80,0,9,3,3,5,2,1,4,Jora
54,Current employee,Travel_Rarely,376,Research & Development,19,4,Medical,1,9238,132693,4,Female,95,3,2,Manufacturing Director,1,Divorced,5485,22670,9,Y,Yes,11,4,2,80,2,9,4,3,5,3,1,4,Company Website
54,Current employee,Travel_Rarely,376,Research & Development,19,4,Medical,1,9240,132695,4,Female,95,3,2,Manufacturing Director,1,Divorced,5485,22670,1,Y,Yes,11,3,2,80,2,9,4,3,5,3,1,4,Company Website
54,Current employee,Travel_Rarely,376,Research & Development,19,4,Medical,1,9244,132699,4,Female,95,3,2,Manufacturing Director,1,Divorced,5485,22670,9,Y,Yes,11,3,2,80,2,9,4,3,5,3,1,4,Company Website
54,Current employee,Travel_Rarely,376,Research & Development,19,4,Medical,1,9245,132700,4,Female,95,3,2,Manufacturing Director,1,Divorced,5485,22670,9,Y,Yes,11,4,2,80,2,9,4,3,5,3,1,4,Company Website
54,Current employee,Travel_Rarely,376,Research & Development,19,4,Medical,1,9247,132702,4,Female,95,3,2,Manufacturing Director,1,Divorced,5485,22670,1,Y,Yes,11,3,2,80,2,9,4,3,5,3,1,4,Company Website
54,Current employee,Travel_Rarely,376,Research & Development,19,4,Medical,1,9251,132706,4,Female,95,3,2,Manufacturing Director,1,Divorced,5485,22670,9,Y,Yes,11,3,2,80,2,9,4,3,5,3,1,4,Company Website
54,Current employee,Travel_Rarely,155,Research & Development,9,2,Life Sciences,1,9685,133140,3,Female,63,2,1,Research Scientist,3,Single,2274,6153,1,Y,No,14,3,4,80,0,1,3,3,1,0,0,0,GlassDoor
54,Current employee,Travel_Rarely,155,Research & Development,9,2,Medical,1,9687,133142,3,Female,63,2,1,Research Scientist,3,Single,2274,6153,3,Y,No,14,3,4,80,0,1,3,3,1,0,0,0,GlassDoor
54,Current employee,Travel_Rarely,155,Research & Development,9,2,Life Sciences,1,9690,133145,3,Female,63,2,1,Research Scientist,3,Single,2274,6153,1,Y,No,14,3,4,80,0,1,3,3,1,0,0,0,GlassDoor
54,Current employee,Travel_Rarely,155,Research & Development,9,2,Medical,1,9691,133146,3,Female,63,2,1,Research Scientist,3,Single,2274,6153,3,Y,No,14,3,4,80,0,1,3,3,1,0,0,0,GlassDoor
54,Current employee,Travel_Rarely,155,Research & Development,9,2,Life Sciences,1,9693,133148,3,Female,63,2,1,Research Scientist,3,Single,2274,6153,1,Y,No,14,3,4,80,0,1,3,3,1,0,0,0,GlassDoor
54,Current employee,Travel_Rarely,155,Research & Development,9,2,Medical,1,9695,133150,3,Female,63,2,1,Research Scientist,3,Single,2274,6153,3,Y,No,14,3,4,80,0,1,3,3,1,0,0,0,GlassDoor
54,Current employee,Travel_Rarely,155,Research & Development,9,2,Life Sciences,1,9698,133153,3,Female,63,2,1,Research Scientist,3,Single,2274,6153,1,Y,No,14,3,4,80,0,1,3,3,1,0,0,0,GlassDoor
54,Current employee,Travel_Rarely,155,Research & Development,9,2,Medical,1,9699,133154,3,Female,63,2,1,Research Scientist,3,Single,2274,6153,3,Y,No,14,3,4,80,0,1,3,3,1,0,0,0,GlassDoor
54,Current employee,Travel_Rarely,1147,Sales,3,3,Marketing,1,10528,133983,3,Male,66,3,1,Laboratory Technician,4,Single,2795,18016,1,Y,Yes,24,3,3,80,0,1,2,1,1,0,0,1,LinkedIn
54,Current employee,Travel_Rarely,1147,Sales,3,3,Life Sciences,1,10529,133984,3,Male,66,3,1,Laboratory Technician,4,Single,2795,18016,1,Y,Yes,24,3,3,80,0,1,2,1,1,0,0,1,LinkedIn
54,Current employee,Travel_Rarely,1147,Sales,3,3,Marketing,1,10533,133988,3,Male,66,3,1,Laboratory Technician,4,Single,2795,18016,1,Y,Yes,24,4,3,80,0,1,2,1,1,0,0,1,LinkedIn
54,Current employee,Travel_Rarely,1147,Sales,3,3,Life Sciences,1,10534,133989,3,Male,66,3,1,Laboratory Technician,4,Single,2795,18016,1,Y,Yes,24,4,3,80,0,1,2,1,1,0,0,1,LinkedIn
54,Current employee,Travel_Rarely,1147,Sales,3,3,Marketing,1,10536,133991,3,Male,66,3,1,Laboratory Technician,4,Single,2795,18016,1,Y,Yes,24,3,3,80,0,1,2,1,1,0,0,1,LinkedIn
54,Current employee,Travel_Rarely,1147,Sales,3,3,Marketing,1,10537,133992,3,Male,66,3,1,Laboratory Technician,4,Single,2795,18016,1,Y,Yes,24,3,1,80,2,7,2,3,5,2,1,4,Jora
54,Current employee,Travel_Rarely,1147,Sales,3,3,Life Sciences,1,10538,133993,3,Male,66,3,1,Laboratory Technician,4,Single,2795,18016,1,Y,Yes,24,3,3,80,0,1,2,1,1,0,0,1,LinkedIn
54,Current employee,Travel_Rarely,1147,Sales,3,3,Marketing,1,10542,133997,3,Male,66,3,1,Laboratory Technician,4,Single,2795,18016,1,Y,Yes,24,4,3,80,0,1,2,1,1,0,0,1,LinkedIn
54,Current employee,Travel_Rarely,1147,Sales,3,3,Life Sciences,1,10543,133998,3,Male,66,3,1,Laboratory Technician,4,Single,2795,18016,1,Y,Yes,24,4,3,80,0,1,2,1,1,0,0,1,LinkedIn
54,Current employee,Travel_Rarely,1441,Research & Development,17,3,Technical Degree,1,11668,135123,3,Female,56,3,3,Manufacturing Director,3,Married,10739,13943,8,Y,No,11,3,3,80,1,22,2,3,10,7,0,8,Jora
54,Current employee,Travel_Rarely,1441,Research & Development,17,3,Medical,1,11671,135126,3,Female,56,3,3,Manufacturing Director,3,Married,10739,13943,1,Y,No,11,3,3,80,1,22,2,3,10,7,0,8,Jora
54,Current employee,Travel_Rarely,1441,Research & Development,17,3,Technical Degree,1,11674,135129,3,Female,56,3,3,Manufacturing Director,3,Married,10739,13943,8,Y,No,11,3,3,80,1,22,2,3,10,7,0,8,Jora
54,Current employee,Travel_Rarely,1441,Research & Development,17,3,Medical,1,11677,135132,3,Female,56,3,3,Manufacturing Director,3,Married,10739,13943,1,Y,No,11,3,3,80,1,22,2,3,10,7,0,8,Jora
54,Current employee,Travel_Rarely,1441,Research & Development,17,3,Technical Degree,1,11680,135135,3,Female,56,3,3,Manufacturing Director,3,Married,10739,13943,8,Y,No,11,3,3,80,1,22,2,3,10,7,0,8,Jora
54,Current employee,Non-Travel,142,Human Resources,26,3,Medical,1,11945,135400,3,Male,62,3,1,Laboratory Technician,3,Single,2090,2396,1,Y,Yes,15,3,2,80,0,7,3,3,0,0,0,0,Seek
54,Current employee,Non-Travel,142,Human Resources,26,3,Medical,1,11956,135411,3,Male,62,3,1,Laboratory Technician,3,Single,2090,2396,1,Y,Yes,15,3,2,80,0,7,3,3,0,0,0,0,Seek
54,Current employee,Travel_Rarely,1082,Sales,2,4,Life Sciences,1,12364,135819,3,Female,41,2,3,Sales Executive,3,Married,10686,8392,6,Y,No,11,3,2,80,1,13,4,3,9,4,7,0,Jora
54,Current employee,Travel_Rarely,1082,Sales,2,4,Life Sciences,1,12366,135821,3,Female,41,2,3,Sales Executive,3,Married,10686,8392,4,Y,No,11,3,2,80,1,13,4,3,9,,7,0,Jora
54,Current employee,Travel_Rarely,1082,Sales,2,4,Life Sciences,1,12370,135825,3,Female,41,2,3,Sales Executive,3,Married,10686,8392,6,Y,No,11,3,2,80,1,13,4,3,9,4,7,0,Jora
54,Current employee,Travel_Rarely,1082,Sales,2,4,Life Sciences,1,12371,135826,3,Female,41,2,3,Sales Executive,3,Married,10686,8392,4,Y,No,11,3,2,80,1,13,4,3,9,4,7,0,Jora
54,Current employee,Travel_Rarely,1082,Sales,2,4,Life Sciences,1,12372,135827,3,Female,41,2,3,Sales Executive,3,Married,10686,8392,6,Y,No,11,3,2,80,1,13,4,3,9,4,7,0,Jora
54,Current employee,Travel_Rarely,1082,Sales,2,4,Life Sciences,1,12374,135829,3,Female,41,2,3,Sales Executive,3,Married,10686,8392,4,Y,No,11,3,2,80,1,13,4,3,9,4,7,0,Jora
54,Current employee,Travel_Rarely,1082,Sales,2,4,Life Sciences,1,12378,135833,3,Female,41,2,3,Sales Executive,3,Married,10686,8392,6,Y,No,11,3,2,80,1,13,4,3,9,4,7,0,Jora
54,Current employee,Travel_Rarely,1082,Sales,2,4,Life Sciences,1,12379,135834,3,Female,41,2,3,Sales Executive,3,Married,10686,8392,4,Y,No,11,3,2,80,1,13,4,3,9,4,7,0,Jora
54,Current employee,Travel_Rarely,1441,Research & Development,17,3,Life Sciences,1,12419,135874,3,Male,40,2,3,Manufacturing Director,3,Married,10739,13943,1,Y,No,11,3,3,80,1,22,2,3,10,7,0,8,Jora
54,Current employee,Travel_Rarely,1441,Research & Development,17,3,Life Sciences,1,12430,135885,3,Male,40,2,3,Manufacturing Director,3,Married,10739,13943,1,Y,No,11,3,3,80,1,22,2,3,10,7,0,8,Jora
54,Current employee,Travel_Frequently,966,Research & Development,1,4,Life Sciences,1,14260,137715,4,Female,53,3,3,Manufacturing Director,3,Divorced,10502,9659,7,Y,No,17,3,1,80,1,33,2,1,5,4,1,4,LinkedIn
54,Current employee,Travel_Frequently,966,Research & Development,1,4,Life Sciences,1,14262,137717,4,Female,53,3,3,Manufacturing Director,3,Divorced,10502,9659,1,Y,No,17,4,1,80,1,33,2,1,5,4,1,4,LinkedIn
54,Current employee,Travel_Frequently,966,Research & Development,1,4,Life Sciences,1,14265,137720,4,Female,53,3,3,Manufacturing Director,3,Divorced,10502,9659,7,Y,No,17,3,1,80,1,33,2,1,5,4,1,4,LinkedIn
54,Current employee,Travel_Frequently,966,Research & Development,1,4,Life Sciences,1,14266,137721,4,Female,53,3,3,Manufacturing Director,3,Divorced,10502,9659,7,Y,No,17,3,1,80,1,33,2,1,5,4,1,4,LinkedIn
54,Current employee,Travel_Frequently,966,Research & Development,1,4,Life Sciences,1,14268,137723,4,Female,53,3,3,Manufacturing Director,3,Divorced,10502,9659,1,Y,No,17,4,1,80,1,33,2,1,5,4,1,4,LinkedIn
54,Current employee,Travel_Frequently,966,Research & Development,1,4,Life Sciences,1,14271,137726,4,Female,53,3,3,Manufacturing Director,3,Divorced,10502,9659,7,Y,No,17,3,1,80,1,33,2,1,5,4,1,4,LinkedIn
54,Current employee,Travel_Rarely,685,Research & Development,3,3,Life Sciences,1,14319,137774,4,Male,85,3,4,Research Director,4,Married,17779,23474,3,Y,No,14,3,1,80,0,36,2,3,10,9,0,9,LinkedIn
54,Current employee,Travel_Rarely,685,Research & Development,3,3,Life Sciences,1,14322,137777,4,Male,85,3,4,Research Director,4,Married,17779,23474,2,Y,No,14,3,1,80,0,36,2,3,10,9,0,9,LinkedIn
54,Current employee,Travel_Rarely,685,Research & Development,3,3,Life Sciences,1,14325,137780,4,Male,85,3,4,Research Director,4,Married,17779,23474,3,Y,No,14,3,1,80,0,36,2,3,10,9,0,9,LinkedIn
54,Current employee,Travel_Rarely,685,Research & Development,3,3,Life Sciences,1,14326,137781,4,Male,85,3,4,Research Director,4,Married,17779,23474,2,Y,No,14,3,1,80,0,36,2,3,10,9,0,9,LinkedIn
54,Current employee,Travel_Rarely,685,Research & Development,3,3,Life Sciences,1,14327,137782,4,Male,85,3,4,Research Director,4,Married,17779,23474,3,Y,No,14,3,1,80,0,36,2,3,10,9,0,9,LinkedIn
54,Current employee,Travel_Rarely,685,Research & Development,3,3,Life Sciences,1,14330,137785,4,Male,85,3,4,Research Director,4,Married,17779,23474,2,Y,No,14,3,1,80,0,36,2,3,10,9,0,9,LinkedIn
54,Current employee,Travel_Rarely,685,Research & Development,3,3,Life Sciences,1,14333,137788,4,Male,85,3,4,Research Director,4,Married,17779,23474,3,Y,No,14,3,1,80,0,36,2,3,10,9,0,9,LinkedIn
54,Current employee,Travel_Rarely,685,Research & Development,3,3,Life Sciences,1,14334,137789,4,Male,85,3,4,Research Director,4,Married,17779,23474,2,Y,No,14,3,1,80,0,36,2,3,10,9,0,9,LinkedIn
54,Current employee,Travel_Frequently,1050,Research & Development,11,4,Medical,1,14644,138099,4,Male,37,2,2,Laboratory Technician,3,Married,3407,25348,1,Y,No,17,3,4,80,2,10,3,2,10,9,6,8,Indeed
54,Current employee,Travel_Frequently,1050,Research & Development,11,4,Medical,1,14654,138109,4,Male,37,2,2,Laboratory Technician,3,Married,3407,25348,1,Y,No,17,3,4,80,2,10,3,2,10,9,6,8,Indeed
54,Current employee,Travel_Rarely,821,Research & Development,5,2,Medical,1,14785,138240,3,Male,78,2,2,Human Resources,2,Married,4490,21833,4,Y,No,11,3,4,80,2,14,5,4,10,9,1,8,Indeed
54,Current employee,Travel_Rarely,821,Research & Development,5,2,Life Sciences,1,14786,138241,3,Male,78,2,2,Human Resources,2,Married,4490,21833,0,Y,No,11,3,4,80,2,14,5,4,10,9,1,8,Indeed
54,Current employee,Travel_Rarely,821,Research & Development,5,2,Medical,1,14790,138245,3,Male,78,2,2,Human Resources,2,Married,4490,21833,4,Y,No,11,3,4,80,2,14,5,4,10,9,1,8,Indeed
54,Current employee,Travel_Rarely,821,Research & Development,5,2,Life Sciences,1,14791,138246,3,Male,78,2,2,Human Resources,2,Married,4490,21833,0,Y,No,11,3,4,80,2,14,5,4,10,9,1,8,Indeed
54,Current employee,Travel_Rarely,821,Research & Development,5,2,Medical,1,14793,138248,3,Male,78,2,2,Human Resources,2,Married,4490,21833,4,Y,No,11,3,4,80,2,14,5,4,10,9,1,8,Indeed
54,Current employee,Travel_Rarely,821,Research & Development,5,2,Life Sciences,1,14794,138249,3,Male,78,2,2,Human Resources,2,Married,4490,21833,0,Y,No,11,3,4,80,2,14,5,4,10,9,1,8,Indeed
54,Current employee,Travel_Rarely,821,Research & Development,5,2,Medical,1,14798,138253,3,Male,78,2,2,Human Resources,2,Married,4490,21833,4,Y,No,11,3,4,80,2,14,5,4,10,9,1,8,Indeed
54,Current employee,Travel_Rarely,821,Research & Development,5,2,Life Sciences,1,14799,138254,3,Male,78,2,2,Human Resources,2,Married,4490,21833,0,Y,No,11,3,4,80,2,14,5,4,10,9,1,8,Indeed
54,Current employee,Travel_Rarely,376,Research & Development,19,4,Life Sciences,1,15306,138761,4,Female,58,1,2,Manufacturing Director,1,Divorced,5485,22670,1,Y,Yes,11,3,2,80,2,9,4,3,5,3,1,4,Company Website
54,Current employee,Travel_Rarely,376,Research & Development,19,4,Life Sciences,1,15316,138771,4,Female,58,1,2,Manufacturing Director,1,Divorced,5485,22670,1,Y,Yes,11,3,2,80,2,9,4,3,5,3,1,4,Company Website
54,Current employee,Travel_Rarely,397,Human Resources,19,4,Medical,1,15320,138775,3,Male,79,3,5,Manager,2,Single,19717,4022,6,Y,No,14,3,1,80,0,36,4,3,7,3,7,7,Indeed
54,Current employee,Travel_Rarely,397,Human Resources,19,4,Medical,1,15322,138777,3,Male,79,3,5,Manager,2,Single,19717,4022,1,Y,No,14,4,1,80,0,36,4,3,7,3,7,7,Indeed
54,Current employee,Travel_Rarely,397,Human Resources,19,4,Medical,1,15323,138778,3,Male,79,3,5,Manager,2,Single,19717,4022,6,Y,No,14,3,1,80,0,36,4,3,7,3,7,7,Indeed
54,Current employee,Travel_Rarely,397,Human Resources,19,4,Medical,1,15327,138782,3,Male,79,3,5,Manager,2,Single,19717,4022,6,Y,No,14,3,1,80,0,36,4,3,7,3,7,7,Indeed
54,Current employee,Travel_Rarely,397,Human Resources,19,4,Medical,1,15329,138784,3,Male,79,3,5,Manager,2,Single,19717,4022,1,Y,No,14,4,1,80,0,36,4,3,7,3,7,7,Indeed
54,Current employee,Travel_Rarely,397,Human Resources,19,4,Medical,1,15330,138785,3,Male,79,3,5,Manager,2,Single,19717,4022,6,Y,No,14,3,1,80,0,36,4,3,7,3,7,7,Indeed
54,Current employee,Travel_Rarely,376,Research & Development,19,4,Medical,1,15666,139121,3,Female,80,4,2,Healthcare Representative,3,Divorced,6377,13888,5,Y,No,20,3,2,80,3,15,0,3,12,11,11,8,Indeed
54,Current employee,Travel_Rarely,376,Research & Development,19,4,Medical,1,15668,139123,3,Female,80,4,2,Healthcare Representative,3,Divorced,6377,13888,0,Y,No,20,3,2,80,3,15,0,3,12,11,11,8,Indeed
54,Current employee,Travel_Rarely,376,Research & Development,19,4,Medical,1,15671,139126,3,Female,80,4,2,Healthcare Representative,3,Divorced,6377,13888,5,Y,No,20,4,2,80,3,15,0,3,12,11,11,8,Indeed
54,Current employee,Travel_Rarely,376,Research & Development,19,4,Medical,1,15672,139127,3,Female,80,4,2,Healthcare Representative,3,Divorced,6377,13888,0,Y,No,20,4,2,80,3,15,0,3,12,11,11,8,Indeed
54,Current employee,Travel_Rarely,376,Research & Development,19,4,Medical,1,15674,139129,3,Female,80,4,2,Healthcare Representative,3,Divorced,6377,13888,5,Y,No,20,3,2,80,3,15,0,3,12,11,11,8,Indeed
54,Current employee,Travel_Rarely,376,Research & Development,19,4,Medical,1,15676,139131,3,Female,80,3,1,Human Resources,2,Divorced,2277,22650,3,Y,Yes,11,3,2,80,1,34,4,3,33,7,1,9,Indeed
54,Current employee,Travel_Rarely,376,Research & Development,19,4,Medical,1,15679,139134,3,Female,80,4,2,Healthcare Representative,3,Divorced,6377,13888,5,Y,No,20,4,2,80,3,15,0,3,12,11,11,8,Indeed
54,Current employee,Travel_Rarely,376,Research & Development,19,4,Medical,1,15680,139135,3,Female,80,4,2,Healthcare Representative,3,Divorced,6377,13888,0,Y,No,20,4,2,80,3,15,0,3,12,11,11,8,Indeed
54,Current employee,Travel_Rarely,971,Research & Development,1,3,Medical,1,16141,139596,4,Female,54,3,4,Research Director,4,Single,17328,5652,6,Y,No,19,3,4,80,0,29,3,2,20,7,12,7,Seek
54,Current employee,Travel_Rarely,971,Research & Development,1,3,Life Sciences,1,16143,139598,4,Female,54,3,4,Research Director,4,Single,17328,5652,1,Y,No,19,3,4,80,0,29,3,2,20,7,12,7,Seek
54,Current employee,Travel_Rarely,971,Research & Development,1,3,Medical,1,16147,139602,4,Female,54,3,4,Research Director,4,Single,17328,5652,6,Y,No,19,3,4,80,0,29,3,2,20,7,12,7,Seek
54,Current employee,Travel_Rarely,971,Research & Development,1,3,Medical,1,16148,139603,4,Female,54,3,4,Research Director,4,Single,17328,5652,6,Y,No,19,3,4,80,0,29,3,2,20,7,12,7,Seek
54,Current employee,Travel_Rarely,971,Research & Development,1,3,Life Sciences,1,16150,139605,4,Female,54,3,4,Research Director,4,Single,17328,5652,1,Y,No,19,3,4,80,0,29,3,2,20,7,12,7,Seek
54,Current employee,Travel_Rarely,971,Research & Development,1,3,Medical,1,16154,139609,4,Female,54,3,4,Research Director,4,Single,17328,5652,6,Y,No,19,3,4,80,0,29,3,2,20,7,12,7,Seek
54,Current employee,Travel_Rarely,397,Human Resources,19,4,Medical,1,16476,139931,4,Male,82,3,5,Manager,2,Single,19717,4022,1,Y,No,14,3,1,80,0,36,4,3,7,3,7,7,Indeed
54,Current employee,Travel_Rarely,397,Human Resources,19,4,Medical,1,16487,139942,4,Male,82,3,5,Manager,2,Single,19717,4022,1,Y,No,14,3,1,80,0,36,4,3,7,3,7,7,Indeed
54,Current employee,Travel_Rarely,548,Research & Development,8,4,Life Sciences,1,17052,140507,4,Male,30,3,2,Laboratory Technician,3,Single,3780,23428,1,Y,No,11,3,3,80,0,19,3,3,1,0,0,0,Adzuna
54,Current employee,Travel_Rarely,548,Research & Development,8,4,Life Sciences,1,17061,140516,4,Male,30,3,2,Laboratory Technician,3,Single,3780,23428,1,Y,No,11,3,3,80,0,19,3,3,1,0,0,0,Adzuna
54,Current employee,Travel_Frequently,1050,Research & Development,11,4,Medical,1,17220,140675,2,Female,87,3,4,Manager,4,Divorced,16032,24456,3,Y,No,20,3,1,80,1,26,2,3,14,9,1,12,Indeed
54,Current employee,Travel_Frequently,1050,Research & Development,11,4,Medical,1,17222,140677,2,Female,87,3,4,Manager,4,Divorced,16032,24456,1,Y,No,20,3,1,80,1,26,2,3,14,9,1,12,Indeed
54,Current employee,Travel_Frequently,1050,Research & Development,11,4,Medical,1,17226,140681,2,Female,87,3,4,Manager,4,Divorced,16032,24456,3,Y,No,20,4,1,80,1,26,2,3,14,9,1,12,Indeed
54,Current employee,Travel_Frequently,1050,Research & Development,11,4,Medical,1,17227,140682,2,Female,87,3,4,Manager,4,Divorced,16032,24456,3,Y,No,20,3,1,80,1,26,2,3,14,9,1,12,Indeed
54,Current employee,Travel_Frequently,1050,Research & Development,11,4,Medical,1,17229,140684,2,Female,87,3,4,Manager,4,Divorced,16032,24456,1,Y,No,20,3,1,80,1,26,2,3,14,9,1,12,Indeed
54,Current employee,Travel_Frequently,1050,Research & Development,11,4,Medical,1,17233,140688,2,Female,87,3,4,Manager,4,Divorced,16032,24456,3,Y,No,20,4,1,80,1,26,2,3,14,9,1,12,Indeed
54,Current employee,Travel_Rarely,971,Research & Development,1,3,Medical,1,17717,141172,4,Male,85,3,2,Human Resources,3,Married,6077,14814,3,Y,No,11,3,3,80,0,10,2,3,6,3,1,2,Indeed
54,Current employee,Travel_Rarely,971,Research & Development,1,3,Life Sciences,1,17718,141173,4,Male,85,3,2,Human Resources,3,Married,6077,14814,0,Y,No,11,3,3,80,0,10,2,3,6,3,1,2,Indeed
54,Current employee,Travel_Rarely,971,Research & Development,1,3,Medical,1,17722,141177,4,Male,85,3,2,Human Resources,3,Married,6077,14814,3,Y,No,11,3,3,80,0,10,2,3,6,3,1,2,Indeed
54,Current employee,Travel_Rarely,971,Research & Development,1,3,Life Sciences,1,17723,141178,4,Male,85,3,2,Human Resources,3,Married,6077,14814,0,Y,No,11,3,3,80,0,10,2,3,6,3,1,2,Indeed
54,Current employee,Travel_Rarely,971,Research & Development,1,3,Medical,1,17725,141180,4,Male,85,3,2,Human Resources,3,Married,6077,14814,3,Y,No,11,3,3,80,0,10,2,3,6,3,1,2,Indeed
54,Current employee,Travel_Rarely,971,Research & Development,1,3,Life Sciences,1,17726,141181,4,Male,85,3,2,Human Resources,3,Married,6077,14814,0,Y,No,11,3,3,80,0,10,2,3,6,3,1,2,Indeed
54,Current employee,Travel_Rarely,971,Research & Development,1,3,Medical,1,17730,141185,4,Male,85,3,2,Human Resources,3,Married,6077,14814,3,Y,No,11,3,3,80,0,10,2,3,6,3,1,2,Indeed
54,Current employee,Travel_Rarely,971,Research & Development,1,3,Life Sciences,1,17731,141186,4,Male,85,3,2,Human Resources,3,Married,6077,14814,0,Y,No,11,3,3,80,0,10,2,3,6,3,1,2,Indeed
54,Current employee,Travel_Frequently,966,Research & Development,1,4,Technical Degree,1,17857,141312,3,Male,60,2,4,Research Director,2,Divorced,14336,4345,1,Y,No,11,3,3,80,1,25,3,3,25,10,3,9,LinkedIn
54,Current employee,Travel_Frequently,966,Research & Development,1,4,Technical Degree,1,17866,141321,3,Male,60,2,4,Research Director,2,Divorced,14336,4345,1,Y,No,11,3,3,80,1,25,3,3,25,10,3,9,LinkedIn
54,Current employee,Travel_Frequently,1050,Research & Development,11,4,Medical,1,18066,141521,4,Male,86,4,2,Laboratory Technician,3,Married,3407,25348,1,Y,No,17,3,4,80,2,10,3,2,10,9,6,8,Indeed
54,Current employee,Travel_Frequently,1050,Research & Development,11,4,Medical,1,18067,141522,4,Male,86,4,2,Laboratory Technician,3,Married,3407,25348,1,Y,No,17,3,4,80,2,10,3,2,10,9,6,8,Indeed
54,Current employee,Travel_Frequently,1050,Research & Development,11,4,Medical,1,18071,141526,4,Male,86,4,2,Laboratory Technician,3,Married,3407,25348,1,Y,No,17,3,4,80,2,10,3,2,10,9,6,8,Indeed
54,Current employee,Travel_Frequently,1050,Research & Development,11,4,Medical,1,18073,141528,4,Male,86,4,2,Laboratory Technician,3,Married,3407,25348,1,Y,No,17,3,4,80,2,10,3,2,10,9,6,8,Indeed
54,Current employee,Travel_Frequently,1050,Research & Development,11,4,Medical,1,18074,141529,4,Male,86,4,2,Laboratory Technician,3,Married,3407,25348,1,Y,No,17,3,4,80,2,10,3,2,10,9,6,8,Indeed
54,Current employee,Travel_Frequently,1050,Research & Development,11,4,Medical,1,18078,141533,4,Male,86,4,2,Laboratory Technician,3,Married,3407,25348,1,Y,No,17,3,4,80,2,10,3,2,10,9,6,8,Indeed
54,Current employee,Travel_Rarely,584,Research & Development,22,5,Medical,1,18615,142070,4,Female,87,3,3,Manufacturing Director,4,Single,7945,19948,6,Y,Yes,15,3,4,80,0,18,2,2,4,2,3,3,Jora
54,Current employee,Travel_Rarely,584,Research & Development,22,5,Other,1,18617,142072,4,Female,87,3,3,Manufacturing Director,4,Single,7945,19948,1,Y,Yes,15,3,4,80,0,18,2,2,4,2,3,3,Jora
54,Current employee,Travel_Rarely,584,Research & Development,22,5,Medical,1,18620,142075,4,Female,87,3,3,Manufacturing Director,4,Single,7945,19948,6,Y,Yes,15,3,4,80,0,18,2,2,4,2,3,3,Jora
54,Current employee,Travel_Rarely,584,Research & Development,22,5,Medical,1,18622,142077,4,Female,87,3,3,Manufacturing Director,4,Single,7945,19948,6,Y,Yes,15,3,4,80,0,18,2,2,4,2,3,3,Jora
54,Current employee,Travel_Rarely,584,Research & Development,22,5,Other,1,18624,142079,4,Female,87,3,3,Manufacturing Director,4,Single,7945,19948,1,Y,Yes,15,3,4,80,0,18,2,2,4,2,3,3,Jora
54,Current employee,Travel_Rarely,584,Research & Development,22,5,Medical,1,18627,142082,4,Female,87,3,3,Manufacturing Director,4,Single,7945,19948,6,Y,Yes,15,3,4,80,0,18,2,2,4,2,3,3,Jora
54,Current employee,Travel_Rarely,584,Research & Development,22,5,Medical,1,18935,142390,2,Female,91,3,4,Manager,3,Married,17426,18685,3,Y,No,25,3,3,80,1,36,6,3,10,8,4,7,Company Website
54,Current employee,Travel_Rarely,584,Research & Development,22,5,Other,1,18937,142392,2,Female,91,3,4,Manager,3,Married,17426,18685,1,Y,No,25,3,3,80,1,36,6,3,10,8,4,7,Company Website
54,Current employee,Travel_Rarely,584,Research & Development,22,5,Medical,1,18941,142396,2,Female,91,3,4,Manager,3,Married,17426,18685,3,Y,No,25,4,3,80,1,36,6,3,10,8,4,7,Company Website
54,Current employee,Travel_Rarely,584,Research & Development,22,5,Medical,1,18942,142397,2,Female,91,3,4,Manager,3,Married,17426,18685,3,Y,No,25,3,3,80,1,36,6,3,10,8,4,7,Company Website
54,Current employee,Travel_Rarely,584,Research & Development,22,5,Other,1,18944,142399,2,Female,91,3,4,Manager,3,Married,17426,18685,1,Y,No,25,3,3,80,1,36,6,3,10,8,4,7,Company Website
54,Current employee,Travel_Rarely,584,Research & Development,22,5,Medical,1,18948,142403,2,Female,91,3,4,Manager,3,Married,17426,18685,3,Y,No,25,4,3,80,1,36,6,3,10,8,4,7,Company Website
54,Current employee,Travel_Frequently,1050,Research & Development,11,4,Life Sciences,1,19083,142538,4,Female,89,2,4,Manager,4,Divorced,16032,24456,1,Y,No,20,4,1,80,1,26,2,3,14,9,1,12,Indeed
54,Current employee,Travel_Frequently,1050,Research & Development,11,4,Life Sciences,1,19094,142549,4,Female,89,2,4,Manager,4,Divorced,16032,24456,1,Y,No,20,4,1,80,1,26,2,3,14,9,1,12,Indeed
54,Current employee,Travel_Rarely,431,Research & Development,7,4,Medical,1,19301,142756,4,Male,89,2,1,Research Scientist,2,Divorced,3537,23737,5,Y,No,12,3,4,80,1,8,1,3,4,2,1,2,Adzuna
54,Current employee,Travel_Rarely,431,Research & Development,7,4,Marketing,1,19302,142757,4,Male,89,2,1,Research Scientist,2,Divorced,3537,23737,3,Y,No,12,3,4,80,1,8,1,3,4,2,1,2,Adzuna
54,Current employee,Travel_Rarely,431,Research & Development,7,4,Medical,1,19304,142759,4,Male,89,2,1,Research Scientist,2,Divorced,3537,23737,5,Y,No,12,3,4,80,1,8,1,3,4,2,1,2,Adzuna
54,Current employee,Travel_Rarely,431,Research & Development,7,4,Marketing,1,19305,142760,4,Male,89,2,1,Research Scientist,2,Divorced,3537,23737,3,Y,No,12,3,4,80,1,8,1,3,4,2,1,2,Adzuna
54,Current employee,Travel_Rarely,431,Research & Development,7,4,Medical,1,19308,142763,4,Male,89,2,1,Research Scientist,2,Divorced,3537,23737,5,Y,No,12,3,4,80,1,8,1,3,4,2,1,2,Adzuna
54,Current employee,Travel_Rarely,431,Research & Development,7,4,Marketing,1,19309,142764,4,Male,89,2,1,Research Scientist,2,Divorced,3537,23737,3,Y,No,12,3,4,80,1,8,1,3,4,2,1,2,Adzuna
54,Current employee,Travel_Rarely,431,Research & Development,7,4,Medical,1,19311,142766,4,Male,89,2,1,Research Scientist,2,Divorced,3537,23737,5,Y,No,12,3,4,80,1,8,1,3,4,2,1,2,Adzuna
54,Current employee,Travel_Rarely,431,Research & Development,7,4,Marketing,1,19312,142767,4,Male,89,2,1,Research Scientist,2,Divorced,3537,23737,3,Y,No,12,3,4,80,1,8,1,3,4,2,1,2,Adzuna
54,Current employee,Travel_Rarely,157,Research & Development,10,3,Medical,1,19747,143202,4,Male,91,3,3,Sales Executive,4,Divorced,10368,5596,4,Y,Yes,12,3,2,80,1,13,5,2,10,6,0,3,LinkedIn
54,Current employee,Travel_Rarely,157,Research & Development,10,3,Medical,1,19749,143204,4,Male,91,3,3,Sales Executive,4,Divorced,10368,5596,6,Y,Yes,12,3,2,80,1,13,5,2,10,6,0,3,LinkedIn
54,Current employee,Travel_Rarely,157,Research & Development,10,3,Medical,1,19752,143207,4,Male,91,3,3,Sales Executive,4,Divorced,10368,5596,4,Y,Yes,12,3,2,80,1,13,5,2,10,6,0,3,LinkedIn
54,Current employee,Travel_Rarely,157,Research & Development,10,3,Medical,1,19753,143208,4,Male,91,3,3,Sales Executive,4,Divorced,10368,5596,6,Y,Yes,12,3,2,80,1,13,5,2,10,6,0,3,LinkedIn
54,Current employee,Travel_Rarely,157,Research & Development,10,3,Medical,1,19755,143210,4,Male,91,3,3,Sales Executive,4,Divorced,10368,5596,4,Y,Yes,12,3,2,80,1,13,5,2,10,6,0,3,LinkedIn
54,Current employee,Travel_Rarely,157,Research & Development,10,3,Medical,1,19757,143212,4,Male,91,3,3,Sales Executive,4,Divorced,10368,5596,6,Y,Yes,12,3,2,80,1,13,5,2,10,6,0,3,LinkedIn
54,Current employee,Travel_Rarely,157,Research & Development,10,3,Medical,1,19760,143215,4,Male,91,3,3,Sales Executive,4,Divorced,10368,5596,4,Y,Yes,12,3,2,80,1,13,5,2,10,6,0,3,LinkedIn
54,Current employee,Travel_Rarely,157,Research & Development,10,3,Medical,1,19761,143216,4,Male,91,3,3,Sales Executive,4,Divorced,10368,5596,6,Y,Yes,12,3,2,80,1,13,5,2,10,6,0,3,LinkedIn
54,Current employee,Travel_Rarely,431,Research & Development,7,4,Medical,1,20859,144314,4,Female,68,3,2,Research Scientist,4,Married,6854,15696,4,Y,No,15,3,2,80,1,14,2,2,7,1,1,7,Recruit.net
54,Current employee,Travel_Rarely,431,Research & Development,7,4,Marketing,1,20862,144317,4,Female,68,3,2,Research Scientist,4,Married,6854,15696,3,Y,No,15,3,2,80,1,14,2,2,7,1,1,7,Recruit.net
54,Current employee,Travel_Rarely,431,Research & Development,7,4,Medical,1,20865,144320,4,Female,68,3,2,Research Scientist,4,Married,6854,15696,4,Y,No,15,3,2,80,1,14,2,2,7,1,1,7,Recruit.net
54,Current employee,Travel_Rarely,431,Research & Development,7,4,Marketing,1,20866,144321,4,Female,68,3,2,Research Scientist,4,Married,6854,15696,3,Y,No,15,3,2,80,1,14,2,2,7,1,1,7,Recruit.net
54,Current employee,Travel_Rarely,431,Research & Development,7,4,Medical,1,20867,144322,4,Female,68,3,2,Research Scientist,4,Married,6854,15696,4,Y,No,15,3,2,80,1,14,2,2,7,1,1,7,Recruit.net
54,Current employee,Travel_Rarely,431,Research & Development,7,4,Marketing,1,20870,144325,4,Female,68,3,2,Research Scientist,4,Married,6854,15696,3,Y,No,15,3,2,80,1,14,2,2,7,1,1,7,Recruit.net
54,Current employee,Travel_Rarely,431,Research & Development,7,4,Medical,1,20873,144328,4,Female,68,3,2,Research Scientist,4,Married,6854,15696,4,Y,No,15,3,2,80,1,14,2,2,7,1,1,7,Recruit.net
54,Current employee,Travel_Rarely,431,Research & Development,7,4,Marketing,1,20874,144329,4,Female,68,3,2,Research Scientist,4,Married,6854,15696,3,Y,No,15,3,2,80,1,14,2,2,7,1,1,7,Recruit.net
54,Current employee,Travel_Rarely,1217,Research & Development,2,4,Technical Degree,1,21465,144920,4,Male,95,3,1,Laboratory Technician,1,Single,2062,19384,3,Y,No,14,3,2,80,0,11,2,3,3,2,1,2,Company Website
54,Current employee,Travel_Rarely,1217,Research & Development,2,4,Life Sciences,1,21466,144921,4,Male,95,3,1,Laboratory Technician,1,Single,2062,19384,1,Y,No,14,3,2,80,0,11,2,3,3,2,1,2,Company Website
54,Current employee,Travel_Rarely,1217,Research & Development,2,4,Technical Degree,1,21470,144925,4,Male,95,3,1,Laboratory Technician,1,Single,2062,19384,3,Y,No,14,3,2,80,0,11,2,3,3,2,1,2,Company Website
54,Current employee,Travel_Rarely,1217,Research & Development,2,4,Life Sciences,1,21471,144926,4,Male,95,3,1,Laboratory Technician,1,Single,2062,19384,1,Y,No,14,3,2,80,0,11,2,3,3,2,1,2,Company Website
54,Current employee,Travel_Rarely,1217,Research & Development,2,4,Technical Degree,1,21473,144928,4,Male,95,3,1,Laboratory Technician,1,Single,2062,19384,3,Y,No,14,3,2,80,0,11,2,3,3,2,1,2,Company Website
54,Current employee,Travel_Rarely,1217,Research & Development,2,4,Life Sciences,1,21474,144929,4,Male,95,3,1,Laboratory Technician,1,Single,2062,19384,1,Y,No,14,3,2,80,0,11,2,3,3,2,1,2,Company Website
54,Current employee,Travel_Rarely,1217,Research & Development,2,4,Technical Degree,1,21478,144933,4,Male,95,3,1,Laboratory Technician,1,Single,2062,19384,3,Y,No,14,3,2,80,0,11,2,3,3,2,1,2,Company Website
54,Current employee,Travel_Rarely,1217,Research & Development,2,4,Life Sciences,1,21479,144934,4,Male,95,3,1,Laboratory Technician,1,Single,2062,19384,1,Y,No,14,3,2,80,0,11,2,3,3,2,1,2,Company Website
54,Current employee,Non-Travel,142,Human Resources,26,3,Other,1,21743,145198,4,Female,96,4,4,Manager,4,Single,17328,13871,1,Y,Yes,12,3,3,80,0,23,3,3,5,3,4,4,Recruit.net
54,Current employee,Non-Travel,142,Human Resources,26,3,Other,1,21754,145209,4,Female,96,4,4,Manager,4,Single,17328,13871,1,Y,Yes,12,3,3,80,0,23,3,3,5,3,4,4,Recruit.net
54,Current employee,Travel_Rarely,155,Research & Development,9,2,Life Sciences,1,22341,145796,1,Female,33,3,2,Research Scientist,3,Married,2897,22474,3,Y,No,11,3,3,80,2,9,6,2,4,3,2,3,Indeed
54,Current employee,Travel_Rarely,155,Research & Development,9,2,Medical,1,22344,145799,1,Female,33,3,2,Research Scientist,3,Married,2897,22474,3,Y,No,11,3,3,80,2,9,6,2,4,3,2,3,Indeed
54,Current employee,Travel_Rarely,155,Research & Development,9,2,Life Sciences,1,22345,145800,1,Female,33,3,2,Research Scientist,3,Married,2897,22474,3,Y,No,11,3,3,80,2,9,6,2,4,3,2,3,Indeed
54,Current employee,Travel_Rarely,155,Research & Development,9,2,Medical,1,22346,145801,1,Female,33,3,2,Research Scientist,3,Married,2897,22474,3,Y,No,11,3,3,80,2,9,6,2,4,3,2,3,Indeed
54,Current employee,Travel_Rarely,155,Research & Development,9,2,Life Sciences,1,22349,145804,1,Female,33,3,2,Research Scientist,3,Married,2897,22474,3,Y,No,11,3,3,80,2,9,6,2,4,3,2,3,Indeed
54,Current employee,Travel_Rarely,155,Research & Development,9,2,Medical,1,22352,145807,1,Female,33,3,2,Research Scientist,3,Married,2897,22474,3,Y,No,11,3,3,80,2,9,6,2,4,3,2,3,Indeed
54,Current employee,Travel_Rarely,155,Research & Development,9,2,Life Sciences,1,22353,145808,1,Female,33,3,2,Research Scientist,3,Married,2897,22474,3,Y,No,11,3,3,80,2,9,6,2,4,3,2,3,Indeed
54,Current employee,Travel_Rarely,155,Research & Development,9,2,Medical,1,22354,145809,1,Female,33,3,2,Research Scientist,3,Married,2897,22474,3,Y,No,11,3,3,80,2,9,6,2,4,3,2,3,Indeed
54,Current employee,Travel_Rarely,1441,Research & Development,17,3,Technical Degree,1,22405,145860,4,Male,98,4,5,Manager,2,Married,19636,25811,4,Y,Yes,18,4,1,80,1,35,0,3,10,9,1,4,Indeed
54,Current employee,Travel_Rarely,1441,Research & Development,17,3,Medical,1,22406,145861,4,Male,98,4,5,Manager,2,Married,19636,25811,1,Y,Yes,18,3,1,80,1,35,0,3,10,9,1,4,Indeed
54,Current employee,Travel_Rarely,1441,Research & Development,17,3,Technical Degree,1,22409,145864,4,Male,98,4,5,Manager,2,Married,19636,25811,4,Y,Yes,18,3,1,80,1,35,0,3,10,9,1,4,Indeed
54,Current employee,Travel_Rarely,1217,Research & Development,2,4,Technical Degree,1,22410,145865,3,Male,33,4,3,Research Director,3,Married,13549,24001,1,Y,No,12,3,1,80,1,16,5,1,4,3,0,3,GlassDoor
54,Current employee,Travel_Rarely,,Research & Development,17,3,Technical Degree,1,22414,145869,4,Male,98,4,5,Manager,2,Married,19636,25811,4,Y,Yes,18,4,1,80,1,35,0,3,10,,1,4,Indeed
54,Current employee,Travel_Rarely,1441,Research & Development,17,3,Medical,1,22415,145870,4,Male,98,4,5,Manager,2,Married,19636,25811,1,Y,Yes,18,3,1,80,1,35,0,3,10,9,1,4,Indeed
54,Current employee,Travel_Rarely,1441,Research & Development,17,3,Technical Degree,1,22418,145873,4,Male,98,4,5,Manager,2,Married,19636,25811,4,Y,Yes,18,3,1,80,1,35,0,3,10,9,1,4,Indeed
54,Current employee,Travel_Rarely,1217,Research & Development,2,4,Technical Degree,1,22419,145874,3,Male,33,4,3,Research Director,3,Married,13549,24001,1,Y,No,12,3,1,80,1,16,5,1,4,3,0,3,GlassDoor
54,Current employee,Travel_Rarely,157,Research & Development,10,3,Medical,1,22485,145940,3,Female,33,3,2,Manufacturing Director,1,Single,4440,25198,6,Y,Yes,19,3,4,80,0,9,3,3,5,2,1,4,Jora
54,Current employee,Travel_Rarely,157,Research & Development,10,3,Medical,1,22488,145943,3,Female,33,3,2,Manufacturing Director,1,Single,4440,25198,1,Y,Yes,19,3,4,80,0,9,3,3,5,2,1,4,Jora
54,Current employee,Travel_Rarely,157,Research & Development,10,3,Medical,1,22491,145946,3,Female,33,3,2,Manufacturing Director,1,Single,4440,25198,6,Y,Yes,19,3,4,80,0,9,3,3,5,2,1,4,Jora
54,Current employee,Travel_Rarely,157,Research & Development,10,3,Medical,1,22492,145947,3,Female,33,3,2,Manufacturing Director,1,Single,4440,25198,6,Y,Yes,19,3,4,80,0,9,3,3,5,2,1,4,Jora
54,Current employee,Travel_Rarely,157,Research & Development,10,3,Medical,1,22495,145950,3,Female,33,3,2,Manufacturing Director,1,Single,4440,25198,1,Y,Yes,19,3,4,80,0,9,3,3,5,2,1,4,Jora
54,Current employee,Travel_Rarely,157,Research & Development,10,3,Medical,1,22498,145953,3,Female,33,3,2,Manufacturing Director,1,Single,4440,25198,6,Y,Yes,19,3,4,80,0,9,3,3,5,2,1,4,Jora
57,Current employee,Travel_Rarely,405,Research & Development,1,2,Life Sciences,1,255,123710,4,Female,49,2,2,Laboratory Technician,3,Single,4193,12682,1,Y,No,16,4,4,80,0,5,3,3,5,4,0,3,Jora
57,Current employee,Travel_Rarely,334,Research & Development,24,2,Life Sciences,1,1631,125086,1,Female,42,3,3,Research Director,3,Married,13549,24001,9,Y,No,12,3,1,80,1,16,5,1,4,3,0,3,GlassDoor
57,Current employee,Travel_Rarely,334,Research & Development,24,2,Technical Degree,1,1633,125088,1,Female,42,3,3,Research Director,3,Married,13549,24001,2,Y,No,12,3,1,80,1,16,5,1,4,3,0,3,GlassDoor
57,Current employee,Travel_Rarely,334,Research & Development,24,2,Life Sciences,1,1635,125090,1,Female,42,3,3,Research Director,3,Married,13549,24001,9,Y,No,12,3,1,80,1,16,5,1,4,3,0,3,GlassDoor
57,Current employee,Travel_Rarely,334,Research & Development,24,2,Technical Degree,1,1636,125091,1,Female,42,3,3,Research Director,3,Married,13549,24001,2,Y,No,12,3,1,80,1,16,5,1,4,3,0,3,GlassDoor
57,Current employee,Travel_Rarely,334,Research & Development,24,2,Life Sciences,1,1638,125093,1,Female,42,3,3,Research Director,3,Married,13549,24001,9,Y,No,12,3,1,80,1,16,5,1,4,3,0,3,GlassDoor
57,Current employee,Travel_Rarely,334,Research & Development,24,2,Technical Degree,1,1640,125095,1,Female,42,3,3,Research Director,3,Married,13549,24001,2,Y,No,12,3,1,80,1,16,5,1,4,3,0,3,GlassDoor
57,Current employee,Travel_Rarely,334,Research & Development,24,2,Life Sciences,1,1642,125097,1,Female,42,3,3,Research Director,3,Married,13549,24001,9,Y,No,12,3,1,80,1,16,5,1,4,3,0,3,GlassDoor
57,Current employee,Travel_Rarely,334,Research & Development,24,2,Technical Degree,1,1643,125098,1,Female,42,3,3,Research Director,3,Married,13549,24001,2,Y,No,12,3,1,80,1,16,5,1,4,3,0,3,GlassDoor
57,Current employee,Travel_Rarely,334,Research & Development,24,2,Life Sciences,1,2688,126143,3,Male,83,4,3,Healthcare Representative,4,Divorced,9439,23402,3,Y,Yes,16,3,2,80,1,12,2,1,5,3,1,4,Company Website
57,Current employee,Travel_Rarely,334,Research & Development,24,2,Other,1,2691,126146,3,Male,83,4,3,Healthcare Representative,4,Divorced,9439,23402,0,Y,Yes,16,3,2,80,1,12,2,1,5,3,1,4,Company Website
57,Current employee,Travel_Rarely,334,Research & Development,24,2,Life Sciences,1,2694,126149,3,Male,83,4,3,Healthcare Representative,4,Divorced,9439,23402,3,Y,Yes,16,3,2,80,1,12,2,1,5,3,1,4,Company Website
57,Current employee,Travel_Rarely,334,Research & Development,24,2,Other,1,2695,126150,3,Male,83,4,3,Healthcare Representative,4,Divorced,9439,23402,0,Y,Yes,16,3,2,80,1,12,2,1,5,3,1,4,Company Website
57,Current employee,Travel_Rarely,334,Research & Development,24,2,Life Sciences,1,2696,126151,3,Male,83,4,3,Healthcare Representative,4,Divorced,9439,23402,3,Y,Yes,16,3,2,80,1,12,2,1,5,3,1,4,Company Website
57,Current employee,Travel_Rarely,334,Research & Development,24,2,Other,1,2699,126154,3,Male,83,4,3,Healthcare Representative,4,Divorced,9439,23402,0,Y,Yes,16,3,2,80,1,12,2,1,5,3,1,4,Company Website
57,Current employee,Travel_Rarely,334,Research & Development,24,2,Life Sciences,1,2702,126157,3,Male,83,4,3,Healthcare Representative,4,Divorced,9439,23402,3,Y,Yes,16,3,2,80,1,12,2,1,5,3,1,4,Company Website
57,Current employee,Travel_Rarely,334,Research & Development,24,2,Other,1,2703,126158,3,Male,83,4,3,Healthcare Representative,4,Divorced,9439,23402,0,Y,Yes,16,3,2,80,1,12,2,1,5,3,1,4,Company Website
57,Current employee,Travel_Rarely,593,Research & Development,1,4,Medical,1,5828,129283,4,Male,88,3,2,Healthcare Representative,3,Married,6755,2967,2,Y,No,11,3,3,80,0,15,2,3,3,2,1,2,Company Website
57,Current employee,Travel_Rarely,593,Research & Development,1,4,Life Sciences,1,5830,129285,4,Male,88,3,2,Healthcare Representative,3,Married,6755,2967,0,Y,No,11,3,3,80,0,,2,3,3,2,1,2,Company Website
57,Current employee,Travel_Rarely,593,Research & Development,1,4,Medical,1,5834,129289,4,Male,88,3,2,Healthcare Representative,3,Married,6755,2967,2,Y,No,11,3,3,80,0,15,2,3,3,2,1,2,Company Website
57,Current employee,Travel_Rarely,593,Research & Development,1,4,Life Sciences,1,5835,129290,4,Male,88,3,2,Healthcare Representative,3,Married,6755,2967,0,Y,No,11,3,3,80,0,15,2,3,3,2,1,2,Company Website
57,Current employee,Travel_Rarely,593,Research & Development,1,4,Medical,1,5836,129291,4,Male,88,3,2,Healthcare Representative,3,Married,6755,2967,2,Y,No,11,3,3,80,0,15,2,3,3,2,1,2,Company Website
57,Current employee,Travel_Rarely,593,Research & Development,1,4,Life Sciences,1,5838,129293,4,Male,88,3,2,Healthcare Representative,3,Married,6755,2967,0,Y,No,11,3,3,80,0,15,2,3,3,2,1,2,Company Website
57,Current employee,Travel_Rarely,593,Research & Development,1,4,Medical,1,5842,129297,4,Male,88,3,2,Healthcare Representative,3,Married,6755,2967,2,Y,No,11,3,3,80,0,15,2,3,3,2,1,2,Company Website
57,Current employee,Travel_Rarely,593,Research & Development,1,4,Life Sciences,1,5843,129298,4,Male,88,3,2,Healthcare Representative,3,Married,6755,2967,0,Y,No,11,3,3,80,0,15,2,3,3,2,1,2,Company Website
57,Current employee,Travel_Rarely,210,Sales,29,3,Marketing,1,6836,130291,1,Male,56,2,4,Manager,4,Divorced,14118,22102,3,Y,No,12,3,3,80,1,32,3,2,1,0,0,0,Jora
57,Current employee,Travel_Rarely,210,Sales,29,3,Technical Degree,1,6839,130294,1,Male,56,2,4,Manager,4,Divorced,14118,22102,1,Y,No,12,3,3,80,1,32,3,2,1,0,0,0,Jora
57,Current employee,Travel_Rarely,210,Sales,29,3,Marketing,1,6842,130297,1,Male,56,2,4,Manager,4,Divorced,14118,22102,3,Y,No,12,3,3,80,1,32,3,2,1,0,0,0,Jora
57,Current employee,Travel_Rarely,210,Sales,29,3,Technical Degree,1,6843,130298,1,Male,56,2,4,Manager,4,Divorced,14118,22102,1,Y,No,12,3,3,80,1,32,3,2,1,0,0,0,Jora
57,Current employee,Travel_Rarely,210,Sales,29,3,Technical Degree,1,6846,130301,1,Male,56,2,4,Manager,4,Divorced,14118,22102,1,Y,No,12,3,3,80,1,32,3,2,1,0,0,0,Jora
57,Current employee,Travel_Rarely,210,Sales,29,3,Marketing,1,6849,130304,1,Male,56,2,4,Manager,4,Divorced,14118,22102,3,Y,No,12,3,3,80,1,32,3,2,1,0,0,0,Jora
57,Current employee,Travel_Rarely,210,Sales,29,3,Technical Degree,1,6850,130305,1,Male,56,2,4,Manager,4,Divorced,14118,22102,1,Y,No,12,3,3,80,1,32,3,2,1,0,0,0,Jora
57,Current employee,Travel_Rarely,405,Research & Development,1,2,Life Sciences,1,7406,130861,2,Female,57,3,2,Sales Executive,3,Single,4859,6698,1,Y,No,16,4,4,80,0,5,3,3,5,4,0,3,Jora
57,Current employee,Travel_Rarely,405,Research & Development,1,2,Life Sciences,1,7408,130863,2,Female,57,3,2,Sales Executive,3,Single,4859,6698,4,Y,No,16,3,4,80,0,5,3,3,5,4,0,3,Jora
57,Current employee,Travel_Rarely,405,Research & Development,1,2,Life Sciences,1,7411,130866,2,Female,57,3,2,Sales Executive,3,Single,4859,6698,1,Y,No,16,3,4,80,0,5,3,3,5,4,0,3,Jora
57,Current employee,Travel_Rarely,405,Research & Development,1,2,Life Sciences,1,7412,130867,2,Female,57,3,2,Sales Executive,3,Single,4859,6698,4,Y,No,16,3,4,80,0,5,3,3,5,4,0,3,Jora
57,Current employee,Travel_Rarely,405,Research & Development,1,2,Life Sciences,1,7415,130870,2,Female,57,3,2,Sales Executive,3,Single,4859,6698,4,Y,No,16,3,4,80,0,5,3,3,5,4,0,3,Jora
57,Current employee,Travel_Rarely,405,Research & Development,1,2,Life Sciences,1,7418,130873,2,Female,57,3,2,Sales Executive,3,Single,4859,6698,1,Y,No,16,3,4,80,0,5,3,3,5,4,0,3,Jora
57,Current employee,Travel_Rarely,405,Research & Development,1,2,Life Sciences,1,7419,130874,2,Female,57,3,2,Sales Executive,3,Single,4859,6698,4,Y,No,16,3,4,80,0,5,3,3,5,4,0,3,Jora
57,Current employee,Travel_Rarely,210,Sales,29,3,Marketing,1,10940,134395,3,Female,66,3,3,Research Director,1,Married,13582,16292,1,Y,No,13,3,2,80,1,15,3,3,15,12,5,11,Indeed
57,Current employee,Travel_Rarely,210,Sales,29,3,Technical Degree,1,10942,134397,3,Female,66,3,3,Research Director,1,Married,13582,16292,2,Y,No,13,4,2,80,1,15,3,3,15,12,5,11,Indeed
57,Current employee,Travel_Rarely,210,Sales,29,3,Marketing,1,10945,134400,3,Female,66,3,3,Research Director,1,Married,13582,16292,1,Y,No,13,3,2,80,1,15,3,3,15,12,5,11,Indeed
57,Current employee,Travel_Rarely,210,Sales,29,3,Technical Degree,1,10946,134401,3,Female,66,3,3,Research Director,1,Married,13582,16292,2,Y,No,13,3,2,80,1,15,3,3,15,12,5,11,Indeed
57,Current employee,Travel_Rarely,210,Sales,29,3,Marketing,1,10948,134403,3,Female,66,3,3,Research Director,1,Married,13582,16292,1,Y,No,13,3,2,80,1,15,3,3,15,12,5,11,Indeed
57,Current employee,Travel_Rarely,210,Sales,29,3,Technical Degree,1,10950,134405,3,Female,66,3,3,Research Director,1,Married,13582,16292,2,Y,No,13,4,2,80,1,15,3,3,15,12,5,11,Indeed
57,Current employee,Travel_Rarely,210,Sales,29,3,Marketing,1,10953,134408,3,Female,66,3,3,Research Director,1,Married,13582,16292,1,Y,No,13,3,2,80,1,15,3,3,15,12,5,11,Indeed
57,Current employee,Travel_Rarely,210,Sales,29,3,Technical Degree,1,10954,134409,3,Female,66,3,3,Research Director,1,Married,13582,16292,2,Y,No,13,3,2,80,1,15,3,3,15,12,5,11,Indeed
57,Current employee,Travel_Rarely,593,Research & Development,1,4,Medical,1,14658,138113,3,Female,78,2,1,Laboratory Technician,3,Single,2625,25308,1,Y,No,20,3,3,80,0,2,2,1,2,2,2,2,Indeed
57,Current employee,Travel_Rarely,593,Research & Development,1,4,Medical,1,14663,138118,3,Female,78,2,1,Laboratory Technician,3,Single,2625,25308,1,Y,No,20,4,3,80,0,2,2,1,2,2,2,2,Indeed
57,Current employee,Travel_Rarely,593,Research & Development,1,4,Life Sciences,1,14664,138119,3,Female,78,2,1,Laboratory Technician,3,Single,2625,25308,1,Y,No,20,4,3,80,0,2,2,1,2,2,2,2,Indeed
57,Current employee,Travel_Rarely,593,Research & Development,1,4,Medical,1,14666,138121,3,Female,78,2,1,Laboratory Technician,3,Single,2625,25308,1,Y,No,20,3,3,80,0,2,2,1,2,2,2,2,Indeed
57,Current employee,Travel_Rarely,593,Research & Development,1,4,Life Sciences,1,14667,138122,3,Female,78,2,1,Laboratory Technician,3,Single,2625,25308,1,Y,No,20,3,3,80,0,2,2,1,2,2,2,2,Indeed
57,Current employee,Travel_Rarely,593,Research & Development,1,4,Medical,1,14671,138126,3,Female,78,2,1,Laboratory Technician,3,Single,2625,25308,1,Y,No,20,4,3,80,0,2,2,1,2,2,2,2,Indeed
57,Current employee,Travel_Rarely,593,Research & Development,1,4,Life Sciences,1,14672,138127,3,Female,78,2,1,Laboratory Technician,3,Single,2625,25308,1,Y,No,20,4,3,80,0,2,2,1,2,2,2,2,Indeed
57,Current employee,Travel_Rarely,405,Research & Development,1,2,Life Sciences,1,16855,140310,2,Male,93,4,2,Research Scientist,3,Married,4900,2721,0,Y,No,24,4,1,80,1,13,2,2,12,9,2,8,Company Website
57,Current employee,Travel_Rarely,405,Research & Development,1,2,Life Sciences,1,16857,140312,2,Male,93,4,2,Research Scientist,3,Married,4900,2721,2,Y,No,24,3,1,80,1,13,2,2,12,9,2,8,Company Website
57,Current employee,Travel_Rarely,405,Research & Development,1,2,Life Sciences,1,16861,140316,2,Male,93,4,2,Research Scientist,3,Married,4900,2721,0,Y,No,24,4,1,80,1,13,2,2,12,9,2,8,Company Website
57,Current employee,Travel_Rarely,405,Research & Development,1,2,Life Sciences,1,16862,140317,2,Male,93,4,2,Research Scientist,3,Married,4900,2721,2,Y,No,24,4,1,80,1,13,2,2,12,9,2,8,Company Website
57,Current employee,Travel_Rarely,405,Research & Development,1,2,Life Sciences,1,16863,140318,2,Male,93,4,2,Research Scientist,3,Married,4900,2721,0,Y,No,24,4,1,80,1,13,2,2,12,9,2,8,Company Website
57,Current employee,Travel_Rarely,405,Research & Development,1,2,Life Sciences,1,16865,140320,2,Male,93,4,2,Research Scientist,3,Married,4900,2721,2,Y,No,24,3,1,80,1,13,2,2,12,9,2,8,Company Website
57,Current employee,Travel_Rarely,405,Research & Development,1,2,Life Sciences,1,16869,140324,2,Male,93,4,2,Research Scientist,3,Married,4900,2721,0,Y,No,24,4,1,80,1,13,2,2,12,9,2,8,Company Website
57,Current employee,Travel_Rarely,405,Research & Development,1,2,Life Sciences,1,16870,140325,2,Male,93,4,2,Research Scientist,3,Married,4900,2721,2,Y,No,24,4,1,80,1,13,2,2,12,9,2,8,Company Website
57,,Travel_Rarely,593,Research & Development,1,4,Life Sciences,1,14659,138114,3,Female,78,2,1,Laboratory Technician,3,Single,2625,25308,1,Y,No,20,3,3,80,0,2,2,1,2,2,,2,Indeed
60,Current employee,Travel_Rarely,422,Research & Development,7,3,Life Sciences,1,3189,126644,1,Male,46,2,4,Manager,4,Married,16792,20462,9,Y,No,23,3,4,80,1,22,1,3,20,8,11,8,Jora
60,Current employee,Travel_Rarely,422,Research & Development,7,3,Marketing,1,3191,126646,1,Male,46,2,4,Manager,4,Married,16792,20462,1,Y,No,23,3,4,80,1,22,1,3,20,8,11,8,Jora
60,Current employee,Travel_Rarely,422,Research & Development,7,3,Life Sciences,1,3194,126649,1,Male,46,2,4,Manager,4,Married,16792,20462,9,Y,No,23,4,4,80,1,16,2,3,16,15,1,10,Jora
60,Current employee,Travel_Rarely,422,Research & Development,7,3,Marketing,1,3195,126650,1,Male,46,2,4,Manager,4,Married,16792,20462,1,Y,No,23,4,4,80,1,22,1,3,20,8,11,8,Jora
60,Current employee,Travel_Rarely,422,Research & Development,7,3,Life Sciences,1,3197,126652,1,Male,46,2,4,Manager,4,Married,16792,20462,9,Y,No,23,3,4,80,1,22,1,3,20,8,11,8,Jora
60,Current employee,Travel_Rarely,422,Research & Development,7,3,Marketing,1,3199,126654,1,Male,46,2,4,Manager,4,Married,16792,20462,1,Y,No,23,3,4,80,1,22,1,3,20,8,11,8,Jora
60,Current employee,Travel_Rarely,422,Research & Development,7,3,Life Sciences,1,3202,126657,1,Male,46,2,4,Manager,4,Married,16792,20462,9,Y,No,23,4,4,80,1,16,2,3,16,15,1,10,Jora
60,Current employee,Travel_Rarely,422,Research & Development,7,3,Marketing,1,3203,126658,1,Male,46,2,4,Manager,4,Married,16792,20462,1,Y,No,23,4,4,80,1,22,1,3,20,8,11,8,Jora
60,Current employee,Travel_Rarely,422,Research & Development,7,3,Life Sciences,1,6641,130096,1,Female,41,3,5,Manager,1,Married,19566,3854,5,Y,No,11,3,4,80,0,33,5,1,29,8,11,10,Indeed
60,Current employee,Travel_Rarely,422,Research & Development,7,3,Marketing,1,6643,130098,1,Female,41,3,5,Manager,1,Married,19566,3854,1,Y,No,11,3,4,80,0,33,5,1,29,8,11,10,Indeed
60,Current employee,Travel_Rarely,422,Research & Development,7,3,Life Sciences,1,6647,130102,1,Female,41,3,5,Manager,1,Divorced,19566,3854,5,Y,No,11,3,4,80,0,16,6,3,11,8,3,9,Indeed
60,Current employee,Travel_Rarely,422,Research & Development,7,3,Marketing,1,6648,130103,1,Female,41,3,5,Manager,1,Single,19566,3854,1,Y,No,11,3,4,80,0,33,5,1,29,8,11,10,Indeed
60,Current employee,Travel_Rarely,422,Research & Development,7,3,Marketing,1,6650,130105,1,Female,41,3,5,Manager,1,Married,19566,3854,1,Y,No,11,3,4,80,0,33,5,1,29,8,11,10,Indeed
60,Current employee,Travel_Rarely,422,Research & Development,7,3,Life Sciences,1,6654,130109,1,Female,41,3,5,Manager,1,Divorced,19566,3854,5,Y,No,11,3,4,80,0,16,6,3,11,8,3,9,Indeed
60,Current employee,Travel_Rarely,422,Research & Development,7,3,Marketing,1,6655,130110,1,Female,41,3,5,Manager,1,Single,19566,3854,1,Y,No,11,3,4,80,0,33,5,1,29,8,11,10,Indeed
60,Current employee,Travel_Frequently,1499,Sales,28,3,Marketing,1,6881,130336,3,Female,80,2,3,Sales Executive,1,Married,10266,2845,4,Y,No,19,4,4,80,0,22,5,4,18,13,13,11,Adzuna
60,Current employee,Travel_Frequently,1499,Sales,28,3,Technical Degree,1,6884,130339,3,Female,80,2,3,Sales Executive,1,Married,10266,2845,8,Y,No,19,4,4,80,0,22,5,4,18,13,13,11,Adzuna
60,Current employee,Travel_Frequently,1499,Sales,28,3,Marketing,1,6887,130342,3,Female,80,2,3,Sales Executive,1,Divorced,10266,2845,4,Y,No,19,3,4,80,0,0,0,3,0,0,0,0,Adzuna
60,Current employee,Travel_Frequently,1499,Sales,28,3,Technical Degree,1,6888,130343,3,Female,80,2,3,Sales Executive,1,Married,10266,2845,8,Y,No,19,3,4,80,0,22,5,4,18,13,13,11,Adzuna
60,Current employee,Travel_Frequently,1499,Sales,28,3,Technical Degree,1,6891,130346,3,Female,80,2,3,Sales Executive,1,Married,10266,2845,8,Y,No,19,4,4,80,0,22,5,4,18,13,13,11,Adzuna
60,Current employee,Travel_Frequently,1499,Sales,28,3,Marketing,1,6894,130349,3,Female,80,2,3,Sales Executive,1,Divorced,10266,2845,4,Y,No,19,3,4,80,0,0,0,3,0,0,0,0,Adzuna
60,Current employee,Travel_Frequently,1499,Sales,28,3,Technical Degree,1,6895,130350,3,Female,80,2,3,Sales Executive,1,Married,10266,2845,8,Y,No,19,3,4,80,0,22,5,4,18,13,13,11,Adzuna
60,Current employee,Travel_Rarely,1179,Sales,16,4,Marketing,1,8602,132057,1,Male,84,3,2,Sales Executive,1,Single,5405,11924,8,Y,No,14,3,4,80,0,10,1,3,2,2,2,2,Indeed
60,Current employee,Travel_Rarely,1179,Sales,16,4,Medical,1,8605,132060,1,Male,84,3,2,Sales Executive,1,Single,5405,11924,7,Y,No,14,4,4,80,0,10,1,3,2,2,2,2,Indeed
60,Current employee,Travel_Rarely,1179,Sales,16,4,Marketing,1,8608,132063,1,Male,84,3,2,Sales Executive,1,Married,5405,11924,8,Y,No,14,3,4,80,0,14,6,3,14,11,2,13,Indeed
60,Current employee,Travel_Rarely,1179,Sales,16,4,Medical,1,8609,132064,1,Male,84,3,2,Sales Executive,1,Single,5405,11924,7,Y,No,14,3,4,80,0,10,1,3,2,2,2,2,Indeed
60,Current employee,Travel_Rarely,1179,Sales,16,4,Marketing,1,8610,132065,1,Male,84,3,2,Sales Executive,1,Single,5405,11924,8,Y,No,14,3,4,80,0,10,1,3,2,2,2,2,Indeed
60,Current employee,Travel_Rarely,1179,Sales,16,4,Marketing,1,8611,132066,1,Male,84,3,2,Sales Executive,1,Single,5405,11924,1,Y,No,12,3,3,80,1,4,1,3,4,3,0,3,Company Website
60,Current employee,Travel_Rarely,1179,Sales,16,4,Marketing,1,8612,132067,1,Male,84,3,2,Sales Executive,1,Single,5405,11924,7,Y,No,13,3,4,80,0,10,3,3,5,2,0,3,Recruit.net
60,Current employee,Travel_Rarely,1179,Sales,16,4,Medical,1,8615,132070,1,Male,84,3,2,Sales Executive,1,Single,5405,11924,7,Y,No,14,4,4,80,0,10,1,3,2,2,2,2,Indeed
60,Current employee,Travel_Rarely,1179,Sales,16,4,Marketing,1,8617,132072,1,Male,84,3,2,Sales Executive,1,Married,5405,11924,8,Y,No,14,3,4,80,0,14,6,3,14,11,2,13,Indeed
60,Current employee,Travel_Rarely,1179,Sales,16,4,Medical,1,8618,132073,1,Male,84,3,2,Sales Executive,1,Single,5405,11924,7,Y,No,14,3,4,80,0,10,1,3,2,2,2,2,Indeed
60,Current employee,Travel_Frequently,1499,Sales,28,3,Marketing,1,10956,134411,3,Female,67,2,1,Laboratory Technician,2,Married,2332,3974,6,Y,No,20,3,3,80,0,5,3,3,3,0,0,2,Jora
60,Current employee,Travel_Frequently,1499,Sales,28,3,Technical Degree,1,10958,134413,3,Female,67,2,1,Laboratory Technician,2,Married,2332,3974,1,Y,No,20,3,3,80,0,5,3,3,3,0,0,2,Jora
60,Current employee,Travel_Frequently,1499,Sales,28,3,Marketing,1,10961,134416,3,Female,67,2,1,Laboratory Technician,2,Married,2332,3974,6,Y,No,20,4,3,80,0,0,2,3,0,0,0,0,Jora
60,Current employee,Travel_Frequently,1499,Sales,28,3,Technical Degree,1,10962,134417,3,Female,67,2,1,Laboratory Technician,2,Married,2332,3974,1,Y,No,20,4,3,80,0,5,3,3,3,0,0,2,Jora
60,Current employee,Travel_Frequently,1499,Sales,28,3,Marketing,1,10964,134419,3,Female,67,2,1,Laboratory Technician,2,Married,2332,3974,6,Y,No,20,3,3,80,0,5,3,3,3,0,0,2,Jora
60,Current employee,Travel_Frequently,1499,Sales,28,3,Technical Degree,1,10966,134421,3,Female,67,2,1,Laboratory Technician,2,Married,2332,3974,1,Y,No,20,3,3,80,0,5,3,3,3,0,0,2,Jora
60,Current employee,Travel_Frequently,1499,Sales,28,3,Marketing,1,10969,134424,3,Female,67,2,1,Laboratory Technician,2,Married,2332,3974,6,Y,No,20,4,3,80,0,0,2,3,0,0,0,0,Jora
60,Current employee,Travel_Frequently,1499,Sales,28,3,Technical Degree,1,10970,134425,3,Female,67,2,1,Laboratory Technician,2,Married,2332,3974,1,Y,No,20,4,3,80,0,5,3,3,3,0,0,2,Jora
60,Current employee,Travel_Rarely,1179,Sales,16,4,Marketing,1,11179,134634,3,Male,67,3,2,Laboratory Technician,2,Married,4447,23163,1,Y,No,12,3,2,80,0,9,5,2,9,7,0,8,Company Website
60,Current employee,Travel_Rarely,1179,Sales,16,4,Medical,1,11181,134636,3,Male,67,3,2,Laboratory Technician,2,Married,4447,23163,1,Y,No,12,3,2,80,0,9,5,2,9,7,0,8,Company Website
60,Current employee,Travel_Rarely,1179,Sales,16,4,Marketing,1,11184,134639,3,Male,67,3,2,Laboratory Technician,2,Single,4447,23163,1,Y,No,12,3,2,80,0,5,4,2,3,2,2,2,Company Website
60,Current employee,Travel_Rarely,1179,Sales,16,4,Medical,1,11185,134640,3,Male,67,3,2,Laboratory Technician,2,Single,4447,23163,1,Y,No,12,3,2,80,0,9,5,2,9,7,0,8,Company Website
60,Current employee,Travel_Rarely,1179,Sales,16,4,Marketing,1,11187,134642,3,Male,67,3,2,Laboratory Technician,2,Married,4447,23163,1,Y,No,12,3,2,80,0,9,5,2,9,7,0,8,Company Website
60,Current employee,Travel_Rarely,1179,Sales,16,4,Medical,1,11189,134644,3,Male,67,3,2,Laboratory Technician,2,Married,4447,23163,1,Y,No,12,3,2,80,0,9,5,2,9,7,0,8,Company Website
60,Current employee,Travel_Rarely,1179,Sales,16,4,Marketing,1,11192,134647,3,Male,67,3,2,Laboratory Technician,2,Single,4447,23163,1,Y,No,12,3,2,80,0,5,4,2,3,2,2,2,Company Website
60,Current employee,Travel_Rarely,1179,Sales,16,4,Medical,1,11193,134648,3,Male,67,3,2,Laboratory Technician,2,Single,4447,23163,1,Y,No,12,3,2,80,0,9,5,2,9,7,0,8,Company Website
60,Current employee,Travel_Rarely,696,Sales,7,4,Marketing,1,11727,135182,3,Female,70,3,1,Laboratory Technician,2,Single,2422,25725,0,Y,No,17,3,1,80,0,4,3,3,3,2,1,2,Jora
60,Current employee,Travel_Rarely,696,Sales,7,4,Marketing,1,11729,135184,3,Female,70,3,1,Laboratory Technician,2,Single,2422,25725,1,Y,No,17,3,1,80,0,4,3,3,3,2,1,2,Jora
60,Current employee,Travel_Rarely,696,Sales,7,4,Marketing,1,11732,135187,3,Female,70,3,1,Laboratory Technician,2,Married,2422,25725,0,Y,No,17,3,1,80,0,4,3,3,3,2,1,2,Jora
60,Current employee,Travel_Rarely,696,Sales,7,4,Marketing,1,11733,135188,3,Female,70,3,1,Laboratory Technician,2,Single,2422,25725,1,Y,No,17,3,1,80,0,4,3,3,3,2,1,2,Jora
60,Current employee,Travel_Rarely,696,Sales,7,4,Marketing,1,11734,135189,3,Female,70,3,1,Laboratory Technician,2,Single,2422,25725,0,Y,No,17,3,1,80,0,4,3,3,3,2,1,2,Jora
60,Current employee,Travel_Rarely,696,Sales,7,4,Marketing,1,11736,135191,3,Female,70,3,1,Laboratory Technician,2,Single,2422,25725,1,Y,No,17,3,1,80,0,4,3,3,3,2,1,2,Jora
60,Current employee,Travel_Rarely,696,Sales,7,4,Marketing,1,11739,135194,3,Female,70,3,1,Laboratory Technician,2,Married,2422,25725,0,Y,No,17,3,1,80,0,4,3,3,3,2,1,2,Jora
60,Current employee,Travel_Rarely,696,Sales,7,4,Marketing,1,11740,135195,3,Female,70,3,1,Laboratory Technician,2,Single,2422,25725,1,Y,No,17,3,1,80,0,4,3,3,3,2,1,2,Jora
60,Current employee,Travel_Rarely,696,Sales,7,4,Marketing,1,14087,137542,2,Male,52,4,2,Sales Executive,4,Divorced,5220,10893,0,Y,Yes,18,3,2,80,1,12,3,3,11,7,1,9,Company Website
60,Current employee,Travel_Rarely,696,Sales,7,4,Marketing,1,14090,137545,2,Male,52,4,2,Sales Executive,4,Divorced,5220,10893,5,Y,Yes,18,3,2,80,1,12,3,3,11,7,1,9,Company Website
60,Current employee,Travel_Rarely,696,Sales,7,4,Marketing,1,14093,137548,2,Male,52,4,2,Sales Executive,4,Married,5220,10893,0,Y,Yes,18,3,2,80,1,16,3,2,14,8,6,9,Company Website
60,Current employee,Travel_Rarely,696,Sales,7,4,Marketing,1,14094,137549,2,Male,52,4,2,Sales Executive,4,Married,5220,10893,5,Y,Yes,18,3,2,80,1,12,3,3,11,7,1,9,Company Website
60,Current employee,Travel_Rarely,696,Sales,7,4,Marketing,1,14095,137550,2,Male,52,4,2,Sales Executive,4,Divorced,5220,10893,0,Y,Yes,18,3,2,80,1,12,3,3,11,7,1,9,Company Website
60,Current employee,Travel_Rarely,696,Sales,7,4,Marketing,1,14098,137553,2,Male,52,4,2,Sales Executive,4,Divorced,5220,10893,5,Y,Yes,18,3,2,80,1,12,3,3,11,7,1,9,Company Website
60,Current employee,Travel_Rarely,696,Sales,7,4,Marketing,1,14101,137556,2,Male,52,4,2,Sales Executive,4,Married,5220,10893,0,Y,Yes,18,3,2,80,1,16,3,2,14,8,6,9,Company Website
60,Current employee,Travel_Rarely,696,Sales,7,4,Marketing,1,14102,137557,2,Male,52,4,2,Sales Executive,4,Married,5220,10893,5,Y,Yes,18,3,2,80,1,12,3,3,11,7,1,9,Company Website
60,Current employee,Travel_Rarely,370,Research & Development,1,4,Medical,1,18808,142263,4,Female,88,3,4,Research Director,2,Married,16413,3498,3,Y,No,16,3,2,80,2,27,2,3,4,2,1,2,Jora
60,Current employee,Travel_Rarely,370,Research & Development,1,4,Life Sciences,1,18809,142264,4,Female,88,3,4,Research Director,2,Married,16413,3498,1,Y,No,16,4,2,80,2,27,2,3,4,2,1,2,Jora
60,Current employee,Travel_Rarely,370,Research & Development,1,4,Medical,1,18813,142268,4,Female,88,3,4,Research Director,2,Single,16413,3498,3,Y,No,16,3,2,80,2,27,2,3,4,2,1,2,Jora
60,Current employee,Travel_Rarely,370,Research & Development,1,4,Life Sciences,1,18814,142269,4,Female,88,3,4,Research Director,2,Married,16413,3498,1,Y,No,16,3,2,80,2,27,2,3,4,2,1,2,Jora
60,Current employee,Travel_Rarely,370,Research & Development,1,4,Medical,1,18816,142271,4,Female,88,3,4,Research Director,2,Married,16413,3498,3,Y,No,16,3,2,80,2,27,2,3,4,2,1,2,Jora
60,Current employee,Travel_Rarely,370,Research & Development,1,4,Life Sciences,1,18817,142272,4,Female,88,3,4,Research Director,2,Married,16413,3498,1,Y,No,16,4,2,80,2,27,2,3,4,2,1,2,Jora
60,Current employee,Travel_Rarely,370,Research & Development,1,4,Medical,1,18821,142276,4,Female,88,3,4,Research Director,2,Single,16413,3498,3,Y,No,16,3,2,80,2,27,2,3,4,2,1,2,Jora
60,Current employee,Travel_Rarely,370,Research & Development,1,4,Life Sciences,1,18822,142277,4,Female,88,3,4,Research Director,2,Married,16413,3498,1,Y,No,16,3,2,80,2,27,2,3,4,2,1,2,Jora
60,Current employee,Travel_Rarely,370,Research & Development,1,4,Medical,1,19330,142785,3,Male,92,1,3,Healthcare Representative,4,Divorced,10883,20467,3,Y,No,20,3,3,80,1,19,2,4,1,0,0,0,Company Website
60,Current employee,Travel_Rarely,370,Research & Development,1,4,Life Sciences,1,19332,142787,3,Male,92,1,3,Healthcare Representative,4,Divorced,10883,20467,0,Y,No,20,3,3,80,1,19,2,4,1,0,0,0,Company Website
60,Current employee,Travel_Rarely,370,Research & Development,1,4,Medical,1,19336,142791,3,Male,92,1,3,Healthcare Representative,4,Single,10883,20467,3,Y,No,20,4,3,80,1,20,2,3,20,7,2,13,Company Website
60,Current employee,Travel_Rarely,370,Research & Development,1,4,Life Sciences,1,19337,142792,3,Male,92,1,3,Healthcare Representative,4,Divorced,10883,20467,0,Y,No,20,4,3,80,1,19,2,4,1,0,0,0,Company Website
60,Current employee,Travel_Rarely,370,Research & Development,1,4,Medical,1,19338,142793,3,Male,92,1,3,Healthcare Representative,4,Divorced,10883,20467,3,Y,No,20,3,3,80,1,19,2,4,1,0,0,0,Company Website
60,Current employee,Travel_Rarely,370,Research & Development,1,4,Life Sciences,1,19340,142795,3,Male,92,1,3,Healthcare Representative,4,Divorced,10883,20467,0,Y,No,20,3,3,80,1,19,2,4,1,0,0,0,Company Website
60,Current employee,Travel_Rarely,370,Research & Development,1,4,Medical,1,19344,142799,3,Male,92,1,3,Healthcare Representative,4,Single,10883,20467,3,Y,No,20,4,3,80,1,20,2,3,20,7,2,13,Company Website
60,Current employee,Travel_Rarely,370,Research & Development,1,4,Life Sciences,1,19345,142800,3,Male,92,1,3,Healthcare Representative,4,Divorced,10883,20467,0,Y,No,20,4,3,80,1,19,2,4,1,0,0,0,Company Website
,Voluntary Resignation,Travel_Frequently,1009,Research & Development,1,3,Life Sciences,1,16794,140249,4,Male,83,3,2,Sales Executive,3,Married,5301,2939,4,Y,No,15,3,3,80,2,4,2,2,2,1,2,2,Adzuna
,Current employee,Travel_Rarely,1354,Research & Development,5,3,Medical,1,1956,125411,3,Female,45,2,3,Manager,1,Single,11631,5615,2,Y,No,12,3,4,80,0,14,6,3,11,10,5,8,Indeed
,Current employee,Non-Travel,1142,Research & Development,8,2,Life Sciences,1,17587,141042,4,Male,72,3,2,Healthcare Representative,4,Divorced,4069,8841,3,Y,Yes,18,3,3,80,0,8,2,3,2,2,2,2,Recruit.net
